moneda,fecha,PC,score,score_z
usdpen,2025-02-04,PC1,-0.26670461846961924,-0.050024937464393224
usdpen,2025-02-05,PC1,0.023889729426534743,0.004480920605954113
usdpen,2025-02-06,PC1,-2.4303935402469232,-0.45586119041491885
usdpen,2025-02-07,PC1,-0.47529713176237,-0.08914997209216476
usdpen,2025-02-10,PC1,-2.8338490724646546,-0.5315360620563131
usdpen,2025-02-11,PC1,-2.5046545150168678,-0.46979008538579664
usdpen,2025-02-12,PC1,-2.299260121279424,-0.43126491187657606
usdpen,2025-02-13,PC1,-1.9733105190672298,-0.37012758114427663
usdpen,2025-02-14,PC1,-1.9196674865847916,-0.36006592806630394
usdpen,2025-02-17,PC1,-9.123356616428847,-1.7112389984885061
usdpen,2025-02-18,PC1,-11.572697777683384,-2.170654133943611
usdpen,2025-02-19,PC1,-2.4116793719989587,-0.4523510333667416
usdpen,2025-02-20,PC1,-3.4710165613819526,-0.6510475424736013
usdpen,2025-02-21,PC1,-3.268548848447658,-0.6130713171790606
usdpen,2025-02-24,PC1,-2.1944808397324493,-0.411611795117563
usdpen,2025-02-25,PC1,-2.91224380370695,-0.5462403125879943
usdpen,2025-02-26,PC1,2.1853334652829113,0.40989605117046785
usdpen,2025-02-27,PC1,0.6211994528889967,0.11651640665992859
usdpen,2025-02-28,PC1,-0.2443407351894904,-0.04583021496963871
usdpen,2025-03-03,PC1,-0.30275381995889367,-0.05678657159165407
usdpen,2025-03-04,PC1,-1.0714183687141838,-0.20096253750939286
usdpen,2025-03-05,PC1,0.17391231300348403,0.03262017970370563
usdpen,2025-03-06,PC1,-2.3212810014887153,-0.4353952983756991
usdpen,2025-03-07,PC1,-2.3445480063783535,-0.43975941651983413
usdpen,2025-03-10,PC1,-0.8636074385287985,-0.16198410194051105
usdpen,2025-03-11,PC1,-1.7979882923507817,-0.3372429484073766
usdpen,2025-03-12,PC1,-2.073666126552552,-0.3889509634218741
usdpen,2025-03-13,PC1,-2.088149501062146,-0.39166756393773045
usdpen,2025-03-14,PC1,-2.1646366803245143,-0.4060140210084154
usdpen,2025-03-17,PC1,-2.6320447112189775,-0.493684259529291
usdpen,2025-03-18,PC1,-2.4505128384983905,-0.45963490323111356
usdpen,2025-03-19,PC1,-1.9547608312851126,-0.3666482751742147
usdpen,2025-03-20,PC1,-7.412428772263354,-1.3903257015925348
usdpen,2025-03-21,PC1,-6.767225592270319,-1.2693069921446674
usdpen,2025-03-24,PC1,-8.387243061243108,-1.5731685189589086
usdpen,2025-03-25,PC1,0.15033723892764148,0.028198278001629176
usdpen,2025-03-26,PC1,0.42426216567805497,0.07957750573775796
usdpen,2025-03-27,PC1,2.5863468176804796,0.48511285090639045
usdpen,2025-03-28,PC1,3.4294734693355235,0.6432554367589531
usdpen,2025-03-31,PC1,3.681499340104005,0.6905271281790201
usdpen,2025-04-01,PC1,3.797048511968304,0.7122003190286657
usdpen,2025-04-02,PC1,4.214010475036627,0.7904085489693836
usdpen,2025-04-03,PC1,3.8897437099920062,0.7295868626550688
usdpen,2025-04-04,PC1,3.894136670763006,0.7304108363421905
usdpen,2025-04-07,PC1,2.5346233864553893,0.47541125133407663
usdpen,2025-04-08,PC1,2.8775229675823946,0.5397278357294797
usdpen,2025-04-09,PC1,2.858416059202155,0.5361440136631653
usdpen,2025-04-10,PC1,1.475429356705269,0.2767415942244677
usdpen,2025-04-11,PC1,5.187598114708272,0.9730212876244063
usdpen,2025-04-14,PC1,-4.817950542418103,-0.9036876675551808
usdpen,2025-04-15,PC1,-5.587701452267913,-1.048067398770007
usdpen,2025-04-16,PC1,-6.916100250356699,-1.2972309385072702
usdpen,2025-04-17,PC1,-6.451944990223063,-1.2101708118578351
usdpen,2025-04-18,PC1,-2.9655148795344766,-0.5562321989386108
usdpen,2025-04-21,PC1,-6.25609103501933,-1.1734351080764744
usdpen,2025-04-22,PC1,-6.509346549562369,-1.2209374398704451
usdpen,2025-04-23,PC1,2.704656610129508,0.5073038425834324
usdpen,2025-04-24,PC1,0.409902158721149,0.07688404488158872
usdpen,2025-04-25,PC1,2.1681970093563208,0.4066818206070527
usdpen,2025-04-28,PC1,0.143147590713902,0.026849738541206328
usdpen,2025-04-29,PC1,0.12500861420999634,0.023447468379996724
usdpen,2025-04-30,PC1,0.5855998353380355,0.10983909956280381
usdpen,2025-05-01,PC1,0.28076801178176636,0.05266276344211401
usdpen,2025-05-02,PC1,0.0794815086670528,0.014908093918507937
usdpen,2025-05-05,PC1,-5.436113443697709,-1.019634517882569
usdpen,2025-05-06,PC1,-5.665074034276591,-1.0625799280192285
usdpen,2025-05-07,PC1,-4.590635776243498,-0.8610509594701533
usdpen,2025-05-08,PC1,-5.876513894228276,-1.1022390304084433
usdpen,2025-05-09,PC1,-4.627745967221857,-0.8680116000231237
usdpen,2025-05-12,PC1,-5.75545401738837,-1.0795322141443924
usdpen,2025-05-13,PC1,-5.780505669804605,-1.0842310729519111
usdpen,2025-05-14,PC1,-5.270324557075893,-0.9885380234418759
usdpen,2025-05-15,PC1,-5.902799736670061,-1.1071693823157123
usdpen,2025-05-16,PC1,-7.139635616750465,-1.3391587565896637
usdpen,2025-05-19,PC1,-7.740367832543823,-1.4518361886504523
usdpen,2025-05-20,PC1,-6.984567941929074,-1.3100732057649314
usdpen,2025-05-21,PC1,-6.882039634690632,-1.2908422971013929
usdpen,2025-05-22,PC1,-6.931099555296005,-1.3000443104537467
usdpen,2025-05-23,PC1,1.466132478170728,0.27499780827140424
usdpen,2025-05-26,PC1,-0.8249130113551263,-0.15472631124048247
usdpen,2025-05-27,PC1,0.35152402252831977,0.06593424345298401
usdpen,2025-05-28,PC1,-0.19920346332945676,-0.037363960372818875
usdpen,2025-05-29,PC1,-2.0819369634940266,-0.3905022980149891
usdpen,2025-05-30,PC1,-1.699941361655232,-0.3188525972962305
usdpen,2025-06-02,PC1,-5.431359235550871,-1.0187427861735232
usdpen,2025-06-03,PC1,-5.722222963565089,-1.073299171016289
usdpen,2025-06-04,PC1,-5.734969102369842,-1.0756899237534518
usdpen,2025-06-05,PC1,-5.854629300003572,-1.0981342066382125
usdpen,2025-06-06,PC1,-4.538826149623107,-0.8513331925015478
usdpen,2025-06-09,PC1,-5.796358587163209,-1.087204554266344
usdpen,2025-06-10,PC1,-4.980527454600238,-0.934181702160704
usdpen,2025-06-11,PC1,-2.892141098938239,-0.5424697121586115
usdpen,2025-06-12,PC1,-3.827778456940411,-0.7179642371202792
usdpen,2025-06-13,PC1,-4.03461364458141,-0.756759655761879
usdpen,2025-06-16,PC1,-3.278431895478471,-0.6149250488936105
usdpen,2025-06-17,PC1,2.522804799069123,0.4731944764679047
usdpen,2025-06-18,PC1,2.0217269993978517,0.3792089064497146
usdpen,2025-06-19,PC1,1.9858011400783393,0.3724704072211461
usdpen,2025-06-20,PC1,2.188607191312095,0.41051009355497986
usdpen,2025-06-23,PC1,1.4909785669600926,0.2796581101628929
usdpen,2025-06-24,PC1,4.987353379162787,0.9354620191321066
usdpen,2025-06-25,PC1,3.234123059882662,0.6066141814533718
usdpen,2025-06-26,PC1,4.084716592773805,0.7661573064830709
usdpen,2025-06-27,PC1,2.7053283591880795,0.5074298404189391
usdpen,2025-06-30,PC1,6.288180478591753,1.179454022998866
usdpen,2025-07-01,PC1,4.497957591210833,0.8436676069163964
usdpen,2025-07-02,PC1,7.562183149036851,1.4184146539927596
usdpen,2025-07-03,PC1,4.55958358528608,0.8552265987234562
usdpen,2025-07-04,PC1,5.127635545913298,0.9617742992093384
usdpen,2025-07-07,PC1,4.193292317905767,0.7865225100968817
usdpen,2025-07-08,PC1,4.382025737909791,0.8219226377261593
usdpen,2025-07-09,PC1,2.0448939784610176,0.38355426306754836
usdpen,2025-07-10,PC1,1.8363434495590119,0.34443710331848554
usdpen,2025-07-11,PC1,1.7775624106090933,0.33341173070051305
usdpen,2025-07-14,PC1,0.9444097787845108,0.17713994004133873
usdpen,2025-07-15,PC1,1.341959481370557,0.251707073992641
usdpen,2025-07-16,PC1,1.9484281670749244,0.3654604774790886
usdpen,2025-07-17,PC1,1.1036300634839802,0.20700438270025404
usdpen,2025-07-18,PC1,-0.08511101267079829,-0.0159640020889735
usdpen,2025-07-21,PC1,0.6882495612855504,0.12909278234762767
usdpen,2025-07-22,PC1,2.4888070497452643,0.4668176267019908
usdpen,2025-07-23,PC1,2.501314441562095,0.46916359842557714
usdpen,2025-07-24,PC1,3.2593781926329926,0.6113512064203172
usdpen,2025-07-25,PC1,4.0015116001586435,0.7505508105169243
usdpen,2025-07-28,PC1,-0.130088663902328,-0.024400317151919666
usdpen,2025-07-29,PC1,0.7097033257748805,0.1331167967539504
usdpen,2025-07-30,PC1,0.7255175602962899,0.13608302245157877
usdpen,2025-07-31,PC1,1.1759435792329984,0.22056799897331503
usdpen,2025-08-01,PC1,1.2871437028995012,0.2414254526776019
usdpen,2025-08-04,PC1,5.701054448322591,1.069328659904421
usdpen,2025-08-05,PC1,3.054237810511769,0.5728736770624786
usdpen,2025-08-06,PC1,3.5962984316925284,0.6745462646317354
usdpen,2025-08-07,PC1,3.28963946399842,0.6170272168933828
usdpen,2025-08-08,PC1,3.349758457127047,0.62830354532346
usdpen,2025-08-11,PC1,3.392923929647369,0.6363999557862434
usdpen,2025-08-12,PC1,3.1823635527607124,0.596905815239765
usdpen,2025-08-13,PC1,3.281654745739306,0.6155295486719813
usdpen,2025-08-14,PC1,1.994208442608005,0.37404733823083036
usdpen,2025-08-15,PC1,2.92936351004104,0.5494514014835888
usdpen,2025-08-18,PC1,-0.10593079833544077,-0.019869103102492125
usdpen,2025-08-19,PC1,-3.426146673665428,-0.6426314402705974
usdpen,2025-08-20,PC1,-2.7596267588257537,-0.5176144186308861
usdpen,2025-08-21,PC1,-3.1650786113046077,-0.5936637337175967
usdpen,2025-08-22,PC1,-2.7367580846976765,-0.5133250141214514
usdpen,2025-08-25,PC1,-3.5298785394371563,-0.6620880965822564
usdpen,2025-08-26,PC1,4.902997194716245,0.9196395977736486
usdpen,2025-08-27,PC1,5.421657159638021,1.0169229986362838
usdpen,2025-08-28,PC1,4.806796131615552,0.9015954701794783
usdpen,2025-08-29,PC1,4.63173840494555,0.8687604488754764
usdpen,2025-09-01,PC1,4.671491685013625,0.8762168452469419
usdpen,2025-09-02,PC1,3.5189975649440086,0.6600471867858878
usdpen,2025-09-03,PC1,4.320354780367708,0.8103552122645589
usdpen,2025-09-04,PC1,2.9242685271366224,0.5484957517365461
usdpen,2025-09-05,PC1,3.0095582511880385,0.56449327415108
usdpen,2025-09-08,PC1,-3.098753853036528,-0.5812234096476946
usdpen,2025-09-09,PC1,-1.708792721988625,-0.3205128188165535
usdpen,2025-09-10,PC1,-1.8967165175664515,-0.3557610877659082
usdpen,2025-09-11,PC1,-1.184878598725577,-0.2222439121761842
usdpen,2025-09-12,PC1,-3.470845718488274,-0.651015498015123
usdpen,2025-09-15,PC1,-3.4801923596340627,-0.6527686177829889
usdpen,2025-09-16,PC1,-3.492371272759093,-0.6550529778025486
usdpen,2025-09-17,PC1,-2.3782249329764635,-0.44607609058693626
usdpen,2025-09-18,PC1,-2.2347526858716305,-0.4191654572785266
usdpen,2025-09-19,PC1,-2.171632191019349,-0.4073261467115571
usdpen,2025-09-22,PC1,-1.240573615996716,-0.23269044951796028
usdpen,2025-09-23,PC1,-1.085582595573452,-0.20361927651500958
usdpen,2025-09-24,PC1,-1.1640224259501353,-0.2183319861479632
usdpen,2025-09-25,PC1,-1.0979678020581614,-0.20594233032426246
usdpen,2025-09-26,PC1,-1.0110815595747384,-0.18964535402257746
usdpen,2025-09-29,PC1,-2.1952481751735204,-0.4117557217869775
usdpen,2025-09-30,PC1,-2.196845338357148,-0.4120552966081405
usdpen,2025-10-01,PC1,-1.8394888481075569,-0.34502707572539204
usdpen,2025-10-02,PC1,-2.0322645639976837,-0.38118540394405287
usdpen,2025-10-03,PC1,-1.4188014944077378,-0.26612008610649374
usdpen,2025-10-06,PC1,-0.949730779701487,-0.17813798326851324
usdpen,2025-10-07,PC1,1.2270819778611644,0.23015986584117212
usdpen,2025-10-08,PC1,-3.176017842351651,-0.5957155705105889
usdpen,2025-10-09,PC1,0.24434033746438039,0.04583014036960395
usdpen,2025-10-10,PC1,-2.4710224058055426,-0.4634818175734646
usdpen,2025-10-13,PC1,-4.853228706243693,-0.9103046805989006
usdpen,2025-10-14,PC1,-5.690817558171374,-1.067408558960602
usdpen,2025-10-15,PC1,-1.7912060112703991,-0.3359708175051863
usdpen,2025-10-16,PC1,-3.5153991059105154,-0.6593722352640448
usdpen,2025-10-17,PC1,-2.0561675903888506,-0.38566881861939367
usdpen,2025-10-20,PC1,-3.9138471367244945,-0.7341078657853828
usdpen,2025-10-21,PC1,-2.2181201359529337,-0.4160457427631554
usdpen,2025-10-22,PC1,-2.6197269060812713,-0.49137384797643474
usdpen,2025-10-23,PC1,-2.024753239438341,-0.37977652867405576
usdpen,2025-10-24,PC1,-0.8478354333539296,-0.15902579706717127
usdpen,2025-10-27,PC1,-0.4460221559175212,-0.08365895793457903
usdpen,2025-10-28,PC1,-2.1423120228043104,-0.401826655964756
usdpen,2025-10-29,PC1,-1.7582433606270942,-0.3297881179083295
usdpen,2025-10-30,PC1,-3.636481262477546,-0.6820832304656879
usdpen,2025-10-31,PC1,-4.010472727225729,-0.752231620634551
usdpen,2025-11-03,PC1,-3.9553782644528708,-0.7418977273909267
usdpen,2025-11-04,PC1,-3.466749462647626,-0.6502471763285982
usdpen,2025-11-05,PC1,-2.725696658752061,-0.511250257619777
usdpen,2025-11-06,PC1,-5.7279118334279655,-1.0743662142522346
usdpen,2025-11-07,PC1,-0.6057390315516237,-0.11361654457650053
usdpen,2025-11-10,PC1,-1.4625977696746595,-0.27433481423521067
usdpen,2025-11-11,PC1,-5.27867037745363,-0.9901034224397672
usdpen,2025-11-12,PC1,-4.068807432791665,-0.7631732759185302
usdpen,2025-11-13,PC1,-3.9520442776747053,-0.7412723820892899
usdpen,2025-11-14,PC1,-4.902262496200196,-0.919501792708512
usdpen,2025-11-17,PC1,-2.2119716882641858,-0.4148924979753538
usdpen,2025-11-18,PC1,-2.526314731095075,-0.4738528232603602
usdpen,2025-11-19,PC1,-3.2147506184281167,-0.6029805541924078
usdpen,2025-11-20,PC1,-3.655082557796512,-0.6855722162973823
usdpen,2025-11-21,PC1,-6.25475288777752,-1.1731841160521375
usdpen,2025-11-24,PC1,-4.588288612043162,-0.8606107093424495
usdpen,2025-11-25,PC1,-3.5102813170157736,-0.6584123078698944
usdpen,2025-11-26,PC1,-0.5477606752840741,-0.10274172859762816
usdpen,2025-11-27,PC1,3.1842638821302467,0.5972622539786897
usdpen,2025-11-28,PC1,6.928207117757532,1.2995017851393664
usdpen,2025-12-01,PC1,5.990144710764347,1.1235524014473939
usdpen,2025-12-02,PC1,5.857758940508717,1.0987212233590107
usdpen,2025-12-03,PC1,7.709076360752258,1.445966946758339
usdpen,2025-12-04,PC1,12.926122713547546,2.424511746788315
usdpen,2025-12-05,PC1,5.209196809811526,0.9770724862052658
usdpen,2025-12-08,PC1,5.898939646635419,1.106445357498677
usdpen,2025-12-09,PC1,4.874384790427455,0.9142728600565975
usdpen,2025-12-10,PC1,9.898303330666318,1.8565932902154878
usdpen,2025-12-11,PC1,8.590808485259123,1.611350638431556
usdpen,2025-12-12,PC1,7.467925887886256,1.4007351191512563
usdpen,2025-12-15,PC1,5.1781322489216475,0.9712458052696599
usdpen,2025-12-16,PC1,1.5544684580572303,0.29156670720924377
usdpen,2025-12-17,PC1,2.2031613924221722,0.4132399787911396
usdpen,2025-12-18,PC1,-0.9033864458256001,-0.169445323886485
usdpen,2025-12-19,PC1,-9.758106105065012,-1.830296942279595
usdpen,2025-12-22,PC1,-12.460905815612199,-2.337252492111232
usdpen,2025-12-23,PC1,-6.723801902602339,-1.261162148712339
usdpen,2025-12-24,PC1,-3.345810801743005,-0.6275630961521977
usdpen,2025-12-25,PC1,-6.356484310653792,-1.1922655556490633
usdpen,2025-12-26,PC1,-5.918601573758863,-1.1101332826663166
usdpen,2025-12-29,PC1,-9.26844511365604,-1.7384527866945019
usdpen,2025-12-30,PC1,-2.1922348675382928,-0.41119052525278094
usdpen,2025-12-31,PC1,-0.8520879357814228,-0.15982342542930164
usdpen,2026-01-01,PC1,4.911060077800578,0.92115192712284
usdpen,2026-01-02,PC1,1.4760983850220109,0.2768670817390783
usdpen,2026-01-05,PC1,-0.716576850505716,-0.13440604193760375
usdpen,2026-01-06,PC1,3.4319238545941326,0.64371504773243
usdpen,2026-01-07,PC1,3.804308501177789,0.7135620521260548
usdpen,2026-01-08,PC1,-3.339868163450632,-0.626448454378631
usdpen,2026-01-09,PC1,-2.040720882244066,-0.38277152867590664
usdpen,2026-01-12,PC1,-0.9825994814222363,-0.18430306116461864
usdpen,2026-01-13,PC1,10.241398995784886,1.9209466534618609
usdpen,2026-01-14,PC1,8.749101197614754,1.6410410992945785
usdpen,2026-01-15,PC1,16.70169927328923,3.132684639994591
usdpen,2026-01-16,PC1,15.181017880408772,2.847455265195532
usdpen,2026-01-19,PC1,10.687948390133146,2.004704503832866
usdpen,2026-01-20,PC1,14.099813390704387,2.6446571760809103
usdpen,2026-01-21,PC1,7.238921231996708,1.3577814438243534
usdpen,2026-01-22,PC1,5.862534182846325,1.099616900384354
usdpen,2026-01-23,PC1,8.268441599255747,1.5508853063895198
usdpen,2026-01-26,PC1,5.889328178672618,1.1046425650065967
usdpen,2026-01-27,PC1,4.336877183638487,0.813454266923323
usdpen,2026-01-28,PC1,6.9120961013984665,1.2964798930158827
usdpen,2026-01-29,PC1,9.093588422510782,1.7056554729848084
usdpen,2026-01-30,PC1,0.378576469431529,0.07100838492213903
usdpen,2026-02-02,PC1,3.0521502156053657,0.572482113522098
usdpen,2026-02-03,PC1,2.2170137177868265,0.415838215424909
usdpen,2026-02-04,PC1,1.8723491866752207,0.3511905849714585
usdpen,2026-02-05,PC1,4.816569439293721,0.9034286184325011
usdpen,2026-02-06,PC1,6.978882250424083,1.3090067586834704
usdpen,2026-02-09,PC1,0.6691948658958897,0.12551875370597737
usdpen,2026-02-10,PC1,5.974485753192899,1.120615300553663
usdpen,2026-02-11,PC1,7.155260875217611,1.3420895366495256
usdpen,2026-02-12,PC1,4.289468860154522,0.8045620383928027
usdpen,2026-02-13,PC1,1.7952861944212575,0.3367361244883804
usdpen,2026-02-16,PC1,-0.5542575091456288,-0.10396031907238533
usdpen,2026-02-17,PC1,-3.3816910223652714,-0.6342930350754038
usdpen,2026-02-18,PC1,-1.5978877771079323,-0.2997107308587831
usdpen,2026-02-19,PC1,1.721876820114805,0.32296696150930426
usdpen,2026-02-20,PC1,2.2381637986103797,0.4198052688514159
usdpen,2026-02-23,PC1,3.4099651028598768,0.6395963144738703
usdpen,2026-02-24,PC1,4.5696219165149845,0.8571094566014122
usdpen,2026-02-25,PC1,7.0956963219754465,1.3309172027464544
usdpen,2026-02-26,PC1,12.569389129170366,2.3576003623799116
usdpen,2026-02-27,PC1,6.874226824592203,1.289376873147215
usdpen,2026-03-02,PC1,13.738656857344644,2.576916193191871
usdpen,2026-03-03,PC1,13.24248126189668,2.4838501140363283
usdpen,2026-03-04,PC1,15.041628542208423,2.821310450131259
usdpen,2026-03-05,PC1,16.30930917434347,3.0590852764963365
usdpen,2026-03-06,PC1,15.85897146030805,2.9746168630442247
usdpen,2026-03-09,PC1,2.820804328302719,0.5290893008615338
usdpen,2026-03-10,PC1,4.206063570192345,0.7889179732899978
usdpen,2026-03-11,PC1,3.244833368397423,0.608623079974701
usdpen,2026-03-12,PC1,2.416149702072112,0.4531895189679203
usdpen,2026-03-13,PC1,1.4668827724447802,0.2751385385832928
usdpen,2026-03-16,PC1,-2.605535652695377,-0.4887120396911328
usdpen,2026-03-17,PC1,-0.37285196960494027,-0.06993465868716345
usdpen,2026-03-18,PC1,-4.13568558594418,-0.7757173985077299
usdpen,2026-03-19,PC1,-14.526279753255459,-2.724648116019263
usdpen,2026-03-20,PC1,-13.145775462338877,-2.4657113146293947
usdpen,2026-03-23,PC1,-13.517702985397266,-2.535472577816526
usdpen,2026-03-24,PC1,-12.072868077073334,-2.2644694870188684
usdpen,2026-03-25,PC1,-8.623235460414138,-1.6174328630799222
usdpen,2026-03-26,PC1,-9.326567263600047,-1.7493545735961646
usdpen,2026-03-27,PC1,-20.46485420702337,-3.83852764829749
usdpen,2025-02-04,PC2,-1.9690893145162007,-0.6487279539501785
usdpen,2025-02-05,PC2,-0.8882530569880682,-0.29264014791093396
usdpen,2025-02-06,PC2,-1.835286996561631,-0.6046460002670434
usdpen,2025-02-07,PC2,-1.751965647321096,-0.5771952960177742
usdpen,2025-02-10,PC2,-2.2417409179668946,-0.7385546141955328
usdpen,2025-02-11,PC2,-2.14189981034854,-0.7056613792427604
usdpen,2025-02-12,PC2,-2.2335248118977913,-0.7358477701532875
usdpen,2025-02-13,PC2,-2.1148536323631455,-0.6967508582332306
usdpen,2025-02-14,PC2,-2.2476427623275,-0.7404990112263646
usdpen,2025-02-17,PC2,0.7998347286117615,0.26351021417131165
usdpen,2025-02-18,PC2,-0.08698233600727992,-0.02865683768218161
usdpen,2025-02-19,PC2,-2.6186019916832026,-0.8627136919342264
usdpen,2025-02-20,PC2,-2.825206687798243,-0.9307808135214153
usdpen,2025-02-21,PC2,-2.759079293630498,-0.9089947580072
usdpen,2025-02-24,PC2,-2.4618103019958406,-0.8110577557116154
usdpen,2025-02-25,PC2,-2.502560916192144,-0.8244832831241575
usdpen,2025-02-26,PC2,-4.869697025823176,-1.604350074235065
usdpen,2025-02-27,PC2,-4.409356794833713,-1.4526883014707752
usdpen,2025-02-28,PC2,-3.928737358799765,-1.294345426382045
usdpen,2025-03-03,PC2,-3.6427613293701775,-1.2001289563199777
usdpen,2025-03-04,PC2,-3.366254620423241,-1.1090322090946156
usdpen,2025-03-05,PC2,-3.0263910734023116,-0.9970621822117524
usdpen,2025-03-06,PC2,-2.7556489953781456,-0.9078646262502085
usdpen,2025-03-07,PC2,-2.361007846433525,-0.7778477990742946
usdpen,2025-03-10,PC2,-1.9292538320622517,-0.635603922025137
usdpen,2025-03-11,PC2,-2.224342301884285,-0.732822538697673
usdpen,2025-03-12,PC2,-2.4311360880725954,-0.800951957111847
usdpen,2025-03-13,PC2,-2.3131134221748466,-0.762068701790133
usdpen,2025-03-14,PC2,-2.130404475882075,-0.7018741742879486
usdpen,2025-03-17,PC2,-1.5928890903849262,-0.5247865969598567
usdpen,2025-03-18,PC2,-1.2675213567926575,-0.41759230031791905
usdpen,2025-03-19,PC2,-0.9642530687428095,-0.3176787948439993
usdpen,2025-03-20,PC2,1.9355185693312567,0.6376678762402139
usdpen,2025-03-21,PC2,2.069320991742641,0.6817498643372555
usdpen,2025-03-24,PC2,2.441922083688969,0.8045054662472342
usdpen,2025-03-25,PC2,-1.6560193359631412,-0.5455852243986482
usdpen,2025-03-26,PC2,-0.3455927398876503,-0.1138575428725209
usdpen,2025-03-27,PC2,-0.4557529091185949,-0.1501504528310286
usdpen,2025-03-28,PC2,-0.8090609440887758,-0.26654984464666986
usdpen,2025-03-31,PC2,-0.6505051616635598,-0.21431271778736719
usdpen,2025-04-01,PC2,-0.18044756335716486,-0.059449501710769175
usdpen,2025-04-02,PC2,0.10452541534925862,0.03443650744302484
usdpen,2025-04-03,PC2,-1.9336185718882044,-0.6370419110061045
usdpen,2025-04-04,PC2,-1.161884287881051,-0.3827895521281255
usdpen,2025-04-07,PC2,-1.2188789028743365,-0.4015667603015682
usdpen,2025-04-08,PC2,-0.9140020828938991,-0.3011233146057895
usdpen,2025-04-09,PC2,-1.7643999473138836,-0.5812918486391598
usdpen,2025-04-10,PC2,-1.5144078001925636,-0.49893047838030374
usdpen,2025-04-11,PC2,-0.3134953286858881,-0.10328286363247191
usdpen,2025-04-14,PC2,0.8741681224217039,0.2879997841065103
usdpen,2025-04-15,PC2,0.9565766515858373,0.3151497544601034
usdpen,2025-04-16,PC2,1.1150925118152244,0.36737372871925417
usdpen,2025-04-17,PC2,1.8268298090260968,0.6018597305302404
usdpen,2025-04-18,PC2,2.6737746359513985,0.8808906412306696
usdpen,2025-04-21,PC2,2.1401462058263547,0.705083644009865
usdpen,2025-04-22,PC2,1.671881584650684,0.5508111347015784
usdpen,2025-04-23,PC2,-2.2176584737263756,-0.7306205125460554
usdpen,2025-04-24,PC2,-1.4524963937828692,-0.47853340461109933
usdpen,2025-04-25,PC2,-1.2355400038298803,-0.4070558571412933
usdpen,2025-04-28,PC2,-1.7074605087960593,-0.5625328186772225
usdpen,2025-04-29,PC2,-1.6308710329530054,-0.537299969363839
usdpen,2025-04-30,PC2,-1.0674316443816079,-0.3516715780926845
usdpen,2025-05-01,PC2,-0.6477558570084704,-0.21340694334101096
usdpen,2025-05-02,PC2,-0.7289221647408404,-0.24014765660207912
usdpen,2025-05-05,PC2,1.5396942074041895,0.5072612326494065
usdpen,2025-05-06,PC2,1.169857722002185,0.3854164464823982
usdpen,2025-05-07,PC2,2.23248313321232,0.7355045830376415
usdpen,2025-05-08,PC2,1.9473566321243263,0.6415679950402434
usdpen,2025-05-09,PC2,1.9062277333822903,0.6280178395788083
usdpen,2025-05-12,PC2,1.6909808989022457,0.5571035151258312
usdpen,2025-05-13,PC2,1.4076417126909693,0.4637557684341522
usdpen,2025-05-14,PC2,1.8005484063734527,0.5932011692125282
usdpen,2025-05-15,PC2,1.9590158341952688,0.6454091871326562
usdpen,2025-05-16,PC2,1.4351322253334111,0.4728126780868028
usdpen,2025-05-19,PC2,1.316400063898852,0.4336956753243107
usdpen,2025-05-20,PC2,1.057468718520873,0.3483892340865781
usdpen,2025-05-21,PC2,1.0543829932470152,0.3473726239061232
usdpen,2025-05-22,PC2,0.6922380752946603,0.2280618694752562
usdpen,2025-05-23,PC2,-2.9181960184794393,-0.9614166906181486
usdpen,2025-05-26,PC2,-1.9049549314663237,-0.6275985075674855
usdpen,2025-05-27,PC2,-3.7625316449178823,-1.2395879850072162
usdpen,2025-05-28,PC2,-2.986975255789963,-0.984076411315314
usdpen,2025-05-29,PC2,-1.3371070591211989,-0.44051771561675335
usdpen,2025-05-30,PC2,-2.054435895538107,-0.6768458826163996
usdpen,2025-06-02,PC2,0.6393133204174641,0.21062550044329387
usdpen,2025-06-03,PC2,1.1053508520283732,0.3641642821111122
usdpen,2025-06-04,PC2,1.1632904982861971,0.3832528363439456
usdpen,2025-06-05,PC2,0.9919596670817185,0.32680689518907546
usdpen,2025-06-06,PC2,1.1179157376501845,0.3683038569292602
usdpen,2025-06-09,PC2,0.7847208900970856,0.25853087196287144
usdpen,2025-06-10,PC2,0.4258881676142373,0.1403113396386787
usdpen,2025-06-11,PC2,0.7620914337813072,0.25107546565574473
usdpen,2025-06-12,PC2,0.6899552617786188,0.22730978325418233
usdpen,2025-06-13,PC2,0.7541895795356008,0.24847215370872464
usdpen,2025-06-16,PC2,-1.4082526677927498,-0.46395705115414376
usdpen,2025-06-17,PC2,-3.664828084751669,-1.2073989775239022
usdpen,2025-06-18,PC2,-2.4852344800340465,-0.8187749877232186
usdpen,2025-06-19,PC2,-2.2045157327795883,-0.7262905599223466
usdpen,2025-06-20,PC2,-2.7435731138979027,-0.9038861566972681
usdpen,2025-06-23,PC2,-3.0100716782761525,-0.9916856623495749
usdpen,2025-06-24,PC2,-5.117081204878004,-1.6858522342106341
usdpen,2025-06-25,PC2,-4.835699190128867,-1.5931492890669618
usdpen,2025-06-26,PC2,-4.908313783614935,-1.6170725902152976
usdpen,2025-06-27,PC2,-4.219586631047038,-1.3901674147001477
usdpen,2025-06-30,PC2,-5.868099219025403,-1.9332794972128071
usdpen,2025-07-01,PC2,-4.722405205591701,-1.5558239253864845
usdpen,2025-07-02,PC2,-4.879411475817629,-1.6075505564184753
usdpen,2025-07-03,PC2,-3.5226201698934507,-1.1605477509383983
usdpen,2025-07-04,PC2,-3.13579186297531,-1.033104910114962
usdpen,2025-07-07,PC2,-3.43520685648314,-1.1317489252383008
usdpen,2025-07-08,PC2,-4.486604130969251,-1.4781378866926735
usdpen,2025-07-09,PC2,-2.8013731719959827,-0.9229287227971109
usdpen,2025-07-10,PC2,-2.696688932828291,-0.8884398899212017
usdpen,2025-07-11,PC2,-2.9361693842992134,-0.96733812076756
usdpen,2025-07-14,PC2,-3.3577468754999336,-1.1062292829316736
usdpen,2025-07-15,PC2,-4.132813550604243,-1.3615795174835912
usdpen,2025-07-16,PC2,-3.6046355540462423,-1.1875681973760708
usdpen,2025-07-17,PC2,-2.423141426906663,-0.798318069383918
usdpen,2025-07-18,PC2,-1.331095070924131,-0.4385370310568888
usdpen,2025-07-21,PC2,-2.421451615178569,-0.797761351058931
usdpen,2025-07-22,PC2,-3.376829545099885,-1.1125161796784193
usdpen,2025-07-23,PC2,-3.5383458770544047,-1.1657286768393913
usdpen,2025-07-24,PC2,-3.470476910444278,-1.143368850131115
usdpen,2025-07-25,PC2,-2.5976928960289403,-0.8558250684762951
usdpen,2025-07-28,PC2,-1.9766557047771394,-0.6512207453317483
usdpen,2025-07-29,PC2,-1.8623624323869825,-0.6135661604425128
usdpen,2025-07-30,PC2,-1.556980795115925,-0.5129563997473846
usdpen,2025-07-31,PC2,-2.4096519930739597,-0.793873896767814
usdpen,2025-08-01,PC2,-1.3403810509337157,-0.44159635130591485
usdpen,2025-08-04,PC2,-4.401885771352192,-1.4502269292306482
usdpen,2025-08-05,PC2,-2.433793806402406,-0.8018275579094154
usdpen,2025-08-06,PC2,-2.5485936825268474,-0.8396490463522801
usdpen,2025-08-07,PC2,-2.5791425067871923,-0.8497135345966167
usdpen,2025-08-08,PC2,-2.7639002980966043,-0.9105830660337713
usdpen,2025-08-11,PC2,-2.920333297354634,-0.9621208296033661
usdpen,2025-08-12,PC2,-3.002047758822799,-0.9890421353082868
usdpen,2025-08-13,PC2,-2.863772915197988,-0.9434866819694196
usdpen,2025-08-14,PC2,-2.5845644008226074,-0.8514998091948279
usdpen,2025-08-15,PC2,-2.2493981647613523,-0.7410773387917406
usdpen,2025-08-18,PC2,-0.053872483330846814,-0.017748603696029642
usdpen,2025-08-19,PC2,-1.408960422360258,-0.46419022502243595
usdpen,2025-08-20,PC2,-1.865291917487782,-0.6145312963871138
usdpen,2025-08-21,PC2,-0.8698072514556539,-0.2865630697439915
usdpen,2025-08-22,PC2,-1.6916378341337797,-0.5573199462676223
usdpen,2025-08-25,PC2,-2.030002264391207,-0.6687960803932859
usdpen,2025-08-26,PC2,-5.103512317955836,-1.681381885311015
usdpen,2025-08-27,PC2,-4.2211646540344825,-1.3906873035728282
usdpen,2025-08-28,PC2,-4.840429482993061,-1.5947077116274577
usdpen,2025-08-29,PC2,-3.8437872540232196,-1.2663581191262125
usdpen,2025-09-01,PC2,-3.556688284220768,-1.1717716898118524
usdpen,2025-09-02,PC2,-4.149495880452593,-1.3670756083058104
usdpen,2025-09-03,PC2,-3.9354077213082275,-1.296543016196951
usdpen,2025-09-04,PC2,-3.695288737258788,-1.21743441707012
usdpen,2025-09-05,PC2,-2.8598753304785998,-0.9422025999617036
usdpen,2025-09-08,PC2,-0.6255530589822348,-0.20609210209468193
usdpen,2025-09-09,PC2,-0.9724183180443984,-0.3203688838277051
usdpen,2025-09-10,PC2,-1.5727212083165767,-0.5181421706388885
usdpen,2025-09-11,PC2,-1.2975332778186552,-0.4274799026616926
usdpen,2025-09-12,PC2,-1.2524242558587437,-0.4126184724030367
usdpen,2025-09-15,PC2,0.4251599996805507,0.1400714404678944
usdpen,2025-09-16,PC2,1.2171698648144351,0.40100370774948335
usdpen,2025-09-17,PC2,0.29840767079385255,0.0983121467827875
usdpen,2025-09-18,PC2,-0.19066200838357025,-0.06281471017229832
usdpen,2025-09-19,PC2,-0.3325202177982745,-0.10955072426074405
usdpen,2025-09-22,PC2,-1.664457618836659,-0.5483652658843413
usdpen,2025-09-23,PC2,-0.9845395339866945,-0.3243622890834571
usdpen,2025-09-24,PC2,-0.5301652216404834,-0.1746660229959536
usdpen,2025-09-25,PC2,-0.06202072328307503,-0.020433088850428473
usdpen,2025-09-26,PC2,-0.28094181330596546,-0.09255791821195826
usdpen,2025-09-29,PC2,-0.7983797141721947,-0.2630308511818368
usdpen,2025-09-30,PC2,0.38636853641395164,0.12729136675048797
usdpen,2025-10-01,PC2,0.16501384802448038,0.05436477421983736
usdpen,2025-10-02,PC2,0.6070744591480018,0.2000042196538237
usdpen,2025-10-03,PC2,0.720449488936097,0.23735628416469248
usdpen,2025-10-06,PC2,0.6623111031188473,0.2182022540254059
usdpen,2025-10-07,PC2,0.9373350889389538,0.3088105094727404
usdpen,2025-10-08,PC2,1.4023749554492027,0.46202060455701593
usdpen,2025-10-09,PC2,-1.6826877942404532,-0.5543713034483418
usdpen,2025-10-10,PC2,-0.5337257550563865,-0.17583906148681433
usdpen,2025-10-13,PC2,-1.2805439940695917,-0.4218826840874214
usdpen,2025-10-14,PC2,-0.2891666767891564,-0.09526764743532819
usdpen,2025-10-15,PC2,-1.0710980392738725,-0.35287949326407764
usdpen,2025-10-16,PC2,-0.7905102119259407,-0.2604381977896401
usdpen,2025-10-17,PC2,-0.7110146545664583,-0.23424792297896352
usdpen,2025-10-20,PC2,-1.4477317683891604,-0.47696367099860487
usdpen,2025-10-21,PC2,-1.2219015486446196,-0.4025625885718332
usdpen,2025-10-22,PC2,-1.2075762005205388,-0.3978430191192701
usdpen,2025-10-23,PC2,-1.7148635340238896,-0.5649717884962587
usdpen,2025-10-24,PC2,-1.5375971989243022,-0.5065703609806884
usdpen,2025-10-27,PC2,-1.2679898224848376,-0.41774663907124193
usdpen,2025-10-28,PC2,-0.7645390652463157,-0.2518818521109512
usdpen,2025-10-29,PC2,-2.037527782688356,-0.6712754062681123
usdpen,2025-10-30,PC2,-1.9217230332287818,-0.6331228564468356
usdpen,2025-10-31,PC2,-0.9529930337511302,-0.31396911067289085
usdpen,2025-11-03,PC2,-1.7251519156158626,-0.5683613557903453
usdpen,2025-11-04,PC2,-0.37393853282059775,-0.123196229602942
usdpen,2025-11-05,PC2,-1.8343146543492042,-0.6043256564566551
usdpen,2025-11-06,PC2,0.4073789209085886,0.13421336040736853
usdpen,2025-11-07,PC2,-3.2201013489125274,-1.0608811617595355
usdpen,2025-11-10,PC2,-2.673216104063484,-0.8807066296440987
usdpen,2025-11-11,PC2,0.12628817105219636,0.04160637418061015
usdpen,2025-11-12,PC2,0.4204713670708221,0.13852674312110055
usdpen,2025-11-13,PC2,-0.10741550492182372,-0.03538866430118251
usdpen,2025-11-14,PC2,0.907447734063194,0.29896394617335126
usdpen,2025-11-17,PC2,-1.5141932732594663,-0.49885980123155815
usdpen,2025-11-18,PC2,-1.4119011418743832,-0.46515906221000075
usdpen,2025-11-19,PC2,-1.6512720964303542,-0.5440212186593895
usdpen,2025-11-20,PC2,-1.8444949574491527,-0.6076796166614744
usdpen,2025-11-21,PC2,0.680215276689336,0.2241008883849173
usdpen,2025-11-24,PC2,-0.10243679244585653,-0.03374839845136554
usdpen,2025-11-25,PC2,-0.8604081374200482,-0.2834664768305507
usdpen,2025-11-26,PC2,0.45238976944836906,0.14904244686043652
usdpen,2025-11-27,PC2,1.349433389165503,0.4445786969091749
usdpen,2025-11-28,PC2,1.5423962159627296,0.5081514251210305
usdpen,2025-12-01,PC2,-0.52547386422082,-0.17312042794464177
usdpen,2025-12-02,PC2,0.2792877731854629,0.09201298505163207
usdpen,2025-12-03,PC2,-0.9425054457202576,-0.31051391365618675
usdpen,2025-12-04,PC2,-3.101290957670347,-1.021738385730863
usdpen,2025-12-05,PC2,0.13246223591688272,0.04364045584348676
usdpen,2025-12-08,PC2,2.273533959959182,0.7490290172251268
usdpen,2025-12-09,PC2,2.855621941936409,0.9408012963103214
usdpen,2025-12-10,PC2,5.399558784007953,1.7789161194264231
usdpen,2025-12-11,PC2,3.5770237900593087,1.178471340761114
usdpen,2025-12-12,PC2,4.308787203404971,1.4195550632797986
usdpen,2025-12-15,PC2,3.4280785380260754,1.1294004591663633
usdpen,2025-12-16,PC2,1.411701956814314,0.46509343953076415
usdpen,2025-12-17,PC2,2.0623977150292885,0.6794689504631238
usdpen,2025-12-18,PC2,2.3951835235626384,0.7891071751398644
usdpen,2025-12-19,PC2,1.3063124745141776,0.4303722601934855
usdpen,2025-12-22,PC2,-1.158388802757161,-0.3816379441762832
usdpen,2025-12-23,PC2,0.2986845645872434,0.09840337105723952
usdpen,2025-12-24,PC2,0.5292576922484488,0.17436703214708618
usdpen,2025-12-25,PC2,0.6876884717177961,0.22656297605384293
usdpen,2025-12-26,PC2,0.42295749555086465,0.13934581264233833
usdpen,2025-12-29,PC2,0.6232714356570307,0.20534040798891862
usdpen,2025-12-30,PC2,0.904042042992389,0.29784192139577403
usdpen,2025-12-31,PC2,1.9825418155451522,0.6531599588387785
usdpen,2026-01-01,PC2,3.5501508395214927,1.1696178905440602
usdpen,2026-01-02,PC2,2.9456290433707126,0.9704546605960385
usdpen,2026-01-05,PC2,3.622449857746121,1.1934372235827921
usdpen,2026-01-06,PC2,3.1848011419036637,1.049251302769364
usdpen,2026-01-07,PC2,4.815700095128741,1.5865604706296055
usdpen,2026-01-08,PC2,4.774404769930765,1.5729554850020375
usdpen,2026-01-09,PC2,1.3916453112449783,0.458485660722876
usdpen,2026-01-12,PC2,-0.44385752773194354,-0.146231450086191
usdpen,2026-01-13,PC2,-1.57126085609399,-0.5176610490856804
usdpen,2026-01-14,PC2,-0.540899384535431,-0.17820245553909508
usdpen,2026-01-15,PC2,-0.7647510594356284,-0.25195169483249175
usdpen,2026-01-16,PC2,-1.1851596470680141,-0.39045775490161116
usdpen,2026-01-19,PC2,-0.20345966101660198,-0.06703097143926458
usdpen,2026-01-20,PC2,-1.0544306034616755,-0.3473883093688976
usdpen,2026-01-21,PC2,2.85130820610595,0.9393801108930093
usdpen,2026-01-22,PC2,6.587618470740323,2.1703293093019402
usdpen,2026-01-23,PC2,6.596387112735655,2.173218189526223
usdpen,2026-01-26,PC2,6.540187842698416,2.1547030123852062
usdpen,2026-01-27,PC2,7.946280542044103,2.6179484493424066
usdpen,2026-01-28,PC2,7.819048523557626,2.576031119122186
usdpen,2026-01-29,PC2,8.90701340710155,2.934467492560384
usdpen,2026-01-30,PC2,8.518671173376788,2.806525879724704
usdpen,2026-02-02,PC2,5.321673775219133,1.7532564492314342
usdpen,2026-02-03,PC2,5.418451812160664,1.785140537692815
usdpen,2026-02-04,PC2,6.194029679298311,2.040659187440234
usdpen,2026-02-05,PC2,6.448990559385191,2.124657535741025
usdpen,2026-02-06,PC2,4.125051596437329,1.3590222964331111
usdpen,2026-02-09,PC2,2.1471695393726336,0.7073975221909097
usdpen,2026-02-10,PC2,-0.13638448929825855,-0.04493266508570592
usdpen,2026-02-11,PC2,-1.3842809767988895,-0.456059437807441
usdpen,2026-02-12,PC2,0.3071155466898132,0.1011810072613822
usdpen,2026-02-13,PC2,0.683339421259642,0.22513015602656164
usdpen,2026-02-16,PC2,1.4053297004648324,0.4629940625278165
usdpen,2026-02-17,PC2,2.2434318186760027,0.739111691291664
usdpen,2026-02-18,PC2,3.0760650952138744,1.013427578284307
usdpen,2026-02-19,PC2,2.5586249288629594,0.8429538989372916
usdpen,2026-02-20,PC2,1.4560131570492454,0.47969202277103046
usdpen,2026-02-23,PC2,5.54462047036897,1.826707537670276
usdpen,2026-02-24,PC2,5.1936107169610795,1.71106532811372
usdpen,2026-02-25,PC2,4.5691965126952,1.5053484283445704
usdpen,2026-02-26,PC2,5.96245761046845,1.9643664193588037
usdpen,2026-02-27,PC2,6.672325134247463,2.198236413412367
usdpen,2026-03-02,PC2,5.518129540475608,1.8179799463816195
usdpen,2026-03-03,PC2,5.996964564691779,1.9757349365943222
usdpen,2026-03-04,PC2,4.6928858798312465,1.546098611424648
usdpen,2026-03-05,PC2,6.768057365701423,2.2297759551590914
usdpen,2026-03-06,PC2,8.5076044893670435,2.8028798961617802
usdpen,2026-03-09,PC2,8.429048904481103,2.7769993007623093
usdpen,2026-03-10,PC2,4.7324191686171435,1.5591230838840386
usdpen,2026-03-11,PC2,5.249356247588453,1.7294310181609736
usdpen,2026-03-12,PC2,6.261817833564586,2.0629923900507126
usdpen,2026-03-13,PC2,6.081824277587097,2.003692463717923
usdpen,2026-03-16,PC2,4.754082151240088,1.566260079798769
usdpen,2026-03-17,PC2,4.487532202041283,1.47844364511777
usdpen,2026-03-18,PC2,4.510974345593557,1.4861667959727172
usdpen,2026-03-19,PC2,6.62431416519404,2.182418919766151
usdpen,2026-03-20,PC2,5.658745701578421,1.8643067604128913
usdpen,2026-03-23,PC2,5.356800302488931,1.7648290884190627
usdpen,2026-03-24,PC2,4.882597586950102,1.6086002393052754
usdpen,2026-03-25,PC2,4.580969486434809,1.509227103176485
usdpen,2026-03-26,PC2,5.390141397413887,1.7758135065120735
usdpen,2026-03-27,PC2,5.041793779060229,1.661048352868695
usdpen,2025-02-04,PC3,-0.48614550135544626,-0.6841647748865369
usdpen,2025-02-05,PC3,-0.9547127351013245,-1.3435912122414821
usdpen,2025-02-06,PC3,-0.5345225279208382,-0.7522469794888825
usdpen,2025-02-07,PC3,-0.6798808025944124,-0.9568133304942141
usdpen,2025-02-10,PC3,-0.5055742031354281,-0.7115072749046953
usdpen,2025-02-11,PC3,-0.539372004473933,-0.7590717696494722
usdpen,2025-02-12,PC3,-0.5148077274937264,-0.7245018456584945
usdpen,2025-02-13,PC3,-0.5464898757268443,-0.7690889286478414
usdpen,2025-02-14,PC3,-0.501170640937424,-0.7053100312163422
usdpen,2025-02-17,PC3,-0.513426050814432,-0.7225573773632623
usdpen,2025-02-18,PC3,-0.35084895552475465,-0.4937585476087042
usdpen,2025-02-19,PC3,-0.4985776547570409,-0.7016608566349885
usdpen,2025-02-20,PC3,-0.34565135233392863,-0.48644383008671477
usdpen,2025-02-21,PC3,-0.3613527202713418,-0.5085407595663866
usdpen,2025-02-24,PC3,-0.4839773582019648,-0.6811134925679974
usdpen,2025-02-25,PC3,-0.432367028527405,-0.6084809792871675
usdpen,2025-02-26,PC3,-0.39003493674509093,-0.5489059632395596
usdpen,2025-02-27,PC3,-0.3409819572206157,-0.4798724730595513
usdpen,2025-02-28,PC3,-0.36630857671293066,-0.515515260816066
usdpen,2025-03-03,PC3,-0.4050155066248618,-0.5699884955079633
usdpen,2025-03-04,PC3,-0.41245400945253563,-0.5804568873750051
usdpen,2025-03-05,PC3,-0.5798815722182815,-0.8160819018409435
usdpen,2025-03-06,PC3,-0.45290011337710667,-0.637377705338842
usdpen,2025-03-07,PC3,-0.5121151180023776,-0.7207124686893162
usdpen,2025-03-10,PC3,-0.6137755593882307,-0.8637817613222734
usdpen,2025-03-11,PC3,-0.4733946265618674,-0.6662201485176159
usdpen,2025-03-12,PC3,-0.4111582286685126,-0.5786333025306907
usdpen,2025-03-13,PC3,-0.4068538307782192,-0.5725756152633524
usdpen,2025-03-14,PC3,-0.4640214747523209,-0.6530290765445627
usdpen,2025-03-17,PC3,-0.548469163402858,-0.7718744299093363
usdpen,2025-03-18,PC3,-0.6253788724302818,-0.8801113952142233
usdpen,2025-03-19,PC3,-0.7412426114575406,-1.0431693453712865
usdpen,2025-03-20,PC3,-0.8824273954913969,-1.2418622381710964
usdpen,2025-03-21,PC3,-0.9637505217551355,-1.3563103164072867
usdpen,2025-03-24,PC3,-0.9395159400695798,-1.3222043808856396
usdpen,2025-03-25,PC3,-0.7225757780572117,-1.0168990418601516
usdpen,2025-03-26,PC3,-1.080070595272951,-1.5200104775549568
usdpen,2025-03-27,PC3,-1.0061418625914333,-1.4159687151367621
usdpen,2025-03-28,PC3,-0.9566066558630936,-1.3462565745003447
usdpen,2025-03-31,PC3,-0.9897448560141848,-1.3928927959264477
usdpen,2025-04-01,PC3,-1.1170831218862574,-1.5720991359252827
usdpen,2025-04-02,PC3,-1.1979400269759024,-1.6858910893927943
usdpen,2025-04-03,PC3,-0.7513251743746953,-1.0573587894148113
usdpen,2025-04-04,PC3,-0.9171805275684285,-1.290771193859858
usdpen,2025-04-07,PC3,-0.8306890654962,-1.1690495868239676
usdpen,2025-04-08,PC3,-0.9853640539700356,-1.3867275831742958
usdpen,2025-04-09,PC3,-0.8350796436063317,-1.1752285576793282
usdpen,2025-04-10,PC3,-0.8533968944889174,-1.2010068849325546
usdpen,2025-04-11,PC3,-1.3533973190949238,-1.9046700413126159
usdpen,2025-04-14,PC3,-0.7130421046770469,-1.0034820638488438
usdpen,2025-04-15,PC3,-0.66640911821219,-0.9378542906861572
usdpen,2025-04-16,PC3,-0.623966920923206,-0.8781243203934221
usdpen,2025-04-17,PC3,-0.8903079589970392,-1.2529527531337654
usdpen,2025-04-18,PC3,-1.3101133796134903,-1.8437554660898667
usdpen,2025-04-21,PC3,-0.9868046904409488,-1.388755027065204
usdpen,2025-04-22,PC3,-0.8630421893924614,-1.2145809507173835
usdpen,2025-04-23,PC3,-0.7170767968029023,-1.0091601874195153
usdpen,2025-04-24,PC3,-0.7347371060142223,-1.0340139841579432
usdpen,2025-04-25,PC3,-0.8811909800252011,-1.2401221996296772
usdpen,2025-04-28,PC3,-0.5960504171217837,-0.8388367233969118
usdpen,2025-04-29,PC3,-0.6264882401163293,-0.8816726362234992
usdpen,2025-04-30,PC3,-0.7967219626565374,-1.121246829824157
usdpen,2025-05-01,PC3,-0.8708617582312768,-1.2255856263533846
usdpen,2025-05-02,PC3,-0.8200082918022393,-1.1540182657285991
usdpen,2025-05-05,PC3,-0.7576196214950912,-1.0662171229490185
usdpen,2025-05-06,PC3,-0.663747413667541,-0.934108407024729
usdpen,2025-05-07,PC3,-1.0938121887664654,-1.5393493672348155
usdpen,2025-05-08,PC3,-0.9234599604949363,-1.2996083975418853
usdpen,2025-05-09,PC3,-0.9898682552723588,-1.3930664588019743
usdpen,2025-05-12,PC3,-0.8140448188376522,-1.1456257204371523
usdpen,2025-05-13,PC3,-0.7507285797467249,-1.056519186809818
usdpen,2025-05-14,PC3,-1.013917680526887,-1.426911819027543
usdpen,2025-05-15,PC3,-0.9907010359561825,-1.394238451975807
usdpen,2025-05-16,PC3,-0.9419787090420154,-1.3256702975194994
usdpen,2025-05-19,PC3,-0.8301814933274876,-1.1683352677619223
usdpen,2025-05-20,PC3,-0.8086158701394713,-1.1379854245718086
usdpen,2025-05-21,PC3,-0.8014591453798012,-1.1279135860574692
usdpen,2025-05-22,PC3,-0.7304706345792242,-1.0280096717437652
usdpen,2025-05-23,PC3,-0.5426437986623867,-0.7636762477906406
usdpen,2025-05-26,PC3,-0.619625515171472,-0.8720145510331282
usdpen,2025-05-27,PC3,-0.3413148085067964,-0.4803409030350331
usdpen,2025-05-28,PC3,-0.42874705033086125,-0.6033864930458525
usdpen,2025-05-29,PC3,-0.6477404012672455,-0.9115813364153745
usdpen,2025-05-30,PC3,-0.519571288595447,-0.7312057248463717
usdpen,2025-06-02,PC3,-0.8037891046654951,-1.1311925962833111
usdpen,2025-06-03,PC3,-0.9076801870733164,-1.2774011260549285
usdpen,2025-06-04,PC3,-0.9266249571072378,-1.3040625767716314
usdpen,2025-06-05,PC3,-0.7702136004815233,-1.0839409459076892
usdpen,2025-06-06,PC3,-0.8773704425819134,-1.234745461322844
usdpen,2025-06-09,PC3,-0.6918092414301752,-0.9736005220820481
usdpen,2025-06-10,PC3,-0.6363296773923217,-0.8955227380957087
usdpen,2025-06-11,PC3,-0.8220021437550892,-1.1568242636627057
usdpen,2025-06-12,PC3,-0.7421353745210724,-1.0444257532546986
usdpen,2025-06-13,PC3,-0.7380988850663881,-1.0387451002580212
usdpen,2025-06-16,PC3,0.0182493549617036,0.025682775618382354
usdpen,2025-06-17,PC3,0.021800460467962784,0.030680335592740294
usdpen,2025-06-18,PC3,-0.24673612633080905,-0.3472379480152176
usdpen,2025-06-19,PC3,-0.3060708210238904,-0.4307411542044536
usdpen,2025-06-20,PC3,-0.11118774375979924,-0.1564773045671899
usdpen,2025-06-23,PC3,0.06958986947107756,0.09793557124012518
usdpen,2025-06-24,PC3,0.38443795675339204,0.541029192714296
usdpen,2025-06-25,PC3,0.4857961107327663,0.6836730686873685
usdpen,2025-06-26,PC3,0.5023330610184953,0.7069459341936839
usdpen,2025-06-27,PC3,0.3969455055187346,0.5586313802519038
usdpen,2025-06-30,PC3,0.5468958000459845,0.7696601961380273
usdpen,2025-07-01,PC3,0.3875163977379831,0.5453615600350917
usdpen,2025-07-02,PC3,0.038471204635344626,0.05414149258929275
usdpen,2025-07-03,PC3,0.06754331360237249,0.09505540176143741
usdpen,2025-07-04,PC3,-0.0782897715920404,-0.11017916201599152
usdpen,2025-07-07,PC3,0.05870014567847151,0.08261018942259908
usdpen,2025-07-08,PC3,0.136839284440026,0.1925773620727051
usdpen,2025-07-09,PC3,-0.138696060542513,-0.19519044971957591
usdpen,2025-07-10,PC3,-0.114961268337912,-0.16178788048801016
usdpen,2025-07-11,PC3,-0.034593709286744205,-0.04868459599166663
usdpen,2025-07-14,PC3,0.13725767508288897,0.19316617373339284
usdpen,2025-07-15,PC3,0.3147147114795994,0.44290591835692306
usdpen,2025-07-16,PC3,0.1463332107534623,0.20593840303865324
usdpen,2025-07-17,PC3,-0.08397348392190278,-0.11817799313926251
usdpen,2025-07-18,PC3,-0.2551877117830192,-0.3591320765060168
usdpen,2025-07-21,PC3,-0.03471253198226905,-0.048851818155624754
usdpen,2025-07-22,PC3,0.152827609231489,0.2150781331407609
usdpen,2025-07-23,PC3,0.21072891685972364,0.29656409771033393
usdpen,2025-07-24,PC3,-0.19473248112172337,-0.2740519119034905
usdpen,2025-07-25,PC3,-0.4390008661657001,-0.6178169456219039
usdpen,2025-07-28,PC3,-0.21572539955279668,-0.30359577330416493
usdpen,2025-07-29,PC3,-0.29437986638608415,-0.41428818009344714
usdpen,2025-07-30,PC3,-0.34847921319034003,-0.4904235496991412
usdpen,2025-07-31,PC3,-0.15966739871947955,-0.2247039406866008
usdpen,2025-08-01,PC3,-0.47100799103913416,-0.6628613763998149
usdpen,2025-08-04,PC3,-0.09255522436632929,-0.1302552920197944
usdpen,2025-08-05,PC3,-0.35966792071983344,-0.5061696988393556
usdpen,2025-08-06,PC3,-0.34363581487685246,-0.4836073135978217
usdpen,2025-08-07,PC3,-0.29330537293698167,-0.41277601847378265
usdpen,2025-08-08,PC3,-0.24770989746879238,-0.3486083605965371
usdpen,2025-08-11,PC3,-0.20931045555846758,-0.2945678614926742
usdpen,2025-08-12,PC3,-0.1467764339023209,-0.20656216210876474
usdpen,2025-08-13,PC3,-0.12758358774827458,-0.17955158763712276
usdpen,2025-08-14,PC3,-0.08974306567511764,-0.12629767045885495
usdpen,2025-08-15,PC3,-0.21314643834616545,-0.2999663364206466
usdpen,2025-08-18,PC3,-0.2953398717831033,-0.41563921980174473
usdpen,2025-08-19,PC3,0.20174845481643844,0.28392566790878154
usdpen,2025-08-20,PC3,0.2728838761504459,0.3840363331062286
usdpen,2025-08-21,PC3,0.051679386217835424,0.07272969828871811
usdpen,2025-08-22,PC3,0.21223348425913036,0.2986815132027054
usdpen,2025-08-25,PC3,0.3887599513271813,0.5471116442363052
usdpen,2025-08-26,PC3,0.17006146114235224,0.23933176580865384
usdpen,2025-08-27,PC3,0.046119479792629585,0.06490510232478275
usdpen,2025-08-28,PC3,0.24175844076768002,0.34023272609449645
usdpen,2025-08-29,PC3,0.00252620951423147,0.003555198101804931
usdpen,2025-09-01,PC3,-0.03420921623851137,-0.048143489267329545
usdpen,2025-09-02,PC3,0.1641719526954061,0.23104331264069755
usdpen,2025-09-03,PC3,0.08183020629887927,0.11516170470629783
usdpen,2025-09-04,PC3,0.16504978924397376,0.2322787140646816
usdpen,2025-09-05,PC3,-0.05522546062432612,-0.07772017787000458
usdpen,2025-09-08,PC3,0.15595007152852175,0.2194724527602675
usdpen,2025-09-09,PC3,0.22171921648543738,0.31203102242402037
usdpen,2025-09-10,PC3,0.3887131496873169,0.5470457791129771
usdpen,2025-09-11,PC3,0.30674071685021487,0.431683915427042
usdpen,2025-09-12,PC3,0.415142213665333,0.5842400646850258
usdpen,2025-09-15,PC3,-0.010469142527144872,-0.014733487238633679
usdpen,2025-09-16,PC3,-0.23127081189026852,-0.3254732225508022
usdpen,2025-09-17,PC3,-0.06599280237029612,-0.09287332835935126
usdpen,2025-09-18,PC3,0.08736365453878076,0.12294906540148713
usdpen,2025-09-19,PC3,0.08323985749555474,0.11714554224249434
usdpen,2025-09-22,PC3,0.3829452264649411,0.5389284358854929
usdpen,2025-09-23,PC3,0.2226235262809958,0.3133036803134401
usdpen,2025-09-24,PC3,0.10278564115745831,0.14465281453390208
usdpen,2025-09-25,PC3,-0.03323930727397193,-0.04677851201970634
usdpen,2025-09-26,PC3,-0.003382613481948401,-0.004760436916423956
usdpen,2025-09-29,PC3,0.24838742956627113,0.349561868535326
usdpen,2025-09-30,PC3,-0.07226753936473679,-0.10170392333822965
usdpen,2025-10-01,PC3,-0.047163389236121386,-0.0663742223051553
usdpen,2025-10-02,PC3,-0.09483924963852845,-0.13346965815469106
usdpen,2025-10-03,PC3,-0.10771602929641041,-0.15159147360157926
usdpen,2025-10-06,PC3,-0.086962347357789,-0.12238429572578914
usdpen,2025-10-07,PC3,-0.2758465014115997,-0.3882057100504152
usdpen,2025-10-08,PC3,-0.17095454853142156,-0.24058863012354317
usdpen,2025-10-09,PC3,0.46292245824335293,0.651482403006786
usdpen,2025-10-10,PC3,0.28331696136255663,0.39871907597973894
usdpen,2025-10-13,PC3,0.7001567558196886,0.9853481887522922
usdpen,2025-10-14,PC3,0.4608921410348776,0.6486250866025164
usdpen,2025-10-15,PC3,0.4442764058741573,0.6252413451627353
usdpen,2025-10-16,PC3,0.47855047787504207,0.6734761075734758
usdpen,2025-10-17,PC3,0.3717469219897479,0.5231687807225426
usdpen,2025-10-20,PC3,0.7260605774253691,1.0218032875409027
usdpen,2025-10-21,PC3,0.5855833608676044,0.8241061722226237
usdpen,2025-10-22,PC3,0.6223961714607408,0.8759137652213688
usdpen,2025-10-23,PC3,0.7438691348393128,1.0468657176985283
usdpen,2025-10-24,PC3,0.6367553901477866,0.8961218543493732
usdpen,2025-10-27,PC3,0.5587397124888822,0.7863284316100785
usdpen,2025-10-28,PC3,0.34877846885284397,0.4908446997095778
usdpen,2025-10-29,PC3,0.6790329947359001,0.9556201891999926
usdpen,2025-10-30,PC3,0.42417365297275417,0.5969502360708254
usdpen,2025-10-31,PC3,0.19551538006342742,0.2751537052487244
usdpen,2025-11-03,PC3,0.47093226904999563,0.6627548109425404
usdpen,2025-11-04,PC3,0.1506908083107444,0.21207095953359495
usdpen,2025-11-05,PC3,0.5131087265870377,0.7221107990076114
usdpen,2025-11-06,PC3,0.1616955983722849,0.2275582770015859
usdpen,2025-11-07,PC3,0.8581466662481348,1.2076913580323692
usdpen,2025-11-10,PC3,0.7296054492028858,1.0267920746322248
usdpen,2025-11-11,PC3,0.1937742717660711,0.2727033998093187
usdpen,2025-11-12,PC3,0.049968828224517134,0.07032238705953675
usdpen,2025-11-13,PC3,0.1426187194949425,0.200710906191274
usdpen,2025-11-14,PC3,-0.04101490362452763,-0.057721304068494496
usdpen,2025-11-17,PC3,0.4737493266234521,0.6667193268235113
usdpen,2025-11-18,PC3,0.4368910762777104,0.6148477853195854
usdpen,2025-11-19,PC3,0.550339121592105,0.774506069038003
usdpen,2025-11-20,PC3,0.6487855396810763,0.9130521859565697
usdpen,2025-11-21,PC3,0.14957770764519332,0.21050446500850004
usdpen,2025-11-24,PC3,0.29511741164157773,0.41532614605689944
usdpen,2025-11-25,PC3,0.4602871744360905,0.6477737019127084
usdpen,2025-11-26,PC3,0.3861971138697288,0.5435048987099967
usdpen,2025-11-27,PC3,-0.07097288398434247,-0.09988192230270942
usdpen,2025-11-28,PC3,0.2219448753225726,0.3123485977735388
usdpen,2025-12-01,PC3,0.973909071487049,1.370606698603829
usdpen,2025-12-02,PC3,0.7790508275846233,1.0963777975801927
usdpen,2025-12-03,PC3,1.0052966639510779,1.4147792458607906
usdpen,2025-12-04,PC3,1.2820536652052164,1.8042663252092195
usdpen,2025-12-05,PC3,0.9434059538626461,1.3276788950045963
usdpen,2025-12-08,PC3,0.32585354437913866,0.45858187767766984
usdpen,2025-12-09,PC3,0.2157389033980719,0.3036147776048034
usdpen,2025-12-10,PC3,-0.8299710585278416,-1.1680391175827542
usdpen,2025-12-11,PC3,-0.2098340254614388,-0.2953046945679674
usdpen,2025-12-12,PC3,-0.2718885454925603,-0.38263557927102837
usdpen,2025-12-15,PC3,0.0483986103203866,0.06811257996288153
usdpen,2025-12-16,PC3,0.6993954335100468,0.9842767607433116
usdpen,2025-12-17,PC3,0.6142567879585795,0.8644590063766504
usdpen,2025-12-18,PC3,0.702894187988289,0.9892006458010066
usdpen,2025-12-19,PC3,1.5023693983469684,2.114322190271479
usdpen,2025-12-22,PC3,2.2675609177421348,3.191195435323498
usdpen,2025-12-23,PC3,1.3590772158142215,1.9126635026312981
usdpen,2025-12-24,PC3,1.1102202788192985,1.5624408844987094
usdpen,2025-12-25,PC3,1.2651936417584915,1.780538790728598
usdpen,2025-12-26,PC3,1.315610324890566,1.851491455248601
usdpen,2025-12-29,PC3,1.5190282055133015,2.1377665480266264
usdpen,2025-12-30,PC3,1.0243019408741074,1.4415258494423258
usdpen,2025-12-31,PC3,0.697301725182172,0.9813302324244756
usdpen,2026-01-01,PC3,-0.027825802498648036,-0.03915995077491418
usdpen,2026-01-02,PC3,0.26818045705451465,0.3774170932737241
usdpen,2026-01-05,PC3,0.4221720872572364,0.5941333823647648
usdpen,2026-01-06,PC3,0.5118701003837887,0.7203676492404087
usdpen,2026-01-07,PC3,0.24172809044010446,0.34019001331617066
usdpen,2026-01-08,PC3,0.7445372379104279,1.0478059559316828
usdpen,2026-01-09,PC3,1.611500818120207,2.2679055784423703
usdpen,2026-01-12,PC3,2.037088828766536,2.866846275592549
usdpen,2026-01-13,PC3,1.736634903970055,2.4440099205321224
usdpen,2026-01-14,PC3,1.5426935402261863,2.1710713679854914
usdpen,2026-01-15,PC3,1.3011557930379605,1.8311492295086624
usdpen,2026-01-16,PC3,1.48925499126308,2.095865955779331
usdpen,2026-01-19,PC3,1.544563674523816,2.173703254955911
usdpen,2026-01-20,PC3,1.5579487975587107,2.1925404748056567
usdpen,2026-01-21,PC3,0.961842380742075,1.3536249416316002
usdpen,2026-01-22,PC3,0.23753950311681768,0.3342953091686693
usdpen,2026-01-23,PC3,0.04695143357270627,0.06607593177620248
usdpen,2026-01-26,PC3,0.15999018115342664,0.22515820051342628
usdpen,2026-01-27,PC3,-0.42026770534988706,-0.5914532978729697
usdpen,2026-01-28,PC3,-0.551853560641371,-0.7766373771511763
usdpen,2026-01-29,PC3,-0.972429539279645,-1.3685245157659902
usdpen,2026-01-30,PC3,-0.3933678249134037,-0.5535964204731205
usdpen,2026-02-02,PC3,0.39523482673173144,0.5562238990267357
usdpen,2026-02-03,PC3,0.42184048934437945,0.5936667162930432
usdpen,2026-02-04,PC3,0.2214119589482859,0.311598611174402
usdpen,2026-02-05,PC3,-0.03578432334655608,-0.05036017706345846
usdpen,2026-02-06,PC3,0.48368267469165155,0.6806987770621763
usdpen,2026-02-09,PC3,1.4254312313935937,2.0060451754126056
usdpen,2026-02-10,PC3,1.4255256172771038,2.00617800703722
usdpen,2026-02-11,PC3,1.6628189762008898,2.3401269113004752
usdpen,2026-02-12,PC3,1.4301676744052507,2.012710890631194
usdpen,2026-02-13,PC3,1.4770590102298518,2.078702245336975
usdpen,2026-02-16,PC3,1.459698822158488,2.054270816617143
usdpen,2026-02-17,PC3,1.2111881031463283,1.7045354397478767
usdpen,2026-02-18,PC3,0.7418807512029044,1.044067415463501
usdpen,2026-02-19,PC3,0.7879297411352244,1.108873315637332
usdpen,2026-02-20,PC3,0.90084203600423,1.2677776242971655
usdpen,2026-02-23,PC3,-0.1930892262431869,-0.27173931803823714
usdpen,2026-02-24,PC3,-0.2598420440334639,-0.3656822351879222
usdpen,2026-02-25,PC3,-0.19122236066705012,-0.2691120312216773
usdpen,2026-02-26,PC3,-0.5921909438495666,-0.83340518972005
usdpen,2026-02-27,PC3,-0.35635007410778086,-0.5015004099657282
usdpen,2026-03-02,PC3,-0.484264374040619,-0.6815174171668966
usdpen,2026-03-03,PC3,-0.6178789393139871,-0.8695565509590213
usdpen,2026-03-04,PC3,-0.4324757174668324,-0.6086339399616336
usdpen,2026-03-05,PC3,-1.2490418863725947,-1.7578080196800063
usdpen,2026-03-06,PC3,-1.521874371445492,-2.141772028831979
usdpen,2026-03-09,PC3,-0.5753359287242122,-0.8096847035758906
usdpen,2026-03-10,PC3,0.3288935360222131,0.4628601342743925
usdpen,2026-03-11,PC3,0.1807097157512718,0.25431732197884127
usdpen,2026-03-12,PC3,-0.05040494838140344,-0.07093614991063522
usdpen,2026-03-13,PC3,0.04442934236045213,0.06252652946421124
usdpen,2026-03-16,PC3,0.7467875303333696,1.05097284898053
usdpen,2026-03-17,PC3,0.6402580576770049,0.9010512463419937
usdpen,2026-03-18,PC3,0.8134380441793689,1.144771791219799
usdpen,2026-03-19,PC3,0.9135040506291783,1.2855971955188148
usdpen,2026-03-20,PC3,1.0802389821714453,1.520247452666688
usdpen,2026-03-23,PC3,1.2329717694364577,1.735192140472323
usdpen,2026-03-24,PC3,1.2074976269889999,1.699341739955607
usdpen,2026-03-25,PC3,1.0591439150467168,1.4905598348436981
usdpen,2026-03-26,PC3,0.8773077186650388,1.2346571883791468
usdpen,2026-03-27,PC3,1.6390990489019719,2.3067452618240485
usdcop,2025-02-04,PC1,0.20208852332231336,0.034891044161364036
usdcop,2025-02-05,PC1,0.8361587323619001,0.14436471095500267
usdcop,2025-02-06,PC1,-2.1198982117946823,-0.36600525803910194
usdcop,2025-02-07,PC1,-3.3815053337750705,-0.5838246031639249
usdcop,2025-02-10,PC1,-4.507572389615126,-0.7782426469402595
usdcop,2025-02-11,PC1,-6.68624799214323,-1.1543959554577092
usdcop,2025-02-12,PC1,-5.352476589263144,-0.9241172827552949
usdcop,2025-02-13,PC1,-1.7322866597624482,-0.29908324011806653
usdcop,2025-02-14,PC1,-3.263803095829777,-0.5635030435101356
usdcop,2025-02-17,PC1,-5.979686076424025,-1.0324064302792917
usdcop,2025-02-18,PC1,-5.040046843617855,-0.8701755750649115
usdcop,2025-02-19,PC1,-1.7869172631898476,-0.3085153383164746
usdcop,2025-02-20,PC1,0.23207501604733216,0.04006828047697783
usdcop,2025-02-21,PC1,-2.389935039511074,-0.4126277318251079
usdcop,2025-02-24,PC1,-3.303849930302532,-0.5704172207585051
usdcop,2025-02-25,PC1,-2.4096024787619648,-0.41602336003873647
usdcop,2025-02-26,PC1,-2.369215896578444,-0.40905052457373414
usdcop,2025-02-27,PC1,-3.043356917652755,-0.525442508396467
usdcop,2025-02-28,PC1,-1.4601501998052062,-0.25209826004009617
usdcop,2025-03-03,PC1,-1.4903585044605776,-0.2573137926910496
usdcop,2025-03-04,PC1,-0.9163068735270371,-0.15820247020461542
usdcop,2025-03-05,PC1,1.3703556534278134,0.23659502694404225
usdcop,2025-03-06,PC1,-0.260525444424566,-0.044980311781875226
usdcop,2025-03-07,PC1,-0.45803512974576355,-0.07908080912604121
usdcop,2025-03-10,PC1,-3.2150897682887187,-0.5550925764804407
usdcop,2025-03-11,PC1,-4.174597933272925,-0.7207538481215733
usdcop,2025-03-12,PC1,-1.5187795716217578,-0.26222075471507433
usdcop,2025-03-13,PC1,-2.4658818490476153,-0.4257401215931694
usdcop,2025-03-14,PC1,-0.6646845956398341,-0.11475931041793595
usdcop,2025-03-17,PC1,-2.711460485665381,-0.4681398329397261
usdcop,2025-03-18,PC1,-3.2150353958650832,-0.5550831889575719
usdcop,2025-03-19,PC1,-3.2627396621851714,-0.563319439267566
usdcop,2025-03-20,PC1,-6.0167406517789805,-1.0388039871708739
usdcop,2025-03-21,PC1,-5.4336642208758885,-0.9381345123999435
usdcop,2025-03-24,PC1,-5.377919170039392,-0.9285100023162532
usdcop,2025-03-25,PC1,-4.963122809613033,-0.856894465265065
usdcop,2025-03-26,PC1,-0.9331056190458148,-0.16110281190693151
usdcop,2025-03-27,PC1,1.0999803095458982,0.1899141075704965
usdcop,2025-03-28,PC1,2.415684040541435,0.41707335554134706
usdcop,2025-03-31,PC1,0.9102211267731068,0.15715175215662658
usdcop,2025-04-01,PC1,2.4539893497749223,0.42368685448778987
usdcop,2025-04-02,PC1,-1.1968117654710335,-0.2066322791388268
usdcop,2025-04-03,PC1,-0.3381553144745913,-0.05838328578370119
usdcop,2025-04-04,PC1,0.8813701430961342,0.15217056406626414
usdcop,2025-04-07,PC1,2.099607332111375,0.36250199141384215
usdcop,2025-04-08,PC1,6.692563179306296,1.1554862869152875
usdcop,2025-04-09,PC1,12.117324068455058,2.0920836187996463
usdcop,2025-04-10,PC1,9.836648450257602,1.6983197750935997
usdcop,2025-04-11,PC1,5.798817390485362,1.001179039407477
usdcop,2025-04-14,PC1,1.8998399261477699,0.3280116934548603
usdcop,2025-04-15,PC1,0.6843498605970355,0.11815456323480371
usdcop,2025-04-16,PC1,-7.554234806880014,-1.3042558573788132
usdcop,2025-04-17,PC1,-8.178419597148315,-1.412022784090273
usdcop,2025-04-18,PC1,-3.7651824092137254,-0.650067324733433
usdcop,2025-04-21,PC1,-2.336994086920384,-0.4034873556947902
usdcop,2025-04-22,PC1,5.106429291933317,0.8816366560686073
usdcop,2025-04-23,PC1,6.538515384899108,1.1288895840978326
usdcop,2025-04-24,PC1,9.057699714302831,1.5638325004140308
usdcop,2025-04-25,PC1,5.595062194321462,0.9660002403812533
usdcop,2025-04-28,PC1,5.537374181892083,0.9560402735500617
usdcop,2025-04-29,PC1,2.5633809656499627,0.4425735662991852
usdcop,2025-04-30,PC1,-4.062769027927854,-0.7014463327279912
usdcop,2025-05-01,PC1,-1.6512889863877014,-0.28509880719617
usdcop,2025-05-02,PC1,-1.829014062405468,-0.31578344665007685
usdcop,2025-05-05,PC1,2.4643825837451927,0.42548127002150987
usdcop,2025-05-06,PC1,1.1377228962094619,0.19643045118265798
usdcop,2025-05-07,PC1,-2.9411204803268225,-0.5077911544699981
usdcop,2025-05-08,PC1,-2.0080736247347777,-0.34669848820729626
usdcop,2025-05-09,PC1,-0.9137476271475753,-0.15776061048404535
usdcop,2025-05-12,PC1,-0.8588949642613349,-0.1482901732139399
usdcop,2025-05-13,PC1,-1.1447907724391122,-0.19765073612314604
usdcop,2025-05-14,PC1,-0.43933892792470797,-0.07585286726836425
usdcop,2025-05-15,PC1,-0.535090001093902,-0.09238450829142204
usdcop,2025-05-16,PC1,-5.702026656209869,-0.9844678985247715
usdcop,2025-05-19,PC1,-6.121662987125339,-1.0569190675123956
usdcop,2025-05-20,PC1,-7.52221605601411,-1.2987277470631564
usdcop,2025-05-21,PC1,-5.727938866005624,-0.9889417006063486
usdcop,2025-05-22,PC1,-6.361809895559449,-1.0983809786077912
usdcop,2025-05-23,PC1,-6.104809111410369,-1.0540092074560516
usdcop,2025-05-26,PC1,-6.564976111865966,-1.1334580889192067
usdcop,2025-05-27,PC1,-5.031718790845397,-0.868737717772053
usdcop,2025-05-28,PC1,-7.135179092331959,-1.2319049331303917
usdcop,2025-05-29,PC1,-6.10730793898863,-1.0544406357328848
usdcop,2025-05-30,PC1,-5.021484092583803,-0.8669706737897781
usdcop,2025-06-02,PC1,-3.382179585837931,-0.5839410143193652
usdcop,2025-06-03,PC1,-4.137871945423517,-0.7144130226117561
usdcop,2025-06-04,PC1,-3.4147836971858756,-0.589570188456428
usdcop,2025-06-05,PC1,-2.5136165404333357,-0.4339816248600912
usdcop,2025-06-06,PC1,-0.8973008760155217,-0.1549210414148795
usdcop,2025-06-09,PC1,-3.3743378665783035,-0.5825871236159713
usdcop,2025-06-10,PC1,-1.1179640820873789,-0.1930190468892517
usdcop,2025-06-11,PC1,-0.3739582672142305,-0.06456474717799128
usdcop,2025-06-12,PC1,0.13429069785081904,0.023185595065684707
usdcop,2025-06-13,PC1,0.8277160387921764,0.14290706066720144
usdcop,2025-06-16,PC1,-4.421212253536812,-0.7633323726102123
usdcop,2025-06-17,PC1,-7.110654199006867,-1.2276706543995124
usdcop,2025-06-18,PC1,-3.8259723089550812,-0.6605628394790065
usdcop,2025-06-19,PC1,-5.212620921181232,-0.8999708828952675
usdcop,2025-06-20,PC1,-4.630341254051439,-0.7994389712058192
usdcop,2025-06-23,PC1,-5.626516112011188,-0.9714308309616484
usdcop,2025-06-24,PC1,-5.815732313204212,-1.004099439368182
usdcop,2025-06-25,PC1,-3.415978725678172,-0.5897765128493886
usdcop,2025-06-26,PC1,-3.2000419645492513,-0.5524945388671523
usdcop,2025-06-27,PC1,-4.8844352778125035,-0.8433088835513415
usdcop,2025-06-30,PC1,-3.2110667096245007,-0.554397986232517
usdcop,2025-07-01,PC1,-3.824941999751374,-0.6603849542466568
usdcop,2025-07-02,PC1,0.1021973631130051,0.017644607674547393
usdcop,2025-07-03,PC1,-2.0753697770036204,-0.35831732228110036
usdcop,2025-07-04,PC1,0.353405306616502,0.06101623168550936
usdcop,2025-07-07,PC1,-1.3816460783981792,-0.2385443445488486
usdcop,2025-07-08,PC1,0.4080131393210193,0.07044439846671176
usdcop,2025-07-09,PC1,-0.8263349633716524,-0.14266861484803478
usdcop,2025-07-10,PC1,1.3215698789657144,0.2281720517883052
usdcop,2025-07-11,PC1,-3.3812475665696007,-0.5837800990683853
usdcop,2025-07-14,PC1,-4.517030546083518,-0.7798756192120071
usdcop,2025-07-15,PC1,-2.765918449171976,-0.47754212446231825
usdcop,2025-07-16,PC1,-1.3974049301194966,-0.24126514621685782
usdcop,2025-07-17,PC1,-2.1761680752605104,-0.37572037821942417
usdcop,2025-07-18,PC1,-0.37493748978656005,-0.0647338121869946
usdcop,2025-07-21,PC1,-3.7604539541729474,-0.6492509461933231
usdcop,2025-07-22,PC1,-1.9359762086884422,-0.3342507049990394
usdcop,2025-07-23,PC1,-0.6992891638554909,-0.12073386799274553
usdcop,2025-07-24,PC1,1.8419146168750025,0.3180107567827993
usdcop,2025-07-25,PC1,4.171615200280869,0.7202388724721084
usdcop,2025-07-28,PC1,2.147531223491397,0.3707761604910137
usdcop,2025-07-29,PC1,2.3537334467815056,0.40637744432795786
usdcop,2025-07-30,PC1,1.077143756063605,0.1859713245616206
usdcop,2025-07-31,PC1,2.939314221053055,0.5074792996894707
usdcop,2025-08-01,PC1,-1.898969254945682,-0.3278613700873442
usdcop,2025-08-04,PC1,-4.349031805596632,-0.750870253756233
usdcop,2025-08-05,PC1,-3.0800454138449767,-0.5317768608862182
usdcop,2025-08-06,PC1,-1.4704376884181667,-0.2538744183968567
usdcop,2025-08-07,PC1,-1.145728093277771,-0.19781256670232666
usdcop,2025-08-08,PC1,-0.2810388192173441,-0.04852199269490707
usdcop,2025-08-11,PC1,-1.1070679595084383,-0.1911378064910372
usdcop,2025-08-12,PC1,-2.9998927659399373,-0.5179383235376889
usdcop,2025-08-13,PC1,-2.8832445578813917,-0.49779874454624157
usdcop,2025-08-14,PC1,-2.583781225661943,-0.4460957176874953
usdcop,2025-08-15,PC1,-3.6459526926754364,-0.6294820424190611
usdcop,2025-08-18,PC1,-3.935585487476563,-0.679487804586306
usdcop,2025-08-19,PC1,-3.933412873707187,-0.6791126978670988
usdcop,2025-08-20,PC1,-2.6850881210901822,-0.46358658408667136
usdcop,2025-08-21,PC1,-3.3899734247800373,-0.5852866383768079
usdcop,2025-08-22,PC1,-2.281553360660362,-0.3939153879428594
usdcop,2025-08-25,PC1,-3.2066861893258225,-0.5536416794186602
usdcop,2025-08-26,PC1,-3.2602071416785576,-0.562882193829858
usdcop,2025-08-27,PC1,-5.76924566088418,-0.9960734128905413
usdcop,2025-08-28,PC1,-5.513219874586374,-0.9518699773400856
usdcop,2025-08-29,PC1,-1.4122888656214303,-0.2438348916054398
usdcop,2025-09-01,PC1,-2.325389001808602,-0.40148371129937954
usdcop,2025-09-02,PC1,-0.595114398515669,-0.10274785731674933
usdcop,2025-09-03,PC1,-2.7211901793112947,-0.46981968672407326
usdcop,2025-09-04,PC1,-1.7081291402720358,-0.2949123893170803
usdcop,2025-09-05,PC1,-2.96624121709797,-0.5121283069299138
usdcop,2025-09-08,PC1,-6.378333402118761,-1.1012337996764177
usdcop,2025-09-09,PC1,-4.334482010461145,-0.7483581984635066
usdcop,2025-09-10,PC1,-9.299654815397508,-1.6056066000935911
usdcop,2025-09-11,PC1,-5.814054679552413,-1.0038097920944566
usdcop,2025-09-12,PC1,-8.152969771305509,-1.40762881365206
usdcop,2025-09-15,PC1,-7.876751086981188,-1.359939028232714
usdcop,2025-09-16,PC1,-6.3170946984397505,-1.090660797908073
usdcop,2025-09-17,PC1,-5.283059027631161,-0.9121321825197275
usdcop,2025-09-18,PC1,-6.791921293135998,-1.1726406917297203
usdcop,2025-09-19,PC1,-6.082365030834152,-1.0501341857889526
usdcop,2025-09-22,PC1,-5.735404606131387,-0.9902306776553312
usdcop,2025-09-23,PC1,-6.01943315101238,-1.0392688533003924
usdcop,2025-09-24,PC1,-2.7421075653134195,-0.4734311210932403
usdcop,2025-09-25,PC1,-0.5036338921561692,-0.08695353938706406
usdcop,2025-09-26,PC1,0.9637785558822802,0.16639856436296305
usdcop,2025-09-29,PC1,0.4477753292009297,0.07730943117735112
usdcop,2025-09-30,PC1,-0.8716077208423577,-0.15048505961317243
usdcop,2025-10-01,PC1,-1.8484383634745942,-0.31913709650245164
usdcop,2025-10-02,PC1,0.4008337081175144,0.06920485330572584
usdcop,2025-10-03,PC1,-0.06685661473796708,-0.01154294691728339
usdcop,2025-10-06,PC1,-2.334004890191592,-0.40297126406644507
usdcop,2025-10-07,PC1,-3.248994775936025,-0.560946353328653
usdcop,2025-10-08,PC1,-3.7826353168136397,-0.6530806090100546
usdcop,2025-10-09,PC1,-2.8042227016982983,-0.4841554409658605
usdcop,2025-10-10,PC1,1.809174594088413,0.31235811722607876
usdcop,2025-10-13,PC1,-1.4988108798077433,-0.25877311455979335
usdcop,2025-10-14,PC1,-2.87482408893858,-0.49634493139093216
usdcop,2025-10-15,PC1,-2.0286535515225648,-0.35025165947395487
usdcop,2025-10-16,PC1,-0.17735838963319234,-0.030621330213840853
usdcop,2025-10-17,PC1,8.635603706135683,1.490956662542691
usdcop,2025-10-20,PC1,7.853942665349743,1.3560011022520067
usdcop,2025-10-21,PC1,7.2430405302861605,1.2505274562361004
usdcop,2025-10-22,PC1,8.200482772219006,1.4158320415536656
usdcop,2025-10-23,PC1,7.134403533798882,1.2317710311819665
usdcop,2025-10-24,PC1,10.238366497894708,1.7676773116330113
usdcop,2025-10-27,PC1,7.917954175418761,1.3670528353634985
usdcop,2025-10-28,PC1,4.979167341290002,0.859664590228553
usdcop,2025-10-29,PC1,2.8236984273613492,0.48751796939158615
usdcop,2025-10-30,PC1,5.500323687014568,0.9496434211622099
usdcop,2025-10-31,PC1,6.5001419707705015,1.1222643266860195
usdcop,2025-11-03,PC1,1.353007747313412,0.23359987141321878
usdcop,2025-11-04,PC1,3.2503069361332324,0.5611729007774391
usdcop,2025-11-05,PC1,3.6821764272745914,0.6357361527604631
usdcop,2025-11-06,PC1,2.099841696160264,0.3625424549010565
usdcop,2025-11-07,PC1,3.1725605936553762,0.5477498175454787
usdcop,2025-11-10,PC1,-4.685106291313196,-0.8088942797121371
usdcop,2025-11-11,PC1,-5.086833235061148,-0.8782533521853628
usdcop,2025-11-12,PC1,-2.6547102101351463,-0.4583417685215061
usdcop,2025-11-13,PC1,-1.4949434300202784,-0.2581053905391122
usdcop,2025-11-14,PC1,3.2494025629981556,0.5610167586943778
usdcop,2025-11-17,PC1,3.4099226634147635,0.5887309198963466
usdcop,2025-11-18,PC1,2.9673645587468944,0.5123222544259748
usdcop,2025-11-19,PC1,3.341157159320075,0.5768583988807937
usdcop,2025-11-20,PC1,0.43870140817089465,0.07574279802980352
usdcop,2025-11-21,PC1,2.9320150411106742,0.5062190796357808
usdcop,2025-11-24,PC1,4.790182437650446,0.82703591587181
usdcop,2025-11-25,PC1,4.774967320268461,0.8244089911767917
usdcop,2025-11-26,PC1,7.9214856035405194,1.3676625444777188
usdcop,2025-11-27,PC1,9.86354717534805,1.702963901289318
usdcop,2025-11-28,PC1,3.0388454175645454,0.5246635876234127
usdcop,2025-12-01,PC1,2.5115181935450734,0.4336193404871812
usdcop,2025-12-02,PC1,4.673860756279553,0.8069527124572211
usdcop,2025-12-03,PC1,6.941200068069686,1.1984140124653
usdcop,2025-12-04,PC1,10.327588855713522,1.7830817550702678
usdcop,2025-12-05,PC1,10.218572580281185,1.764259846641799
usdcop,2025-12-08,PC1,9.063468214054446,1.5648284450439858
usdcop,2025-12-09,PC1,9.599356518394949,1.6573507822104645
usdcop,2025-12-10,PC1,13.541797014931987,2.3380221197353244
usdcop,2025-12-11,PC1,9.631686842407994,1.6629326863401277
usdcop,2025-12-12,PC1,7.9790137574859425,1.3775949113772985
usdcop,2025-12-15,PC1,3.3070218597444505,0.5709648616062651
usdcop,2025-12-16,PC1,1.4340095208535921,0.24758501223802265
usdcop,2025-12-17,PC1,-0.4515983366569324,-0.0779694821282098
usdcop,2025-12-18,PC1,-7.234692514734427,-1.2490861523238996
usdcop,2025-12-19,PC1,-11.752405565712923,-2.029079607561622
usdcop,2025-12-22,PC1,-15.427114929702785,-2.6635265548266913
usdcop,2025-12-23,PC1,-11.801854233589177,-2.037617032776211
usdcop,2025-12-24,PC1,-7.823194593962308,-1.3506923776445001
usdcop,2025-12-25,PC1,-8.655241416821807,-1.4943471580518535
usdcop,2025-12-26,PC1,-6.803573983377473,-1.1746525552592764
usdcop,2025-12-29,PC1,-7.7005328008037255,-1.3295145394790826
usdcop,2025-12-30,PC1,-5.925629384926753,-1.0230734192837074
usdcop,2025-12-31,PC1,-1.5659694690241301,-0.2703681980590507
usdcop,2026-01-01,PC1,5.823871914929381,1.0055047601581997
usdcop,2026-01-02,PC1,4.081625212863307,0.7047018960350103
usdcop,2026-01-05,PC1,6.7841664831639985,1.1713018061129234
usdcop,2026-01-06,PC1,8.309336417726453,1.4346258715549283
usdcop,2026-01-07,PC1,9.11058557998071,1.5729633656632949
usdcop,2026-01-08,PC1,6.029778716936849,1.0410550388373578
usdcop,2026-01-09,PC1,2.8632995250345354,0.4943551891655656
usdcop,2026-01-12,PC1,-1.6726526034715385,-0.2887872843786658
usdcop,2026-01-13,PC1,2.874265395863326,0.4962484717580902
usdcop,2026-01-14,PC1,0.39933478297988867,0.06894606046429334
usdcop,2026-01-15,PC1,4.839227148816687,0.835503597039698
usdcop,2026-01-16,PC1,7.097175457240837,1.2253435189122188
usdcop,2026-01-19,PC1,5.869330368760625,1.0133532658232325
usdcop,2026-01-20,PC1,8.929489165540065,1.5416966569465635
usdcop,2026-01-21,PC1,6.759334150110247,1.1670144472121595
usdcop,2026-01-22,PC1,9.702821537937817,1.6752142536569303
usdcop,2026-01-23,PC1,11.438614362183335,1.9749028410644158
usdcop,2026-01-26,PC1,11.97770969985531,2.067978879845196
usdcop,2026-01-27,PC1,9.355388836253336,1.6152292058259796
usdcop,2026-01-28,PC1,9.408307499696981,1.6243657336842576
usdcop,2026-01-29,PC1,9.350902192878628,1.6144545766211655
usdcop,2026-01-30,PC1,9.144962915430707,1.5788986909831937
usdcop,2026-02-02,PC1,1.5236014485359721,0.2630532627545649
usdcop,2026-02-03,PC1,1.0618869162876035,0.18333719640017965
usdcop,2026-02-04,PC1,4.457902830170898,0.7696670842929935
usdcop,2026-02-05,PC1,6.889994060245817,1.1895731785033423
usdcop,2026-02-06,PC1,7.724597855194367,1.3336694259698427
usdcop,2026-02-09,PC1,1.7336152552326354,0.2993126251541927
usdcop,2026-02-10,PC1,4.911070184800539,0.847907460950372
usdcop,2026-02-11,PC1,6.934971477529144,1.1973386321119759
usdcop,2026-02-12,PC1,5.1141718123256545,0.8829734198614648
usdcop,2026-02-13,PC1,5.691929648359641,0.9827246271058497
usdcop,2026-02-16,PC1,3.3502034133963154,0.5784202552657088
usdcop,2026-02-17,PC1,-1.002265415775336,-0.17304340844457877
usdcop,2026-02-18,PC1,5.120055137332279,0.8839891893334124
usdcop,2026-02-19,PC1,2.831292739958797,0.4888291447708537
usdcop,2026-02-20,PC1,3.9642304334625575,0.6844334197997107
usdcop,2026-02-23,PC1,9.306615321093043,1.6068083472666412
usdcop,2026-02-24,PC1,10.094727513575993,1.742877713601586
usdcop,2026-02-25,PC1,11.005126878219313,1.9000602389327528
usdcop,2026-02-26,PC1,6.041986841832078,1.0431627994258577
usdcop,2026-02-27,PC1,3.7309472303120716,0.6441565430656161
usdcop,2026-03-02,PC1,8.061403083428221,1.3918196162869003
usdcop,2026-03-03,PC1,9.105753947420162,1.5721291732892297
usdcop,2026-03-04,PC1,12.358827774388114,2.133779784075712
usdcop,2026-03-05,PC1,18.689411315415757,3.2267694614009956
usdcop,2026-03-06,PC1,22.22475979981848,3.837155435167405
usdcop,2026-03-09,PC1,4.426796957736701,0.7642965845192466
usdcop,2026-03-10,PC1,2.067005052531566,0.35687313353572314
usdcop,2026-03-11,PC1,2.962320479036612,0.5114513825672884
usdcop,2026-03-12,PC1,4.8594898917528875,0.8390020057914397
usdcop,2026-03-13,PC1,4.288596467186981,0.7404359548327115
usdcop,2026-03-16,PC1,2.844891547701925,0.49117700992275365
usdcop,2026-03-17,PC1,2.4373594774446943,0.4208156691263807
usdcop,2026-03-18,PC1,-2.5827580868669795,-0.4459190704425583
usdcop,2026-03-19,PC1,-13.072030674175792,-2.2569158902899975
usdcop,2026-03-20,PC1,-10.583142432559194,-1.8272036625825299
usdcop,2026-03-23,PC1,-10.690643796371111,-1.8457640180668744
usdcop,2026-03-24,PC1,-15.34815503039522,-2.649893948242085
usdcop,2026-03-25,PC1,-12.588723233409507,-2.1734717590644106
usdcop,2026-03-26,PC1,-11.820323622757162,-2.0408058149123733
usdcop,2026-03-27,PC1,-20.155180196662165,-3.479837799598281
usdcop,2025-02-04,PC2,0.08487355676388374,0.05936879971272552
usdcop,2025-02-05,PC2,0.5551219093059979,0.38830611920056624
usdcop,2025-02-06,PC2,0.014972814579439641,0.010473439122807274
usdcop,2025-02-07,PC2,-0.11283365614879431,-0.07892680580581571
usdcop,2025-02-10,PC2,-0.49299188283331113,-0.3448463510649496
usdcop,2025-02-11,PC2,-0.5508126125216309,-0.3852917789578705
usdcop,2025-02-12,PC2,-0.457590872328417,-0.320083449845433
usdcop,2025-02-13,PC2,-0.36199721024175757,-0.2532159684458122
usdcop,2025-02-14,PC2,-0.4412058230778953,-0.30862215678399657
usdcop,2025-02-17,PC2,-0.6383599296434148,-0.4465308660630454
usdcop,2025-02-18,PC2,-0.6393091566926582,-0.447194847551711
usdcop,2025-02-19,PC2,-0.6162953410539683,-0.43109675218049964
usdcop,2025-02-20,PC2,-0.6129440620469161,-0.42875254251452977
usdcop,2025-02-21,PC2,-0.9195362403933806,-0.643212856465746
usdcop,2025-02-24,PC2,-0.924358852343346,-0.6465862591351569
usdcop,2025-02-25,PC2,-0.4553184238739047,-0.318493878931977
usdcop,2025-02-26,PC2,0.2636652787352745,0.18443307575740892
usdcop,2025-02-27,PC2,0.14935939475239202,0.10447645097444347
usdcop,2025-02-28,PC2,0.348597480470502,0.24384289745260404
usdcop,2025-03-03,PC2,0.09409242596995901,0.06581737121534194
usdcop,2025-03-04,PC2,0.4413978094681954,0.30875645069117114
usdcop,2025-03-05,PC2,0.3850591835706242,0.26934774997761435
usdcop,2025-03-06,PC2,0.3422218852537375,0.2393831876218201
usdcop,2025-03-07,PC2,0.6281012451361431,0.439354946859821
usdcop,2025-03-10,PC2,0.33264244428470024,0.23268239724687687
usdcop,2025-03-11,PC2,0.34031169182929694,0.2380470130210117
usdcop,2025-03-12,PC2,0.43357972209095164,0.3032877218982043
usdcop,2025-03-13,PC2,0.21514518132553026,0.15049341239235575
usdcop,2025-03-14,PC2,-0.30665832026109535,-0.214506580023146
usdcop,2025-03-17,PC2,-0.4074471952716341,-0.285008097361673
usdcop,2025-03-18,PC2,-0.2813079834156304,-0.19677409503944943
usdcop,2025-03-19,PC2,-0.07262046024069096,-0.05079779525523374
usdcop,2025-03-20,PC2,-0.6217571032478013,-0.43491723853841524
usdcop,2025-03-21,PC2,-0.5393828737857971,-0.3772967108159256
usdcop,2025-03-24,PC2,-0.7755847021750598,-0.5425191850010591
usdcop,2025-03-25,PC2,-1.0851824414596631,-0.7590818798605854
usdcop,2025-03-26,PC2,-0.7706945000142038,-0.5390985031808042
usdcop,2025-03-27,PC2,-0.8038715371452916,-0.5623057416611799
usdcop,2025-03-28,PC2,-0.8606854892227727,-0.6020469316193171
usdcop,2025-03-31,PC2,-0.9870720973589233,-0.6904539869013285
usdcop,2025-04-01,PC2,-0.49292032695917765,-0.34479629794449984
usdcop,2025-04-02,PC2,-0.7470760233840134,-0.5225774492502107
usdcop,2025-04-03,PC2,-0.7088754243707034,-0.4958562442224
usdcop,2025-04-04,PC2,-0.6406064039454336,-0.44810226813433324
usdcop,2025-04-07,PC2,-0.6297765173246049,-0.4405267947570106
usdcop,2025-04-08,PC2,-0.6547051094021243,-0.45796427053392086
usdcop,2025-04-09,PC2,0.0041799763167593125,0.0029238809614654383
usdcop,2025-04-10,PC2,0.4350625061226514,0.3043249249040841
usdcop,2025-04-11,PC2,0.5407611992465399,0.3782608453631057
usdcop,2025-04-14,PC2,0.26392203862397423,0.18461267853344057
usdcop,2025-04-15,PC2,0.5931601796151711,0.4149137757841856
usdcop,2025-04-16,PC2,1.4108566732462606,0.9868900332566207
usdcop,2025-04-17,PC2,1.4990508508796418,1.0485815973595716
usdcop,2025-04-18,PC2,1.132123774073456,0.7919172019615536
usdcop,2025-04-21,PC2,1.1936140650273184,0.8349294770105756
usdcop,2025-04-22,PC2,0.28876423302926274,0.20198971939641652
usdcop,2025-04-23,PC2,0.29838330292416587,0.20871823008675913
usdcop,2025-04-24,PC2,0.37758999329580784,0.26412307366676496
usdcop,2025-04-25,PC2,0.3121430031864652,0.21834309936438523
usdcop,2025-04-28,PC2,0.05386420037227157,0.037677847441741116
usdcop,2025-04-29,PC2,0.3250321786770159,0.22735903916162337
usdcop,2025-04-30,PC2,0.4994403625092453,0.3493570433574557
usdcop,2025-05-01,PC2,0.3841831173421884,0.2687349442648082
usdcop,2025-05-02,PC2,0.011900896204890113,0.008324641385723716
usdcop,2025-05-05,PC2,-0.17857665588568838,-0.12491383795944147
usdcop,2025-05-06,PC2,-0.20434581420079914,-0.14293928731148617
usdcop,2025-05-07,PC2,-0.3601111718436421,-0.251896690213845
usdcop,2025-05-08,PC2,-0.2233146530132782,-0.1562079334620646
usdcop,2025-05-09,PC2,-0.27939863250889824,-0.19543850977726415
usdcop,2025-05-12,PC2,-0.5376958287879459,-0.37611662787369166
usdcop,2025-05-13,PC2,-0.5541008837950876,-0.3875919149021912
usdcop,2025-05-14,PC2,-0.6142276712961554,-0.4296504233543712
usdcop,2025-05-15,PC2,0.15295097034640784,0.10698874738600339
usdcop,2025-05-16,PC2,0.4231631619305803,0.29600136914669833
usdcop,2025-05-19,PC2,0.26340466766148335,0.18425077908889684
usdcop,2025-05-20,PC2,0.6154060432986472,0.43047469105412095
usdcop,2025-05-21,PC2,1.1965587563342157,0.8369892797934534
usdcop,2025-05-22,PC2,0.7877554554028563,0.5510325905691151
usdcop,2025-05-23,PC2,1.919245752826144,1.3425066775040257
usdcop,2025-05-26,PC2,1.1564428890250578,0.808928350307427
usdcop,2025-05-27,PC2,1.6393963959167839,1.146752887353497
usdcop,2025-05-28,PC2,1.4033659780388836,0.981650314309611
usdcop,2025-05-29,PC2,1.9731356268465345,1.3802024835860198
usdcop,2025-05-30,PC2,1.6515376148319223,1.1552456337579686
usdcop,2025-06-02,PC2,1.993632766559259,1.3945401716562138
usdcop,2025-06-03,PC2,1.9737484463101014,1.3806311489722694
usdcop,2025-06-04,PC2,1.9159696916091418,1.340215082457763
usdcop,2025-06-05,PC2,1.553545749832111,1.0867006165762962
usdcop,2025-06-06,PC2,1.589721383134071,1.11200536413106
usdcop,2025-06-09,PC2,1.7809466298878895,1.2457668536622089
usdcop,2025-06-10,PC2,1.0237879821446314,0.7161366387569891
usdcop,2025-06-11,PC2,1.3121761341533642,0.9178632906016841
usdcop,2025-06-12,PC2,1.4708552415442049,1.0288588527587932
usdcop,2025-06-13,PC2,2.1333211685339903,1.49225179203875
usdcop,2025-06-16,PC2,1.5378362175640907,1.0757118456285288
usdcop,2025-06-17,PC2,1.1449837403643939,0.8009127100108162
usdcop,2025-06-18,PC2,1.2361716737254433,0.8646983973125769
usdcop,2025-06-19,PC2,1.1741616990077872,0.8213226050214006
usdcop,2025-06-20,PC2,0.9585227108503858,0.6704837762235616
usdcop,2025-06-23,PC2,1.3503113327957468,0.9445387482651711
usdcop,2025-06-24,PC2,1.3006224384089515,0.9097815149020982
usdcop,2025-06-25,PC2,1.0719834667816766,0.7498492364561107
usdcop,2025-06-26,PC2,1.0961134066222415,0.76672805737627
usdcop,2025-06-27,PC2,1.0198052612036261,0.7133507373422998
usdcop,2025-06-30,PC2,1.2947230834827481,0.9056549337335678
usdcop,2025-07-01,PC2,0.6441786196971092,0.45060102239394545
usdcop,2025-07-02,PC2,1.068425401504475,0.7473603804111751
usdcop,2025-07-03,PC2,1.1433332691206153,0.7997582103004283
usdcop,2025-07-04,PC2,0.9050268195343679,0.6330635598677206
usdcop,2025-07-07,PC2,1.1054878447450307,0.7732854488719452
usdcop,2025-07-08,PC2,0.7894518128165892,0.5522191875184721
usdcop,2025-07-09,PC2,0.7544676345761411,0.5277478592242018
usdcop,2025-07-10,PC2,1.2391203977993401,0.866761021003938
usdcop,2025-07-11,PC2,1.089934407815987,0.7624058661480383
usdcop,2025-07-14,PC2,0.9992216796586733,0.6989525834683853
usdcop,2025-07-15,PC2,1.2140628674603307,0.8492333532978383
usdcop,2025-07-16,PC2,1.1563234707011818,0.8088448175461933
usdcop,2025-07-17,PC2,1.144176706969338,0.8003481925589808
usdcop,2025-07-18,PC2,1.0747535968528055,0.75178693417542
usdcop,2025-07-21,PC2,1.071649609937805,0.7496157045899763
usdcop,2025-07-22,PC2,1.0822717233248869,0.7570458412102417
usdcop,2025-07-23,PC2,1.4074727014973296,0.98452295511525445
usdcop,2025-07-24,PC2,1.276472519704049,0.8928887188259471
usdcop,2025-07-25,PC2,1.1840735787591397,0.82825593533265085
usdcop,2025-07-28,PC2,1.4039887504070225,0.9820859417229115
usdcop,2025-07-29,PC2,0.6869018812289184,0.48048581635883814
usdcop,2025-07-30,PC2,0.7917276905908224,0.5538111572308406
usdcop,2025-07-31,PC2,0.6920357566618015,0.4840769469058097
usdcop,2025-08-01,PC2,1.582921569985771,1.107248915122938
usdcop,2025-08-04,PC2,0.7969676023194999,0.5574764598503319
usdcop,2025-08-05,PC2,0.7238194700714246,0.5063095596003855
usdcop,2025-08-06,PC2,0.8319806038923276,0.5819679499795994
usdcop,2025-08-07,PC2,0.7071363523671753,0.49463976854493585
usdcop,2025-08-08,PC2,0.436035682311293,0.3050056587442999
usdcop,2025-08-11,PC2,0.4482357545097555,0.3135395728448517
usdcop,2025-08-12,PC2,0.18963478697316524,0.1326489676601582
usdcop,2025-08-13,PC2,0.1831182920683933,0.12809069891802607
usdcop,2025-08-14,PC2,0.10025213855001376,0.07012607178589265
usdcop,2025-08-15,PC2,0.74515078960529,0.5212307539664623
usdcop,2025-08-18,PC2,0.1310436430896028,0.09166463733640785
usdcop,2025-08-19,PC2,-0.0338829626803677,-0.02370103129577181
usdcop,2025-08-20,PC2,0.013383080492825343,0.009361424872629701
usdcop,2025-08-21,PC2,0.14273703732784937,0.09984413171560169
usdcop,2025-08-22,PC2,-0.18330906753647813,-0.1282241457887164
usdcop,2025-08-25,PC2,-0.15284035840651064,-0.10691137466408257
usdcop,2025-08-26,PC2,-0.23336298340587686,-0.1632367105897284
usdcop,2025-08-27,PC2,-0.37371453041237535,-0.2614121989433101
usdcop,2025-08-28,PC2,-0.25859778452944415,-0.1808883786806902
usdcop,2025-08-29,PC2,-0.4647089209988209,-0.3250625036517235
usdcop,2025-09-01,PC2,-0.4515754811020778,-0.31587570163118384
usdcop,2025-09-02,PC2,-0.19502269949170256,-0.13641779639055146
usdcop,2025-09-03,PC2,-0.5277163479528933,-0.36913601080609976
usdcop,2025-09-04,PC2,-0.3752549451367606,-0.26248971444676633
usdcop,2025-09-05,PC2,-0.37642097488782855,-0.2633053487784677
usdcop,2025-09-08,PC2,-0.9740700853113777,-0.6813591182691514
usdcop,2025-09-09,PC2,-0.7820433633932755,-0.5470369992520079
usdcop,2025-09-10,PC2,-0.9833734796327794,-0.6878668148377347
usdcop,2025-09-11,PC2,-1.1669392066418043,-0.8162704931616854
usdcop,2025-09-12,PC2,-0.694379091294481,-0.48571610248938146
usdcop,2025-09-15,PC2,-1.7566146926525656,-1.2287467361671267
usdcop,2025-09-16,PC2,-1.89452963657499,-1.3252178279336744
usdcop,2025-09-17,PC2,-1.9131852399550155,-1.3382673668338758
usdcop,2025-09-18,PC2,-1.8536176256290393,-1.2965999983492251
usdcop,2025-09-19,PC2,-1.884009839944465,-1.3178592615793303
usdcop,2025-09-22,PC2,-1.9489740256236623,-1.3633015156234034
usdcop,2025-09-23,PC2,-1.9249872904260612,-1.3465228659237067
usdcop,2025-09-24,PC2,-2.047506541508375,-1.4322247164858832
usdcop,2025-09-25,PC2,-1.9422747437866448,-1.3586153879675604
usdcop,2025-09-26,PC2,-1.9796093871910934,-1.3847308596307895
usdcop,2025-09-29,PC2,-2.137473043345917,-1.495156016081428
usdcop,2025-09-30,PC2,-2.1812478541615308,-1.5257763656327552
usdcop,2025-10-01,PC2,-1.9052351614391816,-1.332706310633297
usdcop,2025-10-02,PC2,-2.093246109900318,-1.464219408099458
usdcop,2025-10-03,PC2,-2.201033194145991,-1.5396161519168785
usdcop,2025-10-06,PC2,-2.2401122849435335,-1.566951859326538
usdcop,2025-10-07,PC2,-2.1948275370687247,-1.5352753133076162
usdcop,2025-10-08,PC2,-2.3399090322741567,-1.63675938631325
usdcop,2025-10-09,PC2,-2.234727358319011,-1.5631851192200947
usdcop,2025-10-10,PC2,-1.8999115178239554,-1.328982437809002
usdcop,2025-10-13,PC2,-2.252880001169398,-1.5758828387305353
usdcop,2025-10-14,PC2,-2.3952177959848715,-1.6754477014999778
usdcop,2025-10-15,PC2,-2.3586617719050946,-1.6498768717311316
usdcop,2025-10-16,PC2,-1.901699141726452,-1.3302328753949304
usdcop,2025-10-17,PC2,-1.5737165514425027,-1.1008100321176242
usdcop,2025-10-20,PC2,-1.422125369452837,-0.994772452629861
usdcop,2025-10-21,PC2,-1.474035295497703,-1.0310832910106953
usdcop,2025-10-22,PC2,-1.594443959442851,-1.1153087921679419
usdcop,2025-10-23,PC2,-1.5268961270407058,-1.068059284950188
usdcop,2025-10-24,PC2,-1.5076150804018666,-1.0545722503566286
usdcop,2025-10-27,PC2,-2.5565336955207734,-1.7882876918949622
usdcop,2025-10-28,PC2,-2.4077115524695523,-1.6841870468824514
usdcop,2025-10-29,PC2,-2.4190149158117484,-1.6920937158136224
usdcop,2025-10-30,PC2,-2.4170569289744925,-1.6907241098631545
usdcop,2025-10-31,PC2,-2.4309089573779623,-1.700413562400043
usdcop,2025-11-03,PC2,-2.511473576836199,-1.7567682733243666
usdcop,2025-11-04,PC2,-2.5478459937758497,-1.782210670446537
usdcop,2025-11-05,PC2,-2.5910749662153383,-1.8124492076824237
usdcop,2025-11-06,PC2,-2.741515036932787,-1.9176815882699285
usdcop,2025-11-07,PC2,-2.914509960099859,-2.038691020847335
usdcop,2025-11-10,PC2,-3.022193935264437,-2.1140156401701837
usdcop,2025-11-11,PC2,-2.7884038431372256,-1.9504801683042763
usdcop,2025-11-12,PC2,-2.7995879049503984,-1.9583033861718646
usdcop,2025-11-13,PC2,-2.4038606095433406,-1.6814933237959142
usdcop,2025-11-14,PC2,-2.3776522247067526,-1.6631606368026495
usdcop,2025-11-17,PC2,-2.1787456764132136,-1.5240260997637431
usdcop,2025-11-18,PC2,-2.2106978930959515,-1.5463765799950868
usdcop,2025-11-19,PC2,-2.17281431727339,-1.5198771317432789
usdcop,2025-11-20,PC2,-2.067271590707598,-1.4460503094262762
usdcop,2025-11-21,PC2,-2.0610582399656496,-1.4417040891215254
usdcop,2025-11-24,PC2,-1.8624038904128837,-1.3027459643492856
usdcop,2025-11-25,PC2,-1.5048809915618313,-1.0526597633709303
usdcop,2025-11-26,PC2,-1.6515300746680424,-1.155240359435829
usdcop,2025-11-27,PC2,-1.2467869351820833,-0.8721237410279391
usdcop,2025-11-28,PC2,-1.7604262830660964,-1.2314129322884626
usdcop,2025-12-01,PC2,-1.7172317184935362,-1.201198463252827
usdcop,2025-12-02,PC2,-1.8551810134218873,-1.2976935834455248
usdcop,2025-12-03,PC2,-2.001129906447235,-1.3997843986380694
usdcop,2025-12-04,PC2,-1.945242800493744,-1.3606915347781625
usdcop,2025-12-05,PC2,-1.575464629531464,-1.1020328075249806
usdcop,2025-12-08,PC2,-1.4638140936316628,-1.0239335908031688
usdcop,2025-12-09,PC2,-1.6085794097442176,-1.125196497476742
usdcop,2025-12-10,PC2,-1.4069949963701902,-0.9841888018041814
usdcop,2025-12-11,PC2,-1.519626741499488,-1.0629743714543183
usdcop,2025-12-12,PC2,-1.3948446462352826,-0.9756896681387268
usdcop,2025-12-15,PC2,-1.282201434567593,-0.8968960776791984
usdcop,2025-12-16,PC2,-1.3589253807220514,-0.9505642490872349
usdcop,2025-12-17,PC2,-1.451272123512281,-1.0151605201270804
usdcop,2025-12-18,PC2,-1.3104648783310797,-0.9166662722599951
usdcop,2025-12-19,PC2,-2.3133913515571543,-1.6182103477745045
usdcop,2025-12-22,PC2,-1.3955453052121447,-0.9761797770024331
usdcop,2025-12-23,PC2,-1.3640001250648692,-0.9541140176131397
usdcop,2025-12-24,PC2,-0.8217937890648692,-0.5748423034029537
usdcop,2025-12-25,PC2,-0.45918676439226863,-0.3211997715823141
usdcop,2025-12-26,PC2,-0.952668252998022,-0.6663886004242154
usdcop,2025-12-29,PC2,-0.9036569720668939,-0.6321053556515355
usdcop,2025-12-30,PC2,-0.7769973887057686,-0.5435073550141509
usdcop,2025-12-31,PC2,-1.0544931773931812,-0.7376148312159461
usdcop,2026-01-01,PC2,-0.791816032618523,-0.5538729522156205
usdcop,2026-01-02,PC2,-0.9515661730168938,-0.6656176987657751
usdcop,2026-01-05,PC2,0.04594570416576997,0.032138882972305785
usdcop,2026-01-06,PC2,0.02347308821448103,0.016419355167613132
usdcop,2026-01-07,PC2,0.056436784808448576,0.03947736257883332
usdcop,2026-01-08,PC2,0.0381062521000492,0.026655209643496693
usdcop,2026-01-09,PC2,0.04900002839809903,0.034275373659403086
usdcop,2026-01-12,PC2,-0.17561497724301667,-0.12284215258587586
usdcop,2026-01-13,PC2,-0.21019247894024937,-0.1470290118515984
usdcop,2026-01-14,PC2,0.2312837773836022,0.16178231218103453
usdcop,2026-01-15,PC2,0.3467768957013538,0.24256940383880052
usdcop,2026-01-16,PC2,0.8486589036635104,0.5936343709052446
usdcop,2026-01-19,PC2,1.0571558094132174,0.7394773343692698
usdcop,2026-01-20,PC2,1.1645171019137401,0.8145762381314243
usdcop,2026-01-21,PC2,1.1220815844368661,0.7848927202743952
usdcop,2026-01-22,PC2,1.6342784678676294,1.1431729119538603
usdcop,2026-01-23,PC2,1.8305641168711226,1.2804741377595537
usdcop,2026-01-26,PC2,1.8159503259670964,1.2702518346264542
usdcop,2026-01-27,PC2,1.5246011586298551,1.0664539613944715
usdcop,2026-01-28,PC2,1.314148471132779,0.9192429344337747
usdcop,2026-01-29,PC2,1.3667425146379208,0.9560323109368192
usdcop,2026-01-30,PC2,1.3517412088101695,0.9455389422708312
usdcop,2026-02-02,PC2,1.3004459033157765,0.9096580291311633
usdcop,2026-02-03,PC2,1.1877264070184201,0.8308110778007992
usdcop,2026-02-04,PC2,1.2772220975985207,0.8934130463265582
usdcop,2026-02-05,PC2,1.1747272477509667,0.8217182046797844
usdcop,2026-02-06,PC2,1.1318869096212552,0.7917515159839893
usdcop,2026-02-09,PC2,1.7554411480718948,1.2279258452345445
usdcop,2026-02-10,PC2,2.1084300496250914,1.474840528631478
usdcop,2026-02-11,PC2,2.210977146064637,1.546571916613458
usdcop,2026-02-12,PC2,2.239768414278474,1.566711322822365
usdcop,2026-02-13,PC2,2.1694254256136136,1.5175066121389598
usdcop,2026-02-16,PC2,2.9675916409863343,2.075821498243626
usdcop,2026-02-17,PC2,2.1214258419027754,1.4839310465531956
usdcop,2026-02-18,PC2,2.5715317075219564,1.7987787565390971
usdcop,2026-02-19,PC2,1.9386432826524154,1.3560751917396345
usdcop,2026-02-20,PC2,2.5608884881467584,1.7913338563431203
usdcop,2026-02-23,PC2,2.6423910444194565,1.848344651270567
usdcop,2026-02-24,PC2,1.1844791560482095,0.8285396354362038
usdcop,2026-02-25,PC2,1.3944967675028002,0.9754463280033511
usdcop,2026-02-26,PC2,2.6682194099922993,1.8664115159227341
usdcop,2026-02-27,PC2,2.9143421459046746,2.038573635318527
usdcop,2026-03-02,PC2,2.924861375091916,2.0459318047479877
usdcop,2026-03-03,PC2,1.7810872220814553,1.2458651974821127
usdcop,2026-03-04,PC2,1.8088319832354431,1.2652725751251972
usdcop,2026-03-05,PC2,1.247774100631523,0.8728142603143462
usdcop,2026-03-06,PC2,1.3235629873931551,0.9258283604671077
usdcop,2026-03-09,PC2,1.7669565869616328,1.2359808603784355
usdcop,2026-03-10,PC2,1.4350289545168484,1.0037984718807438
usdcop,2026-03-11,PC2,1.0849045452001362,0.75888749225623
usdcop,2026-03-12,PC2,1.4768221408303004,1.0330326810055308
usdcop,2026-03-13,PC2,2.053462862526869,1.436391145266001
usdcop,2026-03-16,PC2,1.6170977418947747,1.1311550453992723
usdcop,2026-03-17,PC2,1.6090417535256678,1.1255199055723402
usdcop,2026-03-18,PC2,1.1018935236763785,0.7707712320090689
usdcop,2026-03-19,PC2,2.26748657480679,1.5861000934071625
usdcop,2026-03-20,PC2,2.1089200897805878,1.4751833102580783
usdcop,2026-03-23,PC2,2.43960984047574,1.706499804165463
usdcop,2026-03-24,PC2,2.204406119101981,1.5419755028595472
usdcop,2026-03-25,PC2,2.043216147706857,1.429223598823296
usdcop,2026-03-26,PC2,1.73975234738597,1.2169515759665943
usdcop,2026-03-27,PC2,2.375248951237798,1.6614795541819471
usdcop,2025-02-04,PC3,-0.7018681436396402,-0.9432092117557829
usdcop,2025-02-05,PC3,-1.0019768814776697,-1.346511924127589
usdcop,2025-02-06,PC3,-0.5742723058625676,-0.7717388712600007
usdcop,2025-02-07,PC3,-0.3196025205850262,-0.4294995352730206
usdcop,2025-02-10,PC3,-0.03839915928887121,-0.05160291301600264
usdcop,2025-02-11,PC3,0.16360724032883942,0.21986445400966317
usdcop,2025-02-12,PC3,-0.06764486547374342,-0.09090490973411763
usdcop,2025-02-13,PC3,-0.2235726311160003,-0.3004492611269702
usdcop,2025-02-14,PC3,-0.23200627385740477,-0.3117828564673995
usdcop,2025-02-17,PC3,0.12703348668322959,0.17071462200825874
usdcop,2025-02-18,PC3,0.06449850008042679,0.08667664998274377
usdcop,2025-02-19,PC3,-0.14398536531342823,-0.19349549363701274
usdcop,2025-02-20,PC3,-0.28474861974826104,-0.38266093655220684
usdcop,2025-02-21,PC3,0.0685853419833242,0.09216877405866068
usdcop,2025-02-24,PC3,0.1805140870889815,0.24258480932200938
usdcop,2025-02-25,PC3,-0.27516936007589876,-0.3697877978485193
usdcop,2025-02-26,PC3,-0.9279378226981473,-1.2470141439484836
usdcop,2025-02-27,PC3,-0.7905006277111748,-1.0623184435889226
usdcop,2025-02-28,PC3,-1.043259937486933,-1.4019903769826303
usdcop,2025-03-03,PC3,-0.7622851877607779,-1.0244009755913717
usdcop,2025-03-04,PC3,-0.9641292362274803,-1.2956501661652953
usdcop,2025-03-05,PC3,-0.977887153626194,-1.314138816124175
usdcop,2025-03-06,PC3,-0.8529321806526855,-1.1462174157424239
usdcop,2025-03-07,PC3,-1.0745213193636207,-1.4440011501250087
usdcop,2025-03-10,PC3,-0.5415689638566307,-0.7277903123821997
usdcop,2025-03-11,PC3,-0.4725067734962303,-0.6349807231135264
usdcop,2025-03-12,PC3,-0.8333087280978172,-1.1198463353850463
usdcop,2025-03-13,PC3,-0.5854963240568445,-0.7868223273901765
usdcop,2025-03-14,PC3,-0.29746343571561673,-0.39974780914340236
usdcop,2025-03-17,PC3,-0.07169448450907027,-0.09634701166285681
usdcop,2025-03-18,PC3,-0.05395493039633114,-0.07250761817676844
usdcop,2025-03-19,PC3,-0.19489845304082604,-0.2619153154776059
usdcop,2025-03-20,PC3,0.4248997036171009,0.5710037108191088
usdcop,2025-03-21,PC3,0.26616428183275326,0.35768627589103547
usdcop,2025-03-24,PC3,0.51294379970555,0.6893222343536004
usdcop,2025-03-25,PC3,0.7418883249845776,0.9969905438232851
usdcop,2025-03-26,PC3,0.27366189058320534,0.36776197700904784
usdcop,2025-03-27,PC3,0.16809981659020976,0.22590182634610517
usdcop,2025-03-28,PC3,0.3536696176494545,0.4752807835888693
usdcop,2025-03-31,PC3,0.6107118951760275,0.820708405815059
usdcop,2025-04-01,PC3,0.16059507050685004,0.21581653368556897
usdcop,2025-04-02,PC3,0.6106514862682814,0.8206272249853339
usdcop,2025-04-03,PC3,0.4916930929566052,0.6607643598531491
usdcop,2025-04-04,PC3,1.2182656487895287,1.6371727264115494
usdcop,2025-04-07,PC3,1.6401594693492183,2.204136965408344
usdcop,2025-04-08,PC3,1.7328768466674918,2.32873570260553
usdcop,2025-04-09,PC3,1.0642791200058765,1.4302371164238004
usdcop,2025-04-10,PC3,0.9597747627618813,1.2897983840003466
usdcop,2025-04-11,PC3,1.1092038027063977,1.490609388541187
usdcop,2025-04-14,PC3,1.2619607371030028,1.6958926016177842
usdcop,2025-04-15,PC3,0.9443171233487423,1.2690255536352777
usdcop,2025-04-16,PC3,0.3927929286768156,0.5278568517432604
usdcop,2025-04-17,PC3,0.3222550239052977,0.4330641158692021
usdcop,2025-04-18,PC3,0.36477725180888587,0.4902078364191343
usdcop,2025-04-21,PC3,0.3407181590981477,0.45787589761140024
usdcop,2025-04-22,PC3,0.5749885300821916,0.7727013729602941
usdcop,2025-04-23,PC3,0.4500664016641586,0.6048241109078877
usdcop,2025-04-24,PC3,0.12836484386430064,0.17250377338762118
usdcop,2025-04-25,PC3,0.32350667902911123,0.4347461592179716
usdcop,2025-04-28,PC3,0.5978780127097963,0.8034615250804984
usdcop,2025-04-29,PC3,0.4437168706800031,0.5962912601597005
usdcop,2025-04-30,PC3,0.5063225203691529,0.680424193147011
usdcop,2025-05-01,PC3,0.43563480767247514,0.585430137101514
usdcop,2025-05-02,PC3,0.7237847992915695,0.9726620252067317
usdcop,2025-05-05,PC3,0.8258626706320537,1.1098399117332356
usdcop,2025-05-06,PC3,0.9441046117281374,1.268739968771545
usdcop,2025-05-07,PC3,1.2744089764929807,1.7126212338675428
usdcop,2025-05-08,PC3,1.1106251297163705,1.4925194463502958
usdcop,2025-05-09,PC3,0.8839650434723628,1.1879210923431167
usdcop,2025-05-12,PC3,0.8923397101379367,1.1991754323725583
usdcop,2025-05-13,PC3,0.8138723896684217,1.0937267093334353
usdcop,2025-05-14,PC3,0.7289886782835525,0.9796552854744621
usdcop,2025-05-15,PC3,0.11246803969852034,0.1511407691502611
usdcop,2025-05-16,PC3,0.12319542425543871,0.16555682154389573
usdcop,2025-05-19,PC3,0.1707944387543774,0.22952300857310357
usdcop,2025-05-20,PC3,-0.021574110048309225,-0.02899248173235882
usdcop,2025-05-21,PC3,-0.5590657646989105,-0.7513034806036767
usdcop,2025-05-22,PC3,-0.2494963637051689,-0.33528700608345247
usdcop,2025-05-23,PC3,-1.3166085640304812,-1.7693313724574748
usdcop,2025-05-26,PC3,-0.549890986766741,-0.7389739068228227
usdcop,2025-05-27,PC3,-1.063155585757811,-1.4287272489905727
usdcop,2025-05-28,PC3,-0.9093541809738178,-1.2220404188675
usdcop,2025-05-29,PC3,-1.500264537758898,-2.016138422733802
usdcop,2025-05-30,PC3,-1.2160224000001576,-1.6341581246782015
usdcop,2025-06-02,PC3,-1.4949325205813584,-2.008972963288648
usdcop,2025-06-03,PC3,-1.3652824497488334,-1.8347420308518376
usdcop,2025-06-04,PC3,-1.3621113372980687,-1.830480514636606
usdcop,2025-06-05,PC3,-1.2810107359144804,-1.7214930431333988
usdcop,2025-06-06,PC3,-1.3055558471595297,-1.7544781205153799
usdcop,2025-06-09,PC3,-1.2784536051544582,-1.7180566294560238
usdcop,2025-06-10,PC3,-0.5844131161214537,-0.785366652685225
usdcop,2025-06-11,PC3,-0.8584572082223175,-1.1536422532223782
usdcop,2025-06-12,PC3,-0.9448907244208802,-1.2697963904655476
usdcop,2025-06-13,PC3,-1.5532361130806263,-2.0873245539999647
usdcop,2025-06-16,PC3,-0.9226740288752467,-1.2399403668187838
usdcop,2025-06-17,PC3,-0.4619979544591999,-0.6208583911481498
usdcop,2025-06-18,PC3,-0.7675975747897132,-1.031540054957647
usdcop,2025-06-19,PC3,-0.8124916730713503,-1.0918712260421841
usdcop,2025-06-20,PC3,-0.6457815744271903,-0.8678369794976932
usdcop,2025-06-23,PC3,-0.8156959345229366,-1.0961772897172466
usdcop,2025-06-24,PC3,-0.7733210287309716,-1.039231548765103
usdcop,2025-06-25,PC3,-0.6885437624573109,-0.9253031717310185
usdcop,2025-06-26,PC3,-0.7559038280990641,-1.0158253517067442
usdcop,2025-06-27,PC3,-0.730796600606104,-0.9820848714361838
usdcop,2025-06-30,PC3,-0.9379563154755345,-1.2604775483801745
usdcop,2025-07-01,PC3,-0.467423761743008,-0.6281498909229665
usdcop,2025-07-02,PC3,-0.9877978323868567,-1.3274573341200693
usdcop,2025-07-03,PC3,-0.9817992710908708,-1.3193961358409798
usdcop,2025-07-04,PC3,-0.9281227956066807,-1.2472627207685532
usdcop,2025-07-07,PC3,-0.8569493817090109,-1.151615952598866
usdcop,2025-07-08,PC3,-0.7475288991104905,-1.004570659153154
usdcop,2025-07-09,PC3,-0.6302965946708705,-0.8470274076680426
usdcop,2025-07-10,PC3,-1.0750473057530963,-1.4447079997125094
usdcop,2025-07-11,PC3,-0.8259232403997725,-1.1099213087354804
usdcop,2025-07-14,PC3,-0.5965724710981086,-0.8017070660903929
usdcop,2025-07-15,PC3,-0.9145849452085855,-1.2290698090107415
usdcop,2025-07-16,PC3,-0.9720936018265605,-1.306353120939519
usdcop,2025-07-17,PC3,-0.9508519711248672,-1.2778074433331017
usdcop,2025-07-18,PC3,-1.0511845040463312,-1.4126398476071782
usdcop,2025-07-21,PC3,-0.8169994453267585,-1.0979290195954718
usdcop,2025-07-22,PC3,-0.9427340404054976,-1.2668981192609212
usdcop,2025-07-23,PC3,-1.3162057180600253,-1.7687900057724413
usdcop,2025-07-24,PC3,-1.3600890704556656,-1.8277628806598143
usdcop,2025-07-25,PC3,-1.3128908172711433,-1.764335258839611
usdcop,2025-07-28,PC3,-1.0853110636197036,-1.4585010049297193
usdcop,2025-07-29,PC3,-0.45217570806661617,-0.607658713457155
usdcop,2025-07-30,PC3,-0.5005295252969754,-0.6726392461234827
usdcop,2025-07-31,PC3,-0.5013867390695785,-0.6737912173791811
usdcop,2025-08-01,PC3,-0.9801524604117217,-1.3171830606121533
usdcop,2025-08-04,PC3,-0.10097159262403496,-0.13569120803057627
usdcop,2025-08-05,PC3,-0.17253400634642177,-0.23186073566921697
usdcop,2025-08-06,PC3,-0.32177200338555445,-0.4324150061926619
usdcop,2025-08-07,PC3,-0.29137827462138954,-0.39157023326806834
usdcop,2025-08-08,PC3,-0.13056309779091152,-0.17545790853699958
usdcop,2025-08-11,PC3,-0.023778361619347196,-0.0319546768478813
usdcop,2025-08-12,PC3,0.2586610671188447,0.34760304116942414
usdcop,2025-08-13,PC3,0.21592543834792685,0.29017254073685156
usdcop,2025-08-14,PC3,0.2756122740511495,0.37038301013342007
usdcop,2025-08-15,PC3,-0.2600861932906878,-0.34951820450227356
usdcop,2025-08-18,PC3,0.3344940456018752,0.44951158981669875
usdcop,2025-08-19,PC3,0.45515440136215507,0.6116616461743762
usdcop,2025-08-20,PC3,0.3621702788590651,0.4867044420517564
usdcop,2025-08-21,PC3,0.328161628541762,0.44100173770572326
usdcop,2025-08-22,PC3,0.49381922421604163,0.6636215725753324
usdcop,2025-08-25,PC3,0.5786102500983771,0.7775684405322059
usdcop,2025-08-26,PC3,0.665512817966203,0.8943529153384169
usdcop,2025-08-27,PC3,0.6537421426427114,0.8785348311379692
usdcop,2025-08-28,PC3,0.5703193931764724,0.7664267286694365
usdcop,2025-08-29,PC3,0.341828151900764,0.45936756730163747
usdcop,2025-09-01,PC3,0.46976264624669284,0.6312930132160962
usdcop,2025-09-02,PC3,0.1839429081363198,0.24719264859583753
usdcop,2025-09-03,PC3,0.44161713257694796,0.593469516020116
usdcop,2025-09-04,PC3,0.1353046626182406,0.18182988547284568
usdcop,2025-09-05,PC3,0.0511095946889902,0.06868389875878518
usdcop,2025-09-08,PC3,0.16323131128847457,0.2193592597832948
usdcop,2025-09-09,PC3,-0.3797814768018893,-0.5103713434209856
usdcop,2025-09-10,PC3,-0.24482461079360698,-0.32900884625932675
usdcop,2025-09-11,PC3,-0.7555064679781621,-1.0152913572096074
usdcop,2025-09-12,PC3,-1.2912346840948112,-1.7352325498934504
usdcop,2025-09-15,PC3,-0.2540447098947676,-0.3413993251324937
usdcop,2025-09-16,PC3,-0.2666552347661047,-0.35834604558348987
usdcop,2025-09-17,PC3,-0.36354678519292327,-0.48855426735854346
usdcop,2025-09-18,PC3,-0.3006862156845359,-0.4040787590257884
usdcop,2025-09-19,PC3,-0.386652556854299,-0.5196050806391144
usdcop,2025-09-22,PC3,-0.5288372783204232,-0.7106807695318058
usdcop,2025-09-23,PC3,-0.5162726972495978,-0.6937957908997802
usdcop,2025-09-24,PC3,-0.583766584884717,-0.7844978082680732
usdcop,2025-09-25,PC3,-0.7026304008298361,-0.9442335751066988
usdcop,2025-09-26,PC3,-0.7770780520516305,-1.0442804443973375
usdcop,2025-09-29,PC3,-0.7004905510150529,-0.9413579266314579
usdcop,2025-09-30,PC3,-0.5599666884481352,-0.7525141917423128
usdcop,2025-10-01,PC3,-0.6133204808729615,-0.8242139674811586
usdcop,2025-10-02,PC3,-0.6480720327256847,-0.8709150239792101
usdcop,2025-10-03,PC3,-0.6478356226640039,-0.8705973230692174
usdcop,2025-10-06,PC3,-0.3921506034931461,-0.5269936596527333
usdcop,2025-10-07,PC3,-0.33482620045333883,-0.4499579578681141
usdcop,2025-10-08,PC3,-0.40090128299495287,-0.538753306518063
usdcop,2025-10-09,PC3,-0.437922014850841,-0.588503812548071
usdcop,2025-10-10,PC3,-1.0109018341518532,-1.3585057689160431
usdcop,2025-10-13,PC3,-0.227750112467209,-0.3060631915042136
usdcop,2025-10-14,PC3,-0.18660575818863503,-0.25077113370251414
usdcop,2025-10-15,PC3,-0.15723027705352585,-0.21129473823211514
usdcop,2025-10-16,PC3,-0.5637396237513191,-0.757584470776303
usdcop,2025-10-17,PC3,-0.787942824865614,-1.0588811267258469
usdcop,2025-10-20,PC3,-0.7744526801386804,-1.0407523244861838
usdcop,2025-10-21,PC3,-0.671680633119656,-0.9026415663077758
usdcop,2025-10-22,PC3,-0.7139034709738563,-0.9593829499586057
usdcop,2025-10-23,PC3,-0.9751896723018193,-1.3105137915996317
usdcop,2025-10-24,PC3,-1.0877894833029609,-1.46183164231087
usdcop,2025-10-27,PC3,-0.06786506871595516,-0.09120083102417015
usdcop,2025-10-28,PC3,-0.0752626194207051,-0.10114206860900782
usdcop,2025-10-29,PC3,0.005992829315529467,0.008053495326881661
usdcop,2025-10-30,PC3,-0.1939989611739756,-0.26070652858166105
usdcop,2025-10-31,PC3,-0.24034806331586736,-0.3229930142884231
usdcop,2025-11-03,PC3,0.07858369782442681,0.10560511736217178
usdcop,2025-11-04,PC3,0.02470032788674976,0.033193666085711074
usdcop,2025-11-05,PC3,-0.07036347372722411,-0.09455832579392222
usdcop,2025-11-06,PC3,0.15123289937757828,0.20323513056706952
usdcop,2025-11-07,PC3,0.18161138232077237,0.24405941531463043
usdcop,2025-11-10,PC3,0.5832297959727543,0.7837764416536788
usdcop,2025-11-11,PC3,0.44219970938627323,0.5942524149422147
usdcop,2025-11-12,PC3,0.3415704188692819,0.45902121140605995
usdcop,2025-11-13,PC3,-0.040682777921056984,-0.05467176597582676
usdcop,2025-11-14,PC3,-0.23171129606059168,-0.31138644899722323
usdcop,2025-11-17,PC3,-0.34308358281865464,-0.46105468477121525
usdcop,2025-11-18,PC3,-0.2884606669960192,-0.38764939085133204
usdcop,2025-11-19,PC3,-0.12667046325272882,-0.17022677105386325
usdcop,2025-11-20,PC3,0.09398668916044023,0.12630450862017084
usdcop,2025-11-21,PC3,0.027206664829050292,0.036561820222872535
usdcop,2025-11-24,PC3,-0.14097639846674764,-0.18945187764820381
usdcop,2025-11-25,PC3,-0.3951361871379352,-0.5310058520021815
usdcop,2025-11-26,PC3,-0.4097293875057138,-0.5506170013905969
usdcop,2025-11-27,PC3,-0.8740604852384248,-1.1746107994493828
usdcop,2025-11-28,PC3,-0.10477092640941921,-0.1407969628042953
usdcop,2025-12-01,PC3,-0.03362021440606163,-0.045180702695179945
usdcop,2025-12-02,PC3,0.02194458687296631,0.029490348969856472
usdcop,2025-12-03,PC3,0.009269590323225703,0.01245698791332978
usdcop,2025-12-04,PC3,-0.22664765039539284,-0.30458164202633586
usdcop,2025-12-05,PC3,-0.47107176572363174,-0.6330522803393077
usdcop,2025-12-08,PC3,-0.4847192106949746,-0.6513924713432034
usdcop,2025-12-09,PC3,-0.4225851759206893,-0.567893320550074
usdcop,2025-12-10,PC3,-0.6577658386443035,-0.8839420962609069
usdcop,2025-12-11,PC3,-0.4024620220037321,-0.5408507138780742
usdcop,2025-12-12,PC3,-0.3923305328483479,-0.5272354586670204
usdcop,2025-12-15,PC3,0.047565318218835556,0.06392090410522595
usdcop,2025-12-16,PC3,0.21280494989833115,0.28597905585296235
usdcop,2025-12-17,PC3,0.6850770717906586,0.9206444411692705
usdcop,2025-12-18,PC3,1.046705580518061,1.406620822568224
usdcop,2025-12-19,PC3,1.9014977402257165,2.5553377809871747
usdcop,2025-12-22,PC3,1.5256518672871018,2.0502553196037914
usdcop,2025-12-23,PC3,1.3487676120255245,1.8125484789540447
usdcop,2025-12-24,PC3,0.7079655214551293,0.9514032051365116
usdcop,2025-12-25,PC3,0.5228626437429842,0.702651725299809
usdcop,2025-12-26,PC3,0.7603603289257557,1.0218142438797644
usdcop,2025-12-29,PC3,0.8804113180384474,1.1831453996497028
usdcop,2025-12-30,PC3,0.7196366562623591,0.9670875212884564
usdcop,2025-12-31,PC3,0.6886595164792891,0.9254587283848145
usdcop,2026-01-01,PC3,0.15288696866111565,0.20545796030973948
usdcop,2026-01-02,PC3,0.2695861622975709,0.3622847880263864
usdcop,2026-01-05,PC3,0.5682376733716457,0.76362919851509
usdcop,2026-01-06,PC3,0.5775221251591041,0.7761061580856179
usdcop,2026-01-07,PC3,0.5646766896228625,0.7588437516969063
usdcop,2026-01-08,PC3,0.7284967158058021,0.9789941591004311
usdcop,2026-01-09,PC3,0.9643952157585243,1.2960076041628672
usdcop,2026-01-12,PC3,1.4779064219885216,1.986092350771109
usdcop,2026-01-13,PC3,1.3436367312415056,1.8056533177136278
usdcop,2026-01-14,PC3,1.4475865994800243,1.9453468971585313
usdcop,2026-01-15,PC3,1.1813725851237913,1.5875937879531565
usdcop,2026-01-16,PC3,0.6582210407208663,0.8845538219756556
usdcop,2026-01-19,PC3,0.37662567113369094,0.5061303973063531
usdcop,2026-01-20,PC3,0.3207334190145603,0.4310192991004088
usdcop,2026-01-21,PC3,0.40063650192031347,0.5383974790724683
usdcop,2026-01-22,PC3,0.11630417315019398,0.156295977349881
usdcop,2026-01-23,PC3,-0.1081210031395987,-0.14529898111162046
usdcop,2026-01-26,PC3,-0.2715839184251972,-0.36496948314966765
usdcop,2026-01-27,PC3,0.7596150754390272,1.0208127310455584
usdcop,2026-01-28,PC3,0.7436046154179086,0.9992969897867271
usdcop,2026-01-29,PC3,0.67392736623466,0.905660850470528
usdcop,2026-01-30,PC3,0.656055165108816,0.8816431985953018
usdcop,2026-02-02,PC3,1.1225130610138252,1.5084951056106428
usdcop,2026-02-03,PC3,1.164238739744027,1.564568379346935
usdcop,2026-02-04,PC3,1.006775917959075,1.3529611346493027
usdcop,2026-02-05,PC3,0.9027726800710858,1.213195834119086
usdcop,2026-02-06,PC3,0.8421481368950855,1.1317252215827112
usdcop,2026-02-09,PC3,0.9183512630894529,1.2341311951868057
usdcop,2026-02-10,PC3,0.4938002039351999,0.6635960120704674
usdcop,2026-02-11,PC3,0.24372421159170787,0.32753006898008613
usdcop,2026-02-12,PC3,0.20645058648715295,0.2774397110221982
usdcop,2026-02-13,PC3,0.2863482636398601,0.3848106264444763
usdcop,2026-02-16,PC3,-0.058145752585886404,-0.07813947671008373
usdcop,2026-02-17,PC3,0.6908628447136622,0.9284196826694833
usdcop,2026-02-18,PC3,-0.08529231780523072,-0.11462053175503398
usdcop,2026-02-19,PC3,0.5787206979305464,0.7777168664347982
usdcop,2026-02-20,PC3,-0.21213213913282378,-0.28507489555227244
usdcop,2026-02-23,PC3,-0.6971372923820387,-0.9368516323072031
usdcop,2026-02-24,PC3,0.494589242601346,0.6646563658492858
usdcop,2026-02-25,PC3,0.3687493489120278,0.49554576008987367
usdcop,2026-02-26,PC3,0.006450774860600386,0.00866890786627052
usdcop,2026-02-27,PC3,0.08529280877926806,0.11462119155309125
usdcop,2026-03-02,PC3,0.17005720259401103,0.22853226986527295
usdcop,2026-03-03,PC3,0.7146208087155003,0.9603469480713467
usdcop,2026-03-04,PC3,0.2128095763557788,0.2859852731422381
usdcop,2026-03-05,PC3,0.2781910506234618,0.3738485126499636
usdcop,2026-03-06,PC3,0.10081754242463345,0.13548418685649655
usdcop,2026-03-09,PC3,0.8547998258241025,1.148727260570029
usdcop,2026-03-10,PC3,1.2338840838500935,1.6581616428566557
usdcop,2026-03-11,PC3,1.4565723463704119,1.9574224405755167
usdcop,2026-03-12,PC3,1.016239465009152,1.3656787723343944
usdcop,2026-03-13,PC3,0.6391271107014879,0.8588943432742762
usdcop,2026-03-16,PC3,1.0896762740156327,1.4643672159752077
usdcop,2026-03-17,PC3,1.1839587394804454,1.5910692051441537
usdcop,2026-03-18,PC3,1.7530056939852836,2.355785960384311
usdcop,2026-03-19,PC3,1.1271488585552498,1.5147249466207109
usdcop,2026-03-20,PC3,1.5120615921387512,2.0319919565684668
usdcop,2026-03-23,PC3,1.3780720450864326,1.8519293960946872
usdcop,2026-03-24,PC3,1.5538875152687586,2.0881999442708796
usdcop,2026-03-25,PC3,1.2699842550443252,1.7066750485795439
usdcop,2026-03-26,PC3,1.3438477449939503,1.8059368896593224
usdcop,2026-03-27,PC3,1.0542489962102042,1.4167580815867578
usdclp,2025-02-04,PC1,5.742351255824973,0.3721455897234953
usdclp,2025-02-05,PC1,7.3901220073461955,0.4789329649179262
usdclp,2025-02-06,PC1,3.1110505300489626,0.20161841074947165
usdclp,2025-02-07,PC1,2.53565129369793,0.16432840904135762
usdclp,2025-02-10,PC1,-0.9308458567372173,-0.0603254947084176
usdclp,2025-02-11,PC1,-2.0254191191306568,-0.1312617008166342
usdclp,2025-02-12,PC1,-1.9782620099728296,-0.1282055815694194
usdclp,2025-02-13,PC1,-1.2267385502154584,-0.079501465665895
usdclp,2025-02-14,PC1,-1.8191870676868351,-0.11789638319929156
usdclp,2025-02-17,PC1,-4.529150586763849,-0.2935214759542955
usdclp,2025-02-18,PC1,-1.6372947134427842,-0.10610845271216177
usdclp,2025-02-19,PC1,-0.698447786958945,-0.0452644312389012
usdclp,2025-02-20,PC1,0.04249051657769276,0.0027536905432980533
usdclp,2025-02-21,PC1,0.6521836622280243,0.04226618379390797
usdclp,2025-02-24,PC1,0.6179637176651127,0.04004848569737443
usdclp,2025-02-25,PC1,0.10962092956369615,0.007104223280862007
usdclp,2025-02-26,PC1,2.0345780998729612,0.13185526852744825
usdclp,2025-02-27,PC1,0.9222473323279505,0.05976824859189112
usdclp,2025-02-28,PC1,3.310289393189581,0.21453051955578883
usdclp,2025-03-03,PC1,3.6755439422116876,0.23820163674966263
usdclp,2025-03-04,PC1,5.793823037413098,0.3754813307222371
usdclp,2025-03-05,PC1,6.806480153599131,0.44110878242304824
usdclp,2025-03-06,PC1,5.909951000904167,0.3830072565201294
usdclp,2025-03-07,PC1,6.748586901981212,0.4373568840621623
usdclp,2025-03-10,PC1,4.29077170375304,0.2780728128468796
usdclp,2025-03-11,PC1,0.38487851624461733,0.0249428911640445
usdclp,2025-03-12,PC1,1.1249562765132233,0.07290524356403477
usdclp,2025-03-13,PC1,4.816917538415693,0.31217084050105237
usdclp,2025-03-14,PC1,3.9932393134947475,0.2587905777655277
usdclp,2025-03-17,PC1,4.746420830649744,0.3076021476927691
usdclp,2025-03-18,PC1,5.197449210115994,0.3368320249295955
usdclp,2025-03-19,PC1,6.545367788669417,0.42418682646775985
usdclp,2025-03-20,PC1,4.631230756733753,0.3001370038731055
usdclp,2025-03-21,PC1,6.8653383800645305,0.44492321808227864
usdclp,2025-03-24,PC1,2.013142763982221,0.1304661048624967
usdclp,2025-03-25,PC1,2.241774674629956,0.1452830941804703
usdclp,2025-03-26,PC1,8.796530908701243,0.5700783593164712
usdclp,2025-03-27,PC1,9.721687838010316,0.6300351706827659
usdclp,2025-03-28,PC1,12.078358045732177,0.7827643203227851
usdclp,2025-03-31,PC1,10.387272099826209,0.6731698095422217
usdclp,2025-04-01,PC1,13.36165908292827,0.8659314412465822
usdclp,2025-04-02,PC1,12.382580764185711,0.8024801367057225
usdclp,2025-04-03,PC1,12.858145076238836,0.8333001185347569
usdclp,2025-04-04,PC1,17.609928900434685,1.1412498267139863
usdclp,2025-04-07,PC1,18.759365777493592,1.2157415889566925
usdclp,2025-04-08,PC1,20.406255338195518,1.3224718566593492
usdclp,2025-04-09,PC1,27.947843101032223,1.8112208900113953
usdclp,2025-04-10,PC1,25.217643861186197,1.6342843772642015
usdclp,2025-04-11,PC1,24.39618796766097,1.5810481375587873
usdclp,2025-04-14,PC1,14.79477828128388,0.9588078546626213
usdclp,2025-04-15,PC1,-3.97460969759204,-0.2575832449000222
usdclp,2025-04-16,PC1,0.03819049994922028,0.0024750185929535893
usdclp,2025-04-17,PC1,-7.980852704369056,-0.5172165553528276
usdclp,2025-04-18,PC1,-4.67588707790127,-0.3030310541036466
usdclp,2025-04-21,PC1,0.48738938320940456,0.03158633134039729
usdclp,2025-04-22,PC1,12.517494479822227,0.8112235141186611
usdclp,2025-04-23,PC1,16.342499867696308,1.059111325635243
usdclp,2025-04-24,PC1,17.256071278612293,1.1183173122291459
usdclp,2025-04-25,PC1,15.278845283950004,0.9901788718901261
usdclp,2025-04-28,PC1,0.6529015713752201,0.0423127094610169
usdclp,2025-04-29,PC1,-3.1701162523232,-0.20544629362687208
usdclp,2025-04-30,PC1,-2.952168702636426,-0.19132172760965044
usdclp,2025-05-01,PC1,1.798986457282837,0.11658723861083649
usdclp,2025-05-02,PC1,19.79412980125883,1.2828017269895493
usdclp,2025-05-05,PC1,18.067219589864887,1.170885546597969
usdclp,2025-05-06,PC1,17.896210280342988,1.1598029155458058
usdclp,2025-05-07,PC1,14.107435718779058,0.9142631217005016
usdclp,2025-05-08,PC1,14.38478839263706,0.9322375662748514
usdclp,2025-05-09,PC1,15.644735810222206,1.0138912049759305
usdclp,2025-05-12,PC1,10.965580313862324,0.7106483338899094
usdclp,2025-05-13,PC1,9.486414166744142,0.6147877475908841
usdclp,2025-05-14,PC1,-0.5967696536035915,-0.03867495817921528
usdclp,2025-05-15,PC1,-8.155362117599777,-0.5285260182550091
usdclp,2025-05-16,PC1,-4.877400232590279,-0.31609055333102537
usdclp,2025-05-19,PC1,-2.826880758060753,-0.18320216927158078
usdclp,2025-05-20,PC1,-2.2026232957725793,-0.1427458037354482
usdclp,2025-05-21,PC1,-0.3368768624191241,-0.021832039358789704
usdclp,2025-05-22,PC1,1.8677290042613073,0.12104224920574701
usdclp,2025-05-23,PC1,2.3168980855176784,0.15015163056937422
usdclp,2025-05-26,PC1,2.6834923862482927,0.17390957329297155
usdclp,2025-05-27,PC1,4.920522844478065,0.31888520818867055
usdclp,2025-05-28,PC1,6.226981776316522,0.40355312695197537
usdclp,2025-05-29,PC1,6.579017970937292,0.426367599876854
usdclp,2025-05-30,PC1,7.112195851589617,0.4609213545991219
usdclp,2025-06-02,PC1,4.88329141879624,0.3164723444941074
usdclp,2025-06-03,PC1,4.56157302198927,0.29562268254018587
usdclp,2025-06-04,PC1,7.36172130038719,0.47709239519849256
usdclp,2025-06-05,PC1,5.782392697656243,0.374740562639609
usdclp,2025-06-06,PC1,7.771711754388654,0.5036627202253022
usdclp,2025-06-09,PC1,2.168078843951145,0.1405070752386982
usdclp,2025-06-10,PC1,2.9363225027771245,0.19029478008784304
usdclp,2025-06-11,PC1,6.232700203690372,0.40392372210238064
usdclp,2025-06-12,PC1,-1.3429246499698613,-0.08703115911105212
usdclp,2025-06-13,PC1,-1.8704747551397172,-0.12122019357632938
usdclp,2025-06-16,PC1,-3.0647685822322215,-0.19861900824055326
usdclp,2025-06-17,PC1,-7.019865543143735,-0.4549376877081268
usdclp,2025-06-18,PC1,-3.38565881109873,-0.21941499896593739
usdclp,2025-06-19,PC1,-7.017669509400002,-0.45479536895467454
usdclp,2025-06-20,PC1,4.098042805648473,0.26558259651447946
usdclp,2025-06-23,PC1,4.32738790045203,0.28044580528619695
usdclp,2025-06-24,PC1,5.640512282584021,0.3655456930844409
usdclp,2025-06-25,PC1,2.4722678725824814,0.16022070827927448
usdclp,2025-06-26,PC1,2.913799398323916,0.18883512121019416
usdclp,2025-06-27,PC1,2.2878957681790077,0.14827207217795763
usdclp,2025-06-30,PC1,4.6644197031798145,0.3022878858894123
usdclp,2025-07-01,PC1,0.7897392701542432,0.051180774795207204
usdclp,2025-07-02,PC1,1.4716096200627842,0.09537086909225566
usdclp,2025-07-03,PC1,5.504439038336899,0.35672716989247016
usdclp,2025-07-04,PC1,5.151021054372966,0.33382314709732486
usdclp,2025-07-07,PC1,3.697115421920735,0.2395996235115119
usdclp,2025-07-08,PC1,7.641389104520023,0.49521687683658694
usdclp,2025-07-09,PC1,4.0892727265259285,0.2650142324208218
usdclp,2025-07-10,PC1,1.9322188478369846,0.12522165408703173
usdclp,2025-07-11,PC1,2.423877698871598,0.15708467759599093
usdclp,2025-07-14,PC1,2.194812702247788,0.1422396211973413
usdclp,2025-07-15,PC1,3.2465733768122886,0.2104012642328048
usdclp,2025-07-16,PC1,8.067585583021026,0.5228374686053234
usdclp,2025-07-17,PC1,9.971034808456304,0.6461946446035333
usdclp,2025-07-18,PC1,11.541065237313145,0.7479438887372972
usdclp,2025-07-21,PC1,9.290572368820285,0.6020957930005143
usdclp,2025-07-22,PC1,8.890493068461787,0.5761677818888556
usdclp,2025-07-23,PC1,12.291251315595133,0.7965613327192221
usdclp,2025-07-24,PC1,13.882571205848993,0.8996902868034098
usdclp,2025-07-25,PC1,17.82577485156765,1.1552381940560787
usdclp,2025-07-28,PC1,12.019200884190685,0.7789305115243604
usdclp,2025-07-29,PC1,14.11916006748498,0.9150229436739247
usdclp,2025-07-30,PC1,12.362624444802417,0.8011868239293449
usdclp,2025-07-31,PC1,12.963247837353931,0.8401115320610661
usdclp,2025-08-01,PC1,14.383042701122834,0.9321244329311924
usdclp,2025-08-04,PC1,11.445493507723533,0.7417501544837644
usdclp,2025-08-05,PC1,10.21518493462282,0.6620173257032199
usdclp,2025-08-06,PC1,13.539890976703735,0.877482147614348
usdclp,2025-08-07,PC1,12.219037270960486,0.7918813441518877
usdclp,2025-08-08,PC1,10.562751803218761,0.6845421542132799
usdclp,2025-08-11,PC1,3.5119738233286037,0.22760111866203436
usdclp,2025-08-12,PC1,2.267119450287844,0.14692561761092868
usdclp,2025-08-13,PC1,2.881136825290713,0.1867183519702425
usdclp,2025-08-14,PC1,4.238167120058812,0.27466365813848564
usdclp,2025-08-15,PC1,5.2396929403528,0.33956972194615287
usdclp,2025-08-18,PC1,-0.9029885415205926,-0.05852014067527866
usdclp,2025-08-19,PC1,-3.3484363262629686,-0.21700271470239174
usdclp,2025-08-20,PC1,-1.0855208439873465,-0.07034954440187438
usdclp,2025-08-21,PC1,-0.9431463040611524,-0.06112265200850182
usdclp,2025-08-22,PC1,7.526840745772283,0.4877933207671469
usdclp,2025-08-25,PC1,2.386583751694489,0.15466776205964794
usdclp,2025-08-26,PC1,-2.4455037990119557,-0.15848620415394746
usdclp,2025-08-27,PC1,0.23273030076959383,0.015082594423072039
usdclp,2025-08-28,PC1,-2.211054533210873,-0.1432922084551856
usdclp,2025-08-29,PC1,2.7995978816287117,0.1814340429959795
usdclp,2025-09-01,PC1,1.1129146254185809,0.07212485811768742
usdclp,2025-09-02,PC1,1.491933560616707,0.09668800635989888
usdclp,2025-09-03,PC1,7.444242305926621,0.4824403488333204
usdclp,2025-09-04,PC1,3.9690465339595065,0.2572227119548008
usdclp,2025-09-05,PC1,5.386558029391722,0.3490876341628153
usdclp,2025-09-08,PC1,-2.0123189536659076,-0.13041271603929078
usdclp,2025-09-09,PC1,-0.9420449107379659,-0.06105127381348824
usdclp,2025-09-10,PC1,-0.3408649945788063,-0.022090498956320356
usdclp,2025-09-11,PC1,-5.128801964627202,-0.3323831905554523
usdclp,2025-09-12,PC1,-9.423180042712277,-0.6106897223517254
usdclp,2025-09-15,PC1,-11.75119139524095,-0.7615615724133096
usdclp,2025-09-16,PC1,-20.025979997559507,-1.2978272843241516
usdclp,2025-09-17,PC1,-21.244246375454175,-1.3767796923960234
usdclp,2025-09-18,PC1,-20.64194224977702,-1.3377460606906049
usdclp,2025-09-19,PC1,-15.38235023848498,-0.9968867360782756
usdclp,2025-09-22,PC1,-15.248650443135457,-0.988222029415515
usdclp,2025-09-23,PC1,-13.792266431433678,-0.8938378890603175
usdclp,2025-09-24,PC1,-16.102220793884403,-1.0435395165211205
usdclp,2025-09-25,PC1,-13.684136204940287,-0.8868302740412085
usdclp,2025-09-26,PC1,-11.181883939591097,-0.7246663618317758
usdclp,2025-09-29,PC1,-13.475021497773945,-0.8732781396364498
usdclp,2025-09-30,PC1,-13.51883903139323,-0.8761178304116244
usdclp,2025-10-01,PC1,-11.332419781397405,-0.73442216518266
usdclp,2025-10-02,PC1,-16.38693129714087,-1.0619908012674817
usdclp,2025-10-03,PC1,-14.517816015191578,-0.9408587113144986
usdclp,2025-10-06,PC1,-20.17914309989956,-1.3077533530205587
usdclp,2025-10-07,PC1,-21.557276604481082,-1.3970662986993787
usdclp,2025-10-08,PC1,-22.570563859418677,-1.4627345879154967
usdclp,2025-10-09,PC1,-24.128876907072776,-1.5637244616200683
usdclp,2025-10-10,PC1,-25.249774454375046,-1.6363666703907847
usdclp,2025-10-13,PC1,-36.02489306384886,-2.3346717183788597
usdclp,2025-10-14,PC1,-27.840601915017523,-1.8042708911983472
usdclp,2025-10-15,PC1,-43.04139868865265,-2.7893916592553603
usdclp,2025-10-16,PC1,-51.34044326155143,-3.327229332210337
usdclp,2025-10-17,PC1,-51.64246608967334,-3.346802579905238
usdclp,2025-10-20,PC1,-56.71323498521717,-3.6754248109241954
usdclp,2025-10-21,PC1,-53.626370395561864,-3.475373822759973
usdclp,2025-10-22,PC1,-51.29897406069402,-3.3245418302584513
usdclp,2025-10-23,PC1,-47.96572850091838,-3.1085235862895497
usdclp,2025-10-24,PC1,-44.20808880608449,-2.8650015553472827
usdclp,2025-10-27,PC1,-49.962869581426375,-3.2379526671756667
usdclp,2025-10-28,PC1,-42.14086367152292,-2.7310305245761732
usdclp,2025-10-29,PC1,-40.08129827146534,-2.5975558995955
usdclp,2025-10-30,PC1,-41.39878869060753,-2.682938737938831
usdclp,2025-10-31,PC1,-37.9025075451504,-2.456354617471551
usdclp,2025-11-03,PC1,-23.9744721549675,-1.5537179251042048
usdclp,2025-11-04,PC1,-20.228995049487544,-1.3109841172757875
usdclp,2025-11-05,PC1,-20.25801883320807,-1.3128650668428705
usdclp,2025-11-06,PC1,-20.872931899362463,-1.3527158484195947
usdclp,2025-11-07,PC1,-18.365127376994277,-1.1901921100918043
usdclp,2025-11-10,PC1,27.1205578217159,1.7576068642534899
usdclp,2025-11-11,PC1,32.69832576152563,2.119086273440744
usdclp,2025-11-12,PC1,43.17778333013274,2.7982303632237655
usdclp,2025-11-13,PC1,38.1026672520553,2.4693264035651734
usdclp,2025-11-14,PC1,49.18467283774393,3.1875199309676825
usdclp,2025-11-17,PC1,16.712911243996384,1.08311664226119
usdclp,2025-11-18,PC1,-6.488221744114883,-0.4204833524893023
usdclp,2025-11-19,PC1,-9.362032308131269,-0.6067269101286273
usdclp,2025-11-20,PC1,-4.626488007716016,-0.2998296396852522
usdclp,2025-11-21,PC1,-4.43679351139492,-0.2875360743745084
usdclp,2025-11-24,PC1,-7.048353052864317,-0.45678388286972826
usdclp,2025-11-25,PC1,-8.251177289585902,-0.5347355293236788
usdclp,2025-11-26,PC1,-7.908928488507812,-0.5125553497708927
usdclp,2025-11-27,PC1,-6.405494043049699,-0.4151220035003943
usdclp,2025-11-28,PC1,-5.041446385449856,-0.3267219218381104
usdclp,2025-12-01,PC1,-4.2001076868537615,-0.27219713361157405
usdclp,2025-12-02,PC1,-3.251563866864191,-0.21072468381837814
usdclp,2025-12-03,PC1,-0.8946287533680932,-0.057978366382245024
usdclp,2025-12-04,PC1,3.4986923587923235,0.22674038440318317
usdclp,2025-12-05,PC1,2.4939163620283815,0.16162368582497846
usdclp,2025-12-08,PC1,11.304411976989364,0.7326070583694502
usdclp,2025-12-09,PC1,11.508198340394909,0.7458138778426117
usdclp,2025-12-10,PC1,19.57288297103928,1.2684633439059672
usdclp,2025-12-11,PC1,12.655889279003164,0.8201924907384055
usdclp,2025-12-12,PC1,12.20955786595958,0.7912670106485667
usdclp,2025-12-15,PC1,3.6438153632595673,0.23614539703196027
usdclp,2025-12-16,PC1,3.411296361364015,0.22107649629298806
usdclp,2025-12-17,PC1,-4.9948921092293395,-0.32370487049339153
usdclp,2025-12-18,PC1,-12.37905923721435,-0.8022519164744795
usdclp,2025-12-19,PC1,-18.30076420365408,-1.1860209143512326
usdclp,2025-12-22,PC1,-21.679051761115822,-1.4049582031581205
usdclp,2025-12-23,PC1,-15.033495445246816,-0.97427844080449
usdclp,2025-12-24,PC1,-17.134488773879955,-1.1104378929968621
usdclp,2025-12-25,PC1,-18.33453747046792,-1.1882096645226152
usdclp,2025-12-26,PC1,-14.69086833862446,-0.952073744336316
usdclp,2025-12-29,PC1,-15.130062324280454,-0.9805366678868679
usdclp,2025-12-30,PC1,-11.317841344484496,-0.7334773778019337
usdclp,2025-12-31,PC1,-7.383255002492776,-0.478487933700406
usdclp,2026-01-01,PC1,-4.406496113517576,-0.28557258546589903
usdclp,2026-01-02,PC1,-0.7752342829383024,-0.050240747482191234
usdclp,2026-01-05,PC1,-3.5064909740129675,-0.22724579066118075
usdclp,2026-01-06,PC1,-3.7050403198724897,-0.24011321379715728
usdclp,2026-01-07,PC1,1.5773698942770702,0.1022248941881377
usdclp,2026-01-08,PC1,0.3332879512938718,0.02159945215057627
usdclp,2026-01-09,PC1,1.6728214094611082,0.10841083768508628
usdclp,2026-01-12,PC1,-7.661036770782971,-0.49649018667473027
usdclp,2026-01-13,PC1,-5.293603145200067,-0.34306349027922917
usdclp,2026-01-14,PC1,-6.560672781655994,-0.4251786998985131
usdclp,2026-01-15,PC1,-5.302949642786524,-0.3436692104278587
usdclp,2026-01-16,PC1,-4.498724316559771,-0.2915496351936494
usdclp,2026-01-19,PC1,-7.513495884268224,-0.4869284779296128
usdclp,2026-01-20,PC1,-6.0991629633626525,-0.395269550172129
usdclp,2026-01-21,PC1,-5.647896109803564,-0.3660242181019147
usdclp,2026-01-22,PC1,-2.987848729552942,-0.19363404952564747
usdclp,2026-01-23,PC1,-2.307180621625953,-0.14952186914073756
usdclp,2026-01-26,PC1,-1.3750312946857048,-0.08911190020464164
usdclp,2026-01-27,PC1,-5.120545163753204,-0.33184809057748305
usdclp,2026-01-28,PC1,-4.144787430068405,-0.2686119837891632
usdclp,2026-01-29,PC1,0.6621868235510496,0.042914460467314244
usdclp,2026-01-30,PC1,2.3115337734689296,0.1498039846344765
usdclp,2026-02-02,PC1,-0.7649658333871169,-0.04957527822691091
usdclp,2026-02-03,PC1,-1.4068183160940306,-0.09117192741310527
usdclp,2026-02-04,PC1,0.4390052687679774,0.028450693341278203
usdclp,2026-02-05,PC1,1.7485880912261471,0.11332106264533072
usdclp,2026-02-06,PC1,1.4792616505278475,0.0958667756056572
usdclp,2026-02-09,PC1,-1.699348197221586,-0.11012996398628218
usdclp,2026-02-10,PC1,-2.626780363297638,-0.1702342270305892
usdclp,2026-02-11,PC1,-0.2482368946216145,-0.01608753303733919
usdclp,2026-02-12,PC1,0.053607905240370526,0.0034741771481292547
usdclp,2026-02-13,PC1,-1.757554568225562,-0.11390215473148715
usdclp,2026-02-16,PC1,-2.9820458373328282,-0.19325798044677223
usdclp,2026-02-17,PC1,-3.2699336650933275,-0.21191517863322407
usdclp,2026-02-18,PC1,-0.6682858894836401,-0.04330972372919585
usdclp,2026-02-19,PC1,-2.8324357015161943,-0.18356216949030807
usdclp,2026-02-20,PC1,-1.6635904239164885,-0.10781260354610951
usdclp,2026-02-23,PC1,-3.868366492437341,-0.25069792241190325
usdclp,2026-02-24,PC1,-4.771687251236297,-0.3092395931520394
usdclp,2026-02-25,PC1,-3.6711582061537937,-0.23791740956485224
usdclp,2026-02-26,PC1,-2.5306769544702736,-0.16400603614515383
usdclp,2026-02-27,PC1,-3.1419467984918223,-0.20362071077043625
usdclp,2026-03-02,PC1,1.7333588002527425,0.1123340952485489
usdclp,2026-03-03,PC1,3.71324750273709,0.24064509817187507
usdclp,2026-03-04,PC1,10.82851260908208,0.7017653625154665
usdclp,2026-03-05,PC1,9.45978851649214,0.6130622142904347
usdclp,2026-03-06,PC1,23.837995923823033,1.5448732854679619
usdclp,2026-03-09,PC1,23.58298738506408,1.5283469012721655
usdclp,2026-03-10,PC1,15.162323764023498,0.9826274408096013
usdclp,2026-03-11,PC1,22.23915485770409,1.441256905187948
usdclp,2026-03-12,PC1,31.347573101661986,2.0315478030858305
usdclp,2026-03-13,PC1,28.386040176153433,1.839619206601777
usdclp,2026-03-16,PC1,21.587561195385295,1.399028957624179
usdclp,2026-03-17,PC1,15.247711370535924,0.9881611707688076
usdclp,2026-03-18,PC1,23.36139407963994,1.5139860641077385
usdclp,2026-03-19,PC1,22.291613254403913,1.444656585929526
usdclp,2026-03-20,PC1,17.75867262452135,1.150889487969774
usdclp,2026-03-23,PC1,15.921727430494562,1.0318422506856748
usdclp,2026-03-24,PC1,14.008953952468719,0.9078807961742817
usdclp,2026-03-25,PC1,11.24370607529747,0.7286728800897933
usdclp,2026-03-26,PC1,20.25843386398847,1.3128919638172358
usdclp,2026-03-27,PC1,19.778203795069057,1.2817696074445424
usdclp,2025-02-04,PC2,1.1625033016661646,0.883797129401379
usdclp,2025-02-05,PC2,1.0431719248036764,0.7930750401243652
usdclp,2025-02-06,PC2,1.1966174055437653,0.9097324940888697
usdclp,2025-02-07,PC2,1.281460164953559,0.9742344934461158
usdclp,2025-02-10,PC2,1.4042980669972909,1.0676224305404347
usdclp,2025-02-11,PC2,1.4672779935179465,1.1155031360739915
usdclp,2025-02-12,PC2,1.4540564528665358,1.1054514143651304
usdclp,2025-02-13,PC2,1.4061742793365801,1.0690488274179615
usdclp,2025-02-14,PC2,1.5728124075500418,1.195736036953448
usdclp,2025-02-17,PC2,1.545115174219131,1.1746791201471602
usdclp,2025-02-18,PC2,1.4505066295279372,1.1027526489749255
usdclp,2025-02-19,PC2,1.4102976465227088,1.0721836314889224
usdclp,2025-02-20,PC2,1.3354043187262266,1.015245721701501
usdclp,2025-02-21,PC2,1.4370714177173975,1.0925384830331721
usdclp,2025-02-24,PC2,1.2396816098064452,0.9424722033462638
usdclp,2025-02-25,PC2,1.2417024534642584,0.9440085566806454
usdclp,2025-02-26,PC2,1.1175665294178876,0.8496337938988743
usdclp,2025-02-27,PC2,1.0587150350156112,0.8048917430684245
usdclp,2025-02-28,PC2,0.4898372945939286,0.3724004862742085
usdclp,2025-03-03,PC2,1.0132753854819907,0.7703460933818734
usdclp,2025-03-04,PC2,0.969163202328458,0.7368096545718994
usdclp,2025-03-05,PC2,1.021752480974639,0.7767908343570826
usdclp,2025-03-06,PC2,0.9973638614577016,0.7582493025711182
usdclp,2025-03-07,PC2,0.43619468344294204,0.3316185068330433
usdclp,2025-03-10,PC2,0.9888184763050861,0.7517526441472787
usdclp,2025-03-11,PC2,1.2013773592890769,0.9133512652787322
usdclp,2025-03-12,PC2,1.20873607020944,0.918945750540142
usdclp,2025-03-13,PC2,1.0474442239794906,0.796323070252208
usdclp,2025-03-14,PC2,1.2011330903349973,0.9131655589670961
usdclp,2025-03-17,PC2,1.1055293031448534,0.8404824512654255
usdclp,2025-03-18,PC2,1.0496322397895124,0.7979865167897022
usdclp,2025-03-19,PC2,0.9758930292798609,0.7419260286350897
usdclp,2025-03-20,PC2,1.0163285083791282,0.7726672405548168
usdclp,2025-03-21,PC2,0.622867688383097,0.4735373002389442
usdclp,2025-03-24,PC2,0.7886282951176878,0.5995573710549942
usdclp,2025-03-25,PC2,1.0137484088577189,0.770705711028558
usdclp,2025-03-26,PC2,0.6587289030782003,0.5008009119284362
usdclp,2025-03-27,PC2,0.6613253970772538,0.5027749054126547
usdclp,2025-03-28,PC2,1.0047828820120497,0.7638896384389863
usdclp,2025-03-31,PC2,0.6080339349784333,0.46225988824493114
usdclp,2025-04-01,PC2,0.8420891677724024,0.64020118317992325
usdclp,2025-04-02,PC2,0.687198639929353,0.5224451271902756
usdclp,2025-04-03,PC2,0.6685045829663776,0.5082329061522246
usdclp,2025-04-04,PC2,0.5607830492724769,0.42633724003503465
usdclp,2025-04-07,PC2,0.5311198158807533,0.40378566492742524
usdclp,2025-04-08,PC2,0.5477527453067923,0.41643090667357763
usdclp,2025-04-09,PC2,0.904423991445775,0.6875914470572884
usdclp,2025-04-10,PC2,0.9579300449636362,0.7282696080886641
usdclp,2025-04-11,PC2,1.1561038507950203,0.8789319248883628
usdclp,2025-04-14,PC2,1.2036737194901104,0.9150970810117596
usdclp,2025-04-15,PC2,1.3093563833206996,0.9954426893099008
usdclp,2025-04-16,PC2,1.221499929015187,0.9286495180532627
usdclp,2025-04-17,PC2,1.4028467204293098,1.0665190393253647
usdclp,2025-04-18,PC2,0.3562360639278835,0.2708296916124572
usdclp,2025-04-21,PC2,0.5986833174937684,0.4551510491739086
usdclp,2025-04-22,PC2,0.3334484074043195,0.2535052974430427
usdclp,2025-04-23,PC2,0.08323494331853948,0.06327965164948673
usdclp,2025-04-24,PC2,0.34493702084389166,0.26223955528484255
usdclp,2025-04-25,PC2,0.7702719088903126,0.585601865353905
usdclp,2025-04-28,PC2,0.5762202422453422,0.4380734190341644
usdclp,2025-04-29,PC2,0.7253858279850788,0.551477068119122
usdclp,2025-04-30,PC2,0.7047876121532936,0.5358172037584531
usdclp,2025-05-01,PC2,0.6059377878772745,0.4606662852090069
usdclp,2025-05-02,PC2,0.7171628181335586,0.5452254966256074
usdclp,2025-05-05,PC2,0.6798444440863554,0.5168540745319465
usdclp,2025-05-06,PC2,0.5251039351917813,0.39921207096333566
usdclp,2025-05-07,PC2,0.6989700736572756,0.5313944001280518
usdclp,2025-05-08,PC2,0.6504515046958271,0.4945079913674641
usdclp,2025-05-09,PC2,0.667039668422887,0.5071191998371546
usdclp,2025-05-12,PC2,0.7310543738247436,0.5557865995705987
usdclp,2025-05-13,PC2,0.7050409845258351,0.536009830975254
usdclp,2025-05-14,PC2,0.49671068724691647,0.3776260066553142
usdclp,2025-05-15,PC2,0.8188919567899345,0.6225654238259162
usdclp,2025-05-16,PC2,0.69897985801141,0.5314018387169012
usdclp,2025-05-19,PC2,1.3808764973341585,1.0498161017285659
usdclp,2025-05-20,PC2,1.2875621742474312,0.9788735669780149
usdclp,2025-05-21,PC2,1.3715336923463184,1.0427132021350978
usdclp,2025-05-22,PC2,1.1907543979719553,0.9052751224373676
usdclp,2025-05-23,PC2,1.3947192324178663,1.0603400886389773
usdclp,2025-05-26,PC2,1.383319755157739,1.0516735968838682
usdclp,2025-05-27,PC2,1.3105911811053632,0.9963814485684016
usdclp,2025-05-28,PC2,1.0709643624756877,0.8142043363580924
usdclp,2025-05-29,PC2,1.07205907570502,0.8150365958520782
usdclp,2025-05-30,PC2,1.1462663693644644,0.8714529458296337
usdclp,2025-06-02,PC2,1.1881603549511461,0.903302992317781
usdclp,2025-06-03,PC2,1.3439034651872799,1.0217072270012062
usdclp,2025-06-04,PC2,1.2186657665121892,0.9264948362723022
usdclp,2025-06-05,PC2,0.9857486381017527,0.7494187891053669
usdclp,2025-06-06,PC2,1.0232856965854484,0.7779564667932611
usdclp,2025-06-09,PC2,1.130437288740419,0.8594188328971858
usdclp,2025-06-10,PC2,1.1973964431984847,0.9103247601426089
usdclp,2025-06-11,PC2,1.0935943539039183,0.8314088650970496
usdclp,2025-06-12,PC2,1.0954918798603654,0.8328514657252533
usdclp,2025-06-13,PC2,1.048193564183833,0.796892758717259
usdclp,2025-06-16,PC2,1.37512078236057,1.0454402996435144
usdclp,2025-06-17,PC2,1.0541331211255147,0.8014083272902263
usdclp,2025-06-18,PC2,0.9881412140496887,0.7512377531905697
usdclp,2025-06-19,PC2,0.8241035215260217,0.6265275338232312
usdclp,2025-06-20,PC2,1.359992786522568,1.033939188828552
usdclp,2025-06-23,PC2,1.3128801463664033,0.9981216422728902
usdclp,2025-06-24,PC2,1.5150538518063545,1.1518248964934794
usdclp,2025-06-25,PC2,1.0560914810968545,0.802897177187275
usdclp,2025-06-26,PC2,0.9946843346965513,0.7562121831442188
usdclp,2025-06-27,PC2,0.9378744361982592,0.7130222626146059
usdclp,2025-06-30,PC2,1.5622521163769758,1.1877075393044334
usdclp,2025-07-01,PC2,1.0695816115036025,0.8131530951804938
usdclp,2025-07-02,PC2,1.0112115828218216,0.7687770803183456
usdclp,2025-07-03,PC2,1.2256505435566818,0.9318050370197613
usdclp,2025-07-04,PC2,0.9280429560246735,0.7055478460321085
usdclp,2025-07-07,PC2,0.9100631364938759,0.6918786264559589
usdclp,2025-07-08,PC2,1.1972994499363718,0.910251020681823
usdclp,2025-07-09,PC2,1.3012794095146956,0.9893021422217633
usdclp,2025-07-10,PC2,1.1426263883961172,0.868685637791635
usdclp,2025-07-11,PC2,1.1873678449332894,0.9027004838536762
usdclp,2025-07-14,PC2,1.4776125204646628,1.1233599956942077
usdclp,2025-07-15,PC2,1.6651077131893812,1.2659038601883237
usdclp,2025-07-16,PC2,1.4594975841144817,1.1095880530918665
usdclp,2025-07-17,PC2,1.3269716293908977,1.0088347406599716
usdclp,2025-07-18,PC2,1.399154411935118,1.0637119491060476
usdclp,2025-07-21,PC2,1.5992155772475716,1.2158091374361126
usdclp,2025-07-22,PC2,1.402551657909125,1.0662947170305725
usdclp,2025-07-23,PC2,1.4798627930146933,1.125070773132205
usdclp,2025-07-24,PC2,1.1820381237118642,0.8986485449824025
usdclp,2025-07-25,PC2,1.3275701092644316,1.0092897370401759
usdclp,2025-07-28,PC2,1.4266405543980953,1.08460838335469
usdclp,2025-07-29,PC2,1.4545305574298026,1.1058118539883564
usdclp,2025-07-30,PC2,1.3637308485959887,1.0367810633636854
usdclp,2025-07-31,PC2,1.333934142942344,1.0141280155103456
usdclp,2025-08-01,PC2,1.3095469305787277,0.9955875535175286
usdclp,2025-08-04,PC2,1.198331248616973,0.9110354491739645
usdclp,2025-08-05,PC2,1.2595293081507146,0.9575614842083041
usdclp,2025-08-06,PC2,1.0051057508465808,0.7641351005798015
usdclp,2025-08-07,PC2,0.7398652175894813,0.5624850738164081
usdclp,2025-08-08,PC2,0.8821564259377696,0.6706624538694619
usdclp,2025-08-11,PC2,1.1387234283505656,0.8657183990066071
usdclp,2025-08-12,PC2,1.229633417591935,0.9348330306900406
usdclp,2025-08-13,PC2,0.928418520758064,0.7058333704110924
usdclp,2025-08-14,PC2,0.5035927536120769,0.3828581212559015
usdclp,2025-08-15,PC2,0.6098689624930531,0.46365497421799384
usdclp,2025-08-18,PC2,0.6091875295982602,0.46313691251835437
usdclp,2025-08-19,PC2,0.7040336080746465,0.5352439695669372
usdclp,2025-08-20,PC2,1.1299634173007531,0.8590585705069785
usdclp,2025-08-21,PC2,1.2594118757770814,0.9574722058427569
usdclp,2025-08-22,PC2,1.1707740970871692,0.8900850300382832
usdclp,2025-08-25,PC2,1.1621575793608032,0.8835342928308416
usdclp,2025-08-26,PC2,1.2722121861826547,0.9672036858098918
usdclp,2025-08-27,PC2,1.050222703238824,0.7984354186558476
usdclp,2025-08-28,PC2,1.2346310562498888,0.9386325026514143
usdclp,2025-08-29,PC2,1.094204820586364,0.8318729744899152
usdclp,2025-09-01,PC2,1.098709314724581,0.8352975316357364
usdclp,2025-09-02,PC2,1.276333729726071,0.9703371034502144
usdclp,2025-09-03,PC2,1.1105188862262936,0.8442757989470762
usdclp,2025-09-04,PC2,1.1417124748298757,0.8679908318627335
usdclp,2025-09-05,PC2,1.1501909673555506,0.8744366349371013
usdclp,2025-09-08,PC2,1.2326775022103527,0.9371473064805321
usdclp,2025-09-09,PC2,1.111146888159361,0.8447532395744773
usdclp,2025-09-10,PC2,0.9824168934791458,0.7468858188083035
usdclp,2025-09-11,PC2,0.5590465505891894,0.425017060944533
usdclp,2025-09-12,PC2,0.5598569521148352,0.4256331714889089
usdclp,2025-09-15,PC2,0.7327058849976099,0.5570421666142893
usdclp,2025-09-16,PC2,0.5573683014841692,0.4237411662960521
usdclp,2025-09-17,PC2,0.3730998553497138,0.28365044698414144
usdclp,2025-09-18,PC2,0.4442297577876332,0.337727199711753
usdclp,2025-09-19,PC2,0.21003146310555826,0.15967714148477416
usdclp,2025-09-22,PC2,0.23349985815134583,0.17751906945469648
usdclp,2025-09-23,PC2,-0.08891322173553476,-0.06759658232631706
usdclp,2025-09-24,PC2,0.001892612420726839,0.001438865095791041
usdclp,2025-09-25,PC2,0.1780932564485769,0.13539601013554556
usdclp,2025-09-26,PC2,0.5902174680357302,0.44871485803515254
usdclp,2025-09-29,PC2,-0.019877683193755068,-0.01511207694688696
usdclp,2025-09-30,PC2,0.38861902317928243,0.2954489476497419
usdclp,2025-10-01,PC2,0.33038306584477967,0.2511748609900251
usdclp,2025-10-02,PC2,0.6188409833801916,0.47047598392490586
usdclp,2025-10-03,PC2,0.6526006150912238,0.4961418599298122
usdclp,2025-10-06,PC2,0.8280905626499632,0.6295586955370038
usdclp,2025-10-07,PC2,0.770391686936364,0.5856929270249676
usdclp,2025-10-08,PC2,0.8529929729030019,0.6484908384954513
usdclp,2025-10-09,PC2,0.8408854685912136,0.6392860667415676
usdclp,2025-10-10,PC2,0.8740537757048961,0.6645023861895737
usdclp,2025-10-13,PC2,0.8094089354865084,0.6153559242967467
usdclp,2025-10-14,PC2,0.6302685722169418,0.47916384760273256
usdclp,2025-10-15,PC2,0.308707878367921,0.23469622523576256
usdclp,2025-10-16,PC2,0.09420888510437084,0.07162262859814125
usdclp,2025-10-17,PC2,0.05146436067561432,0.039125957032893
usdclp,2025-10-20,PC2,0.17571591741262435,0.13358862996503135
usdclp,2025-10-21,PC2,0.0801266996180003,0.060916598696364614
usdclp,2025-10-22,PC2,-0.02286188396034605,-0.017380825833268953
usdclp,2025-10-23,PC2,-0.26445443296349114,-0.20105239131417058
usdclp,2025-10-24,PC2,-0.4862049436719574,-0.36963897900518095
usdclp,2025-10-27,PC2,-0.2796164772015891,-0.2125793875422947
usdclp,2025-10-28,PC2,-0.545852733070762,-0.41498641584277546
usdclp,2025-10-29,PC2,-0.6503121290434362,-0.4944020305488428
usdclp,2025-10-30,PC2,-0.2860264160978291,-0.21745256561242626
usdclp,2025-10-31,PC2,-0.33500475831673726,-0.25468851857175817
usdclp,2025-11-03,PC2,-0.7042079238419646,-0.5353764937279796
usdclp,2025-11-04,PC2,-1.1867322682280401,-0.9022172844796944
usdclp,2025-11-05,PC2,-1.3660366784211404,-1.038534078410983
usdclp,2025-11-06,PC2,-1.3720504471684063,-1.043106066764134
usdclp,2025-11-07,PC2,-1.4931618469372965,-1.1351814245718195
usdclp,2025-11-10,PC2,-2.3884314242338545,-1.8158131968180042
usdclp,2025-11-11,PC2,-2.5701040946631797,-1.9539304687311196
usdclp,2025-11-12,PC2,-3.865095588939603,-2.938452201787988
usdclp,2025-11-13,PC2,-2.7377955173715947,-2.0814184490254672
usdclp,2025-11-14,PC2,-2.5220793090940994,-1.9174194604911978
usdclp,2025-11-17,PC2,-1.7004176635543777,-1.2927483712767298
usdclp,2025-11-18,PC2,-1.741121763809959,-1.3236938033535148
usdclp,2025-11-19,PC2,-1.639177090419271,-1.2461900151308776
usdclp,2025-11-20,PC2,-1.621988981285861,-1.2331226961046236
usdclp,2025-11-21,PC2,-1.6665836722904714,-1.2670259631662548
usdclp,2025-11-24,PC2,-1.875675936973739,-1.425989075823437
usdclp,2025-11-25,PC2,-1.744586123814728,-1.3263275949505273
usdclp,2025-11-26,PC2,-1.9820647812091428,-1.506871560200743
usdclp,2025-11-27,PC2,-1.6349645919633544,-1.2429874487058095
usdclp,2025-11-28,PC2,-1.578425419702183,-1.200003348728171
usdclp,2025-12-01,PC2,-1.3073258968701462,-0.9938990050092037
usdclp,2025-12-02,PC2,-1.7308074918597944,-1.315852342664022
usdclp,2025-12-03,PC2,-1.6460912915916208,-1.2514465603290443
usdclp,2025-12-04,PC2,-1.5221012777770797,-1.1571827263023629
usdclp,2025-12-05,PC2,-1.504913970510848,-1.1441160168983864
usdclp,2025-12-08,PC2,-1.6762231716803468,-1.274354425698299
usdclp,2025-12-09,PC2,-1.811984976371236,-1.3775678041860744
usdclp,2025-12-10,PC2,-1.968398952627785,-1.4964820670665862
usdclp,2025-12-11,PC2,-1.8098218321930866,-1.375923266392169
usdclp,2025-12-12,PC2,-1.8382832184672993,-1.3975611330991975
usdclp,2025-12-15,PC2,-1.6126467601713788,-1.2260202404028817
usdclp,2025-12-16,PC2,-1.6564156098614031,-1.259295658767545
usdclp,2025-12-17,PC2,-1.4319648224445303,-1.0886561764309377
usdclp,2025-12-18,PC2,-1.5187792879280853,-1.1546571721054553
usdclp,2025-12-19,PC2,-1.2180541420630535,-0.9260298466833298
usdclp,2025-12-22,PC2,-1.1366133384882617,-0.8641141959386129
usdclp,2025-12-23,PC2,-1.1953530818337827,-0.9087712876441927
usdclp,2025-12-24,PC2,-1.198659132713119,-0.911284724184652
usdclp,2025-12-25,PC2,-1.3186404947806503,-1.0025009669471199
usdclp,2025-12-26,PC2,-1.1562964202628019,-0.8790783264879012
usdclp,2025-12-29,PC2,-1.0702074114044493,-0.8136288617053306
usdclp,2025-12-30,PC2,-1.2126978859793658,-0.9219577345918483
usdclp,2025-12-31,PC2,-1.3584412980134268,-1.0327596643586292
usdclp,2026-01-01,PC2,-1.6527788794289449,-1.2565308219606246
usdclp,2026-01-02,PC2,-1.5358628706682345,-1.1676450245820849
usdclp,2026-01-05,PC2,-1.485870073706379,-1.1296378289188058
usdclp,2026-01-06,PC2,-1.623732949100575,-1.2344485536279557
usdclp,2026-01-07,PC2,-1.9727616907947318,-1.499798853748182
usdclp,2026-01-08,PC2,-1.9269676859869085,-1.464983804246869
usdclp,2026-01-09,PC2,-2.068897620954968,-1.572886524971285
usdclp,2026-01-12,PC2,-1.6970561108665942,-1.2901927392956967
usdclp,2026-01-13,PC2,-1.9365806946313096,-1.4722921270986455
usdclp,2026-01-14,PC2,-1.6361724035643757,-1.2439056916254727
usdclp,2026-01-15,PC2,-1.6932262204837851,-1.287281051972833
usdclp,2026-01-16,PC2,-1.8820011841228932,-1.4307978667018497
usdclp,2026-01-19,PC2,-1.5341961283242505,-1.1663778779882183
usdclp,2026-01-20,PC2,-1.5462056295661677,-1.1755081425714984
usdclp,2026-01-21,PC2,-1.5305423636990498,-1.1636000908777366
usdclp,2026-01-22,PC2,-1.6030784796569302,-1.2187459222655856
usdclp,2026-01-23,PC2,-1.6117070772227309,-1.2253058432124635
usdclp,2026-01-26,PC2,-1.8975514362378607,-1.4426199993022288
usdclp,2026-01-27,PC2,-1.6906166333744674,-1.2852971044065489
usdclp,2026-01-28,PC2,-1.3553863604469267,-1.0304371375770678
usdclp,2026-01-29,PC2,-2.0643102159944258,-1.569398934587913
usdclp,2026-01-30,PC2,-1.7804366333814077,-1.353583068029353
usdclp,2026-02-02,PC2,-2.538410849288717,-1.929835570038602
usdclp,2026-02-03,PC2,-2.4389921818400047,-1.8542521865125958
usdclp,2026-02-04,PC2,-2.011851067982516,-1.5295166870645576
usdclp,2026-02-05,PC2,-2.246663324904967,-1.708033512194329
usdclp,2026-02-06,PC2,-1.601633178842384,-1.2176471273553378
usdclp,2026-02-09,PC2,-1.5035211134708255,-1.1430570925479142
usdclp,2026-02-10,PC2,-1.6987230568365257,-1.2914600406968895
usdclp,2026-02-11,PC2,-1.8614263206977666,-1.4151557560885808
usdclp,2026-02-12,PC2,-2.0962593675936363,-1.5936883868670777
usdclp,2026-02-13,PC2,-1.7697447782235234,-1.3454545484088325
usdclp,2026-02-16,PC2,-1.7054723112946377,-1.2965911845888074
usdclp,2026-02-17,PC2,-1.736310004768374,-1.3200356470091594
usdclp,2026-02-18,PC2,-1.8662416411502372,-1.4188166200077987
usdclp,2026-02-19,PC2,-1.8904485591233255,-1.4372200125707335
usdclp,2026-02-20,PC2,-1.7665427031257621,-1.3430201598135718
usdclp,2026-02-23,PC2,-1.736847196255205,-1.3204440486827889
usdclp,2026-02-24,PC2,-1.7349631888902537,-1.3190117256102192
usdclp,2026-02-25,PC2,-1.8709983055902273,-1.4224328904919887
usdclp,2026-02-26,PC2,-1.8428837569490462,-1.4010587082871913
usdclp,2026-02-27,PC2,-1.7434498543577777,-1.3254637421917095
usdclp,2026-03-02,PC2,-1.737566637053703,-1.3209910060218137
usdclp,2026-03-03,PC2,-1.6034179510797142,-1.219004006581166
usdclp,2026-03-04,PC2,-1.8428440018063894,-1.4010284843033896
usdclp,2026-03-05,PC2,-1.5907675942370232,-1.2093865293254462
usdclp,2026-03-06,PC2,-1.6936742876400992,-1.2876216965679597
usdclp,2026-03-09,PC2,-1.9650183907634526,-1.4939119832937673
usdclp,2026-03-10,PC2,-2.245499094440009,-1.7071484019831007
usdclp,2026-03-11,PC2,-2.100864219758899,-1.597189241547786
usdclp,2026-03-12,PC2,-2.2514851922600956,-1.7116993534187877
usdclp,2026-03-13,PC2,-2.2343880573696415,-1.6987011978733244
usdclp,2026-03-16,PC2,-1.511769676431663,-1.1493280908805867
usdclp,2026-03-17,PC2,-1.1188027500080533,-0.850573634850144
usdclp,2026-03-18,PC2,-1.3102630158236448,-0.9961319597854111
usdclp,2026-03-19,PC2,-1.1554811646150973,-0.8784585255805516
usdclp,2026-03-20,PC2,-0.73627371517815,-0.5597546217679483
usdclp,2026-03-23,PC2,-0.5170567725115831,-0.3930941878860191
usdclp,2026-03-24,PC2,-0.4332196371322242,-0.3293567176531905
usdclp,2026-03-25,PC2,-0.5705111577776967,-0.43373306795147387
usdclp,2026-03-26,PC2,-1.3593096800879165,-1.0334198548144822
usdclp,2026-03-27,PC2,-0.87809292562532415,-0.6675731637949163
usdclp,2025-02-04,PC3,-0.5197622188411604,-0.5959853122446939
usdclp,2025-02-05,PC3,-0.3884113212152227,-0.44537181457694824
usdclp,2025-02-06,PC3,-0.4910847121698686,-0.5631022512057532
usdclp,2025-02-07,PC3,-0.7547964516235298,-0.8654872989902914
usdclp,2025-02-10,PC3,-0.7592741577992934,-0.8706216604666842
usdclp,2025-02-11,PC3,-0.8163116467083432,-0.9360236931748402
usdclp,2025-02-12,PC3,-0.903523475403639,-1.0360251305095551
usdclp,2025-02-13,PC3,-0.8716901625125406,-0.9995234644871884
usdclp,2025-02-14,PC3,-1.1184145537361287,-1.2824299705999562
usdclp,2025-02-17,PC3,-0.9922694571905682,-1.1377857043805635
usdclp,2025-02-18,PC3,-0.940280992597842,-1.0781731350551138
usdclp,2025-02-19,PC3,-0.9108554317335655,-1.044432317727584
usdclp,2025-02-20,PC3,-0.8606762673388954,-0.9868943823489553
usdclp,2025-02-21,PC3,-1.0367688746381756,-1.1888109583156212
usdclp,2025-02-24,PC3,-0.6797536824020729,-0.7794395128586403
usdclp,2025-02-25,PC3,-0.7025419912096796,-0.8055697255749682
usdclp,2025-02-26,PC3,-0.7009126161477583,-0.8037014027730377
usdclp,2025-02-27,PC3,-0.5409563164812867,-0.6202875228362171
usdclp,2025-02-28,PC3,0.08345548629279385,0.09569422757898487
usdclp,2025-03-03,PC3,-0.466146809479028,-0.534507206812058
usdclp,2025-03-04,PC3,-0.48124658258592906,-0.5518213605995435
usdclp,2025-03-05,PC3,-0.6326448423578892,-0.7254221646839006
usdclp,2025-03-06,PC3,-0.5967452520425275,-0.6842579019345607
usdclp,2025-03-07,PC3,0.04035259499529589,0.046270300257251346
usdclp,2025-03-10,PC3,-0.5578802324259239,-0.6396933298822848
usdclp,2025-03-11,PC3,-0.6472100280866778,-0.7421233338912895
usdclp,2025-03-12,PC3,-0.7165260311518943,-0.8216045240064217
usdclp,2025-03-13,PC3,-0.5788420106807655,-0.6637291514667575
usdclp,2025-03-14,PC3,-0.8502015011496513,-0.9748834924233554
usdclp,2025-03-17,PC3,-0.6089695764229048,-0.6982749226388802
usdclp,2025-03-18,PC3,-0.6271328209935556,-0.7191018057681525
usdclp,2025-03-19,PC3,-0.6018014109911107,-0.6900555462428537
usdclp,2025-03-20,PC3,-0.6424513088452022,-0.736666748802556
usdclp,2025-03-21,PC3,-0.17566824273800288,-0.20142997837186016
usdclp,2025-03-24,PC3,-0.1956706067999815,-0.22436568773851862
usdclp,2025-03-25,PC3,-0.5053525882766309,-0.5794625103556318
usdclp,2025-03-26,PC3,-0.23029601044916717,-0.26406890443531544
usdclp,2025-03-27,PC3,-0.2767851145681673,-0.3173756324543553
usdclp,2025-03-28,PC3,-0.7477564371514005,-0.857414866883291
usdclp,2025-03-31,PC3,0.35217262972668273,0.40381872149086556
usdclp,2025-04-01,PC3,-0.1290697012258587,-0.14799776397354933
usdclp,2025-04-02,PC3,0.2645832330825133,0.3033843458937183
usdclp,2025-04-03,PC3,0.28770400356757336,0.32989577576947754
usdclp,2025-04-04,PC3,0.5519662404684893,0.6329120514137927
usdclp,2025-04-07,PC3,0.8639001413951053,0.9905910373122822
usdclp,2025-04-08,PC3,0.8755259489081963,1.0039217686921706
usdclp,2025-04-09,PC3,0.5774211212093434,0.662099888652739
usdclp,2025-04-10,PC3,0.522202717553708,0.598783709924453
usdclp,2025-04-11,PC3,0.5387498754596671,0.617757507391558
usdclp,2025-04-14,PC3,0.5050009795766721,0.5790593382641723
usdclp,2025-04-15,PC3,0.29284765442186295,0.3357937426653906
usdclp,2025-04-16,PC3,0.229172855358435,0.2627810387282993
usdclp,2025-04-17,PC3,0.1254862641424697,0.14388881609000873
usdclp,2025-04-18,PC3,1.3858780413250782,1.5891169601240451
usdclp,2025-04-21,PC3,1.106771799544015,1.2690798073117417
usdclp,2025-04-22,PC3,1.545161833222587,1.7717597090741504
usdclp,2025-04-23,PC3,1.6855533674865477,1.932739652116891
usdclp,2025-04-24,PC3,1.3614538170900856,1.5611109250961799
usdclp,2025-04-25,PC3,0.8447607811754487,0.9686448912416659
usdclp,2025-04-28,PC3,0.9632173152336451,1.104473067817296
usdclp,2025-04-29,PC3,0.8715111832019242,0.9993182378730652
usdclp,2025-04-30,PC3,0.8680288806965033,0.9953252559463468
usdclp,2025-05-01,PC3,0.9646380304159266,1.1061021307826855
usdclp,2025-05-02,PC3,0.8337464570534393,0.9560153172498207
usdclp,2025-05-05,PC3,0.9719652149271986,1.1145038463951846
usdclp,2025-05-06,PC3,1.1852969779348304,1.3591206976763077
usdclp,2025-05-07,PC3,1.0050264196819045,1.152413474537935
usdclp,2025-05-08,PC3,1.0408302319037177,1.1934679133429396
usdclp,2025-05-09,PC3,0.9149539433242879,1.0491318757592978
usdclp,2025-05-12,PC3,0.9675333102123209,1.1094220031607454
usdclp,2025-05-13,PC3,0.9203728519663723,1.055345466978526
usdclp,2025-05-14,PC3,0.8508418213593697,0.9756177155474938
usdclp,2025-05-15,PC3,0.6981437095956236,0.8005264362667598
usdclp,2025-05-16,PC3,0.7276037052375072,0.8343067382296484
usdclp,2025-05-19,PC3,0.23294142104171567,0.2671022643080889
usdclp,2025-05-20,PC3,0.3084375440326324,0.3536698885080999
usdclp,2025-05-21,PC3,0.09308409305501834,0.10673486885618289
usdclp,2025-05-22,PC3,0.26649585740440485,0.3055774564399808
usdclp,2025-05-23,PC3,0.06084331744173987,0.06976598573164197
usdclp,2025-05-26,PC3,0.1322093855334876,0.15159788276749514
usdclp,2025-05-27,PC3,0.098419038298557,0.11285218345028271
usdclp,2025-05-28,PC3,0.24892970086103816,0.2854352242558501
usdclp,2025-05-29,PC3,0.1987852014834803,0.22793703751669292
usdclp,2025-05-30,PC3,0.030698704453865463,0.03520066733637754
usdclp,2025-06-02,PC3,0.06206804100628937,0.07117031492213
usdclp,2025-06-03,PC3,-0.1411363471715487,-0.16183398271165267
usdclp,2025-06-04,PC3,-0.08037700030163428,-0.09216428183038107
usdclp,2025-06-05,PC3,0.27315532685911365,0.3132135366291058
usdclp,2025-06-06,PC3,0.20451657503130438,0.23450891659845202
usdclp,2025-06-09,PC3,0.255277588671325,0.2927140293739733
usdclp,2025-06-10,PC3,0.12774189052900564,0.14647522992994547
usdclp,2025-06-11,PC3,0.0792133494660057,0.09082998168028346
usdclp,2025-06-12,PC3,-0.4093860581060997,-0.4694224951805337
usdclp,2025-06-13,PC3,-0.361828840501681,-0.41489101490739727
usdclp,2025-06-16,PC3,-0.18028739906723346,-0.20672653365693147
usdclp,2025-06-17,PC3,-0.09705809640866167,-0.11129165952646689
usdclp,2025-06-18,PC3,-0.14270556450679078,-0.16363332566045183
usdclp,2025-06-19,PC3,0.12564049834831895,0.14406566873146623
usdclp,2025-06-20,PC3,-0.30332002206384895,-0.34780188229694114
usdclp,2025-06-23,PC3,-0.1792680388471039,-0.20555768433110275
usdclp,2025-06-24,PC3,-0.35724541472414467,-0.4096354300569521
usdclp,2025-06-25,PC3,-0.2334217845937,-0.2676530731417083
usdclp,2025-06-26,PC3,-0.38649058909744743,-0.4431694072270971
usdclp,2025-06-27,PC3,-0.3723175084146438,-0.4269178452435367
usdclp,2025-06-30,PC3,-0.6142518959951379,-0.7043318940106214
usdclp,2025-07-01,PC3,-0.35276188547948684,-0.40449439155901495
usdclp,2025-07-02,PC3,-0.336398331378356,-0.3857311233820031
usdclp,2025-07-03,PC3,-0.2153973715694776,-0.24698538119553515
usdclp,2025-07-04,PC3,0.08100887890610914,0.09288882538845152
usdclp,2025-07-07,PC3,0.30672108137277415,0.3517017067180252
usdclp,2025-07-08,PC3,-0.12677232443058464,-0.14536347703032396
usdclp,2025-07-09,PC3,-0.18443996954139172,-0.2114880783035916
usdclp,2025-07-10,PC3,0.04273998152825446,0.04900779685996019
usdclp,2025-07-11,PC3,0.03338889305111843,0.03828537190514287
usdclp,2025-07-14,PC3,-0.1866469675046247,-0.21401873236531513
usdclp,2025-07-15,PC3,-0.3385921434641058,-0.38824665785822354
usdclp,2025-07-16,PC3,-0.25214894638598095,-0.28912657191411584
usdclp,2025-07-17,PC3,-0.14711889332069825,-0.16869386883932988
usdclp,2025-07-18,PC3,-0.2987842851788535,-0.3426009799118259
usdclp,2025-07-21,PC3,-0.3194722006657381,-0.3663227767723837
usdclp,2025-07-22,PC3,-0.20569691607175208,-0.23586235457074983
usdclp,2025-07-23,PC3,-0.29540485813134226,-0.3387259601217964
usdclp,2025-07-24,PC3,-0.07108764890446129,-0.08151264769402854
usdclp,2025-07-25,PC3,-0.29616788183399745,-0.33960088119761245
usdclp,2025-07-28,PC3,-0.1081115615929563,-0.12396611461467118
usdclp,2025-07-29,PC3,-0.1425464735545439,-0.16345090403107376
usdclp,2025-07-30,PC3,0.007902331669776505,0.00906120806197479
usdclp,2025-07-31,PC3,-0.2773552707427088,-0.3180294019924145
usdclp,2025-08-01,PC3,-0.5622129940726882,-0.6446614907245368
usdclp,2025-08-04,PC3,-0.2937858030830178,-0.3368694707627422
usdclp,2025-08-05,PC3,-0.3778369888369375,-0.4332467570875784
usdclp,2025-08-06,PC3,0.004759217116470681,0.005457155977063088
usdclp,2025-08-07,PC3,0.3619983729436602,0.41508540927025595
usdclp,2025-08-08,PC3,0.20453620475869624,0.2345314250240067
usdclp,2025-08-11,PC3,0.09304035226591423,0.10668471348338536
usdclp,2025-08-12,PC3,-0.029681938868894198,-0.03403479314877135
usdclp,2025-08-13,PC3,0.36019357384676426,0.41301593651076857
usdclp,2025-08-14,PC3,0.8963993093188249,1.0278562059616987
usdclp,2025-08-15,PC3,0.7479914201041002,0.8576843100697354
usdclp,2025-08-18,PC3,0.9848443132243049,1.1292716635657836
usdclp,2025-08-19,PC3,0.9317088846426262,1.0683439280618199
usdclp,2025-08-20,PC3,0.22413866807686014,0.2570085882304601
usdclp,2025-08-21,PC3,0.24987947804695412,0.2865242862003159
usdclp,2025-08-22,PC3,0.206799911801601,0.2371271045480092
usdclp,2025-08-25,PC3,0.3482332281797122,0.39930160697980494
usdclp,2025-08-26,PC3,0.2657019845616716,0.30466716219983025
usdclp,2025-08-27,PC3,0.41082781485210884,0.47107568545351663
usdclp,2025-08-28,PC3,0.1848297313510882,0.21193499865569412
usdclp,2025-08-29,PC3,0.04583720337778002,0.05255922607925998
usdclp,2025-09-01,PC3,0.07895520384875795,0.09053397902614092
usdclp,2025-09-02,PC3,-0.05328342312865028,-0.06109743344100005
usdclp,2025-09-03,PC3,-0.10572403048298551,-0.12122845223274127
usdclp,2025-09-04,PC3,-0.22926636187900548,-0.26288825797363474
usdclp,2025-09-05,PC3,-0.23401851498831072,-0.2683373140073697
usdclp,2025-09-08,PC3,-0.28330589291248054,-0.3248526824913485
usdclp,2025-09-09,PC3,-0.25397752821705044,-0.2912233151440965
usdclp,2025-09-10,PC3,-0.24470364768944608,-0.28058942067926357
usdclp,2025-09-11,PC3,-0.3183476187457588,-0.365033274991708
usdclp,2025-09-12,PC3,-0.504086500203772,-0.578010750554555
usdclp,2025-09-15,PC3,-0.64027639596937,-0.734172885104079
usdclp,2025-09-16,PC3,-0.30939427804377356,-0.35476692749572636
usdclp,2025-09-17,PC3,-0.167222751061824,-0.19174595592615473
usdclp,2025-09-18,PC3,-0.2042480703285007,-0.234201035699572
usdclp,2025-09-19,PC3,-0.01106009534400827,-0.012682057560379822
usdclp,2025-09-22,PC3,-0.11379713215843638,-0.13048547370989705
usdclp,2025-09-23,PC3,0.17126612508442246,0.19638229046919686
usdclp,2025-09-24,PC3,0.07120299352196656,0.0816449075917063
usdclp,2025-09-25,PC3,-0.2631737979588515,-0.30176821720676195
usdclp,2025-09-26,PC3,-0.9083247799822393,-1.041530546072154
usdclp,2025-09-29,PC3,-0.04175346759139099,-0.04787661072256211
usdclp,2025-09-30,PC3,-0.5554294813790425,-0.6368831763640738
usdclp,2025-10-01,PC3,-0.5195878054442784,-0.595785321135236
usdclp,2025-10-02,PC3,-0.5355586328193974,-0.6140982692390596
usdclp,2025-10-03,PC3,-0.5450553458176727,-0.6249876745409579
usdclp,2025-10-06,PC3,-0.5879184030958865,-0.6741365962010859
usdclp,2025-10-07,PC3,-0.5019618131393554,-0.5755744782792599
usdclp,2025-10-08,PC3,-0.6786820622128404,-0.7782107396428584
usdclp,2025-10-09,PC3,-0.5404165129127338,-0.6196685571117132
usdclp,2025-10-10,PC3,-0.26913500819518776,-0.30860363851148914
usdclp,2025-10-13,PC3,0.390643014073337,0.4479307850381795
usdclp,2025-10-14,PC3,0.12246313473046774,0.14042234495906508
usdclp,2025-10-15,PC3,1.3062023503701443,1.4977568346074968
usdclp,2025-10-16,PC3,1.8919983950289543,2.169459828653667
usdclp,2025-10-17,PC3,1.884617932428368,2.1609970217237446
usdclp,2025-10-20,PC3,1.9475381198411652,2.2331444502638913
usdclp,2025-10-21,PC3,2.0354770079464037,2.333979570220674
usdclp,2025-10-22,PC3,2.1144237329248234,2.4245038269507275
usdclp,2025-10-23,PC3,1.9189813309976052,2.2003998103137605
usdclp,2025-10-24,PC3,2.1381447820448374,2.451703566281692
usdclp,2025-10-27,PC3,2.0495033122592385,2.3500628310897724
usdclp,2025-10-28,PC3,2.051657108084438,2.3525324809236037
usdclp,2025-10-29,PC3,2.029499686299361,2.3271256747679754
usdclp,2025-10-30,PC3,1.5456096466539684,1.7722731943142362
usdclp,2025-10-31,PC3,1.5730388006865943,1.8037248318864896
usdclp,2025-11-03,PC3,1.5101557364574838,1.731619970642347
usdclp,2025-11-04,PC3,1.5966254658693382,1.8307704798850883
usdclp,2025-11-05,PC3,1.6705843483004115,1.915575427303597
usdclp,2025-11-06,PC3,1.6997118682757701,1.948974496066486
usdclp,2025-11-07,PC3,1.7393431101594317,1.9944176568282288
usdclp,2025-11-10,PC3,1.6983374120000925,1.9473984758731506
usdclp,2025-11-11,PC3,1.9342042861875233,2.217855210828208
usdclp,2025-11-12,PC3,3.1469257274292484,3.608422167456433
usdclp,2025-11-13,PC3,2.8566671220811495,3.275597157732203
usdclp,2025-11-14,PC3,0.7578820642041726,0.8690254164422326
usdclp,2025-11-17,PC3,1.2844703203038124,1.4728378038367125
usdclp,2025-11-18,PC3,-0.30590983876318345,-0.35077149543590824
usdclp,2025-11-19,PC3,-0.4342299023939043,-0.49790968751290043
usdclp,2025-11-20,PC3,-0.5617549491137771,-0.6441362735041174
usdclp,2025-11-21,PC3,-0.4471439601203183,-0.5127175909106942
usdclp,2025-11-24,PC3,-0.15352801728139143,-0.17604289038507634
usdclp,2025-11-25,PC3,-0.45540554083783696,-0.5221907318683863
usdclp,2025-11-26,PC3,-0.3564311719384646,-0.408701778623132
usdclp,2025-11-27,PC3,-0.7903630688455393,-0.9062697581651948
usdclp,2025-11-28,PC3,-0.6707965638757889,-0.7691688335206881
usdclp,2025-12-01,PC3,-0.932923126121186,-1.0697362379691315
usdclp,2025-12-02,PC3,-0.5997261799155852,-0.687675982673796
usdclp,2025-12-03,PC3,-0.7812827207077078,-0.8958577776016944
usdclp,2025-12-04,PC3,-0.8072368955218896,-0.9256181303552498
usdclp,2025-12-05,PC3,-0.7702337166306704,-0.8831884378418178
usdclp,2025-12-08,PC3,-1.058838250681143,-1.2141168068271557
usdclp,2025-12-09,PC3,-0.9590780516394434,-1.0997267815036147
usdclp,2025-12-10,PC3,-1.0389905737701555,-1.1913584694714705
usdclp,2025-12-11,PC3,-1.1022843897016323,-1.2639343191266903
usdclp,2025-12-12,PC3,-1.1083452630890391,-1.2708840191766915
usdclp,2025-12-15,PC3,-1.0889812624293076,-1.2486802891610178
usdclp,2025-12-16,PC3,-1.1477781899174946,-1.3160997819941143
usdclp,2025-12-17,PC3,-1.1606987115095595,-1.330915097183009
usdclp,2025-12-18,PC3,-0.8958042261925248,-1.0271738539361295
usdclp,2025-12-19,PC3,-1.0750988622670874,-1.2327620359762572
usdclp,2025-12-22,PC3,-1.0754034596719064,-1.2331113025694018
usdclp,2025-12-23,PC3,-1.1489755490508582,-1.3174727337614776
usdclp,2025-12-24,PC3,-1.0925845585589475,-1.2528120084185692
usdclp,2025-12-25,PC3,-1.0824548138362329,-1.241196737333675
usdclp,2025-12-26,PC3,-1.0808196907419596,-1.239321823550846
usdclp,2025-12-29,PC3,-1.0578669775696308,-1.2130030965810936
usdclp,2025-12-30,PC3,-0.9098701895919256,-1.043302589894093
usdclp,2025-12-31,PC3,-0.9003316721520214,-1.0323652495320956
usdclp,2026-01-01,PC3,-0.8201804229039109,-0.9404598251316051
usdclp,2026-01-02,PC3,-0.9590737592386495,-1.0997218596225415
usdclp,2026-01-05,PC3,-0.9251128219675102,-1.0607805532521226
usdclp,2026-01-06,PC3,-0.7603978893997119,-0.8719101872284942
usdclp,2026-01-07,PC3,-0.5868431619567078,-0.6729036710232988
usdclp,2026-01-08,PC3,-0.810088551807141,-0.928887981837278
usdclp,2026-01-09,PC3,-0.729936735848394,-0.8369819076180753
usdclp,2026-01-12,PC3,-0.9384168272970801,-1.0760355900420742
usdclp,2026-01-13,PC3,-0.8146101303714142,-0.9340726495849174
usdclp,2026-01-14,PC3,-1.1811225568088368,-1.3543340979812317
usdclp,2026-01-15,PC3,-1.2651294161251574,-1.4506605573994642
usdclp,2026-01-16,PC3,-0.9880416574176029,-1.132937898063635
usdclp,2026-01-19,PC3,-1.2442672343083894,-1.426738938063812
usdclp,2026-01-20,PC3,-1.258444935548219,-1.4429957982087664
usdclp,2026-01-21,PC3,-1.2072282733993054,-1.3842682161020732
usdclp,2026-01-22,PC3,-1.1932649629441106,-1.3682571871354754
usdclp,2026-01-23,PC3,-1.13604094917516,-1.3026412757096295
usdclp,2026-01-26,PC3,-0.9543742008201128,-1.0943331112873347
usdclp,2026-01-27,PC3,-1.1168330474956691,-1.2806165365788402
usdclp,2026-01-28,PC3,-1.2419308144855503,-1.4240598824357327
usdclp,2026-01-29,PC3,-0.7343325696570115,-0.8420223901503491
usdclp,2026-01-30,PC3,-0.6804323949621844,-0.7802177585686967
usdclp,2026-02-02,PC3,0.24398168352639127,0.27976158052168926
usdclp,2026-02-03,PC3,-0.0818820936106992,-0.09389009696900427
usdclp,2026-02-04,PC3,-0.40306953874836415,-0.46217965869635647
usdclp,2026-02-05,PC3,-0.2569705532365464,-0.29465526707545764
usdclp,2026-02-06,PC3,-0.6309131092885055,-0.723436473079801
usdclp,2026-02-09,PC3,-0.6935201071461851,-0.7952247828382579
usdclp,2026-02-10,PC3,-0.4447129582547187,-0.5099300827898325
usdclp,2026-02-11,PC3,-0.5429187437262905,-0.6225377399008177
usdclp,2026-02-12,PC3,-0.1786914720853012,-0.20489656409360446
usdclp,2026-02-13,PC3,-0.5903607166485976,-0.6769370748671907
usdclp,2026-02-16,PC3,-0.6648331889816154,-0.7623309301112017
usdclp,2026-02-17,PC3,-0.6391758968826406,-0.7329109979024818
usdclp,2026-02-18,PC3,-0.5453801863591492,-0.6253601529253493
usdclp,2026-02-19,PC3,-0.44685206111552184,-0.5123828849370561
usdclp,2026-02-20,PC3,-0.6108758494519413,-0.7004607504756302
usdclp,2026-02-23,PC3,-0.6377937672176794,-0.7313261790178558
usdclp,2026-02-24,PC3,-0.64011676793297545,-0.7339898476272001
usdclp,2026-02-25,PC3,-0.5459364901943112,-0.6259980386794181
usdclp,2026-02-26,PC3,-0.7029339801813386,-0.8060191997021786
usdclp,2026-02-27,PC3,-0.7565052581302696,-0.8674467018529229
usdclp,2026-03-02,PC3,-0.5974699765021078,-0.6850889071859568
usdclp,2026-03-03,PC3,-0.3567855823356643,-0.4091081632805409
usdclp,2026-03-04,PC3,-0.1822591602744629,-0.20898745350867187
usdclp,2026-03-05,PC3,0.016090515701709093,0.018450188715221753
usdclp,2026-03-06,PC3,0.23298794319016602,0.26715560892638823
usdclp,2026-03-09,PC3,1.005577849146725,1.1530457710955893
usdclp,2026-03-10,PC3,1.3151691410446884,1.5080386045135816
usdclp,2026-03-11,PC3,0.9665416006668126,1.1082848594790566
usdclp,2026-03-12,PC3,1.3539696044307328,1.552529153168557
usdclp,2026-03-13,PC3,1.5844961230234533,1.816862369750718
usdclp,2026-03-16,PC3,1.1579270667447314,1.327736990905336
usdclp,2026-03-17,PC3,0.9646942796600536,1.106166628974569
usdclp,2026-03-18,PC3,0.9001139439368915,1.032115591489295
usdclp,2026-03-19,PC3,1.0167758176244812,1.1658859208752355
usdclp,2026-03-20,PC3,0.9671659575372543,1.1090007782413167
usdclp,2026-03-23,PC3,1.3503841229747489,1.5484178611053199
usdclp,2026-03-24,PC3,1.3549522505769032,1.5536559043040226
usdclp,2026-03-25,PC3,1.4465062314026713,1.6586362700784831
usdclp,2026-03-26,PC3,2.2985448372801374,2.635626278510783
usdclp,2026-03-27,PC3,1.893359207143485,2.171020203770568
usdbrl,2025-02-04,PC1,1.7990530288845952,0.12872706457838398
usdbrl,2025-02-05,PC1,2.4487978957115084,0.1752180507186635
usdbrl,2025-02-06,PC1,2.5380654460731757,0.18160538312947352
usdbrl,2025-02-07,PC1,1.384062822691341,0.09903340340534095
usdbrl,2025-02-10,PC1,-0.9510157816024201,-0.06804772731424051
usdbrl,2025-02-11,PC1,-4.334877405060738,-0.31017209315202865
usdbrl,2025-02-12,PC1,-7.054593434945415,-0.5047750622656697
usdbrl,2025-02-13,PC1,-8.232756648239471,-0.5890757969336243
usdbrl,2025-02-14,PC1,-5.815374803263882,-0.4161056488209155
usdbrl,2025-02-17,PC1,-9.581292148260058,-0.6855671252103792
usdbrl,2025-02-18,PC1,-10.950925089799476,-0.7835680319560451
usdbrl,2025-02-19,PC1,-10.493893524025024,-0.7508661988598391
usdbrl,2025-02-20,PC1,-10.318651299757246,-0.7383271481715088
usdbrl,2025-02-21,PC1,-9.381928803173944,-0.6713021436976474
usdbrl,2025-02-24,PC1,-9.10487535567761,-0.6514782271955106
usdbrl,2025-02-25,PC1,-10.808826121481395,-0.7734004700345689
usdbrl,2025-02-26,PC1,-11.551456613745753,-0.8265376715515584
usdbrl,2025-02-27,PC1,-11.92373467615834,-0.8531751643946751
usdbrl,2025-02-28,PC1,-9.930976829607433,-0.7105880011018384
usdbrl,2025-03-03,PC1,-11.119950054644313,-0.7956622210742115
usdbrl,2025-03-04,PC1,-7.608227835015913,-0.5443890869922646
usdbrl,2025-03-05,PC1,-3.5283306955352938,-0.2524615150336417
usdbrl,2025-03-06,PC1,-2.1244195894398197,-0.15200791376947598
usdbrl,2025-03-07,PC1,-4.474803113583654,-0.3201841525121538
usdbrl,2025-03-10,PC1,-5.537807925032529,-0.3962449949740077
usdbrl,2025-03-11,PC1,-6.269554629546115,-0.4486034323155357
usdbrl,2025-03-12,PC1,-5.743472252914196,-0.4109608286885411
usdbrl,2025-03-13,PC1,-2.89679584210736,-0.20727350414375653
usdbrl,2025-03-14,PC1,-5.029713841468214,-0.3598895019136228
usdbrl,2025-03-17,PC1,-6.1282553004599905,-0.43849308672365006
usdbrl,2025-03-18,PC1,-6.535211715156126,-0.46761190858942703
usdbrl,2025-03-19,PC1,-5.362619923206327,-0.38370982404665527
usdbrl,2025-03-20,PC1,-7.603288389090044,-0.5440356564015749
usdbrl,2025-03-21,PC1,-6.4064949455928515,-0.45840187884496447
usdbrl,2025-03-24,PC1,-6.174196820907279,-0.44178032560682734
usdbrl,2025-03-25,PC1,-6.203932340230741,-0.4439079816874245
usdbrl,2025-03-26,PC1,-2.3922378812835987,-0.1711710301401042
usdbrl,2025-03-27,PC1,0.2400937084085478,0.017179348140911974
usdbrl,2025-03-28,PC1,2.484024787506094,0.1777386292130889
usdbrl,2025-03-31,PC1,-3.0185991944718182,-0.21598886036391446
usdbrl,2025-04-01,PC1,-2.0193864031056044,-0.14449250786256912
usdbrl,2025-04-02,PC1,-2.2258651175554327,-0.1592666131181123
usdbrl,2025-04-03,PC1,-2.3695305849845885,-0.1695462622482453
usdbrl,2025-04-04,PC1,6.446675799103976,0.46127692657379515
usdbrl,2025-04-07,PC1,13.426333969765532,0.9606901698992819
usdbrl,2025-04-08,PC1,11.822314801631814,0.8459183006290737
usdbrl,2025-04-09,PC1,14.510013693930759,1.0382303577621108
usdbrl,2025-04-10,PC1,14.75752131914958,1.0559401915155602
usdbrl,2025-04-11,PC1,9.44986615956639,0.6761632435780867
usdbrl,2025-04-14,PC1,-10.732649588004469,-0.7679498349577799
usdbrl,2025-04-15,PC1,-16.532579441482063,-1.1829503562384684
usdbrl,2025-04-16,PC1,-16.892983517098745,-1.2087382335113164
usdbrl,2025-04-17,PC1,-18.310871668119596,-1.310191929789824
usdbrl,2025-04-18,PC1,-15.030133084118733,-1.075446293731885
usdbrl,2025-04-21,PC1,-11.683402937186592,-0.8359787845291897
usdbrl,2025-04-22,PC1,-11.985978197950583,-0.8576288551534761
usdbrl,2025-04-23,PC1,-10.988586745200172,-0.7862628243101648
usdbrl,2025-04-24,PC1,-14.194851209116509,-1.0156796375309673
usdbrl,2025-04-25,PC1,-14.773310463732273,-1.0570699471157017
usdbrl,2025-04-28,PC1,-20.267238086071742,-1.4501751888596501
usdbrl,2025-04-29,PC1,-20.33351365383353,-1.454917383310989
usdbrl,2025-04-30,PC1,-15.114571911921043,-1.0814881181055502
usdbrl,2025-05-01,PC1,-8.156044416422692,-0.5835868312052751
usdbrl,2025-05-02,PC1,-7.124299196119918,-0.5097626962465085
usdbrl,2025-05-05,PC1,-8.622879345325336,-0.6169901212003199
usdbrl,2025-05-06,PC1,-9.753392323589708,-0.6978813538784171
usdbrl,2025-05-07,PC1,-8.565272839454112,-0.6128682213550343
usdbrl,2025-05-08,PC1,-8.651717397571774,-0.6190535611068934
usdbrl,2025-05-09,PC1,-13.291957210315976,-0.9510751527131454
usdbrl,2025-05-12,PC1,-13.141058612297382,-0.9402779537089724
usdbrl,2025-05-13,PC1,-13.28875730607191,-0.9508461909906963
usdbrl,2025-05-14,PC1,-10.717140989859743,-0.766840153206968
usdbrl,2025-05-15,PC1,-6.819434655478595,-0.48794882151312924
usdbrl,2025-05-16,PC1,-7.72381086116531,-0.5526593622050655
usdbrl,2025-05-19,PC1,-9.90591129515317,-0.7087944949513353
usdbrl,2025-05-20,PC1,-11.124621888135563,-0.7959965032781665
usdbrl,2025-05-21,PC1,-13.673349722454343,-0.9783648088552919
usdbrl,2025-05-22,PC1,-12.798821292148359,-0.9157899564656279
usdbrl,2025-05-23,PC1,-9.187265934147238,-0.657373493841367
usdbrl,2025-05-26,PC1,-8.360025942630834,-0.5981822559511886
usdbrl,2025-05-27,PC1,-14.34798229058482,-1.0266365767076577
usdbrl,2025-05-28,PC1,-13.230171010037823,-0.9466541845340195
usdbrl,2025-05-29,PC1,-18.576027893055503,-1.329164568140483
usdbrl,2025-05-30,PC1,-10.725592034680732,-0.7674448481075405
usdbrl,2025-06-02,PC1,-12.916543167671394,-0.9242132720819206
usdbrl,2025-06-03,PC1,-13.024935376010573,-0.931969025013407
usdbrl,2025-06-04,PC1,-12.371686173944958,-0.8852272942973234
usdbrl,2025-06-05,PC1,-12.376248584004346,-0.8855537469615409
usdbrl,2025-06-06,PC1,-13.788123119586164,-0.9865771529425745
usdbrl,2025-06-09,PC1,-16.50951367660629,-1.1812999389594654
usdbrl,2025-06-10,PC1,-23.139905882431606,-1.655722266681769
usdbrl,2025-06-11,PC1,-19.84772212168793,-1.420157697561809
usdbrl,2025-06-12,PC1,-18.539583113443385,-1.3265568465095186
usdbrl,2025-06-13,PC1,-15.060340502480877,-1.0776077154531007
usdbrl,2025-06-16,PC1,-24.844103491512254,-1.7776621718186758
usdbrl,2025-06-17,PC1,-20.620221961292177,-1.4754321309125484
usdbrl,2025-06-18,PC1,-22.20760638803306,-1.5890137398651674
usdbrl,2025-06-19,PC1,-17.704630397956027,-1.266813742553836
usdbrl,2025-06-20,PC1,-17.461302114766756,-1.249402951920681
usdbrl,2025-06-23,PC1,-17.11684937434384,-1.2247564354207683
usdbrl,2025-06-24,PC1,-16.069752872691843,-1.1498338751494208
usdbrl,2025-06-25,PC1,-13.519188426389277,-0.9673341550638587
usdbrl,2025-06-26,PC1,-13.595014384511765,-0.97275970553471
usdbrl,2025-06-27,PC1,-12.130280378625695,-0.8679540628223592
usdbrl,2025-06-30,PC1,-15.916555380440204,-1.1388721841032428
usdbrl,2025-07-01,PC1,-16.431631428802934,-1.1757272554523495
usdbrl,2025-07-02,PC1,-15.161253222697923,-1.0848282909689952
usdbrl,2025-07-03,PC1,-17.377456208755348,-1.2434035526898226
usdbrl,2025-07-04,PC1,-14.546127020320014,-1.0408143630268876
usdbrl,2025-07-07,PC1,-10.086857669181628,-0.7217416928386745
usdbrl,2025-07-08,PC1,-8.866261992420768,-0.6344048017166226
usdbrl,2025-07-09,PC1,-1.284434075807638,-0.09190469962171048
usdbrl,2025-07-10,PC1,3.1678902650620002,0.2266710364733941
usdbrl,2025-07-11,PC1,3.806647303206899,0.27237581403081557
usdbrl,2025-07-14,PC1,-9.20638873547425,-0.6587417815137255
usdbrl,2025-07-15,PC1,-6.861295123556192,-0.49094405016453097
usdbrl,2025-07-16,PC1,-4.943617363152686,-0.3537290682042475
usdbrl,2025-07-17,PC1,-5.536647942194035,-0.396161995093869
usdbrl,2025-07-18,PC1,0.2705153192610153,0.01935609590871513
usdbrl,2025-07-21,PC1,-2.9703853539368117,-0.21253903089003306
usdbrl,2025-07-22,PC1,-5.903955108615939,-0.42244380700989165
usdbrl,2025-07-23,PC1,-13.466188224829793,-0.963541848634156
usdbrl,2025-07-24,PC1,-8.194494074172134,-0.5863380072388119
usdbrl,2025-07-25,PC1,-0.7805880200752837,-0.055853164334818496
usdbrl,2025-07-28,PC1,2.462521223551222,0.1761999915957195
usdbrl,2025-07-29,PC1,0.034439441524205576,0.0024642343176945057
usdbrl,2025-07-30,PC1,-0.3048113688251715,-0.021810070147465745
usdbrl,2025-07-31,PC1,-2.150378298224853,-0.15386532893650653
usdbrl,2025-08-01,PC1,-5.312792398831309,-0.3801445311703354
usdbrl,2025-08-04,PC1,-10.781579622542058,-0.771450910031508
usdbrl,2025-08-05,PC1,-7.252232511887992,-0.5189166677727475
usdbrl,2025-08-06,PC1,-6.574441757094963,-0.4704189232026674
usdbrl,2025-08-07,PC1,-12.642417341584908,-0.9045988347358931
usdbrl,2025-08-08,PC1,-13.309944642065126,-0.9523622016501118
usdbrl,2025-08-11,PC1,-13.606660722253974,-0.9735930322052265
usdbrl,2025-08-12,PC1,-16.303262383926672,-1.166542106340932
usdbrl,2025-08-13,PC1,-16.60215803190529,-1.1879288908113135
usdbrl,2025-08-14,PC1,-15.09554817475856,-1.0801269187395952
usdbrl,2025-08-15,PC1,-12.826266656285572,-0.9177537458064339
usdbrl,2025-08-18,PC1,-13.989897846586683,-1.0010146752923106
usdbrl,2025-08-19,PC1,-1.8546832922081886,-0.1327075589742657
usdbrl,2025-08-20,PC1,-0.26718744211462053,-0.01911797738221565
usdbrl,2025-08-21,PC1,-2.489669865831291,-0.17814254969261398
usdbrl,2025-08-22,PC1,-5.783579799473796,-0.4138306311085727
usdbrl,2025-08-25,PC1,-7.927287107943094,-0.5672186328538971
usdbrl,2025-08-26,PC1,-10.181620739914969,-0.728522244456711
usdbrl,2025-08-27,PC1,-8.534193295445133,-0.6106443967070244
usdbrl,2025-08-28,PC1,-8.66521511550989,-0.6200193589909934
usdbrl,2025-08-29,PC1,-4.484332321708575,-0.3208659928859409
usdbrl,2025-09-01,PC1,-4.094973750345198,-0.2930063438620789
usdbrl,2025-09-02,PC1,0.15790492367794762,0.011298520377766836
usdbrl,2025-09-03,PC1,1.3183368315061776,0.09433053263058873
usdbrl,2025-09-04,PC1,1.3145512780568869,0.09405966613832423
usdbrl,2025-09-05,PC1,-7.27513583149048,-0.5205554616571927
usdbrl,2025-09-08,PC1,-7.70397745843499,-0.5512402290983233
usdbrl,2025-09-09,PC1,-7.633570833508755,-0.546202446438162
usdbrl,2025-09-10,PC1,-9.936096407425834,-0.7109543206120821
usdbrl,2025-09-11,PC1,-7.9699441187478595,-0.570270856271675
usdbrl,2025-09-12,PC1,-6.245816202344217,-0.4469048842447751
usdbrl,2025-09-15,PC1,-6.12729720131037,-0.438424532162375
usdbrl,2025-09-16,PC1,-3.515821866941588,-0.2515664748317527
usdbrl,2025-09-17,PC1,-3.423508151762895,-0.24496118116642604
usdbrl,2025-09-18,PC1,-4.12339899983193,-0.29504024662513634
usdbrl,2025-09-19,PC1,-6.552861875931162,-0.4688748248845157
usdbrl,2025-09-22,PC1,-5.893632193707916,-0.42170517478912484
usdbrl,2025-09-23,PC1,-8.669577320775188,-0.6203314864657674
usdbrl,2025-09-24,PC1,-5.913587031498317,-0.42313299689978756
usdbrl,2025-09-25,PC1,-3.6299190539296458,-0.25973043427141956
usdbrl,2025-09-26,PC1,-2.551344405881729,-0.1825555282832657
usdbrl,2025-09-29,PC1,-6.029020053811367,-0.4313925389361792
usdbrl,2025-09-30,PC1,-8.912022735332876,-0.6376791054827845
usdbrl,2025-10-01,PC1,-9.69481165279657,-0.6936897499228024
usdbrl,2025-10-02,PC1,-10.072080923291967,-0.7206843770776288
usdbrl,2025-10-03,PC1,-6.235903802022043,-0.44619562544255376
usdbrl,2025-10-06,PC1,-8.51012426991629,-0.6089221934401695
usdbrl,2025-10-07,PC1,-6.497134140428369,-0.4648873560930467
usdbrl,2025-10-08,PC1,-7.687496537288901,-0.5500609750315327
usdbrl,2025-10-09,PC1,-5.792125176679779,-0.41444207574404474
usdbrl,2025-10-10,PC1,9.48493315485322,0.6786723810489572
usdbrl,2025-10-13,PC1,4.359381486363038,0.3119254258251574
usdbrl,2025-10-14,PC1,5.128416298528582,0.3669519271785035
usdbrl,2025-10-15,PC1,-0.8372691690547569,-0.05990885241510893
usdbrl,2025-10-16,PC1,0.19548255693170905,0.013987300722145489
usdbrl,2025-10-17,PC1,0.6467056245522106,0.046273520212214155
usdbrl,2025-10-20,PC1,-3.075991949123514,-0.22009546573672037
usdbrl,2025-10-21,PC1,-5.563908556981592,-0.39811256512369186
usdbrl,2025-10-22,PC1,-5.623201712466479,-0.4023551492680244
usdbrl,2025-10-23,PC1,-8.292002272917129,-0.5933149801213462
usdbrl,2025-10-24,PC1,-5.408483576491133,-0.3869914913257206
usdbrl,2025-10-27,PC1,-6.01279247857705,-0.43023141244818813
usdbrl,2025-10-28,PC1,-8.792827407228717,-0.6291503603863607
usdbrl,2025-10-29,PC1,-4.620558773139655,-0.33061336048939904
usdbrl,2025-10-30,PC1,-1.7792784291134436,-0.12731213898092647
usdbrl,2025-10-31,PC1,-2.449987777346408,-0.17530318993779578
usdbrl,2025-11-03,PC1,-5.73298454658433,-0.41021040520000124
usdbrl,2025-11-04,PC1,0.5989292176037131,0.04285499028350191
usdbrl,2025-11-05,PC1,-5.43306590254362,-0.38875042262037357
usdbrl,2025-11-06,PC1,-4.384177296444872,-0.31369963247411714
usdbrl,2025-11-07,PC1,-7.720629010782298,-0.5524316922847482
usdbrl,2025-11-10,PC1,-11.318713811667013,-0.8098843004544768
usdbrl,2025-11-11,PC1,-5.635466843462964,-0.40323275225387173
usdbrl,2025-11-12,PC1,-3.212632349334163,-0.22987245248448607
usdbrl,2025-11-13,PC1,-1.6094422418074594,-0.11515990472208495
usdbrl,2025-11-14,PC1,-3.235642730470861,-0.23151890690856353
usdbrl,2025-11-17,PC1,0.10064412748747471,0.007201356986429399
usdbrl,2025-11-18,PC1,1.9549986407008957,0.13988539094269276
usdbrl,2025-11-19,PC1,0.13282171694412387,0.009503749728310336
usdbrl,2025-11-20,PC1,1.8805367841027196,0.13455744559086363
usdbrl,2025-11-21,PC1,14.943462392770513,1.0692447735414807
usdbrl,2025-11-24,PC1,3.703345218504006,0.2649842730839233
usdbrl,2025-11-25,PC1,1.4081952402591222,0.1007601425424337
usdbrl,2025-11-26,PC1,-0.7855396551452921,-0.05620746709143082
usdbrl,2025-11-27,PC1,2.138826131330926,0.15303874044250462
usdbrl,2025-11-28,PC1,0.3752228786371912,0.026848202334293216
usdbrl,2025-12-01,PC1,1.9948080874002532,0.1427338635189987
usdbrl,2025-12-02,PC1,4.967891297393869,0.3554659332385
usdbrl,2025-12-03,PC1,2.2211467864170955,0.15892900388292264
usdbrl,2025-12-04,PC1,4.742723141358585,0.3393545483612458
usdbrl,2025-12-05,PC1,35.13225282710201,2.513806822727393
usdbrl,2025-12-08,PC1,20.632919260784057,1.476340656712188
usdbrl,2025-12-09,PC1,24.92902633138173,1.7837386285526025
usdbrl,2025-12-10,PC1,24.863643689370136,1.7790603253311847
usdbrl,2025-12-11,PC1,16.875812875513855,1.2075096280991002
usdbrl,2025-12-12,PC1,15.935705994523547,1.1402424618528375
usdbrl,2025-12-15,PC1,14.557041907829412,1.041595352473407
usdbrl,2025-12-16,PC1,15.539347181417307,1.1118819267759077
usdbrl,2025-12-17,PC1,18.105123989735144,1.2954701321234874
usdbrl,2025-12-18,PC1,6.9383789368602615,0.4964596035439067
usdbrl,2025-12-19,PC1,-0.2409893893689309,-0.017243436513504753
usdbrl,2025-12-22,PC1,-2.844482243912346,-0.20353032602445878
usdbrl,2025-12-23,PC1,-0.6569362396690084,-0.047005548135612044
usdbrl,2025-12-24,PC1,1.9424482493083344,0.13898737681118276
usdbrl,2025-12-25,PC1,1.6302029811668088,0.11664539124932892
usdbrl,2025-12-26,PC1,2.940026579729268,0.21036677925253772
usdbrl,2025-12-29,PC1,2.431592359814381,0.17398694852491195
usdbrl,2025-12-30,PC1,-7.9067741303854895,-0.5657508743474178
usdbrl,2025-12-31,PC1,1.4922763301168267,0.10677636980764343
usdbrl,2026-01-01,PC1,9.0142921541884,0.6449967564213844
usdbrl,2026-01-02,PC1,8.215314667655699,0.587827776489016
usdbrl,2026-01-05,PC1,11.698286602640104,0.8370437506715078
usdbrl,2026-01-06,PC1,13.722591785643122,0.9818882104150581
usdbrl,2026-01-07,PC1,15.131417965745511,1.0826934983938106
usdbrl,2026-01-08,PC1,14.703327491944425,1.052062477972723
usdbrl,2026-01-09,PC1,9.489640932678935,0.6790092351663521
usdbrl,2026-01-12,PC1,6.404171534989885,0.4582356325910027
usdbrl,2026-01-13,PC1,6.713032892797968,0.48033549030168887
usdbrl,2026-01-14,PC1,8.52212676754791,0.6097810043050638
usdbrl,2026-01-15,PC1,7.901194316968973,0.5653516237469788
usdbrl,2026-01-16,PC1,8.211791533331677,0.5875756867882872
usdbrl,2026-01-19,PC1,8.05560791854776,0.5764003306739431
usdbrl,2026-01-20,PC1,13.903311272954195,0.9948191739498508
usdbrl,2026-01-21,PC1,13.966118379054802,0.9993131906759763
usdbrl,2026-01-22,PC1,16.064492943567895,1.1494575131272091
usdbrl,2026-01-23,PC1,19.027053314014335,1.3614366454823363
usdbrl,2026-01-26,PC1,26.302278202027534,1.8819984793723465
usdbrl,2026-01-27,PC1,34.88108737117123,2.495835261385755
usdbrl,2026-01-28,PC1,29.28645791504619,2.09552453361513
usdbrl,2026-01-29,PC1,33.20236663834939,2.3757182950076103
usdbrl,2026-01-30,PC1,34.818594088068465,2.4913636995359782
usdbrl,2026-02-02,PC1,19.421216648504636,1.389640088181756
usdbrl,2026-02-03,PC1,19.625745070058656,1.404274644755012
usdbrl,2026-02-04,PC1,23.671050142938554,1.693727061662774
usdbrl,2026-02-05,PC1,24.218064795083347,1.7328674256884093
usdbrl,2026-02-06,PC1,22.789079338522818,1.6306196874645469
usdbrl,2026-02-09,PC1,17.113327831369837,1.2245044595853969
usdbrl,2026-02-10,PC1,11.270064421049895,0.8064033062052122
usdbrl,2026-02-11,PC1,9.76663953899456,0.6988292276350684
usdbrl,2026-02-12,PC1,9.94271211994404,0.7114276925688224
usdbrl,2026-02-13,PC1,11.224619629788437,0.8031516096262115
usdbrl,2026-02-16,PC1,11.680514336704924,0.8357720974250437
usdbrl,2026-02-17,PC1,17.106298858921036,1.2240015177733383
usdbrl,2026-02-18,PC1,18.634868943066067,1.333374802926761
usdbrl,2026-02-19,PC1,18.256780850048084,1.3063215868265
usdbrl,2026-02-20,PC1,18.466379226550615,1.3213189122607
usdbrl,2026-02-23,PC1,15.16880106448806,1.0853683592726784
usdbrl,2026-02-24,PC1,14.68363617807204,1.0506535117044773
usdbrl,2026-02-25,PC1,14.336367415095003,1.0258055012455993
usdbrl,2026-02-26,PC1,14.837701015318215,1.0616772636089682
usdbrl,2026-02-27,PC1,18.79907962729939,1.345124517367846
usdbrl,2026-03-02,PC1,23.7608973432482,1.700155869580469
usdbrl,2026-03-03,PC1,33.68877396057243,2.410522042186772
usdbrl,2026-03-04,PC1,22.789533981351394,1.6306522183770962
usdbrl,2026-03-05,PC1,33.47646721778748,2.3953309258882998
usdbrl,2026-03-06,PC1,36.123483237134096,2.5847320144563826
usdbrl,2026-03-09,PC1,32.16914388158638,2.30178843835622
usdbrl,2026-03-10,PC1,22.08899840394312,1.580527020806683
usdbrl,2026-03-11,PC1,24.34601544185937,1.7420226372947039
usdbrl,2026-03-12,PC1,42.45079230141119,3.0374679313234783
usdbrl,2026-03-13,PC1,45.639298023485416,3.265614058982912
usdbrl,2026-03-16,PC1,32.96368370094404,2.3586398913119804
usdbrl,2026-03-17,PC1,28.448164531865192,2.0355423959350216
usdbrl,2026-03-18,PC1,32.366040995792254,2.3158769544414803
usdbrl,2026-03-19,PC1,31.394251331697596,2.246342800173622
usdbrl,2026-03-20,PC1,39.29596136289166,2.811731324655205
usdbrl,2026-03-23,PC1,33.71767133285037,2.4125897266005407
usdbrl,2026-03-24,PC1,28.872370014265712,2.0658954348119978
usdbrl,2026-03-25,PC1,19.94403105215279,1.4270488595855937
usdbrl,2026-03-26,PC1,23.463781693635333,1.6788964487624642
usdbrl,2026-03-27,PC1,21.006123725179577,1.5030444360993742
usdbrl,2025-02-04,PC2,-0.41982765540540323,-0.3244483448836635
usdbrl,2025-02-05,PC2,-0.7132639953716009,-0.5512198155215833
usdbrl,2025-02-06,PC2,-0.9125530316474486,-0.7052330091277117
usdbrl,2025-02-07,PC2,-0.730829457521927,-0.5647946361614639
usdbrl,2025-02-10,PC2,0.888968566783366,0.6870066238679585
usdbrl,2025-02-11,PC2,-0.4282063915179346,-0.33092354257235007
usdbrl,2025-02-12,PC2,-0.7350109728039463,-0.5680261662783802
usdbrl,2025-02-13,PC2,-0.3875561072692622,-0.29950846718672197
usdbrl,2025-02-14,PC2,-0.07817102678078201,-0.06041159968937699
usdbrl,2025-02-17,PC2,-0.11849110922729203,-0.09157149077066068
usdbrl,2025-02-18,PC2,-0.14494934553109684,-0.1120187644716296
usdbrl,2025-02-19,PC2,-0.04279434534433715,-0.033072034056313475
usdbrl,2025-02-20,PC2,0.05503069238554753,0.04252844430901581
usdbrl,2025-02-21,PC2,0.49178658431436034,0.3800591534702688
usdbrl,2025-02-24,PC2,1.039338895702879,0.8032147957437181
usdbrl,2025-02-25,PC2,1.7787785939102272,1.37466353937873
usdbrl,2025-02-26,PC2,1.8593501934434535,1.436930333327646
usdbrl,2025-02-27,PC2,1.5549350303677274,1.201674283503971
usdbrl,2025-02-28,PC2,1.1145146193343303,0.8613115856850656
usdbrl,2025-03-03,PC2,0.20308916485864809,0.1569499830557051
usdbrl,2025-03-04,PC2,0.7450260355869898,0.5757659387827129
usdbrl,2025-03-05,PC2,0.4885859037564846,0.3775856253543058
usdbrl,2025-03-06,PC2,0.44328482396466395,0.3425763538814531
usdbrl,2025-03-07,PC2,0.6013448000383729,0.46472718641759486
usdbrl,2025-03-10,PC2,0.7389385238290073,0.5710614294705999
usdbrl,2025-03-11,PC2,0.7904072022537271,0.6108371024479428
usdbrl,2025-03-12,PC2,0.5756443222047302,0.4448655184486453
usdbrl,2025-03-13,PC2,0.479721666052446,0.37073522563741834
usdbrl,2025-03-14,PC2,0.5916031967497826,0.4571987470144204
usdbrl,2025-03-17,PC2,1.3410629625706425,1.0363911309527065
usdbrl,2025-03-18,PC2,1.3228306762757092,1.022300979825992
usdbrl,2025-03-19,PC2,0.9720059005781477,0.751178969749398
usdbrl,2025-03-20,PC2,0.9212721692146616,0.7119712735466297
usdbrl,2025-03-21,PC2,0.7447259447353408,0.5755340246177487
usdbrl,2025-03-24,PC2,1.2844902205533422,0.9926709703660501
usdbrl,2025-03-25,PC2,1.158229718612975,0.8950951905161608
usdbrl,2025-03-26,PC2,0.9761341256722637,0.7543693165068067
usdbrl,2025-03-27,PC2,0.8892145040086005,0.6871966873967548
usdbrl,2025-03-28,PC2,-0.3144213564055397,-0.24298896789766075
usdbrl,2025-03-31,PC2,-0.28553317120021554,-0.22066379766200897
usdbrl,2025-04-01,PC2,0.2686902899180543,0.20764739703973084
usdbrl,2025-04-02,PC2,0.2870525671541684,0.22183800687890226
usdbrl,2025-04-03,PC2,0.12385407973975575,0.09571606505972062
usdbrl,2025-04-04,PC2,-0.0992867034279995,-0.0767300728796979
usdbrl,2025-04-07,PC2,-2.1408477926629454,-1.654475387779323
usdbrl,2025-04-08,PC2,-1.625636525739053,-1.2563133308813408
usdbrl,2025-04-09,PC2,-2.5708019301208234,-1.9867496114470968
usdbrl,2025-04-10,PC2,-1.616498213423408,-1.2492511226926544
usdbrl,2025-04-11,PC2,-1.1428164533312704,-0.8831836159795243
usdbrl,2025-04-14,PC2,-0.041347207152858056,-0.03195366659052578
usdbrl,2025-04-15,PC2,1.5310308313635923,1.1832008034871004
usdbrl,2025-04-16,PC2,1.5808046752662932,1.2216666860100966
usdbrl,2025-04-17,PC2,1.699035338303479,1.3130369005326998
usdbrl,2025-04-18,PC2,1.622063917445294,1.2535523721095618
usdbrl,2025-04-21,PC2,2.2065410504520293,1.7052440031510363
usdbrl,2025-04-22,PC2,1.783563958828647,1.3783617324526152
usdbrl,2025-04-23,PC2,1.1796095117810732,0.911617776434533
usdbrl,2025-04-24,PC2,1.6748870039275712,1.2943747494831341
usdbrl,2025-04-25,PC2,1.5653080148949718,1.209690662649167
usdbrl,2025-04-28,PC2,1.4586712993042352,1.1272804035064357
usdbrl,2025-04-29,PC2,1.614268311631979,1.2475278252010138
usdbrl,2025-04-30,PC2,1.1996725638763093,0.9271227674988504
usdbrl,2025-05-01,PC2,1.1912553132442896,0.9206178052819315
usdbrl,2025-05-02,PC2,0.753224283272224,0.5821016526361799
usdbrl,2025-05-05,PC2,0.8800627350025031,0.680124079700345
usdbrl,2025-05-06,PC2,0.7699210075916496,0.5950051012314979
usdbrl,2025-05-07,PC2,0.933254823200791,0.7212316264630168
usdbrl,2025-05-08,PC2,1.7378229522961588,1.343012479796908
usdbrl,2025-05-09,PC2,1.6409985902342574,1.2681853367754095
usdbrl,2025-05-12,PC2,1.5358061628730435,1.1868912426103073
usdbrl,2025-05-13,PC2,1.170775827380112,0.904790988712917
usdbrl,2025-05-14,PC2,1.0056329259207524,0.7771663780949339
usdbrl,2025-05-15,PC2,0.7591531315673079,0.5866835447331853
usdbrl,2025-05-16,PC2,0.8243727145702872,0.6370860979877726
usdbrl,2025-05-19,PC2,1.172699695569636,0.9062777794038794
usdbrl,2025-05-20,PC2,0.8595377526113701,0.6642621028157137
usdbrl,2025-05-21,PC2,1.0132184135401892,0.7830285428941662
usdbrl,2025-05-22,PC2,0.962306513727052,0.7436831557654775
usdbrl,2025-05-23,PC2,0.13143977147730596,0.10157838760412102
usdbrl,2025-05-26,PC2,0.39182096481544704,0.30280440530373065
usdbrl,2025-05-27,PC2,0.4880663878049725,0.3771841365804279
usdbrl,2025-05-28,PC2,0.3784546549600718,0.29247474489679287
usdbrl,2025-05-29,PC2,0.31854872044777693,0.24617864922283195
usdbrl,2025-05-30,PC2,0.12762781347149546,0.09863245622054659
usdbrl,2025-06-02,PC2,0.27821497050278476,0.21500819571860127
usdbrl,2025-06-03,PC2,0.5458809875990244,0.4218640212230396
usdbrl,2025-06-04,PC2,0.6573501237670735,0.508008838672981
usdbrl,2025-06-05,PC2,0.4914098801969748,0.37976803156387945
usdbrl,2025-06-06,PC2,0.5404057098492736,0.4176326544209418
usdbrl,2025-06-09,PC2,0.8111829096580772,0.6268928429270202
usdbrl,2025-06-10,PC2,0.6012023893883414,0.46461712959046203
usdbrl,2025-06-11,PC2,0.689011873283198,0.5324774559600154
usdbrl,2025-06-12,PC2,0.5037231052148515,0.3892838541301001
usdbrl,2025-06-13,PC2,0.18496031453450879,0.14293976861037302
usdbrl,2025-06-16,PC2,-0.05698862022003856,-0.044041556742469117
usdbrl,2025-06-17,PC2,-0.05659877604468927,-0.043740280026116365
usdbrl,2025-06-18,PC2,0.3091570361768059,0.23892063184795445
usdbrl,2025-06-19,PC2,0.17135183155612213,0.132422953622443
usdbrl,2025-06-20,PC2,-0.39839407375585095,-0.3078841905179608
usdbrl,2025-06-23,PC2,-0.423549472538418,-0.32732461421280107
usdbrl,2025-06-24,PC2,-0.7593319865777641,-0.5868217662423421
usdbrl,2025-06-25,PC2,-1.8000293339296047,-1.3910863913230151
usdbrl,2025-06-26,PC2,-2.6540994368334108,-2.05112302238816
usdbrl,2025-06-27,PC2,-2.2757595961048787,-1.758737007442605
usdbrl,2025-06-30,PC2,-2.202699216070437,-1.7022749829105235
usdbrl,2025-07-01,PC2,-2.0524030181698114,-1.5861241004631113
usdbrl,2025-07-02,PC2,-1.4394606052442895,-1.112434125964767
usdbrl,2025-07-03,PC2,-0.9117636708361053,-0.7046229806899494
usdbrl,2025-07-04,PC2,-0.7729397053703162,-0.5973379906573881
usdbrl,2025-07-07,PC2,-1.7896147277523202,-1.3830378464181488
usdbrl,2025-07-08,PC2,-1.9818347452357519,-1.5315880091409586
usdbrl,2025-07-09,PC2,-1.9857505426718711,-1.5346141890047453
usdbrl,2025-07-10,PC2,-2.0015469326825626,-1.5468218473810298
usdbrl,2025-07-11,PC2,-0.5290265534089185,-0.4088386923612456
usdbrl,2025-07-14,PC2,-0.5605961607957178,-0.43323610099642323
usdbrl,2025-07-15,PC2,-0.33826804489458684,-0.2614180030305571
usdbrl,2025-07-16,PC2,-1.0752920820929188,-0.8309998920025086
usdbrl,2025-07-17,PC2,-0.6198393678671644,-0.4790200321702048
usdbrl,2025-07-18,PC2,0.036346296826878455,0.028088897185070315
usdbrl,2025-07-21,PC2,-0.46257304559624113,-0.35748254575218796
usdbrl,2025-07-22,PC2,-0.9055689535052143,-0.6998356214982617
usdbrl,2025-07-23,PC2,0.04899837844909076,0.03786659260081395
usdbrl,2025-07-24,PC2,-1.3037253326422757,-1.0075361184823146
usdbrl,2025-07-25,PC2,-1.5380194555929845,-1.1886017043926156
usdbrl,2025-07-28,PC2,-1.3911314075145258,-1.0750846850427878
usdbrl,2025-07-29,PC2,-1.2893653812981762,-0.9964385588379792
usdbrl,2025-07-30,PC2,-1.1677901952936163,-0.9024836528896955
usdbrl,2025-07-31,PC2,-2.1496668083528414,-1.6612908393277135
usdbrl,2025-08-01,PC2,-0.06170395970253049,-0.047685633236624274
usdbrl,2025-08-04,PC2,1.043363814301225,0.8063253058797495
usdbrl,2025-08-05,PC2,0.6879084294005555,0.5316246999855437
usdbrl,2025-08-06,PC2,0.43682995780511713,0.3375879482465546
usdbrl,2025-08-07,PC2,1.0058809520222718,0.7773580559348519
usdbrl,2025-08-08,PC2,0.22718312190028334,0.17557011058472174
usdbrl,2025-08-11,PC2,0.35247483264828944,0.2723971958337375
usdbrl,2025-08-12,PC2,0.4200482139014816,0.3246187953961109
usdbrl,2025-08-13,PC2,0.34547760579705633,0.2669896467086903
usdbrl,2025-08-14,PC2,0.353526417930644,0.27320987479847725
usdbrl,2025-08-15,PC2,0.18339549328874338,0.14173045412932217
usdbrl,2025-08-18,PC2,0.3744099699077241,0.2893489589846126
usdbrl,2025-08-19,PC2,-2.507052770459953,-1.9374834207295721
usdbrl,2025-08-20,PC2,-2.593393270242182,-2.004208496817573
usdbrl,2025-08-21,PC2,-1.9550005789958522,-1.5108502118311045
usdbrl,2025-08-22,PC2,-2.1058588296248653,-1.6274354560341437
usdbrl,2025-08-25,PC2,-1.3140576487695468,-1.0155210685520542
usdbrl,2025-08-26,PC2,0.009570026886538036,0.007395842898514005
usdbrl,2025-08-27,PC2,-0.8895859684112676,-0.6874837599825552
usdbrl,2025-08-28,PC2,-0.9535243833880376,-0.7368962097023478
usdbrl,2025-08-29,PC2,-0.7389365704300846,-0.5710599198581674
usdbrl,2025-09-01,PC2,-0.7966860568738638,-0.61568948404557855
usdbrl,2025-09-02,PC2,-1.7503834876791302,-1.3527194270725031
usdbrl,2025-09-03,PC2,-2.4569014195139167,-1.898725795788431
usdbrl,2025-09-04,PC2,-1.9763776705758482,-1.5273707099265879
usdbrl,2025-09-05,PC2,0.08699374225311825,0.06722991047839737
usdbrl,2025-09-08,PC2,0.06677485530365902,0.05160448818503422
usdbrl,2025-09-09,PC2,-0.38832732971837824,-0.30010447805911483
usdbrl,2025-09-10,PC2,-0.3566034862880416,-0.2755878737768597
usdbrl,2025-09-11,PC2,-0.48342688728905847,-0.37359866943910186
usdbrl,2025-09-12,PC2,-0.22282188271904452,-0.17219968746995779
usdbrl,2025-09-15,PC2,0.11833618708627687,0.09145176489841231
usdbrl,2025-09-16,PC2,-0.002577519112827601,-0.001991940738765731
usdbrl,2025-09-17,PC2,-0.12512391771564937,-0.09669741258231405
usdbrl,2025-09-18,PC2,-0.0779254586557167,-0.06022182140605574
usdbrl,2025-09-19,PC2,0.16391518449591266,0.1266758147689079
usdbrl,2025-09-22,PC2,-0.45698711038579504,-0.35316566140614236
usdbrl,2025-09-23,PC2,-0.2608482749180491,-0.20158698450009369
usdbrl,2025-09-24,PC2,-0.43654833704610196,-0.3373703080125878
usdbrl,2025-09-25,PC2,-0.5847739769205246,-0.45192103593006927
usdbrl,2025-09-26,PC2,-0.9258202833771402,-0.715486116109663
usdbrl,2025-09-29,PC2,-0.4931998408870494,-0.3811513367745377
usdbrl,2025-09-30,PC2,0.3238718194686646,0.25029241029774524
usdbrl,2025-10-01,PC2,0.3844990999567869,0.2971459716482341
usdbrl,2025-10-02,PC2,0.40413832458932614,0.3123234232638807
usdbrl,2025-10-03,PC2,0.33644684004688397,0.26001055192312605
usdbrl,2025-10-06,PC2,0.6546744637839031,0.5059410533762435
usdbrl,2025-10-07,PC2,0.6250675958453824,0.483060475653067
usdbrl,2025-10-08,PC2,0.0044837186923056835,0.0034650768950372653
usdbrl,2025-10-09,PC2,-1.2901547785420744,-0.9970486154312999
usdbrl,2025-10-10,PC2,-3.429750353309736,-2.650556272718534
usdbrl,2025-10-13,PC2,-3.4588406322764698,-2.673037623676338
usdbrl,2025-10-14,PC2,-3.0049294057954254,-2.322249045887964
usdbrl,2025-10-15,PC2,-2.1321632308215,-1.6477638439369435
usdbrl,2025-10-16,PC2,-1.8518041244860444,-1.4310986317899137
usdbrl,2025-10-17,PC2,-1.6341366010306888,-1.262882301086733
usdbrl,2025-10-20,PC2,-1.2791997008714209,-0.9885823870336417
usdbrl,2025-10-21,PC2,-0.910319970374345,-0.7035072699469932
usdbrl,2025-10-22,PC2,-0.9392602618766662,-0.725872708615658
usdbrl,2025-10-23,PC2,-0.859724930003222,-0.6644067559708914
usdbrl,2025-10-24,PC2,-0.9664318533265218,-0.7468712725745946
usdbrl,2025-10-27,PC2,-0.4571192577426139,-0.3532677866250235
usdbrl,2025-10-28,PC2,-0.01371872091952665,-0.010602008321635775
usdbrl,2025-10-29,PC2,-0.8100018003046092,-0.6259800660531621
usdbrl,2025-10-30,PC2,-1.1861263594464546,-0.9166540821939747
usdbrl,2025-10-31,PC2,-1.0408551448542809,-0.8043865730701253
usdbrl,2025-11-03,PC2,-0.6568584560957155,-0.5076288714170086
usdbrl,2025-11-04,PC2,-0.7432041419187234,-0.5743579553456688
usdbrl,2025-11-05,PC2,-0.3558475825682777,-0.2750037014203912
usdbrl,2025-11-06,PC2,0.14409275028223714,0.11135677637449352
usdbrl,2025-11-07,PC2,-0.06260668209272853,-0.04838326899648473
usdbrl,2025-11-10,PC2,0.6284559638215009,0.48567905107932585
usdbrl,2025-11-11,PC2,1.7148822660083913,1.3252836151050997
usdbrl,2025-11-12,PC2,1.26601953933064,0.9783965844974188
usdbrl,2025-11-13,PC2,1.0387929197655164,0.8027928583440664
usdbrl,2025-11-14,PC2,1.3757814377661193,1.0632220261284415
usdbrl,2025-11-17,PC2,-1.4792129680482953,-1.1431552758245116
usdbrl,2025-11-18,PC2,-1.1373238285653156,-0.8789388431746927
usdbrl,2025-11-19,PC2,-0.9529687746001697,-0.7364668279088772
usdbrl,2025-11-20,PC2,-1.0914455134875372,-0.8434834766656363
usdbrl,2025-11-21,PC2,-0.34662180129051995,-0.2678738960650562
usdbrl,2025-11-24,PC2,-0.3299758301243532,-0.25500967017543774
usdbrl,2025-11-25,PC2,-0.10194338246831587,-0.07878318945365353
usdbrl,2025-11-26,PC2,0.43028174812783715,0.33252740551100485
usdbrl,2025-11-27,PC2,0.21564771315611855,0.1666553946854398
usdbrl,2025-11-28,PC2,0.12380392964944943,0.09567730840901847
usdbrl,2025-12-01,PC2,-0.22259601024025757,-0.17202513024164365
usdbrl,2025-12-02,PC2,-0.6466952001150991,-0.49977457325659835
usdbrl,2025-12-03,PC2,-0.3809861099625139,-0.2944310866839863
usdbrl,2025-12-04,PC2,-2.000367605686976,-1.5459104479368335
usdbrl,2025-12-05,PC2,-7.065775864541716,-5.460524705919594
usdbrl,2025-12-08,PC2,-2.674260972961391,-2.066704123210874
usdbrl,2025-12-09,PC2,-3.0998907260892503,-2.395636405678608
usdbrl,2025-12-10,PC2,-1.224241616833382,-0.9461100554124657
usdbrl,2025-12-11,PC2,-0.9663816223823908,-0.7468324534389912
usdbrl,2025-12-12,PC2,-1.076366788533588,-0.8318304393031007
usdbrl,2025-12-15,PC2,-0.6990680337823025,-0.5402489893209311
usdbrl,2025-12-16,PC2,-2.170737885550313,-1.6775748454755075
usdbrl,2025-12-17,PC2,-1.619471407379085,-1.2515488461644586
usdbrl,2025-12-18,PC2,0.07861686611546538,0.06075615020280892
usdbrl,2025-12-19,PC2,0.530568954752041,0.4100306804460706
usdbrl,2025-12-22,PC2,-0.9634470478497293,-0.7445645755662476
usdbrl,2025-12-23,PC2,-0.6036275023024978,-0.4664912888103769
usdbrl,2025-12-24,PC2,-1.3662227726478027,-1.0558349637541413
usdbrl,2025-12-25,PC2,-2.1352884507604837,-1.6501790550921533
usdbrl,2025-12-26,PC2,-1.992762548460343,-1.540033159487258
usdbrl,2025-12-29,PC2,-0.2773126238970882,-0.21431085036995404
usdbrl,2025-12-30,PC2,1.099200277483229,0.8494764604792846
usdbrl,2025-12-31,PC2,0.23220400195280474,0.17945031285802585
usdbrl,2026-01-01,PC2,-0.08798075338344956,-0.06799268568744765
usdbrl,2026-01-02,PC2,-0.005726761795068823,-0.004425716986553637
usdbrl,2026-01-05,PC2,0.9839034128344084,0.7603735240148843
usdbrl,2026-01-06,PC2,-0.06888644715008659,-0.05323635419200534
usdbrl,2026-01-07,PC2,0.51454830961128,0.39764971474987515
usdbrl,2026-01-08,PC2,0.43864281024857227,0.33898894450591094
usdbrl,2026-01-09,PC2,0.7406724416162961,0.5724014239874141
usdbrl,2026-01-12,PC2,0.5820148402144562,0.4497887387217626
usdbrl,2026-01-13,PC2,0.7622524433460705,0.58907873372074
usdbrl,2026-01-14,PC2,0.4533875451211307,0.3503838699319896
usdbrl,2026-01-15,PC2,0.23714483594517255,0.18326865448113955
usdbrl,2026-01-16,PC2,0.39922765976911195,0.30852839677459803
usdbrl,2026-01-19,PC2,0.154595956323711,0.1194737924220372
usdbrl,2026-01-20,PC2,-3.1844345385442234,-2.460972978122087
usdbrl,2026-01-21,PC2,-0.16181005827606895,-0.12504894548336556
usdbrl,2026-01-22,PC2,1.620996020694516,1.2527270874270604
usdbrl,2026-01-23,PC2,1.9199550873893207,1.4837665940632545
usdbrl,2026-01-26,PC2,1.888783810448894,1.4596770204465146
usdbrl,2026-01-27,PC2,1.950612601076907,1.507459124667463
usdbrl,2026-01-28,PC2,1.683660221877781,1.30115480793474
usdbrl,2026-01-29,PC2,1.1088133997962522,0.8569056080913274
usdbrl,2026-01-30,PC2,1.146031219583825,0.8856680297059685
usdbrl,2026-02-02,PC2,1.3289897551741927,1.0270607971674468
usdbrl,2026-02-03,PC2,2.0148735901089267,1.557120863868262
usdbrl,2026-02-04,PC2,0.5903382066131546,0.4562211459658978
usdbrl,2026-02-05,PC2,1.9924557390314557,1.5397960531172639
usdbrl,2026-02-06,PC2,1.154610394792151,0.8922981293694139
usdbrl,2026-02-09,PC2,0.12570170386331644,0.09714393333170843
usdbrl,2026-02-10,PC2,-0.23026419035781912,-0.17795120089320712
usdbrl,2026-02-11,PC2,0.9255286635752361,0.7152607484835809
usdbrl,2026-02-12,PC2,0.9682690432801836,0.7482910771825776
usdbrl,2026-02-13,PC2,0.09947799779574777,0.07687790768810841
usdbrl,2026-02-16,PC2,-0.20386108234677924,-0.15754653106340663
usdbrl,2026-02-17,PC2,-0.29395800763690433,-0.22717462228874719
usdbrl,2026-02-18,PC2,1.2394949125736785,0.95789800337931
usdbrl,2026-02-19,PC2,0.47341329051509073,0.3658600298859067
usdbrl,2026-02-20,PC2,-0.9731914134194245,-0.7520951496966631
usdbrl,2026-02-23,PC2,2.242162801989594,1.7327729621879524
usdbrl,2026-02-24,PC2,2.1901389810524816,1.6925682677609712
usdbrl,2026-02-25,PC2,2.1746340763802485,1.6805858730956478
usdbrl,2026-02-26,PC2,2.3234148762579996,1.7955656359799934
usdbrl,2026-02-27,PC2,2.279650645226039,1.7617440614824424
usdbrl,2026-03-02,PC2,1.4794847936427327,1.1433653462262052
usdbrl,2026-03-03,PC2,-1.1961114420276493,-0.9243706856032164
usdbrl,2026-03-04,PC2,0.11424646751154369,0.08829117571383562
usdbrl,2026-03-05,PC2,0.19314318668923267,0.14926360005123196
usdbrl,2026-03-06,PC2,0.9863875984170019,0.7622933353714707
usdbrl,2026-03-09,PC2,1.966865875346841,1.5200198692204347
usdbrl,2026-03-10,PC2,1.5663052720791804,1.2104613561436852
usdbrl,2026-03-11,PC2,1.31169714761569,1.0136968421519985
usdbrl,2026-03-12,PC2,0.9670299238540384,0.7473334693600586
usdbrl,2026-03-13,PC2,-0.7496405897337175,-0.579332127041167
usdbrl,2026-03-16,PC2,-0.27410662883545134,-0.2118332151354461
usdbrl,2026-03-17,PC2,0.707176528000892,0.5465153405125421
usdbrl,2026-03-18,PC2,-0.9430643162633123,-0.7288125319781827
usdbrl,2026-03-19,PC2,2.5261720295936514,1.9522590361552428
usdbrl,2026-03-20,PC2,0.9840003581866833,0.7604484446607369
usdbrl,2026-03-23,PC2,1.077999120763979,0.8330919271627799
usdbrl,2026-03-24,PC2,0.8557178632961387,0.6613100420116945
usdbrl,2026-03-25,PC2,2.7587926107927476,2.132031286944778
usdbrl,2026-03-26,PC2,2.8888697364444056,2.232556603896925
usdbrl,2026-03-27,PC2,3.0975298113532426,2.393811859656816
usdbrl,2025-02-04,PC3,0.6446904866982935,0.9456986469015801
usdbrl,2025-02-05,PC3,0.6026494070909434,0.8840284455890564
usdbrl,2025-02-06,PC3,0.5867005688784909,0.8606330410835341
usdbrl,2025-02-07,PC3,0.6194920996499532,0.908735048046941
usdbrl,2025-02-10,PC3,0.8095629494022971,1.18755061789782
usdbrl,2025-02-11,PC3,0.7215236451118227,1.058405465829488
usdbrl,2025-02-12,PC3,0.6976598852099735,1.0233996360323987
usdbrl,2025-02-13,PC3,0.6635947567387305,0.9734293843124299
usdbrl,2025-02-14,PC3,0.15545467577468436,0.22803698762107344
usdbrl,2025-02-17,PC3,0.06962733126920875,0.10213656681345411
usdbrl,2025-02-18,PC3,0.03669165379938685,0.05382311057259301
usdbrl,2025-02-19,PC3,0.047903566720342426,0.07026990340930526
usdbrl,2025-02-20,PC3,-0.03211343186938181,-0.04710730139942856
usdbrl,2025-02-21,PC3,-0.026346726086848325,-0.03864810125898406
usdbrl,2025-02-24,PC3,0.043030238744493916,0.06312120218327902
usdbrl,2025-02-25,PC3,0.2671704324051873,0.39191320739302027
usdbrl,2025-02-26,PC3,0.2821361021417883,0.41386639874901887
usdbrl,2025-02-27,PC3,0.4499268282789079,0.6599991802069335
usdbrl,2025-02-28,PC3,0.6135022591424695,0.8999485308267255
usdbrl,2025-03-03,PC3,0.7807158942912719,1.1452347755696566
usdbrl,2025-03-04,PC3,0.7251689473186038,1.0637527719176474
usdbrl,2025-03-05,PC3,0.6624861359541745,0.9718031447486185
usdbrl,2025-03-06,PC3,0.5464210310281207,0.8015468513089629
usdbrl,2025-03-07,PC3,0.41932560497518445,0.6151101426471041
usdbrl,2025-03-10,PC3,0.5206163757562325,0.7636939155546824
usdbrl,2025-03-11,PC3,0.5246643479236593,0.769631899564709
usdbrl,2025-03-12,PC3,0.3236119728696257,0.47470749325199524
usdbrl,2025-03-13,PC3,0.25947320466957896,0.38062211809567703
usdbrl,2025-03-14,PC3,0.26069465139732145,0.38241386241565956
usdbrl,2025-03-17,PC3,0.28387593598501504,0.4164185668751527
usdbrl,2025-03-18,PC3,0.23483048613082425,0.34447363124979763
usdbrl,2025-03-19,PC3,0.146534336663584,0.21495171212635567
usdbrl,2025-03-20,PC3,0.11069946401522106,0.16238541671069698
usdbrl,2025-03-21,PC3,0.1441061621244385,0.21138981471435705
usdbrl,2025-03-24,PC3,0.2957377707270792,0.4338187322208374
usdbrl,2025-03-25,PC3,0.2533494668438995,0.3716391864482998
usdbrl,2025-03-26,PC3,0.305037524832282,0.44746057284865415
usdbrl,2025-03-27,PC3,0.2872367575681349,0.4213485673780475
usdbrl,2025-03-28,PC3,0.3600720939922021,0.5281909677609413
usdbrl,2025-03-31,PC3,0.43975824279238585,0.6450828478987645
usdbrl,2025-04-01,PC3,0.3902815658781587,0.5725053438462371
usdbrl,2025-04-02,PC3,0.2951946411415365,0.4330220136019999
usdbrl,2025-04-03,PC3,0.3241503159060842,0.4754971904658552
usdbrl,2025-04-04,PC3,1.1524309223082936,1.69050480247668
usdbrl,2025-04-07,PC3,1.4520655065818624,2.130039783617238
usdbrl,2025-04-08,PC3,1.7853538484479712,2.618941575149886
usdbrl,2025-04-09,PC3,1.3947827931997623,2.046011578371431
usdbrl,2025-04-10,PC3,1.5736367210387197,2.308373007677726
usdbrl,2025-04-11,PC3,1.6741375956798978,2.455798079276567
usdbrl,2025-04-14,PC3,1.185970265020044,1.7397037772946757
usdbrl,2025-04-15,PC3,1.0429679256583193,1.5299331639097247
usdbrl,2025-04-16,PC3,1.104977302613346,1.6208949278747986
usdbrl,2025-04-17,PC3,1.0505777028651495,1.541095971731782
usdbrl,2025-04-18,PC3,1.0275044861445133,1.5072497923905563
usdbrl,2025-04-21,PC3,1.0065234589331882,1.4764726528891305
usdbrl,2025-04-22,PC3,1.1633784859606522,1.7065638204806939
usdbrl,2025-04-23,PC3,1.1824487276006008,1.7345380221900262
usdbrl,2025-04-24,PC3,0.8220862190073744,1.2059210442724344
usdbrl,2025-04-25,PC3,0.6581705598145111,0.9654726115701595
usdbrl,2025-04-28,PC3,0.6712149319272435,0.9846074449688487
usdbrl,2025-04-29,PC3,0.5761939912728159,0.8452209069970834
usdbrl,2025-04-30,PC3,0.6112122203579247,0.8965892652185303
usdbrl,2025-05-01,PC3,0.5887318347267405,0.8636127117996713
usdbrl,2025-05-02,PC3,0.6011452924469766,0.8818220547504554
usdbrl,2025-05-05,PC3,0.7657786785710889,1.1233233235062035
usdbrl,2025-05-06,PC3,0.8885135630467322,1.3033635390376557
usdbrl,2025-05-07,PC3,0.8014880282465692,1.1757054888500533
usdbrl,2025-05-08,PC3,0.489557407639067,0.7181334105858713
usdbrl,2025-05-09,PC3,0.0817430668562112,0.11990918016397133
usdbrl,2025-05-12,PC3,-0.1097865165023527,-0.16104621092834895
usdbrl,2025-05-13,PC3,-0.19534706467082788,-0.2865552672903849
usdbrl,2025-05-14,PC3,-0.17775838149144801,-0.26075436867823515
usdbrl,2025-05-15,PC3,0.024642365894573623,0.03614796955094155
usdbrl,2025-05-16,PC3,0.2509670105048162,0.3681443532179972
usdbrl,2025-05-19,PC3,0.25718666365542886,0.3772679833786579
usdbrl,2025-05-20,PC3,0.21122335010413376,0.30984424387974535
usdbrl,2025-05-21,PC3,0.23727151997390183,0.3480543920180572
usdbrl,2025-05-22,PC3,0.43481426999658246,0.6378305175483439
usdbrl,2025-05-23,PC3,0.7241070772142417,1.0621951110841155
usdbrl,2025-05-26,PC3,0.7227026043307749,1.0601348850796855
usdbrl,2025-05-27,PC3,0.5510432542246132,0.8083272060881792
usdbrl,2025-05-28,PC3,0.4525318168353913,0.6638204466966519
usdbrl,2025-05-29,PC3,0.4934574226458875,0.7238543557385365
usdbrl,2025-05-30,PC3,0.5549701087764719,0.8140875222598835
usdbrl,2025-06-02,PC3,0.4447534592727578,0.6524103477827188
usdbrl,2025-06-03,PC3,0.4611327082879016,0.6764371233447639
usdbrl,2025-06-04,PC3,0.43088822659971215,0.6320713912626248
usdbrl,2025-06-05,PC3,0.4397513987272139,0.645072808316506
usdbrl,2025-06-06,PC3,0.38747936648846704,0.5683947881208816
usdbrl,2025-06-09,PC3,0.45434798216485356,0.6664845857371056
usdbrl,2025-06-10,PC3,0.4434637358770856,0.650518448188526
usdbrl,2025-06-11,PC3,0.09206652892429218,0.1350527014514087
usdbrl,2025-06-12,PC3,0.09870708104778543,0.1447937497333976
usdbrl,2025-06-13,PC3,0.2238776798088177,0.32840692275601446
usdbrl,2025-06-16,PC3,0.30805843188018384,0.45189195157466466
usdbrl,2025-06-17,PC3,0.34244342487677804,0.5023314136444956
usdbrl,2025-06-18,PC3,0.3475237751035398,0.5097837965078451
usdbrl,2025-06-19,PC3,0.32347344569970404,0.4745042872797388
usdbrl,2025-06-20,PC3,0.18212749014424887,0.2671634288805656
usdbrl,2025-06-23,PC3,0.20391139529106145,0.29911831273045564
usdbrl,2025-06-24,PC3,-0.1178716615679644,-0.1729063374639686
usdbrl,2025-06-25,PC3,-0.001132016291582566,-0.00166055851188868
usdbrl,2025-06-26,PC3,0.049602534311935335,0.07276212469323895
usdbrl,2025-06-27,PC3,0.049070489346946515,0.07198166614163604
usdbrl,2025-06-30,PC3,0.11709481975203706,0.17176678558700176
usdbrl,2025-07-01,PC3,0.18769610582474935,0.27533204998297184
usdbrl,2025-07-02,PC3,0.3293563173771154,0.48313389156274283
usdbrl,2025-07-03,PC3,0.32770001316647085,0.4807042533360553
usdbrl,2025-07-04,PC3,0.28182475433502013,0.41340968160233915
usdbrl,2025-07-07,PC3,0.6939198778799546,1.0179134066799
usdbrl,2025-07-08,PC3,0.5686867009317537,0.8342084375036994
usdbrl,2025-07-09,PC3,0.7056356949782973,1.0350993782520759
usdbrl,2025-07-10,PC3,1.082751545056074,1.5882918892354039
usdbrl,2025-07-11,PC3,0.8584230956693967,1.2592237310669827
usdbrl,2025-07-14,PC3,0.886174295576027,1.2999320597038804
usdbrl,2025-07-15,PC3,0.6127925560977515,0.8989074650394374
usdbrl,2025-07-16,PC3,0.7682770650447599,1.1269882150415016
usdbrl,2025-07-17,PC3,0.6249176761634185,0.916693844513324
usdbrl,2025-07-18,PC3,0.5765809633456626,0.845788557634452
usdbrl,2025-07-21,PC3,0.8552353422607597,1.2545476048523039
usdbrl,2025-07-22,PC3,0.7282423263004164,1.0682611219002895
usdbrl,2025-07-23,PC3,0.2465586535278997,0.3616777195167928
usdbrl,2025-07-24,PC3,0.24083748185682324,0.3532853135178491
usdbrl,2025-07-25,PC3,0.4375316581444368,0.6418166633773188
usdbrl,2025-07-28,PC3,0.5467570916798782,0.8020398198112151
usdbrl,2025-07-29,PC3,0.45793278158204953,0.6717431400793885
usdbrl,2025-07-30,PC3,0.36396302319446205,0.5338985849162866
usdbrl,2025-07-31,PC3,0.10615653294133917,0.15572137581327353
usdbrl,2025-08-01,PC3,-0.051726882435389,-0.07587833811246826
usdbrl,2025-08-04,PC3,-0.5023333125347286,-0.7368744285193737
usdbrl,2025-08-05,PC3,-0.5420844624566351,-0.7951855242615413
usdbrl,2025-08-06,PC3,-0.7594521398254814,-1.114042902506148
usdbrl,2025-08-07,PC3,-0.7863235832821676,-1.1534607134427206
usdbrl,2025-08-08,PC3,-0.7787986428739821,-1.1424223530064106
usdbrl,2025-08-11,PC3,-0.7490416231040112,-1.0987716804543666
usdbrl,2025-08-12,PC3,-0.7787760551385633,-1.1423892189812264
usdbrl,2025-08-13,PC3,-0.8369062570216514,-1.2276606079643233
usdbrl,2025-08-14,PC3,-0.8304723123943482,-1.2182226329145567
usdbrl,2025-08-15,PC3,-0.8708735729909672,-1.2774873781956846
usdbrl,2025-08-18,PC3,-0.6485254088297029,-0.9513241070960077
usdbrl,2025-08-19,PC3,-0.07921084777772247,-0.11619465946668485
usdbrl,2025-08-20,PC3,-0.2857016393827773,-0.4190966973401305
usdbrl,2025-08-21,PC3,-0.3968584371745336,-0.5821529785083861
usdbrl,2025-08-22,PC3,-0.6944590002235489,-1.018704247062024
usdbrl,2025-08-25,PC3,-0.6977879375636244,-1.023587476461379
usdbrl,2025-08-26,PC3,-0.6578081080889497,-0.9649409299128338
usdbrl,2025-08-27,PC3,-0.6429481192671689,-0.9431427622468241
usdbrl,2025-08-28,PC3,-0.6969144503788659,-1.0223061551672763
usdbrl,2025-08-29,PC3,-0.694512616189486,-1.0187828965030896
usdbrl,2025-09-01,PC3,-0.6093628710312781,-0.8938764484608109
usdbrl,2025-09-02,PC3,-0.4454437051022414,-0.6534228717154292
usdbrl,2025-09-03,PC3,-0.39377460887400817,-0.5776293003849201
usdbrl,2025-09-04,PC3,-0.32671427064504205,-0.4792582643104034
usdbrl,2025-09-05,PC3,-0.56498714469641,-0.8287815459982606
usdbrl,2025-09-08,PC3,-0.5786844087769801,-0.8488741088241657
usdbrl,2025-09-09,PC3,-0.626959267630501,-0.919688661914515
usdbrl,2025-09-10,PC3,-0.7108090773075735,-1.04268823022003
usdbrl,2025-09-11,PC3,-0.8238371540380155,-1.2084894967677873
usdbrl,2025-09-12,PC3,-0.8728533280606693,-1.2803914875772302
usdbrl,2025-09-15,PC3,-0.8603662676038513,-1.2620741765241863
usdbrl,2025-09-16,PC3,-0.7228912031688643,-1.0604115413506698
usdbrl,2025-09-17,PC3,-0.7388350208569048,-1.0837995812320178
usdbrl,2025-09-18,PC3,-0.7754989692435829,-1.1375820506413692
usdbrl,2025-09-19,PC3,-0.7931745748390533,-1.1635104560385239
usdbrl,2025-09-22,PC3,-0.6797262184964086,-0.9970926799117036
usdbrl,2025-09-23,PC3,-0.7178969974822931,-1.053085524203547
usdbrl,2025-09-24,PC3,-0.7512671578405732,-1.1020363248572613
usdbrl,2025-09-25,PC3,-0.6805778009499304,-0.9983418690817581
usdbrl,2025-09-26,PC3,-0.8111094116485866,-1.1898191285769382
usdbrl,2025-09-29,PC3,-0.7609905330956162,-1.1162995767769592
usdbrl,2025-09-30,PC3,-0.89544329363863,-1.313528784189191
usdbrl,2025-10-01,PC3,-0.9847276084875948,-1.4445002464402164
usdbrl,2025-10-02,PC3,-0.9168875628079037,-1.344985454879395
usdbrl,2025-10-03,PC3,-1.001184356161402,-1.4686407050457482
usdbrl,2025-10-06,PC3,-0.9921958030251492,-1.455455366167721
usdbrl,2025-10-07,PC3,-0.9483925256603714,-1.3912001910279779
usdbrl,2025-10-08,PC3,-0.9847102422228278,-1.4444747718079227
usdbrl,2025-10-09,PC3,-0.7560007256632586,-1.1089800114437602
usdbrl,2025-10-10,PC3,0.3145693124541447,0.46144278422378077
usdbrl,2025-10-13,PC3,-0.035895193970799606,-0.05265478096676425
usdbrl,2025-10-14,PC3,0.17122589556687207,0.25117184306751233
usdbrl,2025-10-15,PC3,-0.07061593726891606,-0.10358675628504184
usdbrl,2025-10-16,PC3,-0.08140104525434613,-0.11940746752392485
usdbrl,2025-10-17,PC3,-0.1303747204670794,-0.19124711668591696
usdbrl,2025-10-20,PC3,-0.2164758701546335,-0.3175491832375776
usdbrl,2025-10-21,PC3,-0.4013547967669297,-0.5887487035427186
usdbrl,2025-10-22,PC3,-0.4265690823500675,-0.6257356240116143
usdbrl,2025-10-23,PC3,-0.4811429852736927,-0.7057902660698948
usdbrl,2025-10-24,PC3,-0.5646227967408153,-0.8282470827547095
usdbrl,2025-10-27,PC3,-0.5152586294310695,-0.7558346194200409
usdbrl,2025-10-28,PC3,-0.5982914970368366,-0.8776358126488782
usdbrl,2025-10-29,PC3,-0.7751234594579429,-1.1370312140717205
usdbrl,2025-10-30,PC3,-0.7126818807155991,-1.0454354518487423
usdbrl,2025-10-31,PC3,-0.7454938727725076,-1.0935674735407042
usdbrl,2025-11-03,PC3,-0.8535469215983205,-1.2520708548942794
usdbrl,2025-11-04,PC3,-0.8304891066854708,-1.2182472685167844
usdbrl,2025-11-05,PC3,-1.072108573672997,-1.5726796786573722
usdbrl,2025-11-06,PC3,-1.0804218522134938,-1.584874454955883
usdbrl,2025-11-07,PC3,-1.1081011514326566,-1.625477312232101
usdbrl,2025-11-10,PC3,-1.034497485808682,-1.51750784715736
usdbrl,2025-11-11,PC3,-1.0909324025323823,-1.600292416628731
usdbrl,2025-11-12,PC3,-1.0779859153632203,-1.5813011709835396
usdbrl,2025-11-13,PC3,-0.9374157433672827,-1.3750983121014393
usdbrl,2025-11-14,PC3,-0.8769429657735194,-1.2863905909162097
usdbrl,2025-11-17,PC3,-0.6785081198373659,-0.9953058468849765
usdbrl,2025-11-18,PC3,-0.5954283413626317,-0.8734358399444084
usdbrl,2025-11-19,PC3,-0.5190026815953728,-0.7613267821535785
usdbrl,2025-11-20,PC3,-0.4968034557991641,-0.7287626630438729
usdbrl,2025-11-21,PC3,-0.10721906625547659,-0.1572800095114601
usdbrl,2025-11-24,PC3,-0.2615658901658211,-0.38369188550037825
usdbrl,2025-11-25,PC3,-0.3644740930332413,-0.5346482749845884
usdbrl,2025-11-26,PC3,-0.4784223478183365,-0.7017993538207985
usdbrl,2025-11-27,PC3,-0.4847875594793034,-0.7111365042506848
usdbrl,2025-11-28,PC3,-0.6753170631177323,-0.9906248750322679
usdbrl,2025-12-01,PC3,-0.6289568422411326,-0.9226189108406844
usdbrl,2025-12-02,PC3,-0.7191773383142228,-1.054963660483376
usdbrl,2025-12-03,PC3,-0.7512985433285098,-1.1020823643352533
usdbrl,2025-12-04,PC3,-0.741240383047372,-1.0873280151328855
usdbrl,2025-12-05,PC3,0.28108875986011195,0.4123300488275291
usdbrl,2025-12-08,PC3,0.023796142654989867,0.03490664182986794
usdbrl,2025-12-09,PC3,-0.01678995462385055,-0.024629241003125784
usdbrl,2025-12-10,PC3,0.06148363366406683,0.09019054936033392
usdbrl,2025-12-11,PC3,-0.12475435104275018,-0.18300257784232982
usdbrl,2025-12-12,PC3,-0.16675250655850934,-0.2446098136602874
usdbrl,2025-12-15,PC3,-0.10724819983448468,-0.15732274565665819
usdbrl,2025-12-16,PC3,0.15566017139241733,0.22833842983504118
usdbrl,2025-12-17,PC3,0.47931287928312094,0.7031056774266925
usdbrl,2025-12-18,PC3,0.3766773396412934,0.5525492585467073
usdbrl,2025-12-19,PC3,0.38483076332448574,0.5645095432164868
usdbrl,2025-12-22,PC3,0.6550879236820987,0.9609506822421149
usdbrl,2025-12-23,PC3,0.6446567405492621,0.9456491445618751
usdbrl,2025-12-24,PC3,0.6276801763281173,0.9207461653117907
usdbrl,2025-12-25,PC3,0.629338904485671,0.9231793592343653
usdbrl,2025-12-26,PC3,0.6084660205109779,0.89256085541109
usdbrl,2025-12-29,PC3,0.7286772917822705,1.0688991742310212
usdbrl,2025-12-30,PC3,0.707421288223904,1.0377186709997246
usdbrl,2025-12-31,PC3,0.6207203294489329,0.9105367424769735
usdbrl,2026-01-01,PC3,0.6338712880830973,0.9298279280030417
usdbrl,2026-01-02,PC3,0.46987847343531575,0.6892663157040103
usdbrl,2026-01-05,PC3,0.3374015412180526,0.4949354575193928
usdbrl,2026-01-06,PC3,-0.48477437715882327,-0.7111171670603612
usdbrl,2026-01-07,PC3,-0.565013918368608,-0.8288208203882085
usdbrl,2026-01-08,PC3,-0.5615869450033245,-0.8237937816131923
usdbrl,2026-01-09,PC3,-0.6144552514283955,-0.9013464784215848
usdbrl,2026-01-12,PC3,-0.6944155204092001,-1.0186404663758721
usdbrl,2026-01-13,PC3,-0.8388698276002496,-1.230540976261343
usdbrl,2026-01-14,PC3,-0.9326498798690721,-1.3681072508797083
usdbrl,2026-01-15,PC3,-1.034896347317554,-1.5180929384484898
usdbrl,2026-01-16,PC3,-1.0481022787550707,-1.5374647637649987
usdbrl,2026-01-19,PC3,-1.0203671414567157,-1.4967799974222953
usdbrl,2026-01-20,PC3,-0.8771949150816417,-1.2867601762051122
usdbrl,2026-01-21,PC3,-1.0330359735172767,-1.515363949853259
usdbrl,2026-01-22,PC3,-1.2082132938145418,-1.772332151170145
usdbrl,2026-01-23,PC3,-1.102413444504977,-1.6171339957779889
usdbrl,2026-01-26,PC3,-1.0177916819841466,-1.4930020472452543
usdbrl,2026-01-27,PC3,-0.46503417387865836,-0.6821601963638934
usdbrl,2026-01-28,PC3,-0.6315148818551596,-0.9263713077685424
usdbrl,2026-01-29,PC3,-0.469728869719957,-0.6890468615099362
usdbrl,2026-01-30,PC3,-0.30142470745956507,-0.4421609188730259
usdbrl,2026-02-02,PC3,-0.5732384941448583,-0.8408854783030062
usdbrl,2026-02-03,PC3,-0.7460787830446157,-1.0944254803894238
usdbrl,2026-02-04,PC3,-0.8210038009624356,-1.2043332415956456
usdbrl,2026-02-05,PC3,-0.6762941939850938,-0.9920582315935569
usdbrl,2026-02-06,PC3,-0.7299874237888705,-1.0708210112853418
usdbrl,2026-02-09,PC3,-0.7605748197953628,-1.1156897655362785
usdbrl,2026-02-10,PC3,-0.8542546039417978,-1.2531089565081097
usdbrl,2026-02-11,PC3,-0.8705944101354065,-1.2770778732623622
usdbrl,2026-02-12,PC3,-0.6842372020563856,-1.0037098568933487
usdbrl,2026-02-13,PC3,-0.5929250009610197,-0.8697636814755239
usdbrl,2026-02-16,PC3,-0.5212506714235363,-0.7646243660059949
usdbrl,2026-02-17,PC3,-0.5208922780700649,-0.7640986375883596
usdbrl,2026-02-18,PC3,-0.5702365030956372,-0.8364818475191885
usdbrl,2026-02-19,PC3,-0.526065962889471,-0.7716879332801034
usdbrl,2026-02-20,PC3,-0.5712787473255505,-0.8380107190913717
usdbrl,2026-02-23,PC3,-0.5769594667735756,-0.8463437855880376
usdbrl,2026-02-24,PC3,-0.7212199186430134,-1.0579599284491372
usdbrl,2026-02-25,PC3,-0.7828063399862898,-1.148301257402396
usdbrl,2026-02-26,PC3,-0.7079613959022731,-1.0385109567727493
usdbrl,2026-02-27,PC3,-0.6918146784887026,-1.0148252826004516
usdbrl,2026-03-02,PC3,-0.30839679401784736,-0.45238829613434717
usdbrl,2026-03-03,PC3,0.34511995604837953,0.506257626237358
usdbrl,2026-03-04,PC3,-0.17144948185982514,-0.251499822553909
usdbrl,2026-03-05,PC3,0.19521696804190486,0.28636442810712076
usdbrl,2026-03-06,PC3,0.5142299152987407,0.7543255951935864
usdbrl,2026-03-09,PC3,0.2055500230838402,0.3015220213602239
usdbrl,2026-03-10,PC3,-0.13704516452434168,-0.2010320135462576
usdbrl,2026-03-11,PC3,0.03184438294641206,0.04671263262789672
usdbrl,2026-03-12,PC3,0.7135978870582441,1.0467791446387948
usdbrl,2026-03-13,PC3,1.016255151469797,1.4907481054571785
usdbrl,2026-03-16,PC3,0.8189363103743896,1.201300432686659
usdbrl,2026-03-17,PC3,0.6761740416186293,0.9918819796823954
usdbrl,2026-03-18,PC3,0.8194116391908924,1.201997694128971
usdbrl,2026-03-19,PC3,1.1132202691786197,1.6329865632999734
usdbrl,2026-03-20,PC3,1.7727159849766285,2.60040305064678
usdbrl,2026-03-23,PC3,1.604746986698958,2.354008761185292
usdbrl,2026-03-24,PC3,1.6516706885490104,2.4228412975152023
usdbrl,2026-03-25,PC3,1.058002528156639,1.551987472966123
usdbrl,2026-03-26,PC3,1.0335609071207115,1.5161339767246387
usdbrl,2026-03-27,PC3,1.1780206451289497,1.72804245309414
usdars,2025-02-04,PC1,-2.5204149239792564,-0.11773127793101588
usdars,2025-02-05,PC1,-2.3577002297787364,-0.11013070046096304
usdars,2025-02-06,PC1,-3.56283150288669,-0.16642367171254857
usdars,2025-02-07,PC1,-3.0170422104234453,-0.1409292698696512
usdars,2025-02-10,PC1,-4.644091493820694,-0.2169304828321079
usdars,2025-02-11,PC1,-4.127158742368308,-0.19278400089618897
usdars,2025-02-12,PC1,-5.719763623325382,-0.2671762789653188
usdars,2025-02-13,PC1,-7.731543133018602,-0.36114865245756705
usdars,2025-02-14,PC1,-5.6426025362929275,-0.2635720020280378
usdars,2025-02-17,PC1,-6.901651049746405,-0.3223835052673527
usdars,2025-02-18,PC1,-6.692176697312899,-0.3125987341286259
usdars,2025-02-19,PC1,-7.369552559688453,-0.3442396854491292
usdars,2025-02-20,PC1,-9.051804919548054,-0.42281949318017087
usdars,2025-02-21,PC1,-6.463346943014883,-0.3019098514586201
usdars,2025-02-24,PC1,-9.862539999317882,-0.4606897962388872
usdars,2025-02-25,PC1,-8.248902805593202,-0.3853150763359081
usdars,2025-02-26,PC1,-13.17177825878786,-0.6152678562078804
usdars,2025-02-27,PC1,-16.007161600996547,-0.7477116459690978
usdars,2025-02-28,PC1,-13.879409235208279,-0.648322056278247
usdars,2025-03-03,PC1,-16.558111103932553,-0.7734470867645784
usdars,2025-03-04,PC1,-11.431653690607027,-0.5339847757031672
usdars,2025-03-05,PC1,-10.050710351765463,-0.4694794347430931
usdars,2025-03-06,PC1,-12.664636483382518,-0.5915787212394165
usdars,2025-03-07,PC1,-11.849952888352588,-0.5535239788080083
usdars,2025-03-10,PC1,-13.62372958153545,-0.6363789860791795
usdars,2025-03-11,PC1,-12.065474413464392,-0.5635912198529844
usdars,2025-03-12,PC1,-12.211120976694415,-0.5703945266625866
usdars,2025-03-13,PC1,-11.908750705830004,-0.5562704877757626
usdars,2025-03-14,PC1,-9.22280266079066,-0.4308069806403803
usdars,2025-03-17,PC1,-12.209450136183278,-0.5703164799145201
usdars,2025-03-18,PC1,-11.410581485131068,-0.5330004704382258
usdars,2025-03-19,PC1,-11.482548118760873,-0.5363621088990286
usdars,2025-03-20,PC1,-15.760175996822197,-0.7361746841246957
usdars,2025-03-21,PC1,-14.786703584177605,-0.6907027461192293
usdars,2025-03-24,PC1,-14.539321963551822,-0.6791472859226451
usdars,2025-03-25,PC1,-13.906250274870537,-0.6495758299606555
usdars,2025-03-26,PC1,-12.934498028035588,-0.6041842427407268
usdars,2025-03-27,PC1,-11.812156480932813,-0.551758468175455
usdars,2025-03-28,PC1,-11.346327332446975,-0.529999090214715
usdars,2025-03-31,PC1,-12.879560484134496,-0.6016180512821969
usdars,2025-04-01,PC1,-11.114221404328628,-0.5191571739600712
usdars,2025-04-02,PC1,-9.745439096753154,-0.45521988778268163
usdars,2025-04-03,PC1,-11.922288219134224,-0.5569028395072774
usdars,2025-04-04,PC1,-13.702250256528345,-0.6400467708248453
usdars,2025-04-07,PC1,-14.296937451248608,-0.6678252460026901
usdars,2025-04-08,PC1,-12.439978656102328,-0.5810847137443554
usdars,2025-04-09,PC1,-13.34064847475747,-0.6231559646861463
usdars,2025-04-10,PC1,-13.623464379087997,-0.6363665981890936
usdars,2025-04-11,PC1,-15.095200576311456,-0.7051129707121113
usdars,2025-04-14,PC1,-19.79404044465683,-0.9246008086987666
usdars,2025-04-15,PC1,-20.87887137749146,-0.975274422335395
usdars,2025-04-16,PC1,-21.387800296707308,-0.9990470367034828
usdars,2025-04-17,PC1,-18.618242011338033,-0.8696780057797312
usdars,2025-04-18,PC1,-15.737208876550106,-0.7351018653620772
usdars,2025-04-21,PC1,-18.14129213237279,-0.8473991665991696
usdars,2025-04-22,PC1,-18.461022724543287,-0.8623341246696619
usdars,2025-04-23,PC1,-16.18437825909476,-0.7559896256898441
usdars,2025-04-24,PC1,-16.98886950567186,-0.7935682726192563
usdars,2025-04-25,PC1,-16.06381787497994,-0.750358121148805
usdars,2025-04-28,PC1,-16.820734420764634,-0.7857145028995011
usdars,2025-04-29,PC1,-19.383754570557837,-0.9054359165156747
usdars,2025-04-30,PC1,-20.748625890596276,-0.9691905162804713
usdars,2025-05-01,PC1,-18.733554451804547,-0.8750643732576833
usdars,2025-05-02,PC1,-13.856757939157589,-0.6472639900029407
usdars,2025-05-05,PC1,-17.328097659725284,-0.8094139826675982
usdars,2025-05-06,PC1,-15.514719554564858,-0.7247091510696331
usdars,2025-05-07,PC1,-14.151917157780378,-0.6610511929237669
usdars,2025-05-08,PC1,-15.483722936783893,-0.7232612658868511
usdars,2025-05-09,PC1,-14.891186026950837,-0.6955832328168823
usdars,2025-05-12,PC1,-15.888242024354067,-0.7421567853007478
usdars,2025-05-13,PC1,-14.983917806869743,-0.6999148334794565
usdars,2025-05-14,PC1,-15.522687141428557,-0.7250813255773164
usdars,2025-05-15,PC1,-15.421100355260373,-0.720336098098024
usdars,2025-05-16,PC1,-14.445648029136237,-0.6747716762154301
usdars,2025-05-19,PC1,-18.204639216545328,-0.8503581766819467
usdars,2025-05-20,PC1,-16.3243892353119,-0.7625296882000234
usdars,2025-05-21,PC1,-15.53928940549257,-0.7258568350960898
usdars,2025-05-22,PC1,-18.757996821204976,-0.8762061024855959
usdars,2025-05-23,PC1,-17.631682282084835,-0.8235947452121105
usdars,2025-05-26,PC1,-20.185074607682154,-0.9428664328583685
usdars,2025-05-27,PC1,-18.212142743989574,-0.850708674477606
usdars,2025-05-28,PC1,-16.45761432793637,-0.7687527748267258
usdars,2025-05-29,PC1,-16.699091906110507,-0.7800324508830964
usdars,2025-05-30,PC1,-15.176600339000935,-0.7089152407246946
usdars,2025-06-02,PC1,-17.141141345723355,-0.800681053198204
usdars,2025-06-03,PC1,-15.813887493453228,-0.7386836056033763
usdars,2025-06-04,PC1,-13.74183171036479,-0.6418956628855125
usdars,2025-06-05,PC1,-14.196104725430226,-0.6631152414891779
usdars,2025-06-06,PC1,-13.914370899174013,-0.6499551530109001
usdars,2025-06-09,PC1,-16.509364202338578,-0.7711700668321717
usdars,2025-06-10,PC1,-18.247498374640486,-0.8523601738156662
usdars,2025-06-11,PC1,-14.67769198706511,-0.6856106977762157
usdars,2025-06-12,PC1,-15.1064103665648,-0.7056365920092671
usdars,2025-06-13,PC1,-12.967637323957092,-0.6057322147121088
usdars,2025-06-16,PC1,-16.031033005828853,-0.7488267048311041
usdars,2025-06-17,PC1,-15.842015626976458,-0.739997500817215
usdars,2025-06-18,PC1,-17.61534682478524,-0.8228316985227851
usdars,2025-06-19,PC1,-14.734633220429103,-0.688270483713496
usdars,2025-06-20,PC1,-9.649838416201423,-0.4507542777018381
usdars,2025-06-23,PC1,-12.11955065346453,-0.5661171788847097
usdars,2025-06-24,PC1,-11.080203431384401,-0.5175681580447776
usdars,2025-06-25,PC1,-11.091794749124194,-0.518109600899058
usdars,2025-06-26,PC1,-9.142233138102414,-0.42704349202660746
usdars,2025-06-27,PC1,-8.801176547603745,-0.41111237375548987
usdars,2025-06-30,PC1,-11.767981470565367,-0.5496950061741412
usdars,2025-07-01,PC1,-10.267740980868883,-0.47961716765025164
usdars,2025-07-02,PC1,-11.118973236810932,-0.5193791371397577
usdars,2025-07-03,PC1,-11.872960705395844,-0.5545986985603533
usdars,2025-07-04,PC1,-7.661302290507164,-0.3578676275464914
usdars,2025-07-07,PC1,-12.053901661889896,-0.5630506442441507
usdars,2025-07-08,PC1,-9.422226029727486,-0.4401222595854729
usdars,2025-07-09,PC1,-8.782271739217514,-0.4102293099277142
usdars,2025-07-10,PC1,-9.747917277402243,-0.45533564625244205
usdars,2025-07-11,PC1,-9.715255432752562,-0.4538099765408375
usdars,2025-07-14,PC1,-13.412783610950207,-0.6265254740819607
usdars,2025-07-15,PC1,-9.349490751264508,-0.4367247169020662
usdars,2025-07-16,PC1,-8.967588034369957,-0.41888563236183657
usdars,2025-07-17,PC1,-10.221594578203367,-0.4774616198053147
usdars,2025-07-18,PC1,-8.760873014707865,-0.4092297526093354
usdars,2025-07-21,PC1,-13.19026681809972,-0.6161314765960076
usdars,2025-07-22,PC1,-10.963046518235391,-0.5120956332742491
usdars,2025-07-23,PC1,-11.766240945266606,-0.5496137043750824
usdars,2025-07-24,PC1,-11.76085046965034,-0.5493619094912634
usdars,2025-07-25,PC1,-8.553333278370921,-0.39953534945850894
usdars,2025-07-28,PC1,-19.90680970477219,-0.9298683815013253
usdars,2025-07-29,PC1,-18.29899982573608,-0.8547658617026483
usdars,2025-07-30,PC1,-17.490066529409468,-0.8169797218764644
usdars,2025-07-31,PC1,-19.226613156587575,-0.8980956729285604
usdars,2025-08-01,PC1,-18.479288801705536,-0.8631873526785259
usdars,2025-08-04,PC1,-22.604038837813953,-1.055858840328011
usdars,2025-08-05,PC1,-20.319329184219768,-0.9491376077801968
usdars,2025-08-06,PC1,-19.57550874523502,-0.914392959190898
usdars,2025-08-07,PC1,-20.7571642812804,-0.969589353645364
usdars,2025-08-08,PC1,-20.76523313640944,-0.969966258502078
usdars,2025-08-11,PC1,-24.025987528017662,-1.1222795851257412
usdars,2025-08-12,PC1,-21.966629756614683,-1.026084780120517
usdars,2025-08-13,PC1,-26.32692982547392,-1.2297590618372043
usdars,2025-08-14,PC1,-26.40925837533745,-1.2336047164924855
usdars,2025-08-15,PC1,-21.128702577361985,-0.9869443049995392
usdars,2025-08-18,PC1,-23.12322924606091,-1.0801107798284864
usdars,2025-08-19,PC1,-19.96426529512297,-0.9325521936038179
usdars,2025-08-20,PC1,-18.91883394449844,-0.8837189766095883
usdars,2025-08-21,PC1,-20.329166616841206,-0.9495971247839502
usdars,2025-08-22,PC1,-18.73169905409201,-0.874977705645264
usdars,2025-08-25,PC1,-20.616116604681224,-0.9630008657510755
usdars,2025-08-26,PC1,-17.505356680564994,-0.8176939411973277
usdars,2025-08-27,PC1,-18.779833152772287,-0.8772261008978757
usdars,2025-08-28,PC1,-21.001272521977008,-0.9809919107629556
usdars,2025-08-29,PC1,-15.46279521504949,-0.7222837096120747
usdars,2025-09-01,PC1,-17.29831257619774,-0.8080226895461294
usdars,2025-09-02,PC1,-15.805364531542017,-0.738285488932975
usdars,2025-09-03,PC1,-14.355557057165681,-0.6705634305177752
usdars,2025-09-04,PC1,-15.129122204894946,-0.7066974862792269
usdars,2025-09-05,PC1,-14.632574305130156,-0.6835032025773297
usdars,2025-09-08,PC1,-15.906970396484208,-0.7430316076022155
usdars,2025-09-09,PC1,-15.249824756034487,-0.7123356315941087
usdars,2025-09-10,PC1,-15.491888826895158,-0.7236427033514118
usdars,2025-09-11,PC1,-16.685051807551428,-0.7793766228565634
usdars,2025-09-12,PC1,-16.451965615116354,-0.7684889174068071
usdars,2025-09-15,PC1,-16.81035642891908,-0.7852297357959934
usdars,2025-09-16,PC1,-14.845672509198764,-0.6934572477034361
usdars,2025-09-17,PC1,-13.614763767444462,-0.6359601833096111
usdars,2025-09-18,PC1,-14.538701713499128,-0.6791183133790192
usdars,2025-09-19,PC1,-14.052020135640605,-0.656384896130281
usdars,2025-09-22,PC1,-14.120836894151575,-0.6595994005539317
usdars,2025-09-23,PC1,-15.311816128688601,-0.7152313149412555
usdars,2025-09-24,PC1,-15.552702844146815,-0.7264833911679449
usdars,2025-09-25,PC1,-14.179588801985277,-0.662343765033105
usdars,2025-09-26,PC1,-13.729154604526453,-0.641303501707361
usdars,2025-09-29,PC1,-17.703275334143985,-0.8269389332780176
usdars,2025-09-30,PC1,-18.317890302583972,-0.8556482560889336
usdars,2025-10-01,PC1,-18.787474884438858,-0.8775830543606377
usdars,2025-10-02,PC1,-14.984861460377378,-0.6999589125445029
usdars,2025-10-03,PC1,-9.677285165778795,-0.45203634474248827
usdars,2025-10-06,PC1,-14.218338431595216,-0.6641538016941041
usdars,2025-10-07,PC1,-9.953840783726719,-0.4649545535700277
usdars,2025-10-08,PC1,-16.285414311327344,-0.7607091277977219
usdars,2025-10-09,PC1,-14.309298353777121,-0.6684026369859037
usdars,2025-10-10,PC1,-10.937202395764901,-0.5108884266605648
usdars,2025-10-13,PC1,-14.765830263431937,-0.6897277309728456
usdars,2025-10-14,PC1,-11.896544960760288,-0.5557003443634673
usdars,2025-10-15,PC1,-14.39025863593102,-0.672184378392428
usdars,2025-10-16,PC1,-14.515949061631492,-0.6780555126650529
usdars,2025-10-17,PC1,-11.538270079920649,-0.5389649413270343
usdars,2025-10-20,PC1,-14.076927856823872,-0.6575483624378943
usdars,2025-10-21,PC1,-11.252770234347519,-0.5256289380568407
usdars,2025-10-22,PC1,-12.71678123116098,-0.5940144582027798
usdars,2025-10-23,PC1,-13.33245742610301,-0.6227733520391135
usdars,2025-10-24,PC1,-7.172104984142546,-0.33501669792741606
usdars,2025-10-27,PC1,-9.676984102546317,-0.45202228175676307
usdars,2025-10-28,PC1,-8.203229324826275,-0.38318161917887844
usdars,2025-10-29,PC1,-4.927442712358651,-0.23016612143446794
usdars,2025-10-30,PC1,-6.9061582679278395,-0.3225940422513095
usdars,2025-10-31,PC1,-4.29031840942826,-0.2004053635246247
usdars,2025-11-03,PC1,-4.138421407716735,-0.1933100920456122
usdars,2025-11-04,PC1,-5.659014166150026,-0.26433860681902854
usdars,2025-11-05,PC1,-7.233795654078466,-0.3378983351288454
usdars,2025-11-06,PC1,-2.606291567886354,-0.12174266785551571
usdars,2025-11-07,PC1,-3.617678434053255,-0.1689856305532935
usdars,2025-11-10,PC1,-6.393626111560117,-0.29865311682041096
usdars,2025-11-11,PC1,-5.04967257094976,-0.2358756089146242
usdars,2025-11-12,PC1,-0.7581825465284029,-0.03541551800004958
usdars,2025-11-13,PC1,-0.3223865956207007,-0.015059022833562358
usdars,2025-11-14,PC1,1.0240994701017159,0.04783678202999846
usdars,2025-11-17,PC1,1.2545113773720586,0.05859956875823774
usdars,2025-11-18,PC1,5.616172797479364,0.2623374406483617
usdars,2025-11-19,PC1,4.59886430498488,0.21481787244871053
usdars,2025-11-20,PC1,5.8140073571147,0.2715785046109632
usdars,2025-11-21,PC1,8.360543621219195,0.3905299382889382
usdars,2025-11-24,PC1,8.064324736115022,0.3766932372129284
usdars,2025-11-25,PC1,10.390370415115926,0.4853453197368405
usdars,2025-11-26,PC1,10.401843915551737,0.48588125921878794
usdars,2025-11-27,PC1,13.563243799014767,0.6335536304581395
usdars,2025-11-28,PC1,14.116088083841092,0.6593775785431245
usdars,2025-12-01,PC1,14.050964358268875,0.6563355796395706
usdars,2025-12-02,PC1,19.569781989039637,0.9141254562814095
usdars,2025-12-03,PC1,17.513714709959796,0.8180843536934103
usdars,2025-12-04,PC1,20.985218320882012,0.9802420018518894
usdars,2025-12-05,PC1,44.3091710314002,2.0697287894783245
usdars,2025-12-08,PC1,32.52015545168779,1.5190512575595287
usdars,2025-12-09,PC1,35.48917768370925,1.6577374628568753
usdars,2025-12-10,PC1,36.70375398139737,1.7144716213127316
usdars,2025-12-11,PC1,28.06608097596537,1.310996672960094
usdars,2025-12-12,PC1,26.021572408561884,1.2154954901622634
usdars,2025-12-15,PC1,23.4477494451962,1.0952694655651605
usdars,2025-12-16,PC1,27.08679268206845,1.265253068918366
usdars,2025-12-17,PC1,31.070670689779963,1.4513442733890336
usdars,2025-12-18,PC1,20.677167881701124,0.96585263622524975
usdars,2025-12-19,PC1,16.342877296589084,0.7633932853244176
usdars,2025-12-22,PC1,13.116358013409567,0.612679117246862
usdars,2025-12-23,PC1,15.677813708419087,0.7323274535061306
usdars,2025-12-24,PC1,14.993655839282832,0.70036970739312
usdars,2025-12-25,PC1,15.819269068493478,0.7389349847317658
usdars,2025-12-26,PC1,17.335366491980555,0.8097535175998575
usdars,2025-12-29,PC1,14.379031425735416,0.6716599433911298
usdars,2025-12-30,PC1,14.299550828361262,0.6679473196439231
usdars,2025-12-31,PC1,17.020719881493196,0.7950560377536208
usdars,2026-01-01,PC1,23.339173221442447,1.0901977539775811
usdars,2026-01-02,PC1,20.838055000732822,0.9733678457036703
usdars,2026-01-05,PC1,26.305141960864677,1.2287413273683951
usdars,2026-01-06,PC1,27.432253815625614,1.281389928108586
usdars,2026-01-07,PC1,28.82329034940511,1.3463667330038813
usdars,2026-01-08,PC1,29.282507433773187,1.3678172543748037
usdars,2026-01-09,PC1,25.81396145629793,1.2057977604392855
usdars,2026-01-12,PC1,22.75650845167938,1.0629808591334242
usdars,2026-01-13,PC1,23.471450485131648,1.0963765665005447
usdars,2026-01-14,PC1,24.11242760030113,1.1263172933925667
usdars,2026-01-15,PC1,24.46474399685996,1.142774369252693
usdars,2026-01-16,PC1,23.408475614459377,1.0934349429086319
usdars,2026-01-19,PC1,24.49181403181095,1.1440388395500622
usdars,2026-01-20,PC1,27.840991893758403,1.3004825210859623
usdars,2026-01-21,PC1,29.567241034596528,1.3811174655328564
usdars,2026-01-22,PC1,29.426464574179896,1.3745416464366547
usdars,2026-01-23,PC1,31.262826109576306,1.460320058653103
usdars,2026-01-26,PC1,42.954666655818926,2.0064584407817034
usdars,2026-01-27,PC1,47.15512360687832,2.2026662794345864
usdars,2026-01-28,PC1,49.15368985379333,2.2960214472843363
usdars,2026-01-29,PC1,47.42922416382088,2.2154698097356613
usdars,2026-01-30,PC1,47.64761553129163,2.2256711041879416
usdars,2026-02-02,PC1,36.187477529841836,1.6903557958472324
usdars,2026-02-03,PC1,32.96737155070688,1.5399412000638026
usdars,2026-02-04,PC1,36.835740585789566,1.720636856828928
usdars,2026-02-05,PC1,37.676451231298294,1.7599073506370206
usdars,2026-02-06,PC1,37.43167339167011,1.7484735158368676
usdars,2026-02-09,PC1,32.27110445940958,1.5074178192268397
usdars,2026-02-10,PC1,27.381993355614668,1.2790422082430224
usdars,2026-02-11,PC1,24.06307502101083,1.1240119816068925
usdars,2026-02-12,PC1,23.766268480467375,1.110147830516525
usdars,2026-02-13,PC1,27.709201233405548,1.2943264383255026
usdars,2026-02-16,PC1,28.062843154874916,1.3108454308725057
usdars,2026-02-17,PC1,32.59672450653678,1.5226278800400483
usdars,2026-02-18,PC1,34.783810957092186,1.6247890283175597
usdars,2026-02-19,PC1,36.12473492411599,1.6874250215994893
usdars,2026-02-20,PC1,34.74980537457986,1.6232005911725977
usdars,2026-02-23,PC1,32.249464332019365,1.5064069857216098
usdars,2026-02-24,PC1,29.918113982277077,1.3975071163513952
usdars,2026-02-25,PC1,28.20378314017732,1.3174288883910927
usdars,2026-02-26,PC1,29.090809806145682,1.358862853072776
usdars,2026-02-27,PC1,31.944355223251442,1.492155012785769
usdars,2026-03-02,PC1,35.83381340375985,1.6738357660990149
usdars,2026-03-03,PC1,40.83647376390507,1.9075153843441177
usdars,2026-03-04,PC1,33.29107891001107,1.5550619171822317
usdars,2026-03-05,PC1,41.064714502753205,1.9181767534722158
usdars,2026-03-06,PC1,48.945288498769465,2.286286797002716
usdars,2026-03-09,PC1,43.63618549538821,2.0382929149998916
usdars,2026-03-10,PC1,30.99240502795043,1.4476884005810913
usdars,2026-03-11,PC1,35.78907636625106,1.6717460512085627
usdars,2026-03-12,PC1,49.63717873155448,2.318605730095352
usdars,2026-03-13,PC1,55.10347076516936,2.5739420798919017
usdars,2026-03-16,PC1,45.68260099369836,2.133883172580779
usdars,2026-03-17,PC1,41.825796923953185,1.9537277277210268
usdars,2026-03-18,PC1,42.10688212083864,1.9668575180273662
usdars,2026-03-19,PC1,49.89530375437297,2.3306630261037466
usdars,2026-03-20,PC1,52.92292038438567,2.4720862384269906
usdars,2026-03-23,PC1,51.22919624866211,2.392970571770598
usdars,2026-03-24,PC1,46.22558967570289,2.1592467549125103
usdars,2026-03-25,PC1,34.139270904366725,1.5946818727999719
usdars,2026-03-26,PC1,34.41805694601875,1.6077042671052726
usdars,2026-03-27,PC1,35.12842695319214,1.6408864102328602
usdars,2025-02-04,PC2,-0.23687765154565818,-0.09955239540197723
usdars,2025-02-05,PC2,0.08906347440909584,0.03743064051164687
usdars,2025-02-06,PC2,-0.04068806683766189,-0.017099943753807207
usdars,2025-02-07,PC2,-0.33202047030656917,-0.13953799746760454
usdars,2025-02-10,PC2,-0.10048260346623061,-0.042229749434010824
usdars,2025-02-11,PC2,-0.24234652878729415,-0.10185079639511307
usdars,2025-02-12,PC2,-0.013814751705525553,-0.0058059154808160285
usdars,2025-02-13,PC2,-0.8774928083393821,-0.3687832534989338
usdars,2025-02-14,PC2,0.37933207563354765,0.1594216108430377
usdars,2025-02-17,PC2,0.14471464863650615,0.060819118340268395
usdars,2025-02-18,PC2,0.17245040412244508,0.07247560378282429
usdars,2025-02-19,PC2,0.06696016246223492,0.02814129794906644
usdars,2025-02-20,PC2,0.12807607410465233,0.053826436928948625
usdars,2025-02-21,PC2,0.08261085390598522,0.03471880246566402
usdars,2025-02-24,PC2,0.1280287490303826,0.05380654765499059
usdars,2025-02-25,PC2,0.3882108002211967,0.16315306585809444
usdars,2025-02-26,PC2,-0.01359471439414151,-0.005713440562717348
usdars,2025-02-27,PC2,-0.0525079238920334,-0.02206746633516331
usdars,2025-02-28,PC2,-0.08812278858224354,-0.03703529917499694
usdars,2025-03-03,PC2,-0.13293585117318624,-0.05586885184286964
usdars,2025-03-04,PC2,0.8897348302868043,0.37392819900762936
usdars,2025-03-05,PC2,3.816144748754198,1.6038083308417814
usdars,2025-03-06,PC2,5.889162738633201,2.4750340680830636
usdars,2025-03-07,PC2,5.0930610479314655,2.140456999390508
usdars,2025-03-10,PC2,3.6195306086236587,1.5211774516002132
usdars,2025-03-11,PC2,2.977409981961977,1.2513138907954124
usdars,2025-03-12,PC2,1.7548210970319331,0.73749736444759
usdars,2025-03-13,PC2,1.3371798069596614,0.5619755683888625
usdars,2025-03-14,PC2,0.42939091675639796,0.18045980297432984
usdars,2025-03-17,PC2,0.4909864938730846,0.20634653060828528
usdars,2025-03-18,PC2,0.5734913850365605,0.24102080019053168
usdars,2025-03-19,PC2,0.8030710962255437,0.33750609559693434
usdars,2025-03-20,PC2,0.8777886643176239,0.3689075926720744
usdars,2025-03-21,PC2,1.5233362029075455,0.6402113792181462
usdars,2025-03-24,PC2,1.6238151911207872,0.682439609272459
usdars,2025-03-25,PC2,1.5547213658392034,0.6534015984285291
usdars,2025-03-26,PC2,1.4315813245941245,0.6016496243784015
usdars,2025-03-27,PC2,1.3306770551663418,0.5592426617026246
usdars,2025-03-28,PC2,1.8512852778822888,0.7780382943811661
usdars,2025-03-31,PC2,2.107273160215874,0.8856221323409755
usdars,2025-04-01,PC2,1.5237400291567118,0.640381094977182
usdars,2025-04-02,PC2,4.4202416580928086,1.8576916920925104
usdars,2025-04-03,PC2,8.214697571542619,3.452384872163663
usdars,2025-04-04,PC2,-0.14012609519538222,-0.05889069037961483
usdars,2025-04-07,PC2,0.9610494039999964,0.4038995221522732
usdars,2025-04-08,PC2,1.3365279988281726,0.5617016334675697
usdars,2025-04-09,PC2,2.173802207979183,0.9135822460344087
usdars,2025-04-10,PC2,3.8874155711873932,1.6337612666683428
usdars,2025-04-11,PC2,7.711093548771249,3.240735582018201
usdars,2025-04-14,PC2,7.672031902682278,3.224319172909418
usdars,2025-04-15,PC2,7.261392962341473,3.0517402491928523
usdars,2025-04-16,PC2,7.870339772465334,3.307661874659235
usdars,2025-04-17,PC2,7.218101751313692,3.03354628395575
usdars,2025-04-18,PC2,7.268480189671561,3.0547187929806046
usdars,2025-04-21,PC2,7.488205711852393,3.147062675661475
usdars,2025-04-22,PC2,6.823088641940409,2.8675344166618255
usdars,2025-04-23,PC2,6.118238531175756,2.571307581972669
usdars,2025-04-24,PC2,5.4489490941242416,2.290025805321497
usdars,2025-04-25,PC2,4.932387164419153,2.0729307052136763
usdars,2025-04-28,PC2,4.876115314199945,2.049281376345082
usdars,2025-04-29,PC2,3.626305737844254,1.5240248301463408
usdars,2025-04-30,PC2,3.483646605112033,1.4640695819547487
usdars,2025-05-01,PC2,3.945783303676844,1.6582914304283745
usdars,2025-05-02,PC2,4.123090120903314,1.7328080353542454
usdars,2025-05-05,PC2,3.655788449415312,1.5364155075306052
usdars,2025-05-06,PC2,3.5660432305348206,1.4986983507742377
usdars,2025-05-07,PC2,3.60469325398249,1.5149417675400294
usdars,2025-05-08,PC2,4.119350146601765,1.7312362391209088
usdars,2025-05-09,PC2,2.100365860335932,0.8827192065296079
usdars,2025-05-12,PC2,2.8184404533509375,1.1845038845922653
usdars,2025-05-13,PC2,0.688086401393067,0.2891815629513032
usdars,2025-05-14,PC2,-3.897753115458108,-1.6381058187525421
usdars,2025-05-15,PC2,-3.7414208645639384,-1.5724041793047283
usdars,2025-05-16,PC2,-4.055090046032624,-1.7042296941864759
usdars,2025-05-19,PC2,-5.892559310383034,-2.4764615427799948
usdars,2025-05-20,PC2,-8.378525053850552,-3.5212365269736807
usdars,2025-05-21,PC2,-7.962450225457843,-3.3463730666063465
usdars,2025-05-22,PC2,-4.218219017595169,-1.7727877864022055
usdars,2025-05-23,PC2,-1.49619562606469,-0.6288050290636756
usdars,2025-05-26,PC2,-2.5454585951720574,-1.0697780009740157
usdars,2025-05-27,PC2,1.734708328504844,0.7290445860956764
usdars,2025-05-28,PC2,1.670970866293096,0.7022576899971241
usdars,2025-05-29,PC2,1.2853619478132259,0.5401981150539047
usdars,2025-05-30,PC2,1.0394313884129793,0.43684106076411205
usdars,2025-06-02,PC2,0.20602804790765275,0.0865872552997994
usdars,2025-06-03,PC2,0.3112767324420035,0.13082004209894674
usdars,2025-06-04,PC2,0.2174516053620316,0.09138822534140056
usdars,2025-06-05,PC2,0.6588164372589312,0.27688029677498954
usdars,2025-06-06,PC2,0.610287763726302,0.2564851870450088
usdars,2025-06-09,PC2,0.8260603929277289,0.3471677903172917
usdars,2025-06-10,PC2,1.5891634942113033,0.6678765662433974
usdars,2025-06-11,PC2,1.2877951502965381,0.5412207152617807
usdars,2025-06-12,PC2,0.9195185454150119,0.38644537893421144
usdars,2025-06-13,PC2,0.5422876335813194,0.2279068226471564
usdars,2025-06-16,PC2,0.6669235875957332,0.2802874828503591
usdars,2025-06-17,PC2,0.04130668063284158,0.017359928115935577
usdars,2025-06-18,PC2,0.7772323668732144,0.32664687192436265
usdars,2025-06-19,PC2,1.1188266842136905,0.4702084630033476
usdars,2025-06-20,PC2,1.3013516618827605,0.5469181003586732
usdars,2025-06-23,PC2,0.022529018060368902,0.00946825375602063
usdars,2025-06-24,PC2,-0.6845967827220866,-0.2877149834936404
usdars,2025-06-25,PC2,-0.896027130834193,-0.3765726595044031
usdars,2025-06-26,PC2,3.453341930502002,1.4513334587720828
usdars,2025-06-27,PC2,3.773085050425937,1.5857116632756614
usdars,2025-06-30,PC2,2.8015704660508156,1.1774139475079963
usdars,2025-07-01,PC2,2.679433326375001,1.1260834621585596
usdars,2025-07-02,PC2,-0.002692994610301015,-0.001131782852921651
usdars,2025-07-03,PC2,0.15823477266589298,0.06650121086556463
usdars,2025-07-04,PC2,-0.11156598716397349,-0.04688775490252953
usdars,2025-07-07,PC2,0.04358175999038233,0.018316074034703773
usdars,2025-07-08,PC2,0.13657603158665693,0.05739870777268175
usdars,2025-07-09,PC2,0.5079764525735406,0.21348688798423246
usdars,2025-07-10,PC2,0.4600358975662315,0.19333894639186983
usdars,2025-07-11,PC2,-0.4573642669209935,-0.19221614215673824
usdars,2025-07-14,PC2,-0.25637005556827275,-0.107744453622465
usdars,2025-07-15,PC2,0.22172221330533984,0.09318303058286129
usdars,2025-07-16,PC2,-1.3211173353916443,-0.555225005344021
usdars,2025-07-17,PC2,-0.8774320503025247,-0.3687577187637251
usdars,2025-07-18,PC2,-0.6665788731761829,-0.28014260997622925
usdars,2025-07-21,PC2,-0.3983540953764425,-0.16741598101021737
usdars,2025-07-22,PC2,-1.5662750796301586,-0.6582572691774264
usdars,2025-07-23,PC2,-0.929692513570095,-0.3907211850052879
usdars,2025-07-24,PC2,-1.250229288696011,-0.525432938393554
usdars,2025-07-25,PC2,-1.1776311566218216,-0.4949221751259534
usdars,2025-07-28,PC2,-1.0918417954268909,-0.4588675437530367
usdars,2025-07-29,PC2,-1.1071925478147078,-0.46531899310445535
usdars,2025-07-30,PC2,-1.046635039867545,-0.4398685340325391
usdars,2025-07-31,PC2,-1.5080372409721505,-0.6337816958018556
usdars,2025-08-01,PC2,-1.4100259628533252,-0.592590568443613
usdars,2025-08-04,PC2,-1.2665610920920969,-0.5322966933265564
usdars,2025-08-05,PC2,-1.1076402045856009,-0.4655071294844369
usdars,2025-08-06,PC2,-1.507021789516412,-0.6333549327696592
usdars,2025-08-07,PC2,-1.8250386360625015,-0.7670076376376166
usdars,2025-08-08,PC2,-1.9264457224805933,-0.8096259188379882
usdars,2025-08-11,PC2,-1.8042189443489336,-0.758257761201017
usdars,2025-08-12,PC2,-1.8966135195356197,-0.7970883609725192
usdars,2025-08-13,PC2,-0.25444148607518685,-0.10693393514812563
usdars,2025-08-14,PC2,-0.19258862688515466,-0.08093907976751104
usdars,2025-08-15,PC2,-1.6002536777051748,-0.6725374294572025
usdars,2025-08-18,PC2,-1.4895428041248913,-0.6260090525079803
usdars,2025-08-19,PC2,-1.935048651118743,-0.813241465293349
usdars,2025-08-20,PC2,-0.9282454086761168,-0.39011301130188697
usdars,2025-08-21,PC2,-1.2247123900423353,-0.5147089702706545
usdars,2025-08-22,PC2,-1.752507322655679,-0.7365249562019259
usdars,2025-08-25,PC2,-1.479426954964303,-0.621757672063728
usdars,2025-08-26,PC2,-1.9104858844405748,-0.8029184895100459
usdars,2025-08-27,PC2,-1.7746113982662193,-0.745814619708876
usdars,2025-08-28,PC2,-2.0717056008282095,-0.870674180465649
usdars,2025-08-29,PC2,-2.648511294815605,-1.1130878828274262
usdars,2025-09-01,PC2,-2.597140479946842,-1.091498308460377
usdars,2025-09-02,PC2,-1.717413758455237,-0.7217762099333328
usdars,2025-09-03,PC2,-2.0767756549698335,-0.8728049683695434
usdars,2025-09-04,PC2,-2.5871275232203077,-1.0872901705432771
usdars,2025-09-05,PC2,-2.3130251699543956,-0.9720933772836089
usdars,2025-09-08,PC2,-2.6382960751679567,-1.1087947400220792
usdars,2025-09-09,PC2,-2.362917925720456,-0.9930617688448525
usdars,2025-09-10,PC2,-2.827962413950013,-1.1885056719300537
usdars,2025-09-11,PC2,-3.0390307803489116,-1.2772112181539566
usdars,2025-09-12,PC2,-2.961425244387063,-1.2445959969583542
usdars,2025-09-15,PC2,-2.713673019516536,-1.1404733526688122
usdars,2025-09-16,PC2,-0.38968765630075297,-0.16377374307024903
usdars,2025-09-17,PC2,-0.5405625332208241,-0.22718181599466633
usdars,2025-09-18,PC2,-1.770224438475793,-0.7439709153626899
usdars,2025-09-19,PC2,-0.8382891249325678,-0.35230715047164207
usdars,2025-09-22,PC2,-0.6924728602233526,-0.29102505675933865
usdars,2025-09-23,PC2,-0.12916451009852642,-0.05428387311899923
usdars,2025-09-24,PC2,-0.3901854296192331,-0.16398294189461482
usdars,2025-09-25,PC2,-1.9327751575459309,-0.8122859858311556
usdars,2025-09-26,PC2,-2.523466646116311,-1.0605354608113113
usdars,2025-09-29,PC2,-2.8319160705783633,-1.190167272276819
usdars,2025-09-30,PC2,-3.165467430096746,-1.3303486554211092
usdars,2025-10-01,PC2,-3.369687218956532,-1.4161759550283892
usdars,2025-10-02,PC2,-3.3719337936435227,-1.4171201213103497
usdars,2025-10-03,PC2,-3.4760167686176784,-1.4608629962148831
usdars,2025-10-06,PC2,-2.964008744585872,-1.2456817626759502
usdars,2025-10-07,PC2,-3.032153282552126,-1.274320817242033
usdars,2025-10-08,PC2,-3.1306282555076335,-1.3157068212863035
usdars,2025-10-09,PC2,-2.026263810978919,-0.851576393057966
usdars,2025-10-10,PC2,-2.6145148447765885,-1.0988002199159446
usdars,2025-10-13,PC2,-2.716991255250521,-1.1418679051463092
usdars,2025-10-14,PC2,-1.981881457530245,-0.8329238542027286
usdars,2025-10-15,PC2,-2.306896118630394,-0.9695175254171933
usdars,2025-10-16,PC2,-2.0759122015118443,-0.8724420854234315
usdars,2025-10-17,PC2,-2.5055168538597297,-1.0529917148966987
usdars,2025-10-20,PC2,-2.3344533495174544,-0.9810989824586291
usdars,2025-10-21,PC2,-2.2123540837942466,-0.9297844143672399
usdars,2025-10-22,PC2,-2.038447644269592,-0.8566968836629275
usdars,2025-10-23,PC2,-2.6084222973251743,-1.0962397095050602
usdars,2025-10-24,PC2,-2.673349189661299,-1.1235264865221892
usdars,2025-10-27,PC2,-2.422967046579265,-1.0182985684511892
usdars,2025-10-28,PC2,-1.9779168590149656,-0.8312576553172373
usdars,2025-10-29,PC2,-1.5558612238571634,-0.6538806457146066
usdars,2025-10-30,PC2,-1.439574852876622,-0.6050090585970491
usdars,2025-10-31,PC2,-1.121787683378287,-0.4714528799320646
usdars,2025-11-03,PC2,-1.043435901444633,-0.4385240344938732
usdars,2025-11-04,PC2,0.02055232890588483,0.008637512067178483
usdars,2025-11-05,PC2,-0.5156363415733292,-0.21670610386832156
usdars,2025-11-06,PC2,-0.4076648913994049,-0.17132902236779968
usdars,2025-11-07,PC2,-1.1475826430183045,-0.48229370854001846
usdars,2025-11-10,PC2,-1.2442823182827587,-0.5229336095368179
usdars,2025-11-11,PC2,-1.4079901201573253,-0.5917349663396326
usdars,2025-11-12,PC2,-1.060998138280611,-0.44590490277853484
usdars,2025-11-13,PC2,-1.3613901901733898,-0.5721504482342128
usdars,2025-11-14,PC2,-0.9568998065411556,-0.40215557389760787
usdars,2025-11-17,PC2,-1.49582566684926,-0.6286495465778574
usdars,2025-11-18,PC2,-0.9131450223206807,-0.3837667830977068
usdars,2025-11-19,PC2,-0.628686693839845,-0.26421769179454635
usdars,2025-11-20,PC2,0.4351665436016614,0.18288712139648636
usdars,2025-11-21,PC2,0.7069259539359671,0.2970992477633111
usdars,2025-11-24,PC2,0.6261284682405092,0.2631425482141789
usdars,2025-11-25,PC2,-0.08021753831088158,-0.03371296549078894
usdars,2025-11-26,PC2,-0.28195078529725426,-0.1184952479841689
usdars,2025-11-27,PC2,-0.020780672592684856,-0.008733477899526172
usdars,2025-11-28,PC2,0.09432044053557999,0.03963998177716378
usdars,2025-12-01,PC2,-0.22791601147842297,-0.09578609355964555
usdars,2025-12-02,PC2,0.030988018773355896,0.013023311728733535
usdars,2025-12-03,PC2,-0.43546187019800514,-0.1830112380866822
usdars,2025-12-04,PC2,-0.5877730964333697,-0.24702296447540234
usdars,2025-12-05,PC2,-1.5835364862128714,-0.6655117077540658
usdars,2025-12-08,PC2,-1.2610479333663418,-0.5299796821868439
usdars,2025-12-09,PC2,-1.5919630725230767,-0.6690531429496979
usdars,2025-12-10,PC2,-1.790658339278543,-0.752558655738561
usdars,2025-12-11,PC2,-1.9706045194019404,-0.8281845037568456
usdars,2025-12-12,PC2,-1.4292524906207695,-0.6006708870470032
usdars,2025-12-15,PC2,-1.1737243805000666,-0.49328027721501855
usdars,2025-12-16,PC2,-1.0768773750580254,-0.4525784578734615
usdars,2025-12-17,PC2,-0.6046885986227613,-0.25413203006851826
usdars,2025-12-18,PC2,0.06200069348137915,0.02605698558889076
usdars,2025-12-19,PC2,0.1335724102976252,0.056136378075252055
usdars,2025-12-22,PC2,0.5144637514686822,0.2162133002923833
usdars,2025-12-23,PC2,-0.7331536089145184,-0.3081219249211325
usdars,2025-12-24,PC2,-0.9141535739147207,-0.38419064633013084
usdars,2025-12-25,PC2,-0.84011234460955,-0.3530733936566925
usdars,2025-12-26,PC2,-0.8030317779273708,-0.3374895713248411
usdars,2025-12-29,PC2,-0.5220244649504735,-0.21939083575488166
usdars,2025-12-30,PC2,-0.24109419405049973,-0.10132447860160455
usdars,2025-12-31,PC2,0.10803399843829493,0.04540336861332491
usdars,2026-01-01,PC2,-0.17095745980926397,-0.07184816518061823
usdars,2026-01-02,PC2,-0.29807471436393845,-0.1252716397265136
usdars,2026-01-05,PC2,0.2403902342583033,0.10102862594044455
usdars,2026-01-06,PC2,-0.20250169947503754,-0.08510523945238245
usdars,2026-01-07,PC2,-0.2968109051846551,-0.12474049957754763
usdars,2026-01-08,PC2,-0.3539166131068958,-0.14874027320620942
usdars,2026-01-09,PC2,-0.022321715019545316,-0.009381130660388108
usdars,2026-01-12,PC2,-0.14898010505292444,-0.06261175855333051
usdars,2026-01-13,PC2,-0.8990217019969167,-0.37783118571194346
usdars,2026-01-14,PC2,-0.7734146212524339,-0.3250423907962155
usdars,2026-01-15,PC2,-0.3433097123593976,-0.14428251887474622
usdars,2026-01-16,PC2,-0.5715535614384943,-0.24020639250033432
usdars,2026-01-19,PC2,-0.7842117358600192,-0.3295800861659606
usdars,2026-01-20,PC2,-1.1761711181898857,-0.49430856585412153
usdars,2026-01-21,PC2,-0.7939472523230876,-0.33367162446874993
usdars,2026-01-22,PC2,-1.4198306103281206,-0.5967111603855663
usdars,2026-01-23,PC2,1.4109755717412793,0.592989659868552
usdars,2026-01-26,PC2,2.3814002461440262,1.0008293199783094
usdars,2026-01-27,PC2,0.07459579111139977,0.031350317953546765
usdars,2026-01-28,PC2,0.7019051273756804,0.2949891486986128
usdars,2026-01-29,PC2,-0.38466264373195824,-0.16166188475485135
usdars,2026-01-30,PC2,-1.2680642489393854,-0.5329284239429147
usdars,2026-02-02,PC2,-0.586310265235929,-0.24640818149007754
usdars,2026-02-03,PC2,-1.7309965471553932,-0.7274846384934616
usdars,2026-02-04,PC2,-1.3507046123155646,-0.5676596283317882
usdars,2026-02-05,PC2,-0.3155928008073966,-0.13263395295836797
usdars,2026-02-06,PC2,-1.095525853481921,-0.46041584010680864
usdars,2026-02-09,PC2,-1.0449173352628514,-0.4391466355888723
usdars,2026-02-10,PC2,-0.7910662866085084,-0.3324608431388698
usdars,2026-02-11,PC2,-0.8091683210952608,-0.34006857178294614
usdars,2026-02-12,PC2,-0.9205664484051352,-0.38688578034875715
usdars,2026-02-13,PC2,-0.9712844149694907,-0.40820098264181026
usdars,2026-02-16,PC2,-1.0694993779007487,-0.44947771246551277
usdars,2026-02-17,PC2,-0.6820154150156381,-0.2866301139970314
usdars,2026-02-18,PC2,-0.4116870453766189,-0.1730194100447058
usdars,2026-02-19,PC2,-0.32290812185859125,-0.13570835752557373
usdars,2026-02-20,PC2,-0.5292191941615201,-0.2224145592786275
usdars,2026-02-23,PC2,-0.9388563388959313,-0.39457245909669997
usdars,2026-02-24,PC2,-0.929581682447115,-0.39067460609121246
usdars,2026-02-25,PC2,-1.1117884211144542,-0.46725049737667484
usdars,2026-02-26,PC2,-0.6850987311532576,-0.28792593698952856
usdars,2026-02-27,PC2,-0.9812059208644532,-0.4123706865855696
usdars,2026-03-02,PC2,0.02657053870006974,0.011166780645845033
usdars,2026-03-03,PC2,0.7314133254434853,0.3073905372740133
usdars,2026-03-04,PC2,0.13409690831425317,0.056356808468740804
usdars,2026-03-05,PC2,0.9948113314443486,0.41808862242636646
usdars,2026-03-06,PC2,2.9325757996962025,1.23247146217742
usdars,2026-03-09,PC2,2.313884455077929,0.9724545084068852
usdars,2026-03-10,PC2,0.8218356112523536,0.3453922444475585
usdars,2026-03-11,PC2,1.3090956999093717,0.5501726814920248
usdars,2026-03-12,PC2,2.602402968360666,1.0937099705735125
usdars,2026-03-13,PC2,4.397510636458829,1.8481385424440275
usdars,2026-03-16,PC2,1.8517725950979143,0.7782430988269193
usdars,2026-03-17,PC2,0.8174655466523951,0.34355564063057326
usdars,2026-03-18,PC2,1.5492574448244243,0.6511052803851883
usdars,2026-03-19,PC2,1.8541575520390723,0.7792454229164804
usdars,2026-03-20,PC2,3.5311142002374005,1.4840187530473656
usdars,2026-03-23,PC2,2.0806626836592743,0.8744385670417093
usdars,2026-03-24,PC2,0.8444315501075342,0.35488862295651336
usdars,2026-03-25,PC2,-0.4791237807198228,-0.20136099692594525
usdars,2026-03-26,PC2,0.49232335534629623,0.20690837239078533
usdars,2026-03-27,PC2,0.4478398155592288,0.18821330802795663
usdars,2025-02-04,PC3,2.3681987344763984,2.0654381870782945
usdars,2025-02-05,PC3,2.4279353271226998,2.117537800941525
usdars,2025-02-06,PC3,2.6847134174370577,2.3414882936173758
usdars,2025-02-07,PC3,2.744444895670875,2.393583446916256
usdars,2025-02-10,PC3,2.7410296628331423,2.3906048318962725
usdars,2025-02-11,PC3,2.73605137819276,2.3862629922302427
usdars,2025-02-12,PC3,2.6158021605391935,2.2813869434036738
usdars,2025-02-13,PC3,2.675962282948302,2.333855941192641
usdars,2025-02-14,PC3,2.598982028029218,2.2667171678092273
usdars,2025-02-17,PC3,2.455422610864949,2.1415109940159867
usdars,2025-02-18,PC3,2.353790944547617,2.0528723499814827
usdars,2025-02-19,PC3,2.3583045656964168,2.0568089307029465
usdars,2025-02-20,PC3,2.435511375856243,2.1241452955464433
usdars,2025-02-21,PC3,2.426665458208543,2.116430277442885
usdars,2025-02-24,PC3,2.3969835189185065,2.090543002872689
usdars,2025-02-25,PC3,2.5107906235360624,2.1898005256539794
usdars,2025-02-26,PC3,2.436892496119862,2.1253498475512633
usdars,2025-02-27,PC3,2.6045246856024256,2.2715512285841704
usdars,2025-02-28,PC3,2.5232180904624357,2.2006392126208736
usdars,2025-03-03,PC3,2.46558415504714,2.1503734433907096
usdars,2025-03-04,PC3,1.9225484741657688,1.676761741843022
usdars,2025-03-05,PC3,1.3806182053844727,1.2041141318349144
usdars,2025-03-06,PC3,0.8963829961736246,0.7817856008414771
usdars,2025-03-07,PC3,0.991764682643304,0.8649732888992373
usdars,2025-03-10,PC3,1.0235652000473512,0.8927082935924517
usdars,2025-03-11,PC3,1.0127426180347157,0.8832693162607514
usdars,2025-03-12,PC3,1.0330490803629109,0.9009797145168312
usdars,2025-03-13,PC3,1.129530659213841,0.9851266800595591
usdars,2025-03-14,PC3,0.9350544869997697,0.8155131646395499
usdars,2025-03-17,PC3,0.9674841231731464,0.8437968588964668
usdars,2025-03-18,PC3,0.9859593837046945,0.8599101639424291
usdars,2025-03-19,PC3,0.9824895285731114,0.8568839097737789
usdars,2025-03-20,PC3,1.0758955796239196,0.9383485360046426
usdars,2025-03-21,PC3,1.0889188334989999,0.9497068419956107
usdars,2025-03-24,PC3,1.0884755181697705,0.9493202019739869
usdars,2025-03-25,PC3,1.0817181840965553,0.9434267540827778
usdars,2025-03-26,PC3,0.9713781840187424,0.8471930865255973
usdars,2025-03-27,PC3,0.8830014361843125,0.7701147961061156
usdars,2025-03-28,PC3,0.49832198387471854,0.4346143927751981
usdars,2025-03-31,PC3,0.338752785861656,0.29544519626327315
usdars,2025-04-01,PC3,0.3506706489034879,0.3058394292626465
usdars,2025-04-02,PC3,0.23264663073791286,0.20290410100545164
usdars,2025-04-03,PC3,-0.5193995513592702,-0.4529973148414715
usdars,2025-04-04,PC3,0.2580888284509692,0.22509366050260307
usdars,2025-04-07,PC3,1.080897324618498,0.9427108367539142
usdars,2025-04-08,PC3,1.1494450256906803,1.0024951096570986
usdars,2025-04-09,PC3,1.0420559906181253,0.908835143251709
usdars,2025-04-10,PC3,0.4049350483283106,0.35316643824176364
usdars,2025-04-11,PC3,-0.475825797251111,-0.4149942138435941
usdars,2025-04-14,PC3,-0.4308166411966245,-0.375739218758202
usdars,2025-04-15,PC3,-0.3824029476624826,-0.33351493667106924
usdars,2025-04-16,PC3,-0.6185217455178372,-0.5394473082569773
usdars,2025-04-17,PC3,-0.6279951884181176,-0.5477096261294133
usdars,2025-04-18,PC3,-0.6441796119050339,-0.5618249644323513
usdars,2025-04-21,PC3,-0.7814596994015338,-0.6815545846339309
usdars,2025-04-22,PC3,-0.8831165118642066,-0.770215160024148
usdars,2025-04-23,PC3,-0.7852634359334973,-0.6848720353918967
usdars,2025-04-24,PC3,-1.122079487812008,-0.9786280979398448
usdars,2025-04-25,PC3,-1.2000938248025232,-1.0466687519668945
usdars,2025-04-28,PC3,-1.2662866976307285,-1.1043992478334166
usdars,2025-04-29,PC3,-1.4254647734697543,-1.2432273248850918
usdars,2025-04-30,PC3,-1.450283149163772,-1.2648728144098609
usdars,2025-05-01,PC3,-1.4399615312562402,-1.2558707558122064
usdars,2025-05-02,PC3,-1.4581366981281982,-1.2717223324418858
usdars,2025-05-05,PC3,-1.4641298068419664,-1.2769492567774676
usdars,2025-05-06,PC3,-1.4790581914236482,-1.2899691335038244
usdars,2025-05-07,PC3,-1.5458756307418156,-1.348244348637339
usdars,2025-05-08,PC3,-1.487106593162025,-1.2969885935066463
usdars,2025-05-09,PC3,-1.453620965247451,-1.2677839099612225
usdars,2025-05-12,PC3,-1.3711624631062906,-1.195867251662152
usdars,2025-05-13,PC3,-1.5942646441202577,-1.3904471057843124
usdars,2025-05-14,PC3,-2.0376246415331134,-1.7771260850220552
usdars,2025-05-15,PC3,-2.014436160173369,-1.7569021172428652
usdars,2025-05-16,PC3,-2.0696020649088807,-1.805015379278976
usdars,2025-05-19,PC3,-2.1469695106007127,-1.8724918433283275
usdars,2025-05-20,PC3,-2.6559323257740535,-2.3163866985015846
usdars,2025-05-21,PC3,-2.5704163730249374,-2.241803467018075
usdars,2025-05-22,PC3,-2.1458022884778543,-1.8714738438208294
usdars,2025-05-23,PC3,-1.9002235961142295,-1.65729097067073
usdars,2025-05-26,PC3,-1.933593358837531,-1.6863946017212244
usdars,2025-05-27,PC3,-1.597059625712266,-1.3928847651024572
usdars,2025-05-28,PC3,-1.6036551828023766,-1.3986371182646513
usdars,2025-05-29,PC3,-1.6192805623894433,-1.412264883205526
usdars,2025-05-30,PC3,-1.6212673159478133,-1.4139976417819207
usdars,2025-06-02,PC3,-1.7108991586075577,-1.4921705703932355
usdars,2025-06-03,PC3,-1.7134399533075844,-1.4943865391472775
usdars,2025-06-04,PC3,-1.7220655892190326,-1.5019094372638826
usdars,2025-06-05,PC3,-1.7020909113921108,-1.4844884067744661
usdars,2025-06-06,PC3,-1.656638968948776,-1.4448472329858548
usdars,2025-06-09,PC3,-1.62879935591145,-1.4205667538843028
usdars,2025-06-10,PC3,-1.4584874848964344,-1.2720282731452943
usdars,2025-06-11,PC3,-1.5172299909913152,-1.3232608886883779
usdars,2025-06-12,PC3,-1.428745124389614,-1.2460883018623445
usdars,2025-06-13,PC3,-1.1826914709590535,-1.031491188677934
usdars,2025-06-16,PC3,-1.2188850713565975,-1.0630576460451484
usdars,2025-06-17,PC3,-0.8020002400139559,-0.699469135615865
usdars,2025-06-18,PC3,-0.39806592025801485,-0.34717548857113
usdars,2025-06-19,PC3,-0.13430102066155336,-0.11713140987692532
usdars,2025-06-20,PC3,-0.20698935906743726,-0.18052696351570244
usdars,2025-06-23,PC3,-0.07783457249767285,-0.0678838713876599
usdars,2025-06-24,PC3,-0.8863585214084905,-0.7730426973495224
usdars,2025-06-25,PC3,-0.9049858892481258,-0.7892886636616543
usdars,2025-06-26,PC3,-1.2270743336110943,-1.0701999583596493
usdars,2025-06-27,PC3,-1.232347650066588,-1.0747991117251008
usdars,2025-06-30,PC3,-1.1594919728456634,-1.0112576125735027
usdars,2025-07-01,PC3,-1.2110747712156962,-1.0562458477240386
usdars,2025-07-02,PC3,0.17374271799207686,0.1515307137206734
usdars,2025-07-03,PC3,-0.04839230704730111,-0.04220562973927098
usdars,2025-07-04,PC3,-0.1354345720414656,-0.11812004325173527
usdars,2025-07-07,PC3,0.029035342750542575,0.02532334166842208
usdars,2025-07-08,PC3,0.17594675799734913,0.15345297992513704
usdars,2025-07-09,PC3,0.2008146034481645,0.17514161478366028
usdars,2025-07-10,PC3,0.24228014466952946,0.21130602575122723
usdars,2025-07-11,PC3,0.37832022919799657,0.3299541702113584
usdars,2025-07-14,PC3,0.41239701136903134,0.35967443235159036
usdars,2025-07-15,PC3,0.5400334661855846,0.470993302682669
usdars,2025-07-16,PC3,0.34080991718576753,0.297239335214029
usdars,2025-07-17,PC3,0.2683890666017447,0.23407707262207464
usdars,2025-07-18,PC3,0.15520342069078027,0.13536155863658295
usdars,2025-07-21,PC3,0.15545527928741884,0.13558121856447167
usdars,2025-07-22,PC3,-0.24728644667110222,-0.2156723009204415
usdars,2025-07-23,PC3,-0.3479080406487268,-0.30343000453733143
usdars,2025-07-24,PC3,-0.35098526611429476,-0.3061138244779071
usdars,2025-07-25,PC3,-0.27835099609273467,-0.242765426892408
usdars,2025-07-28,PC3,-0.2529591818664362,-0.2206198096438664
usdars,2025-07-29,PC3,-0.11829616722090455,-0.10317268462567802
usdars,2025-07-30,PC3,-0.03725346623622294,-0.03249082547219002
usdars,2025-07-31,PC3,-0.1648494478674125,-0.14377439688118676
usdars,2025-08-01,PC3,-0.3448421323998027,-0.3007560549725343
usdars,2025-08-04,PC3,-0.3490227554093118,-0.30440220944593727
usdars,2025-08-05,PC3,-0.4393132355992161,-0.38314957257849
usdars,2025-08-06,PC3,-0.7162008015302145,-0.6246386604136325
usdars,2025-08-07,PC3,-0.9285489753228104,-0.809839345103863
usdars,2025-08-08,PC3,-1.1935163296008287,-1.0409321515848713
usdars,2025-08-11,PC3,-1.1563232795230944,-1.008494018413817
usdars,2025-08-12,PC3,-1.2413763288291253,-1.0826735259892104
usdars,2025-08-13,PC3,-1.2978758141988025,-1.1319498780680846
usdars,2025-08-14,PC3,-1.3022529479863967,-1.1357674205501542
usdars,2025-08-15,PC3,-1.2918017667036046,-1.1266523625073885
usdars,2025-08-18,PC3,-1.2476399127554685,-1.0881363468416587
usdars,2025-08-19,PC3,-0.998593583086199,-0.8709291538125948
usdars,2025-08-20,PC3,-0.7202025884775319,-0.6281288419837904
usdars,2025-08-21,PC3,-0.5026099877145754,-0.4383542000592143
usdars,2025-08-22,PC3,-0.5094809412394438,-0.4443467418105893
usdars,2025-08-25,PC3,-0.5192492426321538,-0.4528662222180705
usdars,2025-08-26,PC3,-0.45008167207499566,-0.3925413265678863
usdars,2025-08-27,PC3,-0.4294815943829904,-0.37457484997855783
usdars,2025-08-28,PC3,-0.3602420499601149,-0.3141871819062116
usdars,2025-08-29,PC3,-0.18943036824540066,-0.16521278838233458
usdars,2025-09-01,PC3,-0.2362123101540882,-0.20601392887667122
usdars,2025-09-02,PC3,0.4591801554121836,0.4004766212944349
usdars,2025-09-03,PC3,0.6804247749235337,0.5934363924368616
usdars,2025-09-04,PC3,0.649674337310916,0.5666172208910615
usdars,2025-09-05,PC3,0.6095685833220765,0.5316387562021884
usdars,2025-09-08,PC3,0.583247633258599,0.5086827877735897
usdars,2025-09-09,PC3,0.5080602097984376,0.4431076426889103
usdars,2025-09-10,PC3,0.3776876495501993,0.3294024622225363
usdars,2025-09-11,PC3,0.41891314821925035,0.3653575186934324
usdars,2025-09-12,PC3,0.43180532402670757,0.3766015041916075
usdars,2025-09-15,PC3,0.41288355702861984,0.36009877595520834
usdars,2025-09-16,PC3,0.42381404741975376,0.3696318662016787
usdars,2025-09-17,PC3,0.4543807096875478,0.39629075702039446
usdars,2025-09-18,PC3,0.4847291226227319,0.422759300424717
usdars,2025-09-19,PC3,0.6955583180236081,0.6066351993484784
usdars,2025-09-22,PC3,0.706278226981754,0.6159846297834426
usdars,2025-09-23,PC3,0.7280545905154767,0.6349770108549554
usdars,2025-09-24,PC3,0.7380299653862054,0.6436770915907808
usdars,2025-09-25,PC3,0.7751154900266892,0.6760214458314835
usdars,2025-09-26,PC3,0.7440914544058533,0.648963654204583
usdars,2025-09-29,PC3,0.8021706293420776,0.6996177416512604
usdars,2025-09-30,PC3,0.6412311289211623,0.5592534279898239
usdars,2025-10-01,PC3,0.6138337585328187,0.5353586533656308
usdars,2025-10-02,PC3,0.6096733715892375,0.5317301478938573
usdars,2025-10-03,PC3,0.5587547931752053,0.48732121600945805
usdars,2025-10-06,PC3,0.6133813164035611,0.5349640533527149
usdars,2025-10-07,PC3,0.6141658288629124,0.5356482704195487
usdars,2025-10-08,PC3,0.8598788152541669,0.7499482688805118
usdars,2025-10-09,PC3,0.9020325018146867,0.7867128497751457
usdars,2025-10-10,PC3,0.629349660190877,0.5488909364992043
usdars,2025-10-13,PC3,0.6310389307768527,0.5503642435852135
usdars,2025-10-14,PC3,0.8662869068084943,0.7555371228942895
usdars,2025-10-15,PC3,0.703384537878037,0.6134608821395731
usdars,2025-10-16,PC3,0.6925442819991969,0.6040064904435118
usdars,2025-10-17,PC3,0.6370999704075518,0.5556504142618518
usdars,2025-10-20,PC3,0.6257684634238827,0.545767575080963
usdars,2025-10-21,PC3,0.5326019708195475,0.4645118811310685
usdars,2025-10-22,PC3,0.5216410945941358,0.45495228970395396
usdars,2025-10-23,PC3,0.5366757988557576,0.46806489375246857
usdars,2025-10-24,PC3,0.4068622391986294,0.3548472488761909
usdars,2025-10-27,PC3,0.3931104030290327,0.34285350563427947
usdars,2025-10-28,PC3,0.4897034575016176,0.42709769528347347
usdars,2025-10-29,PC3,0.7144025848706262,0.6230703353810674
usdars,2025-10-30,PC3,0.8691797862272146,0.7580601643667185
usdars,2025-10-31,PC3,0.8674113161525181,0.7565177829897641
usdars,2025-11-03,PC3,0.8555215658548094,0.7461480686823445
usdars,2025-11-04,PC3,0.9638746706151756,0.8406488540271337
usdars,2025-11-05,PC3,1.1576723206660378,1.0096705924284877
usdars,2025-11-06,PC3,0.9450043772816435,0.8241910188441994
usdars,2025-11-07,PC3,0.5470472841561037,0.47711044448442286
usdars,2025-11-10,PC3,0.324700355683313,0.2831892882226761
usdars,2025-11-11,PC3,0.18395578262075646,0.16043809694999403
usdars,2025-11-12,PC3,0.5218533664757548,0.4551374238499849
usdars,2025-11-13,PC3,0.44443673860129873,0.3876180652763537
usdars,2025-11-14,PC3,0.6202659311826453,0.5409685098457584
usdars,2025-11-17,PC3,0.6085251787819111,0.53072874491367
usdars,2025-11-18,PC3,0.5971486229283773,0.5208066161010672
usdars,2025-11-19,PC3,0.7541649793624631,0.6577493371039822
usdars,2025-11-20,PC3,0.6920153189122713,0.6035451522359595
usdars,2025-11-21,PC3,0.8193824468403718,0.7146291275676789
usdars,2025-11-24,PC3,0.8884959342486702,0.77490685428761
usdars,2025-11-25,PC3,0.8316590929782506,0.7253362753138872
usdars,2025-11-26,PC3,0.3393089834316704,0.2959302871823517
usdars,2025-11-27,PC3,0.6725831748670822,0.5865972957138532
usdars,2025-11-28,PC3,0.6168890101722059,0.5380233087069483
usdars,2025-12-01,PC3,0.2591677843728933,0.22603467813379818
usdars,2025-12-02,PC3,0.4207652486249863,0.36697283874601916
usdars,2025-12-03,PC3,0.03979660962601078,0.03470884264954943
usdars,2025-12-04,PC3,0.1582033708402399,0.13797798246445697
usdars,2025-12-05,PC3,0.17102731870914786,0.14916246257245774
usdars,2025-12-08,PC3,0.18814101333131217,0.16408827005644402
usdars,2025-12-09,PC3,0.19728618544921897,0.17206428467242374
usdars,2025-12-10,PC3,0.17039509732333094,0.1486110670438884
usdars,2025-12-11,PC3,-0.37873027484436744,-0.3303117938871691
usdars,2025-12-12,PC3,-0.35149029000763476,-0.306554283979682
usdars,2025-12-15,PC3,-0.3309804599997678,-0.2886665174286628
usdars,2025-12-16,PC3,-0.3766375401243416,-0.3284866032292906
usdars,2025-12-17,PC3,-0.3041978027635012,-0.2653078684259876
usdars,2025-12-18,PC3,-0.18669243147386738,-0.16282488103342663
usdars,2025-12-19,PC3,-0.22477172980752402,-0.19603596073315072
usdars,2025-12-22,PC3,-0.1717582145376418,-0.14979991758541109
usdars,2025-12-23,PC3,-0.5850998481966325,-0.5102982077161864
usdars,2025-12-24,PC3,-0.5877413317439929,-0.5126019928292477
usdars,2025-12-25,PC3,-0.5977959669154148,-0.5213712008935307
usdars,2025-12-26,PC3,-0.6096640383835581,-0.531722007884692
usdars,2025-12-29,PC3,-0.5408270080300098,-0.47168539477978644
usdars,2025-12-30,PC3,-0.5793407685931595,-0.5052753932191308
usdars,2025-12-31,PC3,-0.5730992463545199,-0.4998318135948748
usdars,2026-01-01,PC3,-0.6078035936494454,-0.5300994102779777
usdars,2026-01-02,PC3,-0.6203407226130244,-0.5410337396231991
usdars,2026-01-05,PC3,-0.6978867744350583,-0.6086659760392843
usdars,2026-01-06,PC3,-0.8199076545288583,-0.7150871904828259
usdars,2026-01-07,PC3,-0.8492453143380221,-0.7406741997178242
usdars,2026-01-08,PC3,-0.7556470467501789,-0.6590419307253965
usdars,2026-01-09,PC3,-0.6297341705262249,-0.5492262894062075
usdars,2026-01-12,PC3,-0.5928465721531023,-0.517054557701309
usdars,2026-01-13,PC3,-0.9038590231337212,-0.7883058608797203
usdars,2026-01-14,PC3,-0.9103789770678776,-0.793992276313337
usdars,2026-01-15,PC3,-0.746696618824106,-0.6512357633796944
usdars,2026-01-16,PC3,-0.7375969578555349,-0.643299441575136
usdars,2026-01-19,PC3,-0.7497163235396156,-0.6538694162663018
usdars,2026-01-20,PC3,-1.0329533588129254,-0.9008962304148536
usdars,2026-01-21,PC3,-0.9887310385572672,-0.8623274787102222
usdars,2026-01-22,PC3,-1.009245538749681,-0.8802193183896335
usdars,2026-01-23,PC3,-1.372768729641179,-1.197268166286202
usdars,2026-01-26,PC3,-1.7760007924748797,-1.5489493359052804
usdars,2026-01-27,PC3,-2.1905248009795795,-1.9104788410781957
usdars,2026-01-28,PC3,-1.986659627015042,-1.7326766536216542
usdars,2026-01-29,PC3,-2.037277331225992,-1.7768231763342617
usdars,2026-01-30,PC3,-1.8416283188053262,-1.6061867615626166
usdars,2026-02-02,PC3,-1.5967341140003002,-1.3926008681851725
usdars,2026-02-03,PC3,-1.701089261172441,-1.4836148117574253
usdars,2026-02-04,PC3,-1.4065366420328578,-1.2267190458666728
usdars,2026-02-05,PC3,-0.7396437941197519,-0.6450846016300184
usdars,2026-02-06,PC3,-0.8259665073592768,-0.7203714539289849
usdars,2026-02-09,PC3,-0.5892132396642004,-0.5138857258124644
usdars,2026-02-10,PC3,-0.6261214467600694,-0.5460754315337863
usdars,2026-02-11,PC3,-0.6629168264630955,-0.5781667341936024
usdars,2026-02-12,PC3,-0.7348273446466814,-0.6408839074386956
usdars,2026-02-13,PC3,-0.7610368921023183,-0.6637427154402471
usdars,2026-02-16,PC3,-0.7811347277639309,-0.6812711587456172
usdars,2026-02-17,PC3,-0.7331919231165598,-0.6394575651173744
usdars,2026-02-18,PC3,-0.6866127771218754,-0.5988332942492509
usdars,2026-02-19,PC3,-0.3404698986583099,-0.29694278609393737
usdars,2026-02-20,PC3,-0.2967515869373534,-0.2588136083401874
usdars,2026-02-23,PC3,-0.3351112175148569,-0.29226918142346137
usdars,2026-02-24,PC3,-0.28680274490251423,-0.250136668370236
usdars,2026-02-25,PC3,-0.30315251728756915,-0.2643962166684902
usdars,2026-02-26,PC3,-0.21600402027899018,-0.1883891522918617
usdars,2026-02-27,PC3,-0.24853991250701202,-0.2167655183797687
usdars,2026-03-02,PC3,-0.07306566685916266,-0.0637246428259025
usdars,2026-03-03,PC3,0.3240730772755941,0.28264220374096816
usdars,2026-03-04,PC3,0.22721870994316226,0.19817010857369188
usdars,2026-03-05,PC3,0.30477029294283586,0.2658071690382618
usdars,2026-03-06,PC3,0.5369464471983124,0.46830094126564564
usdars,2026-03-09,PC3,0.8541293863141368,0.7449338712652472
usdars,2026-03-10,PC3,0.5505927075857036,0.48020260598009934
usdars,2026-03-11,PC3,0.5697550293496451,0.49691513544316274
usdars,2026-03-12,PC3,0.8070775780554281,0.7038973652770326
usdars,2026-03-13,PC3,1.0580635186761589,0.9227962011859367
usdars,2026-03-16,PC3,0.8896649463040878,0.7759264148951145
usdars,2026-03-17,PC3,0.7769618251307655,0.6776317376429709
usdars,2026-03-18,PC3,0.9830747589771487,0.8573943218465246
usdars,2026-03-19,PC3,1.0125589172768292,0.8831091005850946
usdars,2026-03-20,PC3,1.5346273306024778,1.3384340787857014
usdars,2026-03-23,PC3,1.6527098895570322,1.4414204637296935
usdars,2026-03-24,PC3,1.6916171432825986,1.47535364950048
usdars,2026-03-25,PC3,1.6287400313816132,1.42051501365339
usdars,2026-03-26,PC3,1.7680329490230582,1.5420001352767672
usdars,2026-03-27,PC3,1.7968687749385932,1.56714946718664
usdmxn,2025-02-04,PC1,10.368969916152292,1.2396740664633032
usdmxn,2025-02-05,PC1,7.7092574084614744,0.9216890933469092
usdmxn,2025-02-06,PC1,4.632457447632469,0.5538387523797318
usdmxn,2025-02-07,PC1,3.9484876604025922,0.47206596160786507
usdmxn,2025-02-10,PC1,-3.2582797344379957,-0.3895473630195069
usdmxn,2025-02-11,PC1,-7.74570625464441,-0.9260467768710083
usdmxn,2025-02-12,PC1,-12.439088701596399,-1.487169487278051
usdmxn,2025-02-13,PC1,-9.501949564471449,-1.1360164559420955
usdmxn,2025-02-14,PC1,-12.56266396851806,-1.5019436697569128
usdmxn,2025-02-17,PC1,-11.936956134559214,-1.4271364534939552
usdmxn,2025-02-18,PC1,-11.354467271956686,-1.3574963308191645
usdmxn,2025-02-19,PC1,-3.4497905316866504,-0.4124436555844068
usdmxn,2025-02-20,PC1,-5.151386951545571,-0.6158799631775019
usdmxn,2025-02-21,PC1,-1.9244272135700347,-0.2300770981833728
usdmxn,2025-02-24,PC1,3.3171414825515595,0.3965846466873292
usdmxn,2025-02-25,PC1,9.258990625796296,1.106969221942327
usdmxn,2025-02-26,PC1,0.755627853391852,0.09033995289040389
usdmxn,2025-02-27,PC1,8.23309290704246,0.9843168459525119
usdmxn,2025-02-28,PC1,11.44987472827453,1.3689028784609143
usdmxn,2025-03-03,PC1,13.619992398221463,1.628353780369334
usdmxn,2025-03-04,PC1,22.255954028885267,2.660836057690739
usdmxn,2025-03-05,PC1,22.1325966120074,2.64608792052321
usdmxn,2025-03-06,PC1,7.959584891411295,0.9516172820913397
usdmxn,2025-03-07,PC1,0.3233888630390512,0.03866312566574872
usdmxn,2025-03-10,PC1,-4.473586132651115,-0.5348447104758675
usdmxn,2025-03-11,PC1,-5.8667545941413675,-0.7014065604850654
usdmxn,2025-03-12,PC1,-6.585964907491431,-0.7873925726929077
usdmxn,2025-03-13,PC1,-3.2204030603712495,-0.3850189738984926
usdmxn,2025-03-14,PC1,3.3674570806346393,0.4026001856064864
usdmxn,2025-03-17,PC1,0.7944653336291866,0.09498321229286444
usdmxn,2025-03-18,PC1,5.312508037895197,0.6351429790723482
usdmxn,2025-03-19,PC1,0.07514961902071214,0.008984598716932485
usdmxn,2025-03-20,PC1,-0.6211301273339872,-0.07425992330786169
usdmxn,2025-03-21,PC1,2.3740470189829894,0.2838319086463149
usdmxn,2025-03-24,PC1,-2.419860427939646,-0.28930918319133747
usdmxn,2025-03-25,PC1,-0.8761192355039421,-0.10474543799109827
usdmxn,2025-03-26,PC1,14.7395368323502,1.762202196602153
usdmxn,2025-03-27,PC1,21.54982979718377,2.5764145669524865
usdmxn,2025-03-28,PC1,24.105353058071174,2.881943075414148
usdmxn,2025-03-31,PC1,22.23562211806603,2.658405252821203
usdmxn,2025-04-01,PC1,20.628987859475743,2.466322255110573
usdmxn,2025-04-02,PC1,21.16317387603977,2.5301874757406564
usdmxn,2025-04-03,PC1,7.258523196037843,0.8678010486782751
usdmxn,2025-04-04,PC1,24.77525873904662,2.962034415865242
usdmxn,2025-04-07,PC1,26.543181482024536,3.173400442934753
usdmxn,2025-04-08,PC1,21.616563538562527,2.584392995785272
usdmxn,2025-04-09,PC1,29.12068886909814,3.4815572887652433
usdmxn,2025-04-10,PC1,24.650243531320253,2.9470880796153427
usdmxn,2025-04-11,PC1,16.02255314870409,1.915594680821396
usdmxn,2025-04-14,PC1,-0.9384865837206674,-0.11220183769170139
usdmxn,2025-04-15,PC1,-6.271275470711602,-0.7497695168907882
usdmxn,2025-04-16,PC1,-13.522550140359487,-1.616703959699978
usdmxn,2025-04-17,PC1,-12.17267345833273,-1.4553179079355354
usdmxn,2025-04-18,PC1,-4.130739810699085,-0.4938553260391176
usdmxn,2025-04-21,PC1,-3.3629400112484475,-0.40206014220586345
usdmxn,2025-04-22,PC1,-4.842886874591612,-0.5789968833735949
usdmxn,2025-04-23,PC1,-4.3781198983533285,-0.5234311355654493
usdmxn,2025-04-24,PC1,-10.950587895905143,-1.309210069742204
usdmxn,2025-04-25,PC1,-6.716609143352129,-0.8030118938442918
usdmxn,2025-04-28,PC1,-9.064240467233049,-1.083685643827746
usdmxn,2025-04-29,PC1,-9.272630598747318,-1.108599964520556
usdmxn,2025-04-30,PC1,-8.730095618203153,-1.0437365739457525
usdmxn,2025-05-01,PC1,-5.984544015188523,-0.7154890095380251
usdmxn,2025-05-02,PC1,-5.334779645614358,-0.6378056866248969
usdmxn,2025-05-05,PC1,-8.043235577737859,-0.9616182356401931
usdmxn,2025-05-06,PC1,-8.947589077250695,-1.0697392533813088
usdmxn,2025-05-07,PC1,-7.641448118906644,-0.9135820761208803
usdmxn,2025-05-08,PC1,-13.131842829685066,-1.56999249997569
usdmxn,2025-05-09,PC1,-10.68082197499016,-1.2769578962979597
usdmxn,2025-05-12,PC1,-9.159153295116898,-1.0950330556009267
usdmxn,2025-05-13,PC1,-8.855226528942469,-1.0586967432017962
usdmxn,2025-05-14,PC1,-6.586800143892976,-0.7874924303368911
usdmxn,2025-05-15,PC1,-7.106936513455313,-0.8496779293387122
usdmxn,2025-05-16,PC1,-6.609194609255108,-0.7901698262755658
usdmxn,2025-05-19,PC1,-10.71429772537368,-1.2809601279508072
usdmxn,2025-05-20,PC1,-9.862844048180262,-1.1791636090152813
usdmxn,2025-05-21,PC1,-6.960215200135205,-0.8321364947901329
usdmxn,2025-05-22,PC1,-6.9351549498426905,-0.8291403878828965
usdmxn,2025-05-23,PC1,-4.258640663032479,-0.509146658832867
usdmxn,2025-05-26,PC1,-2.3794103007140306,-0.2844731219323861
usdmxn,2025-05-27,PC1,-6.4197359679919925,-0.767518881568378
usdmxn,2025-05-28,PC1,-3.341508718859299,-0.3994978995144044
usdmxn,2025-05-29,PC1,-4.816796914829503,-0.5758776683721342
usdmxn,2025-05-30,PC1,-0.19068806178275888,-0.02279792948458654
usdmxn,2025-06-02,PC1,-2.314674601190426,-0.27673357128051645
usdmxn,2025-06-03,PC1,-2.1230496075987237,-0.25382362584111634
usdmxn,2025-06-04,PC1,-0.33435205222977105,-0.039973842297715875
usdmxn,2025-06-05,PC1,-0.44680063445878376,-0.05341776125274372
usdmxn,2025-06-06,PC1,-1.6727493295266334,-0.19998746069055431
usdmxn,2025-06-09,PC1,-6.779285079642803,-0.8105051871452803
usdmxn,2025-06-10,PC1,-7.083318391343037,-0.8468542377166985
usdmxn,2025-06-11,PC1,-7.570028194880545,-0.9050433853579709
usdmxn,2025-06-12,PC1,-2.325388003053033,-0.27801442430256884
usdmxn,2025-06-13,PC1,2.6086000901682875,0.31187416953712804
usdmxn,2025-06-16,PC1,-3.9170164855071365,-0.46830338927189447
usdmxn,2025-06-17,PC1,0.6449094478892199,0.07710288719422784
usdmxn,2025-06-18,PC1,-1.1870830860241617,-0.1419230770637108
usdmxn,2025-06-19,PC1,4.303094921014303,0.5144614385274332
usdmxn,2025-06-20,PC1,-0.1531828544752666,-0.018313951497149077
usdmxn,2025-06-23,PC1,-2.996061050429992,-0.35819750812210904
usdmxn,2025-06-24,PC1,-3.84752765408887,-0.45999557249600864
usdmxn,2025-06-25,PC1,-3.7347327577658818,-0.4465102495630906
usdmxn,2025-06-26,PC1,-2.7215311601848198,-0.32537577287183983
usdmxn,2025-06-27,PC1,-3.35315254637752,-0.4008899906406623
usdmxn,2025-06-30,PC1,-3.8295526965467124,-0.4578465558732407
usdmxn,2025-07-01,PC1,-1.4625608708660376,-0.17485813893743218
usdmxn,2025-07-02,PC1,-0.48463697431638486,-0.057941328171217846
usdmxn,2025-07-03,PC1,-3.1487221024946677,-0.3764490749348141
usdmxn,2025-07-04,PC1,-0.7210049572414774,-0.08620057291239763
usdmxn,2025-07-07,PC1,-2.75638034662401,-0.32954220724433336
usdmxn,2025-07-08,PC1,-2.872788732003116,-0.34345954499729053
usdmxn,2025-07-09,PC1,-2.900711913171608,-0.3467979328822639
usdmxn,2025-07-10,PC1,-2.176648866752155,-0.2602317466179593
usdmxn,2025-07-11,PC1,-0.8144614446475228,-0.09737387023285321
usdmxn,2025-07-14,PC1,-3.4288912333223616,-0.4099450160475008
usdmxn,2025-07-15,PC1,-3.781163617030194,-0.45206134408636744
usdmxn,2025-07-16,PC1,-1.1606394446741752,-0.13876157725519372
usdmxn,2025-07-17,PC1,-3.1803319090833946,-0.3802282215415493
usdmxn,2025-07-18,PC1,-3.2511406188773346,-0.38869383788734796
usdmxn,2025-07-21,PC1,-7.848081841938134,-0.9382864073871777
usdmxn,2025-07-22,PC1,-9.11978445288919,-1.0903262686075197
usdmxn,2025-07-23,PC1,-8.68905387019643,-1.0388297807871572
usdmxn,2025-07-24,PC1,-6.273068350692421,-0.7499838667089933
usdmxn,2025-07-25,PC1,-2.3019864543964528,-0.27521662536793684
usdmxn,2025-07-28,PC1,2.006995050459629,0.23994859042837904
usdmxn,2025-07-29,PC1,1.8192355443968184,0.21750078777486356
usdmxn,2025-07-30,PC1,2.1133348170430644,0.25266216293685867
usdmxn,2025-07-31,PC1,-1.4040831924331358,-0.16786677315988063
usdmxn,2025-08-01,PC1,3.38232999409092,0.4043783337980231
usdmxn,2025-08-04,PC1,-0.7567967710023289,-0.09047970417324683
usdmxn,2025-08-05,PC1,0.4309666094991387,0.05152470627535111
usdmxn,2025-08-06,PC1,1.5121782301067392,0.18079019911259703
usdmxn,2025-08-07,PC1,1.0168606973666738,0.12157194455425979
usdmxn,2025-08-08,PC1,0.3217019408436153,0.03846144375185238
usdmxn,2025-08-11,PC1,-1.0070699444815683,-0.12040139988676032
usdmxn,2025-08-12,PC1,-4.247407816601434,-0.5078037030208882
usdmxn,2025-08-13,PC1,-3.1071098941335924,-0.3714740797356155
usdmxn,2025-08-14,PC1,-0.24025870582487852,-0.028724404570715706
usdmxn,2025-08-15,PC1,0.040260974742510294,0.004813446917333136
usdmxn,2025-08-18,PC1,-1.4289226175448466,-0.17083647905987343
usdmxn,2025-08-19,PC1,-4.364885386720067,-0.5218488683791491
usdmxn,2025-08-20,PC1,-3.456438960213445,-0.4132385160666003
usdmxn,2025-08-21,PC1,-3.47867321226512,-0.41589675751956595
usdmxn,2025-08-22,PC1,-4.58040845554541,-0.5476159755564172
usdmxn,2025-08-25,PC1,-6.8675092271732066,-0.8210529260830607
usdmxn,2025-08-26,PC1,-8.331373719733362,-0.9960669210042351
usdmxn,2025-08-27,PC1,-7.5111875124112455,-0.8980086202173599
usdmxn,2025-08-28,PC1,-7.538432346702005,-0.9012659075649423
usdmxn,2025-08-29,PC1,0.13398219334064518,0.016018394478465554
usdmxn,2025-09-01,PC1,0.8349840514077292,0.09982747397387857
usdmxn,2025-09-02,PC1,4.112714430263025,0.49170028104955577
usdmxn,2025-09-03,PC1,3.4178022449574295,0.40861925935127325
usdmxn,2025-09-04,PC1,4.6538865934148355,0.55640073843116
usdmxn,2025-09-05,PC1,0.2132817883461304,0.025499148324246032
usdmxn,2025-09-08,PC1,-2.0198272548207377,-0.2414827593082834
usdmxn,2025-09-09,PC1,-6.35458452255316,-0.759729625937758
usdmxn,2025-09-10,PC1,-7.748232183188843,-0.9263487671492708
usdmxn,2025-09-11,PC1,-5.932874261433406,-0.709311572987555
usdmxn,2025-09-12,PC1,-5.231588364855875,-0.6254685349429201
usdmxn,2025-09-15,PC1,-6.166063279086001,-0.7371907528969945
usdmxn,2025-09-16,PC1,0.6322115688702729,0.07558477773435215
usdmxn,2025-09-17,PC1,-2.521986791949629,-0.3015190175325627
usdmxn,2025-09-18,PC1,-3.828574349842738,-0.4577295885132489
usdmxn,2025-09-19,PC1,-2.1888065512925663,-0.26168527250865664
usdmxn,2025-09-22,PC1,-2.952783162896967,-0.3530233707430014
usdmxn,2025-09-23,PC1,-4.694766951222807,-0.5612882363998194
usdmxn,2025-09-24,PC1,-3.567105695366906,-0.4264694042550402
usdmxn,2025-09-25,PC1,-0.4828277960423286,-0.057725029791909924
usdmxn,2025-09-26,PC1,2.629175565982355,0.31433409409840085
usdmxn,2025-09-29,PC1,-2.1812812008317595,-0.2607855706209332
usdmxn,2025-09-30,PC1,-4.260816904973399,-0.5094068419290013
usdmxn,2025-10-01,PC1,-4.121705155506854,-0.49277517749670546
usdmxn,2025-10-02,PC1,-2.120117379218546,-0.253473059920948
usdmxn,2025-10-03,PC1,-3.005382315909472,-0.3593119226854622
usdmxn,2025-10-06,PC1,-6.869601575344199,-0.8213030791635081
usdmxn,2025-10-07,PC1,-7.592280128704536,-0.907703740775464
usdmxn,2025-10-08,PC1,-5.67297167061423,-0.6782386212623064
usdmxn,2025-10-09,PC1,-3.722592228309076,-0.4450587746680491
usdmxn,2025-10-10,PC1,4.280899718941991,0.5118078657394463
usdmxn,2025-10-13,PC1,-1.690718957974925,-0.20213584018740552
usdmxn,2025-10-14,PC1,1.279058947909508,0.15291935650534152
usdmxn,2025-10-15,PC1,-1.995924691739961,-0.23862506102071449
usdmxn,2025-10-16,PC1,-2.7082197873841927,-0.3237843164607013
usdmxn,2025-10-17,PC1,-0.561992799447163,-0.06718969238482345
usdmxn,2025-10-20,PC1,-3.954759677244485,-0.4728158197602361
usdmxn,2025-10-21,PC1,-5.717972828442561,-0.6836187861939939
usdmxn,2025-10-22,PC1,-3.3896411080592563,-0.4052524223966781
usdmxn,2025-10-23,PC1,-1.0958649054023537,-0.1310173830727707
usdmxn,2025-10-24,PC1,-1.2713435476933683,-0.15199693300159184
usdmxn,2025-10-27,PC1,-3.448449984153363,-0.4122833848896979
usdmxn,2025-10-28,PC1,-2.4757275269823293,-0.295988438161869
usdmxn,2025-10-29,PC1,-0.15080522696732407,-0.01802969151904704
usdmxn,2025-10-30,PC1,-0.12392157683695909,-0.014815585957165612
usdmxn,2025-10-31,PC1,0.09821584733110775,0.01174230804377466
usdmxn,2025-11-03,PC1,-2.6938273353110915,-0.3220636103797582
usdmxn,2025-11-04,PC1,3.610743343705439,0.4316865532490261
usdmxn,2025-11-05,PC1,1.8731917439470154,0.2239515829693894
usdmxn,2025-11-06,PC1,-0.3635605848509436,-0.043465901846804766
usdmxn,2025-11-07,PC1,-2.2694700062928828,-0.27132908419716895
usdmxn,2025-11-10,PC1,-7.455714339214153,-0.8913764615021785
usdmxn,2025-11-11,PC1,-4.505565272116933,-0.538668013097455
usdmxn,2025-11-12,PC1,-3.4297856925959396,-0.4100519541497355
usdmxn,2025-11-13,PC1,-4.055424914783056,-0.4848509674537924
usdmxn,2025-11-14,PC1,-2.243748093095583,-0.26825387142402346
usdmxn,2025-11-17,PC1,1.2116669495743326,0.14486222900870235
usdmxn,2025-11-18,PC1,-0.22840745609699095,-0.0273075148447694
usdmxn,2025-11-19,PC1,0.030687550061407987,0.0036688851720130967
usdmxn,2025-11-20,PC1,-4.805340879036019,-0.5745080289004703
usdmxn,2025-11-21,PC1,2.1392857929908784,0.25576476156932304
usdmxn,2025-11-24,PC1,-4.049469321578227,-0.48413893969152355
usdmxn,2025-11-25,PC1,-6.170854387564849,-0.7377635593550004
usdmxn,2025-11-26,PC1,-7.4899262195054375,-0.89546670200871
usdmxn,2025-11-27,PC1,-4.638071005240048,-0.5545098876846838
usdmxn,2025-11-28,PC1,-4.2153040770087395,-0.5039655036885168
usdmxn,2025-12-01,PC1,-5.371038636389626,-0.6421406717684272
usdmxn,2025-12-02,PC1,-3.088292062784456,-0.36922429237011595
usdmxn,2025-12-03,PC1,-4.943714157361918,-0.5910514045703054
usdmxn,2025-12-04,PC1,-1.4479006601811548,-0.1731054206691858
usdmxn,2025-12-05,PC1,-0.638140847085406,-0.07629365937790847
usdmxn,2025-12-08,PC1,-4.0085273966102255,-0.47924408099057825
usdmxn,2025-12-09,PC1,1.8893443798910328,0.22588272984769492
usdmxn,2025-12-10,PC1,-1.7033852403521759,-0.20365017207461825
usdmxn,2025-12-11,PC1,0.16629974192716568,0.019882155989815745
usdmxn,2025-12-12,PC1,1.982928825106298,0.23707132531049
usdmxn,2025-12-15,PC1,-0.46571315076926195,-0.055678868787171223
usdmxn,2025-12-16,PC1,-6.905373569469121,-0.8255798408650984
usdmxn,2025-12-17,PC1,-6.750900634329858,-0.8071116522975621
usdmxn,2025-12-18,PC1,-12.383653408533792,-1.4805418573657052
usdmxn,2025-12-19,PC1,-16.04866665786358,-1.9187167112980148
usdmxn,2025-12-22,PC1,-17.733693076028903,-2.1201719733729036
usdmxn,2025-12-23,PC1,-13.925738992941298,-1.6649076644531537
usdmxn,2025-12-24,PC1,-13.187034173312856,-1.5765909642341365
usdmxn,2025-12-25,PC1,-12.522099008471029,-1.4970938795285618
usdmxn,2025-12-26,PC1,-11.631997014189205,-1.390676716807358
usdmxn,2025-12-29,PC1,-10.294466037396894,-1.2307666699628932
usdmxn,2025-12-30,PC1,-9.409958242957748,-1.125018328206902
usdmxn,2025-12-31,PC1,-8.998757421036995,-1.075856743289052
usdmxn,2026-01-01,PC1,-5.529187933081437,-0.6610483919492762
usdmxn,2026-01-02,PC1,-1.291514366300658,-0.154408478307345
usdmxn,2026-01-05,PC1,-1.395165341969938,-0.16680058934054068
usdmxn,2026-01-06,PC1,1.2362346254283587,0.1477994456151533
usdmxn,2026-01-07,PC1,1.681066952917758,0.2009818836752832
usdmxn,2026-01-08,PC1,1.8499931672270316,0.22117805057695528
usdmxn,2026-01-09,PC1,-1.5439417765309809,-0.18458772626133516
usdmxn,2026-01-12,PC1,-6.676887276426988,-0.7982629005791173
usdmxn,2026-01-13,PC1,-4.576960265402323,-0.5472037232371235
usdmxn,2026-01-14,PC1,-4.008951088356281,-0.47929473594222793
usdmxn,2026-01-15,PC1,-1.3695877164231334,-0.16374262704259923
usdmxn,2026-01-16,PC1,-2.2456311310656885,-0.2684790001838311
usdmxn,2026-01-19,PC1,-2.0359277575732904,-0.24340767334321262
usdmxn,2026-01-20,PC1,2.9881970347127083,0.3572573167220172
usdmxn,2026-01-21,PC1,1.5586792469580366,0.186349681406487
usdmxn,2026-01-22,PC1,2.6590904768045696,0.31791060550182326
usdmxn,2026-01-23,PC1,4.172452877687539,0.49884237950695326
usdmxn,2026-01-26,PC1,6.52621242313327,0.7802487960338415
usdmxn,2026-01-27,PC1,12.72631860983703,1.521509587715981
usdmxn,2026-01-28,PC1,7.753038048429488,0.9269233378688233
usdmxn,2026-01-29,PC1,13.170397645949015,1.5746019651632803
usdmxn,2026-01-30,PC1,19.63988828215106,2.3480693230378153
usdmxn,2026-02-02,PC1,7.069708283707869,0.8452270657204898
usdmxn,2026-02-03,PC1,7.096291302974356,0.8484052290153434
usdmxn,2026-02-04,PC1,14.616763156995574,1.7475238493205754
usdmxn,2026-02-05,PC1,15.655139798875664,1.8716681572479024
usdmxn,2026-02-06,PC1,13.405537480201252,1.6027143771841599
usdmxn,2026-02-09,PC1,8.283889679815564,0.990389912262479
usdmxn,2026-02-10,PC1,6.335073557044875,0.7573969701245121
usdmxn,2026-02-11,PC1,5.996663850369396,0.716938010305221
usdmxn,2026-02-12,PC1,4.405584347611737,0.5267146792318561
usdmxn,2026-02-13,PC1,2.5740372870156776,0.30774197404625075
usdmxn,2026-02-16,PC1,2.386237826603578,0.285289394604775
usdmxn,2026-02-17,PC1,0.5112436471852101,0.06112231939957251
usdmxn,2026-02-18,PC1,2.309270796914034,0.27608751327515446
usdmxn,2026-02-19,PC1,3.8772915287347676,0.46355402659649797
usdmxn,2026-02-20,PC1,3.7336162069750576,0.44637675905530944
usdmxn,2026-02-23,PC1,4.573106279944644,0.5467429555945276
usdmxn,2026-02-24,PC1,2.143509051139566,0.2562696780311552
usdmxn,2026-02-25,PC1,-2.8342336745990035,-0.338850050979912
usdmxn,2026-02-26,PC1,-1.2044201864386044,-0.1439958339474949
usdmxn,2026-02-27,PC1,1.587115713944922,0.18974943576497616
usdmxn,2026-03-02,PC1,5.744158519827638,0.686749446499211
usdmxn,2026-03-03,PC1,22.559144940294487,2.697084394131169
usdmxn,2026-03-04,PC1,10.01156219431364,1.1969437771963902
usdmxn,2026-03-05,PC1,18.115227729967863,2.1657867856223247
usdmxn,2026-03-06,PC1,25.546141186432607,3.05419814920075
usdmxn,2026-03-09,PC1,17.168339334425823,2.0525804597017556
usdmxn,2026-03-10,PC1,4.841161529494806,0.5787906077657469
usdmxn,2026-03-11,PC1,9.097467363728605,1.0876581234691842
usdmxn,2026-03-12,PC1,18.23555070614941,2.1801721367592384
usdmxn,2026-03-13,PC1,22.003098392677384,2.630605612689862
usdmxn,2026-03-16,PC1,10.19621388754914,1.2190200217301896
usdmxn,2026-03-17,PC1,8.537962784251274,1.0207659130708264
usdmxn,2026-03-18,PC1,10.16513109327246,1.2153038826836302
usdmxn,2026-03-19,PC1,9.838621539590886,1.1762676592762278
usdmxn,2026-03-20,PC1,18.531630453925686,2.2155702898922205
usdmxn,2026-03-23,PC1,13.435691906299086,1.6063195241105037
usdmxn,2026-03-24,PC1,11.218793963451008,1.3412757531315231
usdmxn,2026-03-25,PC1,4.682641649997628,0.5598385821334398
usdmxn,2026-03-26,PC1,10.609029371746935,1.268374649444685
usdmxn,2026-03-27,PC1,8.64477115311001,1.0335355098606833
usdmxn,2025-02-04,PC2,3.5359855654735646,2.129977252034764
usdmxn,2025-02-05,PC2,3.7542631719365875,2.261461481194101
usdmxn,2025-02-06,PC2,3.6166641006020024,2.178575709627179
usdmxn,2025-02-07,PC2,3.4439242841558277,2.0745221515064642
usdmxn,2025-02-10,PC2,3.8071019751457387,2.2932900751677763
usdmxn,2025-02-11,PC2,4.16336292257257,2.5078915490020948
usdmxn,2025-02-12,PC2,3.841995326630325,2.3143088388287834
usdmxn,2025-02-13,PC2,3.5521315693776025,2.1397031461002447
usdmxn,2025-02-14,PC2,3.301850067180736,1.9889406793385858
usdmxn,2025-02-17,PC2,3.4113374333695314,2.0548927583415164
usdmxn,2025-02-18,PC2,3.2006713192606564,1.9279934759440305
usdmxn,2025-02-19,PC2,2.508239249735082,1.510892068328046
usdmxn,2025-02-20,PC2,2.9783012484662317,1.7940440625328784
usdmxn,2025-02-21,PC2,3.3165646532164654,1.997804327944859
usdmxn,2025-02-24,PC2,3.1837574219417575,1.9178050247002592
usdmxn,2025-02-25,PC2,2.7013852176729105,1.6272377123959434
usdmxn,2025-02-26,PC2,3.835175705715706,2.310200892926099
usdmxn,2025-02-27,PC2,3.2558443474217,1.9612281407165257
usdmxn,2025-02-28,PC2,2.9427476047816095,1.7726275576085853
usdmxn,2025-03-03,PC2,3.6926354010940994,2.2243386628008843
usdmxn,2025-03-04,PC2,2.4148386087392217,1.4546301755790567
usdmxn,2025-03-05,PC2,2.0777383240673366,1.2515705406595923
usdmxn,2025-03-06,PC2,2.6006080468645276,1.5665324076452072
usdmxn,2025-03-07,PC2,3.1829427039659905,1.9173142617367018
usdmxn,2025-03-10,PC2,3.2995262864827577,1.987540899861616
usdmxn,2025-03-11,PC2,2.910837456075297,1.753405790552421
usdmxn,2025-03-12,PC2,2.6975225297411902,1.6249109389196577
usdmxn,2025-03-13,PC2,1.9942420833211831,1.2012747772503019
usdmxn,2025-03-14,PC2,2.000127227291505,1.2048198207889782
usdmxn,2025-03-17,PC2,2.0589257711063147,1.2402383931952659
usdmxn,2025-03-18,PC2,2.344643280645996,1.4123465040908039
usdmxn,2025-03-19,PC2,2.095553733999556,1.2623020374908638
usdmxn,2025-03-20,PC2,2.287956981979734,1.37820028815595
usdmxn,2025-03-21,PC2,2.212011037251335,1.3324526085739734
usdmxn,2025-03-24,PC2,2.3151268209609106,1.394566627299533
usdmxn,2025-03-25,PC2,2.3164443355229656,1.3953602606428936
usdmxn,2025-03-26,PC2,1.4624741454848595,0.8809528783114662
usdmxn,2025-03-27,PC2,1.4332928229790567,0.8633748786361971
usdmxn,2025-03-28,PC2,2.0961273982060313,1.262647596511814
usdmxn,2025-03-31,PC2,1.9244016220937952,1.1592048674807383
usdmxn,2025-04-01,PC2,1.5055712880845478,0.9069133726815104
usdmxn,2025-04-02,PC2,1.8640287677777414,1.1228379751525503
usdmxn,2025-04-03,PC2,1.5220951138187722,0.9168668558840842
usdmxn,2025-04-04,PC2,2.381457142948051,1.4345221289091183
usdmxn,2025-04-07,PC2,2.4471629294881505,1.4741014281076208
usdmxn,2025-04-08,PC2,2.478487590296414,1.492970513886926
usdmxn,2025-04-09,PC2,1.6918589236895496,1.0191277521881343
usdmxn,2025-04-10,PC2,1.3947553745183372,0.8401610144806738
usdmxn,2025-04-11,PC2,1.8830039490409503,1.1342680852860623
usdmxn,2025-04-14,PC2,2.555160546040375,1.5391561242512697
usdmxn,2025-04-15,PC2,2.9159702254803723,1.7564976250269448
usdmxn,2025-04-16,PC2,2.8178548669352024,1.6973957203650525
usdmxn,2025-04-17,PC2,2.9974548772673417,1.805581664393767
usdmxn,2025-04-18,PC2,2.4823933166800134,1.4953232125039593
usdmxn,2025-04-21,PC2,2.529471132214349,1.523681551164257
usdmxn,2025-04-22,PC2,2.6657481351568224,1.6057709462899603
usdmxn,2025-04-23,PC2,2.76935257437346,1.6681793172109263
usdmxn,2025-04-24,PC2,3.0455513161105867,1.8345535927976298
usdmxn,2025-04-25,PC2,2.232044229427015,1.3445200344244872
usdmxn,2025-04-28,PC2,1.8322360499585764,1.10368694512675
usdmxn,2025-04-29,PC2,1.9021642318279568,1.145809695319024
usdmxn,2025-04-30,PC2,1.8866279854782122,1.1364511018818553
usdmxn,2025-05-01,PC2,1.8459007975796617,1.1119182008965425
usdmxn,2025-05-02,PC2,2.1560652229010717,1.2987524393549112
usdmxn,2025-05-05,PC2,1.9216983497095932,1.157576492992837
usdmxn,2025-05-06,PC2,1.8707898232569173,1.1269106429006897
usdmxn,2025-05-07,PC2,1.6363287168039442,0.9856779330989315
usdmxn,2025-05-08,PC2,1.9823923248971276,1.1941368194113915
usdmxn,2025-05-09,PC2,1.7914532773004523,1.0791205614613584
usdmxn,2025-05-12,PC2,1.7377070962312555,1.0467453888421798
usdmxn,2025-05-13,PC2,1.4729674707369838,0.8872737593420518
usdmxn,2025-05-14,PC2,1.065160467993472,0.6416224061392493
usdmxn,2025-05-15,PC2,1.3364618536209243,0.8050466535328022
usdmxn,2025-05-16,PC2,1.3028709217158299,0.7848124304264877
usdmxn,2025-05-19,PC2,1.501719461950726,0.9045931420437094
usdmxn,2025-05-20,PC2,0.950787111571985,0.5727271454245735
usdmxn,2025-05-21,PC2,0.9473913861414037,0.5706816568931956
usdmxn,2025-05-22,PC2,0.8534237546914957,0.5140782252021261
usdmxn,2025-05-23,PC2,0.7417758324127496,0.4468246885891096
usdmxn,2025-05-26,PC2,0.6032651717325866,0.3633898014974421
usdmxn,2025-05-27,PC2,0.6600863885467113,0.3976172882917248
usdmxn,2025-05-28,PC2,0.29908587668997044,0.18016083548949627
usdmxn,2025-05-29,PC2,1.0631676904873566,0.640422013581701
usdmxn,2025-05-30,PC2,0.5019404665447758,0.3023546775912556
usdmxn,2025-06-02,PC2,-0.05801005874871379,-0.03494361140227316
usdmxn,2025-06-03,PC2,-0.06864962927871053,-0.041352586433617056
usdmxn,2025-06-04,PC2,-0.15774668978111558,-0.09502212455229762
usdmxn,2025-06-05,PC2,-0.19938143275118664,-0.1201017109302722
usdmxn,2025-06-06,PC2,-0.14061732984263384,-0.08470388474749363
usdmxn,2025-06-09,PC2,0.12257268662362804,0.07383430429647504
usdmxn,2025-06-10,PC2,0.06780603388653421,0.040844428534786405
usdmxn,2025-06-11,PC2,0.23413626721972494,0.14103703587589775
usdmxn,2025-06-12,PC2,-0.01949479245171608,-0.011743109152010342
usdmxn,2025-06-13,PC2,0.4247092326228921,0.2558327763124656
usdmxn,2025-06-16,PC2,0.09303626372097341,0.05604240223006846
usdmxn,2025-06-17,PC2,0.28539769714374924,0.1719154649936713
usdmxn,2025-06-18,PC2,0.1525246509093227,0.09187651668705167
usdmxn,2025-06-19,PC2,0.2806773992608229,0.16907209164632722
usdmxn,2025-06-20,PC2,0.3953709412048012,0.23816022302371054
usdmxn,2025-06-23,PC2,0.8913537666793035,0.5369261868828228
usdmxn,2025-06-24,PC2,0.9582800827642071,0.5772406984055081
usdmxn,2025-06-25,PC2,0.6122233684997765,0.36878596473964426
usdmxn,2025-06-26,PC2,0.3394630317464396,0.20448288663470268
usdmxn,2025-06-27,PC2,0.34766621369994577,0.2094242504020998
usdmxn,2025-06-30,PC2,0.437871532901486,0.2637613720769964
usdmxn,2025-07-01,PC2,0.2885180767410452,0.1737950930172839
usdmxn,2025-07-02,PC2,0.12894798322738962,0.07767460185695674
usdmxn,2025-07-03,PC2,0.22763259162042004,0.1371194064555758
usdmxn,2025-07-04,PC2,0.1634186722017771,0.09843876562909523
usdmxn,2025-07-07,PC2,0.3428135328754142,0.2065011333315545
usdmxn,2025-07-08,PC2,0.5128602812200368,0.3089324637343465
usdmxn,2025-07-09,PC2,0.23266520322160586,0.14015090871438562
usdmxn,2025-07-10,PC2,0.08360041943070864,0.05035851768929139
usdmxn,2025-07-11,PC2,-0.004396134806767284,-0.002648106719302552
usdmxn,2025-07-14,PC2,0.022937402271949448,0.013816839507794996
usdmxn,2025-07-15,PC2,0.2621792771247936,0.15792934837841846
usdmxn,2025-07-16,PC2,0.08467856273271439,0.051007960585814735
usdmxn,2025-07-17,PC2,0.18798291017338417,0.11323556474614263
usdmxn,2025-07-18,PC2,0.19132615802922856,0.11524944227731655
usdmxn,2025-07-21,PC2,0.2508547066114912,0.15110774881706185
usdmxn,2025-07-22,PC2,0.044569216872657046,0.026847230092426778
usdmxn,2025-07-23,PC2,-0.17954859085385871,-0.1081549703957551
usdmxn,2025-07-24,PC2,-0.28567454166874334,-0.17208222827074324
usdmxn,2025-07-25,PC2,-0.5777120913675434,-0.3479973518142717
usdmxn,2025-07-28,PC2,-0.20192820035307912,-0.12163581138340107
usdmxn,2025-07-29,PC2,-0.32503967447626336,-0.1957946659633772
usdmxn,2025-07-30,PC2,-1.5761095953157176,-0.9494036450588804
usdmxn,2025-07-31,PC2,-1.3715829675589426,-0.8262026148253283
usdmxn,2025-08-01,PC2,-1.168366234580193,-0.7037906279937053
usdmxn,2025-08-04,PC2,-1.0333488385070069,-0.6224599842623192
usdmxn,2025-08-05,PC2,-0.8450925017695033,-0.5090597151216344
usdmxn,2025-08-06,PC2,-0.8932256684801305,-0.538053767349419
usdmxn,2025-08-07,PC2,-0.9334429573036801,-0.5622795196174999
usdmxn,2025-08-08,PC2,-0.9206925837468344,-0.5545990568078646
usdmxn,2025-08-11,PC2,-0.8354266271749143,-0.5032372668603848
usdmxn,2025-08-12,PC2,-0.6968562196520645,-0.41976638996801036
usdmxn,2025-08-13,PC2,-0.5677645006113315,-0.34200520574043874
usdmxn,2025-08-14,PC2,-0.7823877300798281,-0.4712881420142215
usdmxn,2025-08-15,PC2,-0.7683420436489661,-0.46282741952737994
usdmxn,2025-08-18,PC2,-0.6734133121533584,-0.40564504847234406
usdmxn,2025-08-19,PC2,-0.5642508494306855,-0.33988868208733414
usdmxn,2025-08-20,PC2,-0.5659161330695069,-0.3408918016428859
usdmxn,2025-08-21,PC2,-0.5643575868041583,-0.3399529776488485
usdmxn,2025-08-22,PC2,-0.8262785473281032,-0.4977267234453424
usdmxn,2025-08-25,PC2,-0.7323915963554425,-0.4411718913817426
usdmxn,2025-08-26,PC2,-0.6254248115279306,-0.3767381389845142
usdmxn,2025-08-27,PC2,-0.624049321527767,-0.37590958288424137
usdmxn,2025-08-28,PC2,-0.46909903971086564,-0.2825719350473859
usdmxn,2025-08-29,PC2,-0.7874751185571097,-0.4743526403070539
usdmxn,2025-09-01,PC2,-0.8105312345748037,-0.4882409896027856
usdmxn,2025-09-02,PC2,-0.4345673405094917,-0.2617710204477295
usdmxn,2025-09-03,PC2,-0.2817021286289431,-0.16968935950649316
usdmxn,2025-09-04,PC2,-0.3215447072055747,-0.19368939696684612
usdmxn,2025-09-05,PC2,-0.26821624635884606,-0.16156584714281116
usdmxn,2025-09-08,PC2,-0.17685732349669425,-0.10653382739509461
usdmxn,2025-09-09,PC2,-0.44660240079207897,-0.26902059886204205
usdmxn,2025-09-10,PC2,-0.23384217689475673,-0.1408598842188456
usdmxn,2025-09-11,PC2,-0.4111384404399248,-0.24765811662944434
usdmxn,2025-09-12,PC2,-0.4543285470326164,-0.2736746098678915
usdmxn,2025-09-15,PC2,-0.45830164137922574,-0.27606788903200835
usdmxn,2025-09-16,PC2,-1.0935710758747275,-0.6587361492196565
usdmxn,2025-09-17,PC2,-0.20400280370624693,-0.12288549350665111
usdmxn,2025-09-18,PC2,0.015074475340428587,0.00908043569945311
usdmxn,2025-09-19,PC2,-0.22502877715503017,-0.13555094259249806
usdmxn,2025-09-22,PC2,-0.06402912570892258,-0.03856932634548497
usdmxn,2025-09-23,PC2,-0.0013312773830273282,-8.019236757296105e-4
usdmxn,2025-09-24,PC2,0.06358802201455097,0.038303618011162666
usdmxn,2025-09-25,PC2,-0.47220171845653175,-0.28444090058083416
usdmxn,2025-09-26,PC2,-1.1053536379312388,-0.6658336298757168
usdmxn,2025-09-29,PC2,-0.9534763453863685,-0.5743470634768301
usdmxn,2025-09-30,PC2,-0.622941829440649,-0.375242461113326
usdmxn,2025-10-01,PC2,-0.6659451883477929,-0.40114646285125044
usdmxn,2025-10-02,PC2,-0.6090020889389817,-0.3668455574444496
usdmxn,2025-10-03,PC2,-0.3927184287522072,-0.2365624248765855
usdmxn,2025-10-06,PC2,-0.3705158857106599,-0.22318824369282125
usdmxn,2025-10-07,PC2,-0.31305218827834175,-0.1885737448261513
usdmxn,2025-10-08,PC2,-0.4640093967197331,-0.27950607869945754
usdmxn,2025-10-09,PC2,-0.5829789932532463,-0.35116998388460197
usdmxn,2025-10-10,PC2,-1.0306431106143958,-0.6208301306459101
usdmxn,2025-10-13,PC2,-0.7495087108493325,-0.4514827548786012
usdmxn,2025-10-14,PC2,-0.6239712489871654,-0.37586255420371906
usdmxn,2025-10-15,PC2,-0.3775508489762338,-0.22742590571013377
usdmxn,2025-10-16,PC2,-0.7738262806077211,-0.4661309680715188
usdmxn,2025-10-17,PC2,-0.08963987075294239,-0.053996511593091726
usdmxn,2025-10-20,PC2,-0.11448912115782477,-0.06896499410312328
usdmxn,2025-10-21,PC2,-0.772404919962958,-0.4652747807980628
usdmxn,2025-10-22,PC2,-0.9698656684295397,-0.5842195260793545
usdmxn,2025-10-23,PC2,-1.035767441970616,-0.6239168822795175
usdmxn,2025-10-24,PC2,-1.0028204280280195,-0.6040705370609661
usdmxn,2025-10-27,PC2,-0.8292432753353627,-0.4995125913729699
usdmxn,2025-10-28,PC2,-0.690180066688734,-0.41574486508344993
usdmxn,2025-10-29,PC2,-0.8161028446182081,-0.49159716921096525
usdmxn,2025-10-30,PC2,-0.6218360040160636,-0.37457634329257267
usdmxn,2025-10-31,PC2,-0.4964967653660021,-0.2990755466494074
usdmxn,2025-11-03,PC2,-0.3723509224308205,-0.22429361768211445
usdmxn,2025-11-04,PC2,-0.7615637960539607,-0.4587443957370701
usdmxn,2025-11-05,PC2,-0.9001977145938193,-0.5422535298618277
usdmxn,2025-11-06,PC2,-0.8655906924074753,-0.5214072428358504
usdmxn,2025-11-07,PC2,-0.9376203114185806,-0.5647958390632893
usdmxn,2025-11-10,PC2,-0.696370266773623,-0.4194736657593066
usdmxn,2025-11-11,PC2,-0.8227469751970772,-0.4955994047208391
usdmxn,2025-11-12,PC2,-0.8273325325460094,-0.49836161419830294
usdmxn,2025-11-13,PC2,-0.8498290132417216,-0.5119128550745616
usdmxn,2025-11-14,PC2,-0.8854062914060831,-0.533343596738026
usdmxn,2025-11-17,PC2,-0.5519909680259555,-0.3325036778159093
usdmxn,2025-11-18,PC2,-0.5299010744067085,-0.3191973534439198
usdmxn,2025-11-19,PC2,-0.5720455379290924,-0.34458398100213056
usdmxn,2025-11-20,PC2,-0.9946063410794508,-0.5991226044343396
usdmxn,2025-11-21,PC2,-1.0138545207721597,-0.6107171610662632
usdmxn,2025-11-24,PC2,-1.163411791318586,-0.700806212122
usdmxn,2025-11-25,PC2,-0.9733732952997695,-0.5863324208590068
usdmxn,2025-11-26,PC2,-1.0600463161281528,-0.638541786341772
usdmxn,2025-11-27,PC2,-1.1650100829165848,-0.7017689775753143
usdmxn,2025-11-28,PC2,-1.1555917018723205,-0.6960956123978205
usdmxn,2025-12-01,PC2,-1.3855340608978304,-0.8346063571208274
usdmxn,2025-12-02,PC2,-1.5813498090111209,-0.9525602009215498
usdmxn,2025-12-03,PC2,-1.6815447700051758,-1.0129147990199348
usdmxn,2025-12-04,PC2,-1.928256158594595,-1.1615267307666057
usdmxn,2025-12-05,PC2,-2.01728202814088,-1.2151533854757595
usdmxn,2025-12-08,PC2,-1.7076157294792411,-1.0286192043661264
usdmxn,2025-12-09,PC2,-1.9445781608807815,-1.1713586412576151
usdmxn,2025-12-10,PC2,-1.8289463738063985,-1.1017053376679615
usdmxn,2025-12-11,PC2,-2.0539496748631705,-1.237240934182612
usdmxn,2025-12-12,PC2,-2.1938611902871137,-1.3215196563755287
usdmxn,2025-12-15,PC2,-2.3298339781279456,-1.4034258009663463
usdmxn,2025-12-16,PC2,-1.9060838974479846,-1.1481707905360836
usdmxn,2025-12-17,PC2,-1.902559587463281,-1.146047846322217
usdmxn,2025-12-18,PC2,-1.545616977653034,-0.9310357584332428
usdmxn,2025-12-19,PC2,-2.1785795347182617,-1.3123144211921873
usdmxn,2025-12-22,PC2,-2.1082900224532857,-1.2699740158345183
usdmxn,2025-12-23,PC2,-2.170599323958431,-1.3075073689375478
usdmxn,2025-12-24,PC2,-2.2234498320514233,-1.3393430136007285
usdmxn,2025-12-25,PC2,-1.9944088811544143,-1.2013752515265346
usdmxn,2025-12-26,PC2,-2.3502356106347024,-1.4157151648054052
usdmxn,2025-12-29,PC2,-2.4160560858252143,-1.455363549188765
usdmxn,2025-12-30,PC2,-2.3694879365709673,-1.4273122190166576
usdmxn,2025-12-31,PC2,-2.38956675613637,-1.439407129510527
usdmxn,2026-01-01,PC2,-2.3169171487721845,-1.3956450699122303
usdmxn,2026-01-02,PC2,-2.788141740115431,-1.6794973768788934
usdmxn,2026-01-05,PC2,-1.9869218244017588,-1.1968652612359736
usdmxn,2026-01-06,PC2,-2.092191088639783,-1.2602764754543778
usdmxn,2026-01-07,PC2,-2.198317863659576,-1.3242042298069883
usdmxn,2026-01-08,PC2,-2.2449837353055804,-1.3523144251717283
usdmxn,2026-01-09,PC2,-2.08197107283378,-1.2541202282697808
usdmxn,2026-01-12,PC2,-1.660637956339206,-1.000321128402085
usdmxn,2026-01-13,PC2,-1.4792242991062128,-0.8910426950035717
usdmxn,2026-01-14,PC2,-2.0219091039583725,-1.2179406044992
usdmxn,2026-01-15,PC2,-2.258983917211611,-1.3607477370255339
usdmxn,2026-01-16,PC2,-2.3787506580213824,-1.4328918192768967
usdmxn,2026-01-19,PC2,-2.3402341236333974,-1.409690553164648
usdmxn,2026-01-20,PC2,-2.3993658265412208,-1.4453098111439644
usdmxn,2026-01-21,PC2,-2.1803865954123114,-1.3134029432181127
usdmxn,2026-01-22,PC2,-2.33459830910158,-1.4062956985966117
usdmxn,2026-01-23,PC2,-2.711160474773945,-1.6331260495716629
usdmxn,2026-01-26,PC2,-2.7740148101820483,-1.6709877156141522
usdmxn,2026-01-27,PC2,-3.098722881202435,-1.8665826330761202
usdmxn,2026-01-28,PC2,-2.379324988238868,-1.433237779483959
usdmxn,2026-01-29,PC2,-2.1381638424284994,-1.2879691563124362
usdmxn,2026-01-30,PC2,-2.186848035257712,-1.317295131020144
usdmxn,2026-02-02,PC2,-1.1853596749917603,-0.7140269937367875
usdmxn,2026-02-03,PC2,-1.3405502073588802,-0.8075093616798986
usdmxn,2026-02-04,PC2,-1.0381965768672563,-0.6253801241327898
usdmxn,2026-02-05,PC2,-1.2317285624940946,-0.7419582942903019
usdmxn,2026-02-06,PC2,-1.069854205672294,-0.6444497803741777
usdmxn,2026-02-09,PC2,-0.6299787705996837,-0.37948131455747
usdmxn,2026-02-10,PC2,-0.9963768949045451,-0.6001891357595174
usdmxn,2026-02-11,PC2,-1.0449723629564405,-0.6294616651819209
usdmxn,2026-02-12,PC2,-0.6482981815875593,-0.3905164073066749
usdmxn,2026-02-13,PC2,-0.7186375718072892,-0.43288685772732194
usdmxn,2026-02-16,PC2,-0.7323430534807057,-0.44114265053303914
usdmxn,2026-02-17,PC2,-0.6747375210769858,-0.406442714308938
usdmxn,2026-02-18,PC2,-0.8382332711212633,-0.504927909440676
usdmxn,2026-02-19,PC2,-0.9520106863169657,-0.5734641920908299
usdmxn,2026-02-20,PC2,-0.9246963931663797,-0.557010837859344
usdmxn,2026-02-23,PC2,-0.8252994770635433,-0.4971369593320444
usdmxn,2026-02-24,PC2,-0.6175550094229327,-0.3719975937669842
usdmxn,2026-02-25,PC2,-1.2998110371698082,-0.7829692429031765
usdmxn,2026-02-26,PC2,-1.4215857571754718,-0.8563228747781495
usdmxn,2026-02-27,PC2,-1.355545733674808,-0.816542240729827
usdmxn,2026-03-02,PC2,-1.3959818090771678,-0.8408997838175499
usdmxn,2026-03-03,PC2,-0.7109557680871582,-0.42825955739605387
usdmxn,2026-03-04,PC2,-0.544668207069143,-0.328092654645341
usdmxn,2026-03-05,PC2,-0.6333473505233499,-0.3815104514066497
usdmxn,2026-03-06,PC2,-1.2466268049305254,-0.7509325722949257
usdmxn,2026-03-09,PC2,-1.0338224496718085,-0.6227452741733378
usdmxn,2026-03-10,PC2,-0.23772193580046916,-0.14319694076490083
usdmxn,2026-03-11,PC2,-1.7335249001739155,-1.044226152747815
usdmxn,2026-03-12,PC2,-2.3374187375382127,-1.4079946445622509
usdmxn,2026-03-13,PC2,-1.50816679534962,-0.9084768325231074
usdmxn,2026-03-16,PC2,-1.0274446163545654,-0.6189034485687195
usdmxn,2026-03-17,PC2,-1.451311551030576,-0.874228848526537
usdmxn,2026-03-18,PC2,-0.8786030661176162,-0.5292455270947577
usdmxn,2026-03-19,PC2,-1.3381506263749807,-0.8060639222640744
usdmxn,2026-03-20,PC2,-0.9283090997062378,-0.5591870296468081
usdmxn,2026-03-23,PC2,-1.107693088723886,-0.6672428485725488
usdmxn,2026-03-24,PC2,-1.5964380679949213,-0.9616489394961938
usdmxn,2026-03-25,PC2,-0.6512674220663364,-0.39230499341895136
usdmxn,2026-03-26,PC2,-1.3266883847625317,-0.7991593935436431
usdmxn,2026-03-27,PC2,-1.491066535883489,-0.898176122016142
usdmxn,2025-02-04,PC3,0.30839123508597505,0.31441592915488614
usdmxn,2025-02-05,PC3,0.17195060211163976,0.17530980838868918
usdmxn,2025-02-06,PC3,0.5211290377761584,0.5313097519658851
usdmxn,2025-02-07,PC3,0.9180638238803297,0.9359990082997931
usdmxn,2025-02-10,PC3,0.9211203418140065,0.9391152380001205
usdmxn,2025-02-11,PC3,0.5023242205451862,0.5121375660877243
usdmxn,2025-02-12,PC3,1.1743489631097865,1.1972909031779149
usdmxn,2025-02-13,PC3,1.2840398463505216,1.309124694317734
usdmxn,2025-02-14,PC3,1.1306727840992514,1.1527614715885117
usdmxn,2025-02-17,PC3,0.9435289122905746,0.9619615796137486
usdmxn,2025-02-18,PC3,0.7323145858991839,0.74662099555124
usdmxn,2025-02-19,PC3,1.4941999196686586,1.5233904295457774
usdmxn,2025-02-20,PC3,0.8743390423753021,0.891420024723412
usdmxn,2025-02-21,PC3,0.416496950233928,0.4246335845487595
usdmxn,2025-02-24,PC3,0.26104323688084763,0.2661429461528281
usdmxn,2025-02-25,PC3,0.8128223729767792,0.8287015730720274
usdmxn,2025-02-26,PC3,-0.6969521743512141,-0.7105677481853954
usdmxn,2025-02-27,PC3,-0.2489532886923578,-0.253816810190957
usdmxn,2025-02-28,PC3,0.07880807909500091,0.0803476642475225
usdmxn,2025-03-03,PC3,-0.8253164210626402,-0.8414397033782473
usdmxn,2025-03-04,PC3,0.6340889309760632,0.6464764160501716
usdmxn,2025-03-05,PC3,0.851725575332813,0.8683647837092002
usdmxn,2025-03-06,PC3,0.5155206004277795,0.5255917488601681
usdmxn,2025-03-07,PC3,-0.11643459079826615,-0.11870924295691916
usdmxn,2025-03-10,PC3,-0.29743527230857253,-0.303245932006674
usdmxn,2025-03-11,PC3,0.18117588983488414,0.18471532022308484
usdmxn,2025-03-12,PC3,-0.006560330787428584,-0.006688492620477375
usdmxn,2025-03-13,PC3,0.9051459771359992,0.9228288000554934
usdmxn,2025-03-14,PC3,0.319865066426534,0.3261139118842026
usdmxn,2025-03-17,PC3,0.42620625006325985,0.4345325640915201
usdmxn,2025-03-18,PC3,-0.2974659512287974,-0.30327721026659366
usdmxn,2025-03-19,PC3,0.3906984108022481,0.39833104795432867
usdmxn,2025-03-20,PC3,0.34195770743969783,0.34863815207443594
usdmxn,2025-03-21,PC3,0.21229971301437645,0.21644717466798916
usdmxn,2025-03-24,PC3,0.23115514270051463,0.2356709617601514
usdmxn,2025-03-25,PC3,-0.1000746101386394,-0.10202965568324561
usdmxn,2025-03-26,PC3,0.0436310858911734,0.044483457536287394
usdmxn,2025-03-27,PC3,-0.2696524424855695,-0.27492034016254696
usdmxn,2025-03-28,PC3,-1.4175392992572717,-1.44523217647637
usdmxn,2025-03-31,PC3,-0.843262738636722,-0.8597366180534988
usdmxn,2025-04-01,PC3,-0.16553678880294176,-0.16877069559477764
usdmxn,2025-04-02,PC3,-0.8121972362945691,-0.8280642237947962
usdmxn,2025-04-03,PC3,0.5109025282662402,0.520883458596439
usdmxn,2025-04-04,PC3,-0.2288037380778364,-0.2332736203796385
usdmxn,2025-04-07,PC3,0.012783079145625802,0.013032807842000393
usdmxn,2025-04-08,PC3,0.45137550200730403,0.46019351951366055
usdmxn,2025-04-09,PC3,0.6912513401974755,0.7047555432214466
usdmxn,2025-04-10,PC3,2.0148082470325797,2.0541692985634525
usdmxn,2025-04-11,PC3,1.5172906659796541,1.546932273898868
usdmxn,2025-04-14,PC3,0.9140107849248956,0.9318667896629098
usdmxn,2025-04-15,PC3,0.5769740614628847,0.5882457573171512
usdmxn,2025-04-16,PC3,1.3608738454465217,1.3874597131768776
usdmxn,2025-04-17,PC3,0.6340038039729591,0.6463896260161757
usdmxn,2025-04-18,PC3,0.756437028292695,0.7712146910774003
usdmxn,2025-04-21,PC3,0.8478720873518115,0.8644360144505798
usdmxn,2025-04-22,PC3,0.8114491254708642,0.8273014979680399
usdmxn,2025-04-23,PC3,0.1249454096741297,0.1273863281664848
usdmxn,2025-04-24,PC3,-0.6733258362236966,-0.6864798487584873
usdmxn,2025-04-25,PC3,-0.1766077198331484,-0.18005790700174795
usdmxn,2025-04-28,PC3,0.5810424998546341,0.5923936762318852
usdmxn,2025-04-29,PC3,0.3455335383190061,0.35228383995562684
usdmxn,2025-04-30,PC3,0.40698814427415825,0.41493901569967717
usdmxn,2025-05-01,PC3,0.18456920022172857,0.18817492191342852
usdmxn,2025-05-02,PC3,-0.41851103739133444,-0.42668701867057457
usdmxn,2025-05-05,PC3,0.3715012429579144,0.3787588465484238
usdmxn,2025-05-06,PC3,0.4352988347918458,0.44380278046151794
usdmxn,2025-05-07,PC3,0.23141445137577818,0.23593533625849986
usdmxn,2025-05-08,PC3,0.019689379551822657,0.020074028902098858
usdmxn,2025-05-09,PC3,-0.4376693137760962,-0.446219568838032
usdmxn,2025-05-12,PC3,-1.0120411630264992,-1.0318122774379659
usdmxn,2025-05-13,PC3,-1.1239149279171146,-1.1458715947409748
usdmxn,2025-05-14,PC3,-0.8480757112637797,-0.864643616334794
usdmxn,2025-05-15,PC3,-1.0237246984088442,-1.043724060962001
usdmxn,2025-05-16,PC3,-1.0175799165489154,-1.0374592353828793
usdmxn,2025-05-19,PC3,-0.9428355515799787,-0.9612546734917203
usdmxn,2025-05-20,PC3,-0.003223359445981828,-0.003286330608344624
usdmxn,2025-05-21,PC3,0.014504470083785415,0.014787827666443088
usdmxn,2025-05-22,PC3,0.25118156683339354,0.2560886197056943
usdmxn,2025-05-23,PC3,0.3189084490181797,0.3251386061132406
usdmxn,2025-05-26,PC3,0.5371118464729278,0.5476047988906091
usdmxn,2025-05-27,PC3,0.7349868319540274,0.7493454462835374
usdmxn,2025-05-28,PC3,1.0144704978908754,1.0342890714960034
usdmxn,2025-05-29,PC3,-0.5651934246087109,-0.576234975358613
usdmxn,2025-05-30,PC3,-0.4020919661108892,-0.4099471863888229
usdmxn,2025-06-02,PC3,0.3258217795482827,0.33218699463690005
usdmxn,2025-06-03,PC3,0.22505284632145256,0.22944945165313946
usdmxn,2025-06-04,PC3,0.07828765054047918,0.07981706866336762
usdmxn,2025-06-05,PC3,0.26977942114592907,0.2750497994627417
usdmxn,2025-06-06,PC3,0.14504053807559888,0.14787403257894394
usdmxn,2025-06-09,PC3,0.3267785727803598,0.333162479666456
usdmxn,2025-06-10,PC3,0.2795164327629355,0.2849770321673271
usdmxn,2025-06-11,PC3,-0.26135674730105973,-0.26646258127489186
usdmxn,2025-06-12,PC3,0.13120176650248247,0.1337649084291912
usdmxn,2025-06-13,PC3,-0.43326857678844843,-0.441732859582006
usdmxn,2025-06-16,PC3,0.32914307919385744,0.3355731787927955
usdmxn,2025-06-17,PC3,-0.19239652967112922,-0.19615516512931622
usdmxn,2025-06-18,PC3,0.21717215202196039,0.22141480105786668
usdmxn,2025-06-19,PC3,-0.32618713157338247,-0.33255948413520797
usdmxn,2025-06-20,PC3,-0.17010567120979944,-0.17342883513869525
usdmxn,2025-06-23,PC3,-0.5261827450709374,-0.5364621878784077
usdmxn,2025-06-24,PC3,-1.0780387843834638,-1.0990992203861898
usdmxn,2025-06-25,PC3,-0.5229434119856782,-0.5331595715716894
usdmxn,2025-06-26,PC3,-0.24402652664185934,-0.24879379950973368
usdmxn,2025-06-27,PC3,-0.17477383576156594,-0.17818819639156086
usdmxn,2025-06-30,PC3,-0.14919432256000117,-0.15210896489732764
usdmxn,2025-07-01,PC3,-0.2480616537266705,-0.2529077563518445
usdmxn,2025-07-02,PC3,-0.06773379184482198,-0.06905703105386829
usdmxn,2025-07-03,PC3,-0.18330091115484282,-0.18688185570390634
usdmxn,2025-07-04,PC3,-0.2913239952869428,-0.29701526581234156
usdmxn,2025-07-07,PC3,-0.2801472329034192,-0.2856201555434675
usdmxn,2025-07-08,PC3,-0.5394941334525903,-0.5500336259421131
usdmxn,2025-07-09,PC3,-0.03746592917315586,-0.038197859058298284
usdmxn,2025-07-10,PC3,0.15219210908359027,0.15516531581780735
usdmxn,2025-07-11,PC3,0.26404059093051774,0.2691988561506283
usdmxn,2025-07-14,PC3,0.6095117775195328,0.6214191262803669
usdmxn,2025-07-15,PC3,0.1244283637220723,0.12685918126690907
usdmxn,2025-07-16,PC3,0.08749371846764083,0.08920298522605645
usdmxn,2025-07-17,PC3,0.13894678943359093,0.1416612371965489
usdmxn,2025-07-18,PC3,-0.13696225089767367,-0.1396379289545336
usdmxn,2025-07-21,PC3,0.23452261878314054,0.23910422445041724
usdmxn,2025-07-22,PC3,-0.2721914076243315,-0.2775089062188202
usdmxn,2025-07-23,PC3,-0.02592922584584962,-0.026435776082665074
usdmxn,2025-07-24,PC3,-0.09714909713368147,-0.09904699020816454
usdmxn,2025-07-25,PC3,0.012141659918320124,0.012378857925833353
usdmxn,2025-07-28,PC3,-0.8350705908647118,-0.8513844294681371
usdmxn,2025-07-29,PC3,-0.7771699806388902,-0.7923526798864368
usdmxn,2025-07-30,PC3,1.2824889431202404,1.307543492828521
usdmxn,2025-07-31,PC3,1.064598867806182,1.0853967432154896
usdmxn,2025-08-01,PC3,0.35322532771047105,0.3601258952193146
usdmxn,2025-08-04,PC3,0.4897178127196703,0.49928488099549084
usdmxn,2025-08-05,PC3,0.015982424455677307,0.016294655177145085
usdmxn,2025-08-06,PC3,7.271987230104386e-4,7.414051897815472e-4
usdmxn,2025-08-07,PC3,0.09068550077330526,0.0924571218068702
usdmxn,2025-08-08,PC3,0.11501844576658758,0.11726543228626718
usdmxn,2025-08-11,PC3,0.19978374205269797,0.20368669320328536
usdmxn,2025-08-12,PC3,0.14119350027961639,0.14395183951538107
usdmxn,2025-08-13,PC3,-0.19848222853652484,-0.2023597534756314
usdmxn,2025-08-14,PC3,0.2962860759772306,0.3020742851140543
usdmxn,2025-08-15,PC3,0.1113538390015167,0.1135292342042892
usdmxn,2025-08-18,PC3,0.24983353187908486,0.25471424970268797
usdmxn,2025-08-19,PC3,0.34110257284385026,0.3477663116719973
usdmxn,2025-08-20,PC3,0.26725967115786553,0.27248082394203943
usdmxn,2025-08-21,PC3,0.2652995272713257,0.27048238692033916
usdmxn,2025-08-22,PC3,0.5484829946118549,0.5591980924116194
usdmxn,2025-08-25,PC3,0.7152592173101566,0.7292324353332329
usdmxn,2025-08-26,PC3,0.6175576624778837,0.6296221946793373
usdmxn,2025-08-27,PC3,0.5183315663812005,0.5284576295062936
usdmxn,2025-08-28,PC3,0.17094990080122313,0.1742895574978575
usdmxn,2025-08-29,PC3,-0.012541220919996765,-0.012786224703169206
usdmxn,2025-09-01,PC3,0.07374895664063956,0.0751897073855095
usdmxn,2025-09-02,PC3,-0.6902286579838857,-0.7037128820111596
usdmxn,2025-09-03,PC3,-0.9001980254694172,-0.9177841858003939
usdmxn,2025-09-04,PC3,-0.9194678605312693,-0.9374304740418367
usdmxn,2025-09-05,PC3,-0.7380654831867517,-0.7524842416763778
usdmxn,2025-09-08,PC3,-0.721195290723978,-0.73528447516315
usdmxn,2025-09-09,PC3,-0.020727930742022935,-0.021132869103410282
usdmxn,2025-09-10,PC3,-0.5919057542586763,-0.603469153867104
usdmxn,2025-09-11,PC3,-0.6019037290471478,-0.6136624478882782
usdmxn,2025-09-12,PC3,-0.7090434994402259,-0.7228952879467494
usdmxn,2025-09-15,PC3,-0.5379109023654853,-0.5484194650429546
usdmxn,2025-09-16,PC3,0.2826794491476267,0.2882018408595961
usdmxn,2025-09-17,PC3,-0.8567268720500095,-0.8734637851574016
usdmxn,2025-09-18,PC3,-1.106007320372052,-1.1276141463292122
usdmxn,2025-09-19,PC3,-0.79459126387016,-0.8101143032111173
usdmxn,2025-09-22,PC3,-0.9924111506617023,-1.0117987755131175
usdmxn,2025-09-23,PC3,-0.9768625539837649,-0.9959464233209895
usdmxn,2025-09-24,PC3,-1.3110548102868222,-1.3366674193395691
usdmxn,2025-09-25,PC3,-0.570294537255729,-0.581435742728635
usdmxn,2025-09-26,PC3,-0.04299971492268296,-0.043839752180508985
usdmxn,2025-09-29,PC3,0.1306172458917796,0.13316896869415595
usdmxn,2025-09-30,PC3,-0.43043740117201895,-0.4388463744593268
usdmxn,2025-10-01,PC3,-0.405912257709023,-0.4138421107440335
usdmxn,2025-10-02,PC3,-0.6117081478158013,-0.6236584046025161
usdmxn,2025-10-03,PC3,-1.10855525390824,-1.1302118559884446
usdmxn,2025-10-06,PC3,-0.8525314501141968,-0.8691864019633637
usdmxn,2025-10-07,PC3,-0.8983762468270957,-0.9159268171096775
usdmxn,2025-10-08,PC3,-0.8402435898775075,-0.8566584875673305
usdmxn,2025-10-09,PC3,-0.7107913520420398,-0.7246772863867241
usdmxn,2025-10-10,PC3,0.06386291693989285,0.06511053520246804
usdmxn,2025-10-13,PC3,0.0761307875233568,0.07761806942981521
usdmxn,2025-10-14,PC3,-0.13417493615637993,-0.1367961615677703
usdmxn,2025-10-15,PC3,-0.4017420443496453,-0.4095904285981472
usdmxn,2025-10-16,PC3,0.2312134627573796,0.23573042115063136
usdmxn,2025-10-17,PC3,-1.3308719877223734,-1.3568717427694776
usdmxn,2025-10-20,PC3,-1.1264458152197059,-1.1484519251534415
usdmxn,2025-10-21,PC3,0.029215823302288026,0.029786580111633983
usdmxn,2025-10-22,PC3,0.08530267092253044,0.08696913363968968
usdmxn,2025-10-23,PC3,0.013118834770641944,0.013375122748515161
usdmxn,2025-10-24,PC3,-0.06773831952913507,-0.06906164719047744
usdmxn,2025-10-27,PC3,-0.36417358928166593,-0.3712880407114771
usdmxn,2025-10-28,PC3,-0.861083702104564,-0.8779057297197714
usdmxn,2025-10-29,PC3,-0.9014829450957808,-0.9190942074620011
usdmxn,2025-10-30,PC3,-1.2406318286257565,-1.2648686627807177
usdmxn,2025-10-31,PC3,-1.4948827909977425,-1.5240866413669945
usdmxn,2025-11-03,PC3,-1.3957903374055145,-1.4230583295222956
usdmxn,2025-11-04,PC3,-1.0441305351431163,-1.0645285436678744
usdmxn,2025-11-05,PC3,-0.6480431474883859,-0.6607032404575727
usdmxn,2025-11-06,PC3,-0.5446277241042206,-0.5552675058031383
usdmxn,2025-11-07,PC3,-0.6587559951167219,-0.6716253729884112
usdmxn,2025-11-10,PC3,-0.6094229331066927,-0.6213285462137637
usdmxn,2025-11-11,PC3,-0.711670501674916,-0.7255736109810657
usdmxn,2025-11-12,PC3,-0.8376402685744827,-0.8540043080925116
usdmxn,2025-11-13,PC3,-0.7727720364143572,-0.7878688179526098
usdmxn,2025-11-14,PC3,-0.8752141528012948,-0.8923122312014082
usdmxn,2025-11-17,PC3,-1.3496329805989369,-1.3759992481459142
usdmxn,2025-11-18,PC3,-1.2713385016667291,-1.2961752176921797
usdmxn,2025-11-19,PC3,-1.2175418043623503,-1.2413275545810512
usdmxn,2025-11-20,PC3,-0.3385744985418125,-0.34518884921452236
usdmxn,2025-11-21,PC3,-0.7373824924147673,-0.7517879080788362
usdmxn,2025-11-24,PC3,0.11916555280438883,0.12149355670825839
usdmxn,2025-11-25,PC3,-0.3702792712348295,-0.3775130025327589
usdmxn,2025-11-26,PC3,-0.1678683646584357,-0.17114782083569394
usdmxn,2025-11-27,PC3,-0.2317677787008275,-0.2362955661436637
usdmxn,2025-11-28,PC3,-0.28070687434902053,-0.2861907300770248
usdmxn,2025-12-01,PC3,0.027693167589638034,0.028234177980158447
usdmxn,2025-12-02,PC3,0.07197792821319667,0.07338408035976432
usdmxn,2025-12-03,PC3,0.27058123105768195,0.27586727343647216
usdmxn,2025-12-04,PC3,0.42250187212485246,0.4307558178713478
usdmxn,2025-12-05,PC3,0.4749727246635194,0.4842517346729217
usdmxn,2025-12-08,PC3,0.36944401007779204,0.3766614238142422
usdmxn,2025-12-09,PC3,0.28637020522285306,0.29196469910150696
usdmxn,2025-12-10,PC3,0.36629407236683537,0.3734499492991045
usdmxn,2025-12-11,PC3,0.5451984126912519,0.5558493432937536
usdmxn,2025-12-12,PC3,0.5839092880466882,0.5953164696531822
usdmxn,2025-12-15,PC3,0.8836915442837106,0.9009552359839891
usdmxn,2025-12-16,PC3,0.6780088518186361,0.6912543511827209
usdmxn,2025-12-17,PC3,0.6476200311565319,0.6602718581759629
usdmxn,2025-12-18,PC3,0.4368036955118583,0.4453370399595206
usdmxn,2025-12-19,PC3,1.7588562435006234,1.7932170474817413
usdmxn,2025-12-22,PC3,1.8128379385111413,1.8482533223919404
usdmxn,2025-12-23,PC3,1.6067852312041209,1.6381751941832872
usdmxn,2025-12-24,PC3,1.6507613798806775,1.6830104556100205
usdmxn,2025-12-25,PC3,1.2515868375610624,1.2760376874526884
usdmxn,2025-12-26,PC3,1.6544359603946157,1.6867568222868239
usdmxn,2025-12-29,PC3,1.5620989968532182,1.5926159749338973
usdmxn,2025-12-30,PC3,1.3799153695102473,1.4068732301640006
usdmxn,2025-12-31,PC3,1.3407421604634513,1.366934738017837
usdmxn,2026-01-01,PC3,0.9120419850032168,0.9298595275028093
usdmxn,2026-01-02,PC3,1.3325471336301695,1.3585796141262088
usdmxn,2026-01-05,PC3,0.10667425798769559,0.10875823345873968
usdmxn,2026-01-06,PC3,-0.031140003528200892,-0.03174835089095775
usdmxn,2026-01-07,PC3,-0.056008476794889656,-0.05710265165968592
usdmxn,2026-01-08,PC3,0.027126566494857774,0.027656507834553156
usdmxn,2026-01-09,PC3,0.03086469325363131,0.031467662187986245
usdmxn,2026-01-12,PC3,-0.3406308002944574,-0.3472853226308321
usdmxn,2026-01-13,PC3,-0.865938668498875,-0.8828555421535051
usdmxn,2026-01-14,PC3,-0.0593712538484084,-0.06053112352117725
usdmxn,2026-01-15,PC3,0.12519959406079442,0.1276454782687488
usdmxn,2026-01-16,PC3,0.31501651374237094,0.32117063845808674
usdmxn,2026-01-19,PC3,0.31951348864104817,0.32575546571739455
usdmxn,2026-01-20,PC3,0.1297157446641437,0.13224985584698834
usdmxn,2026-01-21,PC3,-0.2100935188744224,-0.21419788058472197
usdmxn,2026-01-22,PC3,-0.2514303178600984,-0.25634223030252984
usdmxn,2026-01-23,PC3,0.3032463279886447,0.3091705117714391
usdmxn,2026-01-26,PC3,0.4241296647461414,0.43241541085346136
usdmxn,2026-01-27,PC3,0.8933136318059265,0.9107652994504937
usdmxn,2026-01-28,PC3,-0.2329565864482246,-0.23750759829619938
usdmxn,2026-01-29,PC3,-0.38676992367861446,-0.394325814378846
usdmxn,2026-01-30,PC3,-0.1743490526647715,-0.1777551147832892
usdmxn,2026-02-02,PC3,-1.2783027685595676,-1.3032755376652294
usdmxn,2026-02-03,PC3,-1.5468612329494877,-1.5770805279076578
usdmxn,2026-02-04,PC3,-2.4677453194294956,-2.5159548951179955
usdmxn,2026-02-05,PC3,-1.9024168044308547,-1.9395821902598454
usdmxn,2026-02-06,PC3,-2.206525578726506,-2.2496319969855905
usdmxn,2026-02-09,PC3,-2.529007369185655,-2.578413752908314
usdmxn,2026-02-10,PC3,-2.0143162859971677,-2.0536677266364345
usdmxn,2026-02-11,PC3,-1.9539068126604549,-1.9920781010959268
usdmxn,2026-02-12,PC3,-2.255008250801856,-2.2990618207100977
usdmxn,2026-02-13,PC3,-2.112826442950213,-2.1541023661648584
usdmxn,2026-02-16,PC3,-2.0331247856075922,-2.0728436668325694
usdmxn,2026-02-17,PC3,-2.0114559598591533,-2.050751521511087
usdmxn,2026-02-18,PC3,-1.7847236804358377,-1.8195898275530453
usdmxn,2026-02-19,PC3,-1.6817693070289688,-1.714624149892799
usdmxn,2026-02-20,PC3,-1.7466159746451122,-1.7807376542063817
usdmxn,2026-02-23,PC3,-1.579969330940245,-1.61083542171783
usdmxn,2026-02-24,PC3,-1.956629085859146,-1.9948535562963359
usdmxn,2026-02-25,PC3,-0.6073402464330611,-0.6192051724238249
usdmxn,2026-02-26,PC3,-0.5894367907798015,-0.6009519570147243
usdmxn,2026-02-27,PC3,-1.0054140695360938,-1.025055717846377
usdmxn,2026-03-02,PC3,-0.7806330275075303,-0.795883380422095
usdmxn,2026-03-03,PC3,-1.126844603460074,-1.1488585040728991
usdmxn,2026-03-04,PC3,-1.3840290418811234,-1.4110672667434339
usdmxn,2026-03-05,PC3,-0.7871271934629575,-0.8025044156223737
usdmxn,2026-03-06,PC3,0.6279062100471232,0.6401729102289504
usdmxn,2026-03-09,PC3,0.5267611485263846,0.53705189095418
usdmxn,2026-03-10,PC3,-0.4570003111472617,-0.46592821424830505
usdmxn,2026-03-11,PC3,2.1036545560280877,2.14475129836321
usdmxn,2026-03-12,PC3,3.413369269973635,3.480052441400596
usdmxn,2026-03-13,PC3,1.9190347209139185,1.9565247523601745
usdmxn,2026-03-16,PC3,1.7055485977785034,1.7388679900057493
usdmxn,2026-03-17,PC3,2.2144299440586392,2.2576907810479523
usdmxn,2026-03-18,PC3,1.6368276134135056,1.66880448075739
usdmxn,2026-03-19,PC3,2.5950253257976645,2.645721428378681
usdmxn,2026-03-20,PC3,2.5279008126097646,2.5772855787762787
usdmxn,2026-03-23,PC3,2.740429474839574,2.7939661753840297
usdmxn,2026-03-24,PC3,3.6142202141710476,3.6848271854813093
usdmxn,2026-03-25,PC3,1.6085289717838869,1.639953000269246
usdmxn,2026-03-26,PC3,2.7985400194704098,2.853211960624025
usdmxn,2026-03-27,PC3,4.169573241060894,4.251029522295031
eurusd,2025-02-04,PC1,6.899380891865748,1.0099541709515432
eurusd,2025-02-05,PC1,8.105810427038811,1.1865553124313075
eurusd,2025-02-06,PC1,5.428928931059695,0.7947045544604688
eurusd,2025-02-07,PC1,9.131011083284392,1.336627571821742
eurusd,2025-02-10,PC1,0.7187512945887885,0.10521318930262262
eurusd,2025-02-11,PC1,0.32323282429677547,0.0473158888026975
eurusd,2025-02-12,PC1,0.9839221452065309,0.14402977455767083
eurusd,2025-02-13,PC1,-0.015753119045007286,-0.0023059936151312997
eurusd,2025-02-14,PC1,-3.5274956912680184,-0.5163664743614875
eurusd,2025-02-17,PC1,-5.932776424543597,-0.8684594153013144
eurusd,2025-02-18,PC1,-5.666900778992135,-0.8295396598351802
eurusd,2025-02-19,PC1,-1.604392722660428,-0.23485630776024874
eurusd,2025-02-20,PC1,-1.2768217854226878,-0.18690539165184736
eurusd,2025-02-21,PC1,1.8958206038585796,0.2775164839065828
eurusd,2025-02-24,PC1,-6.1050188744802725,-0.8936728342232281
eurusd,2025-02-25,PC1,-5.157729005071669,-0.7550054132322639
eurusd,2025-02-26,PC1,-4.463047514167763,-0.6533156413212209
eurusd,2025-02-27,PC1,0.7322478223880131,0.10718885563527297
eurusd,2025-02-28,PC1,4.096318745822599,0.5996326725153109
eurusd,2025-03-03,PC1,3.1319987745962945,0.4584723289517149
eurusd,2025-03-04,PC1,5.751880592938373,0.8419792857794264
eurusd,2025-03-05,PC1,14.93434822911497,2.186139237829305
eurusd,2025-03-06,PC1,9.613647592045233,1.4072774986363619
eurusd,2025-03-07,PC1,7.284034775727859,1.0662610773925636
eurusd,2025-03-10,PC1,2.595645328975272,0.3799591394352716
eurusd,2025-03-11,PC1,2.631119560633679,0.38515197467458256
eurusd,2025-03-12,PC1,-1.3409607553007024,-0.19629426598189162
eurusd,2025-03-13,PC1,2.9864727995394533,0.4371697558956705
eurusd,2025-03-14,PC1,2.4353848432716427,0.35649968002697513
eurusd,2025-03-17,PC1,-2.0414691068365167,-0.29883699300455735
eurusd,2025-03-18,PC1,0.771266914876879,0.11290059931539577
eurusd,2025-03-19,PC1,-0.14348762523969164,-0.02100419267497057
eurusd,2025-03-20,PC1,0.9152834004848585,0.13398220831846513
eurusd,2025-03-21,PC1,1.5799434784789965,0.23127734661508836
eurusd,2025-03-24,PC1,-1.3664935113002143,-0.20003183516697567
eurusd,2025-03-25,PC1,-1.2483434436545509,-0.1827366378895463
eurusd,2025-03-26,PC1,6.8422564274389295,1.0015921031058241
eurusd,2025-03-27,PC1,7.906739454698156,1.1574146457567278
eurusd,2025-03-28,PC1,13.200845801768748,1.9323834249103435
eurusd,2025-03-31,PC1,11.080318370749177,1.6219736131980595
eurusd,2025-04-01,PC1,11.474666031417792,1.6796995267168808
eurusd,2025-04-02,PC1,13.420105456215422,1.964479377576312
eurusd,2025-04-03,PC1,20.344857494110297,2.9781474607115044
eurusd,2025-04-04,PC1,24.345015051855366,3.5637037407932484
eurusd,2025-04-07,PC1,21.57409057347233,3.1580866603340336
eurusd,2025-04-08,PC1,16.208361868131867,2.3726335637319753
eurusd,2025-04-09,PC1,14.448051804863447,2.1149535604925616
eurusd,2025-04-10,PC1,32.45619945694332,4.751045713887359
eurusd,2025-04-11,PC1,46.91587634831447,6.8677009929529556
eurusd,2025-04-14,PC1,19.809817969044264,2.8998266072271788
eurusd,2025-04-15,PC1,6.873954177793516,1.0062321245341437
eurusd,2025-04-16,PC1,7.31901556827858,1.0713816813849368
eurusd,2025-04-17,PC1,-2.4754904615901974,-0.3623704729479993
eurusd,2025-04-18,PC1,1.1283597455212626,0.16517302772290482
eurusd,2025-04-21,PC1,5.764673290711743,0.8438519231473922
eurusd,2025-04-22,PC1,5.402618690164056,0.7908531744674293
eurusd,2025-04-23,PC1,8.812966935650936,1.290071218652744
eurusd,2025-04-24,PC1,4.7774566419785875,0.6993398882782417
eurusd,2025-04-25,PC1,5.352419138362353,0.7835047982121335
eurusd,2025-04-28,PC1,0.2741362941450955,0.040128976500986846
eurusd,2025-04-29,PC1,0.04925281693937464,0.007209790078075044
eurusd,2025-04-30,PC1,-2.2927377160405555,-0.33561852222756383
eurusd,2025-05-01,PC1,0.21080978789371232,0.030859033281041205
eurusd,2025-05-02,PC1,-0.4754368898345468,-0.06959602280818289
eurusd,2025-05-05,PC1,-2.4471830954764258,-0.35822674716689884
eurusd,2025-05-06,PC1,-1.2858110938652285,-0.18822127632292238
eurusd,2025-05-07,PC1,-3.0580205494338983,-0.4476431519236077
eurusd,2025-05-08,PC1,-5.319361880722133,-0.778665767615443
eurusd,2025-05-09,PC1,-1.70011229076611,-0.2488680544031959
eurusd,2025-05-12,PC1,-2.734796937720058,-0.40032861168923917
eurusd,2025-05-13,PC1,-4.821369769270651,-0.7057680369430637
eurusd,2025-05-14,PC1,-0.4466053677673426,-0.06537556934677383
eurusd,2025-05-15,PC1,-2.4619781086371613,-0.3603924900770467
eurusd,2025-05-16,PC1,-1.7468808651705507,-0.2557141928509095
eurusd,2025-05-19,PC1,-3.6328611586312802,-0.5317902196084336
eurusd,2025-05-20,PC1,-5.124437425899002,-0.7501320818754403
eurusd,2025-05-21,PC1,-3.501163806394136,-0.5125119260513997
eurusd,2025-05-22,PC1,-7.46576062480914,-1.0928627076150281
eurusd,2025-05-23,PC1,-2.4864540548274325,-0.3639753599504862
eurusd,2025-05-26,PC1,-3.380013969274659,-0.49477761260696135
eurusd,2025-05-27,PC1,-6.007326920229627,-0.8793723631794899
eurusd,2025-05-28,PC1,-3.328970206541004,-0.4873056579661189
eurusd,2025-05-29,PC1,1.7428853708904084,0.25512931919681103
eurusd,2025-05-30,PC1,3.3372571269525313,0.48851872475647873
eurusd,2025-06-02,PC1,-0.2371856779359032,-0.034720023213061946
eurusd,2025-06-03,PC1,-1.4217034180729746,-0.20811364373747143
eurusd,2025-06-04,PC1,1.4032050753741905,0.20540579521350394
eurusd,2025-06-05,PC1,2.6343375658209625,0.38562303690639416
eurusd,2025-06-06,PC1,-1.342388264932738,-0.19650322955841307
eurusd,2025-06-09,PC1,-5.565537682282758,-0.8147017948286411
eurusd,2025-06-10,PC1,-5.0569801410737325,-0.7402574616394899
eurusd,2025-06-11,PC1,-6.41542195892497,-0.939110663316089
eurusd,2025-06-12,PC1,1.6555587390190418,0.2423461582906465
eurusd,2025-06-13,PC1,4.392444156585103,0.6429804885602161
eurusd,2025-06-16,PC1,-3.0405700439980605,-0.4450886892803123
eurusd,2025-06-17,PC1,4.623074015933258,0.6767408493875552
eurusd,2025-06-18,PC1,0.05947619833350614,0.008706322425260671
eurusd,2025-06-19,PC1,0.6137402926238091,0.0898413318718537
eurusd,2025-06-20,PC1,-2.6954327683432227,-0.3945663545140991
eurusd,2025-06-23,PC1,-2.382864005112736,-0.34881150620503176
eurusd,2025-06-24,PC1,-2.5948998277483324,-0.37985001050248796
eurusd,2025-06-25,PC1,-0.4048640665393216,-0.05926533975705996
eurusd,2025-06-26,PC1,5.476779546085283,0.8017090855894381
eurusd,2025-06-27,PC1,1.3266098051152082,0.19419352647727237
eurusd,2025-06-30,PC1,-2.2133696423473244,-0.32400036136310517
eurusd,2025-07-01,PC1,1.6757195309333148,0.24529736162361684
eurusd,2025-07-02,PC1,2.8496988180318827,0.41714832857252043
eurusd,2025-07-03,PC1,-3.503426600197165,-0.512843161284704
eurusd,2025-07-04,PC1,-2.2428528658774094,-0.3283162130379145
eurusd,2025-07-07,PC1,-3.367699283292975,-0.4929749481844443
eurusd,2025-07-08,PC1,-3.4575050542442107,-0.5061210136603558
eurusd,2025-07-09,PC1,-4.3904591592927975,-0.642689918098009
eurusd,2025-07-10,PC1,-3.746705702606858,-0.5484551601053075
eurusd,2025-07-11,PC1,-1.671122474474764,-0.2446244293102426
eurusd,2025-07-14,PC1,-5.606362180355092,-0.8206778197432486
eurusd,2025-07-15,PC1,-5.040632478844802,-0.7378644368286867
eurusd,2025-07-16,PC1,-0.3001458255201036,-0.04393633764083267
eurusd,2025-07-17,PC1,-3.1081072035880615,-0.4549750018482355
eurusd,2025-07-18,PC1,-1.3568491964058338,-0.19862006848729674
eurusd,2025-07-21,PC1,-4.844509511512192,-0.7091553088675838
eurusd,2025-07-22,PC1,-4.02921181749959,-0.5898093386217619
eurusd,2025-07-23,PC1,-4.312985439388837,-0.6313490590002911
eurusd,2025-07-24,PC1,-1.6650382564905397,-0.24373380137906256
eurusd,2025-07-25,PC1,0.700165389270815,0.10249252307314564
eurusd,2025-07-28,PC1,2.156461031806248,0.31566989092237635
eurusd,2025-07-29,PC1,5.408627690214955,0.7917327917490042
eurusd,2025-07-30,PC1,7.341931484042717,1.0747361888501574
eurusd,2025-07-31,PC1,5.659324260703425,0.8284305840547729
eurusd,2025-08-01,PC1,4.476320997669411,0.6552586576926392
eurusd,2025-08-04,PC1,-2.546836171404144,-0.3728142936813997
eurusd,2025-08-05,PC1,-3.230433941318604,-0.4728815938926773
eurusd,2025-08-06,PC1,-3.2101854535629832,-0.46991755335269775
eurusd,2025-08-07,PC1,-2.7001844164990154,-0.3952619164708966
eurusd,2025-08-08,PC1,-3.8856434829608695,-0.5687933314529308
eurusd,2025-08-11,PC1,-6.472861907792884,-0.9475189128166766
eurusd,2025-08-12,PC1,-6.396166967269076,-0.9362920540177628
eurusd,2025-08-13,PC1,-6.151449175741662,-0.9004694551305854
eurusd,2025-08-14,PC1,-5.682961543873598,-0.8318906876643337
eurusd,2025-08-15,PC1,-4.514714872403619,-0.6608788799320754
eurusd,2025-08-18,PC1,-7.822121616990493,-1.1450280070902772
eurusd,2025-08-19,PC1,-7.027649561064219,-1.0287305625567857
eurusd,2025-08-20,PC1,-4.67202600587534,-0.6839066034158147
eurusd,2025-08-21,PC1,-1.5537395772564406,-0.22744153297474795
eurusd,2025-08-22,PC1,-3.532785000330405,-0.5171407408982586
eurusd,2025-08-25,PC1,-4.27937546575868,-0.6264291200107844
eurusd,2025-08-26,PC1,-6.017198812593995,-0.8808174434011563
eurusd,2025-08-27,PC1,-5.318254696939094,-0.7785036943950749
eurusd,2025-08-28,PC1,-4.526873909174104,-0.662658759908782
eurusd,2025-08-29,PC1,0.21577080908867866,0.03158524395509493
eurusd,2025-09-01,PC1,-0.0500524108777615,-0.007326837280686151
eurusd,2025-09-02,PC1,4.134592072263578,0.6052352484972847
eurusd,2025-09-03,PC1,5.325558122172071,0.779572793911667
eurusd,2025-09-04,PC1,9.170756462910001,1.3424456318126408
eurusd,2025-09-05,PC1,0.45380176674262157,0.06642900200614234
eurusd,2025-09-08,PC1,-2.970105921110074,-0.43477391815395416
eurusd,2025-09-09,PC1,-5.206658896615751,-0.7621679324240097
eurusd,2025-09-10,PC1,-4.206492886300615,-0.6157603272209613
eurusd,2025-09-11,PC1,-2.7602744047629826,-0.4040580874941797
eurusd,2025-09-12,PC1,-5.172289703796576,-0.7571368564211051
eurusd,2025-09-15,PC1,-5.615209305639428,-0.8219728911738432
eurusd,2025-09-16,PC1,3.5338075545839747,0.5172904257684814
eurusd,2025-09-17,PC1,-1.802645662362686,-0.26387722811438713
eurusd,2025-09-18,PC1,-5.145374911204925,-0.7531969801533256
eurusd,2025-09-19,PC1,-5.648435176079996,-0.8268366038693563
eurusd,2025-09-22,PC1,-5.480518808807873,-0.8022564512215364
eurusd,2025-09-23,PC1,-5.82741657473927,-0.8530364923712059
eurusd,2025-09-24,PC1,-4.717030547272391,-0.6904945168834276
eurusd,2025-09-25,PC1,-2.667009835755041,-0.3904057117306354
eurusd,2025-09-26,PC1,-0.6677052745341997,-0.09774090422768357
eurusd,2025-09-29,PC1,-2.801651644219266,-0.410115024518863
eurusd,2025-09-30,PC1,-2.3727055912474477,-0.3473244840193751
eurusd,2025-10-01,PC1,-4.540016598515978,-0.6645826301989403
eurusd,2025-10-02,PC1,-4.213682581797043,-0.6168127786029469
eurusd,2025-10-03,PC1,-4.791181859663794,-0.7013490309920082
eurusd,2025-10-06,PC1,-4.202797642827141,-0.615219405271991
eurusd,2025-10-07,PC1,-6.255040099382272,-0.9156334368042027
eurusd,2025-10-08,PC1,-3.993568353627396,-0.5845917306118426
eurusd,2025-10-09,PC1,-1.8397594694313895,-0.26931006981952044
eurusd,2025-10-10,PC1,-1.7419427604539286,-0.2549913367666733
eurusd,2025-10-13,PC1,-6.419240280970009,-0.9396696019130246
eurusd,2025-10-14,PC1,-7.021320141381724,-1.0278040411908504
eurusd,2025-10-15,PC1,-7.617588366552113,-1.1150877541000328
eurusd,2025-10-16,PC1,-5.4699003393248145,-0.8007020845744971
eurusd,2025-10-17,PC1,-3.1355691879333945,-0.45899497785287596
eurusd,2025-10-20,PC1,-6.530259063145908,-0.9559208980611619
eurusd,2025-10-21,PC1,-4.227084939283916,-0.6187746599741305
eurusd,2025-10-22,PC1,-2.7969186465829794,-0.4094221926867334
eurusd,2025-10-23,PC1,0.9698170924665702,0.14196503033358981
eurusd,2025-10-24,PC1,-1.2679426791030453,-0.18560563873163713
eurusd,2025-10-27,PC1,-2.5430276543865946,-0.3722567903767845
eurusd,2025-10-28,PC1,-1.621605140678678,-0.2373759183807014
eurusd,2025-10-29,PC1,-0.1361637773017813,-0.019932103615352477
eurusd,2025-10-30,PC1,-1.2811725359353043,-0.18754226888704498
eurusd,2025-10-31,PC1,0.4591523586779307,0.06721223933233435
eurusd,2025-11-03,PC1,-2.0503838496268854,-0.3001419625090977
eurusd,2025-11-04,PC1,-0.7970102621928423,-0.11666899555318928
eurusd,2025-11-05,PC1,-2.6823325116122585,-0.39264869564972593
eurusd,2025-11-06,PC1,-3.7966290294655356,-0.5557631016407781
eurusd,2025-11-07,PC1,-3.0407258983675165,-0.4451115037578662
eurusd,2025-11-10,PC1,-5.780733549960836,-0.8462028769604086
eurusd,2025-11-11,PC1,-4.2070853665220325,-0.6158470564333653
eurusd,2025-11-12,PC1,-2.933434012061154,-0.42940576294101634
eurusd,2025-11-13,PC1,-1.3667597453074543,-0.20007080738060984
eurusd,2025-11-14,PC1,-1.4542799783618052,-0.2128823082676104
eurusd,2025-11-17,PC1,-3.516041564245909,-0.5146897814028154
eurusd,2025-11-18,PC1,-3.529795839248286,-0.5167031776226767
eurusd,2025-11-19,PC1,-0.7707303608608291,-0.11282205676571724
eurusd,2025-11-20,PC1,-5.908690279171826,-0.864933605759614
eurusd,2025-11-21,PC1,-6.867810796464368,-1.0053328360770541
eurusd,2025-11-24,PC1,-9.184473077588198,-1.3444535151898165
eurusd,2025-11-25,PC1,-6.284743901096551,-0.9199815774424188
eurusd,2025-11-26,PC1,-6.096976897380912,-0.8924956230442118
eurusd,2025-11-27,PC1,-4.622722155590983,-0.6766893429080837
eurusd,2025-11-28,PC1,-4.61282989039928,-0.6752412804446388
eurusd,2025-12-01,PC1,-4.529826355546516,-0.6630909487638492
eurusd,2025-12-02,PC1,-1.1466419575532925,-0.1678492383257631
eurusd,2025-12-03,PC1,-0.20396032648125464,-0.0298563864884226
eurusd,2025-12-04,PC1,3.7816605975775017,0.5535719731243417
eurusd,2025-12-05,PC1,3.1925810764401725,0.4673405664634613
eurusd,2025-12-08,PC1,0.4171805933930878,0.06106827365251474
eurusd,2025-12-09,PC1,4.954487616141611,0.7252542671980016
eurusd,2025-12-10,PC1,3.624353415669634,0.5305448280835754
eurusd,2025-12-11,PC1,5.601730310665244,0.8199997913540519
eurusd,2025-12-12,PC1,3.4119590284514407,0.49945383591779813
eurusd,2025-12-15,PC1,1.6235440082403558,0.2376597362205235
eurusd,2025-12-16,PC1,-2.743968452725232,-0.40167116835897476
eurusd,2025-12-17,PC1,-3.801352209314223,-0.5564544963127204
eurusd,2025-12-18,PC1,-10.999601521846467,-1.6101580141619969
eurusd,2025-12-19,PC1,-14.529531518887076,-2.1268808302455797
eurusd,2025-12-22,PC1,-15.496861582112135,-2.2684818010214918
eurusd,2025-12-23,PC1,-12.335697714378638,-1.8057401893730012
eurusd,2025-12-24,PC1,-10.678220850099713,-1.5631132495692033
eurusd,2025-12-25,PC1,-10.442708601863197,-1.5286381885246574
eurusd,2025-12-26,PC1,-8.79494645411078,-1.2874333210240607
eurusd,2025-12-29,PC1,-7.794130636782182,-1.1409305949233775
eurusd,2025-12-30,PC1,-7.251643647291286,-1.061519556989637
eurusd,2025-12-31,PC1,-5.8640884638038004,-0.8584046446587628
eurusd,2026-01-01,PC1,-4.4912088018329746,-0.6574379836563685
eurusd,2026-01-02,PC1,-0.669736628711443,-0.0980382605638739
eurusd,2026-01-05,PC1,-0.8154555874468095,-0.11936908320841137
eurusd,2026-01-06,PC1,0.9350894084985006,0.13688147721183222
eurusd,2026-01-07,PC1,1.3585068988115905,0.19886272844260725
eurusd,2026-01-08,PC1,1.5385703265290709,0.22522100793309108
eurusd,2026-01-09,PC1,-3.137708012674956,-0.4593080660853609
eurusd,2026-01-12,PC1,-5.7103667951648855,-0.8359023588970732
eurusd,2026-01-13,PC1,-6.757202741645317,-0.9891416635564819
eurusd,2026-01-14,PC1,-6.572833380880712,-0.962153067359479
eurusd,2026-01-15,PC1,-5.114805606531748,-0.7487221443323082
eurusd,2026-01-16,PC1,-4.039237518034838,-0.5912769337916738
eurusd,2026-01-19,PC1,-4.022687740866863,-0.5888543227282926
eurusd,2026-01-20,PC1,-1.6903263893386005,-0.2474355618189865
eurusd,2026-01-21,PC1,-3.354100667985813,-0.4909843379450784
eurusd,2026-01-22,PC1,0.4463601554021535,0.06533967435055996
eurusd,2026-01-23,PC1,8.841084997778715,1.2941872334909024
eurusd,2026-01-26,PC1,4.342944045870682,0.635734498802275
eurusd,2026-01-27,PC1,20.080334347250197,2.939425688472555
eurusd,2026-01-28,PC1,3.7189722344217544,0.5443954433992013
eurusd,2026-01-29,PC1,3.6300879661309926,0.5313842705274343
eurusd,2026-01-30,PC1,6.605016621956915,0.9668641565237215
eurusd,2026-02-02,PC1,-3.6775517713391777,-0.5383321791572875
eurusd,2026-02-03,PC1,-3.259854521021412,-0.47718827555707055
eurusd,2026-02-04,PC1,-1.742254588203606,-0.25503698314297013
eurusd,2026-02-05,PC1,-1.9960282555011313,-0.2921852110465749
eurusd,2026-02-06,PC1,-2.131656876554857,-0.3120389767221462
eurusd,2026-02-09,PC1,-0.04433493328012915,-0.006489894019029339
eurusd,2026-02-10,PC1,-3.4744939804289334,-0.5086079088077853
eurusd,2026-02-11,PC1,-3.1455318748548704,-0.4604533488818029
eurusd,2026-02-12,PC1,-4.5894591518796455,-0.6718201945217047
eurusd,2026-02-13,PC1,-6.886398555283951,-1.0080537736282207
eurusd,2026-02-16,PC1,-7.93376303644902,-1.1613704469410793
eurusd,2026-02-17,PC1,-5.952570254150998,-0.8713569014793375
eurusd,2026-02-18,PC1,-1.9974941826355919,-0.29239979830403523
eurusd,2026-02-19,PC1,-1.508535144331713,-0.22082435872485928
eurusd,2026-02-20,PC1,-0.5085404595235463,-0.07444183271559171
eurusd,2026-02-23,PC1,-1.7761887850043074,-0.2600043829914355
eurusd,2026-02-24,PC1,-2.330664634862077,-0.3411703899176484
eurusd,2026-02-25,PC1,-1.8364535217399027,-0.2688261342733758
eurusd,2026-02-26,PC1,-0.551213943527327,-0.0806885183000134
eurusd,2026-02-27,PC1,4.276177769628246,0.6259610306858169
eurusd,2026-03-02,PC1,5.304419284615158,0.7764784210260011
eurusd,2026-03-03,PC1,9.036441694770183,1.3227841922676622
eurusd,2026-03-04,PC1,7.226663824394485,1.0578629279790543
eurusd,2026-03-05,PC1,11.441425357433266,1.6748336470296914
eurusd,2026-03-06,PC1,13.29246848522459,1.9457954560418755
eurusd,2026-03-09,PC1,5.229264655293684,0.7654770380701726
eurusd,2026-03-10,PC1,5.1472035740195,0.7534646658581431
eurusd,2026-03-11,PC1,6.044672773316381,0.8848391725474405
eurusd,2026-03-12,PC1,12.189355766730536,1.7843181715530219
eurusd,2026-03-13,PC1,14.858247400364444,2.1749993470747477
eurusd,2026-03-16,PC1,5.86267236007374,0.8581973507158582
eurusd,2026-03-17,PC1,5.373408424039638,0.7865772791995305
eurusd,2026-03-18,PC1,6.712196542785128,0.9825535074639385
eurusd,2026-03-19,PC1,5.652928979324424,0.827494421636092
eurusd,2026-03-20,PC1,6.949754261425832,1.0173279912246158
eurusd,2026-03-23,PC1,7.1308290869902455,1.0438343224736575
eurusd,2026-03-24,PC1,6.651348006924685,0.9736462977371931
eurusd,2026-03-25,PC1,8.13836880280426,1.191321315050831
eurusd,2026-03-26,PC1,8.78748111666488,1.2863405202627727
eurusd,2026-03-27,PC1,10.087162543290157,1.4765921817235865
eurusd,2025-02-04,PC2,-0.7303001185702551,-0.7231728974758448
eurusd,2025-02-05,PC2,0.19929617696198704,0.19735118492328987
eurusd,2025-02-06,PC2,0.27421069680557875,0.2715345911705259
eurusd,2025-02-07,PC2,0.9776752162258605,0.9681337862748306
eurusd,2025-02-10,PC2,0.7684756314944906,0.7609758439522807
eurusd,2025-02-11,PC2,0.1342386935175177,0.13292861725736707
eurusd,2025-02-12,PC2,-0.04858196304334399,-0.04810783688204977
eurusd,2025-02-13,PC2,-0.32165547346553053,-0.31851633981715566
eurusd,2025-02-14,PC2,0.10506748954178818,0.10404210393831198
eurusd,2025-02-17,PC2,0.22113570352292442,0.21897757289854308
eurusd,2025-02-18,PC2,0.6728042929159206,0.6662381910805987
eurusd,2025-02-19,PC2,0.5544933208737677,0.5490818518177609
eurusd,2025-02-20,PC2,0.6852165147409498,0.67852927825568
eurusd,2025-02-21,PC2,1.3120568377249782,1.2992520757742254
eurusd,2025-02-24,PC2,0.9724003233757822,0.9629103727092764
eurusd,2025-02-25,PC2,0.7072095884445889,0.7003077148603435
eurusd,2025-02-26,PC2,0.8772457172207043,0.868684409312119
eurusd,2025-02-27,PC2,1.7877733067676747,1.7703258830304809
eurusd,2025-02-28,PC2,2.1756022530267285,2.15436988858295
eurusd,2025-03-03,PC2,1.603664244090182,1.5880135967217996
eurusd,2025-03-04,PC2,-0.5449077176906688,-0.5395897974531161
eurusd,2025-03-05,PC2,-1.051100163445485,-1.0408421570906279
eurusd,2025-03-06,PC2,-0.7985085603666099,-0.7907156723322304
eurusd,2025-03-07,PC2,0.24796064231160414,0.24554071894649968
eurusd,2025-03-10,PC2,1.3819853942604277,1.3684981782465195
eurusd,2025-03-11,PC2,1.0088979212622196,0.9990517794313731
eurusd,2025-03-12,PC2,2.1254389783611054,2.104696172579951
eurusd,2025-03-13,PC2,2.598333806011427,2.5729758757008323
eurusd,2025-03-14,PC2,2.42608399125149,2.402407099300397
eurusd,2025-03-17,PC2,1.8837270291082087,1.865343163795062
eurusd,2025-03-18,PC2,1.1968124526663224,1.1851323957393214
eurusd,2025-03-19,PC2,2.156100584533544,2.135058542807134
eurusd,2025-03-20,PC2,2.718498215362202,2.6919675640135785
eurusd,2025-03-21,PC2,2.4891959587146175,2.464903137867479
eurusd,2025-03-24,PC2,2.023927625879714,2.004175500278297
eurusd,2025-03-25,PC2,1.5368516831473586,1.521853079892916
eurusd,2025-03-26,PC2,1.6357789449771585,1.6198148804700108
eurusd,2025-03-27,PC2,1.1713939558178175,1.1599619657366518
eurusd,2025-03-28,PC2,-0.06971345851076001,-0.0690331036546839
eurusd,2025-03-31,PC2,0.2862582524118268,0.28346457101542666
eurusd,2025-04-01,PC2,0.3114675785068491,0.30842787162564955
eurusd,2025-04-02,PC2,-1.0466590744748658,-1.0364444100587387
eurusd,2025-04-03,PC2,-0.0700682409187946,-0.06938442363323481
eurusd,2025-04-04,PC2,0.9637676759148802,0.9543619738819422
eurusd,2025-04-07,PC2,1.3642011137235528,1.35088745991533
eurusd,2025-04-08,PC2,1.2923081643971734,1.2796961357591363
eurusd,2025-04-09,PC2,0.8325015720459403,0.8243769358661852
eurusd,2025-04-10,PC2,-1.421246135064756,-1.407375761533921
eurusd,2025-04-11,PC2,-1.8921471700574257,-1.8736811300264264
eurusd,2025-04-14,PC2,-0.18326482093347415,-0.1814762837767535
eurusd,2025-04-15,PC2,0.5153397376523196,0.5103103803297793
eurusd,2025-04-16,PC2,-0.6790439009731519,-0.6724169049040271
eurusd,2025-04-17,PC2,0.09296742866028981,0.09206013123311994
eurusd,2025-04-18,PC2,-0.2385224243668196,-0.2361946114427778
eurusd,2025-04-21,PC2,-0.5168008154037823,-0.5117571989788454
eurusd,2025-04-22,PC2,-0.23406455814569455,-0.23178025089467588
eurusd,2025-04-23,PC2,0.3045640738384756,0.301591740360137
eurusd,2025-04-24,PC2,0.8584080161668509,0.8500305511153421
eurusd,2025-04-25,PC2,0.9227615535492076,0.9137560427429898
eurusd,2025-04-28,PC2,1.204922363000315,1.1931631589904415
eurusd,2025-04-29,PC2,1.5776065288717134,1.562210186675759
eurusd,2025-04-30,PC2,1.215707182203559,1.203842725861158
eurusd,2025-05-01,PC2,1.2889098193094355,1.2763309561552583
eurusd,2025-05-02,PC2,0.6874166857323512,0.6807079771088433
eurusd,2025-05-05,PC2,0.0525150293566672,0.05200251920435185
eurusd,2025-05-06,PC2,-0.21872864680658957,-0.21659400738119314
eurusd,2025-05-07,PC2,-0.3596242405357139,-0.35611455813524356
eurusd,2025-05-08,PC2,-0.12330296223080929,-0.12209961110013273
eurusd,2025-05-09,PC2,-0.2652357761186918,-0.2626472594657761
eurusd,2025-05-12,PC2,0.5209505457589452,0.51586643085267
eurusd,2025-05-13,PC2,0.36397432178308037,0.3604221856159459
eurusd,2025-05-14,PC2,-0.5156333294640152,-0.5106011068896416
eurusd,2025-05-15,PC2,-0.2689073845170606,-0.26628303552047977
eurusd,2025-05-16,PC2,8.495346805100691e-4,8.412438130415421e-4
eurusd,2025-05-19,PC2,-0.37141294719936674,-0.3677882152231501
eurusd,2025-05-20,PC2,-0.039682761908835996,-0.03929548575952512
eurusd,2025-05-21,PC2,-0.6180217152502665,-0.6119902532612437
eurusd,2025-05-22,PC2,0.024425178621778267,0.024186805870793863
eurusd,2025-05-23,PC2,0.37600373864928127,0.37233420374228343
eurusd,2025-05-26,PC2,0.20984194582762586,0.207794034421391
eurusd,2025-05-27,PC2,0.38106845120590827,0.37734948822783004
eurusd,2025-05-28,PC2,0.2967218986690897,0.29382609936467774
eurusd,2025-05-29,PC2,-0.1966020516541648,-0.19468335240419457
eurusd,2025-05-30,PC2,0.3303506939982084,0.32712670104661673
eurusd,2025-06-02,PC2,-0.3534759044883949,-0.3500262255704076
eurusd,2025-06-03,PC2,0.30204077615521385,0.2990930683068297
eurusd,2025-06-04,PC2,0.5044558692110023,0.49953273087264566
eurusd,2025-06-05,PC2,0.49136447255014726,0.4865690971356406
eurusd,2025-06-06,PC2,0.7123293542948417,0.7053775153576701
eurusd,2025-06-09,PC2,0.8363357786591915,0.828173723290312
eurusd,2025-06-10,PC2,0.8979000754819187,0.8891371954057443
eurusd,2025-06-11,PC2,0.6913368651872632,0.6845898983395069
eurusd,2025-06-12,PC2,0.17836768433399158,0.1766269398235907
eurusd,2025-06-13,PC2,1.9339859230674397,1.9151115659138847
eurusd,2025-06-16,PC2,1.1855834996455599,1.1740130294881659
eurusd,2025-06-17,PC2,2.2156944896628787,2.1940708528813184
eurusd,2025-06-18,PC2,3.708463086035548,3.6722710662582827
eurusd,2025-06-19,PC2,3.7711405212906386,3.734336813349378
eurusd,2025-06-20,PC2,2.5993777542742618,2.5740096357548863
eurusd,2025-06-23,PC2,0.9284465641920602,0.9193855716369759
eurusd,2025-06-24,PC2,-0.7718348016237614,-0.7643022309180322
eurusd,2025-06-25,PC2,-1.524241346743362,-1.5093658115993314
eurusd,2025-06-26,PC2,-2.8157880094708854,-2.788307877415344
eurusd,2025-06-27,PC2,-1.710833851220514,-1.6941373030434141
eurusd,2025-06-30,PC2,-1.6331821772893858,-1.6172434554283242
eurusd,2025-07-01,PC2,-1.47755416409894,-1.463134263377691
eurusd,2025-07-02,PC2,-0.7804206638081638,-0.7728043010606174
eurusd,2025-07-03,PC2,0.3126382586553189,0.30958712675030137
eurusd,2025-07-04,PC2,0.10028523564152847,0.09930652150915031
eurusd,2025-07-07,PC2,0.6890854595358888,0.6823604648410085
eurusd,2025-07-08,PC2,0.6899524246882274,0.6832189690165996
eurusd,2025-07-09,PC2,0.8704931384982739,0.8619977310603149
eurusd,2025-07-10,PC2,0.5479408720693495,0.5425933503551976
eurusd,2025-07-11,PC2,0.5391409841557966,0.5338793432256829
eurusd,2025-07-14,PC2,0.8261002365243821,0.8180380729259692
eurusd,2025-07-15,PC2,0.6739793675336456,0.6674017977875429
eurusd,2025-07-16,PC2,-1.1633004915171254,-1.1519474880169884
eurusd,2025-07-17,PC2,-0.3263753708094474,-0.3231901742465835
eurusd,2025-07-18,PC2,-0.7950365583120702,-0.7872775546023042
eurusd,2025-07-21,PC2,-0.6150511326756455,-0.6090486615059449
eurusd,2025-07-22,PC2,-0.4511840237544702,-0.44678078156705375
eurusd,2025-07-23,PC2,-0.47229329359143063,-0.4676840396159234
eurusd,2025-07-24,PC2,-0.47423673015358697,-0.4696085095892634
eurusd,2025-07-25,PC2,-0.23039852038285605,-0.22814999110997514
eurusd,2025-07-28,PC2,1.0173518809946263,1.0074232343981309
eurusd,2025-07-29,PC2,1.0708092133897522,1.0603588604188372
eurusd,2025-07-30,PC2,1.3423579947461528,1.3292575145830998
eurusd,2025-07-31,PC2,0.6414148755314732,0.6351551125725049
eurusd,2025-08-01,PC2,-0.5820343717021502,-0.576354121150105
eurusd,2025-08-04,PC2,-0.2805376505728163,-0.27779979827059664
eurusd,2025-08-05,PC2,-0.06423183941559743,-0.06360498134837993
eurusd,2025-08-06,PC2,-0.11087661490886329,-0.10979453628315747
eurusd,2025-08-07,PC2,0.09395578902040101,0.09303884588370935
eurusd,2025-08-08,PC2,0.6993111190137534,0.6924863289962631
eurusd,2025-08-11,PC2,0.09848880802501464,0.09752762577641609
eurusd,2025-08-12,PC2,-0.19343889576061257,-0.19155106671158598
eurusd,2025-08-13,PC2,-0.13078104716905034,-0.12950471513180903
eurusd,2025-08-14,PC2,-0.09748558903120338,-0.09653419750205439
eurusd,2025-08-15,PC2,0.18466120035410943,0.18285903550569135
eurusd,2025-08-18,PC2,0.6950974591518853,0.6883137915232437
eurusd,2025-08-19,PC2,0.19286908682720502,0.19098681871695794
eurusd,2025-08-20,PC2,-0.09290810255106331,-0.09200138410544675
eurusd,2025-08-21,PC2,0.43112501597691616,0.42691753575054814
eurusd,2025-08-22,PC2,-1.1068444859759183,-1.0960424538139582
eurusd,2025-08-25,PC2,0.17818124757853893,0.17644232256116898
eurusd,2025-08-26,PC2,0.17075465696977002,0.16908821031013332
eurusd,2025-08-27,PC2,0.37457646088330376,0.3709208552143583
eurusd,2025-08-28,PC2,-0.29586845065353173,-0.29298098040801585
eurusd,2025-08-29,PC2,-0.26309794620049703,-0.26053029328031496
eurusd,2025-09-01,PC2,-0.7520227312604918,-0.7446835125784395
eurusd,2025-09-02,PC2,-0.0540157232192495,-0.05348856733885364
eurusd,2025-09-03,PC2,-0.15534049867264685,-0.1538244834745069
eurusd,2025-09-04,PC2,-0.8240335133156471,-0.8159915194979516
eurusd,2025-09-05,PC2,-0.8223850152772151,-0.8143591096535303
eurusd,2025-09-08,PC2,-0.6713300324178231,-0.6647783183393333
eurusd,2025-09-09,PC2,-0.5402162679774556,-0.534944133025307
eurusd,2025-09-10,PC2,-0.3974196725906621,-0.39354113306725746
eurusd,2025-09-11,PC2,-0.3182317725905546,-0.3151260518808834
eurusd,2025-09-12,PC2,-0.5564302713692356,-0.5509998990239109
eurusd,2025-09-15,PC2,-0.6350531221290836,-0.628855445457511
eurusd,2025-09-16,PC2,-0.7898592278639094,-0.782150751297498
eurusd,2025-09-17,PC2,-0.2164955332585438,-0.21438268746782047
eurusd,2025-09-18,PC2,-0.348821135933243,-0.3454168843180758
eurusd,2025-09-19,PC2,-0.3005105177119614,-0.29757774412139704
eurusd,2025-09-22,PC2,-0.2444916317401164,-0.24210556350483192
eurusd,2025-09-23,PC2,-0.7566396494639629,-0.7492553728721908
eurusd,2025-09-24,PC2,-0.09322171862552714,-0.09231193950520353
eurusd,2025-09-25,PC2,0.5418656444821442,0.5365774127627656
eurusd,2025-09-26,PC2,0.03310416576475682,0.032781092137145626
eurusd,2025-09-29,PC2,-0.4393043441026235,-0.43501703932402913
eurusd,2025-09-30,PC2,-0.44612324023935473,-0.44176938777830693
eurusd,2025-10-01,PC2,-0.5274934576198322,-0.522345488445636
eurusd,2025-10-02,PC2,-0.5640534413207346,-0.55854867214005
eurusd,2025-10-03,PC2,-0.45463884329549276,-0.450201884472841
eurusd,2025-10-06,PC2,-0.5604437993217961,-0.5549742577358275
eurusd,2025-10-07,PC2,-0.4822518895482216,-0.47754544660427645
eurusd,2025-10-08,PC2,-0.744301668559195,-0.7370378020776376
eurusd,2025-10-09,PC2,-0.1030458111428213,-0.10204015571405647
eurusd,2025-10-10,PC2,-0.8016352883242334,-0.7938118856002223
eurusd,2025-10-13,PC2,-1.0855200092813422,-1.0749260891766859
eurusd,2025-10-14,PC2,-0.9066071099901442,-0.8977592553145701
eurusd,2025-10-15,PC2,-1.1408695144236807,-1.1297354216549587
eurusd,2025-10-16,PC2,-0.8300797901899181,-0.8219787889162669
eurusd,2025-10-17,PC2,-0.7915992883329859,-0.7838738299869398
eurusd,2025-10-20,PC2,-0.6082896438983878,-0.60235316015525
eurusd,2025-10-21,PC2,-0.4687380454840953,-0.46416348825676346
eurusd,2025-10-22,PC2,-0.6078132680884698,-0.6018814334418267
eurusd,2025-10-23,PC2,-0.639138855970324,-0.6329013053788671
eurusd,2025-10-24,PC2,-0.8336849339841005,-0.8255487490150822
eurusd,2025-10-27,PC2,-0.8592176258080023,-0.8508322595296333
eurusd,2025-10-28,PC2,-0.7651967040534909,-0.7577289165619864
eurusd,2025-10-29,PC2,-0.6695431541790706,-0.663008878789077
eurusd,2025-10-30,PC2,-0.5875558758528813,-0.5818217392615826
eurusd,2025-10-31,PC2,-0.24275105014085963,-0.24038196877107787
eurusd,2025-11-03,PC2,-0.1324611969674899,-0.13116846783708003
eurusd,2025-11-04,PC2,0.05166711277737198,0.051162877700983066
eurusd,2025-11-05,PC2,0.4034580916966976,0.3995206214036889
eurusd,2025-11-06,PC2,-0.5084322037489201,-0.5034702591517712
eurusd,2025-11-07,PC2,-0.5108310930137455,-0.5058457369262563
eurusd,2025-11-10,PC2,-0.6431315213043163,-0.6368550050768588
eurusd,2025-11-11,PC2,-1.1368635371842735,-1.1257685399664878
eurusd,2025-11-12,PC2,-1.0357971344327352,-1.025688474994871
eurusd,2025-11-13,PC2,-0.9989409717843177,-0.9891920028534207
eurusd,2025-11-14,PC2,-0.6186757581160603,-0.6126379131236788
eurusd,2025-11-17,PC2,-0.35566601605139003,-0.35219496316818766
eurusd,2025-11-18,PC2,-0.48069048471847964,-0.47599927999941827
eurusd,2025-11-19,PC2,-0.04002307548905499,-0.03963247811595409
eurusd,2025-11-20,PC2,-0.051873608934408684,-0.051367358599184364
eurusd,2025-11-21,PC2,-0.0808467943939564,-0.08005778592501601
eurusd,2025-11-24,PC2,0.006129810297720323,0.006069987613665269
eurusd,2025-11-25,PC2,-0.6122478867021978,-0.6062727732630065
eurusd,2025-11-26,PC2,-0.5840897623458615,-0.5783894526110493
eurusd,2025-11-27,PC2,-0.5632914554107803,-0.5577941226824705
eurusd,2025-11-28,PC2,-0.567027649507379,-0.561493854123921
eurusd,2025-12-01,PC2,-0.6806019339334166,-0.6739597325465082
eurusd,2025-12-02,PC2,-0.6703571493014332,-0.6638149298853339
eurusd,2025-12-03,PC2,-0.9890418878342294,-0.9793895270759868
eurusd,2025-12-04,PC2,-1.0203278554275723,-1.0103701653909685
eurusd,2025-12-05,PC2,-1.0062754726733487,-0.9964549241163172
eurusd,2025-12-08,PC2,-0.6831919948960095,-0.6765245163159869
eurusd,2025-12-09,PC2,-0.7333510417015057,-0.7261940457198325
eurusd,2025-12-10,PC2,-0.7666636809625612,-0.759181576796986
eurusd,2025-12-11,PC2,-0.7846582066615012,-0.7770004884437244
eurusd,2025-12-12,PC2,-0.6309908092430272,-0.6248327779191102
eurusd,2025-12-15,PC2,-0.48618605159867906,-0.4814412139700805
eurusd,2025-12-16,PC2,-0.511611344241471,-0.5066183734448126
eurusd,2025-12-17,PC2,-0.10350801752759561,-0.10249785128606796
eurusd,2025-12-18,PC2,-0.3820050705790364,-0.3782769668474735
eurusd,2025-12-19,PC2,-0.4339895492818782,-0.4297541132032822
eurusd,2025-12-22,PC2,-0.29049437622334967,-0.28765935320557995
eurusd,2025-12-23,PC2,-0.526406967482544,-0.5212696016962269
eurusd,2025-12-24,PC2,-0.6331642903029621,-0.6269850473159702
eurusd,2025-12-25,PC2,-0.5103895294336792,-0.50540848269954
eurusd,2025-12-26,PC2,-0.6842226313716501,-0.6775450944966293
eurusd,2025-12-29,PC2,-0.3746618431957723,-0.3710054042548567
eurusd,2025-12-30,PC2,-0.46424565090131736,-0.45971493631979726
eurusd,2025-12-31,PC2,-0.4366067398335848,-0.4323457617959586
eurusd,2026-01-01,PC2,-0.4686973160065355,-0.46412315627056955
eurusd,2026-01-02,PC2,-0.3872426844238463,-0.3834634652249161
eurusd,2026-01-05,PC2,-0.4651729199722387,-0.4606331558896787
eurusd,2026-01-06,PC2,-0.4824222936068562,-0.47771418763784723
eurusd,2026-01-07,PC2,-0.368360309115958,-0.3647653687637442
eurusd,2026-01-08,PC2,-0.4752446932608997,-0.4706066356778791
eurusd,2026-01-09,PC2,-0.14682963842638386,-0.14539668330332303
eurusd,2026-01-12,PC2,-0.5068677294073963,-0.5019210529914309
eurusd,2026-01-13,PC2,-0.3733474712600741,-0.3697038596748549
eurusd,2026-01-14,PC2,-0.3537151655743624,-0.3502631516346277
eurusd,2026-01-15,PC2,-0.06754494314857622,-0.06688575149381955
eurusd,2026-01-16,PC2,0.0028072554446985625,0.0027798585845392417
eurusd,2026-01-19,PC2,-0.5151097649404317,-0.5100826519915694
eurusd,2026-01-20,PC2,-0.8123767074298974,-0.804448475928118
eurusd,2026-01-21,PC2,-0.24542469860966226,-0.24302952429085675
eurusd,2026-01-22,PC2,-0.4206970394140624,-0.4165913289843038
eurusd,2026-01-23,PC2,-1.0936288200096598,-1.0829557635535174
eurusd,2026-01-26,PC2,-2.381815537501246,-2.358570674861614
eurusd,2026-01-27,PC2,-2.962894768601127,-2.9339789769172455
eurusd,2026-01-28,PC2,-1.1574528398905304,-1.1461569054021135
eurusd,2026-01-29,PC2,-0.14061177356638657,-0.13923950047864997
eurusd,2026-01-30,PC2,0.14375335632063166,0.14235042357078292
eurusd,2026-02-02,PC2,-0.3314801745113119,-0.3282451586156811
eurusd,2026-02-03,PC2,-0.6546003551346221,-0.6482119110677393
eurusd,2026-02-04,PC2,-0.3150735974782626,-0.311998698360575
eurusd,2026-02-05,PC2,-0.3699175720565712,-0.36630743390143
eurusd,2026-02-06,PC2,-0.4994839531636006,-0.49460933726695183
eurusd,2026-02-09,PC2,-0.32669879683870257,-0.32351044386279754
eurusd,2026-02-10,PC2,-0.37491764022586294,-0.37125870488388923
eurusd,2026-02-11,PC2,0.06381322660026238,0.06319045390289774
eurusd,2026-02-12,PC2,0.1649168343930442,0.16330736082043878
eurusd,2026-02-13,PC2,0.6146136664785053,0.6086154646745481
eurusd,2026-02-16,PC2,0.711131292084269,0.7041911454007921
eurusd,2026-02-17,PC2,0.1605605328102388,0.15899357371044406
eurusd,2026-02-18,PC2,0.3017739140100474,0.2988288105505466
eurusd,2026-02-19,PC2,1.6888566592196068,1.6723745931471128
eurusd,2026-02-20,PC2,1.3625363592340305,1.3492389522714716
eurusd,2026-02-23,PC2,0.5011091088702752,0.49621863258453475
eurusd,2026-02-24,PC2,0.4767258867425993,0.4720733737416496
eurusd,2026-02-25,PC2,0.6379163541701359,0.6316907343457662
eurusd,2026-02-26,PC2,1.1995355815643713,1.18782894879378
eurusd,2026-02-27,PC2,1.5634277866707782,1.548169819134689
eurusd,2026-03-02,PC2,2.1318860817522314,2.111080356727168
eurusd,2026-03-03,PC2,2.0200485154901173,2.0003342473074426
eurusd,2026-03-04,PC2,1.4829695600266148,1.4684968088085508
eurusd,2026-03-05,PC2,1.8147724731468493,1.7970615563288577
eurusd,2026-03-06,PC2,2.5206971952897703,2.496096944288768
eurusd,2026-03-09,PC2,-1.1190972726429385,-1.1081756618072551
eurusd,2026-03-10,PC2,-0.9948294305669857,-0.9851205874180097
eurusd,2026-03-11,PC2,0.9366615429585955,0.9275203779258323
eurusd,2026-03-12,PC2,1.5560700165925598,1.5408838557737035
eurusd,2026-03-13,PC2,0.8331459645230701,0.8250150395210358
eurusd,2026-03-16,PC2,-0.9905331324297344,-0.9808662181616843
eurusd,2026-03-17,PC2,-1.17050830526818,-1.15908495852024
eurusd,2026-03-18,PC2,-0.3658799792171345,-0.36230924515919133
eurusd,2026-03-19,PC2,-1.8017536513445025,-1.7841697891702315
eurusd,2026-03-20,PC2,-1.4476078731315716,-1.4334802273768146
eurusd,2026-03-23,PC2,-2.253233251520452,-2.231243262538521
eurusd,2026-03-24,PC2,-2.6376187388523538,-2.611877414927385
eurusd,2026-03-25,PC2,-2.321887065300411,-2.2992270628577915
eurusd,2026-03-26,PC2,-1.6097404261441637,-1.5940304794660765
eurusd,2026-03-27,PC2,-1.821086056397116,-1.8033135233989017
eurusd,2025-02-04,PC3,-0.6596538982808694,-0.8215526883727046
eurusd,2025-02-05,PC3,-0.8106629338272372,-1.0096238563670215
eurusd,2025-02-06,PC3,-0.5936830430423259,-0.7393906127498376
eurusd,2025-02-07,PC3,-0.7419728186261373,-0.9240751330817294
eurusd,2025-02-10,PC3,-0.3543530126702563,-0.4413218370283368
eurusd,2025-02-11,PC3,-0.36786341870973366,-0.4581481006669903
eurusd,2025-02-12,PC3,-0.5486543562235131,-0.6833105398414578
eurusd,2025-02-13,PC3,-0.6993594492427452,-0.8710031687246894
eurusd,2025-02-14,PC3,-0.8259722204985525,-1.0286904997305573
eurusd,2025-02-17,PC3,-0.8791199609617546,-1.0948822848049282
eurusd,2025-02-18,PC3,-0.8199116977495483,-1.021142543491135
eurusd,2025-02-19,PC3,-0.8752264668519086,-1.09003321082622
eurusd,2025-02-20,PC3,-0.8341601843734656,-1.038888034758038
eurusd,2025-02-21,PC3,-0.9860106791938719,-1.2280071812916222
eurusd,2025-02-24,PC3,-0.5700123137403005,-0.7099103787293887
eurusd,2025-02-25,PC3,-0.5538964242040293,-0.689839168040653
eurusd,2025-02-26,PC3,-0.5908736339446534,-0.7358916906591069
eurusd,2025-02-27,PC3,-0.7575844870580428,-0.9435183717310283
eurusd,2025-02-28,PC3,-0.9741950446297902,-1.2132916367215854
eurusd,2025-03-03,PC3,-0.9256508957378321,-1.1528333022360489
eurusd,2025-03-04,PC3,-0.41892456560023256,-0.5217411797173948
eurusd,2025-03-05,PC3,-0.33904671621751054,-0.42225891777241414
eurusd,2025-03-06,PC3,-0.31436267889723896,-0.39151667964843556
eurusd,2025-03-07,PC3,-0.25993467156256145,-0.3237304119327336
eurusd,2025-03-10,PC3,-0.08806171132274274,-0.1096746883001024
eurusd,2025-03-11,PC3,0.04465681501038371,0.05561693263930412
eurusd,2025-03-12,PC3,-0.09035666446256999,-0.11253289155885379
eurusd,2025-03-13,PC3,-0.45837164782502066,-0.570869755376073
eurusd,2025-03-14,PC3,-0.4659339975498665,-0.5802881318353845
eurusd,2025-03-17,PC3,-0.33400794444466364,-0.4159834807487459
eurusd,2025-03-18,PC3,-0.259645965586785,-0.3233708488782795
eurusd,2025-03-19,PC3,-0.34639495143387244,-0.43141062962090027
eurusd,2025-03-20,PC3,-0.4667377379633048,-0.5812891341778779
eurusd,2025-03-21,PC3,-0.5213777817674254,-0.6493394784524511
eurusd,2025-03-24,PC3,-0.42243849305589226,-0.5261175300360503
eurusd,2025-03-25,PC3,-0.4951991258734495,-0.6167357976681341
eurusd,2025-03-26,PC3,-1.0857298130360966,-1.352200372150922
eurusd,2025-03-27,PC3,-0.8733833861543588,-1.0877377830179313
eurusd,2025-03-28,PC3,-0.7118518182020618,-0.8865615385447073
eurusd,2025-03-31,PC3,-0.4033163406711583,-0.5023022297094817
eurusd,2025-04-01,PC3,-0.5355154283389735,-0.6669469262040492
eurusd,2025-04-02,PC3,-0.5096502434042793,-0.6347336515251094
eurusd,2025-04-03,PC3,-0.039717028387336914,-0.04946477468082833
eurusd,2025-04-04,PC3,-0.03384619984216767,-0.0421530692746619
eurusd,2025-04-07,PC3,0.20060191476768463,0.2498356225887565
eurusd,2025-04-08,PC3,0.21367953912358648,0.2661228869786425
eurusd,2025-04-09,PC3,-0.031454485738728735,-0.039174357018704704
eurusd,2025-04-10,PC3,0.403567047253306,0.5026144671829349
eurusd,2025-04-11,PC3,0.5305875004314615,0.6608095374444625
eurusd,2025-04-14,PC3,1.2769750849525148,1.590382951971894
eurusd,2025-04-15,PC3,1.4497847733353022,1.8056053048416687
eurusd,2025-04-16,PC3,1.9877097410220912,2.475553143393989
eurusd,2025-04-17,PC3,2.010239440347025,2.5036123045645136
eurusd,2025-04-18,PC3,1.867265056182863,2.3255477316352624
eurusd,2025-04-21,PC3,2.0131514793209293,2.5072390449717057
eurusd,2025-04-22,PC3,2.085962752443397,2.5979203815536547
eurusd,2025-04-23,PC3,1.1544957634047859,1.4378435428213734
eurusd,2025-04-24,PC3,1.4519997222982157,1.808363868506391
eurusd,2025-04-25,PC3,1.2688537723692117,1.5802684264558378
eurusd,2025-04-28,PC3,1.7297673425974232,2.1543039679955593
eurusd,2025-04-29,PC3,1.8464596011940664,2.2996359959153514
eurusd,2025-04-30,PC3,1.9058295846024198,2.3735771483968113
eurusd,2025-05-01,PC3,1.5568294582243725,1.938921956006489
eurusd,2025-05-02,PC3,1.7758411414144413,2.2116856546350396
eurusd,2025-05-05,PC3,2.0717759231558364,2.5802516801769864
eurusd,2025-05-06,PC3,2.110820892448913,2.628879452367455
eurusd,2025-05-07,PC3,2.039501087428051,2.5400556347536947
eurusd,2025-05-08,PC3,1.7039287239321461,2.1221237797428754
eurusd,2025-05-09,PC3,1.3827079578111932,1.7220658332112777
eurusd,2025-05-12,PC3,0.101021244506322,0.1258148784130821
eurusd,2025-05-13,PC3,0.6047590276669335,0.7531849751699371
eurusd,2025-05-14,PC3,0.5868352705101038,0.7308621920918583
eurusd,2025-05-15,PC3,0.7838609191052451,0.9762438258600461
eurusd,2025-05-16,PC3,0.6727985218686376,0.8379233956092089
eurusd,2025-05-19,PC3,1.0209883870368437,1.271569464462228
eurusd,2025-05-20,PC3,1.0276025631559513,1.2798069571628468
eurusd,2025-05-21,PC3,1.3509638597624414,1.6825307843623516
eurusd,2025-05-22,PC3,1.4013706238459118,1.7453088754990334
eurusd,2025-05-23,PC3,1.328955807720611,1.655121298315301
eurusd,2025-05-26,PC3,1.3765195613300696,1.7143586192024878
eurusd,2025-05-27,PC3,1.1307993673293002,1.4083313426338282
eurusd,2025-05-28,PC3,0.8492693082815163,1.0577053894313924
eurusd,2025-05-29,PC3,0.7113212838469806,0.8859007951960661
eurusd,2025-05-30,PC3,0.57426191576821,0.7152029601567681
eurusd,2025-06-02,PC3,1.013692231200894,1.262482613831265
eurusd,2025-06-03,PC3,0.9021203063569885,1.1235276026635763
eurusd,2025-06-04,PC3,0.7036311458352893,0.8763232673834858
eurusd,2025-06-05,PC3,0.6953689132273371,0.8660332358552653
eurusd,2025-06-06,PC3,0.6315036226186186,0.7864934933781332
eurusd,2025-06-09,PC3,0.67693254010721,0.8430720255294324
eurusd,2025-06-10,PC3,0.696475632027636,0.8674115765397177
eurusd,2025-06-11,PC3,0.5683162416281639,0.7077980398088812
eurusd,2025-06-12,PC3,0.5841118465331006,0.7274703584413384
eurusd,2025-06-13,PC3,0.3319913489513245,0.41347195242573576
eurusd,2025-06-16,PC3,0.744181527985653,0.9268259257578126
eurusd,2025-06-17,PC3,0.4848954606931702,0.6039033049761107
eurusd,2025-06-18,PC3,0.5481304281037204,0.6826580240957694
eurusd,2025-06-19,PC3,0.5555551368191589,0.6919049783265402
eurusd,2025-06-20,PC3,0.5525666647863545,0.6881830459024681
eurusd,2025-06-23,PC3,0.6942504848099804,0.864640311663615
eurusd,2025-06-24,PC3,0.9168076428780737,1.1418196507138927
eurusd,2025-06-25,PC3,0.8285935354063307,1.0319551636932287
eurusd,2025-06-26,PC3,0.928541381371475,1.1564331994688362
eurusd,2025-06-27,PC3,0.9567333836487701,1.191544362037392
eurusd,2025-06-30,PC3,1.1775927755203814,1.466609252303871
eurusd,2025-07-01,PC3,1.0818914955613093,1.3474200168032755
eurusd,2025-07-02,PC3,0.8026407189732163,0.9996327501260008
eurusd,2025-07-03,PC3,0.7582639556407837,0.9443646022198756
eurusd,2025-07-04,PC3,0.6401757006490839,0.7972939586498069
eurusd,2025-07-07,PC3,0.5470031604660699,0.6812540912748751
eurusd,2025-07-08,PC3,0.39348574681990267,0.49005891419531517
eurusd,2025-07-09,PC3,0.23140139880055008,0.28819422089862196
eurusd,2025-07-10,PC3,0.1978016205993129,0.2463480525035106
eurusd,2025-07-11,PC3,0.20011864656272907,0.24923374591673048
eurusd,2025-07-14,PC3,0.48308978876521447,0.6016544671679855
eurusd,2025-07-15,PC3,0.4237678142504738,0.5277731063980821
eurusd,2025-07-16,PC3,0.45220645297070067,0.5631914373670207
eurusd,2025-07-17,PC3,0.3673515035557501,0.45751054622810444
eurusd,2025-07-18,PC3,0.39462120097725223,0.49147304275261705
eurusd,2025-07-21,PC3,0.6627351687173102,0.8253901947033048
eurusd,2025-07-22,PC3,0.7985861529311167,0.9945830723468614
eurusd,2025-07-23,PC3,0.6922063116635918,0.8620944373069387
eurusd,2025-07-24,PC3,0.4529821677331716,0.5641575357258408
eurusd,2025-07-25,PC3,0.2928845170400278,0.36476713468086214
eurusd,2025-07-28,PC3,-0.14388025659867196,-0.17919277354450663
eurusd,2025-07-29,PC3,-0.6177735957466712,-0.7693937073881296
eurusd,2025-07-30,PC3,-0.9136210796955392,-1.1378510096490857
eurusd,2025-07-31,PC3,-0.5706029811978566,-0.7106460136418088
eurusd,2025-08-01,PC3,0.06930637757068735,0.08631623486643362
eurusd,2025-08-04,PC3,0.6031680703734841,0.7512035493875293
eurusd,2025-08-05,PC3,0.5516856151741926,0.6870857603723625
eurusd,2025-08-06,PC3,0.9567588910661039,1.1915761297376035
eurusd,2025-08-07,PC3,0.8485092621167303,1.0567588052126156
eurusd,2025-08-08,PC3,0.7315578929994331,0.9111040733030745
eurusd,2025-08-11,PC3,0.7187368524837472,0.8951363660995734
eurusd,2025-08-12,PC3,0.6224832283979784,0.7752592247086664
eurusd,2025-08-13,PC3,0.6957549766503213,0.8665140507854303
eurusd,2025-08-14,PC3,0.5562112964230903,0.6927221791162517
eurusd,2025-08-15,PC3,0.3844850042430077,0.47884912027054677
eurusd,2025-08-18,PC3,0.399852773934134,0.49798860013557994
eurusd,2025-08-19,PC3,0.3745130514190324,0.4664297520651694
eurusd,2025-08-20,PC3,0.3570916400979855,0.44473260551096433
eurusd,2025-08-21,PC3,0.1273292518450939,0.15857965735431742
eurusd,2025-08-22,PC3,0.4428819591811947,0.5515784340020025
eurusd,2025-08-25,PC3,0.48468421151312885,0.6036402089310001
eurusd,2025-08-26,PC3,0.5908926871139331,0.7359154200458069
eurusd,2025-08-27,PC3,0.5274738162874788,0.6569316621133243
eurusd,2025-08-28,PC3,0.5862850769893071,0.7301769646304369
eurusd,2025-08-29,PC3,0.31375192679890423,0.39075603072385984
eurusd,2025-09-01,PC3,0.4216418203469649,0.525125330024072
eurusd,2025-09-02,PC3,0.13302202137561056,0.16566960273972442
eurusd,2025-09-03,PC3,0.08343092349873334,0.10390736668490895
eurusd,2025-09-04,PC3,-0.1627483185827844,-0.20269162208891447
eurusd,2025-09-05,PC3,0.34150131279757023,0.4253159457449169
eurusd,2025-09-08,PC3,0.5146300359402511,0.6409356340437069
eurusd,2025-09-09,PC3,0.5254734810719709,0.6544403848265078
eurusd,2025-09-10,PC3,0.3260486808580471,0.40607077589837454
eurusd,2025-09-11,PC3,0.08241925697336465,0.10264740694568911
eurusd,2025-09-12,PC3,0.1824214132034179,0.22719308234907487
eurusd,2025-09-15,PC3,0.1799395116091721,0.22410204789548788
eurusd,2025-09-16,PC3,0.12686901899015612,0.1580064695959536
eurusd,2025-09-17,PC3,0.18049761617879942,0.22479712801366097
eurusd,2025-09-18,PC3,0.14572221437219615,0.1814868028296335
eurusd,2025-09-19,PC3,-0.01406113221297395,-0.017512154481676097
eurusd,2025-09-22,PC3,-0.014581170779430618,-0.018159826061338393
eurusd,2025-09-23,PC3,0.08559264024479898,0.10659963335514144
eurusd,2025-09-24,PC3,-0.0740992733223715,-0.09228545054173162
eurusd,2025-09-25,PC3,-0.2314210130294761,-0.2882186490457911
eurusd,2025-09-26,PC3,-0.35914938029561266,-0.447295376678909
eurusd,2025-09-29,PC3,-0.149567591188322,-0.1862759500920552
eurusd,2025-09-30,PC3,-0.0929179161870323,-0.11572275103715751
eurusd,2025-10-01,PC3,0.06329304852130072,0.07882705507159253
eurusd,2025-10-02,PC3,-0.018241543620974,-0.02271856384224662
eurusd,2025-10-03,PC3,-0.20678842505179518,-0.25754048747139485
eurusd,2025-10-06,PC3,-0.10192528735829744,-0.12694080041154754
eurusd,2025-10-07,PC3,0.11532397432315106,0.14362792577429268
eurusd,2025-10-08,PC3,-0.10917375913697636,-0.1359682638918464
eurusd,2025-10-09,PC3,-0.21741174554788753,-0.27077108845132486
eurusd,2025-10-10,PC3,0.026995730013024646,0.03362128932244885
eurusd,2025-10-13,PC3,0.2040708941632069,0.2541559932493834
eurusd,2025-10-14,PC3,0.2101465254970303,0.2617227661720817
eurusd,2025-10-15,PC3,0.12521204082848558,0.15594281945025906
eurusd,2025-10-16,PC3,0.1308697209709441,0.16298906346261624
eurusd,2025-10-17,PC3,-0.008644507479491349,-0.010766128083141951
eurusd,2025-10-20,PC3,0.03812008983424589,0.04747589965881988
eurusd,2025-10-21,PC3,-0.08687163672867437,-0.10819253381777623
eurusd,2025-10-22,PC3,-0.20951569476737206,-0.2609371107197208
eurusd,2025-10-23,PC3,-0.4298034009201212,-0.5352900064986973
eurusd,2025-10-24,PC3,-0.3811637487185202,-0.4747127293358111
eurusd,2025-10-27,PC3,-0.46507243605639365,-0.5792151173909832
eurusd,2025-10-28,PC3,-0.7561788435507826,-0.9417677412787671
eurusd,2025-10-29,PC3,-0.8622817198279493,-1.0739114358385276
eurusd,2025-10-30,PC3,-0.8697739818411181,-1.083242522966115
eurusd,2025-10-31,PC3,-1.1756202176829351,-1.4641525697942326
eurusd,2025-11-03,PC3,-1.0796012743418493,-1.3445677068196376
eurusd,2025-11-04,PC3,-1.0824727988615126,-1.348143989314148
eurusd,2025-11-05,PC3,-1.1479846666552083,-1.4297344282496145
eurusd,2025-11-06,PC3,-0.9940039696541907,-1.2379622642278907
eurusd,2025-11-07,PC3,-0.8876302304646502,-1.10548122889834
eurusd,2025-11-10,PC3,-0.682379522207069,-0.8498558598997328
eurusd,2025-11-11,PC3,-0.6788783313454615,-0.8454953721161301
eurusd,2025-11-12,PC3,-0.7082292769785286,-0.882049917392023
eurusd,2025-11-13,PC3,-0.6621301226078354,-0.8246366521878727
eurusd,2025-11-14,PC3,-0.7211119270584365,-0.8980943549889139
eurusd,2025-11-17,PC3,-0.7706017927336338,-0.9597305134329447
eurusd,2025-11-18,PC3,-0.7296995301815863,-0.9087896126852423
eurusd,2025-11-19,PC3,-0.8897348432562655,-1.108102376596309
eurusd,2025-11-20,PC3,-0.7917932838324663,-0.9861230300666585
eurusd,2025-11-21,PC3,-0.7102478322913782,-0.8845638865328445
eurusd,2025-11-24,PC3,-0.7733646031039875,-0.9631714000753845
eurusd,2025-11-25,PC3,-0.9343158507673935,-1.1636248963094211
eurusd,2025-11-26,PC3,-0.9150592852161706,-1.1396421938063939
eurusd,2025-11-27,PC3,-1.0067168830133975,-1.2537953066377432
eurusd,2025-11-28,PC3,-1.0501903284226077,-1.3079384353933523
eurusd,2025-12-01,PC3,-1.0066294797344897,-1.2536864519808597
eurusd,2025-12-02,PC3,-1.2013550188758944,-1.496203460662781
eurusd,2025-12-03,PC3,-1.1098889141100468,-1.3822888389782955
eurusd,2025-12-04,PC3,-1.3495159259678415,-1.6807274843217759
eurusd,2025-12-05,PC3,-1.3842706912476728,-1.7240121081583355
eurusd,2025-12-08,PC3,-1.2366601577978307,-1.540173536289225
eurusd,2025-12-09,PC3,-1.5680668523226713,-1.9529173426112283
eurusd,2025-12-10,PC3,-1.5036802841253933,-1.872728385439261
eurusd,2025-12-11,PC3,-1.2661759830039672,-1.5769334275152684
eurusd,2025-12-12,PC3,-1.2975358989423735,-1.6159900044770403
eurusd,2025-12-15,PC3,-1.1005507747594678,-1.3706588410235188
eurusd,2025-12-16,PC3,-0.9153046076232075,-1.139947725667184
eurusd,2025-12-17,PC3,-1.015089246984038,-1.2642224990579505
eurusd,2025-12-18,PC3,-0.7542884600667973,-0.9394134011659127
eurusd,2025-12-19,PC3,-0.6517421562384862,-0.8116991682744065
eurusd,2025-12-22,PC3,-0.5459980846237568,-0.6800023397693972
eurusd,2025-12-23,PC3,-0.5411185888220147,-0.6739252698024466
eurusd,2025-12-24,PC3,-0.6051335872551065,-0.7536514628802721
eurusd,2025-12-25,PC3,-0.6335669616024638,-0.7890632374418359
eurusd,2025-12-26,PC3,-0.7037053793516276,-0.8764157200242984
eurusd,2025-12-29,PC3,-0.7152578583276994,-0.8908035227567547
eurusd,2025-12-30,PC3,-0.7383298556764869,-0.9195380781007353
eurusd,2025-12-31,PC3,-0.8133196426987986,-1.0129326010304625
eurusd,2026-01-01,PC3,-0.8828880174563777,-1.0995751350270908
eurusd,2026-01-02,PC3,-1.2267102954620541,-1.5277816802383495
eurusd,2026-01-05,PC3,-1.2712825028393855,-1.58329324000171
eurusd,2026-01-06,PC3,-1.4465547937172873,-1.8015825916499764
eurusd,2026-01-07,PC3,-1.4784870700706605,-1.8413520033859527
eurusd,2026-01-08,PC3,-1.51124704175284,-1.8821522516322666
eurusd,2026-01-09,PC3,-1.3069117742937113,-1.6276669999754574
eurusd,2026-01-12,PC3,-0.9583581838161065,-1.1935679367468353
eurusd,2026-01-13,PC3,-0.914467954811877,-1.1389057332402848
eurusd,2026-01-14,PC3,-0.8700622063153238,-1.0836014863441161
eurusd,2026-01-15,PC3,-0.9461496521153344,-1.1783630663352578
eurusd,2026-01-16,PC3,-1.0518491038962483,-1.3100043239651136
eurusd,2026-01-19,PC3,-0.7822763373683003,-0.9742703403863413
eurusd,2026-01-20,PC3,-0.23077141074371318,-0.2874096149361885
eurusd,2026-01-21,PC3,-0.6225657401512938,-0.775361987313327
eurusd,2026-01-22,PC3,-0.6286515620644435,-0.7829414518882135
eurusd,2026-01-23,PC3,-0.434160635608064,-0.5407166368590715
eurusd,2026-01-26,PC3,-0.07818541475736199,-0.09737445325927212
eurusd,2026-01-27,PC3,1.0591631188852728,1.3191134169192942
eurusd,2026-01-28,PC3,0.6868307787955449,0.8553995879462526
eurusd,2026-01-29,PC3,0.7048601432347237,0.877853897491395
eurusd,2026-01-30,PC3,0.3478523990636458,0.43322577847626187
eurusd,2026-02-02,PC3,0.3134628782008728,0.3903960409574051
eurusd,2026-02-03,PC3,0.1716417313254159,0.2137677442289562
eurusd,2026-02-04,PC3,0.09725396821109884,0.12112299987457988
eurusd,2026-02-05,PC3,0.1598601764243181,0.1990946434901711
eurusd,2026-02-06,PC3,0.24026079069782888,0.2992279724606535
eurusd,2026-02-09,PC3,0.4947909018360955,0.616227383246232
eurusd,2026-02-10,PC3,0.7791084736060764,0.9703249881386863
eurusd,2026-02-11,PC3,0.5801247898639031,0.7225047588537215
eurusd,2026-02-12,PC3,0.663470981916382,0.8263065984620228
eurusd,2026-02-13,PC3,0.6335764092423191,0.7890750038149882
eurusd,2026-02-16,PC3,0.3818243467568581,0.47553545788443524
eurusd,2026-02-17,PC3,0.03993721301442894,0.049738999198857936
eurusd,2026-02-18,PC3,-0.23470112029109477,-0.2923037927036343
eurusd,2026-02-19,PC3,-0.2796474720121148,-0.3482813230194283
eurusd,2026-02-20,PC3,-0.3238805653219353,-0.4033705399837018
eurusd,2026-02-23,PC3,-0.11797138233809311,-0.14692508687281225
eurusd,2026-02-24,PC3,-0.11866662638380775,-0.14779096459493368
eurusd,2026-02-25,PC3,-0.16081589240062183,-0.20028492074268595
eurusd,2026-02-26,PC3,-0.3293459833336789,-0.41017733498988657
eurusd,2026-02-27,PC3,-0.528816494823867,-0.6586038741082326
eurusd,2026-03-02,PC3,-0.6032221185790617,-0.7512708626387858
eurusd,2026-03-03,PC3,-0.8059586860506633,-1.0037650455304787
eurusd,2026-03-04,PC3,-0.8495249549593812,-1.0580237794477694
eurusd,2026-03-05,PC3,-0.8901831952257251,-1.1086607675446634
eurusd,2026-03-06,PC3,-0.7811555174603014,-0.9728744377607405
eurusd,2026-03-09,PC3,-0.2194993821963256,-0.2733710935529992
eurusd,2026-03-10,PC3,-0.36565327680262905,-0.45539552385330206
eurusd,2026-03-11,PC3,-0.29944156646871106,-0.37293348009316063
eurusd,2026-03-12,PC3,-0.44148039908835723,-0.5498328891561614
eurusd,2026-03-13,PC3,-0.26587649341523484,-0.3311305345267443
eurusd,2026-03-16,PC3,-0.05477484049296604,-0.06821822410124448
eurusd,2026-03-17,PC3,-0.02825268124036899,-0.0351867339634533
eurusd,2026-03-18,PC3,-0.00436358322109417,-0.005434537013382765
eurusd,2026-03-19,PC3,0.21991742618219282,0.273891738032383
eurusd,2026-03-20,PC3,0.24570503500991595,0.30600839710819877
eurusd,2026-03-23,PC3,0.0025523709290876696,0.003178799070208472
eurusd,2026-03-24,PC3,0.022350052501071735,0.027835423644698473
eurusd,2026-03-25,PC3,-0.21920392248100068,-0.2730031191893767
eurusd,2026-03-26,PC3,-0.07904436827563585,-0.09844421965338296
eurusd,2026-03-27,PC3,-0.06736739269603585,-0.08390136512848159
usdzar,2025-02-04,PC1,1.7661113917867377,0.20220606365113
usdzar,2025-02-05,PC1,2.304503053526819,0.2638477353652313
usdzar,2025-02-06,PC1,2.6909906269893566,0.30809756651595727
usdzar,2025-02-07,PC1,-0.5022738224551531,-0.05750645909764205
usdzar,2025-02-10,PC1,-2.154923419541189,-0.2467220267993572
usdzar,2025-02-11,PC1,-2.7528617332132836,-0.31518132856033515
usdzar,2025-02-12,PC1,-4.01159264233373,-0.4592962601059374
usdzar,2025-02-13,PC1,-5.717454369693412,-0.6546042042291872
usdzar,2025-02-14,PC1,-5.904336077814845,-0.6760007111218834
usdzar,2025-02-17,PC1,-6.938512595611653,-0.7944059055827869
usdzar,2025-02-18,PC1,-6.549252167102583,-0.7498386040241117
usdzar,2025-02-19,PC1,-0.6702946901926975,-0.07674354597362014
usdzar,2025-02-20,PC1,-5.911699241720589,-0.6768437363106244
usdzar,2025-02-21,PC1,-7.2916473532928565,-0.8348370978740456
usdzar,2025-02-24,PC1,-7.477334111731317,-0.8560967922911649
usdzar,2025-02-25,PC1,-6.9423894333835365,-0.7948497734548319
usdzar,2025-02-26,PC1,-5.265613105005803,-0.602871882048083
usdzar,2025-02-27,PC1,-4.798112089541738,-0.549346639795804
usdzar,2025-02-28,PC1,0.1917659101218715,0.02195571015992965
usdzar,2025-03-03,PC1,-3.062839309827324,-0.35067135816930023
usdzar,2025-03-04,PC1,-3.125075403925193,-0.3577969084958965
usdzar,2025-03-05,PC1,2.4937938657498204,0.2855200660024374
usdzar,2025-03-06,PC1,1.7445748562348253,0.1997402972793786
usdzar,2025-03-07,PC1,-0.07728018792153546,-0.008847982449184473
usdzar,2025-03-10,PC1,-1.6091426303358811,-0.1842343572702209
usdzar,2025-03-11,PC1,-1.3490079605041925,-0.15445095411090087
usdzar,2025-03-12,PC1,-0.25041405904770625,-0.028670468577699556
usdzar,2025-03-13,PC1,3.817137583898599,0.4370326633101316
usdzar,2025-03-14,PC1,1.0174503378267037,0.11649017651390187
usdzar,2025-03-17,PC1,-4.604533608747488,-0.5271834043447425
usdzar,2025-03-18,PC1,-4.4650843781333265,-0.5112175484350869
usdzar,2025-03-19,PC1,-5.699272604933587,-0.6525225331073019
usdzar,2025-03-20,PC1,-6.961048909801766,-0.7969861388584343
usdzar,2025-03-21,PC1,-4.841171486869035,-0.554276606997892
usdzar,2025-03-24,PC1,-6.392461006213147,-0.731887231530744
usdzar,2025-03-25,PC1,-5.1955539383701,-0.5948506505595343
usdzar,2025-03-26,PC1,-0.7710706557042065,-0.08828161282007699
usdzar,2025-03-27,PC1,3.9288655743452847,0.4498246521127289
usdzar,2025-03-28,PC1,13.632960338988571,1.5608682775495804
usdzar,2025-03-31,PC1,9.462738733348008,1.0834102308199332
usdzar,2025-04-01,PC1,11.314535124826982,1.2954265627147823
usdzar,2025-04-02,PC1,19.333697520794214,2.2135584933554875
usdzar,2025-04-03,PC1,15.546971887473692,1.7800077626363258
usdzar,2025-04-04,PC1,15.856029793352645,1.8153924970753135
usdzar,2025-04-07,PC1,14.517570019428751,1.6621492285594317
usdzar,2025-04-08,PC1,10.908202787213607,1.2489046599032954
usdzar,2025-04-09,PC1,15.354296700464028,1.7579479473213615
usdzar,2025-04-10,PC1,16.02864158703474,1.8351552093835708
usdzar,2025-04-11,PC1,15.562895230099615,1.7818308619309284
usdzar,2025-04-14,PC1,3.6709308549764983,0.42029312622762816
usdzar,2025-04-15,PC1,-1.6995420311723728,-0.19458438789941856
usdzar,2025-04-16,PC1,-0.27379129162302995,-0.0313469804897432
usdzar,2025-04-17,PC1,-3.4868930364645077,-0.39922222264968255
usdzar,2025-04-18,PC1,-0.9273202027833154,-0.10617097473069519
usdzar,2025-04-21,PC1,-2.06762444888529,-0.236726971391631
usdzar,2025-04-22,PC1,-3.3910460199871397,-0.388248482258944
usdzar,2025-04-23,PC1,-4.476609491341167,-0.5125370845559277
usdzar,2025-04-24,PC1,-4.015347665249224,-0.4597261811212216
usdzar,2025-04-25,PC1,-2.351093834696689,-0.2691820186423811
usdzar,2025-04-28,PC1,-6.0717064986140725,-0.6951633268656201
usdzar,2025-04-29,PC1,-6.311559602996448,-0.722624648001541
usdzar,2025-04-30,PC1,-5.882504442465252,-0.67350115811088
usdzar,2025-05-01,PC1,-1.0644175906477196,-0.12186756287673942
usdzar,2025-05-02,PC1,-1.7731923777544722,-0.20301678165338294
usdzar,2025-05-05,PC1,-3.2242623456644792,-0.3691530444383778
usdzar,2025-05-06,PC1,-1.8646959172170516,-0.21349322759610198
usdzar,2025-05-07,PC1,-1.4143698476890254,-0.1619343835151376
usdzar,2025-05-08,PC1,-3.535578764355037,-0.40479636108654216
usdzar,2025-05-09,PC1,-3.535231717687627,-0.4047566269333927
usdzar,2025-05-12,PC1,-5.843484498477136,-0.6690336770027138
usdzar,2025-05-13,PC1,-7.172432398684637,-0.8211879097131058
usdzar,2025-05-14,PC1,-4.609171791347659,-0.5277144402977619
usdzar,2025-05-15,PC1,-2.1953261180114088,-0.2513478225767581
usdzar,2025-05-16,PC1,-1.4215968565269947,-0.16276182000407802
usdzar,2025-05-19,PC1,-4.570193688419432,-0.5232517496666054
usdzar,2025-05-20,PC1,-3.3054424420741073,-0.37844753617777105
usdzar,2025-05-21,PC1,-4.1881917457390445,-0.4795154884683009
usdzar,2025-05-22,PC1,-4.233187602168689,-0.4846671652263819
usdzar,2025-05-23,PC1,-3.834881399687727,-0.43906419266980673
usdzar,2025-05-26,PC1,-3.982700938273282,-0.455988383956446
usdzar,2025-05-27,PC1,-7.3841447160234335,-0.8454273288769376
usdzar,2025-05-28,PC1,-6.966892214071457,-0.7976551519006381
usdzar,2025-05-29,PC1,-8.76367417795989,-1.003372758302386
usdzar,2025-05-30,PC1,-5.534427514629002,-0.6336490481291073
usdzar,2025-06-02,PC1,-7.574176106200122,-0.867184449948959
usdzar,2025-06-03,PC1,-8.15677107558726,-0.9338870577292891
usdzar,2025-06-04,PC1,-4.233646154060312,-0.48471966586332704
usdzar,2025-06-05,PC1,-3.538237050901957,-0.4051007142894087
usdzar,2025-06-06,PC1,-4.823518328531553,-0.552255457213664
usdzar,2025-06-09,PC1,-9.975992662495205,-1.1421738270171902
usdzar,2025-06-10,PC1,-10.459721160507861,-1.197556990227557
usdzar,2025-06-11,PC1,-10.604251580154871,-1.2141046028926346
usdzar,2025-06-12,PC1,0.20806937469068798,0.023822330470328584
usdzar,2025-06-13,PC1,2.602812545951102,0.2980018597842219
usdzar,2025-06-16,PC1,-4.904679879990978,-0.5615478257000175
usdzar,2025-06-17,PC1,-3.871110550874356,-0.443212149636133
usdzar,2025-06-18,PC1,-0.5524687341140861,-0.06325338737695112
usdzar,2025-06-19,PC1,1.3272934996429775,0.1519648166704919
usdzar,2025-06-20,PC1,-3.2129513309707165,-0.3678580209377299
usdzar,2025-06-23,PC1,-5.604747289542362,-0.6417001172452399
usdzar,2025-06-24,PC1,-6.225963335411998,-0.7128245388963218
usdzar,2025-06-25,PC1,-4.103892473493965,-0.4698638752752692
usdzar,2025-06-26,PC1,2.026450532173924,0.2320128771040204
usdzar,2025-06-27,PC1,3.0275808713225043,0.34663454028017865
usdzar,2025-06-30,PC1,-1.3788603426838881,-0.15786882045797118
usdzar,2025-07-01,PC1,0.5786949509255522,0.06625608589900843
usdzar,2025-07-02,PC1,2.4067305422935177,0.27555199037235284
usdzar,2025-07-03,PC1,-1.3640286420436343,-0.15617070570843458
usdzar,2025-07-04,PC1,-1.6561765648423346,-0.1896193781691311
usdzar,2025-07-07,PC1,1.1640416638575273,0.13327374698399802
usdzar,2025-07-08,PC1,-1.2492749338041067,-0.1430322956736008
usdzar,2025-07-09,PC1,-0.17206057648352058,-0.019699602211998315
usdzar,2025-07-10,PC1,-2.4411068241095863,-0.27948780815899765
usdzar,2025-07-11,PC1,4.935547520716659,0.5650819312804258
usdzar,2025-07-14,PC1,-0.7565226051549002,-0.0866159738071284
usdzar,2025-07-15,PC1,-5.662993014789491,-0.6483688012713431
usdzar,2025-07-16,PC1,-6.13028787593241,-0.7018704404519374
usdzar,2025-07-17,PC1,-7.164187089632596,-0.8202438857434096
usdzar,2025-07-18,PC1,-7.014742267365104,-0.8031336120742156
usdzar,2025-07-21,PC1,-8.160802444588445,-0.9343486182291793
usdzar,2025-07-22,PC1,-8.792049752351614,-1.006621541605791
usdzar,2025-07-23,PC1,-9.208527207475495,-1.0543049817283545
usdzar,2025-07-24,PC1,-3.352494257240831,-0.3838346042736732
usdzar,2025-07-25,PC1,1.9711479063952844,0.22568115515246384
usdzar,2025-07-28,PC1,0.6634926222380861,0.0759647619217269
usdzar,2025-07-29,PC1,2.588400282891094,0.2963517673861878
usdzar,2025-07-30,PC1,2.191590198309814,0.2509200887313787
usdzar,2025-07-31,PC1,2.530348238320314,0.2897052582961344
usdzar,2025-08-01,PC1,-0.11930543502834504,-0.013659547467649708
usdzar,2025-08-04,PC1,-5.67057991754998,-0.6492374428245525
usdzar,2025-08-05,PC1,-3.209928829234994,-0.367511967919103
usdzar,2025-08-06,PC1,-2.4472334594202447,-0.28018926040904
usdzar,2025-08-07,PC1,-2.771551479845164,-0.31732115966874913
usdzar,2025-08-08,PC1,-3.280542438624746,-0.37559667880500863
usdzar,2025-08-11,PC1,-6.430608828449376,-0.7362548614589146
usdzar,2025-08-12,PC1,-8.806854454396401,-1.008316565225437
usdzar,2025-08-13,PC1,-7.9014006832227235,-0.9046491274077838
usdzar,2025-08-14,PC1,-6.172730638653435,-0.7067298077716934
usdzar,2025-08-15,PC1,-6.325906612374577,-0.7242672693588396
usdzar,2025-08-18,PC1,-9.177878238062592,-1.0507959123181418
usdzar,2025-08-19,PC1,-9.191212758594194,-1.0523226115512194
usdzar,2025-08-20,PC1,-8.495779892798968,-0.9727009393395848
usdzar,2025-08-21,PC1,-8.118015157169935,-0.9294498055022802
usdzar,2025-08-22,PC1,-6.638049932507204,-0.7600052598120685
usdzar,2025-08-25,PC1,-8.465359705808234,-0.9692180637432134
usdzar,2025-08-26,PC1,-8.051992472854037,-0.9218907199489659
usdzar,2025-08-27,PC1,-7.3323755681577705,-0.8395001627552703
usdzar,2025-08-28,PC1,-8.30477661843196,-0.9508325450617152
usdzar,2025-08-29,PC1,-4.354787283197394,-0.4985893860763206
usdzar,2025-09-01,PC1,-5.05255089111558,-0.5784779101933679
usdzar,2025-09-02,PC1,-1.6631506693510718,-0.19041785907286204
usdzar,2025-09-03,PC1,0.08736627275866846,0.010002760976774237
usdzar,2025-09-04,PC1,2.88890873767191,0.3307576559488782
usdzar,2025-09-05,PC1,-2.4619794486620328,-0.28187756186787793
usdzar,2025-09-08,PC1,-4.3038440724514535,-0.4927567833522844
usdzar,2025-09-09,PC1,-5.414852756223129,-0.6199586652224973
usdzar,2025-09-10,PC1,-4.9016152344291575,-0.5611969475399968
usdzar,2025-09-11,PC1,-2.762143020249408,-0.3162439639784173
usdzar,2025-09-12,PC1,-3.9323250236800047,-0.45022073224427006
usdzar,2025-09-15,PC1,-4.401930289668833,-0.5039868948697073
usdzar,2025-09-16,PC1,-3.6622396053098054,-0.41929804551443933
usdzar,2025-09-17,PC1,-3.5630864439451013,-0.4079457771629858
usdzar,2025-09-18,PC1,-10.093867957546165,-1.1556696345437227
usdzar,2025-09-19,PC1,-8.468260842153272,-0.9695502213654186
usdzar,2025-09-22,PC1,-10.500806865606863,-1.2022609849693584
usdzar,2025-09-23,PC1,-8.620389303006109,-0.9869677508493525
usdzar,2025-09-24,PC1,-7.377432350997057,-0.8446588151149602
usdzar,2025-09-25,PC1,-5.990153681993186,-0.6858261615513253
usdzar,2025-09-26,PC1,-4.089758227912785,-0.4682456137233988
usdzar,2025-09-29,PC1,-6.634524669966878,-0.759601644578663
usdzar,2025-09-30,PC1,-4.837844841933902,-0.5538957319406185
usdzar,2025-10-01,PC1,-3.2723418385178955,-0.3746577736629577
usdzar,2025-10-02,PC1,-2.410493818292124,-0.2759828563016769
usdzar,2025-10-03,PC1,-3.0637357801080936,-0.35077399706710566
usdzar,2025-10-06,PC1,-5.205801358915495,-0.5960239007750634
usdzar,2025-10-07,PC1,-5.129449022747065,-0.5872821501590012
usdzar,2025-10-08,PC1,-4.165071106051461,-0.4768683544528226
usdzar,2025-10-09,PC1,-2.5384420665790657,-0.2906319388892627
usdzar,2025-10-10,PC1,7.003955292351446,0.8018985870546389
usdzar,2025-10-13,PC1,0.6078398014356624,0.06959294535462177
usdzar,2025-10-14,PC1,3.6529452858851013,0.41823391798888987
usdzar,2025-10-15,PC1,-0.6103213592637361,-0.06987706448916334
usdzar,2025-10-16,PC1,2.156515577436179,0.24690431653609357
usdzar,2025-10-17,PC1,6.0202003488724625,0.6892662719904226
usdzar,2025-10-20,PC1,-0.22459030141374448,-0.025713848511644984
usdzar,2025-10-21,PC1,3.4246594995784365,0.39209696510401326
usdzar,2025-10-22,PC1,3.500975208449774,0.4008345221784892
usdzar,2025-10-23,PC1,3.938616541767852,0.4509410622941461
usdzar,2025-10-24,PC1,0.22295033765167485,0.02552608537371283
usdzar,2025-10-27,PC1,-0.01866114185265329,-0.002136556082933945
usdzar,2025-10-28,PC1,-1.2533178151487228,-0.14349517424757136
usdzar,2025-10-29,PC1,0.12717811172649898,0.014560907921431832
usdzar,2025-10-30,PC1,3.546857602963726,0.4060877006748741
usdzar,2025-10-31,PC1,4.042381645965513,0.4628213623486808
usdzar,2025-11-03,PC1,-0.20976946107201877,-0.024016977182101967
usdzar,2025-11-04,PC1,3.27264307334198,0.37469226271517436
usdzar,2025-11-05,PC1,2.6277768738759173,0.3008600818107873
usdzar,2025-11-06,PC1,2.8974660397369236,0.33173740070002294
usdzar,2025-11-07,PC1,2.1322862440645443,0.24413024568826744
usdzar,2025-11-10,PC1,-1.037400564038423,-0.11877432276310372
usdzar,2025-11-11,PC1,-0.661741092029442,-0.0757642252905144
usdzar,2025-11-12,PC1,3.077219197690163,0.35231774385822695
usdzar,2025-11-13,PC1,4.598945305589746,0.5265435869531147
usdzar,2025-11-14,PC1,6.698705236169246,0.766949821887882
usdzar,2025-11-17,PC1,4.785857639741057,0.5479436002888223
usdzar,2025-11-18,PC1,5.644721717163947,0.6462768793303818
usdzar,2025-11-19,PC1,6.566839673839567,0.7518522372090063
usdzar,2025-11-20,PC1,-0.19758335673285596,-0.02262176270065797
usdzar,2025-11-21,PC1,6.617496635456329,0.7576520666267245
usdzar,2025-11-24,PC1,1.7598661213588183,0.2014910285998081
usdzar,2025-11-25,PC1,1.1114051820505129,0.12724727784952683
usdzar,2025-11-26,PC1,-1.7750373505852683,-0.2032280167404751
usdzar,2025-11-27,PC1,-0.2703483915752983,-0.030952795123274437
usdzar,2025-11-28,PC1,0.2809238815015115,0.032163606739747476
usdzar,2025-12-01,PC1,-0.7515271954993382,-0.08604403812545312
usdzar,2025-12-02,PC1,-0.42925560942242064,-0.04914643973484788
usdzar,2025-12-03,PC1,-1.2467322939202994,-0.14274118311717993
usdzar,2025-12-04,PC1,2.65553117254868,0.3040377338604349
usdzar,2025-12-05,PC1,1.6336873411873978,0.18704453639472013
usdzar,2025-12-08,PC1,-0.14950615641744547,-0.01711729595390821
usdzar,2025-12-09,PC1,6.6162811337334375,0.757512901101894
usdzar,2025-12-10,PC1,4.235716957197013,0.48495675676983213
usdzar,2025-12-11,PC1,2.076701554545589,0.23776622962497293
usdzar,2025-12-12,PC1,1.0329322834042534,0.11826273926812896
usdzar,2025-12-15,PC1,-1.4105927154959121,-0.16150193115895484
usdzar,2025-12-16,PC1,-3.80655547084279,-0.4358210933966617
usdzar,2025-12-17,PC1,-7.396031616215113,-0.8467882868028936
usdzar,2025-12-18,PC1,-12.786735416254432,-1.4639820837424948
usdzar,2025-12-19,PC1,-15.210849042366263,-1.7415243024602203
usdzar,2025-12-22,PC1,-19.228607973063987,-2.2015265547834204
usdzar,2025-12-23,PC1,-20.259064337729157,-2.3195058205489847
usdzar,2025-12-24,PC1,-16.82454077765669,-1.9262794969835568
usdzar,2025-12-25,PC1,-15.198447160328229,-1.7401043831049414
usdzar,2025-12-26,PC1,-13.960179615905204,-1.5983323481873581
usdzar,2025-12-29,PC1,-11.625425307260993,-1.3310210786157106
usdzar,2025-12-30,PC1,-9.793659087590598,-1.1212980461211735
usdzar,2025-12-31,PC1,-7.6691941556371646,-0.878063280039645
usdzar,2026-01-01,PC1,-5.25482390507788,-0.6016366022930709
usdzar,2026-01-02,PC1,-0.9550444444051486,-0.10934518548101045
usdzar,2026-01-05,PC1,-1.869885133267451,-0.2140873526076195
usdzar,2026-01-06,PC1,2.9673168433956922,0.33973477624292026
usdzar,2026-01-07,PC1,5.719720765382128,0.6548636889666852
usdzar,2026-01-08,PC1,5.223653482247043,0.5980678305087558
usdzar,2026-01-09,PC1,-1.3080939066409476,-0.14976661210497147
usdzar,2026-01-12,PC1,-3.9891827082990483,-0.45673049637840146
usdzar,2026-01-13,PC1,-5.8218825179855775,-0.666560417692695
usdzar,2026-01-14,PC1,-4.404536783036686,-0.5042853181550659
usdzar,2026-01-15,PC1,-4.068784516364904,-0.46584428633715685
usdzar,2026-01-16,PC1,-3.3379106985951528,-0.3821648998589451
usdzar,2026-01-19,PC1,-4.720739771575089,-0.5404881091706366
usdzar,2026-01-20,PC1,-2.491088399418004,-0.28521031107993344
usdzar,2026-01-21,PC1,-3.5016487358884483,-0.40091163584910466
usdzar,2026-01-22,PC1,1.4100952738302939,0.16144497794435608
usdzar,2026-01-23,PC1,2.205783441683847,0.2525451050731861
usdzar,2026-01-26,PC1,2.7612749743183964,0.31614457944831603
usdzar,2026-01-27,PC1,3.5142790033890727,0.4023577035694296
usdzar,2026-01-28,PC1,3.475089001542032,0.397870752154687
usdzar,2026-01-29,PC1,8.02545434973917,0.9188523105730328
usdzar,2026-01-30,PC1,14.300949677775682,1.6373478786581004
usdzar,2026-02-02,PC1,10.251274133813407,1.1736914215303147
usdzar,2026-02-03,PC1,3.4873117311218413,0.39927015994227
usdzar,2026-02-04,PC1,6.583766326905757,0.7537902077714633
usdzar,2026-02-05,PC1,11.105368752254712,1.2714786344908235
usdzar,2026-02-06,PC1,8.397721780526103,0.9614740456204419
usdzar,2026-02-09,PC1,4.1719551328655,0.4776565221587827
usdzar,2026-02-10,PC1,1.6815561488503206,0.1925251437981978
usdzar,2026-02-11,PC1,0.4721500497816649,0.05405752064282228
usdzar,2026-02-12,PC1,-0.8704483155752534,-0.09965958451021813
usdzar,2026-02-13,PC1,-0.4219534736020201,-0.04831040178879549
usdzar,2026-02-16,PC1,-4.872434192260955,-0.5578559444200858
usdzar,2026-02-17,PC1,-2.9468821058249146,-0.3373951571989881
usdzar,2026-02-18,PC1,-1.283065061392453,-0.14690100334497627
usdzar,2026-02-19,PC1,1.3603100604033502,0.1557449569366725
usdzar,2026-02-20,PC1,0.3234385823539887,0.03703121041789806
usdzar,2026-02-23,PC1,-2.189924573870087,-0.2507293876447748
usdzar,2026-02-24,PC1,-1.0655305443960996,-0.12199498745342935
usdzar,2026-02-25,PC1,-1.7318529455182528,-0.19828373712123604
usdzar,2026-02-26,PC1,1.2591788724663835,0.1441662198761474
usdzar,2026-02-27,PC1,4.039338241824236,0.4624729161666512
usdzar,2026-03-02,PC1,15.175949339723056,1.7375285570463712
usdzar,2026-03-03,PC1,27.618612499450794,3.1621170346282494
usdzar,2026-03-04,PC1,21.00916389116938,2.405386404725598
usdzar,2026-03-05,PC1,39.42854106107843,4.514262305619254
usdzar,2026-03-06,PC1,30.34483423245276,3.4742482896748483
usdzar,2026-03-09,PC1,23.779698733691177,2.7225911673016863
usdzar,2026-03-10,PC1,13.216523161746084,1.5131894489322066
usdzar,2026-03-11,PC1,17.07857449700309,1.9553643886062322
usdzar,2026-03-12,PC1,35.55249644226472,4.0704852434524375
usdzar,2026-03-13,PC1,31.433011822655942,3.598836188315688
usdzar,2026-03-16,PC1,15.708256009729256,1.7984735443771545
usdzar,2026-03-17,PC1,9.09839788293631,1.041696027779477
usdzar,2026-03-18,PC1,8.728069266734305,0.9992962719725568
usdzar,2026-03-19,PC1,17.070506715377356,1.9544406901506746
usdzar,2026-03-20,PC1,22.344839165172093,2.558310869585653
usdzar,2026-03-23,PC1,29.012046517091633,3.3216544278952065
usdzar,2026-03-24,PC1,29.152035294849487,3.3376820577703024
usdzar,2026-03-25,PC1,28.182261941086193,3.22665052634473
usdzar,2026-03-26,PC1,28.684768642024064,3.2841836482233937
usdzar,2026-03-27,PC1,25.640587624171815,2.9356485198481366
usdzar,2025-02-04,PC2,0.6546658700615602,0.4091128001669209
usdzar,2025-02-05,PC2,0.2751941506062855,0.17197391019255054
usdzar,2025-02-06,PC2,0.7510975690744676,0.4693747508996123
usdzar,2025-02-07,PC2,0.8153791304776911,0.5095454865182291
usdzar,2025-02-10,PC2,1.0237484178819898,0.6397593047989081
usdzar,2025-02-11,PC2,1.0702902810534594,0.6688441751699191
usdzar,2025-02-12,PC2,1.2325795909322055,0.770261763955184
usdzar,2025-02-13,PC2,1.4287025981443944,0.892822655437416
usdzar,2025-02-14,PC2,1.4007088801611176,0.8753288637568684
usdzar,2025-02-17,PC2,1.2239733250563791,0.7648835493690025
usdzar,2025-02-18,PC2,1.2720290638905414,0.7949144686174515
usdzar,2025-02-19,PC2,0.9342579524888981,0.5838350592264819
usdzar,2025-02-20,PC2,1.5773966796131886,0.9857443347548768
usdzar,2025-02-21,PC2,1.8016934837795555,1.1259115525943606
usdzar,2025-02-24,PC2,1.674599680105432,1.0464882860353504
usdzar,2025-02-25,PC2,1.5160936143134873,0.9474349163927769
usdzar,2025-02-26,PC2,1.3425069051020573,0.8389573739930619
usdzar,2025-02-27,PC2,1.1390148316473765,0.7117914168384771
usdzar,2025-02-28,PC2,0.7358901037355087,0.459871324781373
usdzar,2025-03-03,PC2,0.9993271827726049,0.6244980236843211
usdzar,2025-03-04,PC2,1.101196361343687,0.68815795587538
usdzar,2025-03-05,PC2,0.332447117310653,0.2077523470982117
usdzar,2025-03-06,PC2,0.3081687692370792,0.19258035873279872
usdzar,2025-03-07,PC2,0.5782593536908959,0.3613649561247948
usdzar,2025-03-10,PC2,0.8448428176705532,0.5279578891222942
usdzar,2025-03-11,PC2,1.7827173566144305,1.1140530200575753
usdzar,2025-03-12,PC2,1.8598126798664225,1.162231312248721
usdzar,2025-03-13,PC2,1.2138100948903345,0.7585323590257813
usdzar,2025-03-14,PC2,1.351672842316361,0.8446853375411623
usdzar,2025-03-17,PC2,1.6634051688009053,1.0394926290510258
usdzar,2025-03-18,PC2,1.4357336168754424,0.8972164689728837
usdzar,2025-03-19,PC2,1.659435390570895,1.037011841275166
usdzar,2025-03-20,PC2,1.7904954934982622,1.1189137215331644
usdzar,2025-03-21,PC2,1.5767657791659193,0.9853500734065883
usdzar,2025-03-24,PC2,1.5409160649619393,0.9629469245120309
usdzar,2025-03-25,PC2,1.4284744101286817,0.8926800565295732
usdzar,2025-03-26,PC2,1.1023238063748741,0.6888625171101055
usdzar,2025-03-27,PC2,2.0262194046671587,1.266221949706931
usdzar,2025-03-28,PC2,3.2651366760654232,2.040444247303175
usdzar,2025-03-31,PC2,2.23222484406498,1.3949585556853894
usdzar,2025-04-01,PC2,2.20978780746151,1.3809372368843496
usdzar,2025-04-02,PC2,2.80121102212168,1.75052853299177
usdzar,2025-04-03,PC2,1.8819379893992823,1.176057827042744
usdzar,2025-04-04,PC2,2.407680948001103,1.5046043173942376
usdzar,2025-04-07,PC2,2.7443172460665535,1.7149745609605203
usdzar,2025-04-08,PC2,2.3129278293144955,1.4453913425269493
usdzar,2025-04-09,PC2,2.7795884144966045,1.7370161659096532
usdzar,2025-04-10,PC2,2.696230846911754,1.6849244815111144
usdzar,2025-04-11,PC2,3.221597701440158,2.013235937476876
usdzar,2025-04-14,PC2,4.027943655493933,2.517136425118285
usdzar,2025-04-15,PC2,2.7621160283705706,1.7260973489367335
usdzar,2025-04-16,PC2,2.1153987901954516,1.3219517957232119
usdzar,2025-04-17,PC2,2.3986970033529476,1.4989900843638737
usdzar,2025-04-18,PC2,2.1801195711649717,1.3623970077654106
usdzar,2025-04-21,PC2,2.290561692879793,1.4314143305515792
usdzar,2025-04-22,PC2,2.2860377801689316,1.4285872538984503
usdzar,2025-04-23,PC2,1.9910761445925353,1.2442602770528006
usdzar,2025-04-24,PC2,1.59099285325321,0.994240834914419
usdzar,2025-04-25,PC2,1.6472682641074474,1.0294083791044897
usdzar,2025-04-28,PC2,1.612699998171968,1.0078060309135737
usdzar,2025-04-29,PC2,1.5302947073554451,0.9563094418652596
usdzar,2025-04-30,PC2,1.7301721778952208,1.0812165668618927
usdzar,2025-05-01,PC2,1.3280680060385046,0.8299342391431237
usdzar,2025-05-02,PC2,1.5119746412512827,0.9448608940092178
usdzar,2025-05-05,PC2,1.478904849461155,0.9241949700029396
usdzar,2025-05-06,PC2,1.1416363000663372,0.7134296208971816
usdzar,2025-05-07,PC2,1.0012801011731436,0.6257184384819746
usdzar,2025-05-08,PC2,1.0576764351972854,0.6609615497955308
usdzar,2025-05-09,PC2,1.3144264760493967,0.82140939496287
usdzar,2025-05-12,PC2,1.1615129384982923,0.7258508995656999
usdzar,2025-05-13,PC2,1.139464671616624,0.712072530148124
usdzar,2025-05-14,PC2,0.8610681656281557,0.5380974088989907
usdzar,2025-05-15,PC2,1.0519654819630462,0.6573926695833056
usdzar,2025-05-16,PC2,1.257072990440792,0.7855681419364017
usdzar,2025-05-19,PC2,1.4619302567513923,0.9135872333348726
usdzar,2025-05-20,PC2,1.1423048462076368,0.7138474077353472
usdzar,2025-05-21,PC2,1.3411938650360447,0.8381368309913513
usdzar,2025-05-22,PC2,1.4040110373516106,0.8773924428077616
usdzar,2025-05-23,PC2,1.4801031968902456,0.9249438394563632
usdzar,2025-05-26,PC2,1.4305333419300035,0.8939667210604617
usdzar,2025-05-27,PC2,1.6026341567379638,1.0015157005887096
usdzar,2025-05-28,PC2,1.757987371706556,1.0985987954883383
usdzar,2025-05-29,PC2,1.8277675190079337,1.1422056990463967
usdzar,2025-05-30,PC2,1.5446150259858016,0.9652584736111741
usdzar,2025-06-02,PC2,1.585545003301646,0.9908363728055817
usdzar,2025-06-03,PC2,1.6875981729860534,1.0546112844434403
usdzar,2025-06-04,PC2,1.3795034392827497,0.8620771918838448
usdzar,2025-06-05,PC2,1.4309064234834246,0.8941998666175937
usdzar,2025-06-06,PC2,1.4169582507029626,0.8854833956903857
usdzar,2025-06-09,PC2,1.856255020804936,1.1600080653570706
usdzar,2025-06-10,PC2,1.7822537034610357,1.1137632746338926
usdzar,2025-06-11,PC2,1.9741620884788973,1.2336903708223441
usdzar,2025-06-12,PC2,1.370234064201155,0.8562845881009837
usdzar,2025-06-13,PC2,1.5556125233274836,0.9721310129293773
usdzar,2025-06-16,PC2,1.500860424136926,0.9379154143481352
usdzar,2025-06-17,PC2,1.2185610844854249,0.7615013402201554
usdzar,2025-06-18,PC2,1.3228551646462583,0.8266766382258689
usdzar,2025-06-19,PC2,0.9536998416816339,0.5959846550614186
usdzar,2025-06-20,PC2,1.2982219755158393,0.8112829031267115
usdzar,2025-06-23,PC2,1.5268994558822668,0.9541876864767708
usdzar,2025-06-24,PC2,1.4267515255456376,0.8916033941154056
usdzar,2025-06-25,PC2,1.2087865385862688,0.7553930458580439
usdzar,2025-06-26,PC2,0.7678180987299309,0.4798237188700632
usdzar,2025-06-27,PC2,0.7047716274059199,0.44042481386592086
usdzar,2025-06-30,PC2,0.9666493028103099,0.6040770126216305
usdzar,2025-07-01,PC2,0.8002711393831872,0.5001042236935942
usdzar,2025-07-02,PC2,0.4337911519903183,0.2710841071670736
usdzar,2025-07-03,PC2,0.5753067414970111,0.3595198142017347
usdzar,2025-07-04,PC2,0.7325240696360844,0.4577678278696685
usdzar,2025-07-07,PC2,0.8497718984783553,0.5310381628065468
usdzar,2025-07-08,PC2,1.2276142309436868,0.7671588187404768
usdzar,2025-07-09,PC2,0.816261077236615,0.5100966313459067
usdzar,2025-07-10,PC2,1.0560535945764897,0.659947406702145
usdzar,2025-07-11,PC2,0.9992400910917937,0.6244435984835623
usdzar,2025-07-14,PC2,1.32290975450295,0.8267107524361145
usdzar,2025-07-15,PC2,1.577658529883681,0.9859079698277965
usdzar,2025-07-16,PC2,1.7761305700964907,1.109936815441314
usdzar,2025-07-17,PC2,1.779921772190487,1.1123060076897624
usdzar,2025-07-18,PC2,1.6720615344200525,1.0449021518926318
usdzar,2025-07-21,PC2,1.6291069049242857,1.0180590101362221
usdzar,2025-07-22,PC2,1.3677919618360024,0.8547584732039174
usdzar,2025-07-23,PC2,1.4992714954151916,0.9369224634271511
usdzar,2025-07-24,PC2,0.8460149519860072,0.5286903775165984
usdzar,2025-07-25,PC2,0.5464870279893504,0.34150984265393003
usdzar,2025-07-28,PC2,0.5090704813730056,0.31812755123044467
usdzar,2025-07-29,PC2,0.47874889330687886,0.2991790305170088
usdzar,2025-07-30,PC2,0.3710174891967724,0.23185568525501218
usdzar,2025-07-31,PC2,0.5166235653046376,0.3228476129573149
usdzar,2025-08-01,PC2,0.6853076829824842,0.42826143530974786
usdzar,2025-08-04,PC2,1.094825904031684,0.6841769393775864
usdzar,2025-08-05,PC2,0.6894225808083853,0.4308329110028321
usdzar,2025-08-06,PC2,0.6447524607860852,0.40291772751480764
usdzar,2025-08-07,PC2,0.5193915003457651,0.32457734671485644
usdzar,2025-08-08,PC2,0.6331667651199913,0.3956776121940078
usdzar,2025-08-11,PC2,0.7480963653119079,0.4674992432073343
usdzar,2025-08-12,PC2,0.8561416464239879,0.5350187360081866
usdzar,2025-08-13,PC2,0.9988591288328283,0.6242055281279036
usdzar,2025-08-14,PC2,0.8239911062864852,0.5149272693470395
usdzar,2025-08-15,PC2,0.46936112606072755,0.293312441282676
usdzar,2025-08-18,PC2,0.6824201904478988,0.4264569878651694
usdzar,2025-08-19,PC2,0.19194778485347871,0.11995171787382163
usdzar,2025-08-20,PC2,0.14151175279553518,0.08843330940295754
usdzar,2025-08-21,PC2,0.18207435367287014,0.11378162827196972
usdzar,2025-08-22,PC2,-0.054230188374020494,-0.03388944686728374
usdzar,2025-08-25,PC2,0.12712666569652764,0.07944380264408736
usdzar,2025-08-26,PC2,0.07771449186424124,0.04856522209893007
usdzar,2025-08-27,PC2,-0.06892417855120035,-0.043071992868110094
usdzar,2025-08-28,PC2,-0.11505540110338798,-0.07190024632765615
usdzar,2025-08-29,PC2,-0.673539001438862,-0.42090696873257477
usdzar,2025-09-01,PC2,-0.4602823354018909,-0.2876389372275214
usdzar,2025-09-02,PC2,-0.7693900857505,-0.48080608260891367
usdzar,2025-09-03,PC2,-0.8056688983792272,-0.5034773830386642
usdzar,2025-09-04,PC2,-0.7561987121677439,-0.47256254948570103
usdzar,2025-09-05,PC2,-0.5284179360050653,-0.33021813316330223
usdzar,2025-09-08,PC2,-0.41738687256763235,-0.2608327698112645
usdzar,2025-09-09,PC2,-0.2665404781792665,-0.16656607037647497
usdzar,2025-09-10,PC2,-0.3922953125840013,-0.24515259029542344
usdzar,2025-09-11,PC2,-0.6052719868524384,-0.3782456497701832
usdzar,2025-09-12,PC2,-0.5120918361282499,-0.32001565165043416
usdzar,2025-09-15,PC2,-0.5157159358550244,-0.32228041854162015
usdzar,2025-09-16,PC2,-0.709287679286053,-0.44324697814066294
usdzar,2025-09-17,PC2,-0.6996267886088658,-0.43720970902706324
usdzar,2025-09-18,PC2,0.08538603549365549,0.05335931148003259
usdzar,2025-09-19,PC2,-0.14637507651258277,-0.09147249026603325
usdzar,2025-09-22,PC2,-0.17335803202902797,-0.10833463780256869
usdzar,2025-09-23,PC2,-0.5107263142167628,-0.3191623117736429
usdzar,2025-09-24,PC2,-0.28165615804878247,-0.1760121380587003
usdzar,2025-09-25,PC2,0.2014403156752481,0.12588377580254745
usdzar,2025-09-26,PC2,0.07230336383816009,0.04518370819993362
usdzar,2025-09-29,PC2,-0.2996167072905151,-0.18723601718368077
usdzar,2025-09-30,PC2,-0.46042015380508783,-0.2877250624945085
usdzar,2025-10-01,PC2,-0.786506962393052,-0.4915027351359313
usdzar,2025-10-02,PC2,-0.7441605698248648,-0.4650396918755431
usdzar,2025-10-03,PC2,-0.5689433046586841,-0.3555431849276775
usdzar,2025-10-06,PC2,-0.677447593686974,-0.4233495202576535
usdzar,2025-10-07,PC2,-0.7213676626348805,-0.4507959829686432
usdzar,2025-10-08,PC2,-0.7522652576057132,-0.47010446104120884
usdzar,2025-10-09,PC2,-2.373757475782504,-1.4834049127125326
usdzar,2025-10-10,PC2,-2.7057740029508115,-1.690888176073658
usdzar,2025-10-13,PC2,-2.1717317884525604,-1.35715532734553
usdzar,2025-10-14,PC2,-1.1215365510906292,-0.7008689163268785
usdzar,2025-10-15,PC2,-1.5888713240907435,-0.9929150521357772
usdzar,2025-10-16,PC2,-1.3694741334910636,-0.8558096933570303
usdzar,2025-10-17,PC2,-1.289413602572915,-0.8057783880994426
usdzar,2025-10-20,PC2,-1.4764759983259157,-0.9226771360443241
usdzar,2025-10-21,PC2,-2.0504921439410593,-1.2813904330297803
usdzar,2025-10-22,PC2,-2.0917917265321284,-1.3071993053908346
usdzar,2025-10-23,PC2,-2.1800175097958654,-1.3623332277298033
usdzar,2025-10-24,PC2,-1.8764214992898793,-1.1726104704308307
usdzar,2025-10-27,PC2,-2.35792807547038,-1.473512827936451
usdzar,2025-10-28,PC2,-2.364513448068588,-1.4776281489681433
usdzar,2025-10-29,PC2,-2.5673737437110917,-1.6043992964928953
usdzar,2025-10-30,PC2,-2.5134200833455127,-1.5706826570882146
usdzar,2025-10-31,PC2,-2.51138382419999,-1.5694101611189166
usdzar,2025-11-03,PC2,-2.2099301941856617,-1.3810262169795224
usdzar,2025-11-04,PC2,-2.180162864442929,-1.3624240625348494
usdzar,2025-11-05,PC2,-2.354649808508108,-1.4714641783306548
usdzar,2025-11-06,PC2,-2.087292022290689,-1.3043873570576106
usdzar,2025-11-07,PC2,-1.9689584843001189,-1.230438542410486
usdzar,2025-11-10,PC2,-2.0969314526898395,-1.3104112152468879
usdzar,2025-11-11,PC2,-2.0667298016838416,-1.2915376454187157
usdzar,2025-11-12,PC2,-3.042001518336223,-1.9010029637890424
usdzar,2025-11-13,PC2,-3.197374057895695,-1.9980981349826228
usdzar,2025-11-14,PC2,-2.8609741418511674,-1.787875610909461
usdzar,2025-11-17,PC2,-3.267641439425031,-2.0420095202136275
usdzar,2025-11-18,PC2,-2.237432112230254,-1.3982126737901186
usdzar,2025-11-19,PC2,-2.173218743442679,-1.358084552997193
usdzar,2025-11-20,PC2,-1.6937612788567173,-1.058462723193769
usdzar,2025-11-21,PC2,-1.8907713933637724,-1.1815779844179537
usdzar,2025-11-24,PC2,-1.3196718150885791,-0.8246873042602394
usdzar,2025-11-25,PC2,-0.9080976325362312,-0.5674869918557308
usdzar,2025-11-26,PC2,-1.2409159012952957,-0.7754712783527866
usdzar,2025-11-27,PC2,-1.6623162086314807,-1.038812117717601
usdzar,2025-11-28,PC2,-1.784455081573966,-1.1151389564972571
usdzar,2025-12-01,PC2,-1.8262036251953861,-1.1412283929027993
usdzar,2025-12-02,PC2,-1.9489836157798233,-1.2179558779445108
usdzar,2025-12-03,PC2,-1.894689458248525,-1.1840264555687197
usdzar,2025-12-04,PC2,-2.5774446123276724,-1.6106927683970516
usdzar,2025-12-05,PC2,-2.884941573427206,-1.8028533018099506
usdzar,2025-12-08,PC2,-2.7471216897121677,-1.7167271096196706
usdzar,2025-12-09,PC2,-3.048511584948626,-1.9050712247185806
usdzar,2025-12-10,PC2,-2.602903026562266,-1.6266022019136404
usdzar,2025-12-11,PC2,-2.4775870934765427,-1.5482899595396642
usdzar,2025-12-12,PC2,-2.638218549736381,-1.6486715249619968
usdzar,2025-12-15,PC2,-2.594623382983682,-1.6214280996368557
usdzar,2025-12-16,PC2,-2.357053875180342,-1.472966524020332
usdzar,2025-12-17,PC2,-2.3944954076789036,-1.4963644295833436
usdzar,2025-12-18,PC2,-2.0638233938792108,-1.289721377472339
usdzar,2025-12-19,PC2,-1.9377067943322346,-1.2109087838307278
usdzar,2025-12-22,PC2,-1.4677237539137857,-0.917207696773181
usdzar,2025-12-23,PC2,-1.5623796163696475,-0.9763598944246198
usdzar,2025-12-24,PC2,-1.8923753120638422,-1.1825803028534085
usdzar,2025-12-25,PC2,-2.139044124800545,-1.3367282022743345
usdzar,2025-12-26,PC2,-2.0522110372003257,-1.2824646011919612
usdzar,2025-12-29,PC2,-1.8469779305208924,-1.1542106402016257
usdzar,2025-12-30,PC2,-1.8062653020704473,-1.1287685663297269
usdzar,2025-12-31,PC2,-1.9663649359087307,-1.2288177860929625
usdzar,2026-01-01,PC2,-1.9576421562654165,-1.2233667599003497
usdzar,2026-01-02,PC2,-2.4650284989881817,-1.5404418617660456
usdzar,2026-01-05,PC2,-2.485837778224362,-1.553445964907956
usdzar,2026-01-06,PC2,-2.5595051786677825,-1.5994820847893723
usdzar,2026-01-07,PC2,-2.3237587016366428,-1.4521597547912815
usdzar,2026-01-08,PC2,-1.8613470645118992,-1.1631901775684992
usdzar,2026-01-09,PC2,-1.2620674933811704,-0.7886892991202767
usdzar,2026-01-12,PC2,-1.6484554962518612,-1.0301503024111132
usdzar,2026-01-13,PC2,-1.4962385709794583,-0.935027132900022
usdzar,2026-01-14,PC2,-1.500629981126868,-0.937771406252655
usdzar,2026-01-15,PC2,-1.6717657217216078,-1.044717293070873
usdzar,2026-01-16,PC2,-1.7365837391102494,-1.0852232699482713
usdzar,2026-01-19,PC2,-1.5983980124675703,-0.9988684557518764
usdzar,2026-01-20,PC2,-1.5452519300516692,-0.9656564867316697
usdzar,2026-01-21,PC2,-2.1193151654209945,-1.324399210974714
usdzar,2026-01-22,PC2,-2.0716079496191826,-1.2945860902097481
usdzar,2026-01-23,PC2,-2.0960305578470457,-1.3098482294114469
usdzar,2026-01-26,PC2,-2.28293481573251,-1.4266481540805798
usdzar,2026-01-27,PC2,-2.2830553268735465,-1.4267234637196116
usdzar,2026-01-28,PC2,-2.5564378773681256,-1.597565271524706
usdzar,2026-01-29,PC2,-2.365255103762568,-1.4780916233168144
usdzar,2026-01-30,PC2,-1.1621292976715452,-0.7262360738031391
usdzar,2026-02-02,PC2,-1.0635017887661269,-0.6646019208909223
usdzar,2026-02-03,PC2,-1.1698359162314576,-0.7310520821564807
usdzar,2026-02-04,PC2,-0.9292165513331424,-0.5806845944811583
usdzar,2026-02-05,PC2,-1.0807591105806464,-0.6753863402012736
usdzar,2026-02-06,PC2,-0.8488093933921521,-0.530436675591467
usdzar,2026-02-09,PC2,-0.5192198603184439,-0.3244700856899444
usdzar,2026-02-10,PC2,-0.5471910643788293,-0.3419498080040289
usdzar,2026-02-11,PC2,-0.3164883414635565,-0.19777941315951775
usdzar,2026-02-12,PC2,-0.41989651413858164,-0.262401091206131
usdzar,2026-02-13,PC2,-0.33638421437782434,-0.21021271181147885
usdzar,2026-02-16,PC2,-0.06051990401582083,-0.03782000640329354
usdzar,2026-02-17,PC2,-0.5133962924424907,-0.3208308305070382
usdzar,2026-02-18,PC2,-0.8994970990705468,-0.5621123595585796
usdzar,2026-02-19,PC2,-1.0755217965730808,-0.6721134458944615
usdzar,2026-02-20,PC2,-0.6387912042082017,-0.39919242811763317
usdzar,2026-02-23,PC2,-1.1125923029459153,-0.6952794903750908
usdzar,2026-02-24,PC2,-0.9804175049603091,-0.6126810165760769
usdzar,2026-02-25,PC2,-1.2214845227544826,-0.7633282508184691
usdzar,2026-02-26,PC2,-0.8035398105195057,-0.5021468766904256
usdzar,2026-02-27,PC2,-0.5578678680826388,-0.3486219399416345
usdzar,2026-03-02,PC2,-0.8391046396602265,-0.5243719956443894
usdzar,2026-03-03,PC2,-0.9042200412704073,-0.5650638134173699
usdzar,2026-03-04,PC2,2.4335796138658603,1.5207888722901908
usdzar,2026-03-05,PC2,3.2527365893351163,2.032695203956725
usdzar,2026-03-06,PC2,3.0772684755688764,1.9230419370831
usdzar,2026-03-09,PC2,2.075997344601083,1.2973291042482142
usdzar,2026-03-10,PC2,0.013824924041116344,0.008639450512402704
usdzar,2026-03-11,PC2,0.10262368593795577,0.0641314377876147
usdzar,2026-03-12,PC2,-0.6305437484868799,-0.39403844062767074
usdzar,2026-03-13,PC2,0.817803458091638,0.5110604936447966
usdzar,2026-03-16,PC2,0.5023925887411874,0.313954412720016
usdzar,2026-03-17,PC2,0.24397028540596224,0.15246153982423188
usdzar,2026-03-18,PC2,0.8420491604687161,0.5262120811111899
usdzar,2026-03-19,PC2,0.20384054883219943,0.12738372585768248
usdzar,2026-03-20,PC2,-0.20589784928839025,-0.1286693709308526
usdzar,2026-03-23,PC2,-0.8953829831420366,-0.559541372487624
usdzar,2026-03-24,PC2,-0.8450144717044215,-0.5280651589001575
usdzar,2026-03-25,PC2,-1.622730598888017,-1.0140743386625535
usdzar,2026-03-26,PC2,-1.4631155078243419,-0.9143279186333287
usdzar,2026-03-27,PC2,-0.6855807406553547,-0.4284320740955226
usdzar,2025-02-04,PC3,0.9715979882017236,1.0489544406345388
usdzar,2025-02-05,PC3,1.122679078579672,1.212064268538952
usdzar,2025-02-06,PC3,0.42787230903238405,0.461938542518769
usdzar,2025-02-07,PC3,0.5812536102083007,0.6275317188452905
usdzar,2025-02-10,PC3,0.7555859982000149,0.815744060524579
usdzar,2025-02-11,PC3,0.7095618178386442,0.7660555381595024
usdzar,2025-02-12,PC3,0.6189531857757133,0.6682328500556038
usdzar,2025-02-13,PC3,0.583311988067205,0.629753980132181
usdzar,2025-02-14,PC3,0.5625740314578667,0.6073649139348399
usdzar,2025-02-17,PC3,0.5250650934088674,0.5668695983745377
usdzar,2025-02-18,PC3,0.43686705700760337,0.4716494321516898
usdzar,2025-02-19,PC3,0.6318466183749882,0.6821528288372227
usdzar,2025-02-20,PC3,0.24440719910395017,0.2638663520677335
usdzar,2025-02-21,PC3,-0.024147919217526456,-0.026070522379519935
usdzar,2025-02-24,PC3,0.23884528738649005,0.25786161341523256
usdzar,2025-02-25,PC3,0.30522917762778784,0.3295308400920871
usdzar,2025-02-26,PC3,0.3680544132134633,0.39735808001204365
usdzar,2025-02-27,PC3,0.5887610268370221,0.6356368591461325
usdzar,2025-02-28,PC3,0.6618368454311008,0.714530810500577
usdzar,2025-03-03,PC3,0.6441670652017966,0.6954542020044334
usdzar,2025-03-04,PC3,0.2027007111424026,0.21883928708635433
usdzar,2025-03-05,PC3,0.5075372273101626,0.5479462028937447
usdzar,2025-03-06,PC3,0.6313266754249968,0.681591489195835
usdzar,2025-03-07,PC3,0.43582733086668757,0.4705269253476401
usdzar,2025-03-10,PC3,0.5036714736000417,0.5437726665444816
usdzar,2025-03-11,PC3,-0.6873692734405482,-0.7420960731564453
usdzar,2025-03-12,PC3,-0.8259388384813869,-0.8916982361409637
usdzar,2025-03-13,PC3,-0.41114082548930597,-0.4438749357863212
usdzar,2025-03-14,PC3,-0.5992997068669996,-0.6470146052408254
usdzar,2025-03-17,PC3,-0.5889348439087408,-0.6358245151432153
usdzar,2025-03-18,PC3,-0.4864303069335922,-0.5251587968616479
usdzar,2025-03-19,PC3,-0.5519834499094664,-0.5959311340392519
usdzar,2025-03-20,PC3,-0.3571950742498762,-0.3856341448387204
usdzar,2025-03-21,PC3,-0.2572491075234244,-0.2777307044299318
usdzar,2025-03-24,PC3,-0.2371474276475207,-0.25602857389231143
usdzar,2025-03-25,PC3,-0.1803965736651332,-0.19475934421347407
usdzar,2025-03-26,PC3,-0.15792918491512165,-0.17050315236770205
usdzar,2025-03-27,PC3,-1.6692666043314883,-1.8021698670427002
usdzar,2025-03-28,PC3,-3.424825128097154,-3.6975020225838446
usdzar,2025-03-31,PC3,-1.678877234750033,-1.8125456742976003
usdzar,2025-04-01,PC3,-1.7776059203188928,-1.919134916353508
usdzar,2025-04-02,PC3,-2.6391248351680727,-2.8492460347331314
usdzar,2025-04-03,PC3,-1.2823038318303717,-1.3843979865897889
usdzar,2025-04-04,PC3,-0.9079767035684041,-0.9802677720273816
usdzar,2025-04-07,PC3,-0.8936514302595373,-0.9648019525906296
usdzar,2025-04-08,PC3,-0.2978360500559625,-0.3215490882864919
usdzar,2025-04-09,PC3,-0.9253438881219417,-0.9990176928588053
usdzar,2025-04-10,PC3,-0.3943327957747655,-0.42572868844793743
usdzar,2025-04-11,PC3,-1.059483877858861,-1.14383760768967
usdzar,2025-04-14,PC3,-1.7038087591742204,-1.8394621907726325
usdzar,2025-04-15,PC3,0.2633807461677014,0.2843505303892083
usdzar,2025-04-16,PC3,1.0892219360865139,1.1759433434080793
usdzar,2025-04-17,PC3,0.6406254994741573,0.6916306647576322
usdzar,2025-04-18,PC3,0.6895784539321216,0.744481143643351
usdzar,2025-04-21,PC3,0.6130556188511732,0.6618657320813421
usdzar,2025-04-22,PC3,0.5298793812522601,0.5720671890171103
usdzar,2025-04-23,PC3,0.3613126169399916,0.39007951704177607
usdzar,2025-04-24,PC3,0.7938982142832253,0.8571066093143462
usdzar,2025-04-25,PC3,0.49232429315473075,0.5315220490449329
usdzar,2025-04-28,PC3,0.6867755006053241,0.7414550254599681
usdzar,2025-04-29,PC3,0.8188730180593141,0.8840698509461986
usdzar,2025-04-30,PC3,0.929875416145162,1.0039100109785786
usdzar,2025-05-01,PC3,1.0505884424426941,1.1342339376589834
usdzar,2025-05-02,PC3,0.7048376958748519,0.7609552922016132
usdzar,2025-05-05,PC3,0.9918071877918146,1.070772651364813
usdzar,2025-05-06,PC3,1.0868303278397045,1.1733613206772664
usdzar,2025-05-07,PC3,1.106618175431819,1.1947246323086183
usdzar,2025-05-08,PC3,1.1365464731208206,1.2270357539275658
usdzar,2025-05-09,PC3,0.8952745989863091,0.9665543543705012
usdzar,2025-05-12,PC3,0.8505239167917269,0.9182407232396738
usdzar,2025-05-13,PC3,0.8164630485119446,0.8814680050292611
usdzar,2025-05-14,PC3,0.8333063548531957,0.8996523376402453
usdzar,2025-05-15,PC3,0.24072785042344194,0.25989406189841646
usdzar,2025-05-16,PC3,-0.11153139002543667,-0.12041126912362017
usdzar,2025-05-19,PC3,0.06875964935816158,0.0742341384055456
usdzar,2025-05-20,PC3,0.37865827887090886,0.4088062016676437
usdzar,2025-05-21,PC3,0.4874861157386714,0.5262986667955046
usdzar,2025-05-22,PC3,0.44817260947924364,0.48385510735167975
usdzar,2025-05-23,PC3,0.3767057738621664,0.40669824258976184
usdzar,2025-05-26,PC3,0.5303445196959345,0.5725693607403198
usdzar,2025-05-27,PC3,0.19398875456598572,0.20943370406908027
usdzar,2025-05-28,PC3,-0.1087691737328915,-0.11742913136577957
usdzar,2025-05-29,PC3,-0.03081143331702712,-0.033264570524719345
usdzar,2025-05-30,PC3,0.1619929941354008,0.17489051296258246
usdzar,2025-06-02,PC3,0.19381684567052188,0.2092481081729678
usdzar,2025-06-03,PC3,0.1358639583562717,0.1466811419646613
usdzar,2025-06-04,PC3,0.1708363346879587,0.18443794045347098
usdzar,2025-06-05,PC3,0.0807351891407661,0.0871631438033527
usdzar,2025-06-06,PC3,-0.23165690050073529,-0.25010090328987983
usdzar,2025-06-09,PC3,-0.364241982241141,-0.39324211183735686
usdzar,2025-06-10,PC3,-0.037318583745516096,-0.04028980567415988
usdzar,2025-06-11,PC3,-0.30344655204636417,-0.3276062858604734
usdzar,2025-06-12,PC3,-0.15624097001570245,-0.16868052558481963
usdzar,2025-06-13,PC3,-0.2690190971639498,-0.2904377942444162
usdzar,2025-06-16,PC3,0.29859335558275046,0.3223666887806114
usdzar,2025-06-17,PC3,0.5068496574793439,0.5472038902952815
usdzar,2025-06-18,PC3,0.26289795556801904,0.28382930108492505
usdzar,2025-06-19,PC3,0.7125818142109731,0.7693159798688536
usdzar,2025-06-20,PC3,0.37592885072417315,0.40585946257423494
usdzar,2025-06-23,PC3,0.4309927903682499,0.4653074695790565
usdzar,2025-06-24,PC3,0.2706301779465503,0.29217714566511593
usdzar,2025-06-25,PC3,-0.083446506591392,-0.0900903302676536
usdzar,2025-06-26,PC3,0.08802583801853917,0.0950342577911469
usdzar,2025-06-27,PC3,0.07442843924824158,0.08035426463103242
usdzar,2025-06-30,PC3,0.13549857795618372,0.14628667079670174
usdzar,2025-07-01,PC3,0.13920755328754852,0.15029094642436114
usdzar,2025-07-02,PC3,0.5958598357182515,0.6433008592671738
usdzar,2025-07-03,PC3,0.50753056444781,0.547939009549237
usdzar,2025-07-04,PC3,0.18071300975684623,0.1951009742370105
usdzar,2025-07-07,PC3,0.08605917307465238,0.09291101139584661
usdzar,2025-07-08,PC3,-0.10455109776822717,-0.11287522165435905
usdzar,2025-07-09,PC3,0.4997517740534149,0.5395408893122158
usdzar,2025-07-10,PC3,0.4733292256632846,0.5110146368875825
usdzar,2025-07-11,PC3,0.2285446858302386,0.2467409010683131
usdzar,2025-07-14,PC3,0.3611138020534778,0.389864872959959
usdzar,2025-07-15,PC3,0.15819139131716412,0.1707862350553188
usdzar,2025-07-16,PC3,-0.016863728975342922,-0.018206381249393572
usdzar,2025-07-17,PC3,0.06408362276833987,0.06918581706742
usdzar,2025-07-18,PC3,-0.023353800186592964,-0.025213177372628938
usdzar,2025-07-21,PC3,0.12521518373722088,0.1351845357966681
usdzar,2025-07-22,PC3,0.0719753977526437,0.07770591747396322
usdzar,2025-07-23,PC3,-0.2461521830467262,-0.2657502677178686
usdzar,2025-07-24,PC3,0.10602630612961671,0.11446788279644589
usdzar,2025-07-25,PC3,0.16600894039865263,0.1792261998591604
usdzar,2025-07-28,PC3,0.49882578555355844,0.5385411756850821
usdzar,2025-07-29,PC3,0.525968515718658,0.5678449491421705
usdzar,2025-07-30,PC3,0.5231032375930011,0.5647515439992435
usdzar,2025-07-31,PC3,0.39301942805523454,0.4243107533365855
usdzar,2025-08-01,PC3,0.011908023092681689,0.012856113180477953
usdzar,2025-08-04,PC3,0.08657117520830819,0.09346377799091402
usdzar,2025-08-05,PC3,0.281744181348055,0.3041760210876691
usdzar,2025-08-06,PC3,0.14992439559476212,0.16186103967716628
usdzar,2025-08-07,PC3,0.23291395305403484,0.25145803954778106
usdzar,2025-08-08,PC3,0.14343989307169988,0.15486025560858113
usdzar,2025-08-11,PC3,0.28627521098217634,0.3090678011377236
usdzar,2025-08-12,PC3,0.12243338128924401,0.13218125247763393
usdzar,2025-08-13,PC3,-0.20410977898616692,-0.2203605417511665
usdzar,2025-08-14,PC3,-0.07117219349355641,-0.07683876389343405
usdzar,2025-08-15,PC3,0.3783624232347421,0.40848679066935806
usdzar,2025-08-18,PC3,0.4301298839066649,0.4643758604405824
usdzar,2025-08-19,PC3,0.9671930480686756,1.044198789048802
usdzar,2025-08-20,PC3,0.859906778589852,0.9283706274475034
usdzar,2025-08-21,PC3,0.7805601815579436,0.8427066323419689
usdzar,2025-08-22,PC3,0.7957603680842069,0.8591170236239719
usdzar,2025-08-25,PC3,0.8652895911927797,0.9341820075157096
usdzar,2025-08-26,PC3,0.8870527438398402,0.9576778935596829
usdzar,2025-08-27,PC3,1.001668595084174,1.081419201785704
usdzar,2025-08-28,PC3,0.9718851091712822,1.0492644215316536
usdzar,2025-08-29,PC3,1.0436011129436595,1.1266902926584883
usdzar,2025-09-01,PC3,0.7977475080423125,0.8612623752081957
usdzar,2025-09-02,PC3,1.0109841703935512,1.0914764623054818
usdzar,2025-09-03,PC3,0.906115189581834,0.9782580484727537
usdzar,2025-09-04,PC3,0.609588733005642,0.6581228205613483
usdzar,2025-09-05,PC3,0.6483258120533297,0.6999440589518162
usdzar,2025-09-08,PC3,0.6647934809121171,0.7177228466665739
usdzar,2025-09-09,PC3,0.5518484551394982,0.595785391288503
usdzar,2025-09-10,PC3,0.5411158699905436,0.5841983017842102
usdzar,2025-09-11,PC3,0.5306601749010831,0.5729101477048573
usdzar,2025-09-12,PC3,0.426678159745197,0.4606493177439279
usdzar,2025-09-15,PC3,0.4797885482368464,0.5179882362355691
usdzar,2025-09-16,PC3,0.6608556548506445,0.7134714997270097
usdzar,2025-09-17,PC3,0.5513676671605511,0.5952663240491258
usdzar,2025-09-18,PC3,-0.02721150640180493,-0.02937802550348973
usdzar,2025-09-19,PC3,-0.015859652611092682,-0.017122362577261657
usdzar,2025-09-22,PC3,0.08538278501056559,0.09218077083130076
usdzar,2025-09-23,PC3,0.15446362790577772,0.16676167548284995
usdzar,2025-09-24,PC3,-0.24795131713964377,-0.26769264483163335
usdzar,2025-09-25,PC3,-0.9273219235399682,-1.0011532150198912
usdzar,2025-09-26,PC3,-1.0216067567225744,-1.1029447951305407
usdzar,2025-09-29,PC3,-0.6206581278799644,-0.6700735358258484
usdzar,2025-09-30,PC3,-0.8746588296672233,-0.9442972037413868
usdzar,2025-10-01,PC3,-0.8075523148334657,-0.8718478187229373
usdzar,2025-10-02,PC3,-0.8040809002092262,-0.8681000178530329
usdzar,2025-10-03,PC3,-1.0677596948667962,-1.152772326684323
usdzar,2025-10-06,PC3,-0.984169802970275,-1.0625271950951738
usdzar,2025-10-07,PC3,-1.0334612146120379,-1.1157430783664732
usdzar,2025-10-08,PC3,-1.142042902966707,-1.232969797188763
usdzar,2025-10-09,PC3,0.9397792805581489,1.0146023988608064
usdzar,2025-10-10,PC3,0.9116203693988472,0.9842015383581492
usdzar,2025-10-13,PC3,0.7025292515841232,0.7584630547545194
usdzar,2025-10-14,PC3,-0.5481851294738866,-0.5918303998505897
usdzar,2025-10-15,PC3,-0.01280839061484434,-0.013828165945146367
usdzar,2025-10-16,PC3,-0.40811713897441837,-0.44061051013353814
usdzar,2025-10-17,PC3,-0.6667845661182993,-0.7198724576106788
usdzar,2025-10-20,PC3,-0.27915262355141285,-0.301378129272374
usdzar,2025-10-21,PC3,0.47459777176998297,0.5123841817898253
usdzar,2025-10-22,PC3,0.8260038182011432,0.891768389400249
usdzar,2025-10-23,PC3,0.707212312772107,0.7635189707697335
usdzar,2025-10-24,PC3,0.35998256303797904,0.3886435672315242
usdzar,2025-10-27,PC3,0.9515859729023762,1.0273491135659338
usdzar,2025-10-28,PC3,0.6733178760743478,0.7269259350505826
usdzar,2025-10-29,PC3,0.55083189577263,0.5946878957450853
usdzar,2025-10-30,PC3,0.24053638163570498,0.2596873487952828
usdzar,2025-10-31,PC3,0.0559345408787069,0.06038792355690949
usdzar,2025-11-03,PC3,-0.02361491352824018,-0.025495079972835746
usdzar,2025-11-04,PC3,0.09553739434965157,0.10314386738819861
usdzar,2025-11-05,PC3,0.16545471164938452,0.17862784466006398
usdzar,2025-11-06,PC3,-0.34573181816989984,-0.3732582100228431
usdzar,2025-11-07,PC3,-0.5177868462872189,-0.5590118735428745
usdzar,2025-11-10,PC3,-0.14167849753606976,-0.15295862171138602
usdzar,2025-11-11,PC3,-0.34013744512253996,-0.3672184255421696
usdzar,2025-11-12,PC3,0.48694965003488194,0.5257194888957236
usdzar,2025-11-13,PC3,0.4590749505365837,0.49562546834900484
usdzar,2025-11-14,PC3,-0.015630964739523683,-0.01687546709032724
usdzar,2025-11-17,PC3,0.785395438138592,0.8479268612056227
usdzar,2025-11-18,PC3,-0.532177172332257,-0.5745479250687322
usdzar,2025-11-19,PC3,-0.7072050274692008,-0.7635111054273537
usdzar,2025-11-20,PC3,-0.8136963612894158,-0.8784810403760225
usdzar,2025-11-21,PC3,-0.8794083733585472,-0.9494248954477302
usdzar,2025-11-24,PC3,-1.2400536168601968,-1.3387839042749876
usdzar,2025-11-25,PC3,-1.7885484465185153,-1.9309486619440053
usdzar,2025-11-26,PC3,-1.131827658885923,-1.2219412382880428
usdzar,2025-11-27,PC3,-0.7879529862410504,-0.8506880355511743
usdzar,2025-11-28,PC3,-0.760496858417637,-0.8210459124171982
usdzar,2025-12-01,PC3,-0.617530315291378,-0.6666966938149433
usdzar,2025-12-02,PC3,-1.0895718039252362,-1.1763210669393358
usdzar,2025-12-03,PC3,-1.0953644955295285,-1.1825749596555972
usdzar,2025-12-04,PC3,-0.609422449042053,-0.6579432974415715
usdzar,2025-12-05,PC3,-0.28679129919877067,-0.30962497914048975
usdzar,2025-12-08,PC3,-0.20316760236608766,-0.2193433511419894
usdzar,2025-12-09,PC3,-0.33314596013921355,-0.3596702942070445
usdzar,2025-12-10,PC3,-0.8448329176171958,-0.9120966194763276
usdzar,2025-12-11,PC3,-0.7800150734604278,-0.8421181239604609
usdzar,2025-12-12,PC3,-0.6222575328581177,-0.6718002818407428
usdzar,2025-12-15,PC3,-0.5209583709489307,-0.5624359078841168
usdzar,2025-12-16,PC3,-0.8151587433486305,-0.8800598540145281
usdzar,2025-12-17,PC3,-0.4172438809348064,-0.4504639028166516
usdzar,2025-12-18,PC3,-0.3872397775272277,-0.4180709399978534
usdzar,2025-12-19,PC3,-0.434250415879071,-0.46882445992588373
usdzar,2025-12-22,PC3,-0.7284878263405621,-0.7864883930054863
usdzar,2025-12-23,PC3,-0.5692056952664145,-0.6145245759403662
usdzar,2025-12-24,PC3,-0.5458316702552373,-0.589289563487987
usdzar,2025-12-25,PC3,-0.3757946251519735,-0.4057145502630598
usdzar,2025-12-26,PC3,-0.6089851294844874,-0.6574711594817824
usdzar,2025-12-29,PC3,-1.0330402511561516,-1.115288598744491
usdzar,2025-12-30,PC3,-1.298949994088382,-1.4023694789478378
usdzar,2025-12-31,PC3,-1.3026178136461217,-1.4063293220714925
usdzar,2026-01-01,PC3,-1.4681332165269911,-1.585022690062757
usdzar,2026-01-02,PC3,-1.388060776026224,-1.49857506145951
usdzar,2026-01-05,PC3,-1.216295544970232,-1.3131342679927858
usdzar,2026-01-06,PC3,-1.1318647801001864,-1.2219813150101193
usdzar,2026-01-07,PC3,-1.1894069537015877,-1.2841048674010302
usdzar,2026-01-08,PC3,-1.6694079228985141,-1.8023224370770414
usdzar,2026-01-09,PC3,-1.976842864144953,-2.1342346587393575
usdzar,2026-01-12,PC3,-1.152632077862035,-1.2444020584367184
usdzar,2026-01-13,PC3,-1.2409753422702352,-1.3397790153946545
usdzar,2026-01-14,PC3,-1.2313851427515417,-1.3294252657020231
usdzar,2026-01-15,PC3,-0.9362632546078893,-1.010806434811174
usdzar,2026-01-16,PC3,-0.9471394500885044,-1.0225485685796023
usdzar,2026-01-19,PC3,-0.7529953934628881,-0.81294719764926
usdzar,2026-01-20,PC3,-0.9088923637561861,-0.9812563350254008
usdzar,2026-01-21,PC3,-0.11075870946620413,-0.1195770694714584
usdzar,2026-01-22,PC3,-0.5417031313531492,-0.5848323195792248
usdzar,2026-01-23,PC3,-0.3617824911271708,-0.39058680155776765
usdzar,2026-01-26,PC3,0.11055015229045571,0.11935190744118852
usdzar,2026-01-27,PC3,0.191425578423481,0.20666645359156013
usdzar,2026-01-28,PC3,0.5756364635189302,0.6214673475363129
usdzar,2026-01-29,PC3,0.8733333493817491,0.9428661916887608
usdzar,2026-01-30,PC3,-1.0130919057471754,-1.0937520108201109
usdzar,2026-02-02,PC3,-0.6033050089381037,-0.6513388004785526
usdzar,2026-02-03,PC3,0.09193018905384842,0.0992494644980523
usdzar,2026-02-04,PC3,-0.5358816611881853,-0.5785473570178443
usdzar,2026-02-05,PC3,-0.16918272673123358,-0.18265267594043538
usdzar,2026-02-06,PC3,-0.2089699939999896,-0.2256077161824597
usdzar,2026-02-09,PC3,-0.2656092908246551,-0.2867565067729107
usdzar,2026-02-10,PC3,-0.06367629500677265,-0.06874605878315436
usdzar,2026-02-11,PC3,-0.4160878878543201,-0.4492158721601007
usdzar,2026-02-12,PC3,-0.3416982319070768,-0.3689034786694963
usdzar,2026-02-13,PC3,-0.5191912830595301,-0.5605281284207103
usdzar,2026-02-16,PC3,-0.6405609560443439,-0.6915609825247165
usdzar,2026-02-17,PC3,-0.16603857443137982,-0.1792581932871035
usdzar,2026-02-18,PC3,0.07212708768054459,0.07786968461366846
usdzar,2026-02-19,PC3,0.8170494586070038,0.8821011037807147
usdzar,2026-02-20,PC3,-0.01356734349333998,-0.014647544949423474
usdzar,2026-02-23,PC3,0.26161338878977947,0.282442459981209
usdzar,2026-02-24,PC3,-0.0192571834292368,-0.02079039717815777
usdzar,2026-02-25,PC3,-0.16109747558903298,-0.1739236952382893
usdzar,2026-02-26,PC3,-0.6231741586026245,-0.6727898872709475
usdzar,2026-02-27,PC3,-1.2600083519340364,-1.3603273905950148
usdzar,2026-03-02,PC3,-0.25238914943974144,-0.2724838073849798
usdzar,2026-03-03,PC3,1.8242157579117926,1.9694557246652002
usdzar,2026-03-04,PC3,-3.899006451082481,-4.209436598870916
usdzar,2026-03-05,PC3,-4.163382078105546,-4.4948612202975795
usdzar,2026-03-06,PC3,-3.2379735772032174,-3.495773770333746
usdzar,2026-03-09,PC3,-1.5677417627311285,-1.6925618452841114
usdzar,2026-03-10,PC3,0.5820927300100698,0.6284376474834499
usdzar,2026-03-11,PC3,0.28388860984679193,0.3064911841733159
usdzar,2026-03-12,PC3,1.4901244373820441,1.608764802593862
usdzar,2026-03-13,PC3,0.9904457324065522,1.0693027999556515
usdzar,2026-03-16,PC3,1.6128746594981875,1.7412881220543297
usdzar,2026-03-17,PC3,1.8341006016889094,1.9801275775311953
usdzar,2026-03-18,PC3,1.2626323682457186,1.3631603251995097
usdzar,2026-03-19,PC3,1.8466552403106253,1.9936817883187092
usdzar,2026-03-20,PC3,2.715813452607049,2.932040427872647
usdzar,2026-03-23,PC3,2.9097805589771744,3.1414507601650725
usdzar,2026-03-24,PC3,2.2019289439856826,2.377241587367262
usdzar,2026-03-25,PC3,2.8460329073875403,3.07262766354799
usdzar,2026-03-26,PC3,2.8395279626383645,3.065604809689102
usdzar,2026-03-27,PC3,2.2762755631436886,2.4575075175760057
