moneda,window_dias,window_label,t_start,t_end,fecha_start,fecha_end,PC1,PC2,PC3,PC1_PC2,PC1_PC3,K95,K99,dist_global3,dist_prev3
USDBRL,22,1m,1,22,2025-02-04,2025-03-05,0.9763273262071857,0.018254481753143315,0.0035610432146066474,0.994581807960329,0.9981428511749356,1,2,0.7989824885512241,NA
USDBRL,22,1m,2,23,2025-02-05,2025-03-06,0.9734693909264625,0.021003048209762315,0.003927396683829727,0.9944724391362247,0.9983998358200545,1,2,0.7999351440046263,0.10959949710322361
USDBRL,22,1m,3,24,2025-02-06,2025-03-07,0.9674123738096875,0.02584769523325088,0.004754613170153443,0.9932600690429384,0.9980146822130918,1,2,0.8103050774101913,0.035704085897183574
USDBRL,22,1m,4,25,2025-02-07,2025-03-10,0.9576218433186274,0.03361976067146432,0.00609977981504196,0.9912416039900918,0.9973413838051337,1,2,0.8181256595630566,0.0328892177541351
USDBRL,22,1m,5,26,2025-02-10,2025-03-11,0.944156309569347,0.044151931824122775,0.008107189171488194,0.9883082413934698,0.996415430564958,2,3,0.8243793187472311,0.03759068512778221
USDBRL,22,1m,6,27,2025-02-11,2025-03-12,0.9363109567891041,0.05196324193802393,0.010110788770732432,0.9882741987271281,0.9983849874978605,2,3,0.8325778334399235,0.12679297064371609
USDBRL,22,1m,7,28,2025-02-12,2025-03-13,0.9423592160712031,0.04677662743812809,0.00955337062727344,0.9891358435093311,0.9986892141366046,2,3,0.8155374733929022,0.04735690774152257
USDBRL,22,1m,8,29,2025-02-13,2025-03-14,0.9529171313505328,0.038282284538033444,0.007765489382646415,0.9911994158885662,0.9989649052712126,1,2,0.7340443488655932,0.12957521049262502
USDBRL,22,1m,9,30,2025-02-14,2025-03-17,0.9566367149099475,0.036393169229144776,0.00617475842226016,0.9930298841390923,0.9992046425613524,1,2,0.6619268372659434,0.16121906587754622
USDBRL,22,1m,10,31,2025-02-17,2025-03-18,0.9567433604648014,0.03594855448131216,0.006626300817293861,0.9926919149461135,0.9993182157634074,1,2,0.6868612732896049,0.05778006340278227
USDBRL,22,1m,11,32,2025-02-18,2025-03-19,0.960807076924809,0.03148226310570263,0.0070276098757669925,0.9922893400305117,0.9993169499062786,1,2,0.6959854726922967,0.03164954082915142
USDBRL,22,1m,12,33,2025-02-19,2025-03-20,0.9645570932638787,0.027006971906827344,0.0076329814100352285,0.991564065170706,0.9991970465807413,1,2,0.6839333343859406,0.04354858823419196
USDBRL,22,1m,13,34,2025-02-20,2025-03-21,0.9692570081310865,0.021870368387600012,0.008003673790675922,0.9911273765186865,0.9991310503093624,1,2,0.6872202177999656,0.03347667262157696
USDBRL,22,1m,14,35,2025-02-21,2025-03-24,0.9741187975127498,0.018497811528660608,0.006414558716526298,0.9926166090414104,0.9990311677579367,1,2,0.6642963641474589,0.07831893196730574
USDBRL,22,1m,15,36,2025-02-24,2025-03-25,0.976304275108805,0.01847944328238962,0.004236582657992481,0.9947837183911946,0.9990203010491872,1,2,0.6942594993713971,0.15510905986393722
USDBRL,22,1m,16,37,2025-02-25,2025-03-26,0.9778773589374508,0.01805361878514148,0.003325119922273975,0.9959309777225922,0.9992560976448662,1,2,0.7711524021309625,0.1503304007884145
USDBRL,22,1m,17,38,2025-02-26,2025-03-27,0.9810227608730197,0.015321427873348082,0.0030568785232955448,0.9963441887463678,0.9994010672696633,1,2,0.7700651808202723,0.04361078709068304
USDBRL,22,1m,18,39,2025-02-27,2025-03-28,0.9838899129588482,0.012982329640477972,0.0026618627387625586,0.9968722425993262,0.9995341053380887,1,2,0.764453603725466,0.06419303085400083
USDBRL,22,1m,19,40,2025-02-28,2025-03-31,0.9773322142519166,0.018617126579078765,0.0034720668068954014,0.9959493408309954,0.9994214076378908,1,2,0.7944221015814202,0.07174538221404554
USDBRL,22,1m,20,41,2025-03-03,2025-04-01,0.9751154911160944,0.020691485612035276,0.003496688462985863,0.9958069767281297,0.9993036651911156,1,2,0.78646895629594,0.055158523686877514
USDBRL,22,1m,21,42,2025-03-04,2025-04-02,0.9770178445467379,0.017553656419215018,0.004471455980707698,0.9945715009659529,0.9990429569466606,1,2,0.8051234008341349,0.06877590465487406
USDBRL,22,1m,22,43,2025-03-05,2025-04-03,0.9770641888561643,0.018154251942148585,0.003689507652834896,0.9952184407983129,0.9989079484511478,1,2,0.8595466874801709,0.12607788493084743
USDBRL,22,1m,23,44,2025-03-06,2025-04-04,0.9856558165676634,0.01068590617706615,0.00289246924589268,0.9963417227447295,0.9992341919906222,1,2,0.7766381380717452,0.4109786670728718
USDBRL,22,1m,24,45,2025-03-07,2025-04-07,0.9924683186773864,0.005821641447074189,0.0013911438401379324,0.9982899601244606,0.9996811039645985,1,1,0.7541108910029258,0.07773491994416287
USDBRL,22,1m,25,46,2025-03-10,2025-04-08,0.9940761913807633,0.004192413200961883,0.0014050763556433248,0.9982686045817252,0.9996736809373685,1,1,0.7674735709770361,0.27440079714101673
USDBRL,22,1m,26,47,2025-03-11,2025-04-09,0.9953947269427681,0.0033839472126239107,9.81050108542912e-4,0.998778674155392,0.9997597242639349,1,1,0.7667887074849853,0.03386809950020542
USDBRL,22,1m,27,48,2025-03-12,2025-04-10,0.9962040773866878,0.002916262929055882,6.754996360938192e-4,0.9991203403157437,0.9997958399518375,1,1,0.7888060398161837,0.06541021544412616
USDBRL,22,1m,28,49,2025-03-13,2025-04-11,0.996234903982947,0.0027013909663237377,8.571670788084087e-4,0.9989362949492707,0.9997934620280792,1,1,0.8124185044728784,0.14695840560772966
USDBRL,22,1m,29,50,2025-03-14,2025-04-14,0.993313373867428,0.005074063355611887,0.0014108738101344435,0.9983874372230399,0.9997983110331744,1,1,0.7316603960431434,0.21919689178332857
USDBRL,22,1m,30,51,2025-03-17,2025-04-15,0.9929771259569121,0.005265379596493806,0.0015778866580227148,0.9982425055534059,0.9998203922114286,1,1,0.6969378496960322,0.09831266337222876
USDBRL,22,1m,31,52,2025-03-18,2025-04-16,0.9932378419023814,0.005095495940716345,0.0015110387469627806,0.9983333378430977,0.9998443765900605,1,1,0.6752218512204943,0.05059520571917609
USDBRL,22,1m,32,53,2025-03-19,2025-04-17,0.9938492874416518,0.004647922990922907,0.0013667034178995393,0.9984972104325747,0.9998639138504742,1,1,0.6686049811812201,0.016544457241478436
USDBRL,22,1m,33,54,2025-03-20,2025-04-18,0.9943404535885945,0.004191707017478651,0.0013416863902763606,0.9985321606060731,0.9998738469963495,1,1,0.6713854631313463,0.014054926946166113
USDBRL,22,1m,34,55,2025-03-21,2025-04-21,0.9942303645819026,0.003996874117638601,0.0016552432018654784,0.9982272386995412,0.9998824819014067,1,1,0.6734292365450804,0.030369585283925332
USDBRL,22,1m,35,56,2025-03-24,2025-04-22,0.9944407003268602,0.0037635451669276146,0.0016791566707794962,0.9982042454937877,0.9998834021645673,1,1,0.6744156022788269,0.025897835360494132
USDBRL,22,1m,36,57,2025-03-25,2025-04-23,0.9947906370536576,0.003421709045651837,0.001664019067439667,0.9982123460993094,0.999876365166749,1,1,0.6667828245460022,0.025172908864342217
USDBRL,22,1m,37,58,2025-03-26,2025-04-24,0.9952950991138372,0.0029917739817407127,0.0015763665870776444,0.9982868730955778,0.9998632396826556,1,1,0.6690307180836548,0.011427249394821287
USDBRL,22,1m,38,59,2025-03-27,2025-04-25,0.9959294306389346,0.0024273218344389386,0.001509338275786469,0.9983567524733735,0.99986609074916,1,1,0.670597574629357,0.01650365811839249
USDBRL,22,1m,39,60,2025-03-28,2025-04-28,0.996676965044578,0.0017356777533837169,0.001457362343687022,0.9984126427979617,0.9998700051416488,1,1,0.6788474366943955,0.07011444550649468
USDBRL,22,1m,40,61,2025-03-31,2025-04-29,0.9970032603544505,0.0016629060926022549,0.0012033801681871096,0.99866616644705275,0.9998695466152399,1,1,0.6872203948556012,0.03497886069618031
USDBRL,22,1m,41,62,2025-04-01,2025-04-30,0.9972365338227489,0.001606202334163134,0.001030867412854777,0.998842736156912,0.9998736035697668,1,1,0.6920808531936182,0.04676806050658507
USDBRL,22,1m,42,63,2025-04-02,2025-05-01,0.9973223574132275,0.001661029479446393,8.877164554977386e-4,0.9989833868926739,0.9998711033481716,1,1,0.6767953256170006,0.06450527604411406
USDBRL,22,1m,43,64,2025-04-03,2025-05-02,0.997519342046777,0.0016509114425340057,7.024350949461918e-4,0.999170253489311,0.9998726885842572,1,1,0.6705228666118302,0.09421549260377185
USDBRL,22,1m,44,65,2025-04-04,2025-05-05,0.9977402162269411,0.001660689026221819,4.673729230881785e-4,0.9994009052531629,0.9998682781762511,1,1,0.67225023270188,0.13315653930737406
USDBRL,22,1m,45,66,2025-04-07,2025-05-06,0.9978428364788655,0.0015214249414680083,4.929509612561934e-4,0.9993642614203335,0.9998572123815898,1,1,0.6905421751849123,0.11593524618439763
USDBRL,22,1m,46,67,2025-04-08,2025-05-07,0.9974504677629893,0.0017604964990526185,6.08449307984245e-4,0.9992109642620419,0.9998194135700261,1,1,0.7119622275736561,0.12567427227241104
USDBRL,22,1m,47,68,2025-04-09,2025-05-08,0.9964339922930178,0.0025845321278652436,7.793014817013207e-4,0.999018524420883,0.9997978259025844,1,1,0.7176855947135624,0.09087055900823576
USDBRL,22,1m,48,69,2025-04-10,2025-05-09,0.9951621308128655,0.003189729579367528,0.0013210062035879672,0.998351860392233,0.999672866595821,1,1,0.6196775165563243,0.20581023922379524
USDBRL,22,1m,49,70,2025-04-11,2025-05-12,0.9899951637562561,0.006181305534206769,0.003210962751675287,0.9961764692904629,0.9993874320421381,1,2,0.5728567912432345,0.1506907820060182
USDBRL,22,1m,50,71,2025-04-14,2025-05-13,0.9745209543571015,0.01301729531226729,0.010855231567390076,0.9875382496693688,0.9983934812367589,1,3,0.5685167332524879,0.15372085192270243
USDBRL,22,1m,51,72,2025-04-15,2025-05-14,0.9777801372727047,0.01412331195042657,0.006852383730478786,0.9919034492231313,0.9987558329536101,1,2,0.6486784463285487,0.25679059696246226
USDBRL,22,1m,52,73,2025-04-16,2025-05-15,0.9784800564726464,0.013987678502682597,0.00639874913378882,0.9924677349753289,0.9988664841091178,1,2,0.651652039894023,0.057801389498355504
USDBRL,22,1m,53,74,2025-04-17,2025-05-16,0.9787457160223891,0.013804855605541849,0.006360267013456024,0.992550571627931,0.998910838641387,1,2,0.6598542265819962,0.0496188914846171
USDBRL,22,1m,54,75,2025-04-18,2025-05-19,0.9764244635693468,0.015227149247592713,0.007110188736223041,0.9916516128169395,0.9987618015531625,1,2,0.6830222986008065,0.04921291114761856
USDBRL,22,1m,55,76,2025-04-21,2025-05-20,0.975477022537098,0.015734181724263108,0.007475403063354918,0.9912112042613611,0.998686607324716,1,2,0.6857996671269122,0.07360746140995801
USDBRL,22,1m,56,77,2025-04-22,2025-05-21,0.979123187131821,0.01417330177291846,0.0054397191554968125,0.9932964889047394,0.9987362080602363,1,2,0.6659440922299489,0.17192301815232708
USDBRL,22,1m,57,78,2025-04-23,2025-05-22,0.9817047586498594,0.012147507595292513,0.004952639689722778,0.9938522662451519,0.9988049059348747,1,2,0.7091662838076315,0.17718803973315608
USDBRL,22,1m,58,79,2025-04-24,2025-05-23,0.9813774858397841,0.010187254490366334,0.0074218018789600545,0.9915647403301504,0.9989865422091105,1,2,0.7680725799801935,0.13647967563192692
USDBRL,22,1m,59,80,2025-04-25,2025-05-26,0.9815981938211715,0.010256690514529525,0.007071152907830173,0.991854884335701,0.9989260372435312,1,2,0.8017439190675194,0.09912003046900382
USDBRL,22,1m,60,81,2025-04-28,2025-05-27,0.9802657267998662,0.01126880738327375,0.007471131782728179,0.99153453418314,0.9990056659658682,1,2,0.8192454118084338,0.03891175690024416
USDBRL,22,1m,61,82,2025-04-29,2025-05-28,0.9722275432240568,0.016251727674484254,0.010187187793532134,0.988479270898541,0.9986664586920732,1,3,0.8069684255916734,0.0342436382548681
USDBRL,22,1m,62,83,2025-04-30,2025-05-29,0.9668696294553627,0.02170986084356964,0.009819267599241371,0.9885794902989323,0.9983987578981737,1,3,0.8047107196066791,0.06609993415249338
USDBRL,22,1m,63,84,2025-05-01,2025-05-30,0.9618914306523884,0.02667968421942786,0.00954334412838558,0.9885711148718163,0.9981144590002018,1,3,0.8098385538006737,0.058076928117293945
USDBRL,22,1m,64,85,2025-05-02,2025-06-02,0.9599865804321708,0.028611648495164333,0.009300676739617686,0.9885982289273351,0.9978989056669528,1,3,0.8129696328036221,0.037677587224260845
USDBRL,22,1m,65,86,2025-05-05,2025-06-03,0.9564969987492535,0.031111035513532958,0.010019371700514736,0.9876080342627865,0.9976274059633012,1,3,0.8260365541240436,0.026929587648139477
USDBRL,22,1m,66,87,2025-05-06,2025-06-04,0.955122009087786,0.03243978945197993,0.009693941246520106,0.9875617985397659,0.997255739786286,1,3,0.8547786046385605,0.05086930772290268
USDBRL,22,1m,67,88,2025-05-07,2025-06-05,0.9553862565252497,0.03305721624998311,0.008178180389454887,0.9884434727752328,0.9966216531646876,1,3,0.906697868287752,0.09281639449222079
USDBRL,22,1m,68,89,2025-05-08,2025-06-06,0.9558888582656759,0.03446947452844163,0.006100348375762853,0.9903583327941176,0.9964586811698805,1,2,0.8621494332312786,0.1576298613037803
USDBRL,22,1m,69,90,2025-05-09,2025-06-09,0.9642468450626683,0.029620857901522888,0.0028898720436507388,0.9938677029641912,0.996757575007842,1,2,0.645310510768083,1.0594404199455814
USDBRL,22,1m,70,91,2025-05-12,2025-06-10,0.9823449644591808,0.014413947815861791,0.0016408116281496747,0.9967589122750427,0.9983997239031923,1,2,1.3128788850150637,1.0655224295089702
USDBRL,22,1m,71,92,2025-05-13,2025-06-11,0.9876966542305274,0.009466504658286237,0.0014125038400740145,0.9971631588888137,0.9985756627288876,1,2,1.1578346162421618,0.38442667552222315
USDBRL,22,1m,72,93,2025-05-14,2025-06-12,0.9903815900462982,0.0068634100757295835,0.001500561653527379,0.9972450001220278,0.9987455617755552,1,1,0.9639601624968669,0.31886313990491105
USDBRL,22,1m,73,94,2025-05-15,2025-06-13,0.9910756714384578,0.006085690333304986,0.0016328630551237914,0.9971613617717627,0.9987942248268865,1,1,0.9983652421735981,0.17607629626052976
USDBRL,22,1m,74,95,2025-05-16,2025-06-16,0.9923192932225001,0.005432045018769967,0.0012164975765399846,0.99775133824127,0.9989678358178101,1,1,1.1946609006407483,0.4120597217546868
USDBRL,22,1m,75,96,2025-05-19,2025-06-17,0.9915749580364728,0.006112530701459724,0.0012868034505011893,0.9976874887379324,0.9989742921884337,1,1,1.2668424888568006,0.1882948456014651
USDBRL,22,1m,76,97,2025-05-20,2025-06-18,0.9927894310903135,0.004935872059057692,0.0012810608442073263,0.9977253031493711,0.99900636399357845,1,1,1.3510409013348226,0.25585031159002947
USDBRL,22,1m,77,98,2025-05-21,2025-06-19,0.992440082167372,0.00507151199982497,0.0015895646733691054,0.9975115941671969,0.999101158840566,1,1,1.3682701695325685,0.1612052001257681
USDBRL,22,1m,78,99,2025-05-22,2025-06-20,0.9916232243933644,0.005888349309184486,0.0015597378173002184,0.9975115737025488,0.9990713115198491,1,1,1.3440994308284073,0.2160381539292956
USDBRL,22,1m,79,100,2025-05-23,2025-06-23,0.9907069131774316,0.006760373415104678,0.001561144277082917,0.9974672865925364,0.9990284308696192,1,1,1.3394000346118347,0.10168801819409197
USDBRL,22,1m,80,101,2025-05-26,2025-06-24,0.9859463758829027,0.011055075495470886,0.0016468536218126055,0.9970014513783736,0.9986483050001862,1,2,1.4235334718489685,0.6053171395441689
USDBRL,22,1m,81,102,2025-05-27,2025-06-25,0.9702700006590187,0.02596346334048971,0.002311199142928562,0.9962334639995084,0.998544663142437,1,2,1.4192728989393455,0.1765172924311367
USDBRL,22,1m,82,103,2025-05-28,2025-06-26,0.9500102723063363,0.04613464334432671,0.0024597644720940385,0.996144915650663,0.998604680122757,1,2,1.4142302750124642,0.1421737883001897
USDBRL,22,1m,83,104,2025-05-29,2025-06-27,0.9411200108750933,0.055417081157080515,0.0021457899620562276,0.9965370920321739,0.99868288199423,2,2,1.4168907893395577,0.07102050016633124
USDBRL,22,1m,84,105,2025-05-30,2025-06-30,0.9300491984005246,0.066906470577392893,0.0018222353873712826,0.9969556689779174,0.9987779043652888,2,2,1.4066550896032515,0.2731214576716524
USDBRL,22,1m,85,106,2025-06-02,2025-07-01,0.9158404276743116,0.08095105921028105,0.0019697791882098904,0.9967914868845926,0.9987612660728026,2,2,1.3848363180497691,0.13389428190386016
USDBRL,22,1m,86,107,2025-06-03,2025-07-02,0.9133972412873036,0.0831139147442887,0.002102584006900405,0.9965111560315922,0.9986137400384927,2,2,1.3249324073372144,0.2345703716489303
USDBRL,22,1m,87,108,2025-06-04,2025-07-03,0.9147967907957735,0.08110036615534946,0.00270046283570234,0.9958971569511229,0.9985976197868253,2,2,1.3177956179866914,0.08067636058694311
USDBRL,22,1m,88,109,2025-06-05,2025-07-04,0.9216822369340708,0.07344365940355278,0.0034052549874816315,0.9951258963376236,0.9985311513251052,2,2,1.3420208737914463,0.08521224451957847
USDBRL,22,1m,89,110,2025-06-06,2025-07-07,0.9393924451837564,0.0549083054646448,0.004018621962942347,0.9943007506484012,0.9983193726113435,2,2,1.2050624106265135,0.34666212320982565
USDBRL,22,1m,90,111,2025-06-09,2025-07-08,0.9578104858693228,0.03706660257590796,0.003645295174874588,0.9948770884452308,0.9985223836201054,1,2,1.1477827152189657,0.11245712985555519
USDBRL,22,1m,91,112,2025-06-10,2025-07-09,0.9751875816708285,0.021679910734566613,0.0023073177689199387,0.9968674924053952,0.9991748101743151,1,2,1.0993119228491133,0.08865483545243383
USDBRL,22,1m,92,113,2025-06-11,2025-07-10,0.9816468471395356,0.01619087321544331,0.0016924768194933526,0.997837720354979,0.9995301971744723,1,2,1.0943277083292509,0.09255449464793096
USDBRL,22,1m,93,114,2025-06-12,2025-07-11,0.9842677970812892,0.014280250173519388,0.0010713993539336801,0.9985480472548086,0.9996194466087422,1,2,1.015425277688526,0.15993802264228443
USDBRL,22,1m,94,115,2025-06-13,2025-07-14,0.9849127426342772,0.01364865016479727,0.0010598649738694913,0.9985613927990744,0.999621257772944,1,2,0.9259927201001271,0.22122842470236903
USDBRL,22,1m,95,116,2025-06-16,2025-07-15,0.9856728062649645,0.013213415799809572,8.032702907206791e-4,0.9988862220647741,0.9996894923554948,1,2,0.7280739101299669,0.30196917506821286
USDBRL,22,1m,96,117,2025-06-17,2025-07-16,0.9845780827616127,0.01424189991603294,8.348520531494079e-4,0.9988199826776457,0.9996548347307951,1,2,0.756041653490554,0.05595366258225864
USDBRL,22,1m,97,118,2025-06-18,2025-07-17,0.9841031230545306,0.01466819859183595,8.76718611487795e-4,0.9987713216463666,0.9996480402578544,1,2,0.780784065200652,0.040474859348219136
USDBRL,22,1m,98,119,2025-06-19,2025-07-18,0.9840826389717787,0.014555091647708648,0.0010100704280122613,0.9986377306194874,0.9996478010474996,1,2,0.7809086726693681,0.05668321299580195
USDBRL,22,1m,99,120,2025-06-20,2025-07-21,0.9855899497449884,0.013039826742820301,0.0010259264309707044,0.9986297764878087,0.9996557029187794,1,2,0.7879809743438863,0.04447236333597528
USDBRL,22,1m,100,121,2025-06-23,2025-07-22,0.9857693288063043,0.012747161356012192,0.0010971563994950212,0.9985164901623165,0.9996136465618115,1,2,0.7858495564577375,0.041695829487584116
USDBRL,22,1m,101,122,2025-06-24,2025-07-23,0.9839011503090254,0.014468938359216766,0.0011718812327971965,0.9983700886682422,0.9995419699010393,1,2,0.7963495375162545,0.09882655830625196
USDBRL,22,1m,102,123,2025-06-25,2025-07-24,0.9834179884103029,0.014814443067159202,0.0011987406852343213,0.9982324314774621,0.9994311721626965,1,2,0.8421478863784814,0.27205850500008616
USDBRL,22,1m,103,124,2025-06-26,2025-07-25,0.9837313634010856,0.01451537499637374,0.0012081399720454316,0.9982467383974594,0.9994548783695048,1,2,0.8728167982202976,0.18308890754290397
USDBRL,22,1m,104,125,2025-06-27,2025-07-28,0.9863563119579352,0.011919408419581647,0.0012108194823379033,0.9982757203775168,0.9994865398598547,1,2,0.8943858247984584,0.07506293120124892
USDBRL,22,1m,105,126,2025-06-30,2025-07-29,0.9877324597483164,0.010525250176200936,0.001252833158149719,0.9982577099245173,0.9995105430826671,1,2,0.9573614118257207,0.11538130373569165
USDBRL,22,1m,106,127,2025-07-01,2025-07-30,0.9880228094312127,0.00995747493407647,0.0015124390752273178,0.9979802843652892,0.9994927234405164,1,2,0.9763539998584536,0.06275527224466099
USDBRL,22,1m,107,128,2025-07-02,2025-07-31,0.9859589609729007,0.011215732897969668,0.0022766586451477976,0.9971746938708703,0.9994513525160181,1,2,1.0067736496437696,0.06625866945592983
USDBRL,22,1m,108,129,2025-07-03,2025-08-01,0.9824960377024262,0.013448944755060055,0.003372778094335124,0.9959449824574863,0.9993177605518214,1,2,0.9581702056469106,0.14707946440550126
USDBRL,22,1m,109,130,2025-07-04,2025-08-04,0.9720721758237757,0.02166940130294447,0.005445580489219874,0.9937415771267202,0.99918715761594,1,2,0.9423425665559171,0.11019018185855001
USDBRL,22,1m,110,131,2025-07-07,2025-08-05,0.961463692002344,0.03023465755880182,0.007487194790877255,0.9916983495611459,0.9991855443520231,1,2,0.9220863308047349,0.06768610449463286
USDBRL,22,1m,111,132,2025-07-08,2025-08-06,0.9587050130987228,0.03107692858888621,0.009429609630998922,0.989781941687609,0.999211551318608,1,3,0.9009186006911891,0.055284433723429234
USDBRL,22,1m,112,133,2025-07-09,2025-08-07,0.9669101481480356,0.02387820935366177,0.008638908482660827,0.9907883575016974,0.9994272659843582,1,2,0.8947861913618109,0.06113060435181107
USDBRL,22,1m,113,134,2025-07-10,2025-08-08,0.9716256888572892,0.019772235298814254,0.008285009949173703,0.9913979241561034,0.9996829341052771,1,2,0.8944302442841089,0.057340290301246245
USDBRL,22,1m,114,135,2025-07-11,2025-08-11,0.9718550903962883,0.01916367968229113,0.008673842253101752,0.9910187700785794,0.9996926123316812,1,2,0.8964156984430949,0.015127008613720181
USDBRL,22,1m,115,136,2025-07-14,2025-08-12,0.9736367199413817,0.017997554252758865,0.008086309745772671,0.9916342741941405,0.9997205839399133,1,2,0.8882317781360115,0.028103732723423504
USDBRL,22,1m,116,137,2025-07-15,2025-08-13,0.9794071278990755,0.014085119423311403,0.006269778381846627,0.9934922473223868,0.9997620257042334,1,2,0.8793776331407956,0.03174027809566935
USDBRL,22,1m,117,138,2025-07-16,2025-08-14,0.9818194283584551,0.012763381070787668,0.0052191096905965465,0.9945828094292428,0.9998019191198394,1,2,0.8760137944808667,0.033668921088359394
USDBRL,22,1m,118,139,2025-07-17,2025-08-15,0.9831626346132654,0.011648526923428852,0.0050096890672857814,0.9948111615366942,0.99982085060398,1,2,0.8733980132597559,0.022459433984951274
USDBRL,22,1m,119,140,2025-07-18,2025-08-18,0.9844829903261887,0.011013180580176384,0.0043633885377368856,0.9954961709063651,0.999859559444102,1,2,0.877159296521646,0.04336848606013587
USDBRL,22,1m,120,141,2025-07-21,2025-08-19,0.9826403154500296,0.011661977165320785,0.005510012764038794,0.9943022926153504,0.9998123053793891,1,2,0.898086525682298,0.11030686586051315
USDBRL,22,1m,121,142,2025-07-22,2025-08-20,0.9823150800089229,0.012062750077975718,0.005449508392910207,0.9943778300868986,0.9998273384798088,1,2,0.919684563083151,0.0903979600971517
USDBRL,22,1m,122,143,2025-07-23,2025-08-21,0.9831656752810595,0.012216960711830517,0.004452933541329935,0.99538263599289,0.9998355695342199,1,2,0.9279665153111332,0.06053862089307882
USDBRL,22,1m,123,144,2025-07-24,2025-08-22,0.9817017502706074,0.014806880146192783,0.003329027969574523,0.9965086304168002,0.9998376583863746,1,2,0.9347977074201109,0.05884814337285078
USDBRL,22,1m,124,145,2025-07-25,2025-08-25,0.9823098746332573,0.015263312118323534,0.0022701545706483982,0.9975731867515808,0.9998433413222292,1,2,0.9042283503943939,0.06101887758127062
USDBRL,22,1m,125,146,2025-07-28,2025-08-26,0.9817750677222433,0.01603187740277944,0.0020343692528845565,0.9978069451250228,0.9998413143779074,1,2,0.8718231596696885,0.053816480220978846
USDBRL,22,1m,126,147,2025-07-29,2025-08-27,0.9798065577370221,0.017784202204887453,0.0022183632060360516,0.9975907599419095,0.9998091231479456,1,2,0.862467248935656,0.023401865615215244
USDBRL,22,1m,127,148,2025-07-30,2025-08-28,0.9783256737106689,0.019374075563085447,0.0020620296723252523,0.9976997492737544,0.9997617789460796,1,2,0.8603581558356321,0.032191218461956474
USDBRL,22,1m,128,149,2025-07-31,2025-08-29,0.9777472394022232,0.020123867194286306,0.0018392566499387192,0.9978711065965095,0.9997103632464482,1,2,0.8176309402990158,0.10009146712753145
USDBRL,22,1m,129,150,2025-08-01,2025-09-01,0.9770527586064729,0.021327952464171525,0.0013419370635728237,0.9983807110706444,0.9997226481342173,1,2,0.7432197198720294,0.1725482461396311
USDBRL,22,1m,130,151,2025-08-04,2025-09-02,0.9821461954175337,0.017039862530364484,6.369216963069362e-4,0.9991860579478982,0.9998229796442051,1,2,0.5709654370569753,0.348179055324985
USDBRL,22,1m,131,152,2025-08-05,2025-09-03,0.9866115146109877,0.012780515901508346,4.549113407520365e-4,0.999392030512496,0.9998469418532481,1,2,0.592056117787005,0.06290909821046074
USDBRL,22,1m,132,153,2025-08-06,2025-09-04,0.990861248111873,0.008626033612909116,3.779932998310939e-4,0.9994872817247822,0.9998652750246132,1,1,0.6677356079990024,0.10429888376595334
USDBRL,22,1m,133,154,2025-08-07,2025-09-05,0.9922128991645248,0.007276698057535562,3.8697331380534427e-4,0.9994895972220604,0.9998765705358658,1,1,0.6617386162275325,0.07421453072541191
USDBRL,22,1m,134,155,2025-08-08,2025-09-08,0.9920946738479864,0.007375600223132594,4.1240280164970547e-4,0.999470274071119,0.9998826768727688,1,1,0.6722303182143903,0.04201559838854145
USDBRL,22,1m,135,156,2025-08-11,2025-09-09,0.9914558095318196,0.007984077675917104,4.3191853290255416e-4,0.9994398872077367,0.9998718057406392,1,1,0.6760097265898682,0.016063707819601498
USDBRL,22,1m,136,157,2025-08-12,2025-09-10,0.9910101862440188,0.008372111708765296,4.546830531408342e-4,0.9993822979527841,0.999836981005925,1,1,0.6943418052462693,0.02533141205993105
USDBRL,22,1m,137,158,2025-08-13,2025-09-11,0.9896408600112931,0.009588417034627282,5.524383969768686e-4,0.9992292770459205,0.9997817154428973,1,2,0.6290835549179117,0.11754527804746488
USDBRL,22,1m,138,159,2025-08-14,2025-09-12,0.986700182614587,0.012240356403720237,7.918863933477803e-4,0.9989405390183073,0.9997324254116551,1,2,0.6214071504726432,0.09180865417012805
USDBRL,22,1m,139,160,2025-08-15,2025-09-15,0.9815730994319296,0.017054463567355547,0.0010436468531593993,0.9986275629992851,0.9996712098524445,1,2,0.65302655068170945,0.07391803818549157
USDBRL,22,1m,140,161,2025-08-18,2025-09-16,0.974291662778938,0.024220329409379144,0.001149322460658802,0.9985119921883171,0.9996613146489759,1,2,0.6212451648074554,0.052619377996027075
USDBRL,22,1m,141,162,2025-08-19,2025-09-17,0.9633868549696794,0.034872215045319344,0.0013686494351918934,0.9982590700149987,0.9996277194501906,1,2,0.7041328435123501,0.1125640856473158
USDBRL,22,1m,142,163,2025-08-20,2025-09-18,0.9622260349207511,0.03631480778675064,0.001074077309425303,0.9985408427075018,0.9996149200169271,1,2,0.756682174565813,0.08874989906632845
USDBRL,22,1m,143,164,2025-08-21,2025-09-19,0.9598662500552468,0.038572222362232594,0.0011475337168145282,0.9984384724174794,0.9995860061342939,1,2,0.7699373268941051,0.041402301073505704
USDBRL,22,1m,144,165,2025-08-22,2025-09-22,0.9607913154370014,0.0376668269009812,0.0011565970520644652,0.9984581423379826,0.999614739390047,1,2,0.7917744548174696,0.06948680498171608
USDBRL,22,1m,145,166,2025-08-25,2025-09-23,0.971335036178334,0.02736063693115832,9.262028607029522e-4,0.9986956731094924,0.9996218759701954,1,2,0.7500879747391545,0.133378813626559
USDBRL,22,1m,146,167,2025-08-26,2025-09-24,0.9757181068975624,0.02310002365310258,8.233216428272497e-4,0.998818130550665,0.9996414521934923,1,2,0.5915964808373986,0.22075410535708329
USDBRL,22,1m,147,168,2025-08-27,2025-09-25,0.9735296607642704,0.025235165984399316,8.574767414637444e-4,0.9987648267486697,0.9996223034901335,1,2,0.6495870215580963,0.09624031580451985
USDBRL,22,1m,148,169,2025-08-28,2025-09-26,0.9762105081825789,0.022340086033422774,0.0010448754642906992,0.9985505942160017,0.9995954696802924,1,2,0.5584312296501277,0.18962870757295044
USDBRL,22,1m,149,170,2025-08-29,2025-09-29,0.9798353952394216,0.018654606743178717,0.0011041740825507135,0.9984900019826004,0.9995941760651511,1,2,0.5427253091700156,0.06533234818076467
USDBRL,22,1m,150,171,2025-09-01,2025-09-30,0.9811369688201523,0.01741738784712968,0.001054343610461301,0.998554356667282,0.9996087002777433,1,2,0.5567858241081325,0.03552401522650686
USDBRL,22,1m,151,172,2025-09-02,2025-10-01,0.9825456822388234,0.016018787249824088,0.0010614859006311344,0.9985644694886475,0.9996259553892787,1,2,0.5621521471942276,0.07028409825564248
USDBRL,22,1m,152,173,2025-09-03,2025-10-02,0.9816654264707476,0.016689308472861365,0.001138516674612734,0.9983547349436089,0.9994932516182217,1,2,0.5542657584925204,0.04004648577220957
USDBRL,22,1m,153,174,2025-09-04,2025-10-03,0.9783423295696804,0.01893698337845072,0.0016293135123203058,0.9972793129481311,0.9989086264604514,1,2,0.5220734883088205,0.30451805767780665
USDBRL,22,1m,154,175,2025-09-05,2025-10-06,0.9709498266644278,0.02463608934364345,0.0025474446695568464,0.9955859160080712,0.998133360677628,1,2,0.6403407956487928,0.29122545011237544
USDBRL,22,1m,155,176,2025-09-08,2025-10-07,0.9657194131598608,0.030302478029041745,0.00203725735644386,0.9960218911889025,0.9980591485453464,1,2,0.9423865845690984,0.4885823716956712
USDBRL,22,1m,156,177,2025-09-09,2025-10-08,0.9656634412548113,0.0303545842837971,0.002254944849164652,0.9960180255386084,0.9982729703877731,1,2,1.240444183062017,0.5575685508047713
USDBRL,22,1m,157,178,2025-09-10,2025-10-09,0.955585265465475,0.0386719735622116,0.0040749812849980565,0.9942572390276866,0.9983322203126846,1,2,1.3337919683353463,0.3462207817187527
USDBRL,22,1m,158,179,2025-09-11,2025-10-10,0.9855281514935383,0.012194576760507737,0.0014594970873377244,0.9977227282540461,0.9991822253413838,1,2,1.4165254993750738,0.46132678170854413
USDBRL,22,1m,159,180,2025-09-12,2025-10-13,0.9869894818743327,0.01124187884154043,0.0011090463438300062,0.998231360715873,0.9993404070597031,1,2,1.4171151785491298,0.04899281743727961
USDBRL,22,1m,160,181,2025-09-15,2025-10-14,0.9892659038002758,0.00928441289143723,8.598396367410297e-4,0.998550316691713,0.9994101563284541,1,2,1.4155633269448398,0.05927409393236848
USDBRL,22,1m,161,182,2025-09-16,2025-10-15,0.9885613567416545,0.009922587465661844,8.364724534715357e-4,0.9984839442073163,0.9993204166607879,1,2,1.4143396173121603,0.27258212916110464
USDBRL,22,1m,162,183,2025-09-17,2025-10-16,0.9899217828518387,0.008447066394616858,9.25691257585697e-4,0.9983688492464556,0.9992945405040413,1,2,1.333092131187508,0.43827530463890835
USDBRL,22,1m,163,184,2025-09-18,2025-10-17,0.9911591035795084,0.007195801767742359,9.590358986784872e-4,0.9983549053472508,0.9993139412459293,1,1,1.2577384256763922,0.23032091671006288
USDBRL,22,1m,164,185,2025-09-19,2025-10-20,0.9915938876258606,0.006562372220035963,0.0011762407038757557,0.9981562598458966,0.9993325005497724,1,1,1.1748836465463222,0.23864817775265498
USDBRL,22,1m,165,186,2025-09-22,2025-10-21,0.9912094187177044,0.006751141508114258,0.001406430063669228,0.9979605602258187,0.9993669902894879,1,1,1.1780211585370473,0.05216022726067267
USDBRL,22,1m,166,187,2025-09-23,2025-10-22,0.9906851485877416,0.00717944218828236,0.0015324165101898797,0.997864590776024,0.9993970072862138,1,1,1.1708466637896298,0.036223142155149234
USDBRL,22,1m,167,188,2025-09-24,2025-10-23,0.9891805344511846,0.008679048575608231,0.0015980981838251617,0.9978595830267928,0.999457681210618,1,2,1.155637182921455,0.061213997796067246
USDBRL,22,1m,168,189,2025-09-25,2025-10-24,0.9888116680447263,0.009003860104713867,0.0015858202385455275,0.9978155281494402,0.9994013483879857,1,2,1.172427525679639,0.05960226820789972
USDBRL,22,1m,169,190,2025-09-26,2025-10-27,0.9890037854308328,0.008551318882482908,0.0018279314151671343,0.9975551043133157,0.9993830357284829,1,2,1.1976492928215097,0.1087733081549718
USDBRL,22,1m,170,191,2025-09-29,2025-10-28,0.9896289953682447,0.007990020003627831,0.0017864210161432678,0.9976190153718725,0.9994054363880158,1,2,1.2361666966557596,0.13511018527152505
USDBRL,22,1m,171,192,2025-09-30,2025-10-29,0.9896044691504021,0.008019581273844497,0.0015970811241652215,0.9976240504242466,0.9992211315484119,1,2,1.2483470543985795,0.07053925707759852
USDBRL,22,1m,172,193,2025-10-01,2025-10-30,0.9890993547316479,0.008373357452444649,0.001537827555792141,0.9974727121840925,0.9990105397398847,1,2,1.2355888937555994,0.08831393013072732
USDBRL,22,1m,173,194,2025-10-02,2025-10-31,0.9882884169271388,0.009062875214653016,0.0014493572377412846,0.9973512921417917,0.9988006493795331,1,2,1.1920848550723089,0.1404109671926207
USDBRL,22,1m,174,195,2025-10-03,2025-11-03,0.9874237972447069,0.009778565019027461,0.0014752541959108193,0.9972023622637343,0.9986776164596451,1,2,1.0528021057160522,0.271298190908454
USDBRL,22,1m,175,196,2025-10-06,2025-11-04,0.9857154494488567,0.011438081502951086,0.0013922628058754426,0.9971535309518078,0.9985457937576833,1,2,0.7844574535223391,0.4173923975612502
USDBRL,22,1m,176,197,2025-10-07,2025-11-05,0.9855038907800733,0.011510372974271127,0.00160901554404656,0.9970142637543444,0.998623279298391,1,2,0.44870510821045717,0.5120058504296991
USDBRL,22,1m,177,198,2025-10-08,2025-11-06,0.9851732121236675,0.012273974698042906,0.0016325325953787176,0.9974471868217104,0.9990797194170891,1,2,0.6117468078274466,0.2598335215207898
USDBRL,22,1m,178,199,2025-10-09,2025-11-07,0.9854787656977182,0.012344088136643732,0.001641695771983469,0.997822853834362,0.9994645496063453,1,2,0.5095530361012267,0.20741480831839462
USDBRL,22,1m,179,200,2025-10-10,2025-11-10,0.9881826126011706,0.010192809599614053,0.001174708857081039,0.9983754222007847,0.9995501310578657,1,2,0.4606562162272706,0.21108065041519733
USDBRL,22,1m,180,201,2025-10-13,2025-11-11,0.9704552504621227,0.026676462561351876,0.002255224674774463,0.9971317130234746,0.999386937698249,1,2,0.45107102327385395,0.2141230729741154
USDBRL,22,1m,181,202,2025-10-14,2025-11-12,0.9507107312516856,0.045810330225719655,0.00270194316667111,0.9965210614774053,0.9992230046440763,1,2,0.48206107627337197,0.07174555017969692
USDBRL,22,1m,182,203,2025-10-15,2025-11-13,0.9163630503088378,0.07872953138876522,0.0038227360538459275,0.9950925816976031,0.9989153177514489,2,2,0.48572972735585723,0.06616016435122284
USDBRL,22,1m,183,204,2025-10-16,2025-11-14,0.9025198765698687,0.09205575762066544,0.004268247063543322,0.9945756341905341,0.9988438812540774,2,2,0.4675293316523265,0.05398968227115919
USDBRL,22,1m,184,205,2025-10-17,2025-11-17,0.9053485438563071,0.08889001120669414,0.004253600192880272,0.9942385550630013,0.9984921552558815,2,2,0.4640552672308343,0.10397638100318624
USDBRL,22,1m,185,206,2025-10-20,2025-11-18,0.9151857769137639,0.07987739021219818,0.0034452312631754202,0.9950631671259621,0.9985083983891375,2,2,0.4596321578916912,0.14590323288538568
USDBRL,22,1m,186,207,2025-10-21,2025-11-19,0.9247500504525767,0.07082867748808325,0.0028355803107540977,0.99557872794066,0.9984143082514141,2,2,0.5525737308058634,0.32410719777766117
USDBRL,22,1m,187,208,2025-10-22,2025-11-20,0.9357952108647452,0.06035346670297816,0.00251251438277658,0.9961486775677233,0.9986611919504998,2,2,0.705727149564539,0.2644985289045196
USDBRL,22,1m,188,209,2025-10-23,2025-11-21,0.9695793765401146,0.02853470186477924,0.0012388703471966657,0.9981140784048939,0.9993529487520905,1,2,0.6250619562396771,0.14207033564885102
USDBRL,22,1m,189,210,2025-10-24,2025-11-24,0.9712889762924817,0.026821332541434317,0.0013216763812775004,0.998110308833916,0.9994319852151935,1,2,0.7856484143745998,0.24039661704725782
USDBRL,22,1m,190,211,2025-10-27,2025-11-25,0.9723432920292464,0.02545485448235179,0.0016165388821852088,0.9977981465115981,0.9994146853937834,1,2,0.9279241868879848,0.219533973317209
USDBRL,22,1m,191,212,2025-10-28,2025-11-26,0.9710931461012737,0.026462707226761327,0.0018974772122265786,0.9975558533280351,0.9994533305402616,1,2,1.0504278907753812,0.18817983639390287
USDBRL,22,1m,192,213,2025-10-29,2025-11-27,0.9689504719586751,0.028670698037952056,0.0019077917313146569,0.9976211699966272,0.9995289617279418,1,2,1.1533554613841839,0.16908914550078266
USDBRL,22,1m,193,214,2025-10-30,2025-11-28,0.9694702361478494,0.02801387192997934,0.0020067432684753553,0.9974841080778287,0.9994908513463041,1,2,1.177312976642942,0.05128221863101463
USDBRL,22,1m,194,215,2025-10-31,2025-12-01,0.9722107331390563,0.025288683214858054,0.001972479829426434,0.9974994163539144,0.9994718961833408,1,2,1.1806059435956269,0.022396393806089043
USDBRL,22,1m,195,216,2025-11-03,2025-12-02,0.9754858059228007,0.02205749177699467,0.0018612434713226854,0.9975432976997953,0.999404541171118,1,2,1.1418930744423619,0.07109401799967911
USDBRL,22,1m,196,217,2025-11-04,2025-12-03,0.9762177334258881,0.021179503406676133,0.0019265087261454738,0.9973972368325643,0.9993237455587097,1,2,1.1461616263930228,0.020990693211588005
USDBRL,22,1m,197,218,2025-11-05,2025-12-04,0.974313302214849,0.023317638683407995,0.0015941611451355036,0.997630940898257,0.9992251020433925,1,2,1.059594112359864,0.15071779932018023
USDBRL,22,1m,198,219,2025-11-06,2025-12-05,0.9887280022564112,0.010201847018568197,7.733974137304361e-4,0.9989298492749794,0.9997032466887098,1,2,1.1743363184810276,0.24551547918759567
USDBRL,22,1m,199,220,2025-11-07,2025-12-08,0.9902174420861272,0.008912178737946343,6.012765683079518e-4,0.9991296208240735,0.9997308973923814,1,1,1.1887649253661312,0.08964483613336194
USDBRL,22,1m,200,221,2025-11-10,2025-12-09,0.9919786194401334,0.007312715753366829,4.798250923601351e-4,0.9992913351935002,0.9997711602858604,1,1,1.168528558905327,0.06691258180203331
USDBRL,22,1m,201,222,2025-11-11,2025-12-10,0.9905849897040072,0.008814149373868308,4.2339922205802017e-4,0.9993991390778755,0.9998225382999335,1,1,1.0921685871553801,0.17248355670506668
USDBRL,22,1m,202,223,2025-11-12,2025-12-11,0.9900796986863818,0.009408530320600366,3.441373334918963e-4,0.9994882290069822,0.999832366340474,1,1,1.030932752327851,0.16422911260731562
USDBRL,22,1m,203,224,2025-11-13,2025-12-12,0.9898206053027789,0.009753921524676709,2.5173499045435827e-4,0.9995745268274556,0.99982626181791,1,2,1.0150957821373554,0.07217817298011357
USDBRL,22,1m,204,225,2025-11-14,2025-12-15,0.9893460442226865,0.010283143437594011,1.8906855416658456e-4,0.9996291876602805,0.9998182562144471,1,2,0.9431487159711788,0.1254620317501036
USDBRL,22,1m,205,226,2025-11-17,2025-12-16,0.9892466567626075,0.01038679962914381,2.0582884364498462e-4,0.9996334563917513,0.9998392852353962,1,2,0.45017211774229005,0.7327501420288702
USDBRL,22,1m,206,227,2025-11-18,2025-12-17,0.9897663317834122,0.0097486820913498,3.474596192167229e-4,0.999515013874762,0.9998624734939787,1,2,0.490854219333937,0.14253913176591093
USDBRL,22,1m,207,228,2025-11-19,2025-12-18,0.9893858204230679,0.009908191130286584,5.84591549170611e-4,0.9992940115533545,0.9998786031025251,1,2,0.482625851516415,0.14249413198364944
USDBRL,22,1m,208,229,2025-11-20,2025-12-19,0.9896451193574597,0.009289880682586632,9.421768221375398e-4,0.9989350000400463,0.9998771768621839,1,2,0.49888167926375704,0.16924540482878614
USDBRL,22,1m,209,230,2025-11-21,2025-12-22,0.989103841973846,0.009270719023837774,0.001515909840232965,0.9983745609976838,0.9998904708379168,1,2,0.4493782753224012,0.10651923281082885
USDBRL,22,1m,210,231,2025-11-24,2025-12-23,0.9896501968202587,0.008429596414592627,0.0018115991450328361,0.9980797932348513,0.9998913923798841,1,2,0.43112596525966773,0.07297239132223311
USDBRL,22,1m,211,232,2025-11-25,2025-12-24,0.9888994073323298,0.00896406029113645,0.0020077235548868564,0.9978634676234663,0.9998711911783531,1,2,0.42152423616882473,0.06573195560195086
USDBRL,22,1m,212,233,2025-11-26,2025-12-25,0.9871611445119466,0.010557129911100515,0.0020935756362546565,0.9977182744230471,0.9998118500593017,1,2,0.42261349007688076,0.07257475552161076
USDBRL,22,1m,213,234,2025-11-27,2025-12-26,0.9858874458969287,0.011696831790299097,0.002175021345442548,0.9975842776872278,0.9997592990326704,1,2,0.4299979430706002,0.04897123436957084
USDBRL,22,1m,214,235,2025-11-28,2025-12-29,0.9859742824567094,0.01144666235677031,0.002328080230535448,0.9974209448134796,0.9997490250440151,1,2,0.4228116234606135,0.03459396398650534
USDBRL,22,1m,215,236,2025-12-01,2025-12-30,0.9873364968027792,0.010423445463985319,0.0020005900481341902,0.9977599422667646,0.9997605323148987,1,2,0.4090146478480096,0.02691130539087122
USDBRL,22,1m,216,237,2025-12-02,2025-12-31,0.9874685002637866,0.01050785434540568,0.0017751445243547443,0.9979763546091923,0.9997514991335471,1,2,0.40796669795470475,0.02632810672905454
USDBRL,22,1m,217,238,2025-12-03,2026-01-01,0.9871566481967212,0.011071608061041424,0.0014803066342174427,0.9982282562577627,0.9997085628919801,1,2,0.4197755507550019,0.08877184844213071
USDBRL,22,1m,218,239,2025-12-04,2026-01-02,0.9869256809345064,0.011797013580020001,9.667853826630912e-4,0.9987226945145264,0.9996894798971895,1,2,0.43107744342495613,0.07501201878916695
USDBRL,22,1m,219,240,2025-12-05,2026-01-05,0.9858402789431129,0.013481900585520063,3.671804588874336e-4,0.9993221795286329,0.9996893599875204,1,2,0.7821818653221136,0.4888403657738378
USDBRL,22,1m,220,241,2025-12-08,2026-01-06,0.9873893951125078,0.011435723845876052,6.56211385416716e-4,0.9988251189583839,0.9994813303438006,1,2,0.5177104720996315,0.6573525675730392
USDBRL,22,1m,221,242,2025-12-09,2026-01-07,0.98579224731687,0.012755422234006069,9.155840799431365e-4,0.998547669550876,0.9994632536308192,1,2,0.5923557760137967,0.32137431583367676
USDBRL,22,1m,222,243,2025-12-10,2026-01-08,0.9846143303851386,0.013491916630616668,0.0012824898699630412,0.9981062470157552,0.9993887368857183,1,2,0.6544655581441278,0.11194325604805568
USDBRL,22,1m,223,244,2025-12-11,2026-01-09,0.9795103169417039,0.017960466001769627,0.0017760652312671429,0.9974707829434735,0.9992468481747406,1,2,0.6355609160658805,0.06086289858929747
USDBRL,22,1m,224,245,2025-12-12,2026-01-12,0.9763267210118148,0.020294310681520097,0.0025935104287773017,0.9966210316933349,0.9992145421221122,1,2,0.6504551027590028,0.08638727838805287
USDBRL,22,1m,225,246,2025-12-15,2026-01-13,0.9726818890962423,0.02304873875214871,0.0034638134479818847,0.9957306278483911,0.9991944412963729,1,2,0.6507381568966926,0.040053404765685405
USDBRL,22,1m,226,247,2025-12-16,2026-01-14,0.9695703203655945,0.025212790307025067,0.004421914127180856,0.9947831106726196,0.9992050247998004,1,2,0.6504052743603014,0.01630067971591873
USDBRL,22,1m,227,248,2025-12-17,2026-01-15,0.9699948145638425,0.02330166500181371,0.005907054903644253,0.9932964795656563,0.9992035344693004,1,2,0.6600288858373692,0.03986350978610081
USDBRL,22,1m,228,249,2025-12-18,2026-01-16,0.9697445274859877,0.02193168513047372,0.0076043250575649314,0.9916762126164614,0.9992805376740264,1,2,0.646623105495445,0.10729380125740252
USDBRL,22,1m,229,250,2025-12-19,2026-01-19,0.9693437609118845,0.021927029126990738,0.008211797267799158,0.9912707900388752,0.9994825873066744,1,2,0.6516273913314509,0.0539351340396663
USDBRL,22,1m,230,251,2025-12-22,2026-01-20,0.9567629003727302,0.03347018426656566,0.009331825807018903,0.9902330846392958,0.9995649104463147,1,2,0.6395863251998529,0.0766287971816412
USDBRL,22,1m,231,252,2025-12-23,2026-01-21,0.9548063806183374,0.03479470847458161,0.01001276297181342,0.9896010890929191,0.9996138520647325,1,3,0.6414667624176581,0.011259706499200576
USDBRL,22,1m,232,253,2025-12-24,2026-01-22,0.9520848787365009,0.037655730340042194,0.009874655217032213,0.9897406090765432,0.9996152642935754,1,3,0.6402748066880357,0.015685897746323178
USDBRL,22,1m,233,254,2025-12-25,2026-01-23,0.9553223167870826,0.035381830524241036,0.008968144259228315,0.9907041473113236,0.9996722915705519,1,2,0.6359309938299119,0.021246257792557423
USDBRL,22,1m,234,255,2025-12-26,2026-01-26,0.9676401906284595,0.02467416725298981,0.007426583482158364,0.9923143578814493,0.9997409413636077,1,2,0.6280916467045204,0.02519827233833082
USDBRL,22,1m,235,256,2025-12-29,2026-01-27,0.9801253364718857,0.014139637542598843,0.005562356962984633,0.9942649740144845,0.9998273309774692,1,2,0.607155722446451,0.04064404868564223
USDBRL,22,1m,236,257,2025-12-30,2026-01-28,0.982806705184405,0.012598554921999848,0.004414313899348117,0.9954052601064048,0.999819574005753,1,2,0.6010476059503271,0.02454573243297226
USDBRL,22,1m,237,258,2025-12-31,2026-01-29,0.9839166891943657,0.011441186739624404,0.0044591841274978245,0.99535787593399,0.999817060061488,1,2,0.6099332262566244,0.02957119009643014
USDBRL,22,1m,238,259,2026-01-01,2026-01-30,0.9862648557574761,0.010264524518929365,0.0033020945302115762,0.9965293802764055,0.999831474806617,1,2,0.6020714761366069,0.022200945746533793
USDBRL,22,1m,239,260,2026-01-02,2026-02-02,0.9868360492848843,0.01056559551280273,0.002408383107882809,0.9974016447976871,0.9998100279055698,1,2,0.6295298601848647,0.09391792490916415
USDBRL,22,1m,240,261,2026-01-05,2026-02-03,0.9866628499093678,0.011584235089872675,0.0015404871600612938,0.9982470849992405,0.9997875721593018,1,2,0.6578379100155803,0.10286356918188037
USDBRL,22,1m,241,262,2026-01-06,2026-02-04,0.9876359263845987,0.011476198970906216,6.553116929621958e-4,0.999112125355505,0.9997674370484672,1,2,0.6794476210815887,0.10036842894053878
USDBRL,22,1m,242,263,2026-01-07,2026-02-05,0.987735939099902,0.01148627355214051,5.544959085530771e-4,0.9992222126520425,0.9997767085605955,1,2,0.6338978226993758,0.0967402832159805
USDBRL,22,1m,243,264,2026-01-08,2026-02-06,0.9878943477788283,0.011394332772768027,4.960443241557281e-4,0.9992886805515964,0.9997847248757521,1,2,0.5911211797215724,0.10072148861090617
USDBRL,22,1m,244,265,2026-01-09,2026-02-09,0.9876145256993806,0.0117058952215665,4.415733276367717e-4,0.9993204209209471,0.9997619942485838,1,2,0.5542224027984745,0.14088755355720506
USDBRL,22,1m,245,266,2026-01-12,2026-02-10,0.9872930839010984,0.012024922243447308,3.818708168084582e-4,0.9993180061445457,0.9996998769613541,1,2,0.598962564096076,0.4278450114906326
USDBRL,22,1m,246,267,2026-01-13,2026-02-11,0.9867689259965333,0.012549565402878105,3.877904089264782e-4,0.9993184913994114,0.9997062818083379,1,2,0.971975156618512,0.654120525880239
USDBRL,22,1m,247,268,2026-01-14,2026-02-12,0.986272464769227,0.0129855123517294,4.7890059205504517e-4,0.9992579771209564,0.9997368777130115,1,2,0.9665132439499633,0.13067027757362884
USDBRL,22,1m,248,269,2026-01-15,2026-02-13,0.9858244653808597,0.013342224658922479,5.925028682166939e-4,0.9991666900397821,0.9997591929079989,1,2,0.9200182499042306,0.08832503645186134
USDBRL,22,1m,249,270,2026-01-16,2026-02-16,0.984973554582744,0.014084488692157877,7.047128678695078e-4,0.9990580432749019,0.9997627561427714,1,2,0.8665573998618369,0.08904435000213061
USDBRL,22,1m,250,271,2026-01-19,2026-02-17,0.9833173518863702,0.01567002922041221,7.697737698080714e-4,0.9989873811067823,0.9997571548765904,1,2,0.823041322339756,0.06571366087651784
USDBRL,22,1m,251,272,2026-01-20,2026-02-18,0.9815392368927298,0.01735459187049465,8.403336758364313e-4,0.9988938287632245,0.9997341624390609,1,2,0.7695453590444123,0.07631898198986202
USDBRL,22,1m,252,273,2026-01-21,2026-02-19,0.9911480898451147,0.007897118397494726,6.74651845378663e-4,0.9990452082426095,0.9997198600879881,1,1,0.6811059165747002,0.20943661430534963
USDBRL,22,1m,253,274,2026-01-22,2026-02-20,0.988616661888168,0.010592328403952604,5.255489568636562e-4,0.9992089902921206,0.9997345392489843,1,2,0.5583485660299409,0.2668043426578352
USDBRL,22,1m,254,275,2026-01-23,2026-02-23,0.9877023179888303,0.011521446541849377,4.856553869642993e-4,0.9992237645306797,0.9997094199176441,1,2,0.5021649537714794,0.2545281631127484
USDBRL,22,1m,255,276,2026-01-26,2026-02-24,0.9873280525015136,0.01203200897766335,3.674164745808734e-4,0.9993600614791769,0.9997274779537578,1,2,0.533018661780867,0.31581881669159806
USDBRL,22,1m,256,277,2026-01-27,2026-02-25,0.9861112735942628,0.01335816640290661,2.722824560390361e-4,0.9994694399971694,0.9997417224532084,1,2,0.9005813942648873,0.5032370225137033
USDBRL,22,1m,257,278,2026-01-28,2026-02-26,0.9812461529389207,0.018112223838594576,3.3965357862555034e-4,0.9993583767775153,0.9996980303561408,1,2,0.9628938820098059,0.11437521094687443
USDBRL,22,1m,258,279,2026-01-29,2026-02-27,0.9773993699951669,0.021860946022052626,3.814905911537241e-4,0.9992603160172194,0.9996418066083732,1,2,1.0999798338492661,0.2525350905128041
USDBRL,22,1m,259,280,2026-01-30,2026-03-02,0.9711717369019016,0.02766327403711796,6.969754441014795e-4,0.9988350109390196,0.999531986383121,1,2,1.0756633826725879,0.18168428692163271
USDBRL,22,1m,260,281,2026-02-02,2026-03-03,0.9618126431362127,0.036376926200018804,0.0013449692376857488,0.9981895693362315,0.9995345385739173,1,2,0.956388281029014,0.30465265120697255
USDBRL,22,1m,261,282,2026-02-03,2026-03-04,0.9623165927633979,0.03559756906054511,0.0016286370583382629,0.997914161823943,0.9995427988822813,1,2,1.043005559391922,0.17223056960455244
USDBRL,22,1m,262,283,2026-02-04,2026-03-05,0.9729418049234947,0.025388847294550168,0.001322392941226234,0.9983306522180448,0.9996530451592711,1,2,1.0351295795475992,0.06861603561525344
USDBRL,22,1m,263,284,2026-02-05,2026-03-06,0.9787828104048757,0.020063449054981624,8.491458175268191e-4,0.9988462594598573,0.9996954052773841,1,2,1.033943531470534,0.08973050993399663
USDBRL,22,1m,264,285,2026-02-06,2026-03-09,0.981024077440991,0.01811190853700777,5.846942523237631e-4,0.9991359859779987,0.9997206802303225,1,2,0.9781101113113781,0.1420654085804864
USDBRL,22,1m,265,286,2026-02-09,2026-03-10,0.9808425202022675,0.018464282209500808,4.1023134130353876e-4,0.9993068024117683,0.9997170337530719,1,2,1.0120863585167663,0.20728476003871632
USDBRL,22,1m,266,287,2026-02-10,2026-03-11,0.981330021720144,0.01800489244076937,3.900934507082751e-4,0.9993349141609135,0.9997250076116218,1,2,1.0110925973858194,0.24618244842171835
USDBRL,22,1m,267,288,2026-02-11,2026-03-12,0.9862829992029752,0.01314050137992344,3.1213190713872384e-4,0.9994235005828986,0.9997356324900374,1,2,1.1367837875887727,0.28207982009513033
USDBRL,22,1m,268,289,2026-02-12,2026-03-13,0.9883487958297235,0.01116722418377977,2.5184407278727445e-4,0.9995160200135033,0.9997678640862905,1,2,1.163669700331717,0.07510368662542564
USDBRL,22,1m,269,290,2026-02-13,2026-03-16,0.9875517674713893,0.011833346998766993,3.4899540464125047e-4,0.9993851144701563,0.9997341098747975,1,2,0.8605251034929247,0.6295703961159693
USDBRL,22,1m,270,291,2026-02-16,2026-03-17,0.9872446068954647,0.01190914419701465,5.521409398332759e-4,0.9991537510924793,0.9997058920323126,1,2,0.7478187069306763,0.25513749677582004
USDBRL,22,1m,271,292,2026-02-17,2026-03-18,0.9869607967927643,0.012062133463517387,6.649306015146948e-4,0.9990229302562816,0.9996878608577964,1,2,0.7429935850963969,0.0739930510551267
USDBRL,22,1m,272,293,2026-02-18,2026-03-19,0.985525041000979,0.013025330451968383,0.0010867437541186567,0.9985503714529474,0.9996371152070661,1,2,0.667474164010348,0.35913031072801205
USDBRL,22,1m,273,294,2026-02-19,2026-03-20,0.9853168344709152,0.012819637663222083,0.0015006295144086774,0.9981364721341373,0.999637101648546,1,2,0.705748616504148,0.2225134430491056
USDBRL,22,1m,274,295,2026-02-20,2026-03-23,0.9847279572465009,0.0128042228521811,0.00211109222620979,0.9975321800986819,0.9996432723248918,1,2,0.6956152909530612,0.04346972017318406
USDBRL,22,1m,275,296,2026-02-23,2026-03-24,0.9866348853346011,0.009586394540842185,0.0034366571137974854,0.9962212798754433,0.9996579369892408,1,2,0.719178630485541,0.07677080168643867
USDBRL,22,1m,276,297,2026-02-24,2026-03-25,0.9839355117902576,0.011331116615871677,0.004381868455506417,0.9952666284061293,0.9996484968616357,1,2,0.710817428355241,0.025892862292251406
USDBRL,22,1m,277,298,2026-02-25,2026-03-26,0.9801661754017329,0.014479228517478848,0.004978037365525123,0.9946454039192117,0.9996234412847369,1,2,0.715393379827226,0.011310113750274313
USDBRL,22,1m,278,299,2026-02-26,2026-03-27,0.9759359930546077,0.017996697155705003,0.005658278322422315,0.9939326902103126,0.999590968532735,1,2,0.7235803516629211,0.020949321834528318
USDBRL,44,2m,1,44,2025-02-04,2025-04-04,0.9741068481266267,0.019782385405909028,0.0037635563954832077,0.9938892335325358,0.997652789928019,1,2,0.9277486972017575,NA
USDBRL,44,2m,2,45,2025-02-05,2025-04-07,0.9801201241249485,0.015504689725235582,0.002845640649714646,0.9956248138501841,0.9984704544998988,1,2,0.8660504147176067,0.15194448260458046
USDBRL,44,2m,3,46,2025-02-06,2025-04-08,0.9829405237950964,0.013047524624579771,0.0027432882539225475,0.9959880484196763,0.9987313366735988,1,2,0.8350239114400527,0.10439487670332058
USDBRL,44,2m,4,47,2025-02-07,2025-04-09,0.9857989304289783,0.011004088714612881,0.002233075878371692,0.9968030191435912,0.9990360950219628,1,2,0.84163456590991,0.047581152249911156
USDBRL,44,2m,5,48,2025-02-10,2025-04-10,0.98824360588453,0.009107056172088849,0.0018978212893898457,0.9973506620566188,0.9992484833460087,1,2,0.8424534268318888,0.01880150142694785
USDBRL,44,2m,6,49,2025-02-11,2025-04-11,0.9896608417391329,0.00815332408858599,0.0018320304757764715,0.9978141658277189,0.9996461963034954,1,2,0.8335837518904446,0.18665554999297312
USDBRL,44,2m,7,50,2025-02-12,2025-04-14,0.9892307654418125,0.008291450305564389,0.002086239620213732,0.997522215747377,0.9996084553675907,1,2,0.755455083237921,0.14727469260763468
USDBRL,44,2m,8,51,2025-02-13,2025-04-15,0.9902251535992445,0.006965454324174122,0.0024567224890412755,0.9971906079234186,0.9996473304124599,1,1,0.6825413895799033,0.13580966349028142
USDBRL,44,2m,9,52,2025-02-14,2025-04-16,0.9908725065684737,0.006032041230823074,0.002789114305085159,0.9969045477992968,0.9996936621043819,1,1,0.6433509845618179,0.07407345205210927
USDBRL,44,2m,10,53,2025-02-17,2025-04-17,0.9912781277970146,0.005596647892560213,0.0028498384451348855,0.9968747756895748,0.9997246141347097,1,1,0.6308371633657027,0.027955391242305755
USDBRL,44,2m,11,54,2025-02-18,2025-04-18,0.9917438250159823,0.005197154986739846,0.0027890396321449875,0.9969409800027222,0.9997300196348672,1,1,0.6212311477940222,0.029298646233989176
USDBRL,44,2m,12,55,2025-02-19,2025-04-21,0.9919693144765712,0.004944969727643717,0.002807333117758827,0.9969142842042149,0.9997216173219737,1,1,0.6041316607507778,0.06092244159230978
USDBRL,44,2m,13,56,2025-02-20,2025-04-22,0.9923499491203288,0.004711929129694062,0.0026631236763293865,0.9970618782500229,0.9997250019263523,1,1,0.5913612633115274,0.03788926690097107
USDBRL,44,2m,14,57,2025-02-21,2025-04-23,0.9927757403236095,0.004737059055614268,0.0022121089134109467,0.9975127993792238,0.9997249082926347,1,1,0.5781510654672861,0.051092482626111504
USDBRL,44,2m,15,58,2025-02-24,2025-04-24,0.9931452728828425,0.0046597802218116486,0.001924070477591234,0.9978050531046542,0.9997291235822454,1,1,0.5880417149202664,0.04239080216402583
USDBRL,44,2m,16,59,2025-02-25,2025-04-25,0.9934029222947905,0.0045219056121853195,0.0018158318168165764,0.9979248279069759,0.9997406597237924,1,1,0.5989940160091476,0.02262460261290146
USDBRL,44,2m,17,60,2025-02-26,2025-04-28,0.9936387118036455,0.004356763941948515,0.0017621000675567965,0.997995475745594,0.9997575758131508,1,1,0.6037090721191384,0.027942003016538333
USDBRL,44,2m,18,61,2025-02-27,2025-04-29,0.9939702612391914,0.004112544283790141,0.0016912595501894854,0.9980828055229816,0.999774065073171,1,1,0.6060238618344812,0.02337566301439366
USDBRL,44,2m,19,62,2025-02-28,2025-04-30,0.9940277293324864,0.0040690208409109785,0.0016824902320010165,0.9980967501733974,0.9997792404053983,1,1,0.6064518309290285,0.010252723251928978
USDBRL,44,2m,20,63,2025-03-03,2025-05-01,0.9939861327720425,0.004104139153391489,0.0016956428054711048,0.998090271925434,0.9997859147309051,1,1,0.6055996907105063,0.006892111661892244
USDBRL,44,2m,21,64,2025-03-04,2025-05-02,0.9942460664198155,0.003914304997467365,0.0016267798978426631,0.9981603714172829,0.9997871513151255,1,1,0.6099941257817715,0.0293270978327588
USDBRL,44,2m,22,65,2025-03-05,2025-05-05,0.9942470479030041,0.0039097300365810855,0.0016246721535581748,0.9981567779395852,0.9997814500931433,1,1,0.6100469275896396,0.003997966018037365
USDBRL,44,2m,23,66,2025-03-06,2025-05-06,0.9941990807861377,0.003942903705151122,0.0016178141061029528,0.9981419844912889,0.9997597985973918,1,1,0.6106872315188899,0.015292540341193065
USDBRL,44,2m,24,67,2025-03-07,2025-05-07,0.9941654875094411,0.0039309588843513986,0.0016242298474127082,0.9980964463937925,0.9997206762412052,1,1,0.61396650944933,0.016495951057619588
USDBRL,44,2m,25,68,2025-03-10,2025-05-08,0.9940140498664154,0.004021010836274333,0.0016734075550231963,0.9980350607026898,0.999708468257713,1,1,0.6199136355154456,0.03364758575740939
USDBRL,44,2m,26,69,2025-03-11,2025-05-09,0.994030416169318,0.004008670926390598,0.0016644128939883702,0.9980390870957085,0.999703499989697,1,1,0.6151928247839255,0.018270819238064784
USDBRL,44,2m,27,70,2025-03-12,2025-05-12,0.993976474369359,0.004032580666961276,0.0016965576848836357,0.9980090550363203,0.999705612721204,1,1,0.6095888251007638,0.017883167099828755
USDBRL,44,2m,28,71,2025-03-13,2025-05-13,0.9938837587875315,0.004006288599604918,0.0018182688126965744,0.9978900473871365,0.999708316199833,1,1,0.6151040403363138,0.030134967212306893
USDBRL,44,2m,29,72,2025-03-14,2025-05-14,0.9937714981322735,0.004008950274229575,0.0019284388159812914,0.997780448406503,0.9997088872224844,1,1,0.6146587141633818,0.02256593930675765
USDBRL,44,2m,30,73,2025-03-17,2025-05-15,0.9936970208841077,0.004051945156616898,0.0019632072673516385,0.9977489660407246,0.9997121733080763,1,1,0.6163493411896558,0.013894217393801797
USDBRL,44,2m,31,74,2025-03-18,2025-05-16,0.9938139057640061,0.003938422088046586,0.001961582486805421,0.9977523278520527,0.999713910338858,1,1,0.6178320641538931,0.015238366924669195
USDBRL,44,2m,32,75,2025-03-19,2025-05-19,0.9939421145811257,0.0038203258606320494,0.0019471170978363783,0.9977624404417578,0.9997095575395941,1,1,0.6216677292907408,0.01192568831007789
USDBRL,44,2m,33,76,2025-03-20,2025-05-20,0.9940217000802826,0.003671981235497562,0.0020100556112387052,0.9976936813157802,0.9997037369270189,1,1,0.6278873331101358,0.020067363743356156
USDBRL,44,2m,34,77,2025-03-21,2025-05-21,0.994103862435331,0.0035507430640626635,0.0020522105519446597,0.9976546054993937,0.9997068160513384,1,1,0.6337173161118164,0.019645621019164887
USDBRL,44,2m,35,78,2025-03-24,2025-05-22,0.9941973752861575,0.0034492582731996766,0.002057001758251831,0.9976466335593571,0.999703635317609,1,1,0.6383271757395306,0.015123401054531579
USDBRL,44,2m,36,79,2025-03-25,2025-05-23,0.9942051737485619,0.0033604515858269538,0.0021345888806194283,0.9975656253343889,0.9997002142150082,1,1,0.6403805261613394,0.028625973891189697
USDBRL,44,2m,37,80,2025-03-26,2025-05-26,0.9943033845394855,0.0032269773141599036,0.0021602198562998874,0.9975303618536454,0.9996905817099453,1,1,0.6427890985003663,0.01724544791128413
USDBRL,44,2m,38,81,2025-03-27,2025-05-27,0.9943757620457344,0.003054061153336876,0.002262593263136648,0.9974298231990713,0.999692416462208,1,1,0.6421047932622986,0.014164331563351873
USDBRL,44,2m,39,82,2025-03-28,2025-05-28,0.9945374167630405,0.002761761179585863,0.002391461611123855,0.9972991779426263,0.9996906395537503,1,1,0.6411733626982813,0.016609405738569245
USDBRL,44,2m,40,83,2025-03-31,2025-05-29,0.9941012587969087,0.0031188938702098115,0.0024704008577032728,0.9972201526671185,0.9996905535248217,1,1,0.6379207029860021,0.02362276443905273
USDBRL,44,2m,41,84,2025-04-01,2025-05-30,0.993996793334287,0.0032625269302765875,0.0024283357464962778,0.9972593202645637,0.9996876560110599,1,1,0.6364442597867629,0.028340695391108915
USDBRL,44,2m,42,85,2025-04-02,2025-06-02,0.9938657186956367,0.0034185764711921274,0.002396236167723552,0.9972842951668288,0.9996805313345524,1,1,0.6282253177841749,0.0270118859825545
USDBRL,44,2m,43,86,2025-04-03,2025-06-03,0.9938740032872502,0.003491271125838685,0.0023037174481393484,0.9973652744130889,0.9996689918612283,1,1,0.6209687392305536,0.02283472918176466
USDBRL,44,2m,44,87,2025-04-04,2025-06-04,0.993883354747152,0.0035525902341112473,0.002212283434795324,0.9974359449812632,0.9996482284160585,1,1,0.6130752006553036,0.021940095090407643
USDBRL,44,2m,45,88,2025-04-07,2025-06-05,0.9935470477122803,0.0036756523042497827,0.0023750960219098365,0.9972227000165301,0.9995977960384399,1,1,0.608733343957214,0.024645934046173334
USDBRL,44,2m,46,89,2025-04-08,2025-06-06,0.9922658681058164,0.0044196315382935576,0.0028337710788783497,0.99668549964411,0.9995192707229883,1,1,0.605200174069484,0.030322584496855137
USDBRL,44,2m,47,90,2025-04-09,2025-06-09,0.9907248269544116,0.005427394993046691,0.003267595176183694,0.9961522219474582,0.9994198171236419,1,1,0.601948676188569,0.016844784194906617
USDBRL,44,2m,48,91,2025-04-10,2025-06-10,0.9878339149411014,0.007184008612944534,0.004240244047853248,0.995017923554046,0.9992581676018992,1,2,0.6074649944733271,0.05217029746711437
USDBRL,44,2m,49,92,2025-04-11,2025-06-11,0.9808267121236908,0.011431620242406997,0.006587403991456337,0.9922583323660977,0.9988457363575541,1,2,0.6060562702917067,0.022708994521042986
USDBRL,44,2m,50,93,2025-04-14,2025-06-12,0.9703226252007878,0.018845689826144527,0.008888948140093415,0.9891683150269324,0.9980572631670258,1,3,0.5779237594315476,0.06313204045697994
USDBRL,44,2m,51,94,2025-04-15,2025-06-13,0.9711593176317748,0.019509340853954154,0.007454141243564859,0.9906686584857289,0.9981227997292937,1,2,0.5944124434122607,0.10203424222774705
USDBRL,44,2m,52,95,2025-04-16,2025-06-16,0.9746456990747485,0.017320990323653793,0.006296430863518597,0.9919666893984023,0.9982631202619209,1,2,0.6137415850720158,0.06896328204071873
USDBRL,44,2m,53,96,2025-04-17,2025-06-17,0.9757215426441257,0.016602691070210764,0.005913306029065312,0.9923242337143364,0.9982375397434018,1,2,0.6486361351835975,0.07208081050398589
USDBRL,44,2m,54,97,2025-04-18,2025-06-18,0.9781391143800585,0.014630504277147419,0.005459853661497207,0.9927696186572059,0.9982294723187032,1,2,0.6790390086033435,0.0559241362407534
USDBRL,44,2m,55,98,2025-04-21,2025-06-19,0.9789401526409388,0.013922344535942904,0.005217553721324,0.9928624971768817,0.9980800508982057,1,2,0.7186727213623827,0.0712308991555888
USDBRL,44,2m,56,99,2025-04-22,2025-06-20,0.97985334195505,0.01317750549998494,0.0049864866264188465,0.993030847455035,0.9980173340814538,1,2,0.7343754194211555,0.06384757752233607
USDBRL,44,2m,57,100,2025-04-23,2025-06-23,0.980126303612736,0.013473726207874397,0.004375950925626356,0.9936000298206104,0.9979759807462367,1,2,0.7502149698988866,0.05461769891402999
USDBRL,44,2m,58,101,2025-04-24,2025-06-24,0.9783494588957831,0.015697122361627056,0.0038842129403904965,0.9940465812574101,0.9979307941978006,1,2,0.7671816701644503,0.06228583323575926
USDBRL,44,2m,59,102,2025-04-25,2025-06-25,0.9729290577071299,0.021346289511913866,0.0036674549665969784,0.9942753472190438,0.9979428021856407,1,2,0.7395348260852235,0.06041900889074613
USDBRL,44,2m,60,103,2025-04-28,2025-06-26,0.9630387206396485,0.03126870763831372,0.003589193836428912,0.9943074282779621,0.9978966221143911,1,2,0.7390782672999697,0.06939363892227156
USDBRL,44,2m,61,104,2025-04-29,2025-06-27,0.9545223573164628,0.03972080343087487,0.003628383841286123,0.9942431607473378,0.9978715445886238,1,2,0.7553229662807528,0.046533008604411695
USDBRL,44,2m,62,105,2025-04-30,2025-06-30,0.9484360647672901,0.045689586071301365,0.003705221794237606,0.9941256508385915,0.9978308726328291,2,2,0.7612930695369244,0.033889345379173444
USDBRL,44,2m,63,106,2025-05-01,2025-07-01,0.9446419080055375,0.0496394608686042,0.0035951256094286844,0.9942813688741416,0.9978764944835704,2,2,0.7731987176879191,0.02610172706924639
USDBRL,44,2m,64,107,2025-05-02,2025-07-02,0.9401052713726873,0.05401245986065371,0.0036845616410308415,0.994117731233341,0.9978022928743718,2,2,0.767683099654392,0.025224737448812942
USDBRL,44,2m,65,108,2025-05-05,2025-07-03,0.9364016327851532,0.05735984102799345,0.0038669990165963205,0.9937614738131466,0.997628472829743,2,2,0.8166267888530028,0.06882779925273941
USDBRL,44,2m,66,109,2025-05-06,2025-07-04,0.9328868545138826,0.06069080046257329,0.0038139351000008757,0.9935776549764559,0.9973915900764568,2,2,0.8746618409402401,0.08153571829580962
USDBRL,44,2m,67,110,2025-05-07,2025-07-07,0.9266876608174275,0.06701743674409075,0.003691067981452975,0.9937050975615183,0.9973961655429712,2,2,0.907749145931261,0.05007513455500063
USDBRL,44,2m,68,111,2025-05-08,2025-07-08,0.9204496882662455,0.07371310046386181,0.0033000364000888107,0.9941627887301073,0.9974628251301961,2,2,0.8209748769202354,0.1654330944027615
USDBRL,44,2m,69,112,2025-05-09,2025-07-09,0.9296354400232979,0.06541330539386672,0.002887839206595919,0.9950487454171646,0.9979365846237606,2,2,0.8041255548945331,0.059991774720313355
USDBRL,44,2m,70,113,2025-05-12,2025-07-10,0.9464427663170096,0.04929525722755197,0.0026505466657441583,0.9957380235445616,0.9983885702103058,2,2,0.9467201905556815,0.2461307355382164
USDBRL,44,2m,71,114,2025-05-13,2025-07-11,0.958517646724313,0.03759365305143899,0.0024751380855045526,0.9961112997757521,0.9985864378612566,1,2,1.1662360817197945,0.38483569276052354
USDBRL,44,2m,72,115,2025-05-14,2025-07-14,0.9600671933085875,0.035837953849772286,0.0027329403214598233,0.9959051471583598,0.9986380874798196,1,2,1.2221175246122897,0.13089210376134786
USDBRL,44,2m,73,116,2025-05-15,2025-07-15,0.962309577740216,0.03376187857184128,0.0026922050764698483,0.9960714563120573,0.9987636613885271,1,2,1.2923367967376127,0.16063098400549947
USDBRL,44,2m,74,117,2025-05-16,2025-07-16,0.964269572939461,0.032035144040447085,0.002570016467552071,0.9963047169799081,0.9988747334474601,1,2,1.3277738886661146,0.09453912518568502
USDBRL,44,2m,75,118,2025-05-19,2025-07-17,0.9663952383121772,0.03003811789291516,0.002499223365332456,0.9964333562050924,0.9989325795704248,1,2,1.3483424219528657,0.06669247664963424
USDBRL,44,2m,76,119,2025-05-20,2025-07-18,0.9706841031479401,0.026000557105488403,0.0022977566476043254,0.9966846602534285,0.9989824169010328,1,2,1.3804481759952028,0.12549906714978878
USDBRL,44,2m,77,120,2025-05-21,2025-07-21,0.9732419247242521,0.02367823188112684,0.0021437060856712258,0.9969201566053789,0.9990638626910502,1,2,1.3916657103893646,0.06793666132836494
USDBRL,44,2m,78,121,2025-05-22,2025-07-22,0.9749656794596732,0.022051848666279183,0.002067593888750492,0.9970175281259523,0.9990851220147028,1,2,1.3971220965159523,0.04214334024399335
USDBRL,44,2m,79,122,2025-05-23,2025-07-23,0.9760026673969872,0.02095186831288049,0.0020429683652412114,0.9969545357098677,0.9989975040751089,1,2,1.405279705482831,0.0605535937913684
USDBRL,44,2m,80,123,2025-05-26,2025-07-24,0.9764500105301177,0.020612123934427264,0.001896262869939771,0.997062134464545,0.9989583973344848,1,2,1.3844168730818494,0.1056125641642241
USDBRL,44,2m,81,124,2025-05-27,2025-07-25,0.9786743396882089,0.018706355034464123,0.0016489082754294487,0.9973806947226731,0.9990296029981025,1,2,1.3464078678474602,0.13848462214711033
USDBRL,44,2m,82,125,2025-05-28,2025-07-28,0.9811274103066788,0.016525561173032274,0.0014861223090498585,0.9976529714797111,0.999139093788761,1,2,1.3176022948200132,0.08459346507536644
USDBRL,44,2m,83,126,2025-05-29,2025-07-29,0.9826802487804438,0.015167365529510373,0.0013500816036299589,0.9978476143099542,0.9991976959135841,1,2,1.2804943083856626,0.09344393923144392
USDBRL,44,2m,84,127,2025-05-30,2025-07-30,0.9833520311659316,0.014558654843725411,0.001350824485071736,0.997910686009657,0.9992615104947288,1,2,1.2440001621298968,0.08329860124368066
USDBRL,44,2m,85,128,2025-06-02,2025-07-31,0.9837175026739647,0.014136924650192544,0.0014676261301665495,0.9978544273241573,0.9993220534543238,1,2,1.1994439880018815,0.11896928272394611
USDBRL,44,2m,86,129,2025-06-03,2025-08-01,0.9837927514547473,0.013975260632975122,0.0015068069631804545,0.9977680120877225,0.9992748190509029,1,2,1.109412162925212,0.16846293423855271
USDBRL,44,2m,87,130,2025-06-04,2025-08-04,0.9827526111846961,0.014653818015594733,0.0018124782264187867,0.9974064292002909,0.9992189074267097,1,2,0.9610613301904926,0.23823073362711317
USDBRL,44,2m,88,131,2025-06-05,2025-08-05,0.9820844038406401,0.014956927582439184,0.002196112089716025,0.9970413314230793,0.9992374435127953,1,2,0.8774615606680223,0.12032907269081654
USDBRL,44,2m,89,132,2025-06-06,2025-08-06,0.981291865374158,0.015236593121299382,0.0027403269473781715,0.9965284584954575,0.9992687854428356,1,2,0.8334449196919246,0.0625367774306885
USDBRL,44,2m,90,133,2025-06-09,2025-08-07,0.9802043158838571,0.016040226302328285,0.003068606199314282,0.9962445421861854,0.9993131483854997,1,2,0.8068587274036834,0.046868706497986565
USDBRL,44,2m,91,134,2025-06-10,2025-08-08,0.979821436086599,0.016089134114351065,0.003473091489021302,0.9959105702009501,0.9993836616899714,1,2,0.8212106818149976,0.0435294130373634
USDBRL,44,2m,92,135,2025-06-11,2025-08-11,0.9779434964233711,0.017547690514669787,0.003909785048520927,0.9954911869380408,0.9994009719865617,1,2,0.8439676577801168,0.04710651943229775
USDBRL,44,2m,93,136,2025-06-12,2025-08-12,0.9770753819023873,0.018136480049815745,0.0042339997325151705,0.995211861952203,0.9994458616847182,1,2,0.8504255465125706,0.031135602143362064
USDBRL,44,2m,94,137,2025-06-13,2025-08-13,0.97635241966055,0.018622400957591784,0.00449730447503744,0.9949748206181418,0.9994721250931792,1,2,0.8580964168816618,0.02978234788195255
USDBRL,44,2m,95,138,2025-06-16,2025-08-14,0.9757675566740558,0.01910006034011032,0.004670405190315374,0.9948676170141662,0.9995380222044815,1,2,0.8682892244986633,0.0220254296219959
USDBRL,44,2m,96,139,2025-06-17,2025-08-15,0.9726061664152055,0.021694563588553612,0.005206853168569891,0.9943007300037591,0.999507583172329,1,2,0.8810622739322155,0.022279060446550505
USDBRL,44,2m,97,140,2025-06-18,2025-08-18,0.9707533112330735,0.023470190412574227,0.005263110346164958,0.9942235016456478,0.9994866119918127,1,2,0.8941629010985137,0.019073727640720566
USDBRL,44,2m,98,141,2025-06-19,2025-08-19,0.9681312102065799,0.025243552738521365,0.006039269997422214,0.9933747629451013,0.9994140329425235,1,2,0.9354453016592286,0.07735558324212335
USDBRL,44,2m,99,142,2025-06-20,2025-08-20,0.9668938564878173,0.025578696475156364,0.006947126418327808,0.9924725529629737,0.9994196793813015,1,2,0.9521527137313697,0.03774280869228266
USDBRL,44,2m,100,143,2025-06-23,2025-08-21,0.9654234589863825,0.02617276572048338,0.007811928258079796,0.9915962247068658,0.9994081529649457,1,2,0.9563113311281146,0.016115491660518528
USDBRL,44,2m,101,144,2025-06-24,2025-08-22,0.96278402801914,0.02737027731132656,0.009236593830900591,0.9901543053304666,0.9993908991613671,1,2,0.9620835889795126,0.020258569898587483
USDBRL,44,2m,102,145,2025-06-25,2025-08-25,0.9608156388367143,0.028283651790166058,0.010285141854459839,0.9890992906268803,0.9993844324813401,1,3,0.9618837337562013,0.005479452532470337
USDBRL,44,2m,103,146,2025-06-26,2025-08-26,0.9605141626740982,0.028334120615068126,0.010552886368860852,0.9888482832891663,0.9994011696580272,1,3,0.9593456911826356,0.008950978392316162
USDBRL,44,2m,104,147,2025-06-27,2025-08-27,0.9621670831828371,0.026148504703205025,0.011084001729321351,0.9883155878860421,0.9993995896153635,1,3,0.9571696379699212,0.011983969805780668
USDBRL,44,2m,105,148,2025-06-30,2025-08-28,0.9632861962824052,0.024545412432784745,0.011591129086010007,0.9878316087151899,0.9994227378012,1,3,0.9519127180082988,0.016732933795815978
USDBRL,44,2m,106,149,2025-07-01,2025-08-29,0.9641909843447595,0.02282079258312565,0.01237005223573852,0.9870117769278851,0.9993818291636236,1,3,0.9407699046647646,0.02212279679102714
USDBRL,44,2m,107,150,2025-07-02,2025-09-01,0.9653144297508929,0.020781254843599585,0.013264675428460725,0.9860956845944925,0.9993603600229531,1,3,0.9311692673549332,0.02468351684933641
USDBRL,44,2m,108,151,2025-07-03,2025-09-02,0.9664048274779558,0.018885248902048377,0.014076655210781285,0.9852900763800041,0.9993667315907854,1,3,0.9255314248459521,0.0188589798543727
USDBRL,44,2m,109,152,2025-07-04,2025-09-03,0.9665173373764853,0.017971500392987047,0.014891623399103085,0.9844888377694723,0.9993804611685754,1,3,0.9117352136341179,0.028754229922329358
USDBRL,44,2m,110,153,2025-07-07,2025-09-04,0.967381933983984,0.01776694541939912,0.014299875728148498,0.9851488794033831,0.9994487551315316,1,3,0.8953878400511794,0.036747536219118505
USDBRL,44,2m,111,154,2025-07-08,2025-09-05,0.9693541072302951,0.017591153608755003,0.012539988162177829,0.9869452608390501,0.9994852490012279,1,3,0.8834917773129989,0.04236426834730154
USDBRL,44,2m,112,155,2025-07-09,2025-09-08,0.9715777351970435,0.01732204643240328,0.010668016581571349,0.9888997816294468,0.9995677982110182,1,3,0.8709171394664711,0.059577053240040055
USDBRL,44,2m,113,156,2025-07-10,2025-09-09,0.9717479978109407,0.017608856145932005,0.010306002519137247,0.9893568539568727,0.9996628564760099,1,3,0.864332331298656,0.036785643810252865
USDBRL,44,2m,114,157,2025-07-11,2025-09-10,0.9705670664216353,0.018580812223371792,0.010482652882643774,0.9891478786450071,0.9996305315276508,1,3,0.8594225740827942,0.011077587968500186
USDBRL,44,2m,115,158,2025-07-14,2025-09-11,0.9701643136475717,0.017947292642137746,0.011465274661406353,0.9881116062897095,0.9995768809511159,1,3,0.8505422720114102,0.018332252901226673
USDBRL,44,2m,116,159,2025-07-15,2025-09-12,0.9716574996353454,0.017642912293420535,0.010257534367108068,0.9893004119287659,0.999557946295874,1,3,0.8343087822797453,0.028629153904198446
USDBRL,44,2m,117,160,2025-07-16,2025-09-15,0.971998233426155,0.01732427442316467,0.010243955069414475,0.9893225078493196,0.9995664629187342,1,3,0.8275084664008353,0.026599744898952324
USDBRL,44,2m,118,161,2025-07-17,2025-09-16,0.9722747872881575,0.017736476193765133,0.009562485506914204,0.9900112634819227,0.9995737489888369,1,2,0.8181017273283053,0.02841817112981725
USDBRL,44,2m,119,162,2025-07-18,2025-09-17,0.9726574568456369,0.017939634857580995,0.008994818925604435,0.9905970917032179,0.9995919106288222,1,2,0.8127364997873878,0.0263615199763912
USDBRL,44,2m,120,163,2025-07-21,2025-09-18,0.9736753338924469,0.016669412114650093,0.009237265312818906,0.990344746007097,0.9995820113199159,1,2,0.8122841071388257,0.018785573546136983
USDBRL,44,2m,121,164,2025-07-22,2025-09-19,0.9746877601306434,0.01705777222848004,0.007846887104705129,0.9917455323591234,0.9995924194638286,1,2,0.824149020667793,0.03175496906467502
USDBRL,44,2m,122,165,2025-07-23,2025-09-22,0.976273586816997,0.017078365239959595,0.006254285423263688,0.9933519520569567,0.9996062374802204,1,2,0.8173436793312533,0.03736702347259383
USDBRL,44,2m,123,166,2025-07-24,2025-09-23,0.9769129725233298,0.01760767550420809,0.005085075490794372,0.9945206480275378,0.9996057235183322,1,2,0.803342104534087,0.05202045657117217
USDBRL,44,2m,124,167,2025-07-25,2025-09-24,0.978479298518842,0.01693738400544163,0.004208122223122106,0.9954166825242836,0.9996248047474057,1,2,0.7604840133507194,0.0671877035053161
USDBRL,44,2m,125,168,2025-07-28,2025-09-25,0.9784390999277277,0.01750686756227037,0.0036826178713068136,0.9959459674899981,0.9996285853613049,1,2,0.7242632673197897,0.05553154015496728
USDBRL,44,2m,126,169,2025-07-29,2025-09-26,0.9777876129735604,0.018451718338718833,0.0033489743784810436,0.9962393313122793,0.9995883056907603,1,2,0.7052998037142943,0.02601356395473285
USDBRL,44,2m,127,170,2025-07-30,2025-09-29,0.9776408016508891,0.019311429999459447,0.0026111414191303064,0.9969522316503485,0.9995633730694788,1,2,0.6957331352676607,0.031654442831123945
USDBRL,44,2m,128,171,2025-07-31,2025-09-30,0.9774036249107554,0.02034838985066669,0.0017928170500659494,0.9977520147614221,0.999544831811488,1,2,0.6728162543786369,0.07013586616221001
USDBRL,44,2m,129,172,2025-08-01,2025-10-01,0.9780458904471653,0.020095491729265218,0.0014135542710025904,0.9981413821764304,0.9995549364474331,1,2,0.5768039478357059,0.15857327414529915
USDBRL,44,2m,130,173,2025-08-04,2025-10-02,0.9789613552928683,0.019749963787974438,8.433110277659817e-4,0.9987113190808428,0.9995546301086088,1,2,0.3799236879661432,0.31884038131001874
USDBRL,44,2m,131,174,2025-08-05,2025-10-03,0.97850576484095,0.020223379274232223,7.486691080132908e-4,0.9987291441151822,0.9994778132231955,1,2,0.40729365910912135,0.1658206210482804
USDBRL,44,2m,132,175,2025-08-06,2025-10-06,0.9788419816465794,0.019932864735589816,6.511909332864554e-4,0.9987748463821693,0.9994260373154557,1,2,0.47044110412917184,0.11499873479723954
USDBRL,44,2m,133,176,2025-08-07,2025-10-07,0.9781735166990213,0.020626977687440113,6.514259203264499e-4,0.9988004943864615,0.9994519203067879,1,2,0.5137071098140659,0.058672662959654946
USDBRL,44,2m,134,177,2025-08-08,2025-10-08,0.9774687699221845,0.021219338870759923,7.029473250865173e-4,0.9986881087929443,0.9993910561180309,1,2,0.5802305134166561,0.18116272947845088
USDBRL,44,2m,135,178,2025-08-11,2025-10-09,0.9758931101251583,0.0224237766582983,8.979379407059057e-4,0.9983168867834566,0.9992148247241626,1,2,0.9569725268526156,0.6847852483829759
USDBRL,44,2m,136,179,2025-08-12,2025-10-10,0.9805268953097126,0.017759894729697707,8.621093181005312e-4,0.9982867900394103,0.9991488993575108,1,2,0.9185336600422107,1.3339210846148046
USDBRL,44,2m,137,180,2025-08-13,2025-10-13,0.9802485537758959,0.018003311748992085,8.735441501091687e-4,0.998251865524888,0.9991254096749972,1,2,1.131290934018588,0.359512093278823
USDBRL,44,2m,138,181,2025-08-14,2025-10-14,0.9810583406069828,0.017072488634679035,9.976779248058933e-4,0.9981308292416619,0.9991285071664677,1,2,1.0899842946916214,0.09714879282476926
USDBRL,44,2m,139,182,2025-08-15,2025-10-15,0.9799523811504828,0.01784332848896151,0.0012710463363130701,0.9977957096394443,0.9990667559757573,1,2,1.1541652687685886,0.12003513730991434
USDBRL,44,2m,140,183,2025-08-18,2025-10-16,0.9794654210983368,0.018027157641713504,0.0015469843308386591,0.9974925787400503,0.9990395630708889,1,2,1.160260905673106,0.039688375488350566
USDBRL,44,2m,141,184,2025-08-19,2025-10-17,0.9787123253607968,0.018623613075719064,0.0017136803164451843,0.9973359384365158,0.999049618752961,1,2,1.2140427731477428,0.10948063033136161
USDBRL,44,2m,142,185,2025-08-20,2025-10-20,0.979629201511589,0.017400433349482335,0.0020530854261658635,0.9970296348610714,0.9990827202872372,1,2,1.2175987014046852,0.03381381419352034
USDBRL,44,2m,143,186,2025-08-21,2025-10-21,0.9797037008389572,0.017011230980067498,0.002340633776802292,0.9967149318190247,0.999055565595827,1,2,1.2277674871271056,0.042598021544174615
USDBRL,44,2m,144,187,2025-08-22,2025-10-22,0.9798462209626855,0.01662472770638104,0.002585059626323126,0.9964709486690665,0.9990560082953897,1,2,1.2371573468172241,0.03570098160010073
USDBRL,44,2m,145,188,2025-08-25,2025-10-23,0.981852126143896,0.014670081280601571,0.0025565214567501195,0.9965222074244976,0.9990787288812477,1,2,1.2755289929995963,0.1012557676577024
USDBRL,44,2m,146,189,2025-08-26,2025-10-24,0.9829970077893913,0.013473358736410779,0.0025312381716822143,0.996470366525802,0.9990016046974842,1,2,1.305727755810469,0.08640940490006849
USDBRL,44,2m,147,190,2025-08-27,2025-10-27,0.9822475085426082,0.013739870215694288,0.0030221849458128575,0.9959873787583026,0.9990095637041154,1,2,1.3121032646887396,0.060185798792008305
USDBRL,44,2m,148,191,2025-08-28,2025-10-28,0.9829042038905992,0.01278502464587254,0.0033175205901702755,0.9956892285364717,0.999006749126642,1,2,1.309057936259016,0.06001399446474778
USDBRL,44,2m,149,192,2025-08-29,2025-10-29,0.9836833429466281,0.01185775316317922,0.003280576016841696,0.9955410961098073,0.998821672126649,1,2,1.3363799880642895,0.08423569377807569
USDBRL,44,2m,150,193,2025-09-01,2025-10-30,0.9835500036176378,0.01175198226081524,0.0033475153346750382,0.995301985878453,0.998649501213128,1,2,1.364991954371545,0.10446824799582673
USDBRL,44,2m,151,194,2025-09-02,2025-10-31,0.9833703560882925,0.011698315010002288,0.0034397611052134356,0.9950686710982948,0.9985084322035082,1,2,1.3842408168776277,0.09021839084474394
USDBRL,44,2m,152,195,2025-09-03,2025-11-03,0.9828282204361426,0.012043218252448366,0.0034810037674090732,0.994871438688591,0.9983524424560001,1,2,1.4014903961508027,0.1007340122231895
USDBRL,44,2m,153,196,2025-09-04,2025-11-04,0.9814032618270631,0.013431447441301304,0.003471394854104283,0.9948347092683644,0.9983061041224687,1,2,1.4178040704606913,0.21699233675028043
USDBRL,44,2m,154,197,2025-09-05,2025-11-05,0.9803136519859201,0.014127212493429245,0.003640234433065454,0.9944408644793494,0.9980810989124148,1,2,1.4151669863800023,0.13971153203252884
USDBRL,44,2m,155,198,2025-09-08,2025-11-06,0.9788849784252197,0.015240572426763457,0.003992975877936004,0.9941255508519832,0.9981185267299192,1,2,1.4137498234320347,0.0586377820147318
USDBRL,44,2m,156,199,2025-09-09,2025-11-07,0.9787086846703685,0.01523431735870527,0.004191248059840923,0.9939430020290738,0.9981342500889148,1,2,1.4110562335413734,0.04563323647544502
USDBRL,44,2m,157,200,2025-09-10,2025-11-10,0.9794872774083434,0.014402438182210785,0.00427249579135296,0.9938897155905542,0.9981622113819072,1,2,1.413739578810756,0.07140545554790353
USDBRL,44,2m,158,201,2025-09-11,2025-11-11,0.9737871059193076,0.01935074844364546,0.0048331211094948265,0.9931378543629531,0.997970975472448,1,2,1.4188979279360259,0.15447604060392559
USDBRL,44,2m,159,202,2025-09-12,2025-11-12,0.9679315452853315,0.02498413807022683,0.005023772149823178,0.9929156833555584,0.9979394555053815,1,2,1.419422947611396,0.048510067729433066
USDBRL,44,2m,160,203,2025-09-15,2025-11-13,0.9619749409871945,0.031009817087068164,0.004965155500120489,0.9929847580742627,0.9979499135743831,1,2,1.4198085697739438,0.029204199776997265
USDBRL,44,2m,161,204,2025-09-16,2025-11-14,0.9563739293082715,0.03671536629440685,0.004809914395224031,0.9930892956026783,0.9978992099979024,1,2,1.4182025111078058,0.05654434411524952
USDBRL,44,2m,162,205,2025-09-17,2025-11-17,0.9578789482614544,0.03538172047600692,0.004582101935661314,0.9932606687374613,0.9978427706731225,1,2,1.4198750511239613,0.041515024211286576
USDBRL,44,2m,163,206,2025-09-18,2025-11-18,0.9596015821164895,0.03417014736164057,0.00412736238856365,0.9937717294781301,0.9978990918666937,1,2,1.4202444822439317,0.020457383858132252
USDBRL,44,2m,164,207,2025-09-19,2025-11-19,0.96037070165545535,0.03362382956260039,0.003932143893348566,0.9939945312180557,0.9979266751114043,1,2,1.4200625418516486,0.02178748514068326
USDBRL,44,2m,165,208,2025-09-22,2025-11-20,0.9611017391334152,0.033143707730657,0.0037283669954317226,0.9942454468640722,0.997973813859504,1,2,1.4194551474905999,0.0314415899548368
USDBRL,44,2m,166,209,2025-09-23,2025-11-21,0.9637475693023844,0.03211841711659093,0.002591182435040167,0.9958659864189753,0.9984571688540155,1,2,1.4197827501965952,0.05617398199174262
USDBRL,44,2m,167,210,2025-09-24,2025-11-24,0.9632778795884246,0.03259199875023147,0.0025739285616563083,0.995869878338656,0.9984438069003124,1,2,1.4134817765747765,0.10497498775406314
USDBRL,44,2m,168,211,2025-09-25,2025-11-25,0.9626044576903824,0.033212631303239426,0.002583655674341664,0.9958170889936218,0.9984007446679635,1,2,1.4014283816864033,0.11161400098621821
USDBRL,44,2m,169,212,2025-09-26,2025-11-26,0.9613060895440133,0.034501069022290186,0.0025593957556442693,0.9958071585663035,0.9983665543219478,1,2,1.3804953096297232,0.12333607422395629
USDBRL,44,2m,170,213,2025-09-29,2025-11-27,0.9608854260806673,0.03528001486780302,0.0022317757896229786,0.9961654409484704,0.9983972167380933,1,2,1.3897587270349117,0.06390888790842425
USDBRL,44,2m,171,214,2025-09-30,2025-11-28,0.9601804681211475,0.03610240294686246,0.002101193387993073,0.9962828710680101,0.998384064456003,1,2,1.3855728707542632,0.046961425642613866
USDBRL,44,2m,172,215,2025-10-01,2025-12-01,0.9590399468867173,0.037329927551193236,0.0019982112062083457,0.9963698744379106,0.9983680856441189,1,2,1.367590832699766,0.0858353762941912
USDBRL,44,2m,173,216,2025-10-02,2025-12-02,0.9585174812527102,0.03793008009340844,0.001846838158120304,0.9964475613461187,0.9982943995042389,1,2,1.3381770365778425,0.10870029005853396
USDBRL,44,2m,174,217,2025-10-03,2025-12-03,0.9564681777958705,0.03989782910381579,0.0018640585767242463,0.9963660068996862,0.9982300654764105,1,2,1.319279885576512,0.07815148188044213
USDBRL,44,2m,175,218,2025-10-06,2025-12-04,0.9569240644102286,0.039342855993081335,0.001674756926380307,0.9962669204033099,0.9979416773296902,1,2,1.418261838561419,0.6020080780374834
USDBRL,44,2m,176,219,2025-10-07,2025-12-05,0.9773045431826204,0.02063632922628018,0.0010485470847647984,0.9979408724089006,0.9989894194936654,1,2,0.6574832955279769,1.3541541719150518
USDBRL,44,2m,177,220,2025-10-08,2025-12-08,0.9802370375599796,0.018088890805567914,8.869203085477094e-4,0.9983259283655475,0.9992128486740952,1,2,0.5474017669997432,0.22576881270660018
USDBRL,44,2m,178,221,2025-10-09,2025-12-09,0.9831254138607036,0.015522672349244437,7.308410745238239e-4,0.998648086209948,0.9993789272844719,1,2,0.5073096266202616,0.13176866650409336
USDBRL,44,2m,179,222,2025-10-10,2025-12-10,0.9841341156984598,0.01464616236432953,6.477238689324761e-4,0.9987802780627894,0.9994280019317218,1,2,0.5035045690084733,0.26998313280678204
USDBRL,44,2m,180,223,2025-10-13,2025-12-11,0.9849890653033775,0.013864816468576287,5.922738118942857e-4,0.9988538817719538,0.9994461555838481,1,2,0.507281788606344,0.07426389807393835
USDBRL,44,2m,181,224,2025-10-14,2025-12-12,0.9867257802677495,0.012185006017917723,5.649291594224344e-4,0.9989107862856672,0.9994757154450896,1,2,0.48195216891116166,0.044145350122812885
USDBRL,44,2m,182,225,2025-10-15,2025-12-15,0.9877470731086379,0.01123797216126507,5.15270188630473e-4,0.998985045269903,0.9995003154585334,1,2,0.4296679414520175,0.17241066283241324
USDBRL,44,2m,183,226,2025-10-16,2025-12-16,0.9888283693580514,0.010203011011596078,4.886738729732548e-4,0.9990313803696474,0.9995200542426207,1,2,0.5177449132786799,0.3378450033284121
USDBRL,44,2m,184,227,2025-10-17,2025-12-17,0.9896454078387611,0.009396837152436216,5.125571775434024e-4,0.9990422449911973,0.9995548021687407,1,2,0.5813917464626631,0.1446496730769625
USDBRL,44,2m,185,228,2025-10-20,2025-12-18,0.9895299191096719,0.009409119814357436,6.392673774727154e-4,0.9989390389240294,0.999578306301502,1,2,0.6114701505584842,0.13062242010407515
USDBRL,44,2m,186,229,2025-10-21,2025-12-19,0.9892901352243689,0.009426496682599974,8.770578442396096e-4,0.9987166319069689,0.9995936897512085,1,2,0.7105029082118766,0.15265485430908826
USDBRL,44,2m,187,230,2025-10-22,2025-12-22,0.9889115837596283,0.009355941825230753,0.0013459483113841169,0.9982675255848591,0.9996134738962431,1,2,0.7420290654477847,0.07692790102494718
USDBRL,44,2m,188,231,2025-10-23,2025-12-23,0.9886713575964381,0.009217888241852436,0.0017388303467944844,0.9978892458382905,0.999628076185085,1,2,0.7346974491144515,0.05050074220034354
USDBRL,44,2m,189,232,2025-10-24,2025-12-24,0.9883092867339708,0.009213024654774865,0.0021078816887828964,0.9975223113887457,0.9996301930775285,1,2,0.7333458543172552,0.053968434398263515
USDBRL,44,2m,190,233,2025-10-27,2025-12-25,0.9875666516768165,0.009618875101510794,0.002421299544032647,0.9971855267783273,0.9996068263223599,1,2,0.7227077361738843,0.06273192216575485
USDBRL,44,2m,191,234,2025-10-28,2025-12-26,0.9867686624120298,0.010125221535953573,0.0026891917112038502,0.9968938839479833,0.9995830756591871,1,2,0.7165161056294973,0.04759417131397348
USDBRL,44,2m,192,235,2025-10-29,2025-12-29,0.9859899276706906,0.010442767810126248,0.0031350399961320033,0.9964326954808168,0.9995677354769489,1,2,0.6977091654486804,0.031690144619670624
USDBRL,44,2m,193,236,2025-10-30,2025-12-30,0.9858977131564626,0.01011943483241045,0.0035556137096886113,0.996017147988873,0.9995727616985617,1,2,0.6765240243490463,0.0325392040867845
USDBRL,44,2m,194,237,2025-10-31,2025-12-31,0.9857826554224833,0.009982855197181095,0.0038044522674997453,0.9957655106196645,0.9995699628871642,1,2,0.665730510468752,0.02736670761286125
USDBRL,44,2m,195,238,2025-11-03,2026-01-01,0.9856048275776768,0.01001038077078395,0.003927150666359976,0.9956152083484607,0.9995423590148207,1,2,0.6447965352720757,0.04334733856253618
USDBRL,44,2m,196,239,2025-11-04,2026-01-02,0.9852998831269518,0.010181296301627408,0.00404877023415924,0.9954811794285793,0.9995299496627384,1,2,0.6324157004726779,0.027985010938901732
USDBRL,44,2m,197,240,2025-11-05,2026-01-05,0.9842341672293263,0.011336150347892458,0.003962309471687691,0.9955703175772188,0.9995326270489064,1,2,0.6195182604628368,0.0305068652217186
USDBRL,44,2m,198,241,2025-11-06,2026-01-06,0.9838948910958817,0.011739825505850107,0.003875437713874395,0.9956347166017318,0.9995101543156062,1,2,0.599818022429872,0.030854931521193122
USDBRL,44,2m,199,242,2025-11-07,2026-01-07,0.9829297803750359,0.01281526152603876,0.0037534607347941475,0.9957450419010746,0.9994985026358688,1,2,0.5870121535751758,0.031878911156731415
USDBRL,44,2m,200,243,2025-11-10,2026-01-08,0.981895624225952,0.013925456848403012,0.003658955118572667,0.995821081074355,0.9994800361929277,1,2,0.5685998607564458,0.03681561393593982
USDBRL,44,2m,201,244,2025-11-11,2026-01-09,0.9799906726867694,0.01572509024523995,0.003746478634786952,0.9957157629320094,0.9994622415667963,1,2,0.5375049135742009,0.042977557501716515
USDBRL,44,2m,202,245,2025-11-12,2026-01-12,0.9792190378162134,0.016456993319302827,0.0037730922736252037,0.9956760311355163,0.9994491234091415,1,2,0.5183794638018762,0.03964083318438834
USDBRL,44,2m,203,246,2025-11-13,2026-01-13,0.9783938344419522,0.017264158371417464,0.003776905703981605,0.9956579928133696,0.9994348985173512,1,2,0.5103751810571504,0.02743481838287528
USDBRL,44,2m,204,247,2025-11-14,2026-01-14,0.9776478557758209,0.0179148377664993,0.0038492049491279947,0.9955626935423202,0.9994118984914482,1,2,0.5055411045585175,0.03292652726929789
USDBRL,44,2m,205,248,2025-11-17,2026-01-15,0.9768068612476011,0.018521117727642356,0.004069315848205414,0.9953279789752434,0.9993972948234489,1,2,0.5020677302264926,0.040393275298774935
USDBRL,44,2m,206,249,2025-11-18,2026-01-16,0.9766455765954786,0.01863939642575128,0.00410240036724062,0.9952849730212299,0.9993873733884705,1,2,0.5001836282050452,0.018844705735236434
USDBRL,44,2m,207,250,2025-11-19,2026-01-19,0.9764065145412725,0.01879213750740388,0.004171931673346409,0.9951986520486763,0.9993705837220228,1,2,0.503610145863045,0.019922619013792723
USDBRL,44,2m,208,251,2025-11-20,2026-01-20,0.9750538611800535,0.019660127566393834,0.0045676233547647035,0.9947139887464473,0.9992816121012121,1,2,0.5329709261945251,0.0822496509798973
USDBRL,44,2m,209,252,2025-11-21,2026-01-21,0.9748404501718908,0.019822992103322966,0.004612998870074252,0.9946634422752137,0.999276441145288,1,2,0.5378980209340076,0.02026420829954516
USDBRL,44,2m,210,253,2025-11-24,2026-01-22,0.9722483515761019,0.022472674706257786,0.004574731224263138,0.9947210262823597,0.9992957575066228,1,2,0.5362589989004009,0.01347990786418369
USDBRL,44,2m,211,254,2025-11-25,2026-01-23,0.9692332796413531,0.025636870092130146,0.004450015280431232,0.9948701497334832,0.9993201650139145,1,2,0.5368909994441693,0.008623439920252598
USDBRL,44,2m,212,255,2025-11-26,2026-01-26,0.9672306975422982,0.027971082582426247,0.00416685936438635,0.9952017801247244,0.9993686394891108,1,2,0.540737178435542,0.014278341395884799
USDBRL,44,2m,213,256,2025-11-27,2026-01-27,0.9677590340035714,0.027835015684091458,0.003846258699232995,0.9955940496876629,0.9994403083868959,1,2,0.5414742880625255,0.03053553318435429
USDBRL,44,2m,214,257,2025-11-28,2026-01-28,0.9680692233271141,0.027784040429232305,0.0036116014751591003,0.9958532637563464,0.9994648652315055,1,2,0.5413048097140302,0.016730188683082393
USDBRL,44,2m,215,258,2025-12-01,2026-01-29,0.9697128675070152,0.026476983852518374,0.0033140939060272755,0.9961898513595336,0.9995039452655609,1,2,0.5468500281606685,0.01637545383283333
USDBRL,44,2m,216,259,2025-12-02,2026-01-30,0.9715614896243152,0.024933584957720908,0.0030562177332381663,0.9964950745820361,0.9995512923152743,1,2,0.5508879336939395,0.013999601248788626
USDBRL,44,2m,217,260,2025-12-03,2026-02-02,0.9709972356680524,0.025573638566210068,0.002976269057502145,0.9965708742342625,0.9995471432917646,1,2,0.5657771463956262,0.022737045777835956
USDBRL,44,2m,218,261,2025-12-04,2026-02-03,0.9695816563960976,0.027062522005469766,0.0029109200278129117,0.9966441784015674,0.9995550984293803,1,2,0.5856213348691393,0.030048321415457616
USDBRL,44,2m,219,262,2025-12-05,2026-02-04,0.9702944173682095,0.026541283428343075,0.0027419489088730117,0.9968357007965526,0.9995776497054256,1,2,0.6271128714677295,0.05258950787057581
USDBRL,44,2m,220,263,2025-12-08,2026-02-05,0.9787632881268051,0.017823117965181184,0.002964848770312918,0.9965864060919863,0.9995512548622992,1,2,0.6226842979864415,0.028362752435516426
USDBRL,44,2m,221,264,2025-12-09,2026-02-06,0.9807689635236995,0.0158585689731404,0.0029495901158452823,0.9966275324968399,0.9995771226126852,1,2,0.6241111366230387,0.020299011852971734
USDBRL,44,2m,222,265,2025-12-10,2026-02-09,0.9833346523949533,0.01311950365509236,0.0031100814047300834,0.9964541560500457,0.9995642374547757,1,2,0.6402621891935213,0.03653612278041425
USDBRL,44,2m,223,266,2025-12-11,2026-02-10,0.9836401401901996,0.012522159389493375,0.0033696844429527742,0.996162299579693,0.9995319840226458,1,2,0.666755015026263,0.04080215546224989
USDBRL,44,2m,224,267,2025-12-12,2026-02-11,0.9837393652903764,0.01230017308691946,0.0034939666300804356,0.9960395383772959,0.9995335050073764,1,2,0.6829277440902306,0.025864728072484806
USDBRL,44,2m,225,268,2025-12-15,2026-02-12,0.9839818363678702,0.011982427090636825,0.0035623663669615393,0.995964263458507,0.9995266298254686,1,2,0.6984370085031151,0.02201867135857137
USDBRL,44,2m,226,269,2025-12-16,2026-02-13,0.984157897833783,0.01170851367715035,0.003643470140610313,0.9958664115109334,0.9995098816515438,1,2,0.7163860628540548,0.024355024366896787
USDBRL,44,2m,227,270,2025-12-17,2026-02-16,0.9856465697357955,0.010122574404451728,0.0037224419292344463,0.9957691441402472,0.9994915860694816,1,2,0.7353698574525729,0.038747128572806024
USDBRL,44,2m,228,271,2025-12-18,2026-02-17,0.9868463129920753,0.009092665944151318,0.003573693128982644,0.9959389789362266,0.9995126720652092,1,2,0.7390029839589874,0.05767979494987192
USDBRL,44,2m,229,272,2025-12-19,2026-02-18,0.986905704327643,0.009134816179829277,0.0034779419666783893,0.9960405205074723,0.9995184624741507,1,2,0.7391792778500107,0.02607410671566524
USDBRL,44,2m,230,273,2025-12-22,2026-02-19,0.986717523203753,0.009241568306297406,0.0035301451211937947,0.9959590915100505,0.9994892366312442,1,2,0.7353591115185993,0.01923483038432356
USDBRL,44,2m,231,274,2025-12-23,2026-02-20,0.9852039481229802,0.010554827840208175,0.0036886077864386585,0.9957587759631884,0.999447383749627,1,2,0.7455997639409007,0.028560106153255212
USDBRL,44,2m,232,275,2025-12-24,2026-02-23,0.9837036744105643,0.011912477149817656,0.0037515962792985043,0.995616151560382,0.9993677478396804,1,2,0.7423822155578991,0.027873586985224272
USDBRL,44,2m,233,276,2025-12-25,2026-02-24,0.9827465208183753,0.012800934525131872,0.003761056340966373,0.9955474553435072,0.9993085116844735,1,2,0.7447606260492259,0.021999154078564447
USDBRL,44,2m,234,277,2025-12-26,2026-02-25,0.9824989972933218,0.012916057572620996,0.003828534197228462,0.9954150548659428,0.9992435890631712,1,2,0.7572267037293241,0.03488091774357413
USDBRL,44,2m,235,278,2025-12-29,2026-02-26,0.9825328252557336,0.012890947293077947,0.003764583745365525,0.9954237725488115,0.9991883562941771,1,2,0.7696027741186033,0.040424407226800046
USDBRL,44,2m,236,279,2025-12-30,2026-02-27,0.9816186586165835,0.014021083412214674,0.0034864233414694528,0.9956397420287981,0.9991261653702677,1,2,0.7856834537202326,0.033735048081044355
USDBRL,44,2m,237,280,2025-12-31,2026-03-02,0.9794268946671763,0.015850098158222012,0.0036024002508695183,0.9952769928253983,0.9988793930762678,1,2,0.7883127636284166,0.03411165023360416
USDBRL,44,2m,238,281,2026-01-01,2026-03-03,0.9774994890803606,0.018363601593149762,0.002818084701341925,0.9958630906735103,0.9986811753748522,1,2,0.7370776150598701,0.12323460789535272
USDBRL,44,2m,239,282,2026-01-02,2026-03-04,0.9776228266223824,0.01876804913748016,0.0020686269344593147,0.9963908757598626,0.9984595026943219,1,2,0.7723180718265472,0.09173288475707607
USDBRL,44,2m,240,283,2026-01-05,2026-03-05,0.9791592430744734,0.017974928630365046,0.0013206249267196958,0.9971341717048385,0.9984547966315582,1,2,0.5328933517210428,0.9937800096276848
USDBRL,44,2m,241,284,2026-01-06,2026-03-06,0.9814921081845199,0.016284026346133566,0.0013176517602452025,0.9977761345306535,0.9990937862908987,1,2,1.0314113161926213,0.6846346660471453
USDBRL,44,2m,242,285,2026-01-07,2026-03-09,0.9823223421100004,0.015471207552846563,0.0013971639756713405,0.997793549662847,0.9991907136385183,1,2,0.9990987354936691,0.1242905865232329
USDBRL,44,2m,243,286,2026-01-08,2026-03-10,0.9821356211487999,0.015557532847979573,0.001545703330455677,0.9976931539967795,0.9992388573272352,1,2,1.0072509389487287,0.054361036879097706
USDBRL,44,2m,244,287,2026-01-09,2026-03-11,0.9821165430901512,0.015493307371515823,0.0016800940780961322,0.997609850461667,0.9992899445397632,1,2,0.99861340339455,0.0522120936510854
USDBRL,44,2m,245,288,2026-01-12,2026-03-12,0.9841167422762322,0.01375149716688124,0.0015392069831640784,0.9978682394431135,0.9994074464262775,1,2,0.9776365154458476,0.05215968168060045
USDBRL,44,2m,246,289,2026-01-13,2026-03-13,0.9848293609751994,0.013273272746388525,0.0013959801922528328,0.9981026337215879,0.9994986139138408,1,2,0.9704351360977023,0.025203833906404967
USDBRL,44,2m,247,290,2026-01-14,2026-03-16,0.9841229552554729,0.01385828506731248,0.0015218382588491788,0.9979812403227853,0.9995030785816346,1,2,0.9385703932643563,0.06086099670871171
USDBRL,44,2m,248,291,2026-01-15,2026-03-17,0.9834897549575425,0.014263737817207432,0.0017280872837966744,0.99775349277475,0.9994815800585466,1,2,0.8962908663877374,0.08004954095371981
USDBRL,44,2m,249,292,2026-01-16,2026-03-18,0.9822404786086613,0.015403631843352814,0.0018254220094724954,0.9976441104520141,0.9994695324614866,1,2,0.8734648384043286,0.041198815133738395
USDBRL,44,2m,250,293,2026-01-19,2026-03-19,0.9805957798264247,0.016530987071004873,0.0022320860831530724,0.9971267668974295,0.9993588529805826,1,2,0.7804152133041689,0.1754566379083889
USDBRL,44,2m,251,294,2026-01-20,2026-03-20,0.9804393030858402,0.016255359625043264,0.0025338265310999378,0.9966946627108835,0.9992284892419834,1,2,0.6889671220911769,0.17023163814866973
USDBRL,44,2m,252,295,2026-01-21,2026-03-23,0.9844058297472935,0.01187956024080804,0.002919870474402909,0.9962853899881016,0.9992052604625045,1,2,0.6576326783195257,0.14470555087500683
USDBRL,44,2m,253,296,2026-01-22,2026-03-24,0.9837270247866526,0.011776243030581598,0.0036306025551306824,0.9955032678172342,0.9991338703723649,1,2,0.6340467308465231,0.15926188175515005
USDBRL,44,2m,254,297,2026-01-23,2026-03-25,0.9821791576182345,0.012493316130438636,0.004475481513783101,0.9946724737486732,0.9991479552624563,1,2,0.6357675808185153,0.06078794359254299
USDBRL,44,2m,255,298,2026-01-26,2026-03-26,0.9809452982888909,0.013360256260872875,0.004869582700338377,0.9943055545497638,0.9991751372501021,1,2,0.6424814276352064,0.035387107350754184
USDBRL,44,2m,256,299,2026-01-27,2026-03-27,0.9796975401696153,0.014508478235992198,0.004995328980020627,0.9942060184056075,0.9992013473856282,1,2,0.6602940895843855,0.05136413768216025
USDBRL,66,3m,1,66,2025-02-04,2025-05-06,0.9902791885740607,0.005784118353336068,0.0030397725961858932,0.9960633069273968,0.9991030795235827,1,1,0.5969028358091213,NA
USDBRL,66,3m,2,67,2025-02-05,2025-05-07,0.9902823636786262,0.005861827350896905,0.003097332217005247,0.9961441910295231,0.9992415232465284,1,1,0.5947034200066623,0.033012071161692434
USDBRL,66,3m,3,68,2025-02-06,2025-05-08,0.9899460065590867,0.006153881620697459,0.003144447716849775,0.9960998881797841,0.999244335896634,1,2,0.5932159507539332,0.02139786971110008
USDBRL,66,3m,4,69,2025-02-07,2025-05-09,0.9899139777971334,0.006162093071652801,0.00318832015502144,0.9960760708687862,0.9992643910238077,1,2,0.5909250378098483,0.020998924536593862
USDBRL,66,3m,5,70,2025-02-10,2025-05-12,0.989849572793272,0.006159513469779025,0.003278436150196632,0.9960090862630511,0.9992875224132477,1,2,0.5897701128487395,0.019199711848102794
USDBRL,66,3m,6,71,2025-02-11,2025-05-13,0.9900979331234263,0.006003622050330649,0.003386247185125558,0.996101555173757,0.9994878023588826,1,1,0.601808531263976,0.05425329259855437
USDBRL,66,3m,7,72,2025-02-12,2025-05-14,0.9901842726617537,0.00581090179940568,0.0035114491758964786,0.9959951744611594,0.9995066236370559,1,1,0.5978198556570947,0.02263162685115958
USDBRL,66,3m,8,73,2025-02-13,2025-05-15,0.9906788909652866,0.005282418481125238,0.0035872187133647758,0.9959613094464118,0.9995485281597766,1,1,0.5918718304966845,0.04275020702868249
USDBRL,66,3m,9,74,2025-02-14,2025-05-16,0.9910675697983493,0.004896403841364201,0.0036079205029375724,0.9959639736397136,0.9995718941426511,1,1,0.5895669046823858,0.031216306813642156
USDBRL,66,3m,10,75,2025-02-17,2025-05-19,0.9912175144679245,0.004841976752280149,0.003516197192956095,0.9960594912202047,0.9995756884131607,1,1,0.5961498732350826,0.020252555967453324
USDBRL,66,3m,11,76,2025-02-18,2025-05-20,0.9915638621859847,0.004664082519674414,0.0033423635405750063,0.9962279447056591,0.9995703082462342,1,1,0.5988994538053413,0.024741048517866588
USDBRL,66,3m,12,77,2025-02-19,2025-05-21,0.9920595860147924,0.0044728165067644135,0.0030392336194456616,0.9965324025215568,0.9995716361410024,1,1,0.5989724850006789,0.028093504820275526
USDBRL,66,3m,13,78,2025-02-20,2025-05-22,0.9924580739917148,0.004384940460747116,0.0027285052814048577,0.9968430144524619,0.9995715197338668,1,1,0.6026474935170436,0.02892843555710402
USDBRL,66,3m,14,79,2025-02-21,2025-05-23,0.9926205409929905,0.0044883665098060825,0.002463107505006651,0.9971089075027966,0.9995720150078032,1,1,0.6091211765059199,0.04204583246882273
USDBRL,66,3m,15,80,2025-02-24,2025-05-26,0.9926895176768702,0.004541962084909541,0.0023411688467880006,0.9972314797617797,0.9995726486085678,1,1,0.623051727326077,0.03364848233052034
USDBRL,66,3m,16,81,2025-02-25,2025-05-27,0.9925781672570666,0.004623039254438595,0.002389224587988502,0.9972012065115052,0.9995904310994937,1,1,0.6324431061456333,0.01890126269155466
USDBRL,66,3m,17,82,2025-02-26,2025-05-28,0.9925031196127063,0.0046304176900351934,0.0024688788270228502,0.9971335373027415,0.9996024161297644,1,1,0.6332852426869587,0.011341329419930568
USDBRL,66,3m,18,83,2025-02-27,2025-05-29,0.9922693163474116,0.0048239327364603705,0.00252780826175146,0.997093249083872,0.9996210573456233,1,1,0.6284763462971111,0.021256618089510102
USDBRL,66,3m,19,84,2025-02-28,2025-05-30,0.9920938327885699,0.004957439891947072,0.0025671945460849217,0.997051272680517,0.9996184672266019,1,1,0.6246525534348947,0.017354054093638178
USDBRL,66,3m,20,85,2025-03-03,2025-06-02,0.9919452052800937,0.005081937920008329,0.0025944338256723826,0.997027143200102,0.9996215770257744,1,1,0.6181898168761999,0.022380172329884904
USDBRL,66,3m,21,86,2025-03-04,2025-06-03,0.9920632642647012,0.00495617743855347,0.0026025696362773293,0.9970194417032546,0.999622011339532,1,1,0.6151529960012808,0.0157819627690318
USDBRL,66,3m,22,87,2025-03-05,2025-06-04,0.9920471625986371,0.004971509405299347,0.0025893673282252924,0.9970186720039365,0.9996080393321618,1,1,0.6115742065939335,0.01378726474372455
USDBRL,66,3m,23,88,2025-03-06,2025-06-05,0.9919400190009878,0.005038901449399377,0.0025965602302554474,0.9969789204503872,0.9995754806806426,1,1,0.6079113687926083,0.02337627221303001
USDBRL,66,3m,24,89,2025-03-07,2025-06-06,0.9918443403065328,0.005103271271149874,0.0026179117623175594,0.9969476115776826,0.9995655233400003,1,1,0.605927191929436,0.018176637633748265
USDBRL,66,3m,25,90,2025-03-10,2025-06-09,0.9918805795574901,0.005102548462089925,0.002585475821557888,0.99698312801958,0.9995686038411379,1,1,0.6070017938696278,0.009059377371058937
USDBRL,66,3m,26,91,2025-03-11,2025-06-10,0.9918372084792962,0.005265408852172062,0.0024842994102653683,0.9971026173314683,0.9995869167417337,1,1,0.606314995635817,0.017278571020303463
USDBRL,66,3m,27,92,2025-03-12,2025-06-11,0.9918671769415845,0.005245546737233367,0.0024867309876354447,0.9971127236788179,0.9995994546664534,1,1,0.6033458532074175,0.009264228268155823
USDBRL,66,3m,28,93,2025-03-13,2025-06-12,0.991815353881715,0.005299614465624168,0.0024857103364728747,0.9971149683473393,0.9996006786838121,1,1,0.6002866541968704,0.01998262427995166
USDBRL,66,3m,29,94,2025-03-14,2025-06-13,0.9916472788291532,0.005446987612477556,0.0024968194471991024,0.9970942664416307,0.9995910858888298,1,1,0.6002540067774917,0.020881952293311374
USDBRL,66,3m,30,95,2025-03-17,2025-06-16,0.9912594526031625,0.005948886115637942,0.0023660202346066027,0.9972083387188004,0.9995743589534071,1,1,0.6034257751284449,0.05068782110168196
USDBRL,66,3m,31,96,2025-03-18,2025-06-17,0.9911283765142889,0.006115439260020101,0.002308927269833885,0.997243815774309,0.9995527430441429,1,1,0.6104974369192931,0.04260374425370979
USDBRL,66,3m,32,97,2025-03-19,2025-06-18,0.9912289033426295,0.006074659066750478,0.002227854464947652,0.99730356240938,0.9995314168743276,1,1,0.6200146760910109,0.03052742719176752
USDBRL,66,3m,33,98,2025-03-20,2025-06-19,0.991178288725991,0.006134832794242243,0.0021730744313481188,0.9973131215202332,0.9994861959515814,1,1,0.6291287355294866,0.028724295508065358
USDBRL,66,3m,34,99,2025-03-21,2025-06-20,0.9908662644285657,0.006474141693372494,0.0021267097167540217,0.9973404061219382,0.9994671158386923,1,1,0.6354551067037957,0.03308164221679697
USDBRL,66,3m,35,100,2025-03-24,2025-06-23,0.9905574084772576,0.006821487175241998,0.0020732539699055263,0.9973788956524996,0.9994521496224051,1,1,0.6392357065841715,0.02608789638107804
USDBRL,66,3m,36,101,2025-03-25,2025-06-24,0.9901774903350145,0.0071642907909992256,0.002099999083561448,0.9973417811260137,0.9994417802095751,1,1,0.6337154763017642,0.03253054740981079
USDBRL,66,3m,37,102,2025-03-26,2025-06-25,0.9890852799047236,0.008254971445071748,0.002097815936054686,0.9973402513497953,0.99943806728585,1,2,0.6337049360790185,0.018526754134046884
USDBRL,66,3m,38,103,2025-03-27,2025-06-26,0.9870696462198677,0.010289632167534058,0.0020733723566511266,0.9973592783874018,0.9994326507440529,1,2,0.6374110234159956,0.026057306352395677
USDBRL,66,3m,39,104,2025-03-28,2025-06-27,0.985520144706446,0.011872753290708542,0.0020389146071451802,0.9973928979971546,0.9994318126042997,1,2,0.6537172436436541,0.031345645841258485
USDBRL,66,3m,40,105,2025-03-31,2025-06-30,0.9834597129841335,0.013942709260276069,0.00201349433679382,0.9974024222444096,0.9994159165812033,1,2,0.6533859377377236,0.012137130646911307
USDBRL,66,3m,41,106,2025-04-01,2025-07-01,0.9818587251471287,0.015566111219768693,0.0019949951314365754,0.9974248363668974,0.9994198314983339,1,2,0.6508925015332578,0.01518944784042045
USDBRL,66,3m,42,107,2025-04-02,2025-07-02,0.9808570426079639,0.016586430468126575,0.0019655848376453357,0.9974434730760905,0.9994090579137358,1,2,0.6533516389995752,0.013149006194494
USDBRL,66,3m,43,108,2025-04-03,2025-07-03,0.9802146627431965,0.01725773507387105,0.0019069808893172526,0.9974723978170675,0.9993793787063847,1,2,0.6649440578471162,0.018037862614825338
USDBRL,66,3m,44,109,2025-04-04,2025-07-04,0.979597031144327,0.0178840141358965,0.001852890449542709,0.9974810452802234,0.9993339357297661,1,2,0.6703699383671705,0.015870588855784323
USDBRL,66,3m,45,110,2025-04-07,2025-07-07,0.9772252664917489,0.020028171452108744,0.002022969861863657,0.9972534379438577,0.9992764078057214,1,2,0.686174968544593,0.025850221854446746
USDBRL,66,3m,46,111,2025-04-08,2025-07-08,0.9724090074382765,0.02439152042205901,0.0023725738937871495,0.9968005278603356,0.9991731017541227,1,2,0.6959866187415545,0.015980198483192473
USDBRL,66,3m,47,112,2025-04-09,2025-07-09,0.9678168765801568,0.028589020448550998,0.0025994749831998805,0.9964058970287079,0.9990053720119076,1,2,0.7073593701069094,0.01829475450155977
USDBRL,66,3m,48,113,2025-04-10,2025-07-10,0.961951508772302,0.03374081416129087,0.0031200481139838114,0.9956923229335928,0.9988123710475766,1,2,0.7501134772337459,0.06957224032435254
USDBRL,66,3m,49,114,2025-04-11,2025-07-11,0.9540389985132645,0.04053879227609376,0.0037652377743518217,0.9945777907893583,0.99834302856371,1,2,0.7957344627233399,0.07769632715068031
USDBRL,66,3m,50,115,2025-04-14,2025-07-14,0.9418327557292413,0.05130469874181817,0.004799501302999758,0.9931374544710595,0.9979369557740593,2,2,0.8773565525929343,0.13321563442700082
USDBRL,66,3m,51,116,2025-04-15,2025-07-15,0.9429025831217781,0.050521257052461736,0.004637241227399439,0.9934238401742398,0.9980610814016393,2,2,0.9335564709112785,0.09432364853777707
USDBRL,66,3m,52,117,2025-04-16,2025-07-16,0.9446616935505897,0.04903269946460012,0.004440071598730806,0.9936943930151898,0.9981344646139206,2,2,0.9540498394631807,0.04060703491526259
USDBRL,66,3m,53,118,2025-04-17,2025-07-17,0.9464068601958316,0.04760139886954595,0.004182540019268745,0.9940082590653776,0.9981907990846464,2,2,0.9820872617446106,0.0571010833808392
USDBRL,66,3m,54,119,2025-04-18,2025-07-18,0.9505285139212264,0.043937985422422436,0.003732414534997368,0.9944664993436488,0.9981989138786462,1,2,1.0181006529545042,0.06935654368663952
USDBRL,66,3m,55,120,2025-04-21,2025-07-21,0.9531815573236443,0.041561046261584224,0.0035333482067542686,0.9947426035852285,0.9982759517919828,1,2,1.0489432410395603,0.059985912763478894
USDBRL,66,3m,56,121,2025-04-22,2025-07-22,0.9556806027070073,0.03922079522660406,0.0033965335868714227,0.9949013979336113,0.9982979315204827,1,2,1.0602676422304989,0.03162391310288058
USDBRL,66,3m,57,122,2025-04-23,2025-07-23,0.9570457839854455,0.037975372578253175,0.0032033597802137476,0.9950211565636986,0.9982245163439124,1,2,1.0991179227556307,0.07319197238741287
USDBRL,66,3m,58,123,2025-04-24,2025-07-24,0.9574913710851601,0.03771823289971749,0.003085888055105711,0.9952096039848777,0.9982954920399834,1,2,1.137018491832689,0.08114092229446065
USDBRL,66,3m,59,124,2025-04-25,2025-07-25,0.9602757725602584,0.03526753657451108,0.002838691768619257,0.9955433091347695,0.9983820009033888,1,2,1.1447410533882691,0.027071187656365056
USDBRL,66,3m,60,125,2025-04-28,2025-07-28,0.9639443631694399,0.03195454195804897,0.002608875325259347,0.9958989051274888,0.9985077804527482,1,2,1.1493603429290173,0.018092938469520776
USDBRL,66,3m,61,126,2025-04-29,2025-07-29,0.9651050802560058,0.03097158859708442,0.0024873039020170576,0.9960766688530902,0.9985639727551073,1,2,1.1623535389544695,0.0424890498080446
USDBRL,66,3m,62,127,2025-04-30,2025-07-30,0.966115359708441,0.030076001990724317,0.0024003499781776695,0.9961913616991653,0.998591711677343,1,2,1.162570854015178,0.033803951320887184
USDBRL,66,3m,63,128,2025-05-01,2025-07-31,0.9664372990816351,0.029618859770076736,0.002580085712177977,0.9960561588517118,0.9986362445638898,1,2,1.1731531723986792,0.03934381543200032
USDBRL,66,3m,64,129,2025-05-02,2025-08-01,0.9674087646958597,0.028561085007782202,0.002584203354643614,0.9959698497036419,0.9985540530582855,1,2,1.1502652858588653,0.04400445636539159
USDBRL,66,3m,65,130,2025-05-05,2025-08-04,0.9669262671792611,0.02875100186570417,0.0026932167932854616,0.9956772690449652,0.9983704858382507,1,2,1.075008615826698,0.1296386260593909
USDBRL,66,3m,66,131,2025-05-06,2025-08-05,0.9668066741387213,0.02861244320018446,0.002840842788142653,0.9954191173389058,0.9982599601270484,1,2,0.9924970942007081,0.12920350932102856
USDBRL,66,3m,67,132,2025-05-07,2025-08-06,0.9666465001174024,0.028448122949369405,0.003106818008458431,0.9950946230667718,0.9982014410752302,1,2,0.9052983284007324,0.13089965173886503
USDBRL,66,3m,68,133,2025-05-08,2025-08-07,0.9663402789540447,0.02852055854531607,0.0032451577177759015,0.9948608374993608,0.9981059952171367,1,2,0.82376262421455,0.12236302209901383
USDBRL,66,3m,69,134,2025-05-09,2025-08-08,0.9673602095232416,0.027170586917620896,0.0035586285860198957,0.9945307964408625,0.9980894250268825,1,2,0.7788184348218732,0.0776107868030022
USDBRL,66,3m,70,135,2025-05-12,2025-08-11,0.9680136588836938,0.026162710956216348,0.003893228151384866,0.9941763698399102,0.998069597991295,1,2,0.7534169339302165,0.05700812315920241
USDBRL,66,3m,71,136,2025-05-13,2025-08-12,0.9689035636230318,0.024983418888958775,0.004169558601063333,0.9938869825119905,0.9980565411130539,1,2,0.7370062259076915,0.04993658595854268
USDBRL,66,3m,72,137,2025-05-14,2025-08-13,0.9694994264030613,0.024101739113509747,0.004446866868605108,0.9936011655165711,0.9980480323851761,1,2,0.7186834861894291,0.05643016641103883
USDBRL,66,3m,73,138,2025-05-15,2025-08-14,0.969932670944075,0.02339450574231067,0.004739035931481086,0.9933271766863857,0.9980662126178668,1,2,0.7093247895059147,0.04071265472727043
USDBRL,66,3m,74,139,2025-05-16,2025-08-15,0.9699654227282292,0.022948469859858878,0.005175723049288483,0.992913892588088,0.9980896156373765,1,2,0.70159667915333,0.023099638740335965
USDBRL,66,3m,75,140,2025-05-19,2025-08-18,0.9702565600882517,0.022456805146892727,0.005397004778117317,0.9927133652351444,0.9981103700132617,1,2,0.695837564481421,0.01634303843827616
USDBRL,66,3m,76,141,2025-05-20,2025-08-19,0.971047756669264,0.021328827241003587,0.005647827653438187,0.9923765839102676,0.9980244115637058,1,2,0.7392617561287053,0.10463045565050612
USDBRL,66,3m,77,142,2025-05-21,2025-08-20,0.9717849590011655,0.020290145524436125,0.005973976691578308,0.9920751045256015,0.99804908121718,1,2,0.7771000916617242,0.08497221122643905
USDBRL,66,3m,78,143,2025-05-22,2025-08-21,0.9723720594964398,0.019434435298551052,0.00628408212987955,0.9918064947949908,0.9980905769248704,1,2,0.7975575912587164,0.042777804376130275
USDBRL,66,3m,79,144,2025-05-23,2025-08-22,0.9722085085595492,0.01900478658723305,0.006921392460334537,0.9912132951467822,0.9981346876071168,1,2,0.8252882161923487,0.0578791170537736
USDBRL,66,3m,80,145,2025-05-26,2025-08-25,0.9721086039063571,0.018807346656891804,0.007374794152108327,0.9909159505632489,0.9982907447153573,1,2,0.8416350664451553,0.03218675663566626
USDBRL,66,3m,81,146,2025-05-27,2025-08-26,0.9722822070572055,0.018621903024887036,0.007555258478372703,0.9909041100820926,0.9984593685604652,1,2,0.8416339098917467,0.026752376980212874
USDBRL,66,3m,82,147,2025-05-28,2025-08-27,0.9722168638742144,0.018492700161885298,0.007849932022384676,0.9907095640360997,0.9985594960584844,1,2,0.8467615179767145,0.015797060916869218
USDBRL,66,3m,83,148,2025-05-29,2025-08-28,0.9721733591948368,0.01832657737802411,0.00816483915911071,0.990499936572861,0.9986647757319717,1,2,0.8468263178042297,0.01277813699358765
USDBRL,66,3m,84,149,2025-05-30,2025-08-29,0.9717401255158606,0.018542228180920772,0.008448804410855035,0.9902823536967814,0.9987311581076365,1,2,0.845673214439435,0.009368672046126654
USDBRL,66,3m,85,150,2025-06-02,2025-09-01,0.9721222683681956,0.018243198190618176,0.008486305534834043,0.9903654665588137,0.9988517720936478,1,2,0.847445389024022,0.01638412935375788
USDBRL,66,3m,86,151,2025-06-03,2025-09-02,0.9729813817128254,0.01755375332631749,0.008420459387191149,0.9905351350391429,0.9989555944263341,1,2,0.8551664548574939,0.02046938299466757
USDBRL,66,3m,87,152,2025-06-04,2025-09-03,0.9738653807005222,0.01684609711999865,0.008336129701765997,0.9907114778205208,0.9990476075222868,1,2,0.866376202672354,0.028819194686629402
USDBRL,66,3m,88,153,2025-06-05,2025-09-04,0.975047527386856,0.015983729826229174,0.008104134693390257,0.9910312572130852,0.9991353919064754,1,2,0.8731478478126323,0.022235516834701954
USDBRL,66,3m,89,154,2025-06-06,2025-09-05,0.9749955425760567,0.01614075448050277,0.00803288748796653,0.9911362970565595,0.999169184544526,1,2,0.875132323661693,0.017350578424599528
USDBRL,66,3m,90,155,2025-06-09,2025-09-08,0.9748513700635743,0.01635231753720565,0.008021048897424285,0.9912036876007799,0.9992247364982042,1,2,0.878630363346659,0.01816845665407267
USDBRL,66,3m,91,156,2025-06-10,2025-09-09,0.9747092072488707,0.01649681780196716,0.008096619239032552,0.9912060250508379,0.9993026442898704,1,2,0.8856629825528735,0.02225886045816708
USDBRL,66,3m,92,157,2025-06-11,2025-09-10,0.9731608432930907,0.017579765519571886,0.00858775203725724,0.9907406088126626,0.9993283608499198,1,2,0.8910213631092622,0.013328394008924402
USDBRL,66,3m,93,158,2025-06-12,2025-09-11,0.9721117715780503,0.018231895767062564,0.00902152596602018,0.9903436673451128,0.999365193311133,1,2,0.8888433033377018,0.012780818726727023
USDBRL,66,3m,94,159,2025-06-13,2025-09-12,0.9710522470862366,0.019003600389651067,0.009331264213927964,0.9900558474758877,0.9993871116898156,1,2,0.887000057645853,0.012444704060914802
USDBRL,66,3m,95,160,2025-06-16,2025-09-15,0.9702757124978124,0.01975365167361047,0.009403598003239222,0.9900293641714228,0.9994329621746622,1,2,0.8879054979599601,0.013547672461079156
USDBRL,66,3m,96,161,2025-06-17,2025-09-16,0.9672295717826538,0.021994651066567946,0.01015237356274913,0.9892242228492217,0.9993765964119709,1,3,0.888449182572103,0.006844676862229583
USDBRL,66,3m,97,162,2025-06-18,2025-09-17,0.9652397565211653,0.023575145437532016,0.010522300891437958,0.9888149019586974,0.9993372028501353,1,3,0.888902497440029,0.007583722523113257
USDBRL,66,3m,98,163,2025-06-19,2025-09-18,0.9622718963421292,0.02595946187258647,0.011045548873195265,0.9882313582147156,0.999276907087911,1,3,0.8904547207138924,0.00821794308384728
USDBRL,66,3m,99,164,2025-06-20,2025-09-19,0.9603869607538166,0.027700766304260417,0.011163724580789043,0.988087727058077,0.9992514516388661,1,3,0.8917081152802839,0.011447731529842738
USDBRL,66,3m,100,165,2025-06-23,2025-09-22,0.9586834706075774,0.02899179780215671,0.011550463801869557,0.9876752684097341,0.9992257322116037,1,3,0.8907120384153508,0.007021701011344139
USDBRL,66,3m,101,166,2025-06-24,2025-09-23,0.9569354180775742,0.03035058253512969,0.011912121516595769,0.9872860006127039,0.9991981221292997,1,3,0.8908384487020252,0.006068973507644268
USDBRL,66,3m,102,167,2025-06-25,2025-09-24,0.9552968410006196,0.03148717504934536,0.012389191524431149,0.986784016049965,0.9991732075743961,1,3,0.8862160270668418,0.007815432433636865
USDBRL,66,3m,103,168,2025-06-26,2025-09-25,0.9554838692777475,0.031069318828643836,0.012617312124484267,0.9865531881063914,0.9991705002308756,1,3,0.8819255712798973,0.010809110340443538
USDBRL,66,3m,104,169,2025-06-27,2025-09-26,0.9573743570888955,0.028958918933890975,0.012816161633545887,0.9863332760227865,0.9991494376563324,1,3,0.8768686864698363,0.01394265464641002
USDBRL,66,3m,105,170,2025-06-30,2025-09-29,0.9585412918339862,0.02765435865180581,0.012971168584181882,0.9861956504857919,0.9991668190699738,1,3,0.874332651434474,0.01646068100819364
USDBRL,66,3m,106,171,2025-07-01,2025-09-30,0.9591311278466254,0.026637358599283487,0.013377492333236563,0.9857684864459089,0.9991459787791453,1,3,0.8718376435009187,0.020355046616007406
USDBRL,66,3m,107,172,2025-07-02,2025-10-01,0.9600354739865751,0.025209791750406437,0.013882794474131405,0.9852452657369815,0.9991280602111129,1,3,0.8673694953253007,0.026842630389992815
USDBRL,66,3m,108,173,2025-07-03,2025-10-02,0.9606525914976001,0.024061151637467196,0.014372512090378261,0.9847137431350673,0.9990862552254456,1,3,0.8625745689400245,0.02203903852147138
USDBRL,66,3m,109,174,2025-07-04,2025-10-03,0.9597156274187875,0.023886573226218927,0.01537729119240172,0.9836022006450064,0.9989794918374081,1,3,0.8471715637867231,0.04303824514425895
USDBRL,66,3m,110,175,2025-07-07,2025-10-06,0.959473202246519,0.02365849984592185,0.015828022156839212,0.9831317020924408,0.99895972424928,1,3,0.8334113404098107,0.04223130082725307
USDBRL,66,3m,111,176,2025-07-08,2025-10-07,0.9613453504035,0.021845211468607212,0.015778875985739182,0.9831905618721072,0.9989694378578464,1,3,0.8214560339306494,0.05302644563746726
USDBRL,66,3m,112,177,2025-07-09,2025-10-08,0.9640782718759693,0.019318594993015012,0.01562803553261812,0.9833968668689843,0.9990249024016025,1,3,0.8087266743705726,0.0587981973875495
USDBRL,66,3m,113,178,2025-07-10,2025-10-09,0.9639693919382826,0.01936024936317958,0.015644183745947147,0.9833296413014622,0.9989738250474093,1,3,0.7953504887825475,0.034662481223706486
USDBRL,66,3m,114,179,2025-07-11,2025-10-10,0.9677536457025735,0.017822744413523946,0.013461668858686692,0.9855763901160974,0.9990380589747841,1,3,0.7875404299355069,0.01680191147974425
USDBRL,66,3m,115,180,2025-07-14,2025-10-13,0.9688432273035553,0.017466433800462332,0.012707737606029593,0.9863096611040176,0.9990173987100472,1,3,0.7850282316805044,0.020193715893250502
USDBRL,66,3m,116,181,2025-07-15,2025-10-14,0.9724786959535331,0.016376827505897754,0.010223992482719936,0.9888555234594308,0.9990795159421508,1,3,0.7679761268363239,0.02666041389900231
USDBRL,66,3m,117,182,2025-07-16,2025-10-15,0.9735186072904372,0.016395103231864272,0.009151293506494705,0.9899137105223015,0.9990650040287962,1,3,0.7636025754104372,0.020423260744886648
USDBRL,66,3m,118,183,2025-07-17,2025-10-16,0.9749799986303633,0.016066446692428685,0.008001494270405071,0.9910464453227921,0.999047939593197,1,2,0.7565010790536436,0.01915391494563315
USDBRL,66,3m,119,184,2025-07-18,2025-10-17,0.9763071282316228,0.01573265966505665,0.007010589197575557,0.9920397878966795,0.999050377094255,1,2,0.7535962652155367,0.023790449985888147
USDBRL,66,3m,120,185,2025-07-21,2025-10-20,0.9778439985860393,0.014597761638393585,0.006545642304303859,0.9924417602244329,0.9989874025287367,1,2,0.7697308424253043,0.029516113428105416
USDBRL,66,3m,121,186,2025-07-22,2025-10-21,0.978920546353543,0.014573956934318875,0.005413581144495481,0.9934945032878618,0.9989080844323573,1,2,0.7926993867199895,0.03665425261768451
USDBRL,66,3m,122,187,2025-07-23,2025-10-22,0.9799030853498906,0.014506878141384428,0.004406881354745408,0.994409963491275,0.9988168448460204,1,2,0.796114052866915,0.02375350414843885
USDBRL,66,3m,123,188,2025-07-24,2025-10-23,0.9801202542005455,0.014847702348310303,0.0036998887111815704,0.9949679565488558,0.9986678452600374,1,2,0.7985956601539747,0.03596391741710897
USDBRL,66,3m,124,189,2025-07-25,2025-10-24,0.9810264653014719,0.014268234800702594,0.0032261563374155412,0.9952947001021745,0.99852085643959,1,2,0.7939220136238387,0.050703515246613415
USDBRL,66,3m,125,190,2025-07-28,2025-10-27,0.980918110367388,0.014493703818956474,0.0029535226370707443,0.9954118141863444,0.9983653368234152,1,2,0.8595866277703497,0.12883729471144367
USDBRL,66,3m,126,191,2025-07-29,2025-10-28,0.9806279967701371,0.014755996822813096,0.0028895579462233766,0.9953839935929503,0.9982735515391736,1,2,1.0371464743862298,0.29139820636163366
USDBRL,66,3m,127,192,2025-07-30,2025-10-29,0.9805217077723963,0.015003952874912357,0.00271977964555773,0.9955256606473087,0.9982454402928664,1,2,1.2058982709866186,0.30923534300488165
USDBRL,66,3m,128,193,2025-07-31,2025-10-30,0.9806436604423294,0.015093673437835433,0.0026557909043615057,0.9957373338801648,0.9983931247845264,1,2,1.326755425751969,0.2915313374844812
USDBRL,66,3m,129,194,2025-08-01,2025-10-31,0.9809650844691308,0.014739497296085464,0.002716225541193599,0.9957045817652163,0.9984208073064098,1,2,1.3646939241662974,0.12564534310453943
USDBRL,66,3m,130,195,2025-08-04,2025-11-03,0.9812769240769206,0.014526610090981653,0.0028169097699269363,0.9958035341679022,0.9986204439378291,1,2,1.4017672761630469,0.17254987337774189
USDBRL,66,3m,131,196,2025-08-05,2025-11-04,0.9810507587003274,0.014818697632237168,0.002830608073438939,0.9958694563325646,0.9987000644060036,1,2,1.4078205947569227,0.06118917176566499
USDBRL,66,3m,132,197,2025-08-06,2025-11-05,0.9814121004293365,0.01438297408789427,0.0028920399235753923,0.9957950745172307,0.9986871144408062,1,2,1.4120838374937337,0.05388471645659027
USDBRL,66,3m,133,198,2025-08-07,2025-11-06,0.9810644871949428,0.01473036922882582,0.002853619179174313,0.9957948564237686,0.9986484756029429,1,2,1.4124317026597786,0.03852499578600052
USDBRL,66,3m,134,199,2025-08-08,2025-11-07,0.9804013899525594,0.015146744234906619,0.0030287197566776424,0.995548134187466,0.9985768539441436,1,2,1.4165692089577637,0.0515840975519078
USDBRL,66,3m,135,200,2025-08-11,2025-11-10,0.9797755630126941,0.01544061576350431,0.003300867222031127,0.9952161787761984,0.9985170459982295,1,2,1.417978836045537,0.04772734596019607
USDBRL,66,3m,136,201,2025-08-12,2025-11-11,0.9750944075388853,0.019905985101568054,0.0034404828540977074,0.9950003926404534,0.9984408754945511,1,2,1.4162963623678964,0.041578310154195025
USDBRL,66,3m,137,202,2025-08-13,2025-11-12,0.9695785852334906,0.02502639598211596,0.0037159874905841966,0.9946049812156066,0.9983209687061908,1,2,1.416218828187706,0.02319714138769794
USDBRL,66,3m,138,203,2025-08-14,2025-11-13,0.9632901050677442,0.030846093330346293,0.00405087873630936,0.9941361983980904,0.9981870771343998,1,2,1.4161179574705773,0.015691019171544435
USDBRL,66,3m,139,204,2025-08-15,2025-11-14,0.9563170945134363,0.03733533903881157,0.004381841908646459,0.9936524335522479,0.9980342754608943,1,2,1.4145281494738053,0.024729313943509405
USDBRL,66,3m,140,205,2025-08-18,2025-11-17,0.955033984760606,0.0381680688036405,0.004696381612561166,0.9932020535642465,0.9978984351768077,1,2,1.418248476067542,0.05227162542029058
USDBRL,66,3m,141,206,2025-08-19,2025-11-18,0.9530517035963818,0.03982842974299184,0.00499971384582687,0.9928801333393736,0.9978798471852005,1,2,1.419191979585946,0.023696376958635728
USDBRL,66,3m,142,207,2025-08-20,2025-11-19,0.9545651653878362,0.03812979297232112,0.005220676328052234,0.9926949583601573,0.9979156346882095,1,2,1.4190471835867255,0.019003031572160007
USDBRL,66,3m,143,208,2025-08-21,2025-11-20,0.9559681463783584,0.03669677163545248,0.005276353929233747,0.9926649180138108,0.9979412719430446,1,2,1.4194778714074077,0.018152597944108218
USDBRL,66,3m,144,209,2025-08-22,2025-11-21,0.9608867114776155,0.03343179440986757,0.004055286747260488,0.994318505887483,0.9983737926347436,1,2,1.4199498919684872,0.045102690678824754
USDBRL,66,3m,145,210,2025-08-25,2025-11-24,0.9631196071455292,0.03134669048512808,0.003968514613745986,0.9944662976306573,0.9984348122444033,1,2,1.41949278560793,0.017122596203859346
USDBRL,66,3m,146,211,2025-08-26,2025-11-25,0.9632736640333298,0.03103616046997561,0.004085160775229,0.9943098245033054,0.9983949852785344,1,2,1.4180161815575845,0.041999743972991006
USDBRL,66,3m,147,212,2025-08-27,2025-11-26,0.9609992712133754,0.033028685591722,0.0043244015339831115,0.9940279568050974,0.9983523583390804,1,2,1.4146822429659605,0.054284943197103024
USDBRL,66,3m,148,213,2025-08-28,2025-11-27,0.960217044241469,0.033780736039249894,0.0043522303716300266,0.993997780280719,0.998350010652349,1,2,1.4137061953374737,0.019920024225470432
USDBRL,66,3m,149,214,2025-08-29,2025-11-28,0.959550874049346,0.03432447514100491,0.004449508332533881,0.9938753491903509,0.9983248575228848,1,2,1.414380103614269,0.014054707843473202
USDBRL,66,3m,150,215,2025-09-01,2025-12-01,0.9596820192727356,0.03431614342343387,0.004343067241719312,0.9939981626961695,0.9983412299378888,1,2,1.4153826872325688,0.013945599584330589
USDBRL,66,3m,151,216,2025-09-02,2025-12-02,0.9609297672898934,0.03331378163977274,0.0041047777848289765,0.9942435489296662,0.9983483267144951,1,2,1.4161139751695346,0.011195651401507647
USDBRL,66,3m,152,217,2025-09-03,2025-12-03,0.961628495317823,0.03275782061154758,0.003947164960019106,0.9943863159293707,0.9983334808893897,1,2,1.4182256324312235,0.029261055884934942
USDBRL,66,3m,153,218,2025-09-04,2025-12-04,0.9638655082841731,0.03051353177257482,0.003830235500750925,0.9943790400567478,0.9982092755574988,1,2,1.420886871608012,0.10050970109139695
USDBRL,66,3m,154,219,2025-09-05,2025-12-05,0.979030115094587,0.017605872497276395,0.002209229215797237,0.9966359875918634,0.9988452168076607,1,2,1.4093352210442653,0.2029452279178909
USDBRL,66,3m,155,220,2025-09-08,2025-12-08,0.9816955493055325,0.015388198678131645,0.001923986392059388,0.9970837479836642,0.9990077343757235,1,2,1.4082484131236304,0.019276689139383577
USDBRL,66,3m,156,221,2025-09-09,2025-12-09,0.984405837675783,0.013110600164372314,0.0016623851964832478,0.9975164378401553,0.9991788230366386,1,2,1.4049979783457598,0.025212859676507677
USDBRL,66,3m,157,222,2025-09-10,2025-12-10,0.9852899037377951,0.012455708301755518,0.0015193603637738533,0.9977456120395506,0.9992649724033245,1,2,1.411578971219396,0.06140725566767289
USDBRL,66,3m,158,223,2025-09-11,2025-12-11,0.9855644292643494,0.012267631112073026,0.0014605632030773596,0.9978320603764225,0.9992926235794998,1,2,1.412629772118251,0.015121514439117635
USDBRL,66,3m,159,224,2025-09-12,2025-12-12,0.985915875749088,0.01201261496362318,0.0013890635766124317,0.9979284907127112,0.9993175542893237,1,2,1.4136870087214979,0.011718968338692431
USDBRL,66,3m,160,225,2025-09-15,2025-12-15,0.9860396567714333,0.011989420899539353,0.001299705847560718,0.9980290776709727,0.9993287835185334,1,2,1.4152676374506772,0.01948436934010179
USDBRL,66,3m,161,226,2025-09-16,2025-12-16,0.986561161693864,0.011575328851512804,0.001202162397581339,0.9981364905453768,0.9993386529429581,1,2,1.4135761159727611,0.018906660990960136
USDBRL,66,3m,162,227,2025-09-17,2025-12-17,0.9871252080382015,0.011104665976512645,0.001087853563254487,0.9982298740147141,0.9993177275779686,1,2,1.4069432869096372,0.0542753373249046
USDBRL,66,3m,163,228,2025-09-18,2025-12-18,0.986768094847991,0.01139287164174139,0.0010599237681574647,0.9981609664897324,0.9992208902578898,1,2,1.3616380688801824,0.21475137971850497
USDBRL,66,3m,164,229,2025-09-19,2025-12-19,0.9862503752237904,0.01171091869762811,0.001188764232206599,0.9979612939214185,0.9991500581536251,1,2,1.1976441197274883,0.41532780732527325
USDBRL,66,3m,165,230,2025-09-22,2025-12-22,0.9857840439589762,0.011810322679310661,0.0015492459058201683,0.9975943666382869,0.9991436125441071,1,2,1.0681383349831286,0.24019625366651323
USDBRL,66,3m,166,231,2025-09-23,2025-12-23,0.9854321274299481,0.011859653149503484,0.0018511615871820064,0.9972917805794516,0.9991429421666336,1,2,0.9946213291687868,0.12581217662627128
USDBRL,66,3m,167,232,2025-09-24,2025-12-24,0.9849818580855689,0.012027832901295596,0.0021244998774419483,0.9970096909868645,0.9991341908643064,1,2,0.9663360109568345,0.06612043348155429
USDBRL,66,3m,168,233,2025-09-25,2025-12-25,0.9844262787666557,0.012360746870001653,0.0023398990233565323,0.9967870256366573,0.9991269246600138,1,2,0.9474432692024489,0.06363321863803365
USDBRL,66,3m,169,234,2025-09-26,2025-12-26,0.9840779842558972,0.012557071658377234,0.002498120820162448,0.9966350559142745,0.9991331767344369,1,2,0.926481199203607,0.05812110598286153
USDBRL,66,3m,170,235,2025-09-29,2025-12-29,0.9838563668789178,0.012593515089338071,0.002694802996643721,0.9964498819682558,0.9991446849648995,1,2,0.8758631242283643,0.08119688915210169
USDBRL,66,3m,171,236,2025-09-30,2025-12-30,0.9834085899064123,0.012667541977292808,0.003101579571768071,0.9960761318837051,0.9991777114554732,1,2,0.8366039156281496,0.05407351096687941
USDBRL,66,3m,172,237,2025-10-01,2025-12-31,0.982763110513459,0.013092629177212208,0.0033390457464435993,0.9958557396906712,0.9991947854371148,1,2,0.8082009985540995,0.048007046050774944
USDBRL,66,3m,173,238,2025-10-02,2026-01-01,0.9821609753870624,0.013594544122733048,0.003424859033580188,0.9957555195097955,0.9991803785433756,1,2,0.7722850183011174,0.05669391526089143
USDBRL,66,3m,174,239,2025-10-03,2026-01-02,0.9814737726289575,0.01419016940163184,0.0035193093247362036,0.9956639420305894,0.9991832513553256,1,2,0.7510179546276238,0.03521388645648107
USDBRL,66,3m,175,240,2025-10-06,2026-01-05,0.980383490004318,0.015361382032042188,0.0034470142591102137,0.9957448720363602,0.9991918862954704,1,2,0.7264900300444307,0.037358574441882175
USDBRL,66,3m,176,241,2025-10-07,2026-01-06,0.9799688211532961,0.01579173640888953,0.0034375810194597393,0.9957605575621856,0.9991981385816454,1,2,0.7147468023568472,0.02053663179792166
USDBRL,66,3m,177,242,2025-10-08,2026-01-07,0.9793838146543269,0.016433684409213205,0.0034022014536308556,0.9958174990635401,0.9992197005171709,1,2,0.7017309738591128,0.023789755554467797
USDBRL,66,3m,178,243,2025-10-09,2026-01-08,0.9787271733317632,0.017115435209552256,0.003379173840420301,0.9958426085413155,0.9992217823817358,1,2,0.6911275656518651,0.021430239590847243
USDBRL,66,3m,179,244,2025-10-10,2026-01-09,0.9781641511511705,0.017650737127694677,0.0033999979745539706,0.9958148882788652,0.9992148862534191,1,2,0.6855464961763045,0.01564615810448909
USDBRL,66,3m,180,245,2025-10-13,2026-01-12,0.9785831947267587,0.01718081265833372,0.003451257278302208,0.9957640073850924,0.9992152646633946,1,2,0.6870209170283058,0.019438047741755435
USDBRL,66,3m,181,246,2025-10-14,2026-01-13,0.9794738757954041,0.01625287021106139,0.0035053960038086466,0.9957267460064655,0.9992321420102742,1,2,0.6813745601734835,0.021196057208303948
USDBRL,66,3m,182,247,2025-10-15,2026-01-14,0.9801175815293584,0.015561728645299576,0.0035810635583719574,0.9956793101746579,0.9992603737330299,1,2,0.6796588856049993,0.025181896708267714
USDBRL,66,3m,183,248,2025-10-16,2026-01-15,0.9804447997376475,0.015137286127221724,0.0036929800223078676,0.9955820858648693,0.9992750658871771,1,2,0.676847120343729,0.02177400647063442
USDBRL,66,3m,184,249,2025-10-17,2026-01-16,0.9805578180317602,0.014944138555257332,0.003794500565663361,0.9955019565870176,0.9992964571526809,1,2,0.6759912995308472,0.016395469183976226
USDBRL,66,3m,185,250,2025-10-20,2026-01-19,0.9806877067818042,0.014748097154175282,0.003888920156747575,0.9954358039359794,0.999324724092727,1,2,0.6741004589318685,0.016884123531139394
USDBRL,66,3m,186,251,2025-10-21,2026-01-20,0.9802692224676295,0.0150079611260363,0.0040370505155193385,0.9952771835936658,0.9993142341091851,1,2,0.6739738252424695,0.03828320046360936
USDBRL,66,3m,187,252,2025-10-22,2026-01-21,0.9801755150085386,0.014990143973854684,0.004166386671891442,0.9951656589823933,0.9993320456542847,1,2,0.6724536669084398,0.013731704389454593
USDBRL,66,3m,188,253,2025-10-23,2026-01-22,0.9789267726022576,0.01617614970814756,0.004252748234616243,0.9951029223104051,0.9993556705450214,1,2,0.6712178726468091,0.01321383746573952
USDBRL,66,3m,189,254,2025-10-24,2026-01-23,0.9773549642899245,0.01774455248311693,0.004276769258477737,0.9950995167730414,0.9993762860315192,1,2,0.6687687321215271,0.014533550378019127
USDBRL,66,3m,190,255,2025-10-27,2026-01-26,0.9767002304437548,0.018661424221274443,0.004054156113465189,0.9953616546650292,0.9994158107784944,1,2,0.6643073694820031,0.01169298622364604
USDBRL,66,3m,191,256,2025-10-28,2026-01-27,0.9772101822841701,0.01861725303323725,0.0036423172161357733,0.9958274353174074,0.9994697525335431,1,2,0.6584814449930632,0.016225966457303637
USDBRL,66,3m,192,257,2025-10-29,2026-01-28,0.9770233971360621,0.01896417579178775,0.0034925671200515046,0.9959875729278499,0.9994801400479014,1,2,0.6556011804947252,0.01175524299644361
USDBRL,66,3m,193,258,2025-10-30,2026-01-29,0.9781798391976123,0.018127462640579996,0.0032050273642978524,0.9963073018381923,0.9995123292024901,1,2,0.6494298130208367,0.011034214046512501
USDBRL,66,3m,194,259,2025-10-31,2026-01-30,0.9795828806448463,0.01704739432504862,0.0029199622140468283,0.996630274969895,0.9995502371839418,1,2,0.6410127695686407,0.01311190357945619
USDBRL,66,3m,195,260,2025-11-03,2026-02-02,0.9793885979633515,0.017288537947974105,0.0028680151393226305,0.9966771359113257,0.9995451510506482,1,2,0.6337693212491377,0.012398937275642622
USDBRL,66,3m,196,261,2025-11-04,2026-02-03,0.9785913123431934,0.018109556225795034,0.0028402279980928704,0.9967008685689884,0.9995410965670813,1,2,0.6271848405095344,0.01244369372757453
USDBRL,66,3m,197,262,2025-11-05,2026-02-04,0.9789171829289626,0.01787076847470147,0.0027567103168672532,0.996787951403664,0.9995446617205312,1,2,0.6252147328616833,0.013470842825562193
USDBRL,66,3m,198,263,2025-11-06,2026-02-05,0.9784197970079316,0.018480879223558185,0.0026510340241720195,0.9969006762314898,0.9995517102556618,1,2,0.6115416215925067,0.017417360938815286
USDBRL,66,3m,199,264,2025-11-07,2026-02-06,0.9782003632475061,0.018771439368004024,0.002582838194028749,0.9969718026155102,0.9995546408095389,1,2,0.6055959469946093,0.01445017185398472
USDBRL,66,3m,200,265,2025-11-10,2026-02-09,0.9775405325531699,0.019410245767779975,0.00257918083692308,0.9969507783209498,0.9995299591578729,1,2,0.5999676716637212,0.019252228032887665
USDBRL,66,3m,201,266,2025-11-11,2026-02-10,0.9762227130630756,0.020542508941005396,0.0027150177208109054,0.996765222004081,0.999480239724892,1,2,0.6055141868880848,0.03705193260789217
USDBRL,66,3m,202,267,2025-11-12,2026-02-11,0.9757007788883117,0.020963488749860856,0.002795136835027439,0.9966642676381726,0.9994594044732,1,2,0.6125517385816112,0.02633353376152065
USDBRL,66,3m,203,268,2025-11-13,2026-02-12,0.9751939269581477,0.02140049804202227,0.002829086274612293,0.9965944250001699,0.9994235112747822,1,2,0.6228832698554287,0.021450836902271446
USDBRL,66,3m,204,269,2025-11-14,2026-02-13,0.9748337628376754,0.0216612872945798,0.0028803454428828527,0.9964950501322553,0.9993753955751381,1,2,0.6396821810882317,0.02827384803303329
USDBRL,66,3m,205,270,2025-11-17,2026-02-16,0.9744437375076088,0.02191289082563205,0.002964267796916791,0.9963566283332409,0.9993208961301576,1,2,0.6567274583473955,0.0292428493581061
USDBRL,66,3m,206,271,2025-11-18,2026-02-17,0.9742604687998376,0.022069596050470795,0.0029446649995600086,0.9963300648503084,0.9992747298498684,1,2,0.6689028085237289,0.018137077173771186
USDBRL,66,3m,207,272,2025-11-19,2026-02-18,0.9739343037039909,0.0224018249618741,0.0029124042019630196,0.9963361286658651,0.999248532867828,1,2,0.6710865580171905,0.008155332229572989
USDBRL,66,3m,208,273,2025-11-20,2026-02-19,0.9735392946635448,0.022744638510027254,0.002926546844157896,0.9962839331735721,0.9992104800177299,1,2,0.6797496451963829,0.012442071867156658
USDBRL,66,3m,209,274,2025-11-21,2026-02-20,0.9731838833706437,0.02300825915080333,0.0029745179668757148,0.9961921425214469,0.9991666604883227,1,2,0.7042096523641045,0.03167427833775351
USDBRL,66,3m,210,275,2025-11-24,2026-02-23,0.9724066618042602,0.02379387202955905,0.0029532456135526073,0.9962005338338192,0.9991537794473718,1,2,0.6991474520648098,0.012197677439981897
USDBRL,66,3m,211,276,2025-11-25,2026-02-24,0.9713023834298855,0.024836854449525454,0.00299014813155768,0.9961392378794109,0.9991293860109687,1,2,0.7033126176129907,0.009759084853288295
USDBRL,66,3m,212,277,2025-11-26,2026-02-25,0.9699444520761535,0.02610168821770899,0.0030575124121822073,0.9960461402938625,0.9991036527060447,1,2,0.7107662237463992,0.012402969607391299
USDBRL,66,3m,213,278,2025-11-27,2026-02-26,0.9682144296405445,0.02771403849845555,0.003148145682766981,0.995928468139,0.999076613821767,1,2,0.7166446531358103,0.011291973384197592
USDBRL,66,3m,214,279,2025-11-28,2026-02-27,0.9669665832779667,0.028910403286908092,0.0031920226198961883,0.9958769865648748,0.9990690091847709,1,2,0.7204482483920216,0.008454551815514352
USDBRL,66,3m,215,280,2025-12-01,2026-03-02,0.9663396838044692,0.029494041592739124,0.0032130199166476446,0.9958337253972084,0.999046745313856,1,2,0.7231837504751524,0.011031127953318627
USDBRL,66,3m,216,281,2025-12-02,2026-03-03,0.9671504793569821,0.0287576027968707,0.00310672025876292,0.9959080821538527,0.9990148024126156,1,2,0.7057648037697931,0.028768218564666728
USDBRL,66,3m,217,282,2025-12-03,2026-03-04,0.9670629042154262,0.028793905640103472,0.0030738866489931366,0.9958568098555296,0.9989306965045228,1,2,0.7252537196155497,0.024633468641973022
USDBRL,66,3m,218,283,2025-12-04,2026-03-05,0.9680074410729363,0.027911775260877774,0.0029820442846646583,0.9959192163338141,0.9989012606184787,1,2,0.7133087085425864,0.029745377291881935
USDBRL,66,3m,219,284,2025-12-05,2026-03-06,0.9699382434987263,0.026046549021412218,0.002926857884500526,0.9959847925201385,0.998911650404639,1,2,0.6907312844147594,0.05013209594452938
USDBRL,66,3m,220,285,2025-12-08,2026-03-09,0.9778475331582942,0.017910197501893252,0.003069548603487079,0.9957577306601875,0.9988272792636745,1,2,0.6623610971117883,0.05152707135531033
USDBRL,66,3m,221,286,2025-12-09,2026-03-10,0.9792358612472746,0.01647103481815985,0.0030751590464250032,0.9957068960654344,0.9987820551118595,1,2,0.6528881954169365,0.024257014076976977
USDBRL,66,3m,222,287,2025-12-10,2026-03-11,0.9813524938389775,0.014285482418523784,0.00310504630331224,0.9956379762575013,0.9987430225608135,1,2,0.6435602053720416,0.031079620387322045
USDBRL,66,3m,223,288,2025-12-11,2026-03-12,0.9833256678392914,0.012512522171793938,0.0030396408662210373,0.9958381900110853,0.9988778308773064,1,2,0.6232085978813621,0.042332595493213394
USDBRL,66,3m,224,289,2025-12-12,2026-03-13,0.9844689124014662,0.011732363679070561,0.002811157808328907,0.9962012760805368,0.9990124338888656,1,2,0.6156180471225386,0.026652110745533128
USDBRL,66,3m,225,290,2025-12-15,2026-03-16,0.9849103358420375,0.011358964554435911,0.002775572802282147,0.9962693003964733,0.9990448731987556,1,2,0.6079366304334137,0.029470859079698188
USDBRL,66,3m,226,291,2025-12-16,2026-03-17,0.9851952045361644,0.011050152312329736,0.0028147258329221598,0.9962453568484941,0.9990600826814163,1,2,0.5941321173958503,0.030476831223839707
USDBRL,66,3m,227,292,2025-12-17,2026-03-18,0.9858777615873356,0.010475227715380247,0.0027489481423295784,0.9963529893027159,0.9991019374450455,1,2,0.5987743971584699,0.02974116069147588
USDBRL,66,3m,228,293,2025-12-18,2026-03-19,0.9862927894571146,0.009795749165569715,0.0030608724204131787,0.9960885386226843,0.9991494110430975,1,2,0.5828087445864097,0.04160261582164932
USDBRL,66,3m,229,294,2025-12-19,2026-03-20,0.9864857922851784,0.009438391123103691,0.003269231816697547,0.9959241834082821,0.9991934152249796,1,2,0.5858221168378694,0.01853506425704199
USDBRL,66,3m,230,295,2025-12-22,2026-03-23,0.9861938789141997,0.009529578525510335,0.003469918058109052,0.99572345743971,0.9991933754978192,1,2,0.5700621289288177,0.028713138444364943
USDBRL,66,3m,231,296,2025-12-23,2026-03-24,0.9855798187587379,0.00974629983765202,0.003837170163531075,0.99532611859639,0.999163288759921,1,2,0.5695923187619375,0.017206362166493766
USDBRL,66,3m,232,297,2025-12-24,2026-03-25,0.9844623816659467,0.010389354629592883,0.0042680140781498925,0.9948517362955396,0.9991197503736895,1,2,0.5579530712133116,0.03754743945991109
USDBRL,66,3m,233,298,2025-12-25,2026-03-26,0.983721087502945,0.010760992535274362,0.004614497278305664,0.9944820800382194,0.999096577316525,1,2,0.5556323099734721,0.025975642106685258
USDBRL,66,3m,234,299,2025-12-26,2026-03-27,0.9831157966130283,0.010954802083715784,0.004991273798890336,0.9940705986967441,0.9990618724956344,1,2,0.5586431107740023,0.026945299376396777
USDBRL,88,4m,1,88,2025-02-04,2025-06-05,0.9892739017338799,0.0066154793955194285,0.003087882347778501,0.9958893811293993,0.9989772634771777,1,2,0.5991075869819018,NA
USDBRL,88,4m,2,89,2025-02-05,2025-06-06,0.9892376549722763,0.006760929492427451,0.0031132759970626026,0.9959985844647038,0.9991118604617664,1,2,0.5957881575999197,0.01876577437210124
USDBRL,88,4m,3,90,2025-02-06,2025-06-09,0.9891584214244025,0.006848072493532844,0.0031234249555740644,0.9960064939179353,0.9991299188735093,1,2,0.5962664961324655,0.010354957859074223
USDBRL,88,4m,4,91,2025-02-07,2025-06-10,0.9891454030361712,0.007002186582509776,0.0030328748771442163,0.9961475896186809,0.9991804644958251,1,2,0.5962407270020046,0.020322364297928393
USDBRL,88,4m,5,92,2025-02-10,2025-06-11,0.9891590752700544,0.007031205116307559,0.0030243355660534684,0.9961902803863619,0.9992146159524155,1,2,0.5950780034881052,0.014221028260020053
USDBRL,88,4m,6,93,2025-02-11,2025-06-12,0.9893598699493004,0.007019250684606771,0.002994113206757509,0.9963791206339071,0.9993732338406647,1,2,0.5941193140923939,0.04653045220118693
USDBRL,88,4m,7,94,2025-02-12,2025-06-13,0.9893455084037567,0.0070496355789607685,0.002990018627062579,0.9963951439827174,0.99938516260978,1,2,0.5880496248156496,0.01657380447727979
USDBRL,88,4m,8,95,2025-02-13,2025-06-16,0.9894610274001913,0.007105185221330496,0.0028382091459365085,0.9965662126215218,0.9994044217674583,1,2,0.5825749668093383,0.0389335795435218
USDBRL,88,4m,9,96,2025-02-14,2025-06-17,0.9894455842219735,0.007187627868319542,0.00276250773584792,0.996633212090293,0.999395719826141,1,2,0.5837925388540104,0.02942004966070252
USDBRL,88,4m,10,97,2025-02-17,2025-06-18,0.9895061810010322,0.00723805058747838,0.0026382676747906384,0.9967442315885106,0.9993824992633011,1,2,0.595314157757454,0.028393358947122926
USDBRL,88,4m,11,98,2025-02-18,2025-06-19,0.9895401190906362,0.007269080384847472,0.0025381797724695772,0.9968091994754837,0.9993473792479532,1,2,0.5986116542011516,0.03452722176011524
USDBRL,88,4m,12,99,2025-02-19,2025-06-20,0.9893605825922449,0.007531243511719944,0.0024494077061233176,0.9968918261039649,0.9993412338100882,1,2,0.5957702138689369,0.05300907553056439
USDBRL,88,4m,13,100,2025-02-20,2025-06-23,0.9891484781375335,0.007820068431578434,0.0023727237157653773,0.9969685465691119,0.9993412702848773,1,2,0.5948249727574708,0.04378112353035851
USDBRL,88,4m,14,101,2025-02-21,2025-06-24,0.9887316023215752,0.00826923313460893,0.002351018899310104,0.9970008354561841,0.9993518543554942,1,2,0.584719537895915,0.05664866824208521
USDBRL,88,4m,15,102,2025-02-24,2025-06-25,0.9875301562739801,0.009477016152932153,0.002354606109221631,0.9970071724269123,0.9993617785361338,1,2,0.5835726209700055,0.029152674468918092
USDBRL,88,4m,16,103,2025-02-25,2025-06-26,0.9855081959056577,0.011505087212228758,0.0023549165493928974,0.9970132831178865,0.9993681996672794,1,2,0.5850465124824673,0.02077599625924664
USDBRL,88,4m,17,104,2025-02-26,2025-06-27,0.9841773530736265,0.012824273904340485,0.0023743651127929137,0.997001626977967,0.9993759920907599,1,2,0.588059895315015,0.01694469598870429
USDBRL,88,4m,18,105,2025-02-27,2025-06-30,0.9829421121183186,0.014089318584207991,0.0023608082320618123,0.9970314307025266,0.9993922389345884,1,2,0.5918491687862479,0.010492127474457547
USDBRL,88,4m,19,106,2025-02-28,2025-07-01,0.9818215739519635,0.015235599899692975,0.00234252600866299,0.9970571738516565,0.9993996998603194,1,2,0.592941294935655,0.008697589375534569
USDBRL,88,4m,20,107,2025-03-03,2025-07-02,0.9812037046569912,0.015874219018030152,0.0023259207443396377,0.9970779236750213,0.999403844419361,1,2,0.5949983057586636,0.009664652863621077
USDBRL,88,4m,21,108,2025-03-04,2025-07-03,0.9808885920962778,0.01621347699333049,0.002286814958775179,0.9971020690896083,0.9993888840483834,1,2,0.6033846406380886,0.015576678731882995
USDBRL,88,4m,22,109,2025-03-05,2025-07-04,0.9805998529979711,0.016487196501238283,0.002272916788335977,0.9970870494992095,0.9993599662875454,1,2,0.6081435871590486,0.01054187551314125
USDBRL,88,4m,23,110,2025-03-06,2025-07-07,0.9795945646038196,0.017442038988734657,0.002305865359317549,0.9970366035925542,0.9993424689518717,1,2,0.6182491191902921,0.017859865679676325
USDBRL,88,4m,24,111,2025-03-07,2025-07-08,0.9784620417977961,0.01854187979422479,0.002329279155831453,0.9970039215920209,0.9993332007478523,1,2,0.6248571317170779,0.010595410414079852
USDBRL,88,4m,25,112,2025-03-10,2025-07-09,0.9779285618871839,0.01906745969829887,0.0023056025572234552,0.9969960215854827,0.9993016241427062,1,2,0.6359288431432832,0.01766643489132015
USDBRL,88,4m,26,113,2025-03-11,2025-07-10,0.9778783857757111,0.019077187643904182,0.0022849016750527648,0.9969555734196153,0.9992404750946681,1,2,0.6632567634819427,0.049406317186800844
USDBRL,88,4m,27,114,2025-03-12,2025-07-11,0.9783542121512074,0.018482571761766552,0.0022426852856646667,0.996836783912974,0.9990794691986387,1,2,0.6944398835620567,0.0563575741931551
USDBRL,88,4m,28,115,2025-03-13,2025-07-14,0.9780953907287716,0.018621902944146174,0.002297400680345686,0.9967172936729178,0.9990146943532635,1,2,0.7287363890045456,0.05942556212465704
USDBRL,88,4m,29,116,2025-03-14,2025-07-15,0.9779257546302936,0.01872761270520231,0.0022953210318940676,0.9966533673354959,0.99894868836739,1,2,0.750950832357497,0.034573426924370404
USDBRL,88,4m,30,117,2025-03-17,2025-07-16,0.9777572715140702,0.018873917311025397,0.0022887540899510926,0.9966311888250956,0.9989199429150467,1,2,0.7705183904260466,0.02925135550084894
USDBRL,88,4m,31,118,2025-03-18,2025-07-17,0.9779580278359514,0.018657088144667825,0.0022814810513279112,0.9966151159806192,0.9988965970319471,1,2,0.791409180628708,0.031969672160465826
USDBRL,88,4m,32,119,2025-03-19,2025-07-18,0.9784492986315766,0.018105535869560426,0.00223307146398041,0.996554834501137,0.9987879059651175,1,2,0.8183597165114584,0.04404502373002513
USDBRL,88,4m,33,120,2025-03-20,2025-07-21,0.9786611691810919,0.01786879205544262,0.0022147135313015415,0.9965299612365346,0.9987446747678361,1,2,0.8594866614668332,0.06507938534160516
USDBRL,88,4m,34,121,2025-03-21,2025-07-22,0.9786867105388328,0.01784959407707668,0.002189994278116935,0.9965363046159095,0.9987262988940264,1,2,0.8878466029018964,0.04487420026470055
USDBRL,88,4m,35,122,2025-03-24,2025-07-23,0.978801953543646,0.01774617895718034,0.0021376341124269807,0.9965481325008263,0.9986857666132533,1,2,0.8981819852386075,0.016231364151077916
USDBRL,88,4m,36,123,2025-03-25,2025-07-24,0.9787906920973015,0.01775433972162999,0.002123283371659722,0.9965450318189315,0.9986683151905912,1,2,0.9030714283501751,0.014274303128662532
USDBRL,88,4m,37,124,2025-03-26,2025-07-25,0.9790849416639478,0.01751007423022296,0.0020672151426437855,0.9965950158941708,0.9986622310368145,1,2,0.9100845157313799,0.01356037562048057
USDBRL,88,4m,38,125,2025-03-27,2025-07-28,0.9796079424559925,0.017055483963607614,0.0019965235511118177,0.9966634264196,0.998659949970712,1,2,0.9255977163122003,0.025095278688987293
USDBRL,88,4m,39,126,2025-03-28,2025-07-29,0.9799027099013868,0.016808463102115454,0.001945392703934473,0.9967111730035023,0.9986565657074368,1,2,0.9500925141810761,0.04045532138878936
USDBRL,88,4m,40,127,2025-03-31,2025-07-30,0.9797496663632433,0.016980543310390915,0.0018883320741088397,0.9967302096736342,0.9986185417477431,1,2,0.9361415776712112,0.02479580925005113
USDBRL,88,4m,41,128,2025-04-01,2025-07-31,0.9793776489019221,0.017335550995101683,0.00190718758970438,0.9967131998970238,0.9986203874867282,1,2,0.9244865699975782,0.022689867406173365
USDBRL,88,4m,42,129,2025-04-02,2025-08-01,0.9793275360861906,0.017322406261328215,0.0019029504291229714,0.9966499423475188,0.9985528927766418,1,2,0.861511735293065,0.09712572856487257
USDBRL,88,4m,43,130,2025-04-03,2025-08-04,0.9790251206278923,0.017471014695724194,0.0019880427998372656,0.9964961353236165,0.9984841781234537,1,2,0.7363481803517204,0.1853790091583769
USDBRL,88,4m,44,131,2025-04-04,2025-08-05,0.9786749458488688,0.017620784189141876,0.0021575489127648845,0.9962957300380108,0.9984532789507756,1,2,0.6262242124145184,0.17108888575962353
USDBRL,88,4m,45,132,2025-04-07,2025-08-06,0.9776125572667392,0.018193724028962986,0.0025917596260689097,0.9958062812957023,0.9983980409217711,1,2,0.5852568470359677,0.06165962649663769
USDBRL,88,4m,46,133,2025-04-08,2025-08-07,0.9750503885912882,0.02014133858550352,0.003145702936227475,0.9951917271767917,0.9983374301130192,1,2,0.573334770881247,0.03040405334604531
USDBRL,88,4m,47,134,2025-04-09,2025-08-08,0.9723976084353613,0.02213289764272322,0.0036666178597981615,0.9945305060780845,0.9981971239378826,1,2,0.5989455436379593,0.060009847209939196
USDBRL,88,4m,48,135,2025-04-10,2025-08-11,0.9683121357923153,0.02530451511568324,0.004536283629277458,0.9936166509079986,0.998152934537276,1,2,0.6174012876645871,0.039339952578350566
USDBRL,88,4m,49,136,2025-04-11,2025-08-12,0.9626303109017521,0.029713466463562026,0.005645939311409738,0.9923437773653141,0.9979897166767239,1,2,0.6360333540981706,0.04237975622383277
USDBRL,88,4m,50,137,2025-04-14,2025-08-13,0.9578223751934307,0.033410481229386,0.0066073905933210905,0.9912328564228168,0.9978402470161378,1,2,0.6592684591463739,0.047772164544873534
USDBRL,88,4m,51,138,2025-04-15,2025-08-14,0.9577480819679718,0.03328704510826948,0.006893026273640274,0.9910351270762413,0.9979281533498815,1,2,0.673548279040323,0.040336329523196934
USDBRL,88,4m,52,139,2025-04-16,2025-08-15,0.9574911304604348,0.03314603906203876,0.007299227281480816,0.9906371695224735,0.9979363968039543,1,2,0.6760754766148754,0.028068303978242278
USDBRL,88,4m,53,140,2025-04-17,2025-08-18,0.9575083902267036,0.032993592191535866,0.007441988122857013,0.9905019824182395,0.9979439705410965,1,2,0.6775919328374426,0.02897716537484443
USDBRL,88,4m,54,141,2025-04-18,2025-08-19,0.9574844181082615,0.033021573021325745,0.007318044766399544,0.9905059911295873,0.9978240358959868,1,2,0.7030714095579618,0.06015073687967068
USDBRL,88,4m,55,142,2025-04-21,2025-08-20,0.9583412175357612,0.03221649750188539,0.0072402269927891285,0.9905577150376466,0.9977979420304357,1,2,0.7356468533456997,0.06472609354004058
USDBRL,88,4m,56,143,2025-04-22,2025-08-21,0.9600317532164554,0.03051423349309407,0.007269950890704027,0.9905459867095495,0.9978159376002534,1,2,0.7562000667422076,0.039850809189014964
USDBRL,88,4m,57,144,2025-04-23,2025-08-22,0.9602999908845955,0.029980698145141888,0.007516140123670548,0.9902806890297374,0.997796829153408,1,2,0.7895855999473679,0.05671514242185879
USDBRL,88,4m,58,145,2025-04-24,2025-08-25,0.9605050158909769,0.029620482963987733,0.007719670941821542,0.9901254988549647,0.9978451697967862,1,2,0.813282546125746,0.03982819790589756
USDBRL,88,4m,59,146,2025-04-25,2025-08-26,0.9608864518856995,0.029079239565307283,0.007862057764876525,0.9899656914510069,0.9978277492158834,1,3,0.8058898759759245,0.016948071490728515
USDBRL,88,4m,60,147,2025-04-28,2025-08-27,0.9610572452559387,0.0286604315890143,0.008118403053777415,0.989717676844953,0.9978360798987305,1,3,0.8080364097641686,0.010218056111326703
USDBRL,88,4m,61,148,2025-04-29,2025-08-28,0.9600366606163852,0.029238665491368342,0.008535853546610128,0.9892753261077535,0.9978111796543636,1,3,0.8103541984999646,0.012052806303688612
USDBRL,88,4m,62,149,2025-04-30,2025-08-29,0.9595030048242148,0.029401822575286403,0.008875575712745458,0.9889048273995013,0.9977804031122467,1,3,0.8032703679492366,0.012345636701491303
USDBRL,88,4m,63,150,2025-05-01,2025-09-01,0.9599264432489417,0.02888270883596564,0.008993316479162993,0.9888091520849074,0.9978024685640704,1,3,0.800055560355018,0.007055756709552956
USDBRL,88,4m,64,151,2025-05-02,2025-09-02,0.9616197956282728,0.027356807310219167,0.008895705392975935,0.988976602938492,0.9978723083314679,1,3,0.804765286862261,0.016398508882686416
USDBRL,88,4m,65,152,2025-05-05,2025-09-03,0.9629186551287244,0.02627015582480194,0.008759910971679559,0.9891888109535264,0.9979487219252059,1,3,0.8146179708637384,0.02674332806750141
USDBRL,88,4m,66,153,2025-05-06,2025-09-04,0.9645774429390742,0.024991429491706435,0.008463931577002051,0.9895688724307806,0.9980328040077827,1,3,0.8205874141971252,0.01590062530174771
USDBRL,88,4m,67,154,2025-05-07,2025-09-05,0.964907248310974,0.024755685816269454,0.008354613154050696,0.9896629341272434,0.9980175472812941,1,3,0.8175255910096136,0.009361047449047174
USDBRL,88,4m,68,155,2025-05-08,2025-09-08,0.9653600894090908,0.024393058077756137,0.008245926490634567,0.989753147486847,0.9979990739774814,1,3,0.8120558049910035,0.009969071396759968
USDBRL,88,4m,69,156,2025-05-09,2025-09-09,0.966562445328675,0.02317641834847882,0.008251089618283981,0.9897388636771538,0.9979899532954377,1,3,0.8052354356410443,0.011371613353908858
USDBRL,88,4m,70,157,2025-05-12,2025-09-10,0.9671298076750219,0.022415394091864244,0.008430969972599409,0.9895452017668861,0.9979761717394855,1,3,0.7978313097267553,0.012632902966662349
USDBRL,88,4m,71,158,2025-05-13,2025-09-11,0.9676323369705461,0.02166814788620733,0.008657495440776295,0.9893004848567534,0.9979579802975297,1,3,0.7892253491780039,0.013909978881183567
USDBRL,88,4m,72,159,2025-05-14,2025-09-12,0.9678875948364877,0.02122499472609742,0.008836875780806042,0.9891125895625851,0.9979494653433911,1,3,0.7761803166214112,0.018316371840660484
USDBRL,88,4m,73,160,2025-05-15,2025-09-15,0.9681450821105646,0.020850899218554583,0.008952690587357086,0.9889959813291191,0.9979486719164763,1,3,0.7637918629727024,0.01863161296624239
USDBRL,88,4m,74,161,2025-05-16,2025-09-16,0.9686340149524586,0.02037561743883656,0.008954578818865452,0.9890096323912951,0.9979642112101607,1,3,0.7528589086919981,0.018251507381422245
USDBRL,88,4m,75,162,2025-05-19,2025-09-17,0.9692041015584848,0.019867905417643338,0.0089249038351544175,0.9890720069761282,0.9979969108112825,1,3,0.7456680228252522,0.016473102539002495
USDBRL,88,4m,76,163,2025-05-20,2025-09-18,0.9698778068304781,0.019259522059311248,0.008896030101614811,0.9891373288897893,0.9980333589914041,1,3,0.7389714936239506,0.01912026880676513
USDBRL,88,4m,77,164,2025-05-21,2025-09-19,0.9700456750959662,0.01909898576831049,0.00893152687291738,0.9891446608642767,0.9980761877371941,1,3,0.731978491037262,0.018167423552109697
USDBRL,88,4m,78,165,2025-05-22,2025-09-22,0.9703090726572691,0.01880897998904849,0.008996231593994871,0.9891180526463176,0.9981142842403125,1,3,0.7307053878869234,0.0125373163190067
USDBRL,88,4m,79,166,2025-05-23,2025-09-23,0.9705657783560746,0.018583371903803186,0.009025256729743523,0.9891491502598778,0.9981744069896213,1,3,0.7324780153000525,0.018357491067325857
USDBRL,88,4m,80,167,2025-05-26,2025-09-24,0.9708246152676382,0.01853293079729899,0.008957006747623555,0.9893575460649372,0.9983145528125608,1,3,0.7420588680756567,0.023128996638290666
USDBRL,88,4m,81,168,2025-05-27,2025-09-25,0.9714276217134385,0.018285615172213453,0.008774774455464665,0.989713236885652,0.9984880113411166,1,3,0.7547617485364746,0.031763112706023625
USDBRL,88,4m,82,169,2025-05-28,2025-09-26,0.9716807788342858,0.01814529343752103,0.008753407578985153,0.9898260722718069,0.998579479850792,1,3,0.7605825848445508,0.016065505046667438
USDBRL,88,4m,83,170,2025-05-29,2025-09-29,0.9717176801212855,0.018172590417356103,0.008781960606149304,0.9898902705386415,0.9986722311447909,1,3,0.765267885002817,0.014398036239401519
USDBRL,88,4m,84,171,2025-05-30,2025-09-30,0.9707820468686452,0.018939343636024068,0.008984199552015548,0.9897213905046693,0.9987055900566848,1,3,0.7667767425366996,0.009386156892962454
USDBRL,88,4m,85,172,2025-06-02,2025-10-01,0.9705794668262441,0.019287130207278902,0.008922704266645388,0.989866597033523,0.9987893013001684,1,3,0.7713792103671383,0.01807374604956359
USDBRL,88,4m,86,173,2025-06-03,2025-10-02,0.9702953617501942,0.019650286282564773,0.008880088546426296,0.989945648032759,0.9988257365791853,1,3,0.7736119608437151,0.015944439079324323
USDBRL,88,4m,87,174,2025-06-04,2025-10-03,0.970025664204649,0.020048080055622867,0.00875486534960252,0.9900737442602718,0.9988286096098744,1,2,0.7770743678569305,0.023131255448823045
USDBRL,88,4m,88,175,2025-06-05,2025-10-06,0.9697117954484552,0.02053651345110007,0.008587419326381802,0.9902483088995553,0.998835728225937,1,2,0.7828087055144901,0.025612706058940535
USDBRL,88,4m,89,176,2025-06-06,2025-10-07,0.9693229090966495,0.021096821573054373,0.008405509152445874,0.9904197306697039,0.9988252398221498,1,2,0.7890797504231738,0.02289779257669344
USDBRL,88,4m,90,177,2025-06-09,2025-10-08,0.9691179610618966,0.021388941567432578,0.008336751376489392,0.9905069026293292,0.9988436540058186,1,2,0.7941601815851093,0.019267573358265004
USDBRL,88,4m,91,178,2025-06-10,2025-10-09,0.9688572020279195,0.021625497975781005,0.008398462707709999,0.9904827000037004,0.9988811627114105,1,2,0.8030593492663091,0.023930510935727234
USDBRL,88,4m,92,179,2025-06-11,2025-10-10,0.9690976010213165,0.021783375693046145,0.00807813862570879,0.9908809767143626,0.9989591153400714,1,2,0.8133670000873549,0.018743861285035256
USDBRL,88,4m,93,180,2025-06-12,2025-10-13,0.9684661519347153,0.022375129988796514,0.008179671753290648,0.9908412819235118,0.9990209536768024,1,2,0.8191058276079102,0.018712372628850244
USDBRL,88,4m,94,181,2025-06-13,2025-10-14,0.968564358516354,0.022466937761646287,0.008042757767565705,0.9910312962780004,0.999074054045566,1,2,0.8240125732915893,0.01105276035053976
USDBRL,88,4m,95,182,2025-06-16,2025-10-15,0.9684125203795158,0.022678143059377667,0.008018787389019387,0.9910906634388934,0.9991094508279128,1,2,0.8301597760767695,0.011618905666139396
USDBRL,88,4m,96,183,2025-06-17,2025-10-16,0.9664911463816737,0.024023868187610785,0.008518024415095669,0.9905150145692845,0.9990330389843801,1,2,0.8328233646947492,0.005203436881018831
USDBRL,88,4m,97,184,2025-06-18,2025-10-17,0.9655727822835732,0.024704775888195883,0.008709763396394598,0.9902775581717691,0.9989873215681637,1,2,0.8359065448942236,0.005459871410468315
USDBRL,88,4m,98,185,2025-06-19,2025-10-20,0.9635483888571637,0.026253484902259656,0.009095958474247235,0.9898018737594233,0.9988978322336706,1,3,0.8399089569079191,0.006836065115821122
USDBRL,88,4m,99,186,2025-06-20,2025-10-21,0.9624206370390634,0.0272015428744361,0.00920104007750909,0.9896221799134995,0.9988232199910086,1,3,0.8424175071245664,0.007945146749526254
USDBRL,88,4m,100,187,2025-06-23,2025-10-22,0.961252025724382,0.0280256566525506,0.009457116004576412,0.9892776823769326,0.9987347983815089,1,3,0.8418389723045971,0.0050059356005444505
USDBRL,88,4m,101,188,2025-06-24,2025-10-23,0.9600955659880904,0.02883695877944007,0.009703117997814386,0.9889325247675305,0.9986356427653449,1,3,0.8420205675240925,0.005487606250337864
USDBRL,88,4m,102,189,2025-06-25,2025-10-24,0.9590430466223101,0.029450777756195055,0.010011848920988504,0.9884938243785052,0.9985056732994937,1,3,0.8383744760257827,0.006479474355712482
USDBRL,88,4m,103,190,2025-06-26,2025-10-27,0.9592192254277573,0.028970026297128387,0.010202089137742117,0.9881892517248857,0.9983913408626278,1,3,0.839061405345942,0.010429677863000792
USDBRL,88,4m,104,191,2025-06-27,2025-10-28,0.9608124492186555,0.027116231599770075,0.010330692815267972,0.9879286808184256,0.9982593736336935,1,3,0.8425023749851864,0.01672417941850806
USDBRL,88,4m,105,192,2025-06-30,2025-10-29,0.9619501987539144,0.025728784501398906,0.010444642830496419,0.9876789832553133,0.9981236260858097,1,3,0.8373777316402475,0.017017105719203136
USDBRL,88,4m,106,193,2025-07-01,2025-10-30,0.9633355917956927,0.023868601054161047,0.010745334023235511,0.9872041928498537,0.9979495268730892,1,3,0.8306711343744104,0.019454995829743034
USDBRL,88,4m,107,194,2025-07-02,2025-10-31,0.9647385022854489,0.021861983871167577,0.011163105415510808,0.9866004861566164,0.9977635915721272,1,3,0.8227404481932926,0.025820128677555083
USDBRL,88,4m,108,195,2025-07-03,2025-11-03,0.9653558812183833,0.020611459510459573,0.011580064884897455,0.985967340728843,0.9975474056137403,1,3,0.8136681202362744,0.021309043216741156
USDBRL,88,4m,109,196,2025-07-04,2025-11-04,0.965594328200276,0.019804134111615673,0.011970738093395382,0.9853984623118917,0.9973692004052871,1,3,0.794876302310593,0.04748890752260292
USDBRL,88,4m,110,197,2025-07-07,2025-11-05,0.9656143232739174,0.0193445388088003,0.012239205370078058,0.9849588620827177,0.9971980674527957,1,3,0.7724274970167372,0.04590150227052596
USDBRL,88,4m,111,198,2025-07-08,2025-11-06,0.9669126742734204,0.01812993642739286,0.012050291538528662,0.9850426107008133,0.997092902239342,1,3,0.7547010489848678,0.0581467443218792
USDBRL,88,4m,112,199,2025-07-09,2025-11-07,0.9687544666021808,0.016474868435755147,0.011789226766068462,0.985229335037936,0.9970185618040044,1,3,0.7365700216099889,0.0579990917033448
USDBRL,88,4m,113,200,2025-07-10,2025-11-10,0.9693781655848248,0.016197885000618646,0.011320833113062612,0.9855760505854435,0.996896883698506,1,3,0.7342795220806285,0.031096830070762135
USDBRL,88,4m,114,201,2025-07-11,2025-11-11,0.9662025943746546,0.01949194947963607,0.011023655809446002,0.9856945438542907,0.9967181996637366,1,3,0.7390724128727854,0.045554887838090814
USDBRL,88,4m,115,202,2025-07-14,2025-11-12,0.9638088451427463,0.022089066211178187,0.010669220112761191,0.9858979113539246,0.9965671314666857,1,3,0.7651316404187375,0.059050713330250255
USDBRL,88,4m,116,203,2025-07-15,2025-11-13,0.9627305444561234,0.024525412723310713,0.009298708453149299,0.9872559571794342,0.9965546656325834,1,3,0.748679558880696,0.04694998676058915
USDBRL,88,4m,117,204,2025-07-16,2025-11-14,0.9608853343144137,0.027217985480208436,0.008444868201465847,0.9881033197946222,0.996548187996088,1,3,0.7531768511248896,0.02409347028832859
USDBRL,88,4m,118,205,2025-07-17,2025-11-17,0.9622150186387803,0.026701961871759442,0.007509331895268714,0.9889169805105398,0.9964263124058085,1,3,0.7293633373039109,0.04600876570227422
USDBRL,88,4m,119,206,2025-07-18,2025-11-18,0.9635566106436315,0.02626629763141633,0.006595027106269746,0.9898229082750478,0.9964179353813176,1,3,0.7229547384482256,0.0301112295282132
USDBRL,88,4m,120,207,2025-07-21,2025-11-19,0.964620682356597,0.025744665206068402,0.005987848894752989,0.9903653475626655,0.9963531964574184,1,2,0.8016472525385744,0.13010493136633988
USDBRL,88,4m,121,208,2025-07-22,2025-11-20,0.9659890454557639,0.025462794940256363,0.004922017306774774,0.9914518403960203,0.9963738577027951,1,2,0.9140519812089628,0.1856925299260634
USDBRL,88,4m,122,209,2025-07-23,2025-11-21,0.968516936741362,0.02491817105879996,0.0034576388517270095,0.993435107800162,0.996892746651889,1,2,0.969030791248385,0.12691059124172727
USDBRL,88,4m,123,210,2025-07-24,2025-11-24,0.9684108360111027,0.02557882778063375,0.00294801965867156,0.9939896637917365,0.996937683450408,1,2,1.2530634318606981,0.5475694215824111
USDBRL,88,4m,124,211,2025-07-25,2025-11-25,0.9687529373137546,0.025539069315041452,0.0028379862650252446,0.994292006628796,0.9971299928938212,1,2,1.41948739482504,0.7181392386443588
USDBRL,88,4m,125,212,2025-07-28,2025-11-26,0.9680062588511137,0.026441333001882325,0.0029252408594633147,0.994447591852996,0.9973728327124594,1,2,1.4203260829093871,0.04531262780209205
USDBRL,88,4m,126,213,2025-07-29,2025-11-27,0.9671193290133002,0.027594118496321048,0.0029649308287279983,0.9947134475096213,0.9976783783383493,1,2,1.419119015925056,0.08175342033546977
USDBRL,88,4m,127,214,2025-07-30,2025-11-28,0.9667055344256185,0.028265682574976612,0.0030074079737910527,0.9949712170005951,0.9979786249743862,1,2,1.4196889432250628,0.015564986318419537
USDBRL,88,4m,128,215,2025-07-31,2025-12-01,0.9667666385715279,0.028493335651073256,0.0030092156942411303,0.9952599742226012,0.9982691899168423,1,2,1.419533883180697,0.01312646648561393
USDBRL,88,4m,129,216,2025-08-01,2025-12-02,0.9682661544653504,0.027208832553579903,0.00291772848835056,0.9954749870189302,0.9983927155072808,1,2,1.4211773189215606,0.03286630738221406
USDBRL,88,4m,130,217,2025-08-04,2025-12-03,0.9686110125055019,0.027085815481900706,0.0028981235478975124,0.9956968279874026,0.9985949515353001,1,2,1.4209608298151077,0.012598588618221787
USDBRL,88,4m,131,218,2025-08-05,2025-12-04,0.9692296225292537,0.026462338236414508,0.0029191611425199602,0.9956919607656682,0.9986111219081881,1,2,1.420914535292941,0.03590702811930032
USDBRL,88,4m,132,219,2025-08-06,2025-12-05,0.978982000756743,0.018147064758658134,0.0019180726586625462,0.9971290655154011,0.9990471381740637,1,2,1.4152429342301778,0.140054870699205
USDBRL,88,4m,133,220,2025-08-07,2025-12-08,0.9814118725624161,0.016089674763480673,0.0016463366681720836,0.9975015473258968,0.9991478839940688,1,2,1.415036591674356,0.022110958523484728
USDBRL,88,4m,134,221,2025-08-08,2025-12-09,0.9836653115971769,0.014120140668111895,0.00147492018125652,0.9977854522652887,0.9992603724465453,1,2,1.4137973946338744,0.01867888679500967
USDBRL,88,4m,135,222,2025-08-11,2025-12-10,0.984433338115643,0.01345523636678257,0.0014259289355823075,0.9978885744824256,0.9993145034180079,1,2,1.4191915220904512,0.07987014361489124
USDBRL,88,4m,136,223,2025-08-12,2025-12-11,0.9846169353864184,0.013331579077840414,0.0013877094927574388,0.9979485144642588,0.9993362239570163,1,2,1.419749283592392,0.015517159305254049
USDBRL,88,4m,137,224,2025-08-13,2025-12-12,0.9846371606553038,0.013341288999200415,0.001369948411869889,0.9979784496545042,0.9993483980663741,1,2,1.4201717128324867,0.009746927697129662
USDBRL,88,4m,138,225,2025-08-14,2025-12-15,0.9844022726396627,0.013577559094736328,0.0013649983223986723,0.9979798317343991,0.9993448300567978,1,2,1.4207276324275613,0.013903532820374665
USDBRL,88,4m,139,226,2025-08-15,2025-12-16,0.9846287877613985,0.013368542256886584,0.0013464782994903007,0.9979973300182851,0.9993438083177754,1,2,1.4200298807497647,0.01654772708996094
USDBRL,88,4m,140,227,2025-08-18,2025-12-17,0.9849932529677092,0.013028353848841406,0.0012921369688739528,0.9980216068165506,0.9993137437854246,1,2,1.4194902136323084,0.013284672884977354
USDBRL,88,4m,141,228,2025-08-19,2025-12-18,0.984281731572895,0.01360151008206212,0.0013293630688882554,0.9978832416549571,0.9992126047238454,1,2,1.4109810161705822,0.09594770439571566
USDBRL,88,4m,142,229,2025-08-20,2025-12-19,0.9842536005964236,0.013413404780065542,0.0014395336806107177,0.9976670053764892,0.9991065390570999,1,2,1.3678072177947265,0.22759278567011304
USDBRL,88,4m,143,230,2025-08-21,2025-12-22,0.9844020694972412,0.012874876231171622,0.001757001553051197,0.9972769457284129,0.999033947281464,1,2,1.2788838844391055,0.2708130442562377
USDBRL,88,4m,144,231,2025-08-22,2025-12-23,0.9843992312362272,0.012574404027038041,0.0020139398073594043,0.9969736352632652,0.9989875750706246,1,2,1.2097737099118933,0.15837348960298295
USDBRL,88,4m,145,232,2025-08-25,2025-12-24,0.9846374769831234,0.012074454935524764,0.002242703713236473,0.9967119319186482,0.9989546356318847,1,2,1.1742914628541552,0.08482388795369754
USDBRL,88,4m,146,233,2025-08-26,2025-12-25,0.9843742115244353,0.012062202586677768,0.0024846108403127074,0.9964364141111131,0.9989210249514258,1,2,1.1536857803716616,0.06252042243487727
USDBRL,88,4m,147,234,2025-08-27,2025-12-26,0.9838857850796855,0.012306928087676453,0.0027014070659917167,0.9961927131673619,0.9988941202333537,1,2,1.1350080962286708,0.05322859721215971
USDBRL,88,4m,148,235,2025-08-28,2025-12-29,0.9835396892029207,0.012366616411356243,0.002938693264998793,0.995906305614277,0.9988449988792757,1,2,1.092759951518511,0.07571486386712398
USDBRL,88,4m,149,236,2025-08-29,2025-12-30,0.9829754829424556,0.012473410446569345,0.0033678449955693943,0.995448893389025,0.9988167383845944,1,2,1.0471229093418375,0.07411656929550266
USDBRL,88,4m,150,237,2025-09-01,2025-12-31,0.9825659198454585,0.01268522989568074,0.003543162436342123,0.9952511497411393,0.9987943121774814,1,2,1.0187811126741189,0.04961193040877378
USDBRL,88,4m,151,238,2025-09-02,2026-01-01,0.9823741961178835,0.012831607208473927,0.003551305341929878,0.9952058033263573,0.9987571086682873,1,2,0.9917586573775339,0.044589989483603126
USDBRL,88,4m,152,239,2025-09-03,2026-01-02,0.9824076409041549,0.012812801083993405,0.003538852994695501,0.9952204419881483,0.9987592949828438,1,2,0.9694458303622255,0.03656316524732932
USDBRL,88,4m,153,240,2025-09-04,2026-01-05,0.9821925946043304,0.01310397030804679,0.003464867871726184,0.9952965649123772,0.9987614327841033,1,2,0.952162890774512,0.035714577628339926
USDBRL,88,4m,154,241,2025-09-05,2026-01-06,0.9824902525049997,0.012872663731118245,0.003432940073071871,0.995362916236118,0.9987958563091898,1,2,0.9454221279769673,0.020088002624214184
USDBRL,88,4m,155,242,2025-09-08,2026-01-07,0.982112800162424,0.013264787220323667,0.0034453692476573957,0.9953775873827476,0.998822956630405,1,2,0.9450357809694478,0.020773687830745728
USDBRL,88,4m,156,243,2025-09-09,2026-01-08,0.9817982912355918,0.013596400798247673,0.00345205721470143,0.9953946920338395,0.9988467492485409,1,2,0.9437270889813689,0.01771646420290096
USDBRL,88,4m,157,244,2025-09-10,2026-01-09,0.9813073936254,0.01407378788750307,0.0034718148802888446,0.995381181512903,0.9988529963931919,1,2,0.9394759805116906,0.010684760167740408
USDBRL,88,4m,158,245,2025-09-11,2026-01-12,0.9807780292848689,0.014525238638217374,0.0035321494655236162,0.9953032679230863,0.9988354173886099,1,2,0.935875529123722,0.009688349566111545
USDBRL,88,4m,159,246,2025-09-12,2026-01-13,0.9802656157811611,0.014990080736552214,0.0035723791961412648,0.9952556965177133,0.9988280757138546,1,2,0.9289901533368202,0.012945463822445616
USDBRL,88,4m,160,247,2025-09-15,2026-01-14,0.9799239129927714,0.015314046945635963,0.0035926658641422704,0.9952379599384074,0.9988306258025496,1,2,0.916524401106575,0.02131749888655654
USDBRL,88,4m,161,248,2025-09-16,2026-01-15,0.9796378662697309,0.015569865802990709,0.003630481061594021,0.9952077320727216,0.9988382131343156,1,2,0.8997573716891372,0.028210501573319998
USDBRL,88,4m,162,249,2025-09-17,2026-01-16,0.9793899635167808,0.01581261972904244,0.0036628710320537644,0.9952025832458232,0.998865454277877,1,2,0.884941031038184,0.02459996427516036
USDBRL,88,4m,163,250,2025-09-18,2026-01-19,0.9792334012063917,0.015970429604812233,0.0036883713888562195,0.9952038308112039,0.9988922022000601,1,2,0.8697787404581999,0.02459920067737493
USDBRL,88,4m,164,251,2025-09-19,2026-01-20,0.9789859203439513,0.01618609258700125,0.0037277632604830408,0.9951720129309525,0.9988997761914356,1,2,0.8448273410869465,0.045176097218875624
USDBRL,88,4m,165,252,2025-09-22,2026-01-21,0.9788927491786423,0.01625951863141906,0.0037810299848244416,0.9951522678100614,0.9989332977948858,1,2,0.835108279740405,0.01671613011582273
USDBRL,88,4m,166,253,2025-09-23,2026-01-22,0.9779269000080385,0.0172269376488773,0.0038190064187715433,0.9951538376569158,0.9989728440756873,1,2,0.8323475962279948,0.010876836102879048
USDBRL,88,4m,167,254,2025-09-24,2026-01-23,0.9767631677676507,0.0184263945553703,0.003811997066288637,0.995189562323021,0.9990015593893097,1,2,0.8334837528588799,0.014526415822846837
USDBRL,88,4m,168,255,2025-09-25,2026-01-26,0.9764861494523127,0.018954166598265387,0.003627447929739448,0.9954403160505781,0.9990677639803176,1,2,0.8320949040436605,0.014724378070424173
USDBRL,88,4m,169,256,2025-09-26,2026-01-27,0.9774828646820026,0.018426825701632978,0.003236079903893061,0.9959096903836356,0.9991457702875287,1,2,0.8259459357932356,0.02298493407345217
USDBRL,88,4m,170,257,2025-09-29,2026-01-28,0.9781220496255164,0.018086222976965247,0.0029895408080545744,0.9962082726024817,0.9991978134105363,1,2,0.8166181190113262,0.02094288325527545
USDBRL,88,4m,171,258,2025-09-30,2026-01-29,0.9792349102682784,0.017273874290975485,0.002752480785120405,0.9965087845592538,0.9992612653443742,1,2,0.8064577986975318,0.016879721406543934
USDBRL,88,4m,172,259,2025-10-01,2026-01-30,0.9802706371190016,0.016500676046043033,0.0025460667001653958,0.9967713131650446,0.9993173798652101,1,2,0.7932485897399854,0.018433605516370542
USDBRL,88,4m,173,260,2025-10-02,2026-02-02,0.9800139158173689,0.016802053425037367,0.0025110664872875052,0.9968159692424062,0.9993270357296937,1,2,0.7795057730311988,0.019624503259903413
USDBRL,88,4m,174,261,2025-10-03,2026-02-03,0.9794604294851653,0.017379960898848728,0.002497123467119187,0.9968403903840141,0.9993375138511332,1,2,0.7711198273903075,0.014160157914314539
USDBRL,88,4m,175,262,2025-10-06,2026-02-04,0.9797308234462414,0.01717056144653918,0.002449291272006654,0.9969013848927806,0.9993506761647872,1,2,0.7665291579971493,0.011668429889991672
USDBRL,88,4m,176,263,2025-10-07,2026-02-05,0.9795862065387938,0.01738341688085889,0.002395917884882463,0.9969696234196527,0.9993655413045351,1,2,0.7571974429784721,0.013388085443841456
USDBRL,88,4m,177,264,2025-10-08,2026-02-06,0.9797121813074352,0.01732044933816565,0.002352552655869711,0.9970326306456009,0.9993851833014705,1,2,0.7475953877605012,0.0145994096614103
USDBRL,88,4m,178,265,2025-10-09,2026-02-09,0.9795597770173406,0.017475350245650317,0.0023481993479371405,0.9970351272629909,0.9993833266109281,1,2,0.7392361092486545,0.0160915622617817
USDBRL,88,4m,179,266,2025-10-10,2026-02-10,0.9793271347798476,0.017659520895142413,0.0023773104212113324,0.99698665567499,0.9993639660962013,1,2,0.7385784303921461,0.016193651071976966
USDBRL,88,4m,180,267,2025-10-13,2026-02-11,0.9800561325309926,0.01691481150434906,0.0023972977510239857,0.9969709440353416,0.9993682417863656,1,2,0.743982114665519,0.01563855901691799
USDBRL,88,4m,181,268,2025-10-14,2026-02-12,0.9808134869286517,0.01616896596585268,0.002391539875552143,0.9969824528945044,0.9993739927700565,1,2,0.7387427037448928,0.01799927824782422
USDBRL,88,4m,182,269,2025-10-15,2026-02-13,0.981500577836624,0.015477275420999604,0.002401317626617361,0.9969778532576237,0.999379170884241,1,2,0.7415322858605965,0.016836234080350176
USDBRL,88,4m,183,270,2025-10-16,2026-02-16,0.9817130500973201,0.015236629091331567,0.0024217815146887786,0.9969496791886517,0.9993714607033405,1,2,0.744674324202674,0.012478524212976834
USDBRL,88,4m,184,271,2025-10-17,2026-02-17,0.9819852077221256,0.01495807462081096,0.0024279167446854197,0.9969432823429366,0.999371199087622,1,2,0.7503961726618523,0.011563096572814794
USDBRL,88,4m,185,272,2025-10-20,2026-02-18,0.9821213301180896,0.014848105213277838,0.0024137980341200995,0.9969694353313674,0.9993832333654875,1,2,0.7491885881451648,0.010517604855880092
USDBRL,88,4m,186,273,2025-10-21,2026-02-19,0.982159974074339,0.014800463884242401,0.0024227969843134143,0.9969604379585814,0.9993832349428948,1,2,0.7519399229536899,0.007542135770468958
USDBRL,88,4m,187,274,2025-10-22,2026-02-20,0.9819654990019084,0.014941026965366266,0.0024674180048676613,0.9969065259672747,0.9993739439721424,1,2,0.7597658436459558,0.01445961168116499
USDBRL,88,4m,188,275,2025-10-23,2026-02-23,0.9812862837248533,0.015585289776594083,0.002493148585590585,0.9968715735014474,0.999364722087038,1,2,0.7533521783575465,0.012901774139422029
USDBRL,88,4m,189,276,2025-10-24,2026-02-24,0.980429948777137,0.01638140216472638,0.0025414371973668994,0.99681135094186335,0.9993527881392302,1,2,0.7486889488575943,0.010914729991716084
USDBRL,88,4m,190,277,2025-10-27,2026-02-25,0.9797097298382076,0.01705750473559084,0.0025703452320624404,0.9967672345737985,0.9993375798058609,1,2,0.7458757475228366,0.009215027266067136
USDBRL,88,4m,191,278,2025-10-28,2026-02-26,0.9788186221777105,0.017888242501286174,0.002613295413092014,0.9967068646789967,0.9993201600920887,1,2,0.7438487078818926,0.007528615501726054
USDBRL,88,4m,192,279,2025-10-29,2026-02-27,0.9778266654005288,0.01880152128823562,0.0026704115289091206,0.9966281866887644,0.9992985982176735,1,2,0.7418831497724016,0.0060046205160547905
USDBRL,88,4m,193,280,2025-10-30,2026-03-02,0.97768040761488,0.018953850258996055,0.0026425434628432184,0.996634257873876,0.9992768013367193,1,2,0.7342580300616707,0.011258506926561962
USDBRL,88,4m,194,281,2025-10-31,2026-03-03,0.9784081992341866,0.018331848030324845,0.002511079884668925,0.9967400472645115,0.9992511271491804,1,2,0.7220893437746402,0.018224757111063594
USDBRL,88,4m,195,282,2025-11-03,2026-03-04,0.9784263249590381,0.018280187718026374,0.002481116582285772,0.9967065126770646,0.9991876292593503,1,2,0.7220628906263394,0.006600586504920069
USDBRL,88,4m,196,283,2025-11-04,2026-03-05,0.9788933127795358,0.017861646188182787,0.002392983382427172,0.9967549589677186,0.9991479423501458,1,2,0.7049940522602102,0.02327217215764164
USDBRL,88,4m,197,284,2025-11-05,2026-03-06,0.9797561742685184,0.017074553560990767,0.0023058753219096966,0.9968307278295091,0.9991366031514188,1,2,0.6726021164764797,0.0496796811088328
USDBRL,88,4m,198,285,2025-11-06,2026-03-09,0.9797271821265968,0.01712781000884842,0.0022563184149000074,0.9968549921354453,0.9991113105503453,1,2,0.6407365207732463,0.05142473466095304
USDBRL,88,4m,199,286,2025-11-07,2026-03-10,0.9792725814418506,0.017541816337000346,0.0022480809090469965,0.996814397778851,0.9990624786878979,1,2,0.6268284435753902,0.026260772116294483
USDBRL,88,4m,200,287,2025-11-10,2026-03-11,0.978707114437374,0.018059267037396135,0.0022490203229399205,0.9967663814747701,0.9990154017977101,1,2,0.6004456096568803,0.042599629853234
USDBRL,88,4m,201,288,2025-11-11,2026-03-12,0.9792318436931312,0.01756420273461534,0.002261176408830396,0.9967960464277466,0.9990572228365769,1,2,0.5778910856604664,0.0531798490491459
USDBRL,88,4m,202,289,2025-11-12,2026-03-13,0.980448651552656,0.016465985481425145,0.0022027040580013067,0.9969146370340812,0.9991173410920825,1,2,0.5625390266391345,0.03734104915532724
USDBRL,88,4m,203,290,2025-11-13,2026-03-16,0.9806147112925047,0.016259268279695063,0.0022352058180041515,0.9968739795721997,0.9991091853902039,1,2,0.5455095587257677,0.03699890295795823
USDBRL,88,4m,204,291,2025-11-14,2026-03-17,0.9805673306265983,0.01622365716305505,0.002303395610164062,0.9967909877896534,0.9990943833998174,1,2,0.5313421949664474,0.03183917585704604
USDBRL,88,4m,205,292,2025-11-17,2026-03-18,0.9805467163099816,0.016200101549256194,0.0023431796429186293,0.9967468178592378,0.9990899975021564,1,2,0.5187165559915711,0.024775126104050246
USDBRL,88,4m,206,293,2025-11-18,2026-03-19,0.9802177762901868,0.016335834830027814,0.00254102859265885,0.9965536111202146,0.9990946397128735,1,2,0.5187177962956966,0.029030845476099486
USDBRL,88,4m,207,294,2025-11-19,2026-03-20,0.9805985367891319,0.015757108488889008,0.0027673222749568216,0.9963556452780209,0.9991229675529777,1,2,0.5300800002748063,0.019916212447816595
USDBRL,88,4m,208,295,2025-11-20,2026-03-23,0.9804943831791618,0.01563287225138014,0.0029989075449273947,0.9961272554305419,0.9991261629754694,1,2,0.5279367038505213,0.02225532597801113
USDBRL,88,4m,209,296,2025-11-21,2026-03-24,0.980224981935018,0.015617213961055375,0.003279782344968165,0.9958421958960734,0.9991219782410415,1,2,0.5308597377127355,0.017345742258868063
USDBRL,88,4m,210,297,2025-11-24,2026-03-25,0.9796352155950957,0.016016819513821178,0.003477177271089347,0.9956520351089169,0.9991292123800062,1,2,0.5304356780776633,0.01676795522971482
USDBRL,88,4m,211,298,2025-11-25,2026-03-26,0.9788039688610849,0.016635332592107727,0.00368156801859549,0.9954393014531926,0.9991208694717881,1,2,0.5342878047215213,0.011491043826427115
USDBRL,88,4m,212,299,2025-11-26,2026-03-27,0.9776226870998945,0.017517757027797707,0.003963387316679293,0.9951404441276922,0.9991038314443715,1,2,0.5401371448711052,0.01523639664176406
USDBRL,110,5m,1,110,2025-02-04,2025-07-07,0.9792941893310587,0.017188314515514384,0.0023804071015779893,0.9964825038465731,0.998862910948151,1,2,0.6294097290186902,NA
USDBRL,110,5m,2,111,2025-02-05,2025-07-08,0.9781636907051753,0.01835606456959913,0.0024270195574692824,0.9965197552747744,0.9989467748322437,1,2,0.6339777995292378,0.015791425653436105
USDBRL,110,5m,3,112,2025-02-06,2025-07-09,0.977276706143615,0.019183238429951004,0.0024582306118564223,0.9964599445735659,0.9989181751854224,1,2,0.645706461578762,0.018362804750431533
USDBRL,110,5m,4,113,2025-02-07,2025-07-10,0.9767584244241865,0.019617593581046366,0.0024975749117200374,0.9963760180052328,0.9988735929169529,1,2,0.6763935850460875,0.04748527452461055
USDBRL,110,5m,5,114,2025-02-10,2025-07-11,0.9768003857473578,0.01943191238171101,0.002507310538298194,0.9962322981290689,0.998739608667367,1,2,0.7147684311720331,0.05920851757185661
USDBRL,110,5m,6,115,2025-02-11,2025-07-14,0.9765131773713236,0.019679668370831568,0.002600533255879808,0.9961928457421552,0.998793378998035,1,2,0.7449535949088499,0.05421496445053328
USDBRL,110,5m,7,116,2025-02-12,2025-07-15,0.9763613092922789,0.01976816831319107,0.0026262734821823185,0.99612947760547,0.9987557510876524,1,2,0.7636325668384695,0.02925316658504756
USDBRL,110,5m,8,117,2025-02-13,2025-07-16,0.9762703487802179,0.019838949981126366,0.0026435728037627984,0.9961092987613442,0.9987528715651071,1,2,0.7811600634036671,0.027662920709891972
USDBRL,110,5m,9,118,2025-02-14,2025-07-17,0.9762416855334611,0.019850235003934465,0.0026492765181547174,0.9960919205373956,0.9987411970555503,1,2,0.7957588016906569,0.02224231601144412
USDBRL,110,5m,10,119,2025-02-17,2025-07-18,0.9764497690483058,0.019604332448530673,0.0025949855513489046,0.9960541014968365,0.9986490870481854,1,2,0.8184692149743402,0.03268844103412838
USDBRL,110,5m,11,120,2025-02-18,2025-07-21,0.9765319428203896,0.019524533361940818,0.002570363462158927,0.9960564761823304,0.9986268396444893,1,2,0.8355071243238607,0.023076954632975714
USDBRL,110,5m,12,121,2025-02-19,2025-07-22,0.9764220212726971,0.019674561792602734,0.002527245794830758,0.9960965830652998,0.9986238288601306,1,2,0.8351101907931925,0.02003519567154227
USDBRL,110,5m,13,122,2025-02-20,2025-07-23,0.9764810658716606,0.01965592885446917,0.0024656550902420987,0.9961369947261298,0.9986026498163719,1,2,0.8262120742133602,0.024209234409855725
USDBRL,110,5m,14,123,2025-02-21,2025-07-24,0.9761852706207866,0.02001258055042683,0.0024019492421747278,0.9961978511712135,0.99859980041338825,1,2,0.8093144718174687,0.03781401585901699
USDBRL,110,5m,15,124,2025-02-24,2025-07-25,0.9761878214061196,0.020089927885127534,0.0023233166502852854,0.9962777492912471,0.9986010659415324,1,2,0.8055062374441296,0.0205151865382688
USDBRL,110,5m,16,125,2025-02-25,2025-07-28,0.9765971594600925,0.019764497505352734,0.0022483025581209264,0.9963616569654452,0.9986099595235661,1,2,0.812663282140048,0.012304120250853999
USDBRL,110,5m,17,126,2025-02-26,2025-07-29,0.97700785601829,0.019390114984461037,0.0022243649958072305,0.9963979710027511,0.9986223359985582,1,2,0.8133613173669734,0.009773469671031263
USDBRL,110,5m,18,127,2025-02-27,2025-07-30,0.9774201527447502,0.019001494453749317,0.0022101955853528507,0.9964216471984996,0.9986318427838524,1,2,0.8099465780443047,0.014494107554264491
USDBRL,110,5m,19,128,2025-02-28,2025-07-31,0.9771904112073142,0.019187404816694027,0.002256339434136667,0.9963778160240082,0.9986341554581449,1,2,0.8135537245025455,0.019872505620794286
USDBRL,110,5m,20,129,2025-03-03,2025-08-01,0.9772736143608215,0.01904284128227957,0.0022794691671469704,0.9963164556431011,0.9985959248102481,1,2,0.7857756180213014,0.046066067489031186
USDBRL,110,5m,21,130,2025-03-04,2025-08-04,0.9770597451828394,0.019130261580655512,0.00236572126351214,0.996190006763495,0.9985557280270071,1,2,0.7412542158706077,0.06581831802023988
USDBRL,110,5m,22,131,2025-03-05,2025-08-05,0.9769120348504988,0.019113090482892687,0.0024956254549906073,0.9960251253333915,0.9985207507883821,1,2,0.6935539240455509,0.07254360768641337
USDBRL,110,5m,23,132,2025-03-06,2025-08-06,0.9766290746523694,0.019136331856539818,0.0027309635977486937,0.9957654065089092,0.9984963701066579,1,2,0.654426900734781,0.06121373713196759
USDBRL,110,5m,24,133,2025-03-07,2025-08-07,0.9763330171700901,0.019207059160278605,0.002929465374315403,0.9955400763303688,0.9984695417046842,1,2,0.6259706047110495,0.04920065701650418
USDBRL,110,5m,25,134,2025-03-10,2025-08-08,0.9762064567104921,0.01911781796884778,0.0031331341868217006,0.9953242746793399,0.9984574088661616,1,2,0.6231629359651468,0.027466244286594974
USDBRL,110,5m,26,135,2025-03-11,2025-08-11,0.9761443602986078,0.018983566918719632,0.0033189713138087355,0.9951279272173275,0.9984468985311362,1,2,0.6208462096218733,0.02447917488372886
USDBRL,110,5m,27,136,2025-03-12,2025-08-12,0.9762178399085428,0.018750372090311204,0.0034757208446978007,0.994968211998854,0.9984439328435518,1,2,0.6217616407027,0.022981633937165298
USDBRL,110,5m,28,137,2025-03-13,2025-08-13,0.9762392513610596,0.01856043578455637,0.0036373317099379823,0.994799687145616,0.9984370188555539,1,2,0.6228274205866773,0.02477701199360287
USDBRL,110,5m,29,138,2025-03-14,2025-08-14,0.9761226640116917,0.018484607926876822,0.003817013120950436,0.9946072719385685,0.998424285059519,1,2,0.623669576743263,0.02092829415627094
USDBRL,110,5m,30,139,2025-03-17,2025-08-15,0.9759748773627496,0.01840723894121652,0.004036225686449272,0.9943821163039661,0.9984183419904153,1,2,0.6242068562273194,0.01497935531314499
USDBRL,110,5m,31,140,2025-03-18,2025-08-18,0.97617095235391,0.018087384918565482,0.004160504909998882,0.9942583372724755,0.9984188421824745,1,2,0.6264688129595883,0.013225703142234965
USDBRL,110,5m,32,141,2025-03-19,2025-08-19,0.9759479361390141,0.018204019652358964,0.004226070425102114,0.994151955791373,0.9983780262164752,1,2,0.6390761544827994,0.0376777796971389
USDBRL,110,5m,33,142,2025-03-20,2025-08-20,0.9757067904354072,0.018328435340489245,0.004320431655896927,0.9940352257758964,0.9983556574317933,1,2,0.6540131967808039,0.038330052829605034
USDBRL,110,5m,34,143,2025-03-21,2025-08-21,0.9755725395103497,0.01834775035155824,0.004428172765916236,0.993920289861908,0.9983484626278242,1,2,0.6651901513734225,0.02523867172476773
USDBRL,110,5m,35,144,2025-03-24,2025-08-22,0.9750543925840568,0.018627900701527728,0.004635479679540077,0.9936822932855846,0.9983177729651246,1,2,0.6849228343694672,0.038738640915836425
USDBRL,110,5m,36,145,2025-03-25,2025-08-25,0.9749769761591118,0.018502709157112655,0.0048268149164554805,0.9934796853162244,0.99830650023268,1,2,0.6962873132033123,0.02043068339833002
USDBRL,110,5m,37,146,2025-03-26,2025-08-26,0.9750972297881889,0.018241019911905628,0.004959066881042567,0.9933382497000945,0.9982973165811371,1,2,0.6896609599919932,0.014782295863291411
USDBRL,110,5m,38,147,2025-03-27,2025-08-27,0.9750458943854211,0.018124598622400376,0.005118499910204749,0.9931704930078215,0.9982889929180262,1,2,0.6927464219624586,0.010517669041989768
USDBRL,110,5m,39,148,2025-03-28,2025-08-28,0.9748897928215476,0.018082792980520228,0.005302406674035026,0.9929725858020678,0.9982749924761029,1,2,0.6968494845276044,0.012074435887422224
USDBRL,110,5m,40,149,2025-03-31,2025-08-29,0.9743761193707718,0.018338307918420248,0.005534699945861528,0.9927144272891921,0.9982491272350537,1,2,0.6841798503054806,0.017879509352871945
USDBRL,110,5m,41,150,2025-04-01,2025-09-01,0.9741911831542756,0.018375116102183963,0.0056906943798470215,0.9925662992564596,0.9982569936363065,1,2,0.674861257768226,0.012362532939960829
USDBRL,110,5m,42,151,2025-04-02,2025-09-02,0.9742483937522225,0.01826140675911403,0.00576813442292851,0.9925098005113365,0.9982779349342651,1,2,0.6734197306835743,0.006008076761367366
USDBRL,110,5m,43,152,2025-04-03,2025-09-03,0.9742585289256463,0.01825669979903651,0.005782523251471385,0.9925152287246829,0.9982977519761542,1,2,0.6749509515041651,0.011100520192362007
USDBRL,110,5m,44,153,2025-04-04,2025-09-04,0.9744322505650805,0.018115287876804283,0.005782688204797657,0.9925475384418848,0.9983302266466825,1,2,0.6723927842241582,0.0073644134015753105
USDBRL,110,5m,45,154,2025-04-07,2025-09-05,0.9737406242709707,0.018418768776156454,0.006108734725353889,0.9921593930471272,0.9982681277724811,1,2,0.6607979940914454,0.014721473928928662
USDBRL,110,5m,46,155,2025-04-08,2025-09-08,0.9715181109002288,0.01996171494295898,0.006710049846311046,0.9914798258431877,0.9981898756894988,1,2,0.6618883326116619,0.008609602279397551
USDBRL,110,5m,47,156,2025-04-09,2025-09-09,0.9694101095950567,0.02147436996436548,0.007185042697065492,0.9908844795594222,0.9980695222564877,1,2,0.6688309109366718,0.01469608561590601
USDBRL,110,5m,48,157,2025-04-10,2025-09-10,0.9659237774248999,0.02398210210071,0.008078284821944118,0.9899058795256099,0.997984164347554,1,3,0.6812479525489591,0.02120308889882815
USDBRL,110,5m,49,158,2025-04-11,2025-09-11,0.9616343863565646,0.026972893459290045,0.00920033776389682,0.9886072798158546,0.9978076175797514,1,3,0.6915373494531258,0.023093448108918477
USDBRL,110,5m,50,159,2025-04-14,2025-09-12,0.9587138845012738,0.02907658296655661,0.009883621078034909,0.9877904674678304,0.9976740885458654,1,3,0.702174114773917,0.023948606194521473
USDBRL,110,5m,51,160,2025-04-15,2025-09-15,0.9588241929921959,0.02899578156698231,0.009927358330558854,0.9878199745591782,0.997747332889737,1,3,0.7051386512928188,0.012294085938599061
USDBRL,110,5m,52,161,2025-04-16,2025-09-16,0.9590467801558593,0.028735005845667926,0.009979695156059258,0.9877817860015272,0.9977614811575864,1,3,0.6991163142257373,0.012417409350899682
USDBRL,110,5m,53,162,2025-04-17,2025-09-17,0.9592905956934129,0.028475926342087933,0.010020028566924518,0.9877665220355009,0.9977865506024254,1,3,0.6959934482447314,0.011407383791330383
USDBRL,110,5m,54,163,2025-04-18,2025-09-18,0.9591939114729597,0.02844066480526273,0.010150351907388987,0.9876345762782225,0.9977849281856115,1,3,0.691633304500739,0.011240806986043426
USDBRL,110,5m,55,164,2025-04-21,2025-09-19,0.9593900823054695,0.028159123614495556,0.01023759937814287,0.9875492059199651,0.9977868052981079,1,3,0.6867316254560614,0.011883748283480378
USDBRL,110,5m,56,165,2025-04-22,2025-09-22,0.9606906119099649,0.02690057541965021,0.010216916977305838,0.987591187329615,0.9978081043069209,1,3,0.686011741949525,0.010740986384392644
USDBRL,110,5m,57,166,2025-04-23,2025-09-23,0.9615016505171895,0.026175667601880812,0.010139314304063415,0.9876773181190703,0.9978166324231337,1,3,0.6867347673969313,0.010528935395371933
USDBRL,110,5m,58,167,2025-04-24,2025-09-24,0.9621593640609565,0.02570867811812646,0.00998622124092495,0.987868042179083,0.9978542634200079,1,3,0.691171775775268,0.014294468668690545
USDBRL,110,5m,59,168,2025-04-25,2025-09-25,0.9628683103143836,0.025099357813748214,0.009893774920712096,0.9879676681281317,0.9978614430488439,1,3,0.6883992553851968,0.00711577826497526
USDBRL,110,5m,60,169,2025-04-28,2025-09-26,0.9634623119420505,0.02451750217302254,0.009899474117209074,0.987979814115073,0.9978792882322821,1,3,0.6871817406680835,0.00784639657832526
USDBRL,110,5m,61,170,2025-04-29,2025-09-29,0.9626982350933608,0.024951110954747308,0.010195388003110345,0.9876493460481082,0.9978447340512184,1,3,0.686117108835609,0.006366565337673824
USDBRL,110,5m,62,171,2025-04-30,2025-09-30,0.9616484057273578,0.02554702221995235,0.01057743045894365,0.9871954279473101,0.9977728584062537,1,3,0.67842881499293906,0.011480295182017949
USDBRL,110,5m,63,172,2025-05-01,2025-10-01,0.9613577888598657,0.02562813251425065,0.010754332212424722,0.9869859213741163,0.9977402535865411,1,3,0.6707194414772453,0.010511812955687129
USDBRL,110,5m,64,173,2025-05-02,2025-10-02,0.9617511542846711,0.025205368436611995,0.010744038979918378,0.9869565227212831,0.9977005617012015,1,3,0.6614286441122899,0.01288640623733977
USDBRL,110,5m,65,174,2025-05-05,2025-10-03,0.9618853482498887,0.02506870874176177,0.010695723553364607,0.9869540569916505,0.9976497805450151,1,3,0.6513253089142951,0.01681246469371663
USDBRL,110,5m,66,175,2025-05-06,2025-10-06,0.9619657390006615,0.025077287522561102,0.010538844525574008,0.9870430265232226,0.9975818710487966,1,3,0.6422902371872685,0.01573775676205625
USDBRL,110,5m,67,176,2025-05-07,2025-10-07,0.9620371718337853,0.025229519444934952,0.010247036177705995,0.9872666912787202,0.9975137274564263,1,3,0.6356624169682801,0.014661094000105747
USDBRL,110,5m,68,177,2025-05-08,2025-10-08,0.9624228404304388,0.025048681347000036,0.009998990959107277,0.9874715217774388,0.9974705127365461,1,3,0.6277249686208668,0.012631729087675816
USDBRL,110,5m,69,178,2025-05-09,2025-10-09,0.9634476522153466,0.024200878730950937,0.009798477430606375,0.9876485309462975,0.9974470083769039,1,3,0.6243404293200007,0.01390336728937841
USDBRL,110,5m,70,179,2025-05-12,2025-10-10,0.9662276755674831,0.022409085932049523,0.00898496295756611,0.9886367614995326,0.9976217244570987,1,3,0.6217469814030689,0.01655416754879718
USDBRL,110,5m,71,180,2025-05-13,2025-10-13,0.9672242464362546,0.021769572282579575,0.008676964142086614,0.9889938187188342,0.9976707828609208,1,3,0.6220968901271621,0.020586569322526414
USDBRL,110,5m,72,181,2025-05-14,2025-10-14,0.9684390877456163,0.020980866795951434,0.008344696141178463,0.9894199545415677,0.9977646506827461,1,3,0.6188345777184243,0.012189167265765032
USDBRL,110,5m,73,182,2025-05-15,2025-10-15,0.9690279236571335,0.020533519282795665,0.00824108183935984,0.9895614429399292,0.997802524779289,1,3,0.6183395133968126,0.0079117133383893
USDBRL,110,5m,74,183,2025-05-16,2025-10-16,0.9698917320315193,0.019887215645842234,0.008079043868468073,0.9897789476773616,0.9978579915458297,1,3,0.6202251549647256,0.011462022253672847
USDBRL,110,5m,75,184,2025-05-19,2025-10-17,0.9708440658881485,0.019214415720131228,0.007863130277224567,0.9900584816082798,0.9979216118855043,1,2,0.625631818579301,0.0156523675804618
USDBRL,110,5m,76,185,2025-05-20,2025-10-20,0.9715382916430232,0.018688863234118346,0.007733541124556015,0.9902271548771415,0.9979606960016976,1,2,0.6318058666100852,0.01823757219023334
USDBRL,110,5m,77,186,2025-05-21,2025-10-21,0.971853640063125,0.018443752788188685,0.007693787987854525,0.9902973928513137,0.9979911808391683,1,2,0.6351648680571862,0.01435030040661377
USDBRL,110,5m,78,187,2025-05-22,2025-10-22,0.97199990605953,0.018314781313109943,0.007681745876880616,0.99031468737264,0.9979964332495206,1,2,0.638513632085223,0.012479135571857921
USDBRL,110,5m,79,188,2025-05-23,2025-10-23,0.9721832220345673,0.018205047144540517,0.007632448281136332,0.9903882691791078,0.9980207174602441,1,2,0.6463630957535658,0.01919502281805373
USDBRL,110,5m,80,189,2025-05-26,2025-10-24,0.972429526078434,0.01814615676889002,0.00750878676312968,0.990575682847324,0.9980844696104537,1,2,0.6613912660643672,0.02519956198923367
USDBRL,110,5m,81,190,2025-05-27,2025-10-27,0.972761207819577,0.018060271143540828,0.007338029918729398,0.9908214789631178,0.9981595088818472,1,2,0.6827810948547287,0.037294174444316444
USDBRL,110,5m,82,191,2025-05-28,2025-10-28,0.9725884690004789,0.01824360849043454,0.007313940985043491,0.9908320774909134,0.998146018475957,1,2,0.6942904194515562,0.021294207662964127
USDBRL,110,5m,83,192,2025-05-29,2025-10-29,0.9725804778934076,0.01827702474135626,0.0072939278305184695,0.9908575026347639,0.9981514304652823,1,2,0.6991116463127309,0.01345286961701782
USDBRL,110,5m,84,193,2025-05-30,2025-10-30,0.9722017881343243,0.01853688831523844,0.007382619641485086,0.9907386764495628,0.9981212960910478,1,2,0.7024338482497899,0.007842908547372086
USDBRL,110,5m,85,194,2025-06-02,2025-10-31,0.9724331936811501,0.01844659135384039,0.007266356625757353,0.9908797850349905,0.9981461416607479,1,2,0.7112368525705658,0.017493072570745994
USDBRL,110,5m,86,195,2025-06-03,2025-11-03,0.9723416694675278,0.01853789759905683,0.007241417850234347,0.9908795670665846,0.9981209849168189,1,2,0.7148939557763695,0.012353705525119928
USDBRL,110,5m,87,196,2025-06-04,2025-11-04,0.9726218342474535,0.018442729453715105,0.007059602681435487,0.9910645637011686,0.99812416638260415,1,2,0.7244368966387047,0.021541024317447418
USDBRL,110,5m,88,197,2025-06-05,2025-11-05,0.9725812617639199,0.018549806764211134,0.006961151958086698,0.991131068528131,0.9980922204862177,1,2,0.7285133061632512,0.020091158274067426
USDBRL,110,5m,89,198,2025-06-06,2025-11-06,0.9723259575337597,0.018883600166179737,0.006823107755857441,0.9912095576999395,0.9980326654557969,1,2,0.7358746666753146,0.024900571888072178
USDBRL,110,5m,90,199,2025-06-09,2025-11-07,0.9720493203982398,0.01915871778446914,0.006781352946390457,0.9912080381827089,0.9979893911290993,1,2,0.7405759126792042,0.018503722562505986
USDBRL,110,5m,91,200,2025-06-10,2025-11-10,0.9715020687216916,0.01968630552520213,0.006743147568764051,0.9911883742468938,0.9979315218156578,1,2,0.7560491497354811,0.030894500139844582
USDBRL,110,5m,92,201,2025-06-11,2025-11-11,0.9684965450408587,0.022119319820739128,0.007161249085397396,0.9906158648615978,0.9977771139469952,1,2,0.7805153042027969,0.04786948753417728
USDBRL,110,5m,93,202,2025-06-12,2025-11-12,0.966231020037164,0.023985512532156732,0.007457869598980072,0.9902165325693207,0.9976744021683008,1,2,0.8002885306176885,0.04060295057288878
USDBRL,110,5m,94,203,2025-06-13,2025-11-13,0.9643101010592049,0.02555619180525288,0.007709406057093303,0.9898662928644578,0.9975756989215511,1,3,0.8215187566275148,0.0386665036236351
USDBRL,110,5m,95,204,2025-06-16,2025-11-14,0.96259915984277,0.02706441895403318,0.007883700264750423,0.9896635787968032,0.9975472790615536,1,3,0.8432246297020732,0.03605348168731472
USDBRL,110,5m,96,205,2025-06-17,2025-11-17,0.9601562584369309,0.0287248723327612,0.008375790239772474,0.9888811307696921,0.9972569210094645,1,3,0.8400166075804817,0.008054932811373488
USDBRL,110,5m,97,206,2025-06-18,2025-11-18,0.9590094744196539,0.02951980165273161,0.008531625779867807,0.9885292760723855,0.9970609018522533,1,3,0.8439613428570603,0.006720373937102081
USDBRL,110,5m,98,207,2025-06-19,2025-11-19,0.9567996101810627,0.03112872643581306,0.008828419000906215,0.9879283366168758,0.996756755617782,1,3,0.8520121941829241,0.011308198473456347
USDBRL,110,5m,99,208,2025-06-20,2025-11-20,0.956095582829899,0.03168682586150263,0.00877787917216543,0.9877824086914017,0.9965602878635671,1,3,0.8614364103060519,0.01554176596821545
USDBRL,110,5m,100,209,2025-06-23,2025-11-21,0.9588154383823486,0.029754668716038976,0.00822115073911715,0.9885701070983876,0.9967912578375048,1,3,0.8732027147690381,0.024072625814045047
USDBRL,110,5m,101,210,2025-06-24,2025-11-24,0.9582642307303376,0.030145477704073644,0.00828631800810754,0.9884097084344112,0.9966960264425188,1,3,0.8856951949625974,0.021744093895735422
USDBRL,110,5m,102,211,2025-06-25,2025-11-25,0.9573488704655253,0.030697352119310753,0.008520462826421346,0.9880462225848361,0.9965666854112574,1,3,0.9011838835719809,0.02687072917009833
USDBRL,110,5m,103,212,2025-06-26,2025-11-26,0.9569174782216748,0.03079037844648292,0.008777844866307075,0.9877078566681577,0.9964857015344648,1,3,0.917977930493454,0.03208600652869071
USDBRL,110,5m,104,213,2025-06-27,2025-11-27,0.9578833880238437,0.029672498947582716,0.008933053549662019,0.9875558869714264,0.9964889405210884,1,3,0.9316208882551189,0.03467736780950746
USDBRL,110,5m,105,214,2025-06-30,2025-11-28,0.9584578439029904,0.028987713105336016,0.009022729853765583,0.9874455570083264,0.996468286862092,1,3,0.9389221969693017,0.02753594902347923
USDBRL,110,5m,106,215,2025-07-01,2025-12-01,0.9590425468075137,0.028224396630531466,0.009184582335854024,0.9872669434380451,0.9964515257738992,1,3,0.9381101029336616,0.03202281927122427
USDBRL,110,5m,107,216,2025-07-02,2025-12-02,0.9601584774704635,0.02715558684927936,0.009184624948723632,0.9873140643197428,0.9964986892684664,1,3,0.9253613996128138,0.043780930426160734
USDBRL,110,5m,108,217,2025-07-03,2025-12-03,0.9603528633579891,0.02697284101031578,0.009134723799641987,0.9873257043683049,0.9964604281679469,1,3,0.9126293228555022,0.03899962397550059
USDBRL,110,5m,109,218,2025-07-04,2025-12-04,0.9604963974201401,0.02692520658029718,0.00894030038413358,0.9874216040004373,0.996361904384571,1,3,0.8638484373366716,0.08262517294826374
USDBRL,110,5m,110,219,2025-07-07,2025-12-05,0.9715551048037234,0.01957987542708128,0.0063969347075930345,0.9911349802308047,0.9975319149383978,1,2,0.8452459156409479,0.051017763149212844
USDBRL,110,5m,111,220,2025-07-08,2025-12-08,0.9753010668448584,0.017081090527540883,0.0054626438515891,0.9923821573723993,0.9978448012239883,1,2,0.820629605847672,0.055340614124462464
USDBRL,110,5m,112,221,2025-07-09,2025-12-09,0.9790652129659417,0.014489242850752843,0.004612443943542124,0.9935544558166945,0.9981668997602366,1,2,0.8031457213453645,0.04606567493675566
USDBRL,110,5m,113,222,2025-07-10,2025-12-10,0.980873336383406,0.01348912183457174,0.003944244051121262,0.9943624582179778,0.998306702269099,1,2,0.7837195102887424,0.03805569323024499
USDBRL,110,5m,114,223,2025-07-11,2025-12-11,0.9817548005634257,0.01312623105042182,0.0034938221683777863,0.9948810316138474,0.9983748537822252,1,2,0.7814904675529644,0.021478075911460125
USDBRL,110,5m,115,224,2025-07-14,2025-12-12,0.9825213281480152,0.012802316185143606,0.0031445204322838646,0.9953236443331588,0.9984681647654426,1,2,0.8130601070875781,0.06332877290848764
USDBRL,110,5m,116,225,2025-07-15,2025-12-15,0.9831645076399563,0.012667412280396605,0.0026814852524088047,0.9958319199203529,0.9985134051727618,1,2,0.7875940736930034,0.038371009180304796
USDBRL,110,5m,117,226,2025-07-16,2025-12-16,0.9839907905148523,0.012195485244609363,0.0023837237116461994,0.9961862757594616,0.9985699994711078,1,2,0.7951081600949382,0.02030810608149495
USDBRL,110,5m,118,227,2025-07-17,2025-12-17,0.9848928806057351,0.01165466681015083,0.002082710510774633,0.9965475474158859,0.9986302579266606,1,2,0.7760132076385654,0.03139727742449609
USDBRL,110,5m,119,228,2025-07-18,2025-12-18,0.9848265667961068,0.011842939150076916,0.0019661064036754967,0.9966695059461838,0.9986356123498592,1,2,0.7764032183906914,0.041012497596434
USDBRL,110,5m,120,229,2025-07-21,2025-12-19,0.98460900544332,0.012033019331274885,0.0020291453511510297,0.9966420247745948,0.9986711701257459,1,2,0.8711000353736714,0.16547954756682373
USDBRL,110,5m,121,230,2025-07-22,2025-12-22,0.9845589777233057,0.012034577303319896,0.0021024344761540474,0.9965935550266256,0.9986959895027796,1,2,0.9920286635547821,0.21599408264552544
USDBRL,110,5m,122,231,2025-07-23,2025-12-23,0.9845479419943772,0.012031166727339669,0.0021327527082392584,0.9965791087217168,0.9987118614299562,1,2,1.0343592867390112,0.09247516621995132
USDBRL,110,5m,123,232,2025-07-24,2025-12-24,0.9843163210623205,0.012186531527230215,0.0021993063563705093,0.9965028525895507,0.9987021589459212,1,2,1.0613437300110797,0.0676528206673532
USDBRL,110,5m,124,233,2025-07-25,2025-12-25,0.9842129279350911,0.012193004401756486,0.0022835585120705186,0.9964059323368476,0.9986894908489181,1,2,1.0786816126117431,0.062212785003516326
USDBRL,110,5m,125,234,2025-07-28,2025-12-26,0.9841765852781383,0.012161031842064969,0.002368577561761705,0.9963376171202033,0.998706194681965,1,2,1.0959883356766982,0.05022688533234401
USDBRL,110,5m,126,235,2025-07-29,2025-12-29,0.983999907642616,0.012232577946191689,0.002509658694115717,0.9962324855888077,0.9987421442829234,1,2,1.0822828770328994,0.026170876530506752
USDBRL,110,5m,127,236,2025-07-30,2025-12-30,0.9835659743317046,0.01240595923967657,0.0028085256903274403,0.9959719335713811,0.9987804592617086,1,2,1.0635484214415303,0.03129071667712558
USDBRL,110,5m,128,237,2025-07-31,2025-12-31,0.9832966761455901,0.01258556741910023,0.002924173589282695,0.9958822435646904,0.998806417153973,1,2,1.0541145221584067,0.021431792788851153
USDBRL,110,5m,129,238,2025-08-01,2026-01-01,0.98346430205135,0.012417948233998497,0.002900006483361097,0.9958822502853485,0.9987822567687097,1,2,1.0375281829978682,0.03199986424879913
USDBRL,110,5m,130,239,2025-08-04,2026-01-02,0.9833465160604208,0.012562860818385025,0.0028893546025018473,0.9959093768788058,0.9987987314813076,1,2,1.0310449831492732,0.013066970585445202
USDBRL,110,5m,131,240,2025-08-05,2026-01-05,0.9827487867898318,0.013187914702369574,0.002859417714921743,0.9959367014922014,0.9987961192071231,1,2,1.0220451743592862,0.018994911834787947
USDBRL,110,5m,132,241,2025-08-06,2026-01-06,0.9828325760008578,0.013154403627088097,0.002847550235200553,0.9959869796279459,0.9988345298631465,1,2,1.017902456203884,0.015902631860955512
USDBRL,110,5m,133,242,2025-08-07,2026-01-07,0.982699209851303,0.013332540323818228,0.002833875078889541,0.9960317501751212,0.9988656252540108,1,2,1.0140998263384438,0.018726773552097873
USDBRL,110,5m,134,243,2025-08-08,2026-01-08,0.9824369342948154,0.013571824355356494,0.0028667126176775137,0.9960087586501719,0.9988754712678494,1,2,1.0157564431410864,0.01857571740019807
USDBRL,110,5m,135,244,2025-08-11,2026-01-09,0.9818715997415137,0.014085241826742124,0.0029104116089815517,0.9959568415682558,0.9988672531772373,1,2,1.014732367352861,0.009700915042936019
USDBRL,110,5m,136,245,2025-08-12,2026-01-12,0.9813223115577758,0.014562516409737842,0.0029674798813331127,0.9958848279675137,0.9988523078488468,1,2,1.0118646208118727,0.009506023181045455
USDBRL,110,5m,137,246,2025-08-13,2026-01-13,0.9805017966281858,0.015254498120165697,0.0030699993644287145,0.9957562947483515,0.9988262941127802,1,2,1.0096632269221157,0.008681454165084366
USDBRL,110,5m,138,247,2025-08-14,2026-01-14,0.97972776566408315,0.015871443145358582,0.0031965410931544557,0.9955992088094417,0.9987957499025962,1,2,1.0059575430658487,0.012264024568957602
USDBRL,110,5m,139,248,2025-08-15,2026-01-15,0.979065349883083,0.01637677286888858,0.0033238276618017077,0.9954421227519716,0.9987659504137734,1,2,0.9988576867798715,0.01630299120930999
USDBRL,110,5m,140,249,2025-08-18,2026-01-16,0.9784880264937119,0.01683715676934316,0.003426470347551607,0.9953251832630551,0.9987516536106067,1,2,0.9913437962809049,0.014607121638077248
USDBRL,110,5m,141,250,2025-08-19,2026-01-19,0.9778742841457347,0.017307076107519043,0.003552530766572893,0.9951813602532538,0.9987338910198267,1,2,0.9868703269623255,0.011743518554231976
USDBRL,110,5m,142,251,2025-08-20,2026-01-20,0.9783315587770508,0.016825565584118508,0.0035654616590627465,0.9951571243611693,0.998722586020232,1,2,0.9688982131159453,0.03467257355325757
USDBRL,110,5m,143,252,2025-08-21,2026-01-21,0.9790014509375128,0.016150005167715257,0.003602159822512938,0.995151456105228,0.998753615927741,1,2,0.9628971268693035,0.012850105029392416
USDBRL,110,5m,144,253,2025-08-22,2026-01-22,0.978667600118373,0.016470416785143167,0.0036555120937007157,0.9951380169035161,0.9987935289972169,1,2,0.9650438225941663,0.013625301437685991
USDBRL,110,5m,145,254,2025-08-25,2026-01-23,0.9784036894080139,0.016791453072564445,0.0036293150883231324,0.9951951424805784,0.9988244575689015,1,2,0.971062275890039,0.019628745931160894
USDBRL,110,5m,146,255,2025-08-26,2026-01-26,0.9784055489652788,0.016968067110986473,0.003506767327887754,0.9953736160762652,0.998880383404153,1,2,0.977683804088344,0.020593159678049984
USDBRL,110,5m,147,256,2025-08-27,2026-01-27,0.9790979662705532,0.01661140433882406,0.003228862043761977,0.9957093706093773,0.9989382326531393,1,2,0.9882557097649693,0.0304239062112313
USDBRL,110,5m,148,257,2025-08-28,2026-01-28,0.9795490075464874,0.016359154509853906,0.00307044016735684,0.9959081620563414,0.9989786022236982,1,2,0.9930776837656379,0.01764819000779465
USDBRL,110,5m,149,258,2025-08-29,2026-01-29,0.98055675096954,0.015603836624355969,0.00287139924775031,0.9961605875938959,0.9990319868416463,1,2,0.9967870767652122,0.012216773205529137
USDBRL,110,5m,150,259,2025-09-01,2026-01-30,0.9816782851694562,0.014759497293389077,0.002651069111966768,0.9964377824628453,0.9990888515748121,1,2,0.9969614207711744,0.009426287700187145
USDBRL,110,5m,151,260,2025-09-02,2026-02-02,0.9817223036765031,0.014784775313657334,0.0025956013698438052,0.9965070789901604,0.9991026803600043,1,2,0.9924923567450576,0.009743947835874395
USDBRL,110,5m,152,261,2025-09-03,2026-02-03,0.981757987269121,0.014843477221506808,0.002526470167886478,0.9966014644906278,0.9991279346585142,1,2,0.9849172336402087,0.01511793495405043
USDBRL,110,5m,153,262,2025-09-04,2026-02-04,0.9825029436644409,0.014202055570849477,0.002453655324977784,0.9967049992352904,0.9991586545602682,1,2,0.9782257193109468,0.015296707769421453
USDBRL,110,5m,154,263,2025-09-05,2026-02-05,0.9828124250504532,0.014011186221830523,0.0023685256160629114,0.9968236112722837,0.9991921368883466,1,2,0.9715392465533589,0.014115136222971591
USDBRL,110,5m,155,264,2025-09-08,2026-02-06,0.9829349835170449,0.013941322001031948,0.002337411054393272,0.9968763055180768,0.9992137165724702,1,2,0.969948077746861,0.004102335466121305
USDBRL,110,5m,156,265,2025-09-09,2026-02-09,0.9829496882861272,0.013923928367715502,0.0023460958434552465,0.9968736166538427,0.9992197124972979,1,2,0.9672450386584553,0.009294392762607647
USDBRL,110,5m,157,266,2025-09-10,2026-02-10,0.9828142127103191,0.014016910411421555,0.0023778611791390974,0.9968311231217406,0.9992089843008798,1,2,0.9633865536643453,0.014888141698339793
USDBRL,110,5m,158,267,2025-09-11,2026-02-11,0.9824882309192651,0.014303271224642283,0.002406045615667222,0.9967915021439073,0.9991975477595746,1,2,0.9601645879658938,0.008184486735680147
USDBRL,110,5m,159,268,2025-09-12,2026-02-12,0.9822325555682648,0.014545181332351682,0.002408817045839661,0.9967777369006166,0.9991865539464562,1,2,0.9560806821744071,0.008845355465132198
USDBRL,110,5m,160,269,2025-09-15,2026-02-13,0.9821337342972098,0.014640037118579809,0.0024007362297121053,0.9967737714157897,0.9991745076455018,1,2,0.9508368968377355,0.012973627726418115
USDBRL,110,5m,161,270,2025-09-16,2026-02-16,0.9820590204464181,0.014709172545586707,0.002396991758913738,0.9967681929920048,0.9991651847509185,1,2,0.9456234287899224,0.014108731417591959
USDBRL,110,5m,162,271,2025-09-17,2026-02-17,0.9821520120915602,0.014636916456148811,0.002382774649550138,0.9967889285477091,0.9991717031972591,1,2,0.9430532672643552,0.012108594329007006
USDBRL,110,5m,163,272,2025-09-18,2026-02-18,0.9821497835492063,0.014684592751798975,0.0023477326337281337,0.9968343763010054,0.9991821089347335,1,2,0.936551063473239,0.012124633880085094
USDBRL,110,5m,164,273,2025-09-19,2026-02-19,0.982221663584192,0.01464712078062984,0.002321317961977628,0.9968687843648218,0.9991901023267995,1,2,0.9317191438126344,0.011334132378670222
USDBRL,110,5m,165,274,2025-09-22,2026-02-20,0.9822017111721858,0.014661059599626507,0.0023302612591245045,0.9968627707718123,0.9991930320309368,1,2,0.9304874661738507,0.013566329602546954
USDBRL,110,5m,166,275,2025-09-23,2026-02-23,0.9817461072119775,0.015127856048937306,0.0023174526905704296,0.9968739632609148,0.9991914159514853,1,2,0.9206611437095181,0.015979441452372897
USDBRL,110,5m,167,276,2025-09-24,2026-02-24,0.9811840451646341,0.01567754779549246,0.002325415889274735,0.9968615929601266,0.9991870088494013,1,2,0.9145789256716603,0.011475953904018376
USDBRL,110,5m,168,277,2025-09-25,2026-02-25,0.9807109020086342,0.016158279649529355,0.002317990594158988,0.9968691816581635,0.9991871722523226,1,2,0.9080420606935968,0.013244906644608277
USDBRL,110,5m,169,278,2025-09-26,2026-02-26,0.9802771745498372,0.016612621852827185,0.002301312435629792,0.9968897964026644,0.9991911088382942,1,2,0.9001736897383517,0.014261645281688344
USDBRL,110,5m,170,279,2025-09-29,2026-02-27,0.9800544436687147,0.016896734476042532,0.0022484135678928776,0.9969511781447573,0.9991995917126502,1,2,0.8897608185611348,0.019101716623421545
USDBRL,110,5m,171,280,2025-09-30,2026-03-02,0.9801033454143,0.016896514569518215,0.002200610063020241,0.9969998599838182,0.9992004700468384,1,2,0.877635048005104,0.018654665382442273
USDBRL,110,5m,172,281,2025-10-01,2026-03-03,0.9805550868806231,0.01652825012654504,0.0021103939390966025,0.9970833370071681,0.9991937309462647,1,2,0.8669997158343261,0.019264692566717558
USDBRL,110,5m,173,282,2025-10-02,2026-03-04,0.9804960181956004,0.01656817465756562,0.002093352034433162,0.997064192853166,0.9991575448875992,1,2,0.8629322897684866,0.01302666419064057
USDBRL,110,5m,174,283,2025-10-03,2026-03-05,0.9809361580237812,0.016171412732215472,0.0020275602321866083,0.9971075707559967,0.9991351309881833,1,2,0.85209811508749,0.017105119951994815
USDBRL,110,5m,175,284,2025-10-06,2026-03-06,0.9815866502267542,0.015581446548138115,0.0019457424077123492,0.9971680967748923,0.9991138391826047,1,2,0.8208970700938197,0.04214005903190525
USDBRL,110,5m,176,285,2025-10-07,2026-03-09,0.9817756863276631,0.01540605415896297,0.001905447117999701,0.9971817404866261,0.9990871876046258,1,2,0.7935671177321147,0.03738008309968948
USDBRL,110,5m,177,286,2025-10-08,2026-03-10,0.9816508541107412,0.015512499825567877,0.001893756798636921,0.9971633539363091,0.999057110734946,1,2,0.7780433614995752,0.020482432460086016
USDBRL,110,5m,178,287,2025-10-09,2026-03-11,0.9815337659346163,0.01562217389726017,0.0018728866019552264,0.9971559398318764,0.9990288264338316,1,2,0.7549194640044969,0.029676782715966694
USDBRL,110,5m,179,288,2025-10-10,2026-03-12,0.9824570103835764,0.014811449993604729,0.0017921075894528334,0.9972684603771811,0.9990605679666339,1,2,0.7181027930548496,0.05038560751619478
USDBRL,110,5m,180,289,2025-10-13,2026-03-13,0.984142308983002,0.01327659454154402,0.001695229205394639,0.9974189035245461,0.9991141327299407,1,2,0.6975582912420883,0.03232351631252045
USDBRL,110,5m,181,290,2025-10-14,2026-03-16,0.9850758160672839,0.0123826599432458,0.0016697283339729757,0.9974584760105297,0.9991282043445027,1,2,0.6638282978615441,0.04719591832677177
USDBRL,110,5m,182,291,2025-10-15,2026-03-17,0.9857218865537785,0.011741185173433836,0.0016760757284564945,0.9974630717272123,0.9991391474556688,1,2,0.6386227044132806,0.03846456866402961
USDBRL,110,5m,183,292,2025-10-16,2026-03-18,0.9860409910504038,0.0114504854180151,0.0016637878255656446,0.9974914764684188,0.9991552642939845,1,2,0.6211308397574078,0.025057231488529102
USDBRL,110,5m,184,293,2025-10-17,2026-03-19,0.986077375384183,0.011329485141794165,0.001764308065416491,0.9974068605259773,0.9991711685913937,1,2,0.5998172342071837,0.04421303307523492
USDBRL,110,5m,185,294,2025-10-20,2026-03-20,0.9864912784994301,0.010842686961847767,0.0018747109962191555,0.9973339654612778,0.999208676457497,1,2,0.5880480087859863,0.03357408699699723
USDBRL,110,5m,186,295,2025-10-21,2026-03-23,0.9865828520005598,0.010652496083124612,0.001987256999737753,0.9972353480836844,0.9992226050834222,1,2,0.5732384296278176,0.035625474672937876
USDBRL,110,5m,187,296,2025-10-22,2026-03-24,0.9864314353103039,0.010650849894053896,0.002149928723736311,0.9970822852043577,0.999232213928094,1,2,0.5665219466587472,0.026005294320418936
USDBRL,110,5m,188,297,2025-10-23,2026-03-25,0.9858766204187879,0.011050776168404408,0.002305870130216756,0.9969273965871923,0.9992332667174091,1,2,0.5615953826469757,0.02100489566748064
USDBRL,110,5m,189,298,2025-10-24,2026-03-26,0.9852631268191431,0.011522458654113499,0.0024506354613359764,0.9967855854732566,0.9992362209345925,1,2,0.5616896479729028,0.014758145021921439
USDBRL,110,5m,190,299,2025-10-27,2026-03-27,0.9845841889292719,0.012026932330784201,0.0026216206998282204,0.9966111212600561,0.9992327419598843,1,2,0.5626726478196095,0.018938072295132502
USDBRL,132,6m,1,132,2025-02-04,2025-08-06,0.9761599230381938,0.019046540679761904,0.0028113127198014175,0.9952064637179556,0.9980177764377571,1,2,0.7045934025334073,NA
USDBRL,132,6m,2,133,2025-02-05,2025-08-07,0.9757654721383768,0.019318514061313283,0.003000296681650395,0.9950839861996901,0.9980842828813405,1,2,0.6655492238489676,0.06738916606941757
USDBRL,132,6m,3,134,2025-02-06,2025-08-08,0.975282426293595,0.019569982684125787,0.003226437151331742,0.9948524089777208,0.9980788461290525,1,2,0.6564721569981778,0.031143982032770526
USDBRL,132,6m,4,135,2025-02-07,2025-08-11,0.9748178879778934,0.019821093715735358,0.0034438746061768344,0.9946389816936287,0.9980828562998055,1,2,0.649210898529383,0.030666509494454475
USDBRL,132,6m,5,136,2025-02-10,2025-08-12,0.9745209513500087,0.01993990321407857,0.0036328528255708493,0.9944608545640873,0.9980937073896581,1,2,0.6469868388757635,0.02348444893225177
USDBRL,132,6m,6,137,2025-02-11,2025-08-13,0.9745904966451552,0.019793850851911026,0.0038003234499671503,0.9943843474970662,0.9981846709470333,1,2,0.6432537507076855,0.017167177399574757
USDBRL,132,6m,7,138,2025-02-12,2025-08-14,0.9744966930571085,0.019738857965642342,0.003970401166624461,0.9942355510227509,0.9982059521893754,1,2,0.6425015552640158,0.017847103397729294
USDBRL,132,6m,8,139,2025-02-13,2025-08-15,0.9744382079583752,0.01961972293499696,0.004170490715577496,0.9940579308933721,0.9982284216089496,1,2,0.6423464444546008,0.013204362932834017
USDBRL,132,6m,9,140,2025-02-14,2025-08-18,0.9744557626788134,0.019519892895006614,0.004272471753480738,0.9939756555738201,0.9982481273273007,1,2,0.6416698054005174,0.010461536276774064
USDBRL,132,6m,10,141,2025-02-17,2025-08-19,0.9738958848489894,0.020008570741876733,0.004330305021339528,0.9939044555908662,0.9982347606122056,1,2,0.6515851550806278,0.029512571318191454
USDBRL,132,6m,11,142,2025-02-18,2025-08-20,0.973467604515318,0.020366629069203373,0.004415857546532339,0.9938342335845214,0.9982500911310537,1,2,0.6605459944975955,0.02534106017636643
USDBRL,132,6m,12,143,2025-02-19,2025-08-21,0.9731754335172913,0.020581492499450616,0.004519011651956468,0.9937569260167419,0.9982759376686984,1,2,0.6644908229283844,0.016190914983721584
USDBRL,132,6m,13,144,2025-02-20,2025-08-22,0.9725101070645027,0.02103484749454553,0.004727149375377126,0.9935449545590482,0.9982721039344253,1,2,0.6799950741773861,0.029489962993769818
USDBRL,132,6m,14,145,2025-02-21,2025-08-25,0.9721326564962164,0.0212600363911829,0.004891444095660443,0.9933926928873993,0.9982841369830597,1,2,0.6855783795638883,0.014515519234763897
USDBRL,132,6m,15,146,2025-02-24,2025-08-26,0.972048241584325,0.021241357126678153,0.004996286442401891,0.9932895987110032,0.9982858851534051,1,2,0.6783843679473662,0.016805733326742792
USDBRL,132,6m,16,147,2025-02-25,2025-08-27,0.9719149890237857,0.021251014868852926,0.005123214055726831,0.9931660038926386,0.9982892179483654,1,2,0.6809594155718045,0.007984494658107182
USDBRL,132,6m,17,148,2025-02-26,2025-08-28,0.9719329449231672,0.02108600510442972,0.005275609460601882,0.9930189500275969,0.9982945594881988,1,2,0.6826474253550351,0.007368844597406075
USDBRL,132,6m,18,149,2025-02-27,2025-08-29,0.9721091655878943,0.020763564106278772,0.005426310563659506,0.9928727296941731,0.9982990402578326,1,2,0.6759115168522589,0.012336482911114412
USDBRL,132,6m,19,150,2025-02-28,2025-09-01,0.9721986412372011,0.020550403617823412,0.005550661607012162,0.9927490448550246,0.9982997064620367,1,2,0.6697756201786059,0.009721931580566764
USDBRL,132,6m,20,151,2025-03-03,2025-09-02,0.972322774931314,0.020397339134117624,0.005599793738184371,0.9927201140654317,0.998319907803616,1,2,0.6703779226516174,0.004485741465330728
USDBRL,132,6m,21,152,2025-03-04,2025-09-03,0.9721877730130417,0.020557045783710627,0.005595293716674221,0.9927448187967524,0.9983401125134266,1,2,0.6770049449219523,0.014858953267646824
USDBRL,132,6m,22,153,2025-03-05,2025-09-04,0.9723554285753065,0.02042433800363106,0.005581333365978619,0.9927797665789376,0.9983610999449162,1,2,0.6769660256026706,0.004658913993160072
USDBRL,132,6m,23,154,2025-03-06,2025-09-05,0.9722687221408152,0.02038380543974906,0.005684177582835113,0.9926525275805642,0.9983367051633993,1,2,0.6672174898584968,0.013408815047229445
USDBRL,132,6m,24,155,2025-03-07,2025-09-08,0.9721293358180644,0.020376073399795972,0.005807518288423417,0.9925054092178603,0.9983129275062838,1,2,0.6589992370410122,0.01216224516457469
USDBRL,132,6m,25,156,2025-03-10,2025-09-09,0.972062238529039,0.020319747651313082,0.00592093810884707,0.992381986180352,0.9983029242891991,1,2,0.6540419495883076,0.008547516062774808
USDBRL,132,6m,26,157,2025-03-11,2025-09-10,0.9720257888219969,0.020234434929950605,0.0060348389004041955,0.9922602237519474,0.9982950626523517,1,2,0.6497145293054616,0.007633347241055588
USDBRL,132,6m,27,158,2025-03-12,2025-09-11,0.9719678590055035,0.020134879815301508,0.006184273937715334,0.992102738820805,0.9982870127585204,1,2,0.6443083184069112,0.009281002574565878
USDBRL,132,6m,28,159,2025-03-13,2025-09-12,0.9718737641342329,0.020044776524882516,0.006356633878578014,0.9919185406591154,0.9982751745376934,1,2,0.6353007235644412,0.01274501432098613
USDBRL,132,6m,29,160,2025-03-14,2025-09-15,0.9717091411493309,0.01999772762170594,0.006546069792047775,0.9917068687710369,0.9982529385630846,1,2,0.6245665746775159,0.015133828454255913
USDBRL,132,6m,30,161,2025-03-17,2025-09-16,0.971710743835673,0.019856080371533826,0.006665736766286477,0.9915668242072069,0.9982325609734933,1,2,0.6120275597838326,0.01639551949699306
USDBRL,132,6m,31,162,2025-03-18,2025-09-17,0.97195797536209,0.019481209989849244,0.006785409415087221,0.9914391853519393,0.9982245947670265,1,2,0.603705088071558,0.01219860271224473
USDBRL,132,6m,32,163,2025-03-19,2025-09-18,0.9721730958866442,0.01912982807619902,0.00691060641548163,0.9913029239628433,0.9982135303783249,1,2,0.594689406305438,0.01233940281896048
USDBRL,132,6m,33,164,2025-03-20,2025-09-19,0.9722236851025142,0.018932736138771056,0.007044766213201593,0.9911564212412853,0.9982011874544868,1,2,0.585875061355648,0.011817351392713123
USDBRL,132,6m,34,165,2025-03-21,2025-09-22,0.9722971054840264,0.018770531516317353,0.007135662969482395,0.9910676370003437,0.9982032999698262,1,2,0.5829710310717652,0.005008231595383072
USDBRL,132,6m,35,166,2025-03-24,2025-09-23,0.9723172852496978,0.018653510748981843,0.007232894644867738,0.9909707959986797,0.9982036906435474,1,2,0.5789332905790711,0.00615494726220632
USDBRL,132,6m,36,167,2025-03-25,2025-09-24,0.9725313133953686,0.01832681576971128,0.007344511966254214,0.9908581291650799,0.9982026411313341,1,2,0.574551093059705,0.006335815341044532
USDBRL,132,6m,37,168,2025-03-26,2025-09-25,0.9727798688412368,0.018002312571837174,0.007421727873740005,0.990782181413074,0.998203909286814,1,2,0.5691804585377613,0.0072410027008241685
USDBRL,132,6m,38,169,2025-03-27,2025-09-26,0.9729570678335138,0.01770034191370125,0.007548572473476616,0.9906574097472151,0.9982059822206917,1,2,0.5659234921697379,0.006164826057230011
USDBRL,132,6m,39,170,2025-03-28,2025-09-29,0.9729891854119456,0.01748481125727569,0.007721883896285069,0.9904739966692213,0.9981958805655063,1,2,0.5642016076864715,0.006462533161956441
USDBRL,132,6m,40,171,2025-03-31,2025-09-30,0.9724664784737171,0.017700805119351168,0.008006242061399065,0.9901672835930683,0.9981735256544674,1,2,0.5554397302749569,0.010906550027709
USDBRL,132,6m,41,172,2025-04-01,2025-10-01,0.9721923465871178,0.01776190780504034,0.008220821819049378,0.9899542543921582,0.9981750762112076,1,3,0.54761181563712,0.009057310750633499
USDBRL,132,6m,42,173,2025-04-02,2025-10-02,0.9720153604447467,0.017731689202578945,0.008413059468956537,0.9897470496473256,0.9981601091162822,1,3,0.5368845483793127,0.013184188201091858
USDBRL,132,6m,43,174,2025-04-03,2025-10-03,0.9717961364186896,0.01770355347693228,0.008627336816444857,0.9894996898956219,0.9981270267120667,1,3,0.5199548178099016,0.0193276276873544
USDBRL,132,6m,44,175,2025-04-04,2025-10-06,0.971499099877133,0.017752692856173372,0.008846465217487044,0.9892517927333064,0.9980982579507934,1,3,0.5043852598578136,0.01800715912572759
USDBRL,132,6m,45,176,2025-04-07,2025-10-07,0.9706680170603843,0.018091972971818113,0.009249507440532243,0.9887599900322024,0.9980094974727347,1,3,0.49011867363698447,0.01704054170461595
USDBRL,132,6m,46,177,2025-04-08,2025-10-08,0.9684670092458196,0.01948052260505377,0.009961577995376848,0.9879475318508734,0.9979091098462503,1,3,0.4933325217844454,0.015525580624919986
USDBRL,132,6m,47,178,2025-04-09,2025-10-09,0.9664891591558603,0.020934974846058232,0.010338624313863915,0.9874241340019185,0.9977627583157824,1,3,0.498884039500094,0.017688749357464575
USDBRL,132,6m,48,179,2025-04-10,2025-10-10,0.965237167863888,0.02206743174903432,0.010483394514810642,0.9873045996129224,0.997787994127733,1,3,0.5160286854888236,0.02691701143095148
USDBRL,132,6m,49,180,2025-04-11,2025-10-13,0.9628352592010668,0.02402976348166525,0.010793577775821916,0.9868650226827321,0.997658600458554,1,3,0.5267690776606274,0.03138999467781592
USDBRL,132,6m,50,181,2025-04-14,2025-10-14,0.9624138315824005,0.024700614457462404,0.010499632699242626,0.9871144460398629,0.9976140787391055,1,3,0.5380459450110799,0.023570337116374726
USDBRL,132,6m,51,182,2025-04-15,2025-10-15,0.9629805033804254,0.024540081166518405,0.01016306520902136,0.9875205845469438,0.9976836497559651,1,3,0.5486144312531899,0.016336427292846397
USDBRL,132,6m,52,183,2025-04-16,2025-10-16,0.9634815597129794,0.024260776195845213,0.00997438798997253,0.9877423359088247,0.9977167238987972,1,3,0.5528574870900618,0.010827915238027987
USDBRL,132,6m,53,184,2025-04-17,2025-10-17,0.9640445105087339,0.023945676202687772,0.009763096943603975,0.9879901867114216,0.9977532836550256,1,3,0.5578184267061679,0.012169911217632766
USDBRL,132,6m,54,185,2025-04-18,2025-10-20,0.9639970589354405,0.024030577546449636,0.009714760931871411,0.9880276364818902,0.9977423974137616,1,3,0.561704706057691,0.010995682915379619
USDBRL,132,6m,55,186,2025-04-21,2025-10-21,0.9642159449410422,0.023889781425395544,0.009623013071920436,0.9881057263664378,0.9977287394383583,1,3,0.5642219255094134,0.011988541768123993
USDBRL,132,6m,56,187,2025-04-22,2025-10-22,0.9651871849552105,0.023066906565180467,0.009461308819502098,0.988254091520391,0.997715400339893,1,3,0.5652989180558495,0.013156097258832392
USDBRL,132,6m,57,188,2025-04-23,2025-10-23,0.9657975807482441,0.02264889866627617,0.009245784584774984,0.9884464794145202,0.9976922639992952,1,3,0.5681125240451659,0.013836342033447158
USDBRL,132,6m,58,189,2025-04-24,2025-10-24,0.966298905415107,0.02238330714272447,0.008989639316056796,0.9886822125578315,0.9976718518738883,1,3,0.5735962878253992,0.016773107294408313
USDBRL,132,6m,59,190,2025-04-25,2025-10-27,0.966565296393725,0.022152662972681748,0.008877110151887904,0.9887179593664067,0.9975950695182947,1,3,0.5715078841604968,0.008854506388758338
USDBRL,132,6m,60,191,2025-04-28,2025-10-28,0.9665951872249792,0.02204689957276342,0.008856335812357369,0.9886420867977426,0.9974984226100999,1,3,0.5683917470437239,0.00995877624253158
USDBRL,132,6m,61,192,2025-04-29,2025-10-29,0.9659016102038275,0.02247105784287108,0.009014274090677843,0.9883726680466985,0.9973869421373764,1,3,0.5639046465503821,0.01214044631448477
USDBRL,132,6m,62,193,2025-04-30,2025-10-30,0.9653900780448333,0.022766743669171363,0.009134179954926358,0.9881568217140047,0.997291001668931,1,3,0.5601721164489875,0.010799181877872507
USDBRL,132,6m,63,194,2025-05-01,2025-10-31,0.9654786856816453,0.02266226478542174,0.00909504910918678,0.9881409504670671,0.9972359995762539,1,3,0.55762638069924,0.009934791595477176
USDBRL,132,6m,64,195,2025-05-02,2025-11-03,0.9659738825320886,0.02219729327693033,0.009003161312216453,0.9881711758090189,0.9971743371212354,1,3,0.5519004132710087,0.012184771521707702
USDBRL,132,6m,65,196,2025-05-05,2025-11-04,0.9667377783469938,0.021665663011737186,0.008758984795476467,0.988403441358731,0.9971624261542075,1,3,0.5485847628799781,0.013121941243056915
USDBRL,132,6m,66,197,2025-05-06,2025-11-05,0.9670308241904078,0.021444629715861634,0.00862565100495901,0.9884754539062693,0.9971011049112284,1,3,0.5413039147724593,0.015041201520584677
USDBRL,132,6m,67,198,2025-05-07,2025-11-06,0.9671585043834884,0.02146100427410009,0.00837857563663788,0.9886195086575885,0.9969980842942263,1,3,0.5302394528595962,0.01660955285962914
USDBRL,132,6m,68,199,2025-05-08,2025-11-07,0.9674294827433048,0.021312057830136136,0.008171280578999685,0.9887415405734409,0.9969128211524406,1,3,0.5168975317674253,0.01867948246343691
USDBRL,132,6m,69,200,2025-05-09,2025-11-10,0.9680662579105375,0.020766891138295572,0.007946845477156109,0.988833149048833,0.9967799945259892,1,3,0.5023396591689242,0.02188748601177289
USDBRL,132,6m,70,201,2025-05-12,2025-11-11,0.9671833077849292,0.021479365828295478,0.007907496581627446,0.9886626736132247,0.9965701701948522,1,3,0.490592981992983,0.04380014433005997
USDBRL,132,6m,71,202,2025-05-13,2025-11-12,0.966574489995771,0.02194804856982879,0.007877144642313013,0.9885225385655998,0.9963996832079128,1,3,0.4831315370687613,0.03880774409613318
USDBRL,132,6m,72,203,2025-05-14,2025-11-13,0.9660253115254502,0.02239918850657736,0.007858644512874453,0.9884245000320276,0.9962831445449021,1,3,0.4832980087005845,0.0380832102719941
USDBRL,132,6m,73,204,2025-05-15,2025-11-14,0.9653882905698694,0.022975861262041992,0.007840026648668393,0.9883641518319114,0.9962041784805798,1,3,0.4906663675347433,0.03982127716656913
USDBRL,132,6m,74,205,2025-05-16,2025-11-17,0.9660820145098364,0.022445631330025854,0.0077217943971923065,0.9885276458398623,0.9962494402370546,1,3,0.4941266509555066,0.012881276748636568
USDBRL,132,6m,75,206,2025-05-19,2025-11-18,0.9669846958522829,0.021825705721033855,0.0075017820948941934,0.9888104015733167,0.996312183668211,1,3,0.5107461869844597,0.027022272229867965
USDBRL,132,6m,76,207,2025-05-20,2025-11-19,0.9676956185857885,0.02130158474316248,0.007337766769303973,0.9889972033289509,0.9963349700982549,1,3,0.5336290674681333,0.034955711495276945
USDBRL,132,6m,77,208,2025-05-21,2025-11-20,0.9683364639732502,0.02084845907183562,0.007193205548277425,0.9891849230450859,0.9963781285933633,1,3,0.5533499003194582,0.028755222672211724
USDBRL,132,6m,78,209,2025-05-22,2025-11-21,0.9702475474446084,0.0195377618152001,0.006878348980147653,0.9897853092598085,0.9966636582399562,1,3,0.5947972504349137,0.057997964370320176
USDBRL,132,6m,79,210,2025-05-23,2025-11-24,0.9707118185840307,0.019241500171322635,0.006782614281981774,0.9899533187553533,0.9967359330373351,1,3,0.6344703435420027,0.05200507692524539
USDBRL,132,6m,80,211,2025-05-26,2025-11-25,0.9709618020982463,0.019155918525708988,0.006695406563021328,0.9901177206239553,0.9968131271869767,1,2,0.6852909451738403,0.06282999170937964
USDBRL,132,6m,81,212,2025-05-27,2025-11-26,0.9710030960715265,0.019280203034651066,0.006645888472177428,0.9902832991061775,0.9969291875783549,1,2,0.7411026839136221,0.07127185263908324
USDBRL,132,6m,82,213,2025-05-28,2025-11-27,0.9709036417068613,0.019428879578004717,0.006643484670425581,0.990332521284866,0.9969760059552916,1,2,0.7763619381219462,0.04533484742996389
USDBRL,132,6m,83,214,2025-05-29,2025-11-28,0.9708072648927613,0.019577168411102096,0.006629346208234958,0.9903844333038634,0.9970137795120984,1,2,0.8022409203922921,0.03448488476532486
USDBRL,132,6m,84,215,2025-05-30,2025-12-01,0.9704207117017998,0.019877906640734345,0.006682594041897881,0.9902986183425341,0.996981212384432,1,2,0.8213089506246712,0.024437136390347076
USDBRL,132,6m,85,216,2025-06-02,2025-12-02,0.9709929398924136,0.019570005795823985,0.006517184382345202,0.9905629456882377,0.9970801300705828,1,2,0.8444933587765183,0.03008764192273741
USDBRL,132,6m,86,217,2025-06-03,2025-12-03,0.9711198333101485,0.019536710482371284,0.0064484862645074375,0.9906565437925198,0.9971050300570272,1,2,0.8647143939210942,0.02712807025568191
USDBRL,132,6m,87,218,2025-06-04,2025-12-04,0.9715054824745288,0.019302353286726626,0.006306179711009235,0.9908078357612554,0.9971140154722647,1,2,0.8771247027463417,0.017579903543679103
USDBRL,132,6m,88,219,2025-06-05,2025-12-05,0.9758222284516413,0.01693085551029378,0.004986262993591444,0.9927530839619352,0.9977393469555266,1,2,0.8952517438383522,0.03574675414473698
USDBRL,132,6m,89,220,2025-06-06,2025-12-08,0.977703453350057,0.015656039470294685,0.004586300454861797,0.9933594928203517,0.9979457932752135,1,2,0.9098674142075397,0.020809349876173156
USDBRL,132,6m,90,221,2025-06-09,2025-12-09,0.9797603677171509,0.014257127664991001,0.004155953567921657,0.9940174953821419,0.9981734489500635,1,2,0.9226530839739955,0.017651888863684108
USDBRL,132,6m,91,222,2025-06-10,2025-12-10,0.98106872846091,0.0133982717671889,0.0038790982133327157,0.9944670002280989,0.9983460984414316,1,2,0.9276240740387888,0.014918419753690145
USDBRL,132,6m,92,223,2025-06-11,2025-12-11,0.9812540611867375,0.013327626626788441,0.0038088956523040134,0.994581687813526,0.99839058346583,1,2,0.9339928815813494,0.012505526759018592
USDBRL,132,6m,93,224,2025-06-12,2025-12-12,0.9815339862490758,0.013160400765795117,0.003751809870969916,0.994694387014871,0.9984461968858409,1,2,0.9396131688114029,0.008684174226318385
USDBRL,132,6m,94,225,2025-06-13,2025-12-15,0.9816900751069927,0.013081983607701695,0.0037156593724116246,0.9947720587146944,0.998487718087106,1,2,0.9442475520872629,0.007703279992180302
USDBRL,132,6m,95,226,2025-06-16,2025-12-16,0.9821564060210534,0.012766963029076317,0.003622962125071062,0.9949233690501297,0.9985463311752008,1,2,0.9530227314299743,0.012671312157580971
USDBRL,132,6m,96,227,2025-06-17,2025-12-17,0.9822951323217347,0.012658499589849041,0.003600876914398807,0.9949536319115837,0.9985545088259825,1,2,0.9436902595229297,0.01564475466822314
USDBRL,132,6m,97,228,2025-06-18,2025-12-18,0.9818553175426846,0.012976260898508209,0.0036959173956811566,0.9948315784411929,0.998527495836874,1,2,0.9368017934631415,0.015409245587066201
USDBRL,132,6m,98,229,2025-06-19,2025-12-19,0.9810740101861104,0.013525304634721328,0.00388013694839746,0.9945993148208317,0.9984794517692291,1,2,0.9394378060375085,0.01599216889017798
USDBRL,132,6m,99,230,2025-06-20,2025-12-22,0.9806480991618912,0.013782658497770429,0.004007298172041538,0.9944307576596616,0.9984380558317032,1,2,0.9480404494678647,0.027523198721118306
USDBRL,132,6m,100,231,2025-06-23,2025-12-23,0.9802343972759567,0.013993120258079007,0.004178728104858991,0.9942275175340357,0.9984062456388947,1,2,0.9470207757061643,0.015369884847323184
USDBRL,132,6m,101,232,2025-06-24,2025-12-24,0.9798960476093906,0.014188515315409541,0.004288584305537115,0.9940845629248002,0.9983731472303373,1,2,0.9481610180334535,0.013087440332997403
USDBRL,132,6m,102,233,2025-06-25,2025-12-25,0.9794948275313226,0.01444931493435908,0.004389150166658098,0.9939441424656816,0.9983332926323397,1,2,0.947126456323231,0.015846942111575734
USDBRL,132,6m,103,234,2025-06-26,2025-12-26,0.9794985102047209,0.01434813641843101,0.0044697080645994345,0.9938466466231519,0.9983163546877514,1,2,0.9451266392745161,0.016399352495827288
USDBRL,132,6m,104,235,2025-06-27,2025-12-29,0.9797992712905127,0.013847373623333924,0.004680683601225891,0.9936466449138466,0.9983273285150726,1,2,0.9358397767916505,0.02262874022684349
USDBRL,132,6m,105,236,2025-06-30,2025-12-30,0.9796877382718642,0.013626792107747705,0.005023234224273334,0.9933145303796119,0.9983377646038852,1,2,0.9293470797840611,0.02338589712221912
USDBRL,132,6m,106,237,2025-07-01,2025-12-31,0.9797125837980994,0.013390579069910166,0.005242043804304655,0.9931031628680096,0.9983452066723143,1,2,0.9181759100630027,0.02753948307444542
USDBRL,132,6m,107,238,2025-07-02,2026-01-01,0.9799476321415735,0.01311747374960829,0.005288499206539443,0.9930651058911818,0.9983536050977213,1,2,0.8974450835872029,0.037382184733909224
USDBRL,132,6m,108,239,2025-07-03,2026-01-02,0.9799710305755921,0.013122089411050699,0.005264318407112929,0.9930931199866428,0.9983574383937557,1,2,0.8821171396284024,0.027491627404684568
USDBRL,132,6m,109,240,2025-07-04,2026-01-05,0.9794738671725169,0.013761089160869652,0.005129574667992197,0.9932349563333865,0.9983645310013788,1,2,0.8559459153212531,0.03929056799094058
USDBRL,132,6m,110,241,2025-07-07,2026-01-06,0.9795442914570334,0.013880123498187897,0.004966274794033065,0.9934244149552213,0.9983906897492544,1,2,0.8443846540201053,0.02298883456161378
USDBRL,132,6m,111,242,2025-07-08,2026-01-07,0.9798299817996283,0.013887185950754,0.004704594921410408,0.9937171677503823,0.9984217626717927,1,2,0.8346036818284059,0.02291515704506864
USDBRL,132,6m,112,243,2025-07-09,2026-01-08,0.9801704843597921,0.013778455990262213,0.004505767479152514,0.9939489403500543,0.9984547078292069,1,2,0.8275301272133291,0.02157918005722906
USDBRL,132,6m,113,244,2025-07-10,2026-01-09,0.9802191458844577,0.013890910553766634,0.004371490390174678,0.9941100564382244,0.998481546828399,1,2,0.8277859310254508,0.017913641639460003
USDBRL,132,6m,114,245,2025-07-11,2026-01-12,0.9802671979341732,0.014012144147080893,0.0042179316335557784,0.994279342081254,0.9984972737148098,1,2,0.8351785229064407,0.021142687563236923
USDBRL,132,6m,115,246,2025-07-14,2026-01-13,0.9801087317525069,0.014299710288346491,0.004133911868713646,0.9944084420408534,0.998542353909567,1,2,0.8517102330199282,0.029169483498111642
USDBRL,132,6m,116,247,2025-07-15,2026-01-14,0.9801185645830971,0.01451208073659761,0.0039156997859721935,0.9946306453196947,0.9985463451056669,1,2,0.8534109251354038,0.015330306692568001
USDBRL,132,6m,117,248,2025-07-16,2026-01-15,0.9800967280929767,0.014636227973654423,0.00382448192580691,0.994732956066631,0.998557437992438,1,2,0.8604962274409618,0.016429761051730395
USDBRL,132,6m,118,249,2025-07-17,2026-01-16,0.9801435635266141,0.014722940172066325,0.0037043282930344333,0.9948665036986805,0.9985708319917149,1,2,0.8666622897520779,0.015547206755766697
USDBRL,132,6m,119,250,2025-07-18,2026-01-19,0.9801821836600667,0.014788221812946095,0.0036171988043065192,0.9949704054730129,0.9985876042773193,1,2,0.8758461821225274,0.018891206151407113
USDBRL,132,6m,120,251,2025-07-21,2026-01-20,0.9803294695446333,0.014728691994858744,0.003571772369931618,0.995058161539492,0.9986299339094237,1,2,0.8819566945584296,0.01900306714287839
USDBRL,132,6m,121,252,2025-07-22,2026-01-21,0.980632118946213,0.0146103130045801,0.0034420985027477685,0.9952424319507931,0.9986845304535409,1,2,0.9059272780149542,0.039861855124427824
USDBRL,132,6m,122,253,2025-07-23,2026-01-22,0.9802724028599601,0.015124111130943335,0.003322416778383355,0.9953965139909035,0.9987189307692868,1,2,0.928093205324802,0.04463679129136267
USDBRL,132,6m,123,254,2025-07-24,2026-01-23,0.979580038556398,0.01590177022692181,0.0032512912786172694,0.9954818087833198,0.998733100061937,1,2,0.9483370096317043,0.04106184604042926
USDBRL,132,6m,124,255,2025-07-25,2026-01-26,0.9796251494216006,0.016037652806048245,0.0031214892981626073,0.9956628022276489,0.9987842915258115,1,2,0.9684702492361804,0.04170988133664916
USDBRL,132,6m,125,256,2025-07-28,2026-01-27,0.9805018833508445,0.015497456036435387,0.002849733708056541,0.9959993393872799,0.9988490730953364,1,2,0.9977405002712104,0.05943898206214046
USDBRL,132,6m,126,257,2025-07-29,2026-01-28,0.9810850047401449,0.015143704596238476,0.002694220743432221,0.9962287093363834,0.9989229300798156,1,2,1.0235896778009093,0.04671713803646737
USDBRL,132,6m,127,258,2025-07-30,2026-01-29,0.982110969127324,0.014376828437687467,0.0025167392392295407,0.9964877975650115,0.999004536804241,1,2,1.046402504934922,0.040426402243389496
USDBRL,132,6m,128,259,2025-07-31,2026-01-30,0.9831228209765707,0.013610865105328246,0.0023451266454867204,0.9967336860818989,0.9990788127273856,1,2,1.065452402985166,0.03473124947811586
USDBRL,132,6m,129,260,2025-08-01,2026-02-02,0.9834088357149765,0.013389723257046907,0.0023044668784269803,0.9967985589720234,0.9991030258504504,1,2,1.0691505800016277,0.011907991807141687
USDBRL,132,6m,130,261,2025-08-04,2026-02-03,0.9832995729947782,0.013564556348093025,0.00226883931285901,0.9968641293428713,0.9991329686557302,1,2,1.0770594992283546,0.014388198742700104
USDBRL,132,6m,131,262,2025-08-05,2026-02-04,0.9836097351193815,0.01328980335689584,0.002257944928164774,0.9968995384762774,0.9991574834044422,1,2,1.0801900915140044,0.009500555701940727
USDBRL,132,6m,132,263,2025-08-06,2026-02-05,0.9837004437724487,0.01327357760029331,0.002210809506371084,0.996974021372742,0.9991848308791131,1,2,1.0808840563257636,0.0032013536658905464
USDBRL,132,6m,133,264,2025-08-07,2026-02-06,0.9839167095474983,0.013121694185840431,0.0021679502890334023,0.9970384037333387,0.9992063540223721,1,2,1.0779026911045346,0.006112494966213514
USDBRL,132,6m,134,265,2025-08-08,2026-02-09,0.9839922077920831,0.013034204205086533,0.0021802126513055463,0.9970264119971696,0.9992066246484752,1,2,1.0759419822632412,0.008420633563053722
USDBRL,132,6m,135,266,2025-08-11,2026-02-10,0.9838402761825135,0.01313628703524544,0.002213679984891062,0.9969765632177588,0.9991902432026499,1,2,1.0724780170606392,0.012178424261583951
USDBRL,132,6m,136,267,2025-08-12,2026-02-11,0.9835781911771598,0.013359787589036042,0.002242035324594988,0.9969379787661958,0.9991800140907908,1,2,1.0697105934955748,0.007689910675672645
USDBRL,132,6m,137,268,2025-08-13,2026-02-12,0.9832236872341661,0.01365666368900435,0.0022821291851880866,0.9968803509231704,0.9991624801083585,1,2,1.0688478402142463,0.004462079977885303
USDBRL,132,6m,138,269,2025-08-14,2026-02-13,0.9829335283018781,0.013878908901291578,0.0023254501367151194,0.9968124372031697,0.9991378873398847,1,2,1.068418285202569,0.006023316659099496
USDBRL,132,6m,139,270,2025-08-15,2026-02-16,0.9827014348677738,0.014052527142828293,0.002361299743749472,0.9967539620106022,0.9991152617543516,1,2,1.067670022030862,0.006233060056909097
USDBRL,132,6m,140,271,2025-08-18,2026-02-17,0.9826466258256751,0.014088681398932263,0.002371407192315665,0.9967353072246073,0.999106714416923,1,2,1.0669966881283737,0.006626007095973237
USDBRL,132,6m,141,272,2025-08-19,2026-02-18,0.9824692223781557,0.014245856771154176,0.0023867171633786227,0.9967150791493099,0.9991017963126885,1,2,1.0675412697372972,0.0036755359252754537
USDBRL,132,6m,142,273,2025-08-20,2026-02-19,0.9828888182179224,0.013858735999845165,0.002367372255904359,0.9967475542177676,0.999114926473672,1,2,1.066954694334999,0.008525292931195746
USDBRL,132,6m,143,274,2025-08-21,2026-02-20,0.9833269283000047,0.013447324143516135,0.0023502324812174295,0.9967742524435208,0.9991244849247383,1,2,1.0645202425616227,0.012674306043353371
USDBRL,132,6m,144,275,2025-08-22,2026-02-23,0.9832112475100655,0.013589384591197101,0.0023246542543392122,0.9968006321012626,0.9991252863556018,1,2,1.0598991769114976,0.013163884933296172
USDBRL,132,6m,145,276,2025-08-25,2026-02-24,0.9830847102635005,0.013750014596104556,0.002287989422688826,0.9968347248596051,0.9991227142822939,1,2,1.0560035878216205,0.011845977083970616
USDBRL,132,6m,146,277,2025-08-26,2026-02-25,0.9827781935719776,0.014068453323082614,0.002272565708691117,0.9968466468950602,0.9991192126037514,1,2,1.0519523329134788,0.010086544425642135
USDBRL,132,6m,147,278,2025-08-27,2026-02-26,0.9823280423063535,0.014503377463074854,0.002282517911301217,0.9968314197694284,0.9991139376807295,1,2,1.0499244748473295,0.00594419131395938
USDBRL,132,6m,148,279,2025-08-28,2026-02-27,0.9820522720911778,0.014791110813924063,0.0022695025969461527,0.9968433829051019,0.999112885502048,1,2,1.0479861341747096,0.007518695225070758
USDBRL,132,6m,149,280,2025-08-29,2026-03-02,0.9821248170618553,0.014745765890766517,0.0022341199198429446,0.9968705829526218,0.9991047028724648,1,2,1.047064614581907,0.006787413187878236
USDBRL,132,6m,150,281,2025-09-01,2026-03-03,0.9826848033706899,0.014282371192462786,0.0021341084676780027,0.9969671745631526,0.9991012830308307,1,2,1.0505763440045541,0.010279240313042209
USDBRL,132,6m,151,282,2025-09-02,2026-03-04,0.9828632361909674,0.01411153861123168,0.0021073109942997656,0.9969747748021991,0.9990820857964988,1,2,1.055335182132288,0.012051650593089446
USDBRL,132,6m,152,283,2025-09-03,2026-03-05,0.983618999014689,0.01344969449653077,0.002008084998176583,0.9970686935112197,0.9990767785093964,1,2,1.0553236152060754,0.009438628411485947
USDBRL,132,6m,153,284,2025-09-04,2026-03-06,0.98454123074533,0.012625982369174227,0.0018934156491640399,0.9971672131145042,0.9990606287636682,1,2,1.0399012742798461,0.025695214771283587
USDBRL,132,6m,154,285,2025-09-05,2026-03-09,0.985018850434772,0.01220946734157647,0.0018198402119793534,0.9972283177763485,0.9990481579883278,1,2,1.0270637736624235,0.024328304956855694
USDBRL,132,6m,155,286,2025-09-08,2026-03-10,0.9849537251048415,0.0122632838080209,0.0018123351451966023,0.9972170089128624,0.999029344058059,1,2,1.0251453275809537,0.00669005876665412
USDBRL,132,6m,156,287,2025-09-09,2026-03-11,0.9849646809285821,0.012248636258092185,0.0017993559269476865,0.9972133171866743,0.999012673113622,1,2,1.019935766977146,0.008891303203620525
USDBRL,132,6m,157,288,2025-09-10,2026-03-12,0.9856462466369363,0.011667756839196537,0.0017120049933973009,0.9973140034761329,0.9990260084695302,1,2,1.0000706897681424,0.03133592158028241
USDBRL,132,6m,158,289,2025-09-11,2026-03-13,0.9862534363146496,0.01116834501879074,0.0016209661914787855,0.9974217813334403,0.9990427475249191,1,2,0.9844295268402621,0.025629813481964945
USDBRL,132,6m,159,290,2025-09-12,2026-03-16,0.9864388847257448,0.011005639067587832,0.001586222252691077,0.9974445237933326,0.9990307460460237,1,2,0.9611540500672855,0.03574288362490961
USDBRL,132,6m,160,291,2025-09-15,2026-03-17,0.9865384896709538,0.010912535476940474,0.001567073857979692,0.9974510251478943,0.999018099005874,1,2,0.9290907323746778,0.04752064505419708
USDBRL,132,6m,161,292,2025-09-16,2026-03-18,0.986678100643032,0.010811351211910299,0.0015337043341043862,0.9974894518549423,0.9990231561890467,1,2,0.9047793898062696,0.03604139246373644
USDBRL,132,6m,162,293,2025-09-17,2026-03-19,0.9866300237131054,0.010815160708561975,0.0015769007648537346,0.9974451844216673,0.9990220851865211,1,2,0.8426983067200619,0.09028676109411445
USDBRL,132,6m,163,294,2025-09-18,2026-03-20,0.9869354551501327,0.010483328410731104,0.0016252061290675268,0.9974187835608638,0.9990439896899314,1,2,0.7794544480715629,0.09087696788163879
USDBRL,132,6m,164,295,2025-09-19,2026-03-23,0.9870574803438749,0.010315493515848193,0.001680564203980239,0.997372973859723,0.9990535380637033,1,2,0.726009133984218,0.0774422036057193
USDBRL,132,6m,165,296,2025-09-22,2026-03-24,0.9870195425878427,0.01026044275117574,0.0017828007162453243,0.9972799853390185,0.9990627860552638,1,2,0.6890095533352526,0.05706576733731683
USDBRL,132,6m,166,297,2025-09-23,2026-03-25,0.9866330502751965,0.010550173701187302,0.0018855176535696975,0.9971832239763838,0.9990687416299535,1,2,0.6623754493383548,0.04214566996848111
USDBRL,132,6m,167,298,2025-09-24,2026-03-26,0.9862336975774333,0.010865485501134696,0.0019766071840739224,0.9970991830785679,0.9990757902626419,1,2,0.6459055527144315,0.0290913689800178
USDBRL,132,6m,168,299,2025-09-25,2026-03-27,0.9857689357067556,0.011224292492661159,0.0020895855667964224,0.9969932281994167,0.9990828137662132,1,2,0.630295898477677,0.03238461548541589
