Par,h,fecha,Modelo,TRAIN_SIZE,K0,RMSE,MAE,WRMSE_short,WRMSE_long
USDZAR,1,2025-05-07,PM,66,5,0.0975704873412037,0.07384615384615387,0.1249701023940722,0.07462089937108043
USDZAR,1,2025-05-07,PA,66,5,0.5084693040666854,0.39995309760494624,0.5059942185785719,0.5116887514570115
USDZAR,1,2025-05-07,VAR1,66,5,19.393103739964875,14.946859773052084,27.990706887042624,12.574886174111366
USDZAR,1,2025-05-07,ARHinc,66,5,0.4899411952238071,0.3903091753745578,0.46110297795301114,0.5085734687363439
USDZAR,1,2025-05-07,KernelARH,66,5,0.49380989035508227,0.399332182525411,0.4548194409672697,0.5158123120684335
USDZAR,5,2025-05-13,PM,66,4,0.8149185306142336,0.6149999999999999,1.2679414351388445,0.4478384906781726
USDZAR,5,2025-05-13,PA,66,4,0.9747263109402512,0.7700320460897094,1.3893150346117351,0.6873787354908244
USDZAR,5,2025-05-13,VAR1,66,4,31.22988461744536,23.89821287838052,44.35906821135257,19.164658346218143
USDZAR,5,2025-05-13,ARHinc,66,4,0.9958992779231471,0.7839776248014102,1.4269580335504015,0.695145301086251
USDZAR,5,2025-05-13,KernelARH,66,4,0.5880602454616889,0.47407855929400233,0.7128421448018639,0.5432614747455237
USDZAR,10,2025-05-20,PM,66,3,0.6211920921781082,0.5158846153846153,0.8473009338264741,0.4208813336145752
USDZAR,10,2025-05-20,PA,66,3,0.8428516573958877,0.6964172674268923,1.0714441356981097,0.677163162138552
USDZAR,10,2025-05-20,VAR1,66,3,14.456802208443886,11.780751986803471,20.386068690473763,9.023507421909075
USDZAR,10,2025-05-20,ARHinc,66,3,0.8482395067429185,0.6975129304360543,1.0893078024033103,0.6760049545671961
USDZAR,10,2025-05-20,KernelARH,66,3,0.49640165588151797,0.40480171900118345,0.46484755361474167,0.5266536796988428
USDZAR,1,2025-05-08,PM,66,5,0.1932849878766106,0.13392307692307667,0.29739173097928445,0.10283535667504393
USDZAR,1,2025-05-08,PA,66,5,0.5574187194206166,0.4436917091182502,0.6273318093624838,0.5237820851067583
USDZAR,1,2025-05-08,VAR1,66,5,16.031996353050303,12.342077198224572,23.18551506167195,10.350215749989845
USDZAR,1,2025-05-08,ARHinc,66,5,0.5496459816515624,0.4367040905888408,0.6118946650487453,0.5216103830005039
USDZAR,1,2025-05-08,KernelARH,66,5,0.5630628116169151,0.4513172526459223,0.6446615748306351,0.5244224909379549
USDZAR,5,2025-05-14,PM,66,4,0.7742988764036793,0.5955769230769233,1.1640235407439634,0.438533887873151
USDZAR,5,2025-05-14,PA,66,4,0.9345412638821406,0.7513272725105957,1.2856134856150803,0.6809402925077565
USDZAR,5,2025-05-14,VAR1,66,4,25.663430145309782,19.908920879673463,36.15027446871278,16.184925179991062
USDZAR,5,2025-05-14,ARHinc,66,4,0.932092088241186,0.7472250073098617,1.2872059982387005,0.6771415618267934
USDZAR,5,2025-05-14,KernelARH,66,4,0.8190649482210386,0.6623354491975917,1.0828868048524891,0.6393991597407149
USDZAR,10,2025-05-21,PM,66,3,0.4528720845890149,0.3512692307692305,0.6413769546217355,0.3022658755594821
USDZAR,10,2025-05-21,PA,66,3,0.7100867155325417,0.5791356034278574,0.8985647339064692,0.5959167362074247
USDZAR,10,2025-05-21,VAR1,66,3,11.577803662580786,9.394483570869244,16.363352575568904,7.199041804917516
USDZAR,10,2025-05-21,ARHinc,66,3,0.7118254053172208,0.579989434889927,0.9049168269819081,0.5954058351989734
USDZAR,10,2025-05-21,KernelARH,66,3,0.5256659385859613,0.43091206066900295,0.5189407465238358,0.5377253990908808
USDZAR,1,2025-05-09,PM,66,5,0.18179645739968897,0.14292307692307685,0.21654272889589238,0.1761234019297501
USDZAR,1,2025-05-09,PA,66,5,0.5194426178982426,0.4096285133031425,0.49376959507415924,0.5514380902031568
USDZAR,1,2025-05-09,VAR1,66,5,35.054117504465665,26.992944119914313,50.59136877541717,23.170410970031458
USDZAR,1,2025-05-09,ARHinc,66,5,0.5296688995516585,0.4215142594130309,0.5270687008872295,0.55098945403124
USDZAR,1,2025-05-09,KernelARH,66,5,0.532168687586128,0.4282275279720485,0.5374775807833901,0.544328260540478
USDZAR,5,2025-05-15,PM,66,4,0.5130722415021107,0.4300384615384618,0.6509593607916632,0.36101885344048656
USDZAR,5,2025-05-15,PA,66,4,0.7066518902556085,0.5884258854970198,0.7856959590157493,0.6334075352072139
USDZAR,5,2025-05-15,VAR1,66,4,52.48197115556352,40.87911874982309,73.76081225794124,33.44607433585187
USDZAR,5,2025-05-15,ARHinc,66,4,0.6819525405254986,0.5671729483461089,0.7508783040609452,0.618922660373516
USDZAR,5,2025-05-15,KernelARH,66,4,0.7896475731279424,0.6510546461927018,0.9376891149824825,0.6651603211800987
USDZAR,10,2025-05-22,PM,66,3,0.2757809714805741,0.223,0.33676275414267554,0.21642852559877568
USDZAR,10,2025-05-22,PA,66,3,0.5948739063743284,0.4819606836854003,0.6577227964575629,0.5618634672168986
USDZAR,10,2025-05-22,VAR1,66,3,23.777638460673735,19.332078400492215,33.53545445351723,14.802730258551774
USDZAR,10,2025-05-22,ARHinc,66,3,0.5856334663285984,0.47324459162339194,0.6404307593169382,0.5582235009574558
USDZAR,10,2025-05-22,KernelARH,66,3,0.5349247629608334,0.4433337610671055,0.532796277869272,0.5425433008590637
USDZAR,1,2025-05-12,PM,66,5,0.313549391888816,0.2634230769230772,0.43497485087642285,0.26588843335182044
USDZAR,1,2025-05-12,PA,66,5,0.5983210217771856,0.47785704458153777,0.6870118576663269,0.5798147785174191
USDZAR,1,2025-05-12,VAR1,66,5,32.002623155083796,24.432903710577797,46.59529670530306,20.55820885121297
USDZAR,1,2025-05-12,ARHinc,66,5,0.6523760651398203,0.5172091950096243,0.8085449663666234,0.5873542897094136
USDZAR,1,2025-05-12,KernelARH,66,5,0.5857563591339106,0.46877176246364866,0.669772815105176,0.568742779581283
USDZAR,5,2025-05-16,PM,66,4,0.4184229204819157,0.39034615384615406,0.45013502979740183,0.3618715078199284
USDZAR,5,2025-05-16,PA,66,4,0.7100410349186336,0.5879524036207953,0.7793893745128488,0.6369056164891707
USDZAR,5,2025-05-16,VAR1,66,4,45.95025169265482,35.70504975905206,65.16894839023958,28.680863792059103
USDZAR,5,2025-05-16,ARHinc,66,4,0.7133601167972755,0.5912013632606675,0.7795622120528762,0.640472272934165
USDZAR,5,2025-05-16,KernelARH,66,4,0.7775073071365627,0.6429131180265149,0.8977181550057163,0.665620375524685
USDZAR,10,2025-05-23,PM,66,3,0.19050035332089194,0.1616923076923078,0.18440915486684387,0.18551092664485166
USDZAR,10,2025-05-23,PA,66,3,0.5759432733600045,0.47274292719857175,0.6145475115228979,0.5613961361978312
USDZAR,10,2025-05-23,VAR1,66,3,22.116811376946526,17.975398995246785,31.196383578092213,13.766529414829284
USDZAR,10,2025-05-23,ARHinc,66,3,0.5669945254824003,0.4649214288863546,0.5966410758540122,0.5581713276936044
USDZAR,10,2025-05-23,KernelARH,66,3,0.5485552964865182,0.45267466810174173,0.5457234028315189,0.5559445879014411
USDZAR,1,2025-05-13,PM,66,5,0.19960959492122463,0.16315384615384598,0.28097605910496004,0.14962571227966398
USDZAR,1,2025-05-13,PA,66,5,0.5362864469075259,0.4358585076015296,0.5654902536980844,0.5402107338595545
USDZAR,1,2025-05-13,VAR1,66,5,43.50819424077128,33.05400583469865,63.58244186636759,27.480717205111407
USDZAR,1,2025-05-13,ARHinc,66,5,0.49914070821934164,0.40681018503767635,0.4751883952022088,0.5245707146486517
USDZAR,1,2025-05-13,KernelARH,66,5,0.5591491579585551,0.4587048786071132,0.6358786606017545,0.5394420216201957
USDZAR,5,2025-05-19,PM,66,4,0.20039528245637214,0.1666538461538461,0.2109368358303558,0.1837599044123708
USDZAR,5,2025-05-19,PA,66,4,0.5138453016166676,0.41649781101865135,0.4660742299334977,0.5435371235221219
USDZAR,5,2025-05-19,VAR1,66,4,64.48735758554629,50.87226001599887,91.2848690824553,40.90553478813812
USDZAR,5,2025-05-19,ARHinc,66,4,0.5049634673830556,0.41260481051777487,0.46429737684759964,0.5339277182296186
USDZAR,5,2025-05-19,KernelARH,66,4,0.593677481150957,0.48881193899013814,0.6371836565992192,0.5744473883315049
USDZAR,10,2025-05-26,PM,66,3,0.43064229757600264,0.3154230769230768,0.6444383394026298,0.2682843422856907
USDZAR,10,2025-05-26,PA,66,3,0.5510012171932672,0.4610768686892001,0.5775216946467312,0.543883850840069
USDZAR,10,2025-05-26,VAR1,66,3,36.65621377017264,29.825290546001717,51.66100965463658,22.839211130822054
USDZAR,10,2025-05-26,ARHinc,66,3,0.5632867903167772,0.46969487606632593,0.6017367831357092,0.5475987109816308
USDZAR,10,2025-05-26,KernelARH,66,3,0.6417487412914438,0.5271055002656923,0.735476314917889,0.5790958095541099
USDZAR,1,2025-05-14,PM,66,5,0.10116437500044559,0.07434615384615394,0.1302957774910579,0.0694300287345713
USDZAR,1,2025-05-14,PA,66,5,0.498554841340722,0.409974752098363,0.45430544285457425,0.5291913358411615
USDZAR,1,2025-05-14,VAR1,66,5,50.48661608249221,38.18087260204758,73.67899062791672,32.52963681185561
USDZAR,1,2025-05-14,ARHinc,66,5,0.5002070733729286,0.4112865569527854,0.457568377155909,0.5302981379429286
USDZAR,1,2025-05-14,KernelARH,66,5,0.5397720021309199,0.4417060166984012,0.5586472505066543,0.5403637406863637
USDZAR,5,2025-05-20,PM,66,4,0.2984409811516664,0.19750000000000015,0.4920321911702569,0.1533738045038326
USDZAR,5,2025-05-20,PA,66,4,0.5571507673649413,0.4587293726955115,0.6125314227611072,0.5416655732896762
USDZAR,5,2025-05-20,VAR1,66,4,66.27844736724374,52.82463108851199,94.04136944665167,41.8284552293942
USDZAR,5,2025-05-20,ARHinc,66,4,0.5529343177324737,0.45498140035665835,0.5990283097982475,0.5423636163735924
USDZAR,5,2025-05-20,KernelARH,66,4,0.516721790007351,0.4198307887294209,0.4871089923564379,0.5424927029441099
USDZAR,10,2025-05-27,PM,66,3,0.17734107186219106,0.14019230769230775,0.24723920096685964,0.11985948456394059
USDZAR,10,2025-05-27,PA,66,3,0.5028765417686905,0.41519232831570907,0.4615333681971982,0.5322105277563769
USDZAR,10,2025-05-27,VAR1,66,3,45.52953339769301,37.03856366266404,64.23479233015378,28.32383991909166
USDZAR,10,2025-05-27,ARHinc,66,3,0.5061711255153895,0.4179854909279881,0.4696845334997857,0.532060581489994
USDZAR,10,2025-05-27,KernelARH,66,3,0.5016120877656307,0.412603181429119,0.4735939205914697,0.5293018677118332
USDZAR,1,2025-05-15,PM,66,5,0.2080342982076977,0.14734615384615393,0.329495354924262,0.12260507907248465
USDZAR,1,2025-05-15,PA,66,5,0.5097580587910271,0.4170215651243164,0.4920564998186073,0.5341217429751638
USDZAR,1,2025-05-15,VAR1,66,5,31.363347817187663,23.536271834641987,46.05232621019285,19.641961700434543
USDZAR,1,2025-05-15,ARHinc,66,5,0.5067234369582001,0.41494940880031117,0.4841718812990846,0.5325120142692238
USDZAR,1,2025-05-15,KernelARH,66,5,0.5050406990734384,0.41355838331324735,0.46539028002432425,0.5348558274542841
USDZAR,5,2025-05-21,PM,66,4,0.3992120243487357,0.293192307692308,0.5879759125360403,0.23026925963832034
USDZAR,5,2025-05-21,PA,66,4,0.6057807630303844,0.49834456691482404,0.6824595566954437,0.5652597066207823
USDZAR,5,2025-05-21,VAR1,66,4,39.78525025414589,32.00779687459707,56.3025621980797,25.40721905175163
USDZAR,5,2025-05-21,ARHinc,66,4,0.6041792491647412,0.4955165023787691,0.6771367044312373,0.5650792550756913
USDZAR,5,2025-05-21,KernelARH,66,4,0.5301858259827176,0.4282517842568906,0.5358264379748965,0.5367664188932891
USDZAR,10,2025-05-28,PM,66,3,0.14004686715524922,0.11457692307692323,0.17814164948146197,0.11436333085801398
USDZAR,10,2025-05-28,PA,66,3,0.5152146212355188,0.421337011110831,0.5210731818370145,0.5355466516812742
USDZAR,10,2025-05-28,VAR1,66,3,27.24375523713995,22.130298647830973,38.51962698543294,16.898818809806418
USDZAR,10,2025-05-28,ARHinc,66,3,0.5205020701193477,0.4262493365449461,0.5377540656321552,0.5363430983000598
USDZAR,10,2025-05-28,KernelARH,66,3,0.5242350822167481,0.42826908476004005,0.54984173291053,0.5366514678250801
USDZAR,1,2025-05-16,PM,66,5,0.0573824048347171,0.04230769230769208,0.06998695654929385,0.04942663548906234
USDZAR,1,2025-05-16,PA,66,5,0.5034120002965251,0.4136855772091785,0.4575418417179906,0.5376869194419976
USDZAR,1,2025-05-16,VAR1,66,5,13.484923691002932,9.997299527390405,19.960524461561224,8.095939740760361
USDZAR,1,2025-05-16,ARHinc,66,5,0.5033934747917789,0.4147332858878075,0.45936836685840976,0.5384803664507571
USDZAR,1,2025-05-16,KernelARH,66,5,0.5066419398793963,0.40822209026712003,0.45777362932779214,0.5412984799372673
USDZAR,5,2025-05-22,PM,66,4,0.308835592309117,0.2676153846153847,0.3853653862084577,0.2149970158212979
USDZAR,5,2025-05-22,PA,66,4,0.6044576437221679,0.4991792504250922,0.6553519702981176,0.5717088122073777
USDZAR,5,2025-05-22,VAR1,66,4,15.200405731537238,12.351371296040766,21.556252748973794,9.726706902177414
USDZAR,5,2025-05-22,ARHinc,66,4,0.6011727169882872,0.49632063491104755,0.6456943002459815,0.5720730901338473
USDZAR,5,2025-05-22,KernelARH,66,4,0.6847735707886529,0.5599067144054466,0.7898166950804358,0.6077525251918034
USDZAR,10,2025-05-29,PM,66,3,0.33741523151976766,0.1966923076923076,0.5873358587660701,0.18317095850400059
USDZAR,10,2025-05-29,PA,66,3,0.5748293258343105,0.4628330874659988,0.6736997346725591,0.5504298520241061
USDZAR,10,2025-05-29,VAR1,66,3,9.925243575417221,8.006705242333352,14.15021839966736,6.102419242436643
USDZAR,10,2025-05-29,ARHinc,66,3,0.5674404714893431,0.4540404340241051,0.653348579483692,0.5494292677795726
USDZAR,10,2025-05-29,KernelARH,66,3,0.5754566398475583,0.46639445905910426,0.6737239496665207,0.5511332860010577
USDZAR,1,2025-05-19,PM,66,5,0.18445345462494556,0.1176538461538461,0.235771748755593,0.11168590674445292
USDZAR,1,2025-05-19,PA,66,5,0.4996428743052744,0.40695799433820895,0.4627503167420288,0.5316146822602277
USDZAR,1,2025-05-19,VAR1,66,5,7.853809141910288,5.799472717476102,11.701786267236836,4.663873587304366
USDZAR,1,2025-05-19,ARHinc,66,5,0.5026221704336047,0.409420053129283,0.4667961024021096,0.5329933323495892
USDZAR,1,2025-05-19,KernelARH,66,5,0.5071063835992359,0.4146212037139747,0.481129093424748,0.5299076283995182
USDZAR,5,2025-05-23,PM,66,4,0.33349914946264514,0.28753846153846163,0.4046000430555175,0.24287912328328312
USDZAR,5,2025-05-23,PA,66,4,0.6261452108402198,0.5130292413059162,0.6755119036660754,0.5929763001975902
USDZAR,5,2025-05-23,VAR1,66,4,8.239299246746496,6.7374714413541055,11.708770673701201,5.2502666055081795
USDZAR,5,2025-05-23,ARHinc,66,4,0.6394325300733726,0.5259934810948304,0.6987787234444354,0.5983516826204894
USDZAR,5,2025-05-23,KernelARH,66,4,0.6668782688320286,0.5463076737740722,0.7563931093947662,0.6061382444376976
USDZAR,10,2025-05-30,PM,66,3,0.22335542131492864,0.1552307692307695,0.358349846465332,0.15059525601603144
USDZAR,10,2025-05-30,PA,66,3,0.5367864131536507,0.44063390985680256,0.5568499858616937,0.5424347256122171
USDZAR,10,2025-05-30,VAR1,66,3,4.745921423944895,3.79456534613634,6.772733087003805,2.904882697483795
USDZAR,10,2025-05-30,ARHinc,66,3,0.5321328896581404,0.4352580689680896,0.544213185187317,0.5418614397840302
USDZAR,10,2025-05-30,KernelARH,66,3,0.5211389575013247,0.42392457594413974,0.5147521560407587,0.5391252906671378
USDZAR,1,2025-05-20,PM,66,5,0.07291888275020712,0.04123076923076917,0.12376720476350549,0.03578300222428836
USDZAR,1,2025-05-20,PA,66,5,0.506500328581595,0.41414666709596826,0.4944133925499608,0.5292300545127309
USDZAR,1,2025-05-20,VAR1,66,5,27.714302866666493,20.358293225801283,40.94464463143278,17.350068485804883
USDZAR,1,2025-05-20,ARHinc,66,5,0.5041041445947979,0.41323877722321095,0.48525446186563,0.5299222436607671
USDZAR,1,2025-05-20,KernelARH,66,5,0.49515350595704755,0.4036845637752293,0.46021133572557177,0.5274098565619821
USDZAR,5,2025-05-26,PM,66,4,0.3716656893168706,0.30684615384615405,0.5291175911426851,0.2290418224188333
USDZAR,5,2025-05-26,PA,66,4,0.7045507174091143,0.5755761564630284,0.8608672676952358,0.5979588422967848
USDZAR,5,2025-05-26,VAR1,66,4,27.959201793113333,23.052516241730395,39.748706997011865,17.655289597380705
USDZAR,5,2025-05-26,ARHinc,66,4,0.7010822663507751,0.5735151810962956,0.8599364464161781,0.5951424981880941
USDZAR,5,2025-05-26,KernelARH,66,4,0.5529278234602932,0.4553402351929929,0.5655346374490295,0.5500396114660874
USDZAR,10,2025-06-02,PM,66,3,0.30521430050174453,0.21538461538461545,0.4858113759753068,0.18216627358344165
USDZAR,10,2025-06-02,PA,66,3,0.5299102705222271,0.43364033847386574,0.5764532414014064,0.5273771325801266
USDZAR,10,2025-06-02,VAR1,66,3,22.591537274699302,18.356397814748068,31.972550799603255,13.996800716969608
USDZAR,10,2025-06-02,ARHinc,66,3,0.5260121940755691,0.4282612928824079,0.5619993128336167,0.5277271525416319
USDZAR,10,2025-06-02,KernelARH,66,3,0.5358634689890506,0.437095618883911,0.6020501257818123,0.5256664398444849
USDZAR,1,2025-05-21,PM,66,5,0.13732663896429853,0.12676923076923086,0.1435344842145373,0.11940022110782608
USDZAR,1,2025-05-21,PA,66,5,0.5088424926484109,0.4154088507778179,0.4775221138168025,0.537989210404437
USDZAR,1,2025-05-21,VAR1,66,5,20.621984047424764,14.945185336667583,30.75112921591826,12.488361893521153
USDZAR,1,2025-05-21,ARHinc,66,5,0.5071413692215512,0.4133347984648372,0.4764272136044226,0.5364088887359538
USDZAR,1,2025-05-21,KernelARH,66,5,0.4951666659808276,0.3986767882430768,0.4692705281683632,0.5264626302092285
USDZAR,5,2025-05-27,PM,66,4,0.15555993774352447,0.09176923076923087,0.2685129286844753,0.07019517528723565
USDZAR,5,2025-05-27,PA,66,4,0.5021630178841311,0.41307409276386775,0.47416871411051403,0.5284963178107493
USDZAR,5,2025-05-27,VAR1,66,4,20.18179241036487,16.72433056722454,28.752574455812887,12.746162675666032
USDZAR,5,2025-05-27,ARHinc,66,4,0.5043780638097672,0.41365950416570263,0.485656929034935,0.5286228268028961
USDZAR,5,2025-05-27,KernelARH,66,4,0.511305266216971,0.42033339324242186,0.5000751866967993,0.53103628182852
USDZAR,10,2025-06-03,PM,66,3,0.3557409656131616,0.2400769230769231,0.5793346901270855,0.19972779848844724
USDZAR,10,2025-06-03,PA,66,3,0.5388400421446365,0.4395966515739293,0.601711143204922,0.5297608313015475
USDZAR,10,2025-06-03,VAR1,66,3,16.068168181752185,13.03760190730619,22.780113823046516,9.93566038648761
USDZAR,10,2025-06-03,ARHinc,66,3,0.5505168207155299,0.4492314791422336,0.6310826951247553,0.5322714917069945
USDZAR,10,2025-06-03,KernelARH,66,3,0.5353403678740049,0.43764931124293494,0.5961408633216804,0.5279397172528533
USDZAR,1,2025-05-22,PM,66,5,0.08687994590237728,0.061500000000000006,0.11554672185846258,0.056893098459215474
USDZAR,1,2025-05-22,PA,66,5,0.49233546183690496,0.3962057174564271,0.44987583765251177,0.5252290398233677
USDZAR,1,2025-05-22,VAR1,66,5,27.445108334159563,19.653988415338887,41.25979065669266,15.638948384456093
USDZAR,1,2025-05-22,ARHinc,66,5,0.4917682642845137,0.39673592620532977,0.4479563072369089,0.5257301812877327
USDZAR,1,2025-05-22,KernelARH,66,5,0.5022084288058519,0.4097938832219407,0.47735856116006653,0.527014205340398
USDZAR,5,2025-05-28,PM,66,4,0.38387159812384386,0.27919230769230785,0.6030845770878694,0.22120823607473436
USDZAR,5,2025-05-28,PA,66,4,0.5994768877465199,0.4850778688004203,0.710663945127507,0.5634782227859311
USDZAR,5,2025-05-28,VAR1,66,4,32.9212822642483,26.948884493828103,46.44554023204181,21.455713380906005
USDZAR,5,2025-05-28,ARHinc,66,4,0.6078658459508407,0.4907457453860566,0.7212089060078075,0.5681053784300095
USDZAR,5,2025-05-28,KernelARH,66,4,0.6605877486561802,0.5368661611270036,0.8333633082139038,0.581181398863471
USDZAR,10,2025-06-04,PM,66,3,0.3904988796398782,0.2992307692307692,0.5453094875745154,0.25600079860135394
USDZAR,10,2025-06-04,PA,66,3,0.5754376205406742,0.463197514232305,0.6241756992581171,0.5527640396043998
USDZAR,10,2025-06-04,VAR1,66,3,24.79997087897571,20.17779050074683,35.00553289607681,15.396869794671044
USDZAR,10,2025-06-04,ARHinc,66,3,0.5853066873047589,0.46833532241885223,0.6370604544278775,0.5583319510240478
USDZAR,10,2025-06-04,KernelARH,66,3,0.5240815751035475,0.43302378410763576,0.5316291407712532,0.5317509580093984
USDZAR,1,2025-05-23,PM,66,5,0.07522146788496777,0.046269230769230854,0.1102867298387557,0.04843157295684256
USDZAR,1,2025-05-23,PA,66,5,0.5040975007239208,0.40577308906939247,0.4630838464988684,0.5360353158285511
USDZAR,1,2025-05-23,VAR1,66,5,25.71799896492402,18.378092338330255,38.56864519478794,15.001207384013346
USDZAR,1,2025-05-23,ARHinc,66,5,0.5035802188543075,0.4039708308559105,0.4620732802039926,0.5360103308548545
USDZAR,1,2025-05-23,KernelARH,66,5,0.5053713560802608,0.4068966630523831,0.4671165696690398,0.5364418533755065
USDZAR,5,2025-05-29,PM,66,4,0.5522290494685363,0.3944615384615387,0.8741395191263504,0.31262210759752923
USDZAR,5,2025-05-29,PA,66,4,0.7063841002174464,0.5659326824234004,0.923565401891567,0.5982798912505023
USDZAR,5,2025-05-29,VAR1,66,4,27.70739833655567,22.81922714877226,39.56774015344316,17.42558062963381
USDZAR,5,2025-05-29,ARHinc,66,4,0.7033247028962226,0.5635407666075842,0.9173329828362456,0.5976122542886819
USDZAR,5,2025-05-29,KernelARH,66,4,0.7781933202083695,0.6226928636411054,1.0529296582695515,0.6216839915267258
USDZAR,10,2025-06-05,PM,66,3,0.405786866186217,0.30826923076923085,0.5601793681448841,0.2647253387389611
USDZAR,10,2025-06-05,PA,66,3,0.5882991190453254,0.47501082690227986,0.643766120114979,0.5547766772548088
USDZAR,10,2025-06-05,VAR1,66,3,22.52690972479102,18.31738735457791,31.807737791573093,13.97071643563753
USDZAR,10,2025-06-05,ARHinc,66,3,0.5888262888927803,0.47483164402739525,0.6435603306995846,0.5553651252992974
USDZAR,10,2025-06-05,KernelARH,66,3,0.5267042669471083,0.43039381267496185,0.5325989222677359,0.5304349010917763
USDZAR,1,2025-05-26,PM,66,5,0.18628052150535673,0.11953846153846154,0.27377507440861165,0.09858371171198325
USDZAR,1,2025-05-26,PA,66,5,0.5424436888696617,0.45127071742491204,0.5524839454091687,0.5418633351144951
USDZAR,1,2025-05-26,VAR1,66,5,23.679065796500783,17.281758293577578,35.24978160134604,14.46655301281722
USDZAR,1,2025-05-26,ARHinc,66,5,0.5350505989604033,0.4426740212018803,0.5357486239869627,0.5401295871003821
USDZAR,1,2025-05-26,KernelARH,66,5,0.5436813752939671,0.4510853164454739,0.5550695475210913,0.5425351996850518
USDZAR,5,2025-05-30,PM,66,4,0.4500030982799323,0.34073076923076917,0.6535880343124943,0.26502221002114373
USDZAR,5,2025-05-30,PA,66,4,0.6600373985833333,0.533675495385984,0.7918609049256036,0.5817417045641001
USDZAR,5,2025-05-30,VAR1,66,4,23.706115144265006,19.466798442012795,33.98560492675001,14.592292468594305
USDZAR,5,2025-05-30,ARHinc,66,4,0.6596020333936699,0.5332979642024035,0.790327719645216,0.5818234841181871
USDZAR,5,2025-05-30,KernelARH,66,4,0.6815806501455561,0.5538279269786872,0.8307668144066297,0.5891268116629368
USDZAR,10,2025-06-06,PM,66,3,0.7075190946050637,0.568153846153846,1.00538383269838,0.4639603192842251
USDZAR,10,2025-06-06,PA,66,3,0.8276390058481269,0.6608143729073839,1.0650908631856677,0.6662426551241826
USDZAR,10,2025-06-06,VAR1,66,3,19.64718145770346,15.992019490800761,27.777890880724197,12.183122643239882
USDZAR,10,2025-06-06,ARHinc,66,3,0.8295527089280614,0.6627098696659631,1.067076628127873,0.6676600042995143
USDZAR,10,2025-06-06,KernelARH,66,3,0.7066804411844618,0.5672105561242309,0.8758571155314281,0.6072628105223987
USDZAR,1,2025-05-27,PM,66,5,0.42303743696855356,0.32357692307692293,0.6567546779328917,0.23306469826194376
USDZAR,1,2025-05-27,PA,66,5,0.5974357009935899,0.4812987665054913,0.6946502873235665,0.5632670069533908
USDZAR,1,2025-05-27,VAR1,66,5,25.973889342361122,19.140651619535,38.62504268468242,16.024980376361118
USDZAR,1,2025-05-27,ARHinc,66,5,0.5901322423421137,0.475717299774402,0.6733702721773271,0.5632143988557671
USDZAR,1,2025-05-27,KernelARH,66,5,0.6324599990549435,0.5110337133793301,0.7669009816492919,0.5746014163041704
USDZAR,5,2025-06-02,PM,66,4,0.6499723366894458,0.48323076923076963,0.997457555126574,0.36858019361278016
USDZAR,5,2025-06-02,PA,66,4,0.7343157625589732,0.5781022442702629,0.9697214742312265,0.6012825216172428
USDZAR,5,2025-06-02,VAR1,66,4,25.290857927577598,20.60585295109387,36.44968390283984,15.286097141689348
USDZAR,5,2025-06-02,ARHinc,66,4,0.7468591047544183,0.5893098093427108,0.9895618010115061,0.607064228036647
USDZAR,5,2025-06-02,KernelARH,66,4,0.7388581288837409,0.5864716090309126,0.9789878202266888,0.6016070906123215
USDZAR,10,2025-06-09,PM,66,3,1.0946898709047868,0.8096153846153848,1.6819453954174506,0.6063047099747507
USDZAR,10,2025-06-09,PA,66,3,1.0845883818260078,0.8406170282621532,1.5662576326332773,0.7463997298037145
USDZAR,10,2025-06-09,VAR1,66,3,21.22539350566722,17.244642603247517,30.12103480227382,13.102570925897538
USDZAR,10,2025-06-09,ARHinc,66,3,1.105984998682132,0.8578143264513337,1.5974461895817087,0.7578962799134327
USDZAR,10,2025-06-09,KernelARH,66,3,0.9158084145852007,0.7081954540079141,1.3131855882298697,0.6609422214282579
USDZAR,1,2025-05-28,PM,66,5,0.18884568384713568,0.13630769230769232,0.2780487246756249,0.11809885850624427
USDZAR,1,2025-05-28,PA,66,5,0.5062325131885418,0.4107298739239586,0.48870161553519775,0.5323434777651213
USDZAR,1,2025-05-28,VAR1,66,5,47.60311695414206,34.940323778860424,70.88383701781271,29.123569120081033
USDZAR,1,2025-05-28,ARHinc,66,5,0.4986932528430892,0.4076570738205752,0.46324166804800554,0.5311966258722942
USDZAR,1,2025-05-28,KernelARH,66,5,0.5029750605831699,0.4082465792990708,0.48642982201127055,0.530665825908551
USDZAR,5,2025-06-03,PM,66,4,0.23939476971987253,0.1933076923076926,0.33853093859000144,0.17089356085777865
USDZAR,5,2025-06-03,PA,66,4,0.5063477915651504,0.40941011393928817,0.4934150399488561,0.5264949930510111
USDZAR,5,2025-06-03,VAR1,66,4,50.969508414185114,41.00083291801033,73.68343596400594,30.40723025808436
USDZAR,5,2025-06-03,ARHinc,66,4,0.49892294328653336,0.41238786375613773,0.47135388542599116,0.5244549480530133
USDZAR,5,2025-06-03,KernelARH,66,4,0.6302464359838464,0.5017813074418169,0.7888462192866772,0.5586622494947326
USDZAR,10,2025-06-10,PM,66,3,0.712535188064961,0.5019999999999999,1.0933970796953592,0.37818412046856953
USDZAR,10,2025-06-10,PA,66,3,0.7858594365213947,0.6332945090810754,1.03201758385304,0.6565795838178052
USDZAR,10,2025-06-10,VAR1,66,3,42.569442581618205,34.617050893302256,60.22665980966344,26.33667926406959
USDZAR,10,2025-06-10,ARHinc,66,3,0.7224237741968066,0.579976534549092,0.9187076731142886,0.6353653990768019
USDZAR,10,2025-06-10,KernelARH,66,3,0.9496681981919837,0.7516118718823941,1.3529676355217042,0.7008478099026034
USDZAR,1,2025-05-29,PM,66,5,0.16230772648559608,0.10203846153846159,0.24100724216913055,0.09418526423762599
USDZAR,1,2025-05-29,PA,66,5,0.524200629999065,0.4255636550808274,0.5348268261849953,0.5388497244442818
USDZAR,1,2025-05-29,VAR1,66,5,44.36409015793818,32.191908830694,66.32373743288322,26.58570474212598
USDZAR,1,2025-05-29,ARHinc,66,5,0.5294153016903881,0.42940096436704117,0.5531465041756097,0.5387289186608457
USDZAR,1,2025-05-29,KernelARH,66,5,0.5137362594343935,0.41923522441596844,0.4993678288000069,0.5381264082308623
USDZAR,5,2025-06-04,PM,66,4,0.14234117329636092,0.10473076923076939,0.22657654208838673,0.0936917073784173
USDZAR,5,2025-06-04,PA,66,4,0.5017448377014048,0.41173683472469724,0.48113210712115934,0.5243398534323375
USDZAR,5,2025-06-04,VAR1,66,4,53.03005715684491,41.63372099645349,77.0639721761191,31.019439127531246
USDZAR,5,2025-06-04,ARHinc,66,4,0.5027416210631189,0.41468385461549945,0.48571501786850413,0.5241728333421122
USDZAR,5,2025-06-04,KernelARH,66,4,0.5501784608569272,0.4481493192129419,0.5830895507695516,0.5401744486363602
USDZAR,10,2025-06-11,PM,66,3,0.6346981035833553,0.4483846153846155,0.972873647056328,0.3335776298760978
USDZAR,10,2025-06-11,PA,66,3,0.8204393206833602,0.6616880444649801,1.0951195913904526,0.672548930652016
USDZAR,10,2025-06-11,VAR1,66,3,40.927707518922574,33.272397819079075,57.924212859051224,25.302974879005045
USDZAR,10,2025-06-11,ARHinc,66,3,0.8010130179368615,0.6449790887855467,1.061414634649146,0.6659912424330626
USDZAR,10,2025-06-11,KernelARH,66,3,1.0274747333632286,0.8129303065440494,1.478799314640862,0.7355916122354841
USDZAR,1,2025-05-30,PM,66,5,0.16193986300713378,0.09811538461538472,0.2789417674409012,0.1015589135410212
USDZAR,1,2025-05-30,PA,66,5,0.5162588399782124,0.42360925156101464,0.5027144657232465,0.5368668901991286
USDZAR,1,2025-05-30,VAR1,66,5,52.95980315109198,38.53771540245101,79.22155098985588,31.497448314544265
USDZAR,1,2025-05-30,ARHinc,66,5,0.5144521565590946,0.42166637520805833,0.497961129830653,0.5364179203748214
USDZAR,1,2025-05-30,KernelARH,66,5,0.506795784480586,0.4143579797820396,0.47721209065124565,0.5344681352096506
USDZAR,5,2025-06-05,PM,66,4,0.21550745123652115,0.11300000000000007,0.38363903155588286,0.10174127575279428
USDZAR,5,2025-06-05,PA,66,4,0.5256382946023227,0.4364725594762991,0.5505333009734702,0.5267036224347822
USDZAR,5,2025-06-05,VAR1,66,4,71.50600109521835,54.369405108470126,104.86231864048375,40.41086025721123
USDZAR,5,2025-06-05,ARHinc,66,4,0.5288614365536907,0.4391867844580397,0.55888076694409,0.5275430161465435
USDZAR,5,2025-06-05,KernelARH,66,4,0.5389827083960196,0.4374491922003072,0.5539977729008575,0.5341744925301419
USDZAR,10,2025-06-12,PM,66,3,0.3237711234570116,0.1971538461538463,0.5371857002373034,0.1961075312165423
USDZAR,10,2025-06-12,PA,66,3,0.6121617281777941,0.5032107510333212,0.6416145844184141,0.6227409307489242
USDZAR,10,2025-06-12,VAR1,66,3,52.075130561546104,42.46987360641591,73.4109573832348,32.36055086827929
USDZAR,10,2025-06-12,ARHinc,66,3,0.6170237199948421,0.5062472826951824,0.6548476790828036,0.6240392779666656
USDZAR,10,2025-06-12,KernelARH,66,3,0.6145192925348696,0.49972841974623033,0.5983850692722054,0.6263693752347267
USDZAR,1,2025-06-02,PM,66,5,0.15898491099182005,0.10696153846153866,0.21897637621914498,0.11177278192573514
USDZAR,1,2025-06-02,PA,66,5,0.500562281225566,0.4101074688684259,0.4818254362385044,0.5257879684684631
USDZAR,1,2025-06-02,VAR1,66,5,34.097632146126834,24.202923901735744,51.41833230946792,18.65774342536979
USDZAR,1,2025-06-02,ARHinc,66,5,0.5149873888865397,0.4207025780037419,0.5302936788326745,0.5277798248200654
USDZAR,1,2025-06-02,KernelARH,66,5,0.5196431407206477,0.42433338852199787,0.5484512887661446,0.5263313186899574
USDZAR,5,2025-06-06,PM,66,4,0.28046115869842214,0.24373076923076933,0.3585605396098367,0.24075673427781272
USDZAR,5,2025-06-06,PA,66,4,0.5878720212074234,0.47459588362645105,0.6344563317227532,0.5690126305980169
USDZAR,5,2025-06-06,VAR1,66,4,67.98185342749645,49.05057536583993,100.7070317090124,37.37837568325987
USDZAR,5,2025-06-06,ARHinc,66,4,0.617118541897696,0.4976477299206323,0.6941703942762557,0.579086662598312
USDZAR,5,2025-06-06,KernelARH,66,4,0.6543679343357874,0.5275549030639295,0.7749744213530446,0.5880344779533839
USDZAR,10,2025-06-13,PM,66,3,0.596581406850733,0.38342307692307714,0.9528819933309073,0.33674541467095587
USDZAR,10,2025-06-13,PA,66,3,0.7511416856591329,0.5932777383308511,0.9479669633253374,0.6716700668484562
USDZAR,10,2025-06-13,VAR1,66,3,34.03330964569822,27.78293273118599,47.91971037242489,21.16377139931819
USDZAR,10,2025-06-13,ARHinc,66,3,0.7170556015090997,0.5701015105136387,0.8781098533096857,0.6604415121946704
USDZAR,10,2025-06-13,KernelARH,66,3,0.6537888777906494,0.5216851184987035,0.7328189153549441,0.6410836879236813
USDZAR,1,2025-06-03,PM,66,5,0.03552017303318909,0.02549999999999995,0.04387848679145029,0.02368073687393495
USDZAR,1,2025-06-03,PA,66,5,0.5012081350461233,0.41439214620092,0.4726446172063628,0.5235474435891028
USDZAR,1,2025-06-03,VAR1,66,5,38.35859107340616,26.87034779650076,57.95012512866474,20.61537048848857
USDZAR,1,2025-06-03,ARHinc,66,5,0.5113842836333237,0.4244537916907154,0.4909554184811956,0.52696803137758
USDZAR,1,2025-06-03,KernelARH,66,5,0.49845084921185584,0.4128810752934726,0.4707150920542628,0.5215171695059043
USDZAR,5,2025-06-09,PM,66,4,0.4537004370049269,0.33700000000000013,0.6910990872326456,0.25099847235185135
USDZAR,5,2025-06-09,PA,66,4,0.6449573805535174,0.5129797797380931,0.8006578569431787,0.5746003836548225
USDZAR,5,2025-06-09,VAR1,66,4,82.18032718191506,58.4103890501434,122.35419965428818,44.31095048230332
USDZAR,5,2025-06-09,ARHinc,66,4,0.6365480279633838,0.5064910897927997,0.7840526000823437,0.571571164148999
USDZAR,5,2025-06-09,KernelARH,66,4,0.7730675109167808,0.606002899384694,1.0638530006847797,0.6066555283096475
USDZAR,10,2025-06-16,PM,66,3,0.2094413356453853,0.1481923076923074,0.29818597862785173,0.1669071615469366
USDZAR,10,2025-06-16,PA,66,3,0.573350409761556,0.46857912270361635,0.5515333086153631,0.6024661640974676
USDZAR,10,2025-06-16,VAR1,66,3,47.291172189447344,38.58832965463546,66.75632506159266,29.37568010135991
USDZAR,10,2025-06-16,ARHinc,66,3,0.5773234855314406,0.4719470413849092,0.5607378951029984,0.6039239959490592
USDZAR,10,2025-06-16,KernelARH,66,3,0.6042964682784172,0.49515636288523673,0.63832723113308,0.6042105918435893
USDZAR,1,2025-06-04,PM,66,5,0.13002514549708624,0.061692307692307935,0.22997784927101503,0.0568138690934216
USDZAR,1,2025-06-04,PA,66,5,0.5057847614119529,0.4176084460020511,0.4944507065180464,0.5243916600614483
USDZAR,1,2025-06-04,VAR1,66,5,39.36185011585333,28.265931591292148,58.811310457947094,21.655113572326105
USDZAR,1,2025-06-04,ARHinc,66,5,0.5103202618860212,0.42215892224311335,0.5065058145513325,0.5256134672544976
USDZAR,1,2025-06-04,KernelARH,66,5,0.4987892232680859,0.410122550600119,0.4742773604939698,0.5229727534163384
USDZAR,5,2025-06-10,PM,66,4,0.49413736022408883,0.3548846153846155,0.7615120709521481,0.2614050903578206
USDZAR,5,2025-06-10,PA,66,4,0.7057267764482409,0.5668550605869359,0.8810585260068141,0.6303542907920489
USDZAR,5,2025-06-10,VAR1,66,4,93.3315376584044,66.51095707422671,139.14042742227815,50.40040066734984
USDZAR,5,2025-06-10,ARHinc,66,4,0.697061345824675,0.5601904451240629,0.8606692177367298,0.6288475614231711
USDZAR,5,2025-06-10,KernelARH,66,4,0.8054405038746144,0.6429117192532302,1.0940122807501111,0.6531611508308895
USDZAR,10,2025-06-17,PM,66,3,0.22286443792652896,0.15480769230769223,0.33500053125043733,0.1649969350859291
USDZAR,10,2025-06-17,PA,66,3,0.5743706453869413,0.47054823011524155,0.5635714453735252,0.6011279468882399
USDZAR,10,2025-06-17,VAR1,66,3,50.93868569107622,41.590576354980705,71.8758647530173,31.65247400386986
USDZAR,10,2025-06-17,ARHinc,66,3,0.5763400396888373,0.4715673388968286,0.5689784255509688,0.6016788362761305
USDZAR,10,2025-06-17,KernelARH,66,3,0.607046085992513,0.49531784920064553,0.6270216381277942,0.6072942181187202
USDZAR,1,2025-06-05,PM,66,5,0.12740531929482116,0.07284615384615374,0.17569826458001844,0.06908249377204674
USDZAR,1,2025-06-05,PA,66,5,0.49681379712263624,0.40350488708787124,0.46981939403191403,0.5203342035042569
USDZAR,1,2025-06-05,VAR1,66,5,24.220220661367943,17.559564140897788,36.08515285485327,13.531184468003215
USDZAR,1,2025-06-05,ARHinc,66,5,0.5015349119766547,0.40707028356300734,0.48170858113088577,0.5211236102649658
USDZAR,1,2025-06-05,KernelARH,66,5,0.5052736862477953,0.40955396041188885,0.48927955078478125,0.5223740774195985
USDZAR,5,2025-06-11,PM,66,4,0.6514269101217488,0.44642307692307664,1.0607833952067423,0.32330439171146663
USDZAR,5,2025-06-11,PA,66,4,0.8490872153370932,0.6789853639218714,1.1703592586920586,0.6741269422391714
USDZAR,5,2025-06-11,VAR1,66,4,58.0206917407164,41.439042740574784,86.71054227196595,31.53839119899618
USDZAR,5,2025-06-11,ARHinc,66,4,0.8799145329085553,0.7000613033874912,1.2314029760631564,0.6817836956541556
USDZAR,5,2025-06-11,KernelARH,66,4,0.8400096547057674,0.671609314360317,1.1520183720630646,0.6712281466158996
USDZAR,10,2025-06-18,PM,66,3,0.36868640259919866,0.2526153846153846,0.5455593687439712,0.265499184811114
USDZAR,10,2025-06-18,PA,66,3,0.6174350665441865,0.49732479457222306,0.6641436630372743,0.6210241509239334
USDZAR,10,2025-06-18,VAR1,66,3,25.599654104317587,20.88179177756326,36.11139522131222,15.870290269801744
USDZAR,10,2025-06-18,ARHinc,66,3,0.6019916487602336,0.4868648387238841,0.6250058951243023,0.6170075474488222
USDZAR,10,2025-06-18,KernelARH,66,3,0.5850063797336376,0.4756316202355618,0.5905650904697244,0.6039915133405402
USDZAR,1,2025-06-06,PM,66,5,0.3074288535580224,0.25846153846153846,0.4470221513391564,0.20957695628237516
USDZAR,1,2025-06-06,PA,66,5,0.5818980146574948,0.4723161886323793,0.6229441746570329,0.5744975711072534
USDZAR,1,2025-06-06,VAR1,66,5,18.43800006090658,13.302887596699856,27.490575929899034,10.129750716828877
USDZAR,1,2025-06-06,ARHinc,66,5,0.6043573565004968,0.49134282957012976,0.6747315271990009,0.5789881576167607
USDZAR,1,2025-06-06,KernelARH,66,5,0.5470171347649466,0.4493271884225447,0.5656433504772106,0.5515916195179545
USDZAR,5,2025-06-12,PM,66,4,0.1879301476203734,0.13846153846153833,0.23517022601969753,0.16055231561995625
USDZAR,5,2025-06-12,PA,66,4,0.569362713777354,0.47211065228700444,0.5322392163710944,0.6085404824302767
USDZAR,5,2025-06-12,VAR1,66,4,43.072133093772514,30.367555596123076,64.46471242282905,23.029191240311064
USDZAR,5,2025-06-12,ARHinc,66,4,0.5686084451533228,0.4715801358790865,0.5272994469435099,0.608711357136928
USDZAR,5,2025-06-12,KernelARH,66,4,0.5766414391899782,0.4760066188609276,0.5441487114877529,0.612881390903341
USDZAR,10,2025-06-19,PM,66,3,0.4833819659441174,0.3200384615384616,0.756849086225762,0.2879772961602149
USDZAR,10,2025-06-19,PA,66,3,0.6679315116213009,0.5317579615179945,0.7863132219102599,0.6317300922544167
USDZAR,10,2025-06-19,VAR1,66,3,20.85910807909701,16.99609178833308,29.406993514680433,12.926146686126376
USDZAR,10,2025-06-19,ARHinc,66,3,0.666626979405335,0.5307596530595008,0.7839672857879761,0.63111512487237
USDZAR,10,2025-06-19,KernelARH,66,3,0.6419218431038552,0.5111503899352777,0.7417422661081744,0.6175802345981612
USDZAR,1,2025-06-09,PM,66,5,0.28047658616115434,0.15288461538461523,0.48075507849411847,0.1221509341576636
USDZAR,1,2025-06-09,PA,66,5,0.5585706352495393,0.45014917763210727,0.6546877441738014,0.5314122657251982
USDZAR,1,2025-06-09,VAR1,66,5,20.068332690571538,14.36346434756036,29.98735571751435,10.851273128670801
USDZAR,1,2025-06-09,ARHinc,66,5,0.5212468777312694,0.42033888315458007,0.5523835358524459,0.524982856554981
USDZAR,1,2025-06-09,KernelARH,66,5,0.5754328822625288,0.4663247888932074,0.6941404311978657,0.5357536810524454
USDZAR,5,2025-06-13,PM,66,4,0.8189614964650704,0.6012692307692308,1.260696688124571,0.5056248177790296
USDZAR,5,2025-06-13,PA,66,4,0.9868317107468986,0.7787124627796651,1.3693115810191434,0.7588999904101131
USDZAR,5,2025-06-13,VAR1,66,4,49.51122895164909,34.699686514601936,73.91921553236315,26.34417418770956
USDZAR,5,2025-06-13,ARHinc,66,4,1.0396591976037546,0.8225561271208258,1.450086128723507,0.7858400979088181
USDZAR,5,2025-06-13,KernelARH,66,4,0.819748849161661,0.6507108472310567,1.0768807739014172,0.695954705935571
USDZAR,10,2025-06-20,PM,66,3,0.4019410835127265,0.29946153846153833,0.5580365078333365,0.31317513578440104
USDZAR,10,2025-06-20,PA,66,3,0.6353128496758378,0.5106700846068474,0.6783036954529115,0.6299995226436352
USDZAR,10,2025-06-20,VAR1,66,3,28.564065809977848,23.239613212737282,40.42921209490159,17.616576782607844
USDZAR,10,2025-06-20,ARHinc,66,3,0.6690795673390629,0.537973040522051,0.7367046123920535,0.6467304493933117
USDZAR,10,2025-06-20,KernelARH,66,3,0.5789465514020514,0.46730502045052386,0.5750715802108309,0.5975369081913554
USDZAR,1,2025-06-10,PM,66,5,0.13635643337619596,0.09892307692307711,0.12047913374773413,0.16593945580733277
USDZAR,1,2025-06-10,PA,66,5,0.5387029154638232,0.4372514398157722,0.48498982092351245,0.5904633945536168
USDZAR,1,2025-06-10,VAR1,66,5,26.660180900643127,18.32559343500056,40.117343266828875,14.024350090586179
USDZAR,1,2025-06-10,ARHinc,66,5,0.5389684916182947,0.43710391662086506,0.48401550251482356,0.5920810197611374
USDZAR,1,2025-06-10,KernelARH,66,5,0.5408425947083527,0.4383308049258948,0.4827170683314468,0.5950215238463381
USDZAR,5,2025-06-16,PM,66,4,0.5623066761802877,0.4361538461538461,0.8634139057292778,0.35483801497902634
USDZAR,5,2025-06-16,PA,66,4,0.8101726300965997,0.6553776044197038,1.0306654003020055,0.6785822309664697
USDZAR,5,2025-06-16,VAR1,66,4,65.42248128129452,50.155505907239885,95.80353975859316,36.716868180234435
USDZAR,5,2025-06-16,ARHinc,66,4,0.8453038167842565,0.6818602613512862,1.0923691774666564,0.6932708412673885
USDZAR,5,2025-06-16,KernelARH,66,4,0.5625636252213412,0.45733536723026286,0.5319385544714271,0.5967305137655652
USDZAR,10,2025-06-23,PM,66,3,0.7058313769536656,0.5273846153846152,1.0700424666381467,0.4207008549046098
USDZAR,10,2025-06-23,PA,66,3,0.8418147297447259,0.6677096555089108,1.057530092655209,0.7001030106143221
USDZAR,10,2025-06-23,VAR1,66,3,59.00740563863948,47.99238697299183,83.57868114006486,36.35295152183004
USDZAR,10,2025-06-23,ARHinc,66,3,0.894764766338157,0.7040171870596073,1.155143539300703,0.7184381346068095
USDZAR,10,2025-06-23,KernelARH,66,3,0.6059478819206099,0.4907829708943881,0.6121428039079836,0.6128467462234986
USDZAR,1,2025-06-11,PM,66,5,0.10422700816376335,0.07030769230769209,0.15170142958231336,0.059100627890782374
USDZAR,1,2025-06-11,PA,66,5,0.5829898514607325,0.46898717352239105,0.5994774256901723,0.6087097495612976
USDZAR,1,2025-06-11,VAR1,66,5,24.912240085979214,17.648726966601924,37.139758136120676,13.471793984364796
USDZAR,1,2025-06-11,ARHinc,66,5,0.5811699332874689,0.4668660277595657,0.5905421263134172,0.6085589724581397
USDZAR,1,2025-06-11,KernelARH,66,5,0.6454323283215656,0.5184440058399055,0.7521663587629017,0.6216229722610599
USDZAR,5,2025-06-17,PM,66,4,0.573857644502403,0.3778461538461541,0.9511142449172699,0.28406013266441343
USDZAR,5,2025-06-17,PA,66,4,0.7189260122505532,0.5785747984207938,0.8927902213187225,0.6433292170354016
USDZAR,5,2025-06-17,VAR1,66,4,55.224980654567375,44.43067951807266,78.84173005149236,33.25258943829376
USDZAR,5,2025-06-17,ARHinc,66,4,0.7090648240937533,0.5696584802843515,0.8811977128944816,0.6354719900768164
USDZAR,5,2025-06-17,KernelARH,66,4,0.5615270770665259,0.45913638233729814,0.5341697623538966,0.5964863949305599
USDZAR,10,2025-06-24,PM,66,3,0.4563524911226479,0.2661538461538466,0.735071585662635,0.22246027830042925
USDZAR,10,2025-06-24,PA,66,3,0.6556248386009828,0.5249064089455223,0.7188716619888541,0.6320952711117356
USDZAR,10,2025-06-24,VAR1,66,3,62.66445642157392,50.9157600813582,88.85431670311426,38.50311436708394
USDZAR,10,2025-06-24,ARHinc,66,3,0.6408881363574754,0.5122862226079244,0.6885757847139273,0.6271693670531892
USDZAR,10,2025-06-24,KernelARH,66,3,0.5975162306201226,0.49457111401182396,0.6085016448055766,0.6115974218237081
USDZAR,1,2025-06-12,PM,66,5,0.7062412354799935,0.4452307692307688,1.1872160417022242,0.3304357213849201
USDZAR,1,2025-06-12,PA,66,5,0.8200554515810019,0.6535547082811557,1.1072768646833342,0.6712397364438129
USDZAR,1,2025-06-12,VAR1,66,5,26.232787476379325,18.22345313070921,39.18189200953907,13.976177483726913
USDZAR,1,2025-06-12,ARHinc,66,5,0.8054218526088611,0.6450545048892987,1.0751035906304103,0.6696858789562609
USDZAR,1,2025-06-12,KernelARH,66,5,0.9161183291940803,0.7209376286319417,1.2803904818230603,0.7079498830846602
USDZAR,5,2025-06-18,PM,66,4,0.9382026853756886,0.6406153846153844,1.5290302476016557,0.4749718117580654
USDZAR,5,2025-06-18,PA,66,4,1.0025092656969252,0.7833622463744949,1.433384766389896,0.7332006852179913
USDZAR,5,2025-06-18,VAR1,66,4,55.51597579562053,44.317258154964684,79.54503776942505,33.025621837729325
USDZAR,5,2025-06-18,ARHinc,66,4,1.016532385304938,0.7958138730204368,1.452471829771154,0.7428711815089057
USDZAR,5,2025-06-18,KernelARH,66,4,0.6813075566809605,0.5428448760596093,0.8226423010317031,0.6325074488440555
USDZAR,10,2025-06-25,PM,66,3,0.37064483829381195,0.24003846153846153,0.6064094868708955,0.1951669274490852
USDZAR,10,2025-06-25,PA,66,3,0.6004301390219017,0.48759953183967564,0.6024080780170464,0.615668570060011
USDZAR,10,2025-06-25,VAR1,66,3,62.78517890464031,51.053705839420914,88.9946155201998,38.59484151177967
USDZAR,10,2025-06-25,ARHinc,66,3,0.6089578439662618,0.4929394229223357,0.6263161689846848,0.6168729246728828
USDZAR,10,2025-06-25,KernelARH,66,3,0.66671899689557,0.5494641985126417,0.7241311033741984,0.6450736374572049
USDZAR,1,2025-06-13,PM,66,5,0.4610332250666805,0.3278076923076924,0.7147733070717704,0.25349990695859453
USDZAR,1,2025-06-13,PA,66,5,0.6825621368418343,0.5574297987838412,0.8086835582369798,0.6404702042377577
USDZAR,1,2025-06-13,VAR1,66,5,6.336997120348525,4.600259530451317,9.46829123443744,3.477697463177578
USDZAR,1,2025-06-13,ARHinc,66,5,0.6511575105629795,0.5332835958846056,0.7457068207216265,0.6278314688318573
USDZAR,1,2025-06-13,KernelARH,66,5,0.609242198080705,0.4938026723148224,0.6488116651989476,0.6171477477388311
USDZAR,5,2025-06-19,PM,66,4,0.41716649507766623,0.3100769230769233,0.6280232830970142,0.2426980583724306
USDZAR,5,2025-06-19,PA,66,4,0.6563024810837103,0.5309555497728433,0.7636098875343,0.6197140240877507
USDZAR,5,2025-06-19,VAR1,66,4,12.196095702006822,8.59755623776793,18.28767177836747,6.48201861405331
USDZAR,5,2025-06-19,ARHinc,66,4,0.5881550033791368,0.48560959981674473,0.6062262864000295,0.5994382003085834
USDZAR,5,2025-06-19,KernelARH,66,4,0.8373610340179418,0.6647024253407792,1.1264391137207084,0.683215914028905
USDZAR,10,2025-06-26,PM,66,3,0.20267039364825434,0.17399999999999982,0.19937367926525756,0.1772867251988653
USDZAR,10,2025-06-26,PA,66,3,0.6474297488604361,0.5283415606809883,0.653685730236208,0.6340991180826354
USDZAR,10,2025-06-26,VAR1,66,3,3.1563928121493907,2.495850644197488,4.527216761105614,1.9698107475322673
USDZAR,10,2025-06-26,ARHinc,66,3,0.7497311345959106,0.6147106547830512,0.8414386276917102,0.6717535229441478
USDZAR,10,2025-06-26,KernelARH,66,3,0.6049633669215351,0.4928471808961555,0.5905627486806393,0.6181383913855719
USDZAR,1,2025-06-16,PM,66,5,0.5093209091148119,0.32546153846153836,0.8463198377818734,0.2587284679362873
USDZAR,1,2025-06-16,PA,66,5,0.7624075400628978,0.611392592624567,0.9778727399071246,0.6500119015480388
USDZAR,1,2025-06-16,VAR1,66,5,23.233431006711424,18.144566080108582,32.810753596023744,14.378084959160548
USDZAR,1,2025-06-16,ARHinc,66,5,0.7181401923310406,0.5780480110094919,0.8824624982804126,0.640480686014239
USDZAR,1,2025-06-16,KernelARH,66,5,0.7874787549824939,0.6263413725049211,1.0308732074124127,0.6587049475787918
USDZAR,5,2025-06-20,PM,66,4,0.46919586487455817,0.3241153846153845,0.761429610006124,0.25035695204594466
USDZAR,5,2025-06-20,PA,66,4,0.713492312305916,0.5830035144112967,0.8699486062781189,0.6320473976597903
USDZAR,5,2025-06-20,VAR1,66,4,57.112119634388286,41.4772993457073,84.61157330735018,31.298626367997695
USDZAR,5,2025-06-20,ARHinc,66,4,0.7445758089288284,0.6057167071859497,0.9204507497259724,0.6459230915805406
USDZAR,5,2025-06-20,KernelARH,66,4,0.5719370777418816,0.4640000702135684,0.5673024090209983,0.5909670755536799
USDZAR,10,2025-06-27,PM,66,3,0.4594637342347304,0.4124230769230769,0.5488617663255336,0.35829409316302413
USDZAR,10,2025-06-27,PA,66,3,0.8424591135012756,0.6945716199936782,0.9608576351591668,0.7267586243327264
USDZAR,10,2025-06-27,VAR1,66,3,20.153187623275418,16.24529328280088,28.781619668829983,12.234440556201411
USDZAR,10,2025-06-27,ARHinc,66,3,0.8881243631441069,0.7363340539767183,1.0269660914048457,0.7505320122314176
USDZAR,10,2025-06-27,KernelARH,66,3,0.6314006282889594,0.5132817027652745,0.6666421511106145,0.6280685800674961
USDZAR,1,2025-06-17,PM,66,5,0.08584338377802632,0.06476923076923075,0.1048198911673626,0.06085663609863101
USDZAR,1,2025-06-17,PA,66,5,0.5540786623406359,0.4561798581052545,0.5245952117161479,0.5882784185178256
USDZAR,1,2025-06-17,VAR1,66,5,10.942797336693387,8.22959735077566,16.036852286187255,6.280343339655084
USDZAR,1,2025-06-17,ARHinc,66,5,0.5694841053941871,0.46789420330497716,0.5576385821371842,0.5922753518534108
USDZAR,1,2025-06-17,KernelARH,66,5,0.5630704839840612,0.45937339236828967,0.549513378055659,0.5925187212874121
USDZAR,5,2025-06-23,PM,66,4,0.16788818394304086,0.1023846153846153,0.23716949612185062,0.09253946559254907
USDZAR,5,2025-06-23,PA,66,4,0.5857145833021935,0.48067070516383664,0.5886650410647037,0.5960881818582298
USDZAR,5,2025-06-23,VAR1,66,4,31.07857362045235,23.747299993587816,45.41232709174197,17.495871722882203
USDZAR,5,2025-06-23,ARHinc,66,4,0.6088463325347482,0.49427625094658256,0.6368494066096859,0.6028234243818105
USDZAR,5,2025-06-23,KernelARH,66,4,0.5964094843626704,0.4839016228076009,0.6049366675832334,0.6033846233476057
USDZAR,10,2025-06-30,PM,66,3,0.24466313183012073,0.21880769230769218,0.21914483687173944,0.23324742755999614
USDZAR,10,2025-06-30,PA,66,3,0.627242504783746,0.5100602550619847,0.5987724459864129,0.6430728989987944
USDZAR,10,2025-06-30,VAR1,66,3,24.98716019776026,20.227081273430684,35.52659993324083,15.212015907237241
USDZAR,10,2025-06-30,ARHinc,66,3,0.6107891957665039,0.4921527311060334,0.5777384437385541,0.6336901942430109
USDZAR,10,2025-06-30,KernelARH,66,3,0.5932622411473156,0.4808185820846829,0.5526857811047187,0.6237231058744124
USDZAR,1,2025-06-18,PM,66,5,0.3017920036408163,0.21084615384615404,0.47540527559843204,0.16883214722545087
USDZAR,1,2025-06-18,PA,66,5,0.6261111937029539,0.5018856992476725,0.7322657662604483,0.5965448021909013
USDZAR,1,2025-06-18,VAR1,66,5,9.411916425633725,7.078885459632498,13.709311551471728,5.517091157834107
USDZAR,1,2025-06-18,ARHinc,66,5,0.632157040925498,0.506841297118237,0.744381613973172,0.5985701895968684
USDZAR,1,2025-06-18,KernelARH,66,5,0.5724457170413918,0.4620203238788162,0.6000813251030276,0.5843923678384169
USDZAR,5,2025-06-24,PM,66,4,0.17839374126655028,0.12842307692307672,0.28912112541309726,0.11456065114527861
USDZAR,5,2025-06-24,PA,66,4,0.5805256757503516,0.48161440366449904,0.5712273455283794,0.6079567853590524
USDZAR,5,2025-06-24,VAR1,66,4,25.379322155181143,19.120065174947218,37.19732626817461,14.144363266893313
USDZAR,5,2025-06-24,ARHinc,66,4,0.5872862008890778,0.4887800121030528,0.5906390496768487,0.6096272006151013
USDZAR,5,2025-06-24,KernelARH,66,4,0.5880107668702986,0.48555365531408146,0.5871747288157959,0.6078448285525865
USDZAR,10,2025-07-01,PM,66,3,0.24002423755817798,0.21392307692307697,0.2583339353667296,0.21566762735446543
USDZAR,10,2025-07-01,PA,66,3,0.610916234833344,0.4919158443702537,0.5719943447260623,0.6346438729991379
USDZAR,10,2025-07-01,VAR1,66,3,18.159233625323928,14.695928461882175,25.798567344364074,11.056627824691843
USDZAR,10,2025-07-01,ARHinc,66,3,0.6169182384163107,0.4981705511781505,0.5805176421579593,0.6378973854081327
USDZAR,10,2025-07-01,KernelARH,66,3,0.6035770015521235,0.48730271855643575,0.5579430298679623,0.6308224849331651
USDZAR,1,2025-06-19,PM,66,5,0.1915438290875968,0.14438461538461553,0.28196322978573934,0.12400765538750666
USDZAR,1,2025-06-19,PA,66,5,0.5979805012892448,0.4890790229366063,0.6374830921213479,0.6019192186810026
USDZAR,1,2025-06-19,VAR1,66,5,0.9151162777703606,0.7218363403355053,1.0021650304423702,0.8534843747394448
USDZAR,1,2025-06-19,ARHinc,66,5,0.6040919987712108,0.4933361855677768,0.6609086018099882,0.6005807036869606
USDZAR,1,2025-06-19,KernelARH,66,5,0.605371017672212,0.49935484473007796,0.6472511206319894,0.6049415779180607
USDZAR,5,2025-06-25,PM,66,4,0.639432327868303,0.5316923076923077,0.9613363746109693,0.4121259867191049
USDZAR,5,2025-06-25,PA,66,4,0.8123063897754997,0.6688253282128678,0.9935755759913798,0.718049167788288
USDZAR,5,2025-06-25,VAR1,66,4,3.896966601482061,2.950518062472363,5.639172466952177,2.2214343788550805
USDZAR,5,2025-06-25,ARHinc,66,4,0.8461030200796027,0.6970032617803781,1.0536036646865043,0.7311176783003007
USDZAR,5,2025-06-25,KernelARH,66,4,0.75776708333720455,0.6217444875091177,0.8792368032406492,0.6902803883681906
USDZAR,10,2025-07-02,PM,66,3,0.2530136625985611,0.22526923076923086,0.20868726375764304,0.26262474410569947
USDZAR,10,2025-07-02,PA,66,3,0.6527791373337712,0.5296055289911786,0.6180833723606347,0.6601906919198625
USDZAR,10,2025-07-02,VAR1,66,3,5.896912758722628,4.644861171514526,8.51103792588322,3.5243795491803964
USDZAR,10,2025-07-02,ARHinc,66,3,0.6690101988845012,0.5433990807594153,0.6400643401304763,0.6690213162221272
USDZAR,10,2025-07-02,KernelARH,66,3,0.6143759563591167,0.5023778620343634,0.6200498851908611,0.628801353881974
USDZAR,1,2025-06-20,PM,66,5,0.40488620196107145,0.28088461538461523,0.6617316825994789,0.20017068030244708
USDZAR,1,2025-06-20,PA,66,5,0.6726927618227219,0.5480999083018963,0.7867137859175486,0.6195761520009059
USDZAR,1,2025-06-20,VAR1,66,5,6.138943509514024,4.554718750621401,8.96798317376828,3.4283120240159874
USDZAR,1,2025-06-20,ARHinc,66,5,0.7532763752055956,0.6108123758269367,0.9414516896362454,0.6465721917533648
USDZAR,1,2025-06-20,KernelARH,66,5,0.6677231008368022,0.5449718022168024,0.7810300102625737,0.614956488926782
USDZAR,5,2025-06-26,PM,66,4,0.5042306592149148,0.4462692307692306,0.6584995756805122,0.35469608744178405
USDZAR,5,2025-06-26,PA,66,4,0.744633921956976,0.6100860440493576,0.801975521544778,0.6907898528287838
USDZAR,5,2025-06-26,VAR1,66,4,24.712911226325282,18.15477677954408,36.34020939656701,13.61329051949534
USDZAR,5,2025-06-26,ARHinc,66,4,0.7751733672160188,0.6385116210200678,0.8455297843394489,0.7088168416415869
USDZAR,5,2025-06-26,KernelARH,66,4,0.6496333477528268,0.5259508029195408,0.6231183998576586,0.6475778658380557
USDZAR,10,2025-07-03,PM,66,3,0.558962509063409,0.5041153846153849,0.7562910728218167,0.42141872298715527
USDZAR,10,2025-07-03,PA,66,3,0.8532222721017091,0.7145879287039665,1.0153629915729259,0.7498539516074535
USDZAR,10,2025-07-03,VAR1,66,3,20.554224167834185,16.433827584939596,29.358549880626082,12.343302045333502
USDZAR,10,2025-07-03,ARHinc,66,3,0.9165409785817237,0.7689740990593171,1.125460050488732,0.7766082849847059
USDZAR,10,2025-07-03,KernelARH,66,3,0.6500546119086927,0.5262611574855138,0.6086246974367424,0.6706770516617657
USDZAR,1,2025-06-23,PM,66,5,0.17921315735523094,0.10238461538461531,0.22232659271889035,0.10614557235149605
USDZAR,1,2025-06-23,PA,66,5,0.5844557626391986,0.4810226690274789,0.5806407959303537,0.5957207015696185
USDZAR,1,2025-06-23,VAR1,66,5,6.907774491632893,5.22939345431984,10.152996251898204,3.941400649936462
USDZAR,1,2025-06-23,ARHinc,66,5,0.6071509558611177,0.49435984287190216,0.6230954068683359,0.6032472442531328
USDZAR,1,2025-06-23,KernelARH,66,5,0.6010015563470761,0.4925187882056959,0.6028742312174479,0.6032857012465491
USDZAR,5,2025-06-27,PM,66,4,0.28639092097233926,0.24269230769230768,0.3986675447986518,0.2186945984034809
USDZAR,5,2025-06-27,PA,66,4,0.6189585294598466,0.5068665619209658,0.6613453578281832,0.6272150855299364
USDZAR,5,2025-06-27,VAR1,66,4,22.76163402066609,17.280322684944394,33.05514587185071,12.84745199633419
USDZAR,5,2025-06-27,ARHinc,66,4,0.6224638908576245,0.5122513772447725,0.7019010448433265,0.6179925136010096
USDZAR,5,2025-06-27,KernelARH,66,4,0.6279385953689619,0.5105098970288394,0.6415254370749921,0.6336466833542159
USDZAR,10,2025-07-04,PM,66,3,0.3373780406423812,0.3054999999999999,0.3102260415884112,0.3247185260514169
USDZAR,10,2025-07-04,PA,66,3,0.6810746053714388,0.5499043748222623,0.6695639784868811,0.6810586760010529
USDZAR,10,2025-07-04,VAR1,66,3,16.26564157172377,13.14695265746538,23.12535117360896,9.874722860768491
USDZAR,10,2025-07-04,ARHinc,66,3,0.6337831314938751,0.5117257402236496,0.591369936877896,0.6573719326229497
USDZAR,10,2025-07-04,KernelARH,66,3,0.6798270986568258,0.5498635373662032,0.65602831638777,0.6829465115777115
USDZAR,1,2025-06-24,PM,66,5,0.29738515882993816,0.2461923076923075,0.4223876541570091,0.1855933974526942
USDZAR,1,2025-06-24,PA,66,5,0.6120151892308558,0.5030144843282008,0.6230545749193637,0.6245607088851908
USDZAR,1,2025-06-24,VAR1,66,5,9.71605562883707,7.7756957228630865,13.546595578381183,6.357817153044123
USDZAR,1,2025-06-24,ARHinc,66,5,0.6013329237170048,0.4942829930719324,0.5938624595810054,0.6220114020807669
USDZAR,1,2025-06-24,KernelARH,66,5,0.602229861466063,0.49800601144563245,0.6117168768400337,0.6161378691306544
USDZAR,5,2025-06-30,PM,66,4,0.3084792880467767,0.270769230769231,0.3000210551616524,0.26649904486416454
USDZAR,5,2025-06-30,PA,66,4,0.6116225359875148,0.4866641204210267,0.5460314238355872,0.6506060622529003
USDZAR,5,2025-06-30,VAR1,66,4,35.77902682985336,28.730984860951192,51.0566042317582,21.4903896832002
USDZAR,5,2025-06-30,ARHinc,66,4,0.6145051531527526,0.49144631249908094,0.5559759720442754,0.6511531323389322
USDZAR,5,2025-06-30,KernelARH,66,4,0.6456286570986204,0.527148023085934,0.6264471970610327,0.6539399670236824
USDZAR,10,2025-07-07,PM,66,3,0.38773057656058035,0.3241923076923076,0.5465728892254491,0.30070026013083445
USDZAR,10,2025-07-07,PA,66,3,0.6512113251894701,0.5222272840864831,0.6615960052401747,0.6634840690308991
USDZAR,10,2025-07-07,VAR1,66,3,33.132023184534525,26.786011702157857,47.08373128388948,20.10818990255581
USDZAR,10,2025-07-07,ARHinc,66,3,0.670418387180118,0.5344923444380661,0.7131863416100378,0.6672257281798817
USDZAR,10,2025-07-07,KernelARH,66,3,0.6415309383810053,0.5145353350957814,0.669311859738437,0.6520975478073099
USDZAR,1,2025-06-25,PM,66,5,0.2599937129417379,0.22203846153846155,0.3177924155705771,0.19048429733986522
USDZAR,1,2025-06-25,PA,66,5,0.5853979226333929,0.4779692029885698,0.5453846153147819,0.6235014740095329
USDZAR,1,2025-06-25,VAR1,66,5,9.829433520250202,7.906234256295854,13.303292915353548,6.853268885079192
USDZAR,1,2025-06-25,ARHinc,66,5,0.5811069303390358,0.47667530704206423,0.5420301969030425,0.620259828540454
USDZAR,1,2025-06-25,KernelARH,66,5,0.5948444967411521,0.48639463182541576,0.5761560443953149,0.6236698221886833
USDZAR,5,2025-07-01,PM,66,4,0.2588506400342751,0.20830769230769225,0.3858055631805033,0.15928745639201758
USDZAR,5,2025-07-01,PA,66,4,0.6170351643012089,0.5150434691254949,0.6623445865633946,0.6178395568945677
USDZAR,5,2025-07-01,VAR1,66,4,39.49383273947511,31.91232683727967,56.1162907671857,23.99989051042402
USDZAR,5,2025-07-01,ARHinc,66,4,0.6068566140114348,0.5098291566212081,0.6433452035184207,0.6129614557314415
USDZAR,5,2025-07-01,KernelARH,66,4,0.5894625791748217,0.47573512630733755,0.5370634904062377,0.6251200942763757
USDZAR,10,2025-07-08,PM,66,3,0.3859077709664675,0.2528846153846153,0.6309873042567651,0.21582507130774198
USDZAR,10,2025-07-08,PA,66,3,0.6409448256889991,0.5053592467137505,0.7287457625950798,0.6229072697075096
USDZAR,10,2025-07-08,VAR1,66,3,38.63858926020712,31.16882049632302,54.985506129905104,23.377742377095604
USDZAR,10,2025-07-08,ARHinc,66,3,0.6351608399498122,0.503232716019473,0.717707030202542,0.6207780344893702
USDZAR,10,2025-07-08,KernelARH,66,3,0.5933652858178815,0.47103382279856404,0.5701476599393577,0.6229096337108638
USDZAR,1,2025-06-26,PM,66,5,0.35469278418632394,0.2064230769230771,0.622454584930836,0.16184348422732367
USDZAR,1,2025-06-26,PA,66,5,0.6799740062326739,0.5539034656230469,0.8637884008047649,0.6117007740553715
USDZAR,1,2025-06-26,VAR1,66,5,6.196010976886909,4.984196723314262,8.570010994401322,4.0051763603161215
USDZAR,1,2025-06-26,ARHinc,66,5,0.6712112049381019,0.5486589583463761,0.8418286347009579,0.6100401468572579
USDZAR,1,2025-06-26,KernelARH,66,5,0.5876428485726565,0.48280668183260483,0.6430179946036502,0.59329301199346
USDZAR,5,2025-07-02,PM,66,4,0.5552695118311743,0.33303846153846156,0.9432847794867996,0.24955806376225875
USDZAR,5,2025-07-02,PA,66,4,0.8393709964186389,0.671870977014671,1.17380400006043,0.6556953289595867
USDZAR,5,2025-07-02,VAR1,66,4,27.205656193638088,21.363000788604694,39.13590168606073,15.82127065608242
USDZAR,5,2025-07-02,ARHinc,66,4,0.8192368303103704,0.6591425529028975,1.1298710183515737,0.6517235521934966
USDZAR,5,2025-07-02,KernelARH,66,4,0.6294161672572753,0.5200974223126694,0.7222590119556991,0.6152070191958298
USDZAR,10,2025-07-09,PM,66,3,0.6015353752625924,0.40996153846153843,0.968537242479629,0.30551341733869036
USDZAR,10,2025-07-09,PA,66,3,0.7885047860944485,0.6268481131369015,1.0379969962293014,0.6572306636440273
USDZAR,10,2025-07-09,VAR1,66,3,24.15010126554912,19.520659661070145,34.3082143120528,14.647191096461183
USDZAR,10,2025-07-09,ARHinc,66,3,0.7759234839211058,0.6231813547670403,1.004412197754921,0.6569650512267108
USDZAR,10,2025-07-09,KernelARH,66,3,0.5910239581018896,0.47858661459126084,0.6071849934044035,0.6092363915741926
USDZAR,1,2025-06-27,PM,66,5,0.14696022486478336,0.0885384615384616,0.2489577965910619,0.06970481717306015
USDZAR,1,2025-06-27,PA,66,5,0.5852805442174934,0.48078824673979625,0.6394809842373939,0.5948959330540814
USDZAR,1,2025-06-27,VAR1,66,5,7.243451977402158,5.758273573289958,9.855565081074387,4.815699747179562
USDZAR,1,2025-06-27,ARHinc,66,5,0.564773607607004,0.4670043913653097,0.5677852831884485,0.5943863698862466
USDZAR,1,2025-06-27,KernelARH,66,5,0.5675995513435835,0.47315273924895557,0.5461475768874644,0.6011504267389901
USDZAR,5,2025-07-03,PM,66,4,0.14104912537563205,0.11573076923076928,0.1972925735699749,0.11107866094954384
USDZAR,5,2025-07-03,PA,66,4,0.5528417211804045,0.4584793702686672,0.49339300759758625,0.6076843249786041
USDZAR,5,2025-07-03,VAR1,66,4,26.202795456351502,19.30300899201304,38.31661381697698,14.584357051318122
USDZAR,5,2025-07-03,ARHinc,66,4,0.5580062564982936,0.4635656244825779,0.4990896801633998,0.6136446220819434
USDZAR,5,2025-07-03,KernelARH,66,4,0.5900401527372368,0.48139406033269205,0.5198871045436727,0.6392750178231668
USDZAR,10,2025-07-10,PM,66,3,0.3276176388836417,0.24223076923076925,0.41161997110714044,0.21050448970795566
USDZAR,10,2025-07-10,PA,66,3,0.605568282226631,0.5023231016633,0.6258037370339335,0.6113953468614419
USDZAR,10,2025-07-10,VAR1,66,3,14.996442954874231,12.070697733978715,21.341637476053048,9.080434609489833
USDZAR,10,2025-07-10,ARHinc,66,3,0.5651042313967092,0.4666776259644689,0.5362454313234571,0.5991419000304766
USDZAR,10,2025-07-10,KernelARH,66,3,0.5683321284111353,0.4627828235936257,0.5605502734685405,0.5970506454910429
USDZAR,1,2025-06-30,PM,66,5,0.22657196598262286,0.11565384615384611,0.3968460383542544,0.09750621090186168
USDZAR,1,2025-06-30,PA,66,5,0.5412851285798123,0.4452214018454767,0.49103362224651226,0.5918443135185991
USDZAR,1,2025-06-30,VAR1,66,5,9.305131508334155,7.458316362363969,9.481634789247224,8.673927149259876
USDZAR,1,2025-06-30,ARHinc,66,5,0.5421612918759731,0.4463542903794306,0.49340755572166156,0.5924479154667427
USDZAR,1,2025-06-30,KernelARH,66,5,0.5471854430522932,0.45589867466160544,0.49679522593047803,0.5938797195342436
USDZAR,5,2025-07-04,PM,66,4,0.29017310814806335,0.19734615384615375,0.4921726735320765,0.1603356454518148
USDZAR,5,2025-07-04,PA,66,4,0.559793870949522,0.4640482525409489,0.5145350401976058,0.6088583815743529
USDZAR,5,2025-07-04,VAR1,66,4,20.61448778933642,15.368591410887792,29.98379348754876,11.606327941851552
USDZAR,5,2025-07-04,ARHinc,66,4,0.5622423747014648,0.46534009245654084,0.5203017006096353,0.6098180654521007
USDZAR,5,2025-07-04,KernelARH,66,4,0.6259196797220199,0.4941701992712328,0.5862142444156403,0.6542394043306422
USDZAR,10,2025-07-11,PM,66,3,0.7140267717454514,0.5525384615384615,1.0446078566785377,0.4288630755785346
USDZAR,10,2025-07-11,PA,66,3,0.933090251454616,0.7342168144809222,1.2990659281722807,0.7172703806827057
USDZAR,10,2025-07-11,VAR1,66,3,10.204788636799393,8.176704332621838,14.640240794951355,6.150113192853922
USDZAR,10,2025-07-11,ARHinc,66,3,0.925472354830046,0.7289928358289924,1.285689149295882,0.7145113580781639
USDZAR,10,2025-07-11,KernelARH,66,3,0.8846627820375363,0.6658333653969121,1.2767479513898972,0.6716262940589535
USDZAR,1,2025-07-01,PM,66,5,0.08057784100817342,0.043730769230769365,0.11732779207380606,0.04219065049840496
USDZAR,1,2025-07-01,PA,66,5,0.5636953605648104,0.47361498004213914,0.5586359913500812,0.5923259687837739
USDZAR,1,2025-07-01,VAR1,66,5,0.6848805849178854,0.559286779722318,0.6757365298780301,0.6936280884291628
USDZAR,1,2025-07-01,ARHinc,66,5,0.5834139226831506,0.4872105223275358,0.6096724010901955,0.5960390948859564
USDZAR,1,2025-07-01,KernelARH,66,5,0.5513089500415074,0.45792730131009396,0.5041922431437715,0.5974906494780278
USDZAR,5,2025-07-07,PM,66,4,0.39028546012452925,0.28061538461538477,0.6195248481887184,0.21642829179512801
USDZAR,5,2025-07-07,PA,66,4,0.7501755388227779,0.6082848441320272,0.9681631428466478,0.64589892226871
USDZAR,5,2025-07-07,VAR1,66,4,3.6402452823590545,3.0655526810370244,4.940190448432999,2.405654346396371
USDZAR,5,2025-07-07,ARHinc,66,4,0.769990691342931,0.6205828940568695,1.00907511204283,0.6512871185333724
USDZAR,5,2025-07-07,KernelARH,66,4,0.6411235120743378,0.5195810913782395,0.7091295445751046,0.6375304388029952
USDZAR,10,2025-07-14,PM,66,3,0.7804629420069567,0.6018846153846151,1.1521710026055723,0.46086892502467963
USDZAR,10,2025-07-14,PA,66,3,1.0005027912221072,0.7893024452149173,1.3586987930771754,0.7522109420059411
USDZAR,10,2025-07-14,VAR1,66,3,7.25739974423523,6.0039603355226445,10.11546739641991,4.563885451426363
USDZAR,10,2025-07-14,ARHinc,66,3,1.0288656506940113,0.8051697069765932,1.414977536132781,0.759588017389277
USDZAR,10,2025-07-14,KernelARH,66,3,0.8296170805753674,0.6444734719372929,1.1020206944732867,0.6741247913422234
USDZAR,1,2025-07-02,PM,66,5,0.22123473437122773,0.12919230769230758,0.3826782555174743,0.10122382633416553
USDZAR,1,2025-07-02,PA,66,5,0.6110046149505798,0.5055656077505934,0.693292999074149,0.6014039174476943
USDZAR,1,2025-07-02,VAR1,66,5,4.154955728830767,3.2138200874524308,4.485977764611337,3.731248354217053
USDZAR,1,2025-07-02,ARHinc,66,5,0.6038539523892498,0.5001101318832104,0.6761224021528276,0.5999449922052306
USDZAR,1,2025-07-02,KernelARH,66,5,0.6064649705005506,0.5028113024435348,0.6810557669471295,0.6007471648213939
USDZAR,5,2025-07-08,PM,66,4,0.23127032135244135,0.18503846153846143,0.32557173108009746,0.16928856680915674
USDZAR,5,2025-07-08,PA,66,4,0.6093285996232795,0.4974877730717489,0.663024064650317,0.6063382250945638
USDZAR,5,2025-07-08,VAR1,66,4,7.389408407636534,5.5117124313244314,10.764197182201071,4.181507092674115
USDZAR,5,2025-07-08,ARHinc,66,4,0.6048245020808453,0.49500680596364743,0.652330026729736,0.6049198660987674
USDZAR,5,2025-07-08,KernelARH,66,4,0.5631248790250221,0.45968593085439047,0.5505891119980378,0.5981834345667242
USDZAR,10,2025-07-15,PM,66,3,0.42884516212372403,0.3378076923076925,0.5122073159774828,0.2989395165285052
USDZAR,10,2025-07-15,PA,66,3,0.7113508333837679,0.5729697057445937,0.7775732911601443,0.6521372470838581
USDZAR,10,2025-07-15,VAR1,66,3,1.2000669989892903,0.9596043991689962,1.5664324185974203,0.8673921115715825
USDZAR,10,2025-07-15,ARHinc,66,3,0.703902140462231,0.5686613725225727,0.7602507126275937,0.6505695601973821
USDZAR,10,2025-07-15,KernelARH,66,3,0.6191217157865717,0.48989517444225816,0.6490935767546355,0.61148983827579
USDZAR,1,2025-07-03,PM,66,5,0.2710134115330257,0.18907692307692306,0.4540456229024584,0.14545497560269405
USDZAR,1,2025-07-03,PA,66,5,0.5653971703984334,0.46856085167280476,0.5249736125980046,0.6128202193865421
USDZAR,1,2025-07-03,VAR1,66,5,12.92418381650894,10.71152814936122,14.550518969098839,11.208189576001232
USDZAR,1,2025-07-03,ARHinc,66,5,0.6009647102210748,0.4901495554297067,0.601099933892971,0.6280687367282674
USDZAR,1,2025-07-03,KernelARH,66,5,0.5656218956726323,0.46576229336460584,0.5288957025769659,0.6120160950995197
USDZAR,5,2025-07-09,PM,66,4,0.14602061234897384,0.11653846153846183,0.1677949181992984,0.11106165761431766
USDZAR,5,2025-07-09,PA,66,4,0.569651515075541,0.4688178492079707,0.5686558807613822,0.5958742911636731
USDZAR,5,2025-07-09,VAR1,66,4,14.264762684903133,10.533518800707101,20.759245567669947,8.20708869510357
USDZAR,5,2025-07-09,ARHinc,66,4,0.547059102429282,0.4469589672868211,0.5147875450951247,0.5898559524304365
USDZAR,5,2025-07-09,KernelARH,66,4,0.5598122661579233,0.46152834794800773,0.5544906294271632,0.5928144690483776
USDZAR,10,2025-07-16,PM,66,3,0.3425179669627678,0.2757307692307694,0.4070669270397032,0.2546971681300836
USDZAR,10,2025-07-16,PA,66,3,0.6310533061696234,0.5115348797850772,0.6231530096987946,0.6335443006638151
USDZAR,10,2025-07-16,VAR1,66,3,2.1466749090011663,1.7312300056440602,2.933358867092162,1.4144960228748755
USDZAR,10,2025-07-16,ARHinc,66,3,0.6061332389257783,0.4916327341776314,0.5902819984235161,0.6215813532165586
USDZAR,10,2025-07-16,KernelARH,66,3,0.6085014247252234,0.4862642732437568,0.6187091161888936,0.6165395398656224
USDZAR,1,2025-07-04,PM,66,5,0.10189455333824263,0.086153846153846,0.12936869127959164,0.0753591203370317
USDZAR,1,2025-07-04,PA,66,5,0.544057046337626,0.4491766223037789,0.49573903976848077,0.592540586188102
USDZAR,1,2025-07-04,VAR1,66,5,2.090307463058037,1.72490846883339,2.384407726586483,1.8143894407610741
USDZAR,1,2025-07-04,ARHinc,66,5,0.5523870876149533,0.45756614168407594,0.5239858849534839,0.5924245681698248
USDZAR,1,2025-07-04,KernelARH,66,5,0.5578883596137184,0.46111831193656844,0.5051875064410438,0.6047285242518193
USDZAR,5,2025-07-10,PM,66,4,0.34293220904429494,0.2896153846153848,0.46262446003794183,0.24940410993846907
USDZAR,5,2025-07-10,PA,66,4,0.6983377549081166,0.5647622424410036,0.828844096849977,0.6358386763155154
USDZAR,5,2025-07-10,VAR1,66,4,1.712468261481296,1.3244974661150122,2.3549232121132198,1.1394931044115724
USDZAR,5,2025-07-10,ARHinc,66,4,0.7360271924576923,0.5926898141288179,0.8976491617905064,0.6495504362371615
USDZAR,5,2025-07-10,KernelARH,66,4,0.5593711105674528,0.4637160105239736,0.5578621440997031,0.587063208009494
USDZAR,10,2025-07-17,PM,66,3,0.4085700321289438,0.34492307692307694,0.44693750094252366,0.33413385139153584
USDZAR,10,2025-07-17,PA,66,3,0.7334851185910001,0.583246134737857,0.8127532136368203,0.6669346160383891
USDZAR,10,2025-07-17,VAR1,66,3,2.501307327763363,2.041454183170602,3.5127173940038325,1.6175515393897264
USDZAR,10,2025-07-17,ARHinc,66,3,0.7669264442175298,0.6112835782264536,0.865356489612347,0.6821240463365693
USDZAR,10,2025-07-17,KernelARH,66,3,0.5825339011041674,0.4637782208599131,0.578671645486677,0.6004464744646921
USDZAR,1,2025-07-07,PM,66,5,0.49123554001032,0.36107692307692296,0.7577562890414213,0.27334303378053
USDZAR,1,2025-07-07,PA,66,5,0.8028482698908745,0.6449410982227455,1.0656746933989318,0.6558670620789702
USDZAR,1,2025-07-07,VAR1,66,5,1.447953094481868,1.066291770589303,1.7115723176989603,1.224828587982624
USDZAR,1,2025-07-07,ARHinc,66,5,0.8093804557184916,0.6498356028379771,1.0754372465159943,0.6591172048976581
USDZAR,1,2025-07-07,KernelARH,66,5,0.7997197362696686,0.6419789062179554,1.05449225274658,0.6581918368383214
USDZAR,5,2025-07-11,PM,66,4,0.95840650501035,0.7398846153846157,1.4805116301774748,0.5590255701054305
USDZAR,5,2025-07-11,PA,66,4,1.2329811835056816,0.9535943298509001,1.819595076678656,0.8271144511807242
USDZAR,5,2025-07-11,VAR1,66,4,2.770887966273845,2.0517255394391505,3.6812794547522296,1.990701143944195
USDZAR,5,2025-07-11,ARHinc,66,4,1.224555846987296,0.9494471370460891,1.8027297229003039,0.8253442673705531
USDZAR,5,2025-07-11,KernelARH,66,4,0.9858924334494832,0.7679622017170661,1.4194638649618894,0.7198506910603654
USDZAR,10,2025-07-18,PM,66,3,0.3735692578152213,0.30861538461538446,0.43666015581197687,0.2832690846956862
USDZAR,10,2025-07-18,PA,66,3,0.7134827041371101,0.5726448068808419,0.7862157651750088,0.6557462752080568
USDZAR,10,2025-07-18,VAR1,66,3,0.8615909107196734,0.6890516180235376,1.118912424108596,0.7203086211743684
USDZAR,10,2025-07-18,ARHinc,66,3,0.7216256716142846,0.5781464256222776,0.8002082448345139,0.6588883535106107
USDZAR,10,2025-07-18,KernelARH,66,3,0.5925632672626295,0.47586192061742477,0.6198982238326092,0.6067125815522307
USDZAR,1,2025-07-08,PM,66,5,0.182199040569964,0.12880769230769237,0.2829174975185911,0.1024212952270661
USDZAR,1,2025-07-08,PA,66,5,0.5383576529054184,0.42686888962546277,0.512506278201013,0.5759529213752232
USDZAR,1,2025-07-08,VAR1,66,5,16.470740284042197,13.284148248867014,20.235317650222935,13.324787917965727
USDZAR,1,2025-07-08,ARHinc,66,5,0.531428076555588,0.4290159853793851,0.4914054937162863,0.5769327573511345
USDZAR,1,2025-07-08,KernelARH,66,5,0.5523405912661324,0.44646454173965705,0.5291076885703871,0.5862858507072474
USDZAR,5,2025-07-14,PM,66,4,0.4476399115188628,0.39119230769230773,0.5756746655951599,0.31847530302239024
USDZAR,5,2025-07-14,PA,66,4,0.8352751738013341,0.6782760342824062,1.0610523920088213,0.6875019969261817
USDZAR,5,2025-07-14,VAR1,66,4,20.368058810869616,14.305441643383558,29.44489952460669,12.263721856193774
USDZAR,5,2025-07-14,ARHinc,66,4,0.83462871102674685,0.6739826339394654,1.0706510847956379,0.6839318412622462
USDZAR,5,2025-07-14,KernelARH,66,4,0.8344492111270675,0.6653438231195986,1.0897316044353866,0.6782821853589628
USDZAR,10,2025-07-21,PM,66,3,0.4044464997423591,0.20757692307692321,0.7348036819995594,0.17256399003613435
USDZAR,10,2025-07-21,PA,66,3,0.6015300837463937,0.4801214652693667,0.6766234584280495,0.5990731968334192
USDZAR,10,2025-07-21,VAR1,66,3,0.8350728743615757,0.6691034407723566,0.9737221557180958,0.7032400564995277
USDZAR,10,2025-07-21,ARHinc,66,3,0.5981126158849519,0.47751695332668403,0.6635605190945219,0.5992444148753051
USDZAR,10,2025-07-21,KernelARH,66,3,0.606543133087556,0.48860195164176295,0.6563317797978393,0.6107192818423539
USDZAR,1,2025-07-09,PM,66,5,0.09782047921496904,0.07961538461538462,0.11513564216712034,0.08537910825929652
USDZAR,1,2025-07-09,PA,66,5,0.5454701944106933,0.4357766830096057,0.5190654275956725,0.5863876771337526
USDZAR,1,2025-07-09,VAR1,66,5,4.0915694768477575,3.089365955442938,5.205117024714883,3.1628228519314545
USDZAR,1,2025-07-09,ARHinc,66,5,0.5502126782253773,0.4405732326239455,0.5315210013606803,0.5880951185055413
USDZAR,1,2025-07-09,KernelARH,66,5,0.5399535927452827,0.437631046086235,0.5106541512987105,0.5824466120092346
USDZAR,5,2025-07-15,PM,66,4,0.2753071711044565,0.2081923076923079,0.3476830148542087,0.17602350978358228
USDZAR,5,2025-07-15,PA,66,4,0.6497470622029615,0.5358831690936026,0.6937870471441311,0.6135016410061545
USDZAR,5,2025-07-15,VAR1,66,4,4.382731774111626,3.1603944979052963,6.137245034877421,2.793783350459246
USDZAR,5,2025-07-15,ARHinc,66,4,0.677230401915059,0.5548819780720147,0.7466906542519683,0.6223381414993014
USDZAR,5,2025-07-15,KernelARH,66,4,0.5990314516169848,0.48502228200479236,0.6091873944015642,0.598670776845769
USDZAR,10,2025-07-22,PM,66,3,0.49139714472731094,0.28199999999999964,0.8750627773056036,0.2414348747372195
USDZAR,10,2025-07-22,PA,66,3,0.6603165223452795,0.5204529953492255,0.8239254709482815,0.6266263480185141
USDZAR,10,2025-07-22,VAR1,66,3,0.8373203809521358,0.6515765434849056,1.1087464367765056,0.7175176441656353
USDZAR,10,2025-07-22,ARHinc,66,3,0.6421216131012216,0.5100424317849632,0.7775405592965625,0.6220454597867823
USDZAR,10,2025-07-22,KernelARH,66,3,0.7296265292450548,0.5706881135016667,0.9119616066959739,0.6725042711578965
USDZAR,1,2025-07-10,PM,66,5,0.07055276258015906,0.046961538461538443,0.08669002146829033,0.05237739541842537
USDZAR,1,2025-07-10,PA,66,5,0.5311344575521584,0.4297091643244616,0.486044498406634,0.5778658147030055
USDZAR,1,2025-07-10,VAR1,66,5,10.324965539378573,8.160864297413907,12.843572811240724,8.200216822970397
USDZAR,1,2025-07-10,ARHinc,66,5,0.5293325760399736,0.4219937507613819,0.48067607533395484,0.5774656105792889
USDZAR,1,2025-07-10,KernelARH,66,5,0.5300447399333751,0.42694821657528764,0.4793887343739207,0.5792735709401512
USDZAR,5,2025-07-16,PM,66,4,0.20533556026098404,0.162730769230769,0.25795776872658943,0.1470869139418588
USDZAR,5,2025-07-16,PA,66,4,0.5873918701934527,0.47924588430169773,0.5693720449821614,0.6023791379963569
USDZAR,5,2025-07-16,VAR1,66,4,13.974900606191055,9.98569863623915,19.30867359546301,9.22943521089611
USDZAR,5,2025-07-16,ARHinc,66,4,0.5839324564992702,0.47709091388952724,0.5621522452523451,0.6013109803709276
USDZAR,5,2025-07-16,KernelARH,66,4,0.5869149349941596,0.47491082132172646,0.5740659793729236,0.6028618205824748
USDZAR,10,2025-07-23,PM,66,3,0.5935039773698625,0.4355384615384618,0.9920826080069952,0.33983404589581984
USDZAR,10,2025-07-23,PA,66,3,0.7459492859815511,0.5743990483642077,0.96942285081184,0.6729515797359594
USDZAR,10,2025-07-23,VAR1,66,3,0.867918144120012,0.6904553057424885,1.1228174320195055,0.749616906813068
USDZAR,10,2025-07-23,ARHinc,66,3,0.7690752856507321,0.5897614589295004,1.01718162056183,0.6799165182103893
USDZAR,10,2025-07-23,KernelARH,66,3,0.7354187953971122,0.5774824676659622,0.8939150503144344,0.6882763937761988
USDZAR,1,2025-07-11,PM,66,5,0.5678719976977479,0.375,0.9336323927913778,0.28678677395172714
USDZAR,1,2025-07-11,PA,66,5,0.8285932520995638,0.6419326246243218,1.1743061924665932,0.6486103855611624
USDZAR,1,2025-07-11,VAR1,66,5,1.7772713349574263,1.2785267077690066,2.4304886370802694,1.2840392727995789
USDZAR,1,2025-07-11,ARHinc,66,5,0.8743330603128483,0.6719525975664131,1.2591347045967023,0.6631555559511771
USDZAR,1,2025-07-11,KernelARH,66,5,0.791891526512483,0.6100717231853341,1.1095823983826663,0.6364677898399397
USDZAR,5,2025-07-17,PM,66,4,0.1962495712881158,0.1383461538461539,0.3084486616463929,0.1200919350232011
USDZAR,5,2025-07-17,PA,66,4,0.5582511520881678,0.4573949793796324,0.5367849579817879,0.583697201345268
USDZAR,5,2025-07-17,VAR1,66,4,4.974104339282721,3.813890585163361,6.613658687999194,3.5993903750230003
USDZAR,5,2025-07-17,ARHinc,66,4,0.5746485257397985,0.4713594582134711,0.5653955824558905,0.5896080188804479
USDZAR,5,2025-07-17,KernelARH,66,4,0.5537763536379997,0.44691642296154116,0.5369813489161357,0.584279396758762
USDZAR,10,2025-07-24,PM,66,3,0.3915953563015309,0.36515384615384605,0.5011825003729812,0.3080762668001114
USDZAR,10,2025-07-24,PA,66,3,0.6439783625468137,0.5101215796631823,0.6158710251307998,0.6688815553175569
USDZAR,10,2025-07-24,VAR1,66,3,1.7016869787383777,1.443317976922059,2.1993879916904824,1.252126965076704
USDZAR,10,2025-07-24,ARHinc,66,3,0.6318601543367496,0.5023197458492363,0.591980953690972,0.6639319540825022
USDZAR,10,2025-07-24,KernelARH,66,3,0.6454295491328,0.5116463600207369,0.599055065976242,0.674435749902228
USDZAR,1,2025-07-14,PM,66,5,0.20543165155724763,0.14876923076923076,0.3120639883231581,0.11490610920921157
USDZAR,1,2025-07-14,PA,66,5,0.5535927158811097,0.4414046654512284,0.5292448196942278,0.5840742059395775
USDZAR,1,2025-07-14,VAR1,66,5,40.195280520288144,32.88075582786069,47.28669009649386,33.98827039467925
USDZAR,1,2025-07-14,ARHinc,66,5,0.569897749729589,0.4571422373274981,0.576492353625396,0.5867782004203345
USDZAR,1,2025-07-14,KernelARH,66,5,0.6493618719161309,0.5331199529550245,0.7420598684113479,0.6113211782264495
USDZAR,5,2025-07-18,PM,66,4,0.7626533263245144,0.4691538461538463,1.3317604985274367,0.35039843787310204
USDZAR,5,2025-07-18,PA,66,4,0.8327857639587424,0.6417859409818932,1.1886408970842737,0.6554187966876147
USDZAR,5,2025-07-18,VAR1,66,4,59.1584604111919,44.88022116888737,77.77240406781549,42.612682698624
USDZAR,5,2025-07-18,ARHinc,66,4,0.9353471162200482,0.716077952335589,1.3589018696424577,0.6969225334852849
USDZAR,5,2025-07-18,KernelARH,66,4,0.5994226231403919,0.47785677536034027,0.6810033600403689,0.5979648230229797
USDZAR,10,2025-07-25,PM,66,3,0.6803790303940885,0.5758076923076922,0.9537653892378748,0.4524778843506446
USDZAR,10,2025-07-25,PA,66,3,0.8433872417070734,0.6863485224797876,0.9755085696943584,0.7323058425501181
USDZAR,10,2025-07-25,VAR1,66,3,2.430192624646507,1.9175046467647818,3.5601476992516083,1.4729264493194698
USDZAR,10,2025-07-25,ARHinc,66,3,0.9402097298835344,0.7709457430795763,1.124449330851307,0.7796732394879188
USDZAR,10,2025-07-25,KernelARH,66,3,0.651806742359154,0.520327585408755,0.6310754583045667,0.6645189491879513
USDZAR,1,2025-07-15,PM,66,5,0.41512845555970346,0.2701923076923077,0.709549610117913,0.2012593923685718
USDZAR,1,2025-07-15,PA,66,5,0.6347402419795041,0.5091983811450835,0.767456322542893,0.5964770310997821
USDZAR,1,2025-07-15,VAR1,66,5,10.515496975207194,8.56183561209915,12.488034739157625,8.861708529069217
USDZAR,1,2025-07-15,ARHinc,66,5,0.6094001466076086,0.4907961501635394,0.7086872060789356,0.5907725900634304
USDZAR,1,2025-07-15,KernelARH,66,5,0.7015433037466573,0.5567413680321951,0.8987659533433576,0.6200685897599867
USDZAR,5,2025-07-21,PM,66,4,0.6956201577342004,0.46261538461538465,1.1788079839234338,0.339839701149621
USDZAR,5,2025-07-21,PA,66,4,0.7500118639938761,0.5802739909639916,1.0035721765471608,0.6495121640525576
USDZAR,5,2025-07-21,VAR1,66,4,14.948235329931713,11.40702306318757,19.238916388951978,11.14540852129652
USDZAR,5,2025-07-21,ARHinc,66,4,0.7425437733773836,0.5735399129486052,0.9931619347813251,0.6453361767984044
USDZAR,5,2025-07-21,KernelARH,66,4,0.7994143705717605,0.6258793056192513,1.0475450866709353,0.6869848078332335
USDZAR,10,2025-07-28,PM,66,3,0.5584638529036595,0.4717307692307695,0.7292584162647399,0.3886098298710751
USDZAR,10,2025-07-28,PA,66,3,0.7148809501892169,0.5789028203108638,0.7278599248844136,0.6948954434020318
USDZAR,10,2025-07-28,VAR1,66,3,0.7037399859160095,0.5669255564838169,0.9118312406632765,0.616412556793522
USDZAR,10,2025-07-28,ARHinc,66,3,0.703069280156614,0.5682397112926991,0.7124661441185334,0.6882938175903818
USDZAR,10,2025-07-28,KernelARH,66,3,0.626976673931182,0.4987331479245068,0.5764107879775442,0.6576279724050147
USDZAR,1,2025-07-16,PM,66,5,0.12720062892926293,0.0740384615384616,0.19237750847675977,0.06763888417186455
USDZAR,1,2025-07-16,PA,66,5,0.5525797367170977,0.4461317904164218,0.5356803148992918,0.5819468264146405
USDZAR,1,2025-07-16,VAR1,66,5,8.814274768168687,6.939995045986966,11.199613230646,6.7511026184498135
USDZAR,1,2025-07-16,ARHinc,66,5,0.5496930455678243,0.44164174881743185,0.5250688570051882,0.5818881539554456
USDZAR,1,2025-07-16,KernelARH,66,5,0.5742050232851977,0.46485049838597997,0.5953833827752119,0.5859270105921602
USDZAR,5,2025-07-22,PM,66,4,0.5783782865112522,0.4531153846153845,0.8899416441615349,0.34567834726187363
USDZAR,5,2025-07-22,PA,66,4,0.7152940130108728,0.5611121544546046,0.8834543668668032,0.6675391594232846
USDZAR,5,2025-07-22,VAR1,66,4,12.563357094982834,10.048872108595127,15.58208767300663,9.943053621617727
USDZAR,5,2025-07-22,ARHinc,66,4,0.7128348311057318,0.5571464674323046,0.8964261774381804,0.6600366314261099
USDZAR,5,2025-07-22,KernelARH,66,4,0.8007310606818799,0.6139796594644484,1.0689790589884025,0.6913909503884772
USDZAR,10,2025-07-29,PM,66,3,0.3420078580968571,0.24942307692307672,0.5187826011307525,0.20916195524066727
USDZAR,10,2025-07-29,PA,66,3,0.6383039995199737,0.5116786492558077,0.7264149231626944,0.622362516714383
USDZAR,10,2025-07-29,VAR1,66,3,1.5228183218000866,1.2903666474804758,1.8525852560369056,1.1545466300692222
USDZAR,10,2025-07-29,ARHinc,66,3,0.6230981109393778,0.5017723538810274,0.704797561336268,0.613338916542524
USDZAR,10,2025-07-29,KernelARH,66,3,0.6063075107292327,0.49031969080076276,0.6675142904413192,0.6076536314847673
USDZAR,1,2025-07-17,PM,66,5,0.1548819339417561,0.09965384615384634,0.24707908518809235,0.0795560659775761
USDZAR,1,2025-07-17,PA,66,5,0.5381450303408806,0.42325767658005614,0.5248742995267214,0.5737097694705954
USDZAR,1,2025-07-17,VAR1,66,5,11.404792324640855,8.211428163891902,15.861269624110564,7.359305482137447
USDZAR,1,2025-07-17,ARHinc,66,5,0.5444480656472747,0.43024832229966115,0.545709005327082,0.5743091359588481
USDZAR,1,2025-07-17,KernelARH,66,5,0.5540099964998446,0.442563818938244,0.574293320023338,0.5754850631225058
USDZAR,5,2025-07-23,PM,66,4,0.6259119884677816,0.5131923076923081,0.9248907375259718,0.420488774973175
USDZAR,5,2025-07-23,PA,66,4,0.7661855022144938,0.6094736769518997,0.9454389914722681,0.7021615584837532
USDZAR,5,2025-07-23,VAR1,66,4,13.04632476872977,10.590394452818552,15.877491873526653,10.504312265390725
USDZAR,5,2025-07-23,ARHinc,66,4,0.7739315500937397,0.6161530604425165,0.95665331442986,0.7066446505027589
USDZAR,5,2025-07-23,KernelARH,66,4,0.8763906421251295,0.6930344362572194,1.1652704043606974,0.7400696936141704
USDZAR,10,2025-07-30,PM,66,3,0.3480811410709158,0.2943076923076925,0.42303521383628495,0.27205337704372307
USDZAR,10,2025-07-30,PA,66,3,0.6250363400135608,0.5000242809121047,0.6345542567886205,0.6374745901535533
USDZAR,10,2025-07-30,VAR1,66,3,3.4046708244531816,2.883027354689189,4.548333504541133,2.274139169617099
USDZAR,10,2025-07-30,ARHinc,66,3,0.6280563778027062,0.5034144140571313,0.6333137976014945,0.6406969828277238
USDZAR,10,2025-07-30,KernelARH,66,3,0.5991478294893908,0.48307325250589095,0.5861645871875035,0.6248162751615862
USDZAR,1,2025-07-18,PM,66,5,0.1710524548426369,0.13207692307692312,0.2551452149138126,0.112321345568962
USDZAR,1,2025-07-18,PA,66,5,0.5742377054462903,0.46357429321210736,0.6167564215224448,0.5859944578957658
USDZAR,1,2025-07-18,VAR1,66,5,15.178736783888404,10.641951986652364,21.925426158356828,9.007900445685241
USDZAR,1,2025-07-18,ARHinc,66,5,0.56939039301714,0.46015314017385067,0.606435372439981,0.5841662329992245
USDZAR,1,2025-07-18,KernelARH,66,5,0.6015117784997206,0.48419534182039836,0.6826890074057963,0.594116899969644
USDZAR,5,2025-07-24,PM,66,4,0.44185421151186177,0.3988461538461538,0.475794744472675,0.3709776855852175
USDZAR,5,2025-07-24,PA,66,4,0.6568680061722176,0.5262192168821413,0.6107493930673585,0.6804323272324446
USDZAR,5,2025-07-24,VAR1,66,4,12.044290795823384,9.892337137291259,14.447462531566327,9.778836703825611
USDZAR,5,2025-07-24,ARHinc,66,4,0.6508067595548621,0.5211678974500992,0.604180243918878,0.6762046351527419
USDZAR,5,2025-07-24,KernelARH,66,4,0.7289918642478146,0.5881096073989461,0.7621675658498709,0.7086413110666241
USDZAR,10,2025-07-31,PM,66,3,0.39389676751851915,0.2904615384615385,0.6339026435694255,0.2509728187408252
USDZAR,10,2025-07-31,PA,66,3,0.6835354467807716,0.5437736883173612,0.8191303254032197,0.6452341773868462
USDZAR,10,2025-07-31,VAR1,66,3,2.3496149789885568,2.0010045484798837,3.0245417747905607,1.656827445604211
USDZAR,10,2025-07-31,ARHinc,66,3,0.6837439043251152,0.5429068963826477,0.8262282629760518,0.64273597933161275
USDZAR,10,2025-07-31,KernelARH,66,3,0.6323732268360857,0.5122902701194773,0.7121729316216575,0.626357067895521
USDZAR,1,2025-07-21,PM,66,5,0.07238751220394929,0.05361538461538446,0.10073522763896486,0.045356155663338005
USDZAR,1,2025-07-21,PA,66,5,0.5682402482127964,0.46801717450561425,0.5888381632033299,0.5851508095191704
USDZAR,1,2025-07-21,VAR1,66,5,15.558125141545165,11.047501743538879,22.708000848420955,8.888470252776669
USDZAR,1,2025-07-21,ARHinc,66,5,0.568365799697924,0.4672732808812473,0.597073672971861,0.584375763047783
USDZAR,1,2025-07-21,KernelARH,66,5,0.5695528815085174,0.46841753743717307,0.6058816501753395,0.5839466990171381
USDZAR,5,2025-07-25,PM,66,4,0.4210632717848396,0.29773076923076897,0.6890688259780448,0.2455384826621914
USDZAR,5,2025-07-25,PA,66,4,0.623737368668079,0.504127779469152,0.697758387953682,0.6216122340587805
USDZAR,5,2025-07-25,VAR1,66,4,11.629025623753703,9.478336213249225,13.930201560197244,9.257207698672136
USDZAR,5,2025-07-25,ARHinc,66,4,0.6176938089425538,0.49804220467917437,0.6823815154098535,0.619938404819069
USDZAR,5,2025-07-25,KernelARH,66,4,0.6052030339999409,0.4875076130139584,0.5852328350389608,0.629836590951971
USDZAR,10,2025-08-01,PM,66,3,0.3229709590421643,0.2844230769230769,0.4028641181466623,0.2833281335311382
USDZAR,10,2025-08-01,PA,66,3,0.6356502916012282,0.5100647909288667,0.6166331454066837,0.6674458444450602
USDZAR,10,2025-08-01,VAR1,66,3,4.201794026254585,3.5659240484310684,5.718429796710111,2.779495372400427
USDZAR,10,2025-08-01,ARHinc,66,3,0.6282484323570084,0.5043765957475389,0.6003329474506789,0.6641395001313558
USDZAR,10,2025-08-01,KernelARH,66,3,0.6327594463672537,0.5005519323429035,0.5735593155474041,0.6766350167228198
USDZAR,1,2025-07-22,PM,66,5,0.30628983257441234,0.2606923076923076,0.43106421457489386,0.21134174379420828
USDZAR,1,2025-07-22,PA,66,5,0.6279347955030004,0.5044204246062464,0.7146539223256414,0.623059959475225
USDZAR,1,2025-07-22,VAR1,66,5,21.524312691475284,15.239938888473505,31.784257818359873,11.863601180575538
USDZAR,1,2025-07-22,ARHinc,66,5,0.6221476015363405,0.5011041106199845,0.7063288587311858,0.6189829827849531
USDZAR,1,2025-07-22,KernelARH,66,5,0.6441882490781702,0.5113088656908716,0.7684377577178131,0.6240471544965113
USDZAR,5,2025-07-28,PM,66,4,0.38398248407567115,0.21069230769230773,0.6807587851335817,0.18887366526546648
USDZAR,5,2025-07-28,PA,66,4,0.6174935578123762,0.5058461201476554,0.7171572939677199,0.6058472041843856
USDZAR,5,2025-07-28,VAR1,66,4,12.023507552236376,9.927476220205413,14.565712821804524,9.370689208820957
USDZAR,5,2025-07-28,ARHinc,66,4,0.6221561053366658,0.5107297049679691,0.7332483702035514,0.6047047033977241
USDZAR,5,2025-07-28,KernelARH,66,4,0.5623430063643041,0.45910258788781433,0.5237111600812802,0.6073755416729826
USDZAR,10,2025-08-04,PM,66,3,0.32002020669374576,0.266846153846154,0.3773282865164936,0.25163692830676737
USDZAR,10,2025-08-04,PA,66,3,0.6079504343395605,0.4847456387097784,0.5483003043816547,0.6488301922175239
USDZAR,10,2025-08-04,VAR1,66,3,4.087042996854433,3.4112309769882665,5.684675131755325,2.6425539484696223
USDZAR,10,2025-08-04,ARHinc,66,3,0.600985280400517,0.4799951091653839,0.5406659721714674,0.6435281407191819
USDZAR,10,2025-08-04,KernelARH,66,3,0.6482571661635638,0.517628345384321,0.6640346347594569,0.6591242044563362
USDZAR,1,2025-07-23,PM,66,5,0.10355484425767246,0.08642307692307713,0.11749646039986891,0.08491356786739226
USDZAR,1,2025-07-23,PA,66,5,0.5617482991861189,0.4589904118296865,0.5763159976548557,0.5867772059388585
USDZAR,1,2025-07-23,VAR1,66,5,26.56912227641621,18.76904538584088,39.53285079992144,14.410219059674358
USDZAR,1,2025-07-23,ARHinc,66,5,0.5605780920082812,0.45948694647893823,0.5727662407998744,0.5852432759140035
USDZAR,1,2025-07-23,KernelARH,66,5,0.5721654727624259,0.462422137907332,0.6209640126451473,0.5890139510568752
USDZAR,5,2025-07-29,PM,66,4,0.6844427477883012,0.37115384615384617,1.2339820903754757,0.29771982876387915
USDZAR,5,2025-07-29,PA,66,4,0.8913983231648426,0.6934175019541823,1.2993650772456553,0.6634051887081338
USDZAR,5,2025-07-29,VAR1,66,4,11.027286397930693,9.365615087717382,13.168450649297524,8.76608744705982
USDZAR,5,2025-07-29,ARHinc,66,4,0.8611784661414452,0.6748957117098858,1.2377326429588136,0.6568681580582054
USDZAR,5,2025-07-29,KernelARH,66,4,0.5761042351973331,0.47051774711881084,0.6391322542535656,0.5833639841687647
USDZAR,10,2025-08-05,PM,66,3,0.3190737797486297,0.20723076923076927,0.5307412747604737,0.16395202560103372
USDZAR,10,2025-08-05,PA,66,3,0.6062988633829822,0.49350204227536326,0.6442408888302654,0.6170091164534324
USDZAR,10,2025-08-05,VAR1,66,3,3.3879245532219664,2.8734938103446184,4.5976806815273745,2.2893486558724367
USDZAR,10,2025-08-05,ARHinc,66,3,0.5880357162209172,0.4825730016222487,0.6031923436685117,0.6106517990812825
USDZAR,10,2025-08-05,KernelARH,66,3,0.661021455894071,0.5288154353640555,0.6471755064648558,0.6721089126053329
USDZAR,1,2025-07-24,PM,66,5,0.29025842265656465,0.12253846153846171,0.5351166889451185,0.1144049327556116
USDZAR,1,2025-07-24,PA,66,5,0.5790916088755922,0.47542106447275406,0.6128552653337125,0.5920426932256628
USDZAR,1,2025-07-24,VAR1,66,5,34.04280579494977,24.270170335281225,50.80863630505581,18.4088083587245
USDZAR,1,2025-07-24,ARHinc,66,5,0.5736643769142538,0.4718252807213849,0.5991619186382855,0.5907715919152403
USDZAR,1,2025-07-24,KernelARH,66,5,0.5912209567340235,0.4858729991345437,0.6423953513120314,0.5948916179720388
USDZAR,5,2025-07-30,PM,66,4,0.6001029959675512,0.338769230769231,1.0761994375133315,0.27087935676910085
USDZAR,5,2025-07-30,PA,66,4,0.8543441769055125,0.6716214863757702,1.226743181605655,0.655442973924944
USDZAR,5,2025-07-30,VAR1,66,4,10.272684721796384,9.251112275704639,12.997399409274214,7.591066613850111
USDZAR,5,2025-07-30,ARHinc,66,4,0.823592037612462,0.6499665420757447,1.1694670188360792,0.6463188102790328
USDZAR,5,2025-07-30,KernelARH,66,4,0.6126053205750105,0.4974306466072773,0.733389312300435,0.593125807318659
USDZAR,10,2025-08-06,PM,66,3,0.2854822168784707,0.201076923076923,0.45919575214305874,0.1568534286586574
USDZAR,10,2025-08-06,PA,66,3,0.5946923731355127,0.48742422490563403,0.6327605531662255,0.6106159721937321
USDZAR,10,2025-08-06,VAR1,66,3,3.5399941517442963,3.0306085186557064,4.7506790735819076,2.443992678725213
USDZAR,10,2025-08-06,ARHinc,66,3,0.5851919648534576,0.4805187632665819,0.6023260900035987,0.6107477353246477
USDZAR,10,2025-08-06,KernelARH,66,3,0.7078365484520176,0.5753818423107977,0.7196955217150738,0.6993945736086522
USDZAR,1,2025-07-25,PM,66,5,0.28833924330685407,0.1608846153846152,0.5169139970679559,0.13203651878172604
USDZAR,1,2025-07-25,PA,66,5,0.6025531946282212,0.4748507495043246,0.7129347603570794,0.5909427869294899
USDZAR,1,2025-07-25,VAR1,66,5,3.3022519026792407,2.4295510634100874,4.93644743032433,1.8718417309374498
USDZAR,1,2025-07-25,ARHinc,66,5,0.5968548953634835,0.46957151819441817,0.6989890414130017,0.5899372862124813
USDZAR,1,2025-07-25,KernelARH,66,5,0.5523769001236397,0.4408683553139318,0.5697207834301676,0.5800796152132124
USDZAR,5,2025-07-31,PM,66,4,0.47316965163751684,0.335576923076923,0.7843186125595355,0.24135975833114043
USDZAR,5,2025-07-31,PA,66,4,0.7891704439919387,0.6326343311256274,1.0769455638664012,0.6461450431518398
USDZAR,5,2025-07-31,VAR1,66,4,2.236917163390757,1.9261795557954664,2.865754167336052,1.7231330876735345
USDZAR,5,2025-07-31,ARHinc,66,4,0.7975217152036665,0.6377558475757603,1.095561719529357,0.6475179452705644
USDZAR,5,2025-07-31,KernelARH,66,4,0.5860034301600995,0.4800667697886173,0.642722676665628,0.5951547596756289
USDZAR,10,2025-08-07,PM,66,3,0.26660562201931853,0.2097307692307694,0.36284090456379453,0.18163284922428374
USDZAR,10,2025-08-07,PA,66,3,0.5465260232499304,0.4411935684998921,0.4795212114408053,0.6042603591583313
USDZAR,10,2025-08-07,VAR1,66,3,1.0669561702566244,0.9102648888311357,1.3988702755425588,0.8264645168650873
USDZAR,10,2025-08-07,ARHinc,66,3,0.5477054871913718,0.4415120770198133,0.4794416738243506,0.6062149902757251
USDZAR,10,2025-08-07,KernelARH,66,3,0.7396763921606849,0.6044350124816328,0.7627721591190477,0.7211951254649541
USDZAR,1,2025-07-28,PM,66,5,0.12899034698528636,0.09903846153846131,0.1541237536067367,0.08637310818732535
USDZAR,1,2025-07-28,PA,66,5,0.5360900787003126,0.4354815879663242,0.5061685001303764,0.5771261465539425
USDZAR,1,2025-07-28,VAR1,66,5,37.32275633913975,28.201068209309547,53.67916540346112,21.953987086047075
USDZAR,1,2025-07-28,ARHinc,66,5,0.5276073150957256,0.4267799262616243,0.4822170048839823,0.5746470494515603
USDZAR,1,2025-07-28,KernelARH,66,5,0.5349585736480024,0.4344766608036036,0.5118815276146259,0.5752402679110267
USDZAR,5,2025-08-01,PM,66,4,0.198584171264789,0.12642307692307697,0.33805681961135886,0.12617998623776608
USDZAR,5,2025-08-01,PA,66,4,0.5471974784598229,0.4460699872168587,0.49441481637145496,0.5964400380813865
USDZAR,5,2025-08-01,VAR1,66,4,24.354603205286207,21.135806411124022,27.761143864472636,20.515897544163696
USDZAR,5,2025-08-01,ARHinc,66,4,0.5510821952749656,0.4422933810077631,0.49983420983226823,0.6003303886851901
USDZAR,5,2025-08-01,KernelARH,66,4,0.5749616332877853,0.46694538259804597,0.5222159450617678,0.6251786768634827
USDZAR,10,2025-08-08,PM,66,3,0.5048678425702496,0.3572692307692306,0.8216051748791565,0.2779120470219338
USDZAR,10,2025-08-08,PA,66,3,0.638597578408464,0.520634483841799,0.6994608024584357,0.6300449172484561
USDZAR,10,2025-08-08,VAR1,66,3,10.525832774487215,9.259961709503672,14.047477610915456,7.322724821840634
USDZAR,10,2025-08-08,ARHinc,66,3,0.6584461108566547,0.5369462442409122,0.7330423428115109,0.6399458725430509
USDZAR,10,2025-08-08,KernelARH,66,3,0.7372605639508543,0.6040131812629218,0.769883493775703,0.7150796236275133
USDZAR,1,2025-07-29,PM,66,5,0.16114852203432134,0.11957692307692308,0.2542240430104013,0.10737740258875084
USDZAR,1,2025-07-29,PA,66,5,0.5645740485065535,0.45022822161858983,0.603878549848053,0.5822200507265121
USDZAR,1,2025-07-29,VAR1,66,5,27.91412458496996,20.8568895563439,40.36696556531131,16.238264502406228
USDZAR,1,2025-07-29,ARHinc,66,5,0.5872431034801795,0.47131725928715273,0.6604858241559753,0.5885218397669446
USDZAR,1,2025-07-29,KernelARH,66,5,0.5731801830577395,0.458972161748105,0.625691320731118,0.5844521261688704
USDZAR,5,2025-08-04,PM,66,4,0.3888407326716368,0.24049999999999994,0.6759381437676127,0.18138363862246923
USDZAR,5,2025-08-04,PA,66,4,0.6016212181321188,0.48461931073482206,0.6736364515935336,0.6007120505104958
USDZAR,5,2025-08-04,VAR1,66,4,19.711891497884846,17.206468333208697,22.240027883124338,16.725226674616398
USDZAR,5,2025-08-04,ARHinc,66,4,0.5739928529118447,0.4609731130171288,0.6082393378983696,0.5923412794006427
USDZAR,5,2025-08-04,KernelARH,66,4,0.6363545513645229,0.5161888836629207,0.7256427623820542,0.6230174428357496
USDZAR,10,2025-08-11,PM,66,3,0.5787365216905369,0.4187692307692308,0.9310944104447065,0.33718762473231995
USDZAR,10,2025-08-11,PA,66,3,0.6851111397858273,0.5500807069632576,0.8084650161293297,0.6579622024241294
USDZAR,10,2025-08-11,VAR1,66,3,11.070178365363075,9.831673941143766,14.599642741322434,7.7876411030616906
USDZAR,10,2025-08-11,ARHinc,66,3,0.6477838140223714,0.5218679274698781,0.7354299299310194,0.6422985530879552
USDZAR,10,2025-08-11,KernelARH,66,3,0.7300246783615321,0.5894473661559817,0.7785108404645499,0.7253737895281714
USDZAR,1,2025-07-30,PM,66,5,0.1585891826265393,0.11992307692307697,0.2231842681218813,0.10499587299217177
USDZAR,1,2025-07-30,PA,66,5,0.5445263995644638,0.4329926568399383,0.5046440042818192,0.5824976448414044
USDZAR,1,2025-07-30,VAR1,66,5,40.40144905166464,30.344226897786438,58.21038122670589,23.708059190965784
USDZAR,1,2025-07-30,ARHinc,66,5,0.5449229182251515,0.43324861660216174,0.5049138640750546,0.5828606276267627
USDZAR,1,2025-07-30,KernelARH,66,5,0.5337020532492972,0.431381498260501,0.4913471001405494,0.5782359549637429
USDZAR,5,2025-08-05,PM,66,4,0.5708080052400752,0.42484615384615365,0.9095459504209038,0.31540040086163096
USDZAR,5,2025-08-05,PA,66,4,0.7214020703995485,0.5908380813485932,0.8698365348473523,0.6516723801722972
USDZAR,5,2025-08-05,VAR1,66,4,28.685498644058125,24.979222591613375,31.933783218572383,24.668518479642803
USDZAR,5,2025-08-05,ARHinc,66,4,0.7307265352548319,0.5982328478651853,0.8846030179107798,0.6560171655169189
USDZAR,5,2025-08-05,KernelARH,66,4,0.6725956422289843,0.5474854882412156,0.7390563521588452,0.6503320960708752
USDZAR,10,2025-08-12,PM,66,3,1.0011176206543442,0.7429999999999999,1.6068445587377742,0.5618223872640865
USDZAR,10,2025-08-12,PA,66,3,1.0280441901497501,0.8180612014689088,1.4395943956073485,0.7880355584581776
USDZAR,10,2025-08-12,VAR1,66,3,15.893355697267312,14.244697137817306,20.750365830973376,11.321256463420884
USDZAR,10,2025-08-12,ARHinc,66,3,1.0301546662017098,0.8226891531087043,1.4370816809135332,0.7919497398848807
USDZAR,10,2025-08-12,KernelARH,66,3,0.9166959553280021,0.7611693236166499,1.1317594928640082,0.8006259960319773
USDZAR,1,2025-07-31,PM,66,5,0.16134858346020697,0.10265384615384615,0.24337276175063463,0.08625031404154199
USDZAR,1,2025-07-31,PA,66,5,0.5651115342658071,0.4594027100230078,0.5848506763803365,0.5863555374438223
USDZAR,1,2025-07-31,VAR1,66,5,36.998005079739706,27.877663232665544,53.24977202091825,21.749956260266924
USDZAR,1,2025-07-31,ARHinc,66,5,0.564475419827732,0.46067161274789564,0.5770399338827935,0.5872991334367907
USDZAR,1,2025-07-31,KernelARH,66,5,0.5704740782991788,0.464838735880358,0.5995850417775784,0.5875452023111403
USDZAR,5,2025-08-06,PM,66,4,0.5237688403073659,0.38680769230769213,0.8296833351529039,0.2873392653851737
USDZAR,5,2025-08-06,PA,66,4,0.7002332242829592,0.5775469429343201,0.8271093716309639,0.6453394589445964
USDZAR,5,2025-08-06,VAR1,66,4,26.048227938018375,22.431245893832497,28.36593365137471,22.971751127491324
USDZAR,5,2025-08-06,ARHinc,66,4,0.7162264115385198,0.5892259162378668,0.8627444937061975,0.649550827319476
USDZAR,5,2025-08-06,KernelARH,66,4,0.7174940169622679,0.5893202538151183,0.8329686993532608,0.6643195602202293
USDZAR,10,2025-08-13,PM,66,3,0.905681134454998,0.6648076923076927,1.4528484318301131,0.5032741961472892
USDZAR,10,2025-08-13,PA,66,3,0.9707047605187198,0.7761325528816928,1.3456538297632674,0.7571415899374876
USDZAR,10,2025-08-13,VAR1,66,3,13.389716002586598,12.0810222276946,17.36285395137107,9.635321106547625
USDZAR,10,2025-08-13,ARHinc,66,3,0.989183892559442,0.7858233582769545,1.3829836794018668,0.7625742182646674
USDZAR,10,2025-08-13,KernelARH,66,3,0.9957598697098954,0.8251549253018476,1.2808288337494482,0.8281396696712128
USDZAR,1,2025-08-01,PM,66,5,0.33748148097340097,0.25715384615384623,0.5490431439525202,0.20111238336690423
USDZAR,1,2025-08-01,PA,66,5,0.6050097336065825,0.49433586276192026,0.6220086113389164,0.6188631011083479
USDZAR,1,2025-08-01,VAR1,66,5,40.981968229483336,31.825150490153785,58.20134060877623,24.70498443402287
USDZAR,1,2025-08-01,ARHinc,66,5,0.6063237428354051,0.4959101524553983,0.6208115978931916,0.6209672907828163
USDZAR,1,2025-08-01,KernelARH,66,5,0.5865374807833966,0.4810871112170679,0.5731329138887999,0.6162613935443266
USDZAR,5,2025-08-07,PM,66,4,0.7032934200000626,0.5231923076923078,1.1043494663536326,0.38581479830016624
USDZAR,5,2025-08-07,PA,66,4,0.7874783112845295,0.640987994499214,0.970649704139727,0.6885050539372274
USDZAR,5,2025-08-07,VAR1,66,4,31.9151358977118,27.79337996361407,35.24120854826541,27.617274364863285
USDZAR,5,2025-08-07,ARHinc,66,4,0.7881300886828096,0.6434034183606491,0.967596826191194,0.6899568551798501
USDZAR,5,2025-08-07,KernelARH,66,4,0.7615147820654243,0.6240565596632481,0.885729849786005,0.6955601111774221
USDZAR,10,2025-08-14,PM,66,3,0.9573677353918035,0.6956538461538461,1.5178212374494398,0.5263688454461352
USDZAR,10,2025-08-14,PA,66,3,0.9731029293524203,0.7844264551141359,1.3120423083289714,0.7695368654548619
USDZAR,10,2025-08-14,VAR1,66,3,14.361516372184775,12.98026215213643,18.578354528398055,10.352881721967606
USDZAR,10,2025-08-14,ARHinc,66,3,0.969527592221689,0.7846133388805759,1.3006651567745424,0.769999639067929
USDZAR,10,2025-08-14,KernelARH,66,3,0.9147343198586364,0.7660050209364714,1.0880329913676383,0.8060908817894537
USDZAR,1,2025-08-04,PM,66,5,0.24114101763203902,0.13869230769230756,0.41134837664207463,0.11861948158573805
USDZAR,1,2025-08-04,PA,66,5,0.5669334726506894,0.4467373671137734,0.596236117765676,0.5873469317589696
USDZAR,1,2025-08-04,VAR1,66,5,24.535460393784316,18.874612385437036,34.92621645760224,14.639444579591157
USDZAR,1,2025-08-04,ARHinc,66,5,0.575484653029661,0.45289637208387945,0.6186309708555395,0.5892906458220367
USDZAR,1,2025-08-04,KernelARH,66,5,0.587925312971648,0.4674177371772172,0.6526123752158891,0.5915956562710216
USDZAR,5,2025-08-08,PM,66,4,0.410807951574605,0.290653846153846,0.6214594330314299,0.22780316594215516
USDZAR,5,2025-08-08,PA,66,4,0.5971469516915168,0.48329999902364057,0.6174491064356017,0.613023275608006
USDZAR,5,2025-08-08,VAR1,66,4,16.933358496445617,14.738746548347267,18.553232698691335,14.796802389294285
USDZAR,5,2025-08-08,ARHinc,66,4,0.619724660835985,0.5002431954720765,0.6688500442712894,0.6199395200453687
USDZAR,5,2025-08-08,KernelARH,66,4,0.739071887580297,0.6044476763376228,0.8787140775588965,0.6707281071312362
USDZAR,10,2025-08-15,PM,66,3,0.7058338971632173,0.504307692307692,1.0872520748518657,0.3987936463261002
USDZAR,10,2025-08-15,PA,66,3,0.7583584490898629,0.606939032854885,0.9439218292301674,0.680873903641318
USDZAR,10,2025-08-15,VAR1,66,3,7.4009064748061,6.727404510208922,9.479875240202873,5.414782436244613
USDZAR,10,2025-08-15,ARHinc,66,3,0.801708018335284,0.6367579769357145,1.0314265999200771,0.6948726944179074
USDZAR,10,2025-08-15,KernelARH,66,3,0.9727362917562615,0.8028682361675301,1.24446843590545,0.8082901599317927
USDZAR,1,2025-08-05,PM,66,5,0.1332242542597892,0.10111538461538468,0.18256229715152855,0.08154046188612568
USDZAR,1,2025-08-05,PA,66,5,0.5307696467536928,0.4313119306535405,0.4761439046376278,0.584622734319977
USDZAR,1,2025-08-05,VAR1,66,5,20.887858907175595,15.36288097322013,30.329497508248146,11.939793351049914
USDZAR,1,2025-08-05,ARHinc,66,5,0.5319170155665438,0.4343299348391115,0.4864823900175223,0.583184123622641
USDZAR,1,2025-08-05,KernelARH,66,5,0.5400143364259037,0.4399275804305788,0.4828460283106754,0.5923145979551092
USDZAR,5,2025-08-11,PM,66,4,0.23558356348568824,0.1816923076923075,0.31209411286222016,0.18246840232683792
USDZAR,5,2025-08-11,PA,66,4,0.552077519446417,0.4429428826380344,0.4933612848937026,0.6106694810877886
USDZAR,5,2025-08-11,VAR1,66,4,10.093206661924802,8.961292814482322,10.979092149534779,8.886453330946878
USDZAR,5,2025-08-11,ARHinc,66,4,0.5431680217476601,0.4393853420652853,0.47964246549916784,0.6026660950793427
USDZAR,5,2025-08-11,KernelARH,66,4,0.7139410819968856,0.5769491441157748,0.8375692358286679,0.6818075299241139
USDZAR,10,2025-08-18,PM,66,3,0.5372390242999565,0.39749999999999996,0.7877187841618257,0.33572255686208086
USDZAR,10,2025-08-18,PA,66,3,0.6707738827466899,0.5414299286978365,0.7403732394900611,0.6634933093211155
USDZAR,10,2025-08-18,VAR1,66,3,4.324119588944421,3.9081633040160386,5.625599423030868,3.181411586072058
USDZAR,10,2025-08-18,ARHinc,66,3,0.6355571134481871,0.5152975593528857,0.6712236212298142,0.6471280041512637
USDZAR,10,2025-08-18,KernelARH,66,3,0.9405830972743351,0.7709837911275258,1.1901087613640808,0.8025389818898688
USDZAR,1,2025-08-06,PM,66,5,0.1098125588305958,0.08261538461538451,0.14636740395859266,0.07282013926871038
USDZAR,1,2025-08-06,PA,66,5,0.5292888476315969,0.4277988289557719,0.46681489672510074,0.5872424815359932
USDZAR,1,2025-08-06,VAR1,66,5,1.139671064606154,0.9285452297225447,1.5447432220343862,0.8254058249277488
USDZAR,1,2025-08-06,ARHinc,66,5,0.5423761592253606,0.43895839815427484,0.4954519978766845,0.5917483741446896
USDZAR,1,2025-08-06,KernelARH,66,5,0.6189625898105142,0.5022905703258143,0.6754022776288907,0.6130280076260154
USDZAR,5,2025-08-12,PM,66,4,0.44229851997178427,0.3181538461538462,0.7103080848104133,0.255332650004109
USDZAR,5,2025-08-12,PA,66,4,0.6641536528835851,0.5360046041908998,0.792944822153036,0.6338987110089679
USDZAR,5,2025-08-12,VAR1,66,4,1.0031929938524788,0.819542297205122,1.0723081072653025,0.9430657944021406
USDZAR,5,2025-08-12,ARHinc,66,4,0.6810431187102072,0.548033303235026,0.8273733027727042,0.6407729721215463
USDZAR,5,2025-08-12,KernelARH,66,4,0.9243537612667853,0.7387678452945743,1.2661510248532997,0.7397578590552999
USDZAR,10,2025-08-19,PM,66,3,0.5576466692201323,0.4019615384615382,0.86482505655924,0.3329828118823342
USDZAR,10,2025-08-19,PA,66,3,0.7317160633254937,0.585168685476311,0.9040176196675741,0.6681434361321038
USDZAR,10,2025-08-19,VAR1,66,3,0.7356675420814006,0.6255120115457383,0.7384144143016529,0.7131772999541571
USDZAR,10,2025-08-19,ARHinc,66,3,0.752010933168638,0.5999973581810382,0.9436090194386539,0.676670751213824
USDZAR,10,2025-08-19,KernelARH,66,3,0.9998868541594131,0.8208904287191454,1.2940292114733793,0.8280138812343919
USDZAR,1,2025-08-07,PM,66,5,0.07761436970442634,0.06315384615384606,0.09211804448031029,0.05749449473901372
USDZAR,1,2025-08-07,PA,66,5,0.5292163454765128,0.43094287348391386,0.46866265637148846,0.5872675853528627
USDZAR,1,2025-08-07,VAR1,66,5,9.560586215790998,7.063525556231964,13.930784173709961,5.472592624687678
USDZAR,1,2025-08-07,ARHinc,66,5,0.5321579281642228,0.4298468305528801,0.47308100179649454,0.5885860772782707
USDZAR,1,2025-08-07,KernelARH,66,5,0.5663891642289294,0.4573701342752548,0.5525412186821317,0.600381122524781
USDZAR,5,2025-08-13,PM,66,4,0.3944408164633925,0.2796923076923077,0.636301622992173,0.22494406900973288
USDZAR,5,2025-08-13,PA,66,4,0.6404685369353196,0.518960202182094,0.7469159782993694,0.6242835009797552
USDZAR,5,2025-08-13,VAR1,66,4,5.637924849599836,4.962507190312671,6.172539661533164,4.9022332845645
USDZAR,5,2025-08-13,ARHinc,66,4,0.6688848774356406,0.5420280471181552,0.8107265618043948,0.6321839683339321
USDZAR,5,2025-08-13,KernelARH,66,4,0.940920896754998,0.7596143698236489,1.2725043013355088,0.7563345986178032
USDZAR,10,2025-08-20,PM,66,3,0.5089760176456859,0.36926923076923096,0.7996453288898483,0.30214010811298453
USDZAR,10,2025-08-20,PA,66,3,0.7338200087108507,0.5843525987854575,0.9225785356711581,0.6654955768251943
USDZAR,10,2025-08-20,VAR1,66,3,3.1161610488470486,2.851453468035152,3.798532315179468,2.4160001431602725
USDZAR,10,2025-08-20,ARHinc,66,3,0.752592946545762,0.5980531356246813,0.9580503863465359,0.673019924749641
USDZAR,10,2025-08-20,KernelARH,66,3,1.0387967239639273,0.85788812024498,1.3547255456791758,0.8515913287445701
USDZAR,1,2025-08-08,PM,66,5,0.026419325677064048,0.02203846153846166,0.03235131168970396,0.02367605295563274
USDZAR,1,2025-08-08,PA,66,5,0.5230167410724563,0.41953276512897836,0.45884595136879425,0.5825082285983886
USDZAR,1,2025-08-08,VAR1,66,5,6.369212547416253,4.710037028778964,9.306230001638138,3.667133600172511
USDZAR,1,2025-08-08,ARHinc,66,5,0.5273346857119718,0.4245022514976881,0.4706993239188298,0.5838833128640027
USDZAR,1,2025-08-08,KernelARH,66,5,0.5334865676452658,0.4224588150550559,0.48401261750337127,0.585643312938196
USDZAR,5,2025-08-14,PM,66,4,0.26457204195571277,0.1852307692307693,0.4226282396780053,0.15120805225590075
USDZAR,5,2025-08-14,PA,66,4,0.57906079639474906,0.46965513855827135,0.5883143566432618,0.6057912976564418
USDZAR,5,2025-08-14,VAR1,66,4,4.7530377434311735,4.22806009536747,5.251373561340286,4.127053329961998
USDZAR,5,2025-08-14,ARHinc,66,4,0.5797777694543971,0.47012701881021046,0.5911935567451942,0.6058570232014385
USDZAR,5,2025-08-14,KernelARH,66,4,0.8597185772947026,0.6998350790719997,1.109749081218144,0.7232651803253579
USDZAR,10,2025-08-21,PM,66,3,0.40287673482287173,0.29226923076923095,0.6282635123649801,0.23852716578347308
USDZAR,10,2025-08-21,PA,66,3,0.6615281970687705,0.5319714610201587,0.7708110477187554,0.6360351171579975
USDZAR,10,2025-08-21,VAR1,66,3,4.400650607178126,4.070784745837719,5.449101281588323,3.397867170549971
USDZAR,10,2025-08-21,ARHinc,66,3,0.6668333409642698,0.5345120051151541,0.7842827920027277,0.6372638833550053
USDZAR,10,2025-08-21,KernelARH,66,3,0.9887171564427255,0.8154117434666872,1.2608906667145752,0.8244803010857724
USDZAR,1,2025-08-11,PM,66,5,0.14168067426977626,0.09330769230769229,0.20864653433926222,0.08374890370951854
USDZAR,1,2025-08-11,PA,66,5,0.5337139297488996,0.44213764685159884,0.47529539329075227,0.5864604177179022
USDZAR,1,2025-08-11,VAR1,66,5,1.0385442251141495,0.8449628918633701,1.3514340033663266,0.778103290896998
USDZAR,1,2025-08-11,ARHinc,66,5,0.5319875557954076,0.43950352019006295,0.4732016047364034,0.5861272662547052
USDZAR,1,2025-08-11,KernelARH,66,5,0.533003102736283,0.4338747584131858,0.48559509206767,0.5872020444592793
USDZAR,5,2025-08-15,PM,66,4,0.3070652805812822,0.21780769230769226,0.4836999004279458,0.18091960262740633
USDZAR,5,2025-08-15,PA,66,4,0.5859775031118132,0.4773794865843865,0.6026558392509787,0.6106224681009885
USDZAR,5,2025-08-15,VAR1,66,4,1.1548343015032587,0.9396220642183493,1.1994119116197801,1.0954919729049872
USDZAR,5,2025-08-15,ARHinc,66,4,0.5931993911008767,0.48324382579054465,0.6211915548293324,0.6122370673745363
USDZAR,5,2025-08-15,KernelARH,66,4,0.8927359666074314,0.727079346064251,1.1616585170374059,0.7432387279713677
USDZAR,10,2025-08-22,PM,66,3,0.45305644706898196,0.3538846153846156,0.6941396795718955,0.29076775114309
USDZAR,10,2025-08-22,PA,66,3,0.6818690246425367,0.550404146357499,0.7982045106142694,0.6565604249109678
USDZAR,10,2025-08-22,VAR1,66,3,1.4682836926338052,1.3242160452395353,1.717320045952045,1.2247110189879131
USDZAR,10,2025-08-22,ARHinc,66,3,0.6816613718017666,0.5506074977300485,0.7968240111944817,0.6566252066259586
USDZAR,10,2025-08-22,KernelARH,66,3,1.0334893860693304,0.8650462724791504,1.3132627818536424,0.8671681510673669
USDZAR,1,2025-08-12,PM,66,5,0.2820695324806388,0.20657692307692305,0.43930330527182576,0.14831510448645674
USDZAR,1,2025-08-12,PA,66,5,0.5715030236584249,0.4615840183162206,0.588137196725203,0.5992120371863885
USDZAR,1,2025-08-12,VAR1,66,5,27.97692368128933,20.078427307678872,41.31771708787834,15.705306918738856
USDZAR,1,2025-08-12,ARHinc,66,5,0.5339460158028447,0.4338684740290525,0.4831760639112086,0.5884431222502108
USDZAR,1,2025-08-12,KernelARH,66,5,0.5849695524804728,0.4748298574732763,0.6311003732042978,0.6012420247653003
USDZAR,5,2025-08-18,PM,66,4,0.324439901984944,0.21992307692307703,0.49884834315694226,0.1737092889956742
USDZAR,5,2025-08-18,PA,66,4,0.5814231188840532,0.4732436391505505,0.583560757846249,0.6116209919857947
USDZAR,5,2025-08-18,VAR1,66,4,14.550682774194852,13.06005391347643,16.002354397199753,12.75724614833874
USDZAR,5,2025-08-18,ARHinc,66,4,0.5704415539950676,0.4645777076205259,0.5573404743406363,0.6072529965466555
USDZAR,5,2025-08-18,KernelARH,66,4,0.8201249816434905,0.6557223348139309,1.0767828063626448,0.6991256375325653
USDZAR,10,2025-08-25,PM,66,3,0.3440246105910272,0.2819615384615388,0.4979298573959196,0.22456860578453844
USDZAR,10,2025-08-25,PA,66,3,0.594912131639685,0.4836588604196255,0.5948863765143292,0.630936497296159
USDZAR,10,2025-08-25,VAR1,66,3,9.152286204275315,8.5034683891592,11.60518449914498,6.979473360435679
USDZAR,10,2025-08-25,ARHinc,66,3,0.5822893353090924,0.4739637672915362,0.5724685783811373,0.6233915868505326
USDZAR,10,2025-08-25,KernelARH,66,3,0.9404596117857806,0.7713636027743729,1.1835200286797773,0.8193263215388978
USDZAR,1,2025-08-13,PM,66,5,0.07440824240943703,0.0486538461538461,0.08628529467737574,0.051601486906408964
USDZAR,1,2025-08-13,PA,66,5,0.5302950738099597,0.4292184818375325,0.47238848819516344,0.5887916854055735
USDZAR,1,2025-08-13,VAR1,66,5,49.57604692168674,35.4208771964806,73.46440839910372,27.745081745805287
USDZAR,1,2025-08-13,ARHinc,66,5,0.5297624362984851,0.4284127429758711,0.4727786430665925,0.5883255417163199
USDZAR,1,2025-08-13,KernelARH,66,5,0.5282591077679792,0.42425592037025567,0.47156446743469305,0.5873969466318463
USDZAR,5,2025-08-19,PM,66,4,0.15251828389762612,0.10942307692307678,0.21914783566643806,0.09750395961132219
USDZAR,5,2025-08-19,PA,66,4,0.5532907594039883,0.44733082848685307,0.508959395162374,0.6013519124778365
USDZAR,5,2025-08-19,VAR1,66,4,21.972454937058778,19.502697109410736,23.612448316417513,19.637972825075934
USDZAR,5,2025-08-19,ARHinc,66,4,0.5542927542657424,0.4482681544974023,0.5137632723421242,0.6015707605894838
USDZAR,5,2025-08-19,KernelARH,66,4,0.7443127002205809,0.5911925417864304,0.9414485838397746,0.6661406268951081
USDZAR,10,2025-08-26,PM,66,3,0.14051091526174142,0.12073076923076917,0.1655459307244903,0.12241039834115801
USDZAR,10,2025-08-26,PA,66,3,0.5688782949858466,0.4669566152215551,0.5233722399064642,0.6154790351296052
USDZAR,10,2025-08-26,VAR1,66,3,17.142206138938832,16.014571454146406,21.543041119823947,13.184523446303114
USDZAR,10,2025-08-26,ARHinc,66,3,0.5673881248087186,0.46352117348633853,0.5222030318878953,0.6154779385046315
USDZAR,10,2025-08-26,KernelARH,66,3,0.8958973039878106,0.7279712977914287,1.1104349512164786,0.7999845040183454
USDZAR,1,2025-08-14,PM,66,5,0.11983301683207727,0.08503846153846152,0.18960538213110048,0.06751657008449459
USDZAR,1,2025-08-14,PA,66,5,0.5472336247964354,0.4512171667461982,0.5012034915056787,0.5962965303367384
USDZAR,1,2025-08-14,VAR1,66,5,42.932330565575896,30.59356768830489,63.79372539663329,23.906232197681494
USDZAR,1,2025-08-14,ARHinc,66,5,0.5303741231094387,0.42624120490006573,0.45951334727854304,0.5914037002089235
USDZAR,1,2025-08-14,KernelARH,66,5,0.534592333046684,0.4337038568693973,0.46299397404314346,0.5954117344437405
USDZAR,5,2025-08-20,PM,66,4,0.13249619007584856,0.09642307692307692,0.19204756915621798,0.08521808000545925
USDZAR,5,2025-08-20,PA,66,4,0.5467988449391856,0.444426309482887,0.49213850859035463,0.6007083968154082
USDZAR,5,2025-08-20,VAR1,66,4,16.876076279747796,14.952905019739017,18.105768433744515,15.104397687341955
USDZAR,5,2025-08-20,ARHinc,66,4,0.551478023977716,0.44765179347587497,0.5113981143645161,0.6021396756886852
USDZAR,5,2025-08-20,KernelARH,66,4,0.8920422374795318,0.7184936573635406,1.1718519450974734,0.7477391322476081
USDZAR,10,2025-08-27,PM,66,3,0.13042921009556813,0.10853846153846157,0.16145551534253136,0.09998641972139001
USDZAR,10,2025-08-27,PA,66,3,0.5687564413553583,0.46213879401434677,0.533961267752222,0.6111109915301336
USDZAR,10,2025-08-27,VAR1,66,3,14.342415756898726,13.37836949391648,18.08057944297115,10.986730888430834
USDZAR,10,2025-08-27,ARHinc,66,3,0.5668877292656961,0.46042844550818157,0.5283794623172865,0.6123486314570665
USDZAR,10,2025-08-27,KernelARH,66,3,0.9363796615586341,0.7553602812795767,1.2261618034438175,0.795280609257874
USDZAR,1,2025-08-15,PM,66,5,0.0682328451249555,0.0455,0.09694137095689155,0.04579884337310075
USDZAR,1,2025-08-15,PA,66,5,0.5285732053474914,0.427958082993448,0.46068928439265805,0.5900321451756804
USDZAR,1,2025-08-15,VAR1,66,5,26.31061998431123,18.76073964923689,39.12055011818606,14.633582555784905
USDZAR,1,2025-08-15,ARHinc,66,5,0.5280898510640607,0.42631763684534496,0.45911917962456306,0.5898583721142452
USDZAR,1,2025-08-15,KernelARH,66,5,0.529515838832912,0.4289969073680984,0.4663139595915432,0.5897180296231422
USDZAR,5,2025-08-21,PM,66,4,0.15942369165697573,0.11757692307692312,0.232177627573237,0.10128575514482548
USDZAR,5,2025-08-21,PA,66,4,0.5401373126817673,0.43269166552724225,0.4844526058867827,0.5966995648261687
USDZAR,5,2025-08-21,VAR1,66,4,10.124652298082799,8.970795013830841,10.825002358811366,9.085025443258058
USDZAR,5,2025-08-21,ARHinc,66,4,0.5412085033165223,0.4333694101292262,0.48813478031185015,0.5969399683170642
USDZAR,5,2025-08-21,KernelARH,66,4,0.7517173714273186,0.6037641145989121,0.9252566286729141,0.6778192906705275
USDZAR,10,2025-08-28,PM,66,3,0.2223183138931827,0.20215384615384627,0.286791678830819,0.19196899251843338
USDZAR,10,2025-08-28,PA,66,3,0.5733496051593198,0.46116797485433947,0.5515304757865672,0.6199335284905492
USDZAR,10,2025-08-28,VAR1,66,3,9.233163690543273,8.593702807942735,11.69768246228896,7.056531036536405
USDZAR,10,2025-08-28,ARHinc,66,3,0.5738932347163225,0.46155933940433486,0.5509935468212226,0.6207095080751146
USDZAR,10,2025-08-28,KernelARH,66,3,0.9563504770998805,0.775072163074902,1.2358585035385008,0.823774425874332
USDZAR,1,2025-08-18,PM,66,5,0.14359833135949307,0.07965384615384624,0.19847601100396817,0.07703116219494757
USDZAR,1,2025-08-18,PA,66,5,0.5519989339983091,0.4453804163168012,0.5176149198365867,0.5970483574696192
USDZAR,1,2025-08-18,VAR1,66,5,30.920593869926176,21.930366156000094,46.11538025270211,17.16838933870272
USDZAR,1,2025-08-18,ARHinc,66,5,0.5524605269881961,0.4490943297368716,0.5078372417854117,0.5985378212787814
USDZAR,1,2025-08-18,KernelARH,66,5,0.5572945347128226,0.4477895113015663,0.5334090903585758,0.5991642750513453
USDZAR,5,2025-08-22,PM,66,4,0.18230653602359692,0.154076923076923,0.24859625481159794,0.13584032036738697
USDZAR,5,2025-08-22,PA,66,4,0.5597778614996669,0.45257703273433875,0.5463406231331452,0.6029045933131731
USDZAR,5,2025-08-22,VAR1,66,4,9.738997485229802,8.600800242625455,10.245809206080196,8.87084591248767
USDZAR,5,2025-08-22,ARHinc,66,4,0.5461933793442355,0.4409580324885479,0.5109953100037085,0.5984147968196241
USDZAR,5,2025-08-22,KernelARH,66,4,0.742509019638499,0.5972641057922151,0.9105415958762046,0.6812463041175821
USDZAR,10,2025-08-29,PM,66,3,0.2735099491932466,0.2566153846153847,0.22684990232005572,0.2761268263959604
USDZAR,10,2025-08-29,PA,66,3,0.590246174344249,0.46838448523134685,0.5125307205588399,0.6455574069056879
USDZAR,10,2025-08-29,VAR1,66,3,9.755435657376118,9.072105399751933,12.297503933974564,7.445568406734726
USDZAR,10,2025-08-29,ARHinc,66,3,0.5789126513489523,0.46080058943361085,0.49976935493528546,0.637623460119231
USDZAR,10,2025-08-29,KernelARH,66,3,0.9031422133190571,0.7496970489205651,1.0295895393125747,0.8300143656467174
USDZAR,1,2025-08-19,PM,66,5,0.08356912155170144,0.06988461538461527,0.11045598244644524,0.05807316890616483
USDZAR,1,2025-08-19,PA,66,5,0.5531739958964875,0.445581031615303,0.5203883507213559,0.5977385249895677
USDZAR,1,2025-08-19,VAR1,66,5,60.56049352798504,42.72302127870927,90.36511383947581,33.56968850368056
USDZAR,1,2025-08-19,ARHinc,66,5,0.5473293856085993,0.44360131251400103,0.4943316527421564,0.5971186310575031
USDZAR,1,2025-08-19,KernelARH,66,5,0.5458642432373926,0.4411404971551413,0.4972818571513721,0.5959424095474586
USDZAR,5,2025-08-25,PM,66,4,0.14149799536497945,0.12403846153846171,0.18610323400753345,0.10819245770521771
USDZAR,5,2025-08-25,PA,66,4,0.5470577368553581,0.44316203014135946,0.49213213265386657,0.6033666915378533
USDZAR,5,2025-08-25,VAR1,66,4,14.682807436608252,12.907021758664952,15.528641493354144,13.503195874695896
USDZAR,5,2025-08-25,ARHinc,66,4,0.5462632849319987,0.44458098666984497,0.4861432023823956,0.601850143032067
USDZAR,5,2025-08-25,KernelARH,66,4,0.6506613733097418,0.5208688746298236,0.7418577123426386,0.6463035993272535
USDZAR,10,2025-09-01,PM,66,3,0.31421552194436425,0.2916153846153848,0.2806336600433252,0.2998288050523954
USDZAR,10,2025-09-01,PA,66,3,0.605685408911308,0.4774579802935831,0.51272478741834,0.6607326531346481
USDZAR,10,2025-09-01,VAR1,66,3,11.711178108790259,10.881480723746632,14.827009788270745,8.889773754455673
USDZAR,10,2025-09-01,ARHinc,66,3,0.5948387887401482,0.4699435765604815,0.49966698357785816,0.6521111791574159
USDZAR,10,2025-09-01,KernelARH,66,3,1.0013929041574836,0.8462347057694216,1.171090403445059,0.8961115547196176
USDZAR,1,2025-08-20,PM,66,5,0.07623849219592234,0.058076923076923206,0.10068270864986548,0.053891795546173855
USDZAR,1,2025-08-20,PA,66,5,0.5556851434129799,0.4486012952603756,0.5424058197454051,0.5975268759191379
USDZAR,1,2025-08-20,VAR1,66,5,67.23781497394543,47.289192648194074,100.263490656973,37.326610083042375
USDZAR,1,2025-08-20,ARHinc,66,5,0.5439046352223682,0.439151088895143,0.5029096986123082,0.5953254429620549
USDZAR,1,2025-08-20,KernelARH,66,5,0.551224885956294,0.4406198065443584,0.5228392308950783,0.599634815458154
USDZAR,5,2025-08-26,PM,66,4,0.16599394683124855,0.10061538461538463,0.24608477103351478,0.09912647404244537
USDZAR,5,2025-08-26,PA,66,4,0.5483094243917044,0.443697129048617,0.5047531826646801,0.6018173399847919
USDZAR,5,2025-08-26,VAR1,66,4,13.849038804715534,12.072238878664047,15.172863536356711,12.586601040767142
USDZAR,5,2025-08-26,ARHinc,66,4,0.553766922267425,0.45737315252107524,0.5064737344988774,0.6025593759991569
USDZAR,5,2025-08-26,KernelARH,66,4,0.5478222446371404,0.4467578775016937,0.5103926564200031,0.5993226535691346
USDZAR,10,2025-09-02,PM,66,3,0.39814944527053,0.3041538461538462,0.6086236686364507,0.27435112646008214
USDZAR,10,2025-09-02,PA,66,3,0.6263680338755643,0.509996354156425,0.6302235890322464,0.6559912068778364
USDZAR,10,2025-09-02,VAR1,66,3,9.20676226247511,8.595677756943795,11.499700159399092,7.099499191292141
USDZAR,10,2025-09-02,ARHinc,66,3,0.6284208064366411,0.5139442412380504,0.6558394552040757,0.6477720565057787
USDZAR,10,2025-09-02,KernelARH,66,3,0.6279399377717086,0.5118559581526305,0.6335068817913592,0.6566082350786929
USDZAR,1,2025-08-21,PM,66,5,0.0959404362492287,0.05788461538461543,0.15267821080864374,0.04969238826949194
USDZAR,1,2025-08-21,PA,66,5,0.5321306166247284,0.42448984249863986,0.4741370258003871,0.5906141073883355
USDZAR,1,2025-08-21,VAR1,66,5,66.049632749777075,46.66038004266879,98.54169369648997,36.5491340504416
USDZAR,1,2025-08-21,ARHinc,66,5,0.5350222171418946,0.4242290122432307,0.48799980802872345,0.5901285012280362
USDZAR,1,2025-08-21,KernelARH,66,5,0.534619859071616,0.42738871622418645,0.47655760504528455,0.5925446040612267
USDZAR,5,2025-08-27,PM,66,4,0.16884363499084895,0.09550000000000008,0.2555589233005154,0.08386782638090452
USDZAR,5,2025-08-27,PA,66,4,0.5484961597194791,0.4454003727105759,0.5087550028396485,0.5972674562309725
USDZAR,5,2025-08-27,VAR1,66,4,9.825598718156373,8.555763563624922,10.777572479638488,8.952904392741722
USDZAR,5,2025-08-27,ARHinc,66,4,0.5475180515328997,0.4425186518457093,0.5108068457436038,0.5968498565811524
USDZAR,5,2025-08-27,KernelARH,66,4,0.5482310072872549,0.4448730324621561,0.5089765380434893,0.5971575680795013
USDZAR,10,2025-09-03,PM,66,3,0.45570074948031764,0.31092307692307725,0.75011482677581,0.263417521870166
USDZAR,10,2025-09-03,PA,66,3,0.6466698195607787,0.5261361011918073,0.7248350329135929,0.6445525072717653
USDZAR,10,2025-09-03,VAR1,66,3,5.367283958262188,5.023672845556551,6.603695876090152,4.214260813800524
USDZAR,10,2025-09-03,ARHinc,66,3,0.6350166619359323,0.5170939673956788,0.6917395413337998,0.6444061479891385
USDZAR,10,2025-09-03,KernelARH,66,3,0.6468855159106204,0.5262541310928063,0.723041429613826,0.6457608248677843
USDZAR,1,2025-08-22,PM,66,5,0.16084422707892046,0.12334615384615386,0.24281398641116142,0.09314326796090937
USDZAR,1,2025-08-22,PA,66,5,0.5434887243884636,0.4360242911201388,0.517564956599005,0.5936143760870246
USDZAR,1,2025-08-22,VAR1,66,5,70.40896480860151,50.02853506532198,104.96713596487794,38.95716167426087
USDZAR,1,2025-08-22,ARHinc,66,5,0.5376121536888604,0.4297118675577854,0.49602081785540697,0.5926848271590927
USDZAR,1,2025-08-22,KernelARH,66,5,0.5405947049400576,0.43333392601697374,0.5031054758571953,0.5940106053190095
USDZAR,5,2025-08-28,PM,66,4,0.21338075394431938,0.1515000000000002,0.31254425361288146,0.13968539140369743
USDZAR,5,2025-08-28,PA,66,4,0.5499752163112742,0.4487035819582307,0.5189803013994512,0.5981605890826701
USDZAR,5,2025-08-28,VAR1,66,4,8.05826699229764,6.960453441122687,8.99811771093367,7.297533108329491
USDZAR,5,2025-08-28,ARHinc,66,4,0.5504670808390538,0.4485025699199458,0.5193015945762516,0.5989450386803828
USDZAR,5,2025-08-28,KernelARH,66,4,0.5521749056235297,0.4494994266257419,0.5195700861163627,0.6010008034000227
USDZAR,10,2025-09-04,PM,66,3,0.6175827568338201,0.38450000000000023,1.0159562508930857,0.3238809496075459
USDZAR,10,2025-09-04,PA,66,3,0.7552813482295092,0.5962645505214489,1.0057813375663465,0.6545406017406056
USDZAR,10,2025-09-04,VAR1,66,3,2.99517035283302,2.817563948926889,3.4723785602037083,2.4926356243178196
USDZAR,10,2025-09-04,ARHinc,66,3,0.7512065042480031,0.5935868369468739,0.9954668412653164,0.6550329957708054
USDZAR,10,2025-09-04,KernelARH,66,3,0.7579566544672822,0.5979604683189345,1.0093419826542023,0.6567049474467394
USDZAR,1,2025-08-25,PM,66,5,0.13295838707019456,0.0924615384615383,0.17110678411142863,0.08194859796223446
USDZAR,1,2025-08-25,PA,66,5,0.5448652321875094,0.441555124967096,0.4976866728678261,0.5965183268667285
USDZAR,1,2025-08-25,VAR1,66,5,53.72770320690312,38.02719013169133,80.20188539023283,29.614305745704783
USDZAR,1,2025-08-25,ARHinc,66,5,0.542298139346533,0.4382292216726978,0.5005885087220655,0.5946534686969399
USDZAR,1,2025-08-25,KernelARH,66,5,0.5447446245204011,0.44153752821612785,0.4965498514231461,0.5966918625571282
USDZAR,5,2025-08-29,PM,66,4,0.1968633848832543,0.16515384615384632,0.2744213719043728,0.16295363873886104
USDZAR,5,2025-08-29,PA,66,4,0.5439635995882095,0.4394414128640101,0.46951110068764157,0.6074739473025588
USDZAR,5,2025-08-29,VAR1,66,4,4.95254239595666,4.253795266836351,5.588446088753004,4.48479104164963
USDZAR,5,2025-08-29,ARHinc,66,4,0.5459380191830545,0.44019605500858383,0.46841177603676654,0.6102906237933978
USDZAR,5,2025-08-29,KernelARH,66,4,0.5587414470732506,0.4483646251608182,0.4789091074274582,0.6210725994546401
USDZAR,10,2025-09-05,PM,66,3,0.3524163157621745,0.25938461538461555,0.5586076490169072,0.2302248562314956
USDZAR,10,2025-09-05,PA,66,3,0.5906030555373559,0.47608575895537214,0.6118136178426588,0.6163366564431768
USDZAR,10,2025-09-05,VAR1,66,3,1.7226159002661867,1.581640527323904,1.9801749755876714,1.4860326521532539
USDZAR,10,2025-09-05,ARHinc,66,3,0.5785420965684761,0.46628479414241336,0.5773382259013821,0.6156449677858858
USDZAR,10,2025-09-05,KernelARH,66,3,0.601429387743863,0.48377062571239116,0.6184120705789344,0.6286828198912953
USDZAR,1,2025-08-26,PM,66,5,0.05524377793018866,0.04042307692307684,0.07994217488074283,0.031391787832649724
USDZAR,1,2025-08-26,PA,66,5,0.54528478073704,0.44437146782464704,0.5004665143584799,0.5981775963470495
USDZAR,1,2025-08-26,VAR1,66,5,103.8098245517261,73.47526909371031,154.83533796899238,57.194758878952904
USDZAR,1,2025-08-26,ARHinc,66,5,0.5614736646851981,0.46314952217696626,0.5221753812902145,0.6038122361810004
USDZAR,1,2025-08-26,KernelARH,66,5,0.5598476265620999,0.4606980617915574,0.5203863997283,0.6028103368793329
USDZAR,5,2025-09-01,PM,66,4,0.22667114437507846,0.21434615384615383,0.22022640783004463,0.2071398667863271
USDZAR,5,2025-09-01,PA,66,4,0.5598284045682029,0.44227116752869144,0.4800359398977455,0.620708963684108
USDZAR,5,2025-09-01,VAR1,66,4,6.708074966491156,5.479937706335104,8.310085385122488,5.655027810374641
USDZAR,5,2025-09-01,ARHinc,66,4,0.5534972492061457,0.4378533554486438,0.4698233107382188,0.6159794699515018
USDZAR,5,2025-09-01,KernelARH,66,4,0.5599077071336943,0.44298046977161254,0.47977613778841666,0.621497935893317
USDZAR,10,2025-09-08,PM,66,3,0.2564261589619905,0.22849999999999998,0.2920712207804988,0.23258096756901805
USDZAR,10,2025-09-08,PA,66,3,0.5772837142778958,0.4646423468089664,0.5155923532474108,0.6327050940709558
USDZAR,10,2025-09-08,VAR1,66,3,0.6611909095124087,0.5422129331611859,0.7090244089419899,0.6407222796792004
USDZAR,10,2025-09-08,ARHinc,66,3,0.5831761958248749,0.4721064630640585,0.539233922230152,0.6303582237485092
USDZAR,10,2025-09-08,KernelARH,66,3,0.5708369183869525,0.4593250302905737,0.507666219478069,0.6278812905741702
USDZAR,1,2025-08-27,PM,66,5,0.04117913493319351,0.028730769230769417,0.05740236453287294,0.027285480959364793
USDZAR,1,2025-08-27,PA,66,5,0.546201667635057,0.4392575870544289,0.5134057190986882,0.5954304837680597
USDZAR,1,2025-08-27,VAR1,66,5,87.91108507406705,60.613305105783695,131.76886274455464,47.84860059725992
USDZAR,1,2025-08-27,ARHinc,66,5,0.5479559097443464,0.44159729029113143,0.5258531098492822,0.5951780168143274
USDZAR,1,2025-08-27,KernelARH,66,5,0.5485057772737157,0.44606163303384516,0.50825650828182245,0.5968726936988219
USDZAR,5,2025-09-02,PM,66,4,0.2910105899474081,0.2138846153846154,0.4697543609115372,0.19498019826228002
USDZAR,5,2025-09-02,PA,66,4,0.6052285149870174,0.4997961353129587,0.6228183187111379,0.6316104504699278
USDZAR,5,2025-09-02,VAR1,66,4,2.3340387622901533,1.7937407026173258,3.3136126735366886,1.6177151653810422
USDZAR,5,2025-09-02,ARHinc,66,4,0.6027881861255545,0.4978951638825492,0.6162190887551675,0.631260462380806
USDZAR,5,2025-09-02,KernelARH,66,4,0.6067318453412363,0.5009363729696604,0.6227165572378981,0.6336319026022446
USDZAR,10,2025-09-09,PM,66,3,0.2234711950117957,0.2043461538461539,0.19956619262668795,0.22686693106922282
USDZAR,10,2025-09-09,PA,66,3,0.570684544225382,0.4567949208496879,0.49512364337064735,0.6352766481027974
USDZAR,10,2025-09-09,VAR1,66,3,2.5804830275293402,2.2525816869841138,3.2695904068434887,1.9450560029916952
USDZAR,10,2025-09-09,ARHinc,66,3,0.5709458685148477,0.4568406172101175,0.49523848337711585,0.6356270256682205
USDZAR,10,2025-09-09,KernelARH,66,3,0.569520829375195,0.45693398899760473,0.49456402189716525,0.6337020888757561
USDZAR,1,2025-08-28,PM,66,5,0.11093938920384912,0.09223076923076942,0.13244612118326216,0.08877989746596249
USDZAR,1,2025-08-28,PA,66,5,0.547650924913333,0.4413129104736169,0.5290922642094767,0.59476509879948
USDZAR,1,2025-08-28,VAR1,66,5,5.490380056079276,3.8554712772570396,8.076037095156702,3.318320770237577
USDZAR,1,2025-08-28,ARHinc,66,5,0.5467596143770093,0.4428920236439616,0.522376773947278,0.5946720580243394
USDZAR,1,2025-08-28,KernelARH,66,5,0.5455808035165729,0.44330202842239885,0.5183020333690928,0.593161861067018
USDZAR,5,2025-09-03,PM,66,4,0.3505649286947702,0.23076923076923098,0.5937127277092826,0.2109994616218449
USDZAR,5,2025-09-03,PA,66,4,0.6000344016912392,0.49143220849235714,0.6268292058473692,0.6261260848619216
USDZAR,5,2025-09-03,VAR1,66,4,1.495645564933304,1.1360679079204345,2.1065372635153086,1.0472907348539455
USDZAR,5,2025-09-03,ARHinc,66,4,0.6068505640382312,0.4968474596098503,0.6454834904230607,0.6268926786452031
USDZAR,5,2025-09-03,KernelARH,66,4,0.6187015684996264,0.5066212149988033,0.6717086210920332,0.6309782992493357
USDZAR,10,2025-09-10,PM,66,3,0.28737672942565246,0.26550000000000007,0.2791250657740077,0.26778777343456
USDZAR,10,2025-09-10,PA,66,3,0.587598346211476,0.4559941811002769,0.5285733955259513,0.6436451980284115
USDZAR,10,2025-09-10,VAR1,66,3,2.4699706965995523,2.154120781970103,3.109939365230369,1.8918729643462964
USDZAR,10,2025-09-10,ARHinc,66,3,0.5863930458334189,0.455001085182691,0.5256134085663717,0.6430936860104102
USDZAR,10,2025-09-10,KernelARH,66,3,0.5834757047057831,0.45393564749304555,0.5103135224679227,0.6435618347368559
USDZAR,1,2025-08-29,PM,66,5,0.19803117470198006,0.17338461538461541,0.2752022963541992,0.1340614193762318
USDZAR,1,2025-08-29,PA,66,5,0.5394150807992002,0.4349791659188472,0.46446274349144634,0.6021823243595752
USDZAR,1,2025-08-29,VAR1,66,5,11.658900887068567,7.914418854221631,17.061235108488603,7.109705804845055
USDZAR,1,2025-08-29,ARHinc,66,5,0.5411849809312116,0.43757562577545067,0.4714391259793001,0.6021207195010269
USDZAR,1,2025-08-29,KernelARH,66,5,0.5380097820163257,0.4342884911394348,0.46752634675658794,0.5997998254556494
USDZAR,5,2025-09-04,PM,66,4,0.5326591492040375,0.27688461538461534,0.9431959084277582,0.23606044892424513
USDZAR,5,2025-09-04,PA,66,4,0.7197831820857878,0.574069125647589,0.9555091330307154,0.6279335819338001
USDZAR,5,2025-09-04,VAR1,66,4,2.9162160490710916,2.449312751045687,3.415603754226653,2.5905982630838924
USDZAR,5,2025-09-04,ARHinc,66,4,0.735947249273866,0.5851310356366723,0.9893918301943225,0.6312592100962684
USDZAR,5,2025-09-04,KernelARH,66,4,0.7252940696696799,0.5775550189721823,0.9573542402287384,0.6368693271413653
USDZAR,10,2025-09-11,PM,66,3,0.3722146558103268,0.3218461538461537,0.47497331530936443,0.25902218996395
USDZAR,10,2025-09-11,PA,66,3,0.5840237691024325,0.46196164082681845,0.5194349968259862,0.6318431060608246
USDZAR,10,2025-09-11,VAR1,66,3,4.951760115809499,4.458741051026383,6.303155176890836,3.7951001274377276
USDZAR,10,2025-09-11,ARHinc,66,3,0.5847784472635704,0.4617812606915357,0.520241402594223,0.6320218321046353
USDZAR,10,2025-09-11,KernelARH,66,3,0.6101003011083869,0.48216416030657844,0.545029456347236,0.6512149968645907
USDZAR,1,2025-09-01,PM,66,5,0.10673137560465303,0.07230769230769228,0.16054172408652925,0.05799802233224665
USDZAR,1,2025-09-01,PA,66,5,0.5333059166106977,0.42137403655417727,0.4948738386905524,0.5885098065405364
USDZAR,1,2025-09-01,VAR1,66,5,1.1788398019830981,0.9612175500279787,1.5791105552382259,0.9697411896195995
USDZAR,1,2025-09-01,ARHinc,66,5,0.5352147310002995,0.4261095539323294,0.5024471120504681,0.5881569887925125
USDZAR,1,2025-09-01,KernelARH,66,5,0.5255433681678382,0.41618911960535576,0.4645278743744225,0.5879593120495521
USDZAR,5,2025-09-05,PM,66,4,0.22364925750964476,0.14938461538461528,0.3480249747965195,0.12165166608196874
USDZAR,5,2025-09-05,PA,66,4,0.5370513311330029,0.43298007047716514,0.5050692797476414,0.5867733211432199
USDZAR,5,2025-09-05,VAR1,66,4,1.097845922981887,0.9381664628286414,0.9264933848439508,1.1567851581711672
USDZAR,5,2025-09-05,ARHinc,66,4,0.5267762929538449,0.42210222629307353,0.4804159737154908,0.5837716890232634
USDZAR,5,2025-09-05,KernelARH,66,4,0.5732855076471198,0.4641206514861271,0.5917667512388702,0.6004194772469473
USDZAR,10,2025-09-12,PM,66,3,0.24881778164258772,0.1994230769230769,0.32710439949447695,0.16872598810440462
USDZAR,10,2025-09-12,PA,66,3,0.5680908327493684,0.4541276920730456,0.5381707911384411,0.6073526000758389
USDZAR,10,2025-09-12,VAR1,66,3,1.5266087746771517,1.3148281460793816,1.9397611685838787,1.2078229580381832
USDZAR,10,2025-09-12,ARHinc,66,3,0.5947333769386554,0.4790950629032417,0.5937723945607264,0.6169479451395503
USDZAR,10,2025-09-12,KernelARH,66,3,0.6176427428372927,0.4880877091281874,0.5680150383948481,0.6537813732369784
USDZAR,1,2025-09-02,PM,66,5,0.3020748760973523,0.18715384615384623,0.5023421326928372,0.14120770285661158
USDZAR,1,2025-09-02,PA,66,5,0.5799062749049071,0.47878002173197703,0.5947044258339573,0.6045599764331553
USDZAR,1,2025-09-02,VAR1,66,5,5.3314923801941205,3.7728336341823088,7.711663531706757,3.4798697554364955
USDZAR,1,2025-09-02,ARHinc,66,5,0.5696713881153664,0.47076152305591823,0.5703636605604999,0.6021971052987989
USDZAR,1,2025-09-02,KernelARH,66,5,0.5715161801296311,0.4722710376224959,0.5775168051736429,0.6020980940669083
USDZAR,5,2025-09-08,PM,66,4,0.17400058023775938,0.11030769230769247,0.26192864726176124,0.09859023212082903
USDZAR,5,2025-09-08,PA,66,4,0.5232673918673361,0.4226327516019581,0.4638791705201013,0.5840169521246459
USDZAR,5,2025-09-08,VAR1,66,4,1.3757858207399694,1.1396839021713923,1.5936412380746245,1.285936038814532
USDZAR,5,2025-09-08,ARHinc,66,4,0.520878309225497,0.42003451711246836,0.4589366200726019,0.583761196489424
USDZAR,5,2025-09-08,KernelARH,66,4,0.5420419255998442,0.43890734430541517,0.4780791501085041,0.6028143914321278
USDZAR,10,2025-09-15,PM,66,3,0.23115689393869396,0.18803846153846154,0.29460283321611996,0.15952054022388812
USDZAR,10,2025-09-15,PA,66,3,0.5561774023618342,0.4444125452899605,0.5143756317498426,0.6033937123610462
USDZAR,10,2025-09-15,VAR1,66,3,1.4609512778076417,1.2631801178364863,1.822560121011701,1.17077680892211
USDZAR,10,2025-09-15,ARHinc,66,3,0.5633084322865869,0.45096401505583344,0.5299071398318994,0.606058916215022
USDZAR,10,2025-09-15,KernelARH,66,3,0.6238033037077666,0.4913557155483062,0.5908795876737345,0.6532448122627549
USDZAR,1,2025-09-03,PM,66,5,0.07032411228896356,0.05161538461538454,0.10300542331087592,0.04639438004340677
USDZAR,1,2025-09-03,PA,66,5,0.528401155704476,0.41712239184759586,0.46759908463893785,0.5912589845810229
USDZAR,1,2025-09-03,VAR1,66,5,12.518269618078872,8.450548840958119,18.262768065983366,7.672474673321232
USDZAR,1,2025-09-03,ARHinc,66,5,0.5337061132559195,0.4261490343733702,0.48501218988246003,0.5919627795559905
USDZAR,1,2025-09-03,KernelARH,66,5,0.541026579852769,0.4319586715660752,0.5018275107109306,0.5943117490060186
USDZAR,5,2025-09-09,PM,66,4,0.2733555728913703,0.15157692307692322,0.48063072036995086,0.12360163683979362
USDZAR,5,2025-09-09,PA,66,4,0.5711114987642546,0.45387974251660934,0.6285860177256444,0.5946166255915312
USDZAR,5,2025-09-09,VAR1,66,4,2.904605680709039,2.1220214883036435,4.118686249290004,1.823919947196363
USDZAR,5,2025-09-09,ARHinc,66,4,0.5606138750345379,0.44697818944086154,0.5982014306262107,0.5927964982985634
USDZAR,5,2025-09-09,KernelARH,66,4,0.53385884166776,0.4227382930406689,0.5095533958589734,0.5882881734099988
USDZAR,10,2025-09-16,PM,66,3,0.4782741911530215,0.35946153846153855,0.7095212454598663,0.26205209181894595
USDZAR,10,2025-09-16,PA,66,3,0.6520116392933486,0.526529033255183,0.7284542662303748,0.6305184881444875
USDZAR,10,2025-09-16,VAR1,66,3,0.8798789238459238,0.7396188459623351,1.0813350192862738,0.7577030179489997
USDZAR,10,2025-09-16,ARHinc,66,3,0.6464212480324847,0.5210704197516671,0.7126816342629636,0.6303845517030476
USDZAR,10,2025-09-16,KernelARH,66,3,0.6298066838266534,0.49742998667894767,0.5942386117018297,0.6552762764148137
USDZAR,1,2025-09-04,PM,66,5,0.24230473899299088,0.1294230769230768,0.39747678820031357,0.11073426123470016
USDZAR,1,2025-09-04,PA,66,5,0.5418983271560793,0.4335886306679293,0.5336149561924199,0.5855998459425307
USDZAR,1,2025-09-04,VAR1,66,5,22.572663725167214,15.646275550067172,32.82613975512397,13.760804668969111
USDZAR,1,2025-09-04,ARHinc,66,5,0.536104872873652,0.4280011713063454,0.5173620066237267,0.584579276671465
USDZAR,1,2025-09-04,KernelARH,66,5,0.5491935305573141,0.43818530492613456,0.5543097878117434,0.5868854616111744
USDZAR,5,2025-09-10,PM,66,4,0.39417464891359244,0.2628846153846151,0.6657051988211392,0.18963640113889854
USDZAR,5,2025-09-10,PA,66,4,0.6617476817935082,0.5301495982455449,0.830485045978073,0.6141245174834896
USDZAR,5,2025-09-10,VAR1,66,4,3.7838801545793475,3.6971923762829486,3.600265751284295,3.6880367668279592
USDZAR,5,2025-09-10,ARHinc,66,4,0.6701466147416887,0.5377325694411588,0.8451404421816892,0.6177634804936746
USDZAR,5,2025-09-10,KernelARH,66,4,0.6190998188535894,0.4980200032992129,0.711031646108325,0.613718602372844
USDZAR,10,2025-09-17,PM,66,3,0.5948361118829288,0.4518461538461541,0.9038285286543655,0.32384340616963037
USDZAR,10,2025-09-17,PA,66,3,0.7550841514804957,0.6168865707728792,0.933273568355048,0.6665003614678947
USDZAR,10,2025-09-17,VAR1,66,3,2.9225211534713598,2.5636410185723477,3.743165324179268,2.2344164343786828
USDZAR,10,2025-09-17,ARHinc,66,3,0.7723812867134922,0.630129534093719,0.9625613280046549,0.6741280783064978
USDZAR,10,2025-09-17,KernelARH,66,3,0.6977207562597514,0.5645250507980146,0.7119615458371884,0.6926310670360913
USDZAR,1,2025-09-05,PM,66,5,0.29661139106192835,0.18026923076923088,0.5082768836395765,0.133712492528534
USDZAR,1,2025-09-05,PA,66,5,0.5585331454751524,0.4445745427171065,0.5751479808315946,0.5886667346126354
USDZAR,1,2025-09-05,VAR1,66,5,40.478278331191,29.24825246347663,58.35841227089853,24.819069587809548
USDZAR,1,2025-09-05,ARHinc,66,5,0.6103413537258865,0.4922520650006081,0.6947044751582224,0.6030682846646465
USDZAR,1,2025-09-05,KernelARH,66,5,0.6078794567526115,0.4936522031490493,0.6679954477996627,0.6119281702515557
USDZAR,5,2025-09-11,PM,66,4,0.6288280460813285,0.4257307692307689,0.9852310486271214,0.31217581701426467
USDZAR,5,2025-09-11,PA,66,4,0.7594891769361624,0.6134257008103846,0.9612888212130297,0.6454242131426022
USDZAR,5,2025-09-11,VAR1,66,4,9.166217345430521,8.106691245137435,6.63967203756454,10.149869568488365
USDZAR,5,2025-09-11,ARHinc,66,4,0.8186534228592852,0.6579383153632365,1.0653652772477173,0.6677576653468571
USDZAR,5,2025-09-11,KernelARH,66,4,1.0585929176040219,0.8972112868154399,1.2530053038221067,0.9074681821201859
USDZAR,10,2025-09-18,PM,66,3,1.190905340002367,0.7993846153846154,1.937267172445451,0.5752554080131836
USDZAR,10,2025-09-18,PA,66,3,1.1478752888065298,0.8689850841473841,1.7094733015382322,0.7679861628555044
USDZAR,10,2025-09-18,VAR1,66,3,8.682064283749275,7.942657778532048,10.746668999632528,6.88127369593394
USDZAR,10,2025-09-18,ARHinc,66,3,1.1996593378488905,0.9058103594138882,1.7916180363131755,0.791130730450148
USDZAR,10,2025-09-18,KernelARH,66,3,1.5645756297109035,1.3029565125382827,2.1744923908343017,1.1108308148964963
USDZAR,1,2025-09-08,PM,66,5,0.15862010130642828,0.09565384615384623,0.2605742684193826,0.07552043574763563
USDZAR,1,2025-09-08,PA,66,5,0.5264935351169001,0.4147075864802518,0.5063543753356822,0.5799297420949618
USDZAR,1,2025-09-08,VAR1,66,5,6.966866488363685,4.88185356381803,10.078205311714274,4.324971132266496
USDZAR,1,2025-09-08,ARHinc,66,5,0.5183227359513167,0.4051745620906031,0.46840689684166004,0.580063898880258
USDZAR,1,2025-09-08,KernelARH,66,5,0.5280200241109483,0.40719858734729075,0.5007169214351954,0.5832861914523786
USDZAR,5,2025-09-12,PM,66,4,0.4273005045092343,0.300846153846154,0.629065368288189,0.22848086789109967
USDZAR,5,2025-09-12,PA,66,4,0.6634398609320303,0.5390163417482253,0.7679066723254491,0.6179587497825898
USDZAR,5,2025-09-12,VAR1,66,4,1.166619356097902,1.0360154591407291,1.076934486946385,1.2006331300435322
USDZAR,5,2025-09-12,ARHinc,66,4,0.630114022945809,0.5118069762548311,0.7065164896310767,0.6061505570952962
USDZAR,5,2025-09-12,KernelARH,66,4,0.7015394396520905,0.5682255867908439,0.8555352013199974,0.6248340800176393
USDZAR,10,2025-09-19,PM,66,3,0.8868990652397131,0.6376153846153844,1.3986568746636294,0.45633751211086326
USDZAR,10,2025-09-19,PA,66,3,0.920749162006912,0.7320710640390662,1.278999502746059,0.7080095676805681
USDZAR,10,2025-09-19,VAR1,66,3,0.9908088251835854,0.8256373230606123,0.9811797381250138,0.9780067632338771
USDZAR,10,2025-09-19,ARHinc,66,3,0.9026795789331128,0.7153249928431684,1.2563402511875472,0.6967119067082655
USDZAR,10,2025-09-19,KernelARH,66,3,1.3977298345860425,1.168031892267165,1.907947075454794,1.0305636032110108
USDZAR,1,2025-09-09,PM,66,5,0.0959524621883149,0.06207692307692292,0.1595886876155707,0.050275971268509245
USDZAR,1,2025-09-09,PA,66,5,0.5379308724338941,0.4294829989635929,0.5317382085468534,0.5858434939722192
USDZAR,1,2025-09-09,VAR1,66,5,4.125068085172686,2.8448061316297313,6.121647507673068,2.524799240653886
USDZAR,1,2025-09-09,ARHinc,66,5,0.5348326353377044,0.4255624325324895,0.5206581639724153,0.585408558998834
USDZAR,1,2025-09-09,KernelARH,66,5,0.5374014859281504,0.4273636304282932,0.5305813765400413,0.5855831796061889
USDZAR,5,2025-09-15,PM,66,4,0.3662700506456949,0.25061538461538435,0.5224396325491915,0.20402499832098495
USDZAR,5,2025-09-15,PA,66,4,0.6346361367909402,0.5148622251794089,0.7144605181729733,0.6115390899224447
USDZAR,5,2025-09-15,VAR1,66,4,1.2818582800276948,0.997849020686113,1.7926563404777003,0.9510900922797083
USDZAR,5,2025-09-15,ARHinc,66,4,0.6268414960897885,0.5087838617684184,0.700145484526339,0.6085917514487825
USDZAR,5,2025-09-15,KernelARH,66,4,0.7143112496107901,0.5804757747152678,0.8731588170799442,0.6379663964586534
USDZAR,10,2025-09-22,PM,66,3,0.8424464717074358,0.6442307692307695,1.3172030465412263,0.4615199439355134
USDZAR,10,2025-09-22,PA,66,3,0.9348388669295234,0.7413860799497339,1.3061141526376012,0.7370504837839921
USDZAR,10,2025-09-22,VAR1,66,3,0.7488656037366239,0.6249286178431762,0.7020393634713661,0.7620742332612364
USDZAR,10,2025-09-22,ARHinc,66,3,0.9213600610334453,0.7298069094423806,1.2851219418084072,0.7299995848012514
USDZAR,10,2025-09-22,KernelARH,66,3,1.187774979776267,0.9527817895295363,1.6638712909696396,0.8960244742991467
USDZAR,1,2025-09-10,PM,66,5,0.1168854633325356,0.08807692307692307,0.15458356066315046,0.07094060006554326
USDZAR,1,2025-09-10,PA,66,5,0.5410857191760068,0.4326475574220188,0.5269843180545606,0.5872037933998848
USDZAR,1,2025-09-10,VAR1,66,5,11.093835806956749,7.237776460700155,16.635096061604298,6.343762041083717
USDZAR,1,2025-09-10,ARHinc,66,5,0.5475728837380333,0.43878578980895994,0.5428545994608049,0.5891517158484885
USDZAR,1,2025-09-10,KernelARH,66,5,0.5689336918791893,0.4571296017432551,0.5753340112165081,0.6029752135351552
USDZAR,5,2025-09-16,PM,66,4,0.31851178881696773,0.228423076923077,0.4331557740872383,0.18753061518722716
USDZAR,5,2025-09-16,PA,66,4,0.5920809428608828,0.4764255925379956,0.6022880959402508,0.6066001010180777
USDZAR,5,2025-09-16,VAR1,66,4,6.4515210566876595,4.642961299500274,9.646039202234887,3.783819793228211
USDZAR,5,2025-09-16,ARHinc,66,4,0.6008800040301221,0.48471112917095716,0.6219799317867595,0.608984224551672
USDZAR,5,2025-09-16,KernelARH,66,4,0.7355368796013939,0.6005702649909431,0.8481555237667011,0.6753600423899804
USDZAR,10,2025-09-23,PM,66,3,0.8608451795049579,0.7003076923076922,1.2756909293513141,0.5084812044541204
USDZAR,10,2025-09-23,PA,66,3,0.9609371171624169,0.7808687679812236,1.3020426707833683,0.7704527790193795
USDZAR,10,2025-09-23,VAR1,66,3,0.6732787789800677,0.5649026155103302,0.6401114739530338,0.7100791819213221
USDZAR,10,2025-09-23,ARHinc,66,3,0.9632445619056494,0.7824853808020986,1.3069422422991153,0.7708538174622577
USDZAR,10,2025-09-23,KernelARH,66,3,1.1007834330244508,0.9054366729441433,1.47278992847726,0.8729832818467721
USDZAR,1,2025-09-11,PM,66,5,0.20119391239452405,0.12130769230769232,0.3019402012469404,0.102793874132141
USDZAR,1,2025-09-11,PA,66,5,0.5397198657592033,0.428459631635914,0.4962437697381788,0.5863188268041254
USDZAR,1,2025-09-11,VAR1,66,5,10.391223692097606,6.872134999609641,15.319558993187,6.256728070096515
USDZAR,1,2025-09-11,ARHinc,66,5,0.5461316518580738,0.433913365255214,0.5117483803421243,0.5874678661402943
USDZAR,1,2025-09-11,KernelARH,66,5,0.5366286812806935,0.42405476713916146,0.49160018510556164,0.5853891555294094
USDZAR,5,2025-09-17,PM,66,4,0.26746800671367166,0.19453846153846158,0.3658996980176192,0.1568261431499125
USDZAR,5,2025-09-17,PA,66,4,0.5967949394222841,0.48150414584212076,0.6205439682023882,0.6072786483447746
USDZAR,5,2025-09-17,VAR1,66,4,4.354105182777034,3.1308981978594534,6.488345022445005,2.6149291974468944
USDZAR,5,2025-09-17,ARHinc,66,4,0.6130828435367457,0.496446391583851,0.6581063555733698,0.6113021274286041
USDZAR,5,2025-09-17,KernelARH,66,4,0.6833385652722658,0.5601140008526783,0.796786522695536,0.6349427465332602
USDZAR,10,2025-09-24,PM,66,3,0.7283502169022389,0.5838076923076921,1.069263196469941,0.4274246884856306
USDZAR,10,2025-09-24,PA,66,3,0.8894202293529893,0.7312314039698488,1.1875509544557596,0.7164436810653431
USDZAR,10,2025-09-24,VAR1,66,3,0.7409700920336736,0.6258872732000761,0.6387559377235587,0.8139513834749831
USDZAR,10,2025-09-24,ARHinc,66,3,0.910419697842977,0.7467587223447959,1.2274757190488068,0.7233697603774546
USDZAR,10,2025-09-24,KernelARH,66,3,1.1181193593844645,0.9313675567780592,1.4996337987927615,0.8588465949048886
USDZAR,1,2025-09-12,PM,66,5,0.07550980578196964,0.05726923076923078,0.11095537691491217,0.05024114472577242
USDZAR,1,2025-09-12,PA,66,5,0.5494273708652139,0.4414017844963537,0.5334385517092163,0.5850137982591284
USDZAR,1,2025-09-12,VAR1,66,5,1.054966713347527,0.9038070289533762,1.3857422597886875,0.8603075499172064
USDZAR,1,2025-09-12,ARHinc,66,5,0.5614574506814013,0.4536139151396417,0.5615426244858643,0.5877724864832079
USDZAR,1,2025-09-12,KernelARH,66,5,0.5502944867603005,0.44194073870224143,0.5356358476430351,0.5851133663828464
USDZAR,5,2025-09-18,PM,66,4,0.5794108828403606,0.37900000000000034,0.9789510668727932,0.27424435932442115
USDZAR,5,2025-09-18,PA,66,4,0.8507754490667292,0.6685212273441542,1.195994290301971,0.6612044603613706
USDZAR,5,2025-09-18,VAR1,66,4,1.0204047789364805,0.8474682210289215,1.1287599778206814,0.9167984556772633
USDZAR,5,2025-09-18,ARHinc,66,4,0.8769696188152002,0.6862856654407598,1.2442008638176896,0.6687703032154007
USDZAR,5,2025-09-18,KernelARH,66,4,0.9308616660940909,0.7295303956411843,1.3264068401516214,0.6909601140369048
USDZAR,10,2025-09-25,PM,66,3,0.5706008978396238,0.4366538461538461,0.9001252572671078,0.3192086762374595
USDZAR,10,2025-09-25,PA,66,3,0.821545706018386,0.6620737840136813,1.078891072102048,0.6770127698560142
USDZAR,10,2025-09-25,VAR1,66,3,0.5856554873976206,0.48169168999183964,0.5948773082221204,0.6290751711866608
USDZAR,10,2025-09-25,ARHinc,66,3,0.8408400504648514,0.6767792455569345,1.114036496908528,0.6838444243685111
USDZAR,10,2025-09-25,KernelARH,66,3,0.9808385567956098,0.8140262412285916,1.2711576185321143,0.785300312962068
USDZAR,1,2025-09-15,PM,66,5,0.09107847419417206,0.05899999999999997,0.13862487470787374,0.048942299652393426
USDZAR,1,2025-09-15,PA,66,5,0.5285769096276665,0.41722001956526117,0.4865596391792723,0.5814320653419475
USDZAR,1,2025-09-15,VAR1,66,5,1.7887652390646531,1.444469010699299,2.38290290466843,1.3842389114875053
USDZAR,1,2025-09-15,ARHinc,66,5,0.5306863662609606,0.4189853255970054,0.49259501298167035,0.5817090466583211
USDZAR,1,2025-09-15,KernelARH,66,5,0.5236000590561778,0.40888488184973976,0.4701474128586657,0.5821059959647213
USDZAR,5,2025-09-19,PM,66,4,0.5119205917988574,0.3457692307692308,0.8620718009688215,0.25056695430268017
USDZAR,5,2025-09-19,PA,66,4,0.7636213202355957,0.6101238031533479,1.023993268381461,0.6399875583348849
USDZAR,5,2025-09-19,VAR1,66,4,0.7936600130952678,0.6340499324819499,1.0585737585300565,0.659415764022226
USDZAR,5,2025-09-19,ARHinc,66,4,0.7718755438300332,0.6158011107286712,1.0410653053507946,0.6419181759901915
USDZAR,5,2025-09-19,KernelARH,66,4,0.8831489680139534,0.7023173695366137,1.2267921187694668,0.6848234568801878
USDZAR,10,2025-09-26,PM,66,3,0.4976744475751502,0.39950000000000024,0.7305122152690035,0.3044705438785523
USDZAR,10,2025-09-26,PA,66,3,0.7540434619808772,0.6178936789625797,0.9066799665492671,0.6660397540986938
USDZAR,10,2025-09-26,VAR1,66,3,0.9428813631834109,0.7832321092172673,1.1742158153636026,0.7762627946322523
USDZAR,10,2025-09-26,ARHinc,66,3,0.761562031589223,0.6236715866049874,0.9229035357892537,0.6678296792873983
USDZAR,10,2025-09-26,KernelARH,66,3,0.978962852506039,0.8160335412698039,1.2160119918821033,0.8032881291860993
USDZAR,1,2025-09-16,PM,66,5,0.03867517589836204,0.03115384615384616,0.0438481900509417,0.030946832113976013
USDZAR,1,2025-09-16,PA,66,5,0.5229766242037498,0.412998204011675,0.46240256941839275,0.58421539796198
USDZAR,1,2025-09-16,VAR1,66,5,1.4127336882107318,1.0605455166515008,2.022729504509439,0.9530477963504368
USDZAR,1,2025-09-16,ARHinc,66,5,0.5219975325349406,0.411395762257507,0.45986184104052,0.5841957716800903
USDZAR,1,2025-09-16,KernelARH,66,5,0.5226750598995177,0.41149256763049674,0.46193343803579157,0.584413576965802
USDZAR,5,2025-09-22,PM,66,4,0.5566253055415562,0.39423076923076916,0.9358401298082718,0.2919176107255298
USDZAR,5,2025-09-22,PA,66,4,0.8038101342478277,0.6366028258227621,1.113522587610892,0.662319570511225
USDZAR,5,2025-09-22,VAR1,66,4,1.200220944488739,0.91662920358314,1.8181109941292772,0.78837573454843
USDZAR,5,2025-09-22,ARHinc,66,4,0.797103150292421,0.6315204563565816,1.101704324968103,0.6597546961375208
USDZAR,5,2025-09-22,KernelARH,66,4,0.9215310755517908,0.7255625718691202,1.311054074030806,0.7129062356976112
USDZAR,10,2025-09-29,PM,66,3,0.6970245484585506,0.591423076923077,1.0097240767618911,0.44786689366222043
USDZAR,10,2025-09-29,PA,66,3,0.9200092481860193,0.7485376784475499,1.1975133968218974,0.7475959908953195
USDZAR,10,2025-09-29,VAR1,66,3,0.6896539970771379,0.5600926011523285,0.8564097693478551,0.62595226475214
USDZAR,10,2025-09-29,ARHinc,66,3,0.9139152985965664,0.7433545235562788,1.1883575558012436,0.7442007857496706
USDZAR,10,2025-09-29,KernelARH,66,3,1.1168327691758533,0.9212706265405537,1.4639171810530778,0.8759038220514611
USDZAR,1,2025-09-17,PM,66,5,0.09360180594904727,0.06780769230769237,0.13665827267218214,0.06390538630966766
USDZAR,1,2025-09-17,PA,66,5,0.5410506983077399,0.43376311553345964,0.5084795405939582,0.5882983206805328
USDZAR,1,2025-09-17,VAR1,66,5,0.8823163232255596,0.714807668005655,1.0953081783461993,0.7592415073208885
USDZAR,1,2025-09-17,ARHinc,66,5,0.5347238321960435,0.4287910815987744,0.4921353836645862,0.5869598827438935
USDZAR,1,2025-09-17,KernelARH,66,5,0.5327263718485866,0.4237453615427118,0.4883171783370207,0.5867689777866621
USDZAR,5,2025-09-23,PM,66,4,0.6453747048152607,0.4920384615384615,1.0432979104370717,0.36760720138011665
USDZAR,5,2025-09-23,PA,66,4,0.8955526668831296,0.7129750841268813,1.2543915069559965,0.7048970650945365
USDZAR,5,2025-09-23,VAR1,66,4,0.5894649475758008,0.47228842294969314,0.6125516445004132,0.6188629661669663
USDZAR,5,2025-09-23,ARHinc,66,4,0.8788660272607657,0.6998763188834111,1.226666248151474,0.6976471688989927
USDZAR,5,2025-09-23,KernelARH,66,4,0.9644051436588866,0.7710857188200543,1.359382037688807,0.7400095011114243
USDZAR,10,2025-09-30,PM,66,3,0.8205923927261329,0.7309615384615382,1.1428376702444907,0.5845627886489775
USDZAR,10,2025-09-30,PA,66,3,1.0386916716157675,0.847924846271176,1.3401633194259874,0.8458823050529273
USDZAR,10,2025-09-30,VAR1,66,3,0.6177386226174874,0.5008999737277433,0.6786841359283988,0.6165327855902475
USDZAR,10,2025-09-30,ARHinc,66,3,1.0259698420560373,0.8375534067501239,1.3214838276927763,0.8381628109005216
USDZAR,10,2025-09-30,KernelARH,66,3,1.17327356141325,0.9670403830039828,1.5052142577250924,0.946803536274498
USDZAR,1,2025-09-18,PM,66,5,0.42118103178854266,0.2668846153846151,0.7080470262358552,0.210471792697369
USDZAR,1,2025-09-18,PA,66,5,0.6896090110681876,0.5564898319178004,0.8913643844165366,0.6169941927689185
USDZAR,1,2025-09-18,VAR1,66,5,0.8335217595730126,0.6616893417483046,1.116832018581256,0.6974596007392782
USDZAR,1,2025-09-18,ARHinc,66,5,0.7113011151197349,0.5721631007414679,0.9342821805985053,0.6221401026878115
USDZAR,1,2025-09-18,KernelARH,66,5,0.6690864687732487,0.5412157519762986,0.8489058440303314,0.6146491219490571
USDZAR,5,2025-09-24,PM,66,4,0.5304026953464407,0.40038461538461523,0.8421361320238681,0.2943183913139621
USDZAR,5,2025-09-24,PA,66,4,0.8066139846776906,0.6479665465382944,1.0896827333168233,0.6627190950417712
USDZAR,5,2025-09-24,VAR1,66,4,0.6094382503409496,0.4786495561440733,0.5479136384327731,0.6600972297360049
USDZAR,5,2025-09-24,ARHinc,66,4,0.8225771734053562,0.6605219632555293,1.119306760824683,0.6678850163649244
USDZAR,5,2025-09-24,KernelARH,66,4,0.8747085278392338,0.7104934131707543,1.1937091076134387,0.6945698573186868
USDZAR,10,2025-10-01,PM,66,3,0.816372399233811,0.7423461538461538,1.093823880000146,0.5912708684804476
USDZAR,10,2025-10-01,PA,66,3,1.0487943223744793,0.8645681605601917,1.3312558882499417,0.8546719145669125
USDZAR,10,2025-10-01,VAR1,66,3,1.0732231631536908,0.887255940165578,1.359356537016487,0.8735734782429949
USDZAR,10,2025-10-01,ARHinc,66,3,1.06417423422676,0.8769721304691209,1.3576171945603432,0.861937149991948
USDZAR,10,2025-10-01,KernelARH,66,3,1.1860960770846947,0.9940259417034993,1.5020599432246649,0.9550357433920955
USDZAR,1,2025-09-19,PM,66,5,0.08966363425431914,0.06911538461538476,0.11905376673984869,0.07067459524287574
USDZAR,1,2025-09-19,PA,66,5,0.5309313046350238,0.41629278156431193,0.48651063669857725,0.5859999369797438
USDZAR,1,2025-09-19,VAR1,66,5,4.749767761724891,4.189567533090107,6.483539305159917,3.240886684337964
USDZAR,1,2025-09-19,ARHinc,66,5,0.5324522719558616,0.4182733170967422,0.49808862109950314,0.5849362256683626
USDZAR,1,2025-09-19,KernelARH,66,5,0.7024917393071457,0.5680599866359105,0.841720237062155,0.6495196764638742
USDZAR,5,2025-09-25,PM,66,4,0.17699970121661004,0.15715384615384617,0.22901764025136767,0.14271397354160528
USDZAR,5,2025-09-25,PA,66,4,0.5475111932928538,0.4371785743937433,0.4934224288631471,0.5962681416615979
USDZAR,5,2025-09-25,VAR1,66,4,3.7916767280199135,3.3027671228171314,3.106292108007179,3.990650058479238
USDZAR,5,2025-09-25,ARHinc,66,4,0.5547626976620819,0.4432380761379388,0.5104801279073965,0.598688114534265
USDZAR,5,2025-09-25,KernelARH,66,4,1.0812299293347298,0.9262504926099642,1.3106674451205569,0.9103190763044243
USDZAR,10,2025-10-02,PM,66,3,0.4561073275346158,0.42211538461538467,0.39813982409875687,0.47603830617872694
USDZAR,10,2025-10-02,PA,66,3,0.7254726500951084,0.581221807843768,0.6636217349761956,0.7442189386320917
USDZAR,10,2025-10-02,VAR1,66,3,2.2170904380080287,1.9891216939961616,2.820986528050288,1.6996674433763537
USDZAR,10,2025-10-02,ARHinc,66,3,0.7306786143966616,0.5865635652180721,0.6715167926315008,0.7475219463799045
USDZAR,10,2025-10-02,KernelARH,66,3,1.6761501380378205,1.4950350679168833,2.0786308939341387,1.351159682020079
USDZAR,1,2025-09-22,PM,66,5,0.14845162382198662,0.11161538461538459,0.19309806161107643,0.14961728574339445
USDZAR,1,2025-09-22,PA,66,5,0.573128362508638,0.46377321316624154,0.6177356704176652,0.5977814220183371
USDZAR,1,2025-09-22,VAR1,66,5,5.008929299925879,3.311882937254096,7.852576318323885,2.5179495058558548
USDZAR,1,2025-09-22,ARHinc,66,5,0.5712205426285797,0.4621626258543968,0.615550544781601,0.5964729831418414
USDZAR,1,2025-09-22,KernelARH,66,5,0.5690224151638019,0.46385440358051483,0.5265255399057597,0.610353807357028
USDZAR,5,2025-09-26,PM,66,4,0.20750127432416848,0.15499999999999997,0.31382188499328273,0.1429099234205805
USDZAR,5,2025-09-26,PA,66,4,0.54148590848836,0.43671588798194483,0.47961795524720113,0.5920757596913516
USDZAR,5,2025-09-26,VAR1,66,4,4.504992570454278,3.324592992966868,6.7021401220196415,2.6905884628023924
USDZAR,5,2025-09-26,ARHinc,66,4,0.5386358397065163,0.4337472513666578,0.47414659093464434,0.5905976514832224
USDZAR,5,2025-09-26,KernelARH,66,4,0.5413470936901005,0.42789372316282204,0.4915300216557826,0.5943859492970418
USDZAR,10,2025-10-03,PM,66,3,0.4968520616379147,0.4615769230769231,0.5064046668992572,0.47391194785558105
USDZAR,10,2025-10-03,PA,66,3,0.7647277038471744,0.62375505471484,0.7761518774121359,0.7589883773276888
USDZAR,10,2025-10-03,VAR1,66,3,0.9014203178655156,0.690555812630723,0.96840119094307,0.8399607348206176
USDZAR,10,2025-10-03,ARHinc,66,3,0.7730426315542542,0.6292592406220663,0.7937599893468541,0.7626068959831892
USDZAR,10,2025-10-03,KernelARH,66,3,0.7622033509447182,0.6232906407229553,0.7846045897495709,0.7523559451335968
USDZAR,1,2025-09-23,PM,66,5,0.11566467614484693,0.09761538461538473,0.1263737600715006,0.08808471152491881
USDZAR,1,2025-09-23,PA,66,5,0.5531157413310175,0.4478372885794999,0.5398088953280432,0.5984413794429375
USDZAR,1,2025-09-23,VAR1,66,5,11.501896781790187,8.7431753291182,17.74333402775489,6.450948378939921
USDZAR,1,2025-09-23,ARHinc,66,5,0.5462482265799374,0.44055133914534467,0.5111180816065294,0.5982437214554087
USDZAR,1,2025-09-23,KernelARH,66,5,0.5678954019033103,0.46127187242506934,0.59138956960735,0.6000252454638687
USDZAR,5,2025-09-29,PM,66,4,0.27433757629830957,0.2361538461538462,0.329691302681283,0.2068164571149852
USDZAR,5,2025-09-29,PA,66,4,0.6038227183467002,0.4881564102915756,0.5906048291650552,0.6243607838676032
USDZAR,5,2025-09-29,VAR1,66,4,14.884532556305007,12.127929199014702,18.230188671503125,13.052515248786296
USDZAR,5,2025-09-29,ARHinc,66,4,0.5859491571237705,0.47300441026461565,0.556817496675135,0.6162597236465674
USDZAR,5,2025-09-29,KernelARH,66,4,0.6376082103350723,0.51469361876013,0.667403278195252,0.6370227103035339
USDZAR,10,2025-10-06,PM,66,3,0.5140368607704794,0.486423076923077,0.48685402446391635,0.5116818908821283
USDZAR,10,2025-10-06,PA,66,3,0.7863292279615891,0.63744897269077,0.7349078442088871,0.8299054969369007
USDZAR,10,2025-10-06,VAR1,66,3,9.008573858970985,8.203266350517744,11.650178034002163,6.591228115215528
USDZAR,10,2025-10-06,ARHinc,66,3,0.7724414746314203,0.6230900353188414,0.720023753471849,0.8184052401059414
USDZAR,10,2025-10-06,KernelARH,66,3,0.8646537239440674,0.7029182689242005,0.8718020773846369,0.8786726604167361
USDZAR,1,2025-09-24,PM,66,5,0.10911179869924532,0.07780769230769241,0.1221504902824814,0.12631340274004463
USDZAR,1,2025-09-24,PA,66,5,0.5104863229219783,0.40329963300631955,0.4419190320116938,0.5808431935034004
USDZAR,1,2025-09-24,VAR1,66,5,33.268887501622686,23.49027618438179,51.00112836746934,18.090565369116472
USDZAR,1,2025-09-24,ARHinc,66,5,0.5107095561410009,0.40282040034726174,0.44388047501233324,0.5805403916323146
USDZAR,1,2025-09-24,KernelARH,66,5,0.5108519775827425,0.4052114982174092,0.43720282794063,0.583107746945493
USDZAR,5,2025-09-30,PM,66,4,0.3007949403727499,0.27407692307692305,0.35876518572731986,0.25164200452286145
USDZAR,5,2025-09-30,PA,66,4,0.6374208740737844,0.5202169995537699,0.6439170920470104,0.6546543573826065
USDZAR,5,2025-09-30,VAR1,66,4,11.890867849915967,9.595571182135226,13.914987467204119,10.819313882136171
USDZAR,5,2025-09-30,ARHinc,66,4,0.6351096386112028,0.5175805662327706,0.6385478562301958,0.6545442487814145
USDZAR,5,2025-09-30,KernelARH,66,4,0.6782677254595053,0.5533026247936326,0.6995731979227777,0.6835951877383665
USDZAR,10,2025-10-07,PM,66,3,0.46175412829773366,0.4354230769230768,0.4358189196227925,0.4728256421902542
USDZAR,10,2025-10-07,PA,66,3,0.7582915322207513,0.6138410193078768,0.7257772212253413,0.7983743204328185
USDZAR,10,2025-10-07,VAR1,66,3,8.14383561848254,7.37044260220316,10.655703859756926,5.860596943609144
USDZAR,10,2025-10-07,ARHinc,66,3,0.7625766818775391,0.6165506449972259,0.7364217551167742,0.8004614604509329
USDZAR,10,2025-10-07,KernelARH,66,3,0.8273220910399232,0.6693483547976224,0.8132376252775736,0.8535410322734898
USDZAR,1,2025-09-25,PM,66,5,0.15700088804256448,0.1041538461538461,0.2537958617582785,0.0826752876900703
USDZAR,1,2025-09-25,PA,66,5,0.5107095923618465,0.40460491221249334,0.4289747139741584,0.581575876210597
USDZAR,1,2025-09-25,VAR1,66,5,20.219474903915383,14.157963437511146,31.035398297616,10.923857828653857
USDZAR,1,2025-09-25,ARHinc,66,5,0.5094756105010244,0.40366615712653187,0.43108611665532925,0.5801856212833778
USDZAR,1,2025-09-25,KernelARH,66,5,0.5282975726874923,0.4235736107784967,0.4675473916710466,0.587647524876951
USDZAR,5,2025-10-01,PM,66,4,0.37523178734053075,0.35476923076923084,0.38473677598910055,0.3537703399373181
USDZAR,5,2025-10-01,PA,66,4,0.6509241953056198,0.5185016587085157,0.6348238006757342,0.6707345815773672
USDZAR,5,2025-10-01,VAR1,66,4,7.054281522043678,5.611178133789257,8.53097577427133,6.194486913384589
USDZAR,5,2025-10-01,ARHinc,66,4,0.6810576316370945,0.5463673712198006,0.688205691234257,0.6853256706914349
USDZAR,5,2025-10-01,KernelARH,66,4,0.6685289174439174,0.5396209049107716,0.6537296076552267,0.6813859811192525
USDZAR,10,2025-10-08,PM,66,3,0.5526116751042621,0.5171538461538462,0.5767465388209712,0.5363650309122382
USDZAR,10,2025-10-08,PA,66,3,0.7835947504052461,0.6346228229010137,0.7810777563604109,0.7970508109973063
USDZAR,10,2025-10-08,VAR1,66,3,4.438657820619,3.957938088325952,5.8006012556671385,3.184131208675155
USDZAR,10,2025-10-08,ARHinc,66,3,0.8095868475674122,0.6568388739159704,0.8193758034865928,0.813974324271826
USDZAR,10,2025-10-08,KernelARH,66,3,0.8420735201762749,0.6885196103771442,0.8565715161824766,0.8374841490768657
USDZAR,1,2025-09-26,PM,66,5,0.10418017861083076,0.07292307692307692,0.1668609610758029,0.0676794626007792
USDZAR,1,2025-09-26,PA,66,5,0.5071940825827463,0.40841535252772737,0.4189693546553618,0.5762159952864576
USDZAR,1,2025-09-26,VAR1,66,5,1.941080989399966,1.5430754162049625,2.490285450049212,1.6971461908430554
USDZAR,1,2025-09-26,ARHinc,66,5,0.5115669328166939,0.41543430982151597,0.4233110021206377,0.5795586348255858
USDZAR,1,2025-09-26,KernelARH,66,5,0.5080788462130874,0.4075205512372057,0.4182293866230325,0.5761756295852726
USDZAR,5,2025-10-02,PM,66,4,0.33026111464438834,0.3105384615384615,0.2927240266261424,0.3459209825779684
USDZAR,5,2025-10-02,PA,66,4,0.6083169534592235,0.48792786299476737,0.5168058782437649,0.6693819252727926
USDZAR,5,2025-10-02,VAR1,66,4,1.9576872564387227,1.5125966149067356,1.6395732807420225,2.0563463218738454
USDZAR,5,2025-10-02,ARHinc,66,4,0.6375107705436376,0.505169495326164,0.5536532372149151,0.6903820038465815
USDZAR,5,2025-10-02,KernelARH,66,4,0.6091715745162865,0.48729949270033185,0.5188226107845844,0.6686709781331556
USDZAR,10,2025-10-09,PM,66,3,0.5394555660036401,0.5156538461538461,0.5339117992844946,0.5357788435281461
USDZAR,10,2025-10-09,PA,66,3,0.7348531243847795,0.572604747074887,0.6529126511209501,0.7868018614824647
USDZAR,10,2025-10-09,VAR1,66,3,3.1311724077936627,2.7293007317009694,4.178152588121774,2.1789429141699665
USDZAR,10,2025-10-09,ARHinc,66,3,0.7739990329326726,0.602675379871623,0.7035486788551377,0.8161033270810675
USDZAR,10,2025-10-09,KernelARH,66,3,0.7315267577519512,0.5698325960042426,0.6477297714982305,0.7842551323584014
USDZAR,1,2025-09-29,PM,66,5,0.27093712015322496,0.21353846153846165,0.3984830051940355,0.18269482725315941
USDZAR,1,2025-09-29,PA,66,5,0.5823138620930728,0.4791636007846847,0.6008964103920517,0.6071677013643934
USDZAR,1,2025-09-29,VAR1,66,5,0.752465034082541,0.624754402114651,0.72724936629583,0.7959892174618481
USDZAR,1,2025-09-29,ARHinc,66,5,0.5819855922098212,0.47595864768171725,0.588280529376019,0.6113288645343476
USDZAR,1,2025-09-29,KernelARH,66,5,0.5780753747595964,0.4751208985090503,0.6030516282835389,0.6019576389566692
USDZAR,5,2025-10-03,PM,66,4,0.41257318698066725,0.3866923076923078,0.5031097680136698,0.3642700681125007
USDZAR,5,2025-10-03,PA,66,4,0.6712549113639728,0.5413786519908289,0.6723552848268055,0.6946799602020728
USDZAR,5,2025-10-03,VAR1,66,4,1.25038811728775,0.9988692958823956,1.6764850562316098,0.9683281392980874
USDZAR,5,2025-10-03,ARHinc,66,4,0.6682080059720911,0.5368637534309639,0.6580857088549248,0.6967411753236372
USDZAR,5,2025-10-03,KernelARH,66,4,0.6705016039272499,0.5410106785925842,0.6720474256707724,0.6938824587258547
USDZAR,10,2025-10-10,PM,66,3,0.5758498318538906,0.46080769230769225,0.8852477672944803,0.40588530810922563
USDZAR,10,2025-10-10,PA,66,3,0.8040226383667523,0.6468297896274094,1.0339652373444024,0.7250150207487985
USDZAR,10,2025-10-10,VAR1,66,3,1.0358023881278005,0.7959585739560769,1.5214526265012067,0.73673106079528194
USDZAR,10,2025-10-10,ARHinc,66,3,0.8017417484603856,0.6439741601155532,1.022841238390102,0.728693650081087
USDZAR,10,2025-10-10,KernelARH,66,3,0.8043250055589174,0.6470097959329406,1.0345056878859031,0.725162067528855
USDZAR,1,2025-09-30,PM,66,5,0.16542253590310896,0.1393461538461538,0.15269546784012467,0.18742808146641743
USDZAR,1,2025-09-30,PA,66,5,0.5516632734409377,0.44974699764314846,0.47770656302385356,0.6191119102993377
USDZAR,1,2025-09-30,VAR1,66,5,1.9406371298242941,1.5247935662139682,2.667479853888222,1.3956179213846216
USDZAR,1,2025-09-30,ARHinc,66,5,0.5482397349642066,0.44590154958336525,0.46994061196155845,0.6163773437347912
USDZAR,1,2025-09-30,KernelARH,66,5,0.6006049112395114,0.4817666892438743,0.5387028082817649,0.6550128047186807
USDZAR,5,2025-10-06,PM,66,4,0.31201731953900846,0.2787307692307692,0.26049533792187896,0.3708651854243608
USDZAR,5,2025-10-06,PA,66,4,0.6510105835120269,0.5215011618426934,0.5820887708187146,0.7220090464836166
USDZAR,5,2025-10-06,VAR1,66,4,2.1818042041986283,1.8977340850692774,2.0942194158357474,2.066432979963958
USDZAR,5,2025-10-06,ARHinc,66,4,0.6403257388780317,0.5136520262538201,0.5645962022297178,0.7144357293766568
USDZAR,5,2025-10-06,KernelARH,66,4,0.6622247200867163,0.5270532469594177,0.5983296097465226,0.7345367126670779
USDZAR,10,2025-10-13,PM,66,3,0.537621676746476,0.4090384615384615,0.8236147777789556,0.38123159524062616
USDZAR,10,2025-10-13,PA,66,3,0.792071968707351,0.6422916946419579,0.9545041405516819,0.7333120829501828
USDZAR,10,2025-10-13,VAR1,66,3,4.524061126570097,3.9416413069717833,6.150912862618261,3.067785173649981
USDZAR,10,2025-10-13,ARHinc,66,3,0.8062656508161481,0.6557061976950006,0.9949281815137396,0.728050516547294
USDZAR,10,2025-10-13,KernelARH,66,3,0.7466382723185641,0.6064715124723141,0.8386508004585566,0.7356034068528698
USDZAR,1,2025-10-01,PM,66,5,0.13111082364520132,0.11926923076923077,0.13779302803027169,0.11935245605099752
USDZAR,1,2025-10-01,PA,66,5,0.5303438275581772,0.4315566605077165,0.45697044023264677,0.5916611366325842
USDZAR,1,2025-10-01,VAR1,66,5,0.7795197271834741,0.6148485326257539,0.7957921103410094,0.8437839437274426
USDZAR,1,2025-10-01,ARHinc,66,5,0.5312703366450469,0.4313673260821138,0.4564939176509155,0.592615372525568
USDZAR,1,2025-10-01,KernelARH,66,5,0.7403593630839358,0.6327969535663737,0.8591701268797024,0.6733730910310034
USDZAR,5,2025-10-07,PM,66,4,0.216240717897724,0.1931923076923076,0.19603682370990969,0.240169578451929
USDZAR,5,2025-10-07,PA,66,4,0.6151336331655026,0.49991356466859793,0.5425603669718363,0.6851368340436141
USDZAR,5,2025-10-07,VAR1,66,4,0.6797605045231738,0.570658840520864,0.645672750197645,0.6814567320892378
USDZAR,5,2025-10-07,ARHinc,66,4,0.6151604152142991,0.5002421376451293,0.5408346466292339,0.6867538567876159
USDZAR,5,2025-10-07,KernelARH,66,4,0.6215884262286046,0.5027815941033212,0.5418395253367543,0.6946771088566096
USDZAR,10,2025-10-14,PM,66,3,0.9906112866073383,0.6681153846153848,1.568946598208803,0.5137438790338632
USDZAR,10,2025-10-14,PA,66,3,1.1475698788338464,0.878142252166673,1.6377370382568157,0.8083840832149946
USDZAR,10,2025-10-14,VAR1,66,3,2.2831363836589884,1.8316464887328876,3.2571042317941705,1.4614428489270448
USDZAR,10,2025-10-14,ARHinc,66,3,1.1340214353743,0.8704618436015065,1.6166210724608074,0.801577867928869
USDZAR,10,2025-10-14,KernelARH,66,3,1.0777278588816668,0.8250363446585418,1.525067101194248,0.7852700854407496
USDZAR,1,2025-10-02,PM,66,5,0.22092375990895066,0.15392307692307686,0.344018936478841,0.12072022838937864
USDZAR,1,2025-10-02,PA,66,5,0.585032210667159,0.48029876741496064,0.583150595838808,0.6034781924200081
USDZAR,1,2025-10-02,VAR1,66,5,1.3445554754550755,1.055475234449977,1.6657152740515333,1.1379194170575457
USDZAR,1,2025-10-02,ARHinc,66,5,0.5957231111961429,0.4888341555734381,0.6053651946947977,0.6067483202068082
USDZAR,1,2025-10-02,KernelARH,66,5,0.6336075170990403,0.5211436331054596,0.6697504721146909,0.6248573172196377
USDZAR,5,2025-10-08,PM,66,4,0.20995535239664645,0.18915384615384614,0.23503159899707599,0.20934558512297233
USDZAR,5,2025-10-08,PA,66,4,0.6030124607490268,0.4919695086632901,0.5618356642707106,0.6509130746766983
USDZAR,5,2025-10-08,VAR1,66,4,2.370872371903763,1.855731727846596,3.142928746931449,1.8421529172642657
USDZAR,5,2025-10-08,ARHinc,66,4,0.5969754625110782,0.4879773410273425,0.5484072083246971,0.6476996520267198
USDZAR,5,2025-10-08,KernelARH,66,4,0.6088063804406091,0.4957024859489143,0.5542892056337216,0.6613749775532789
USDZAR,10,2025-10-15,PM,66,3,0.5826283698102009,0.42846153846153845,0.889015206973181,0.36357504119567974
USDZAR,10,2025-10-15,PA,66,3,0.8101725706525899,0.6450507889624181,0.9968087199902708,0.7142980391349818
USDZAR,10,2025-10-15,VAR1,66,3,1.4620524071210792,1.1754732430586807,2.0278047156873824,1.0005212378531907
USDZAR,10,2025-10-15,ARHinc,66,3,0.8170876502539783,0.6532297877308615,1.0114902960862882,0.7138633053341077
USDZAR,10,2025-10-15,KernelARH,66,3,0.7857785887266211,0.62543123888399,0.9500051419922008,0.7157000323394695
USDZAR,1,2025-10-03,PM,66,5,0.17096769262956354,0.11903846153846152,0.27857496806090926,0.09112708387600488
USDZAR,1,2025-10-03,PA,66,5,0.5644806739541429,0.4611353504841997,0.5307588163777971,0.6056978881901133
USDZAR,1,2025-10-03,VAR1,66,5,2.0109894830387542,1.566556852233247,2.575662789862063,1.6418436053879464
USDZAR,1,2025-10-03,ARHinc,66,5,0.55790038955429,0.4579082660912908,0.5076693205783209,0.604850083285786
USDZAR,1,2025-10-03,KernelARH,66,5,0.5640343744461092,0.4624930652930843,0.5282701985257764,0.6059776993013054
USDZAR,5,2025-10-09,PM,66,4,0.24416045323327232,0.21269230769230765,0.3200032768057089,0.19923992003428181
USDZAR,5,2025-10-09,PA,66,4,0.5915459662255422,0.4934978049819901,0.5475767457974513,0.6370551710209958
USDZAR,5,2025-10-09,VAR1,66,4,4.154361802823775,3.256869051105144,5.224224093330926,3.421611629253156
USDZAR,5,2025-10-09,ARHinc,66,4,0.5858714903249562,0.48315828507258707,0.5307862713910289,0.6354029051219372
USDZAR,5,2025-10-09,KernelARH,66,4,0.5989254337473465,0.4854892458311978,0.5286262596405329,0.6535167778187295
USDZAR,10,2025-10-16,PM,66,3,0.47788697569452715,0.33296153846153864,0.7335708095856618,0.29255618908162206
USDZAR,10,2025-10-16,PA,66,3,0.7975756693636411,0.6287054751928081,0.9902333754091789,0.7019077286846285
USDZAR,10,2025-10-16,VAR1,66,3,1.868040285960401,1.5161036568847022,2.6125502549091193,1.2522094041656153
USDZAR,10,2025-10-16,ARHinc,66,3,0.7962548789209383,0.6259685416329414,0.9867226062540785,0.7034686916758712
USDZAR,10,2025-10-16,KernelARH,66,3,0.8150073341198979,0.6390717915460454,1.027469914367077,0.7098215884377332
USDZAR,1,2025-10-06,PM,66,5,0.14047207496920472,0.11869230769230775,0.12312881174826801,0.17429108627926376
USDZAR,1,2025-10-06,PA,66,5,0.5842578881693276,0.484408476638418,0.5336430752222636,0.6382164491670068
USDZAR,1,2025-10-06,VAR1,66,5,1.71693426269408,1.3856468780259372,2.180976073558966,1.4234995809785909
USDZAR,1,2025-10-06,ARHinc,66,5,0.5814122523757044,0.48479207117630185,0.5213001256139217,0.6351738104661176
USDZAR,1,2025-10-06,KernelARH,66,5,0.581469460573536,0.4841199983949532,0.5240470787099291,0.6319919834358927
USDZAR,5,2025-10-10,PM,66,4,0.7487764057241861,0.40549999999999986,1.2860142635723613,0.32303709587795587
USDZAR,5,2025-10-10,PA,66,4,0.9070648019214846,0.7101007359129067,1.3034920490864874,0.6859365722028125
USDZAR,5,2025-10-10,VAR1,66,4,3.282156493618445,2.6316339759395717,3.690668932850585,2.962694831907952
USDZAR,5,2025-10-10,ARHinc,66,4,0.9222532838716249,0.7196707912537575,1.331311112427513,0.6900369316070049
USDZAR,5,2025-10-10,KernelARH,66,4,0.9244175607557239,0.7229496890192176,1.3354842301069445,0.693710841825707
USDZAR,10,2025-10-17,PM,66,3,0.9277451987728925,0.6033461538461538,1.5023623006676838,0.4738042365524361
USDZAR,10,2025-10-17,PA,66,3,1.091715023526933,0.8192851194228381,1.5617535885170433,0.7849185817705023
USDZAR,10,2025-10-17,VAR1,66,3,2.104191342887693,1.6673487879264988,3.0349148307734124,1.3608402239399449
USDZAR,10,2025-10-17,ARHinc,66,3,1.0948187820013706,0.8222948570016485,1.5665448683605667,0.7860267290544768
USDZAR,10,2025-10-17,KernelARH,66,3,1.0765278758503294,0.8015595318776589,1.5341784378540093,0.7837690778262539
USDZAR,1,2025-10-07,PM,66,5,0.05456779481314246,0.04465384615384602,0.06296947924111333,0.044929810198361154
USDZAR,1,2025-10-07,PA,66,5,0.56910759466026,0.47100485303876477,0.5111560775921394,0.6176454547327542
USDZAR,1,2025-10-07,VAR1,66,5,0.7770151958570556,0.6514461134907837,0.7770620254787098,0.8149381541900937
USDZAR,1,2025-10-07,ARHinc,66,5,0.5884119845752294,0.4883700121413412,0.5485028501160693,0.6206579462518529
USDZAR,1,2025-10-07,KernelARH,66,5,0.6051239466673048,0.5004474843684842,0.5795658776378313,0.6268047573259964
USDZAR,5,2025-10-13,PM,66,4,0.5795410568186361,0.358,0.9664936564019688,0.27053034905425516
USDZAR,5,2025-10-13,PA,66,4,0.8520717796373092,0.6888009771626262,1.1242537303470337,0.6889791907403078
USDZAR,5,2025-10-13,VAR1,66,4,1.9800600695738546,1.5480586669427663,2.8226477068530507,1.3235580089040113
USDZAR,5,2025-10-13,ARHinc,66,4,0.9809632033918645,0.7838727043041989,1.3512150556543343,0.7315937355660111
USDZAR,5,2025-10-13,KernelARH,66,4,0.850304664674188,0.6881913141147729,1.1183242184116233,0.6929227219041441
USDZAR,10,2025-10-20,PM,66,3,0.5229021271857524,0.3596538461538462,0.8013523924364673,0.3076234649569208
USDZAR,10,2025-10-20,PA,66,3,0.8943933625352292,0.6807134296868491,1.125334959120104,0.7475213908857526
USDZAR,10,2025-10-20,VAR1,66,3,1.542128233563468,1.2339072591464577,2.107888587966878,1.0686513841567074
USDZAR,10,2025-10-20,ARHinc,66,3,0.9079273608986176,0.6955792097013009,1.1510129834099172,0.7487830062461576
USDZAR,10,2025-10-20,KernelARH,66,3,0.8011569628159145,0.6006121241095499,0.9412275453687347,0.7250859874137262
USDZAR,1,2025-10-08,PM,66,5,0.12836508931109794,0.1056153846153846,0.16293705664155136,0.0986059453058207
USDZAR,1,2025-10-08,PA,66,5,0.5653495931987834,0.4537365201241502,0.5098936784444259,0.6135552259363688
USDZAR,1,2025-10-08,VAR1,66,5,0.7014493469400876,0.5682150767100329,0.5771055311062184,0.8120077274731281
USDZAR,1,2025-10-08,ARHinc,66,5,0.5641179051492621,0.4528001560596761,0.5054069424956089,0.6134096114058485
USDZAR,1,2025-10-08,KernelARH,66,5,0.5687232315540667,0.45722425571272607,0.5024726026395553,0.6187912456314795
USDZAR,5,2025-10-14,PM,66,4,1.0493434302531202,0.7416923076923077,1.6634800440190716,0.5615918871653459
USDZAR,5,2025-10-14,PA,66,4,1.2393241381136126,0.9688308989682549,1.7826718563422534,0.8409113494182384
USDZAR,5,2025-10-14,VAR1,66,4,1.9019319982982847,1.425247058393727,2.772827138541975,1.1950669296307466
USDZAR,5,2025-10-14,ARHinc,66,4,1.2435513356824552,0.9725931741245414,1.788164325997633,0.8433268934330065
USDZAR,5,2025-10-14,KernelARH,66,4,1.2706997224054117,0.9913379914895243,1.8318272854530835,0.8553766341066712
USDZAR,10,2025-10-21,PM,66,3,0.843291855674033,0.5763461538461536,1.334621063548137,0.4563759617802556
USDZAR,10,2025-10-21,PA,66,3,1.1413438424691271,0.8726998440232497,1.6009278025181435,0.8155033549134244
USDZAR,10,2025-10-21,VAR1,66,3,1.859776058998147,1.4880688334355445,2.6274386779163748,1.2347954899639255
USDZAR,10,2025-10-21,ARHinc,66,3,1.1483973862704961,0.8790506097630971,1.6122984159030445,0.8180942478928915
USDZAR,10,2025-10-21,KernelARH,66,3,1.0200700932513511,0.7817167804343201,1.3952275653448232,0.7703795737492011
USDZAR,1,2025-10-09,PM,66,5,0.21866729205664157,0.12226923076923074,0.3649968750609949,0.1083005335644293
USDZAR,1,2025-10-09,PA,66,5,0.5841234580954773,0.47175043184590776,0.5665555807225637,0.6124694286348511
USDZAR,1,2025-10-09,VAR1,66,5,1.125742666565932,0.913873532209411,1.3572432882642276,0.9866659687036571
USDZAR,1,2025-10-09,ARHinc,66,5,0.5858805801953135,0.47321056634703773,0.5718905431170512,0.6126926662163884
USDZAR,1,2025-10-09,KernelARH,66,5,0.5721032989669007,0.4651274004216476,0.532800779540853,0.6115859457003969
USDZAR,5,2025-10-15,PM,66,4,0.6626792573160284,0.4503461538461542,1.060168656619764,0.33377112217992966
USDZAR,5,2025-10-15,PA,66,4,0.8404053446235111,0.6809690007777358,1.0840292196221446,0.6915724776613121
USDZAR,5,2025-10-15,VAR1,66,4,1.8064495102564284,1.3910179868888723,1.9127782163987794,1.7551876865791878
USDZAR,5,2025-10-15,ARHinc,66,4,0.8646383049445668,0.699846459674214,1.1296701520451113,0.6988732262835036
USDZAR,5,2025-10-15,KernelARH,66,4,0.8440202030413234,0.6815029268735017,1.0943076550010828,0.6927418399044469
USDZAR,10,2025-10-22,PM,66,3,1.011100813850543,0.7305769230769232,1.5556418102336755,0.5705143267000015
USDZAR,10,2025-10-22,PA,66,3,1.1984566474219454,0.9318965448623754,1.6524496592379403,0.8686269352161898
USDZAR,10,2025-10-22,VAR1,66,3,1.8895274552598986,1.529301918785529,2.63600767039278,1.2890951470097152
USDZAR,10,2025-10-22,ARHinc,66,3,1.2034407033681753,0.9355445442887886,1.6619570649765945,0.8699752528435417
USDZAR,10,2025-10-22,KernelARH,66,3,1.100168611359198,0.8465838477174313,1.4978017596083806,0.8227393892927445
USDZAR,1,2025-10-10,PM,66,5,0.7403546447480424,0.47630769230769204,1.2404844959591717,0.3457928133113355
USDZAR,1,2025-10-10,PA,66,5,0.7974592797587102,0.6443665812561883,1.0619623671426126,0.6736783149006293
USDZAR,1,2025-10-10,VAR1,66,5,2.4273589247335785,1.9798898347901135,2.480971979164475,2.3402490181183295
USDZAR,1,2025-10-10,ARHinc,66,5,0.719854967284209,0.5856278096462211,0.9007048569909604,0.652140807060762
USDZAR,1,2025-10-10,KernelARH,66,5,0.8512720981438625,0.6698091615637976,0.7789643853548537,0.8581228817417058
USDZAR,5,2025-10-16,PM,66,4,0.6490144895857933,0.43169230769230793,1.016241924198054,0.3496279997883739
USDZAR,5,2025-10-16,PA,66,4,0.7533514581063211,0.5896723700263043,0.8961365175678712,0.6818996789680517
USDZAR,5,2025-10-16,VAR1,66,4,6.425289663078434,5.304382779527755,6.452417641460052,6.413778631626836
USDZAR,5,2025-10-16,ARHinc,66,4,0.7495006956905031,0.5861219494844866,0.8819307981097939,0.6829046380234164
USDZAR,5,2025-10-16,KernelARH,66,4,1.0782015630430606,0.9114534485220943,1.0830578126120833,1.0496080481903933
USDZAR,10,2025-10-23,PM,66,3,0.7295505399796615,0.5067692307692307,1.1100728894923872,0.4426424750217409
USDZAR,10,2025-10-23,PA,66,3,1.0197730699193102,0.7329071113590094,1.2812274533828296,0.8570649802117329
USDZAR,10,2025-10-23,VAR1,66,3,3.704698490300687,3.2647360442358324,4.9963783850817185,2.640041625800959
USDZAR,10,2025-10-23,ARHinc,66,3,0.955553469904147,0.6907035750893303,1.165003639088871,0.8281717408839643
USDZAR,10,2025-10-23,KernelARH,66,3,0.9973031879720449,0.8720879580708748,0.9562284215772175,0.9862700057990852
USDZAR,1,2025-10-13,PM,66,5,0.25133623663561494,0.14803846153846154,0.42570266069841245,0.14225391616438465
USDZAR,1,2025-10-13,PA,66,5,0.6020565106968182,0.4902511619785181,0.608023579570342,0.6247914275831601
USDZAR,1,2025-10-13,VAR1,66,5,38.673949200371304,32.23303790982116,44.93695264384767,34.14149409332853
USDZAR,1,2025-10-13,ARHinc,66,5,0.6525867836965659,0.5381988061117152,0.7272212297408029,0.6394042424029296
USDZAR,1,2025-10-13,KernelARH,66,5,0.8035951975638416,0.6847652508563081,0.7262217972534861,0.8181766769973599
USDZAR,5,2025-10-17,PM,66,4,0.3913481997678519,0.2918076923076924,0.5456594691688257,0.26907853914760355
USDZAR,5,2025-10-17,PA,66,4,0.6747762494123627,0.5405323156275729,0.7216595524626136,0.6616537187080008
USDZAR,5,2025-10-17,VAR1,66,4,93.9158718858155,78.25017632254361,101.01301570724685,89.79664397435171
USDZAR,5,2025-10-17,ARHinc,66,4,0.6505455884401559,0.5305277028844259,0.6816444998307842,0.6449948169298257
USDZAR,5,2025-10-17,KernelARH,66,4,1.2596663325146016,1.1058226093067673,1.2837625511010793,1.1899547189232125
USDZAR,10,2025-10-24,PM,66,3,0.5941000789817772,0.3908846153846153,0.9667246038262206,0.3213211856019235
USDZAR,10,2025-10-24,PA,66,3,0.8244379928971443,0.6661658490831119,1.001644333734894,0.7324978318510639
USDZAR,10,2025-10-24,VAR1,66,3,34.93642700721317,32.49381685246066,45.103686859901295,26.126838568760032
USDZAR,10,2025-10-24,ARHinc,66,3,0.9346049549998281,0.7414555144105278,1.2204357336827867,0.7660507185986625
USDZAR,10,2025-10-24,KernelARH,66,3,0.8424994892738853,0.7313656700921309,0.876384399799405,0.8180663636616701
USDZAR,1,2025-10-14,PM,66,5,0.470064643672303,0.34684615384615397,0.7040557371110261,0.28542384450536956
USDZAR,1,2025-10-14,PA,66,5,0.7556029417240521,0.6093514589623934,0.9159571087624319,0.671366442509235
USDZAR,1,2025-10-14,VAR1,66,5,12.068575487744942,9.890621932806622,14.115150520868486,10.768867198191586
USDZAR,1,2025-10-14,ARHinc,66,5,0.818079194171089,0.6647106041926456,1.0255072677270523,0.6984577489458401
USDZAR,1,2025-10-14,KernelARH,66,5,1.0782904127163981,0.9531752874410331,1.2444152220236784,0.9346452231613976
USDZAR,5,2025-10-20,PM,66,4,0.3271725462198808,0.2347307692307693,0.4928879793771814,0.20722561674303944
USDZAR,5,2025-10-20,PA,66,4,0.638630311149902,0.5163312519084408,0.6750070041042069,0.6389268364580895
USDZAR,5,2025-10-20,VAR1,66,4,27.91203651901766,23.05389920770818,30.461716206000048,26.64803497406933
USDZAR,5,2025-10-20,ARHinc,66,4,0.6373769313724618,0.510692829568307,0.668058022331859,0.6385470508222368
USDZAR,5,2025-10-20,KernelARH,66,4,0.7147381212075549,0.5985654051009972,0.7124756314051107,0.7119136988461788
USDZAR,10,2025-10-27,PM,66,3,0.450408468461172,0.3163846153846153,0.6734873999471602,0.2551850981936254
USDZAR,10,2025-10-27,PA,66,3,0.7186773643197146,0.5843764088884424,0.7428597206979692,0.709554171632418
USDZAR,10,2025-10-27,VAR1,66,3,10.591518226656108,9.818469474773533,13.69369797221453,7.907828225624748
USDZAR,10,2025-10-27,ARHinc,66,3,0.7149913919531466,0.5817157344421805,0.7332924731986967,0.7087995014152224
USDZAR,10,2025-10-27,KernelARH,66,3,0.7778511432771649,0.6339019485285293,0.7485868759717973,0.7825630019524564
USDZAR,1,2025-10-15,PM,66,5,0.49479983326593796,0.38211538461538463,0.7535280067273625,0.2911243866571824
USDZAR,1,2025-10-15,PA,66,5,0.668643388297944,0.5437687946920431,0.71604294617404,0.6667593565923882
USDZAR,1,2025-10-15,VAR1,66,5,28.4604785141798,22.723072371077055,36.21488398800598,23.163281880015376
USDZAR,1,2025-10-15,ARHinc,66,5,0.6095191927702068,0.4909651212145267,0.5615301303418051,0.6509307649152497
USDZAR,1,2025-10-15,KernelARH,66,5,0.9820802932836731,0.8071164408697727,1.0210297021556713,0.9475344354777012
USDZAR,5,2025-10-21,PM,66,4,0.2560254644787085,0.19665384615384607,0.37590468691101087,0.15908804569481105
USDZAR,5,2025-10-21,PA,66,4,0.5800431772910849,0.4759391336851642,0.5345761131803882,0.6200337748376412
USDZAR,5,2025-10-21,VAR1,66,4,58.81661172670727,47.55570949215591,70.16127705554608,52.075310218897265
USDZAR,5,2025-10-21,ARHinc,66,4,0.593698633976495,0.4906803923122498,0.5735566740861731,0.6228647774046483
USDZAR,5,2025-10-21,KernelARH,66,4,1.7149098879227271,1.5847153157647418,1.7590955569489783,1.6010247842764587
USDZAR,10,2025-10-28,PM,66,3,1.1151631693302864,0.8202692307692306,1.7197851441954397,0.5934807286883306
USDZAR,10,2025-10-28,PA,66,3,1.021127665571889,0.8252460290380494,1.3454172959539308,0.811991626449877
USDZAR,10,2025-10-28,VAR1,66,3,14.179762336434418,13.26267239383317,18.12177038596823,10.756154175862745
USDZAR,10,2025-10-28,ARHinc,66,3,0.8733060519721814,0.7225061782277594,1.0346221619342877,0.7785843422719776
USDZAR,10,2025-10-28,KernelARH,66,3,0.6879756847572163,0.5562155769811905,0.6604498176256467,0.7070948661852327
USDZAR,1,2025-10-16,PM,66,5,0.15876794265652183,0.10846153846153847,0.23627496154026664,0.10136024895561146
USDZAR,1,2025-10-16,PA,66,5,0.5880285241934629,0.47090191589772895,0.5743360393770355,0.6148348163823651
USDZAR,1,2025-10-16,VAR1,66,5,11.488162901064468,9.073548453063099,14.595941724451949,9.477887987018173
USDZAR,1,2025-10-16,ARHinc,66,5,0.570362352869928,0.45650569951548703,0.526370725249018,0.6104586990876308
USDZAR,1,2025-10-16,KernelARH,66,5,0.6739365585277796,0.5883398930953541,0.6712904828287678,0.6807153117184391
USDZAR,5,2025-10-22,PM,66,4,0.39824712080662833,0.31292307692307675,0.538942287485753,0.2937501276395795
USDZAR,5,2025-10-22,PA,66,4,0.716051069612569,0.5802707321003606,0.7931629381648145,0.681006311043444
USDZAR,5,2025-10-22,VAR1,66,4,22.973097857217418,18.465449747022472,27.637313876556952,20.329388076216475
USDZAR,5,2025-10-22,ARHinc,66,4,0.6726181903952169,0.5457757903183319,0.6979945382565145,0.6662941798146502
USDZAR,5,2025-10-22,KernelARH,66,4,0.6409398158117131,0.531821145461694,0.6355265121248801,0.6541780100667077
USDZAR,10,2025-10-29,PM,66,3,0.762094375086486,0.5718076923076927,1.1234347495394397,0.43026730927557055
USDZAR,10,2025-10-29,PA,66,3,0.8379490437841979,0.6876250906847338,0.969173046631087,0.7607383183620547
USDZAR,10,2025-10-29,VAR1,66,3,6.477463172235137,6.053139241986371,8.239870728794646,4.963657850949539
USDZAR,10,2025-10-29,ARHinc,66,3,0.8925015802090306,0.7303427472785352,1.0965097391148522,0.7678969040697745
USDZAR,10,2025-10-29,KernelARH,66,3,0.7193180140026549,0.5874692801392871,0.7053247667599536,0.7274398327096777
USDZAR,1,2025-10-17,PM,66,5,0.33388700011553873,0.2351153846153844,0.528134406115082,0.20426445610699284
USDZAR,1,2025-10-17,PA,66,5,0.6610273638648775,0.528617760365845,0.7583883112339175,0.6354246254598562
USDZAR,1,2025-10-17,VAR1,66,5,23.67866527092161,18.572923647790436,30.750460347885603,18.866423819441568
USDZAR,1,2025-10-17,ARHinc,66,5,0.7290315948923738,0.5810663964323646,0.9058991395401761,0.6564543126167224
USDZAR,1,2025-10-17,KernelARH,66,5,0.7775700796144039,0.6151135560264535,1.0048995654688695,0.6691478174044443
USDZAR,5,2025-10-23,PM,66,4,0.1632934769529531,0.1330384615384616,0.18900307216566153,0.14133915932162797
USDZAR,5,2025-10-23,PA,66,4,0.6068597292922139,0.47934050247767246,0.5717030306920315,0.6365939333878197
USDZAR,5,2025-10-23,VAR1,66,4,43.13500627344094,34.26983802638256,53.60475702662911,36.8313433486028
USDZAR,5,2025-10-23,ARHinc,66,4,0.6179332064642499,0.4910419292815997,0.6000003198715564,0.6411276129390371
USDZAR,5,2025-10-23,KernelARH,66,4,0.6522916910229873,0.5154206298144309,0.6722863964789284,0.6566896007827877
USDZAR,10,2025-10-30,PM,66,3,0.6196845118532247,0.503153846153846,0.8532082261849285,0.3876274995587471
USDZAR,10,2025-10-30,PA,66,3,0.8022943454306799,0.6494215969330254,0.8765364533041506,0.7439510511928321
USDZAR,10,2025-10-30,VAR1,66,3,11.575880747701591,10.851504184224373,14.830070267543936,8.822883770505968
USDZAR,10,2025-10-30,ARHinc,66,3,0.7623569134892592,0.6228942837518976,0.792030820485555,0.7330116354917804
USDZAR,10,2025-10-30,KernelARH,66,3,0.6860709122395479,0.5566787832149812,0.6496480197132015,0.7093445709050341
USDZAR,1,2025-10-20,PM,66,5,0.4998498813105328,0.36846153846153806,0.8209772924092791,0.28507431822561846
USDZAR,1,2025-10-20,PA,66,5,0.7398455081836339,0.5973442525460946,0.9136993852271423,0.6681450630732352
USDZAR,1,2025-10-20,VAR1,66,5,46.76235741031359,36.30569189047578,61.884479391862946,36.16331020761081
USDZAR,1,2025-10-20,ARHinc,66,5,0.711669228094672,0.5756321170098931,0.8606212571310897,0.6536826607521741
USDZAR,1,2025-10-20,KernelARH,66,5,0.5973902830774067,0.4725833217934781,0.6109021252368287,0.6160091966922404
USDZAR,5,2025-10-24,PM,66,4,0.6374728123916042,0.4119230769230765,1.0462999001046556,0.3118370018970222
USDZAR,5,2025-10-24,PA,66,4,0.8550393997289041,0.6876507197094941,1.1297085241496057,0.6922179132108437
USDZAR,5,2025-10-24,VAR1,66,4,89.11872380743756,70.1737423730158,112.94094917171279,74.23932915418634
USDZAR,5,2025-10-24,ARHinc,66,4,0.7813998157839412,0.6270700962888511,0.9896974833335999,0.6690749819382901
USDZAR,5,2025-10-24,KernelARH,66,4,0.6906795861382836,0.5469953572012751,0.8012552449631372,0.6462644258465935
USDZAR,10,2025-10-31,PM,66,3,0.9233499576167039,0.7618076923076924,1.3362834237036991,0.5819491791309164
USDZAR,10,2025-10-31,PA,66,3,1.008647415308027,0.8211624516651966,1.2450268798291404,0.833810981073809
USDZAR,10,2025-10-31,VAR1,66,3,23.509161899615695,22.13463387859086,29.92538404261449,18.03029147586944
USDZAR,10,2025-10-31,ARHinc,66,3,0.9650714845860988,0.7859691372956031,1.1602782134410008,0.8203186838265125
USDZAR,10,2025-10-31,KernelARH,66,3,0.7408199151885937,0.6028273760414842,0.6835896658033804,0.7654124513714021
USDZAR,1,2025-10-21,PM,66,5,0.33921565355299366,0.25246153846153824,0.5467295026542693,0.18195273435863307
USDZAR,1,2025-10-21,PA,66,5,0.6248572996468674,0.5150852962826401,0.65650723736996075,0.6270954242177045
USDZAR,1,2025-10-21,VAR1,66,5,17.834730155003015,13.738656203187958,23.336449178955505,14.166897845942517
USDZAR,1,2025-10-21,ARHinc,66,5,0.6083894909148075,0.5018815160553044,0.616933386669003,0.6221794929937213
USDZAR,1,2025-10-21,KernelARH,66,5,0.6056047531848168,0.5008829446498047,0.605048884788808,0.6225139400841092
USDZAR,5,2025-10-27,PM,66,4,0.2980577351144212,0.20511538461538456,0.44578378565643334,0.16361025754498323
USDZAR,5,2025-10-27,PA,66,4,0.6690790242041281,0.5318204941398711,0.7409140067198613,0.6450617280986086
USDZAR,5,2025-10-27,VAR1,66,4,32.68835315330721,25.52430393942959,42.15343771190188,26.622996920789607
USDZAR,5,2025-10-27,ARHinc,66,4,0.6801954292583948,0.5412758572532852,0.7719505382496279,0.646608662546753
USDZAR,5,2025-10-27,KernelARH,66,4,0.71234378654852,0.5697013834604645,0.8444537420550531,0.6519765448798218
USDZAR,10,2025-11-03,PM,66,3,0.6242647983520603,0.4990769230769231,0.8896062124688422,0.37576341061846097
USDZAR,10,2025-11-03,PA,66,3,0.7818508918579979,0.641251213030806,0.8769624837215503,0.7344256741127848
USDZAR,10,2025-11-03,VAR1,66,3,7.4066139587368385,6.967165431440915,9.366335431994495,5.723011644477872
USDZAR,10,2025-11-03,ARHinc,66,3,0.8316929185117162,0.6830931518164138,0.9926089896132857,0.7434154215070198
USDZAR,10,2025-11-03,KernelARH,66,3,0.7576628928603909,0.6213977193018309,0.7465944618501277,0.7641838808506727
USDZAR,1,2025-10-22,PM,66,5,0.1309967336645049,0.11496153846153838,0.11730745349428041,0.1320347405162097
USDZAR,1,2025-10-22,PA,66,5,0.5955236315301335,0.47642512996427744,0.5427383517148677,0.6348699959253877
USDZAR,1,2025-10-22,VAR1,66,5,46.50529166610904,35.55703553976083,61.158483269629635,36.7927015926328
USDZAR,1,2025-10-22,ARHinc,66,5,0.6093482492066213,0.4838013490028982,0.5921818805591695,0.6325444254381337
USDZAR,1,2025-10-22,KernelARH,66,5,0.6068143792024508,0.49765279505295285,0.5573230530217057,0.6468112002074834
USDZAR,5,2025-10-28,PM,66,4,0.8836655791470158,0.6250384615384614,1.3732542294269623,0.4548474010568066
USDZAR,5,2025-10-28,PA,66,4,1.1361356915555598,0.9027066990191052,1.6062908536391995,0.7978650035305779
USDZAR,5,2025-10-28,VAR1,66,4,80.1849901435047,62.19039832566664,104.95207110775029,63.67824865798025
USDZAR,5,2025-10-28,ARHinc,66,4,1.2120414193999136,0.9568778300561382,1.7322868934557383,0.8288699065249139
USDZAR,5,2025-10-28,KernelARH,66,4,0.9927232036769302,0.7847830858379662,1.3790295522907194,0.7367745357098354
USDZAR,10,2025-11-04,PM,66,3,0.4914892009143076,0.39176923076923076,0.7057153515761966,0.2954882818625712
USDZAR,10,2025-11-04,PA,66,3,0.7607639974470206,0.6333176553194576,0.8436692732940317,0.7129934470051611
USDZAR,10,2025-11-04,VAR1,66,3,17.478281510526298,16.49422614761338,22.142856520374675,13.505519031565276
USDZAR,10,2025-11-04,ARHinc,66,3,0.8119030013285534,0.6686602903266128,0.9423752959674302,0.7322999074873269
USDZAR,10,2025-11-04,KernelARH,66,3,0.7083448874077735,0.5881977538188395,0.7187264995820222,0.7036996153932273
USDZAR,1,2025-10-23,PM,66,5,0.21126541819019232,0.14849999999999966,0.29463413383540327,0.11912141019600091
USDZAR,1,2025-10-23,PA,66,5,0.6961142689927993,0.5567878546548706,0.7672402702618468,0.6531431590935025
USDZAR,1,2025-10-23,VAR1,66,5,51.073270547025,39.2941581436537,66.69728191588923,40.647181541674406
USDZAR,1,2025-10-23,ARHinc,66,5,0.7289581595109117,0.5870291126290972,0.8331723837238144,0.6626672654476814
USDZAR,1,2025-10-23,KernelARH,66,5,0.8328347720406629,0.6624802636078836,1.0488566111844435,0.6935549234455483
USDZAR,5,2025-10-29,PM,66,4,1.0744028976778037,0.8640769230769233,1.5911845269392837,0.6320782435219218
USDZAR,5,2025-10-29,PA,66,4,1.3805580824609454,1.0899260206213384,1.9504945456862217,0.9362164070424778
USDZAR,5,2025-10-29,VAR1,66,4,86.5799032615569,67.73029196419427,112.35145140068549,68.92629835618895
USDZAR,5,2025-10-29,ARHinc,66,4,1.4313116005701136,1.1246224051285976,2.0337765530576752,0.9577785435648037
USDZAR,5,2025-10-29,KernelARH,66,4,1.4343303894095263,1.1119414803106649,2.0772048580938636,0.9312304032116512
USDZAR,10,2025-11-05,PM,66,3,0.6926889148039743,0.6178846153846153,0.949133614968797,0.48518204249249347
USDZAR,10,2025-11-05,PA,66,3,0.9372405045587954,0.7578088483914751,1.1390897725517923,0.8061521476674536
USDZAR,10,2025-11-05,VAR1,66,3,16.71305345672972,15.782123041417425,21.134038178525525,12.942780507125864
USDZAR,10,2025-11-05,ARHinc,66,3,0.9981552259923994,0.8054117405331878,1.2449508175725257,0.8331007454835134
USDZAR,10,2025-11-05,KernelARH,66,3,1.2184898490907488,1.053033988486227,1.254886707023528,1.1591140018945838
USDZAR,1,2025-10-24,PM,66,5,0.3718870149965941,0.25846153846153846,0.6171339413289152,0.18439339432641652
USDZAR,1,2025-10-24,PA,66,5,0.8149631422201202,0.655450888987022,1.0522662859042031,0.6793247777137806
USDZAR,1,2025-10-24,VAR1,66,5,43.08801908466677,33.4343841027531,54.93739553606917,35.81969876769072
USDZAR,1,2025-10-24,ARHinc,66,5,0.8132644688169293,0.6551802176990522,1.0483728596129496,0.6793805927427833
USDZAR,1,2025-10-24,KernelARH,66,5,0.8045459831343913,0.6479770317608062,1.0315813329182129,0.6765948154591864
USDZAR,5,2025-10-30,PM,66,4,0.6543200375492575,0.5676538461538464,0.9059895294857586,0.4348485178529846
USDZAR,5,2025-10-30,PA,66,4,1.043614366311102,0.8499123027210578,1.3450704967767226,0.8053501144060975
USDZAR,5,2025-10-30,VAR1,66,4,63.997259853685236,52.33455831726115,80.2265618276021,53.14730071883331
USDZAR,5,2025-10-30,ARHinc,66,4,1.0353153865361389,0.8439049896085907,1.328438344117848,0.8036278466144219
USDZAR,5,2025-10-30,KernelARH,66,4,1.0375013168233904,0.8458853241867713,1.322175832014866,0.8106461230158758
USDZAR,10,2025-11-06,PM,66,3,0.5905038591680059,0.544538461538462,0.7928982354231926,0.4440774176320422
USDZAR,10,2025-11-06,PA,66,3,0.9261916306361881,0.7503064853374695,1.1304918306408351,0.790404946878747
USDZAR,10,2025-11-06,VAR1,66,3,21.846956575409763,20.67264427559739,27.5298212616709,17.009499598922414
USDZAR,10,2025-11-06,ARHinc,66,3,0.9048836100702209,0.7323351789362492,1.0917407212125179,0.7820612930895249
USDZAR,10,2025-11-06,KernelARH,66,3,1.208475763302378,1.0353594362361156,1.2756998819205405,1.1289585422851278
USDZAR,1,2025-10-27,PM,66,5,0.13430376018563292,0.07803846153846139,0.2074439833845551,0.07034892899947841
USDZAR,1,2025-10-27,PA,66,5,0.6608877574241826,0.5297255324203518,0.7284546749066425,0.6394533744508675
USDZAR,1,2025-10-27,VAR1,66,5,16.087787910933038,12.713137175663649,19.145715912652097,15.085418682794044
USDZAR,1,2025-10-27,ARHinc,66,5,0.6501291629861716,0.5211660009268362,0.7050389791201924,0.6367277822780546
USDZAR,1,2025-10-27,KernelARH,66,5,0.6759257658754577,0.5434196294705378,0.7667556493953145,0.6420289596809471
USDZAR,5,2025-10-31,PM,66,4,0.37865780167485086,0.35080769230769215,0.3980228618180811,0.32870329323725744
USDZAR,5,2025-10-31,PA,66,4,0.7969820236140513,0.6457509919510538,0.876068340631739,0.7274576573813923
USDZAR,5,2025-10-31,VAR1,66,4,21.490786931219713,17.756436416439357,26.271326253949233,18.3557451645459
USDZAR,5,2025-10-31,ARHinc,66,4,0.7808718791329226,0.6310660426602815,0.8476719720392119,0.721034475113169
USDZAR,5,2025-10-31,KernelARH,66,4,0.9032022223740371,0.7404144543450866,1.06735494431557,0.7733605096272815
USDZAR,10,2025-11-07,PM,66,3,0.3540282610405341,0.3434230769230769,0.34841398809283075,0.33987144732334845
USDZAR,10,2025-11-07,PA,66,3,0.7430532539755553,0.617334171157752,0.7850161610906563,0.7204402821304381
USDZAR,10,2025-11-07,VAR1,66,3,10.217842524877378,9.615783488368942,12.976269886404731,7.88036909986227
USDZAR,10,2025-11-07,ARHinc,66,3,0.7265418005307283,0.6048947734899536,0.7565012327743718,0.7118680737608192
USDZAR,10,2025-11-07,KernelARH,66,3,0.9292869884399286,0.75805012869774,1.0592149350763997,0.8412811713630975
USDZAR,1,2025-10-28,PM,66,5,0.31093198922445553,0.2616153846153846,0.45367680549312667,0.19599346242834292
USDZAR,1,2025-10-28,PA,66,5,0.8043256825397476,0.6475288310512667,1.008981254460176,0.6870329330315582
USDZAR,1,2025-10-28,VAR1,66,5,13.921596362440471,11.288165568358323,15.786479749614365,13.810764990883337
USDZAR,1,2025-10-28,ARHinc,66,5,0.9163512247122904,0.7386221226160873,1.220595410297691,0.723817124343172
USDZAR,1,2025-10-28,KernelARH,66,5,0.8408335356434503,0.6683967579053602,1.1027242637197554,0.6896282704107404
USDZAR,5,2025-11-03,PM,66,4,0.41273716958113454,0.38811538461538464,0.5142120735698165,0.3325962351316547
USDZAR,5,2025-11-03,PA,66,4,0.852075607878851,0.6926134174479129,1.0460598877384977,0.7328919970299486
USDZAR,5,2025-11-03,VAR1,66,4,20.829115746219816,16.96120364870114,25.30887909216948,17.832529973718014
USDZAR,5,2025-11-03,ARHinc,66,4,0.9357393125029058,0.7613365975212761,1.1985800517975476,0.7651944692457298
USDZAR,5,2025-11-03,KernelARH,66,4,0.964510855161536,0.7818410337260348,1.2569831211705196,0.7727609515754651
USDZAR,10,2025-11-10,PM,66,3,0.4274928586897904,0.3911923076923076,0.5385130853750694,0.3581167790288348
USDZAR,10,2025-11-10,PA,66,3,0.8226689254403768,0.6809550823643272,0.9907829893645728,0.7389685483482403
USDZAR,10,2025-11-10,VAR1,66,3,11.03052979060639,10.393684380855536,13.92213161339297,8.545326442260372
USDZAR,10,2025-11-10,ARHinc,66,3,0.9000931688160686,0.7364124260335403,1.1390182416568897,0.767796805304521
USDZAR,10,2025-11-10,KernelARH,66,3,1.031289377142503,0.8449729196551635,1.2957437113775516,0.8698418395440782
USDZAR,1,2025-10-29,PM,66,5,0.14479577793462178,0.12784615384615383,0.16543137796845145,0.11409335124809689
USDZAR,1,2025-10-29,PA,66,5,0.6867844157275151,0.546308041005374,0.7633363453538481,0.6533746580805808
USDZAR,1,2025-10-29,VAR1,66,5,6.547251711498239,5.5008069550697805,6.899790778158967,6.94427471296263
USDZAR,1,2025-10-29,ARHinc,66,5,0.6542533241716557,0.5216481159533354,0.6931607346851832,0.6444278734167432
USDZAR,1,2025-10-29,KernelARH,66,5,0.6754208726564527,0.5357202349357159,0.7584022181446566,0.6465574821187986
USDZAR,5,2025-11-04,PM,66,4,0.4265614416019556,0.25911538461538475,0.6948792732541987,0.2008396455888212
USDZAR,5,2025-11-04,PA,66,4,0.625907494255376,0.5088649424332327,0.6247668961282462,0.6396023278376618
USDZAR,5,2025-11-04,VAR1,66,4,11.625328285665898,9.252545935647957,14.190052082030004,9.923271505492128
USDZAR,5,2025-11-04,ARHinc,66,4,0.643496512899276,0.5215912959149387,0.6649446425981259,0.64539469745148
USDZAR,5,2025-11-04,KernelARH,66,4,0.6164567322817097,0.5089008363811693,0.5901867083683576,0.638653555617889
USDZAR,10,2025-11-11,PM,66,3,0.25640722193717264,0.23438461538461544,0.2485369648221481,0.2592037293975132
USDZAR,10,2025-11-11,PA,66,3,0.6680433062176573,0.5485237170490307,0.6728519670529235,0.6829898457085246
USDZAR,10,2025-11-11,VAR1,66,3,7.230186645176446,6.748118324317856,9.225678919725189,5.515283998627866
USDZAR,10,2025-11-11,ARHinc,66,3,0.6553941198783673,0.5361534743965516,0.6453300717856971,0.6767475703082472
USDZAR,10,2025-11-11,KernelARH,66,3,0.9912246353917912,0.8106279854209412,1.1966569080628777,0.8742646393926062
USDZAR,1,2025-10-30,PM,66,5,0.2774063424764364,0.149076923076923,0.47387760670725,0.12198887217897382
USDZAR,1,2025-10-30,PA,66,5,0.5977477495966498,0.47954303235268997,0.5670766480399413,0.6302308363928858
USDZAR,1,2025-10-30,VAR1,66,5,10.507887266802518,8.10171455936845,14.12721573172274,8.239062023810867
USDZAR,1,2025-10-30,ARHinc,66,5,0.6087856317187866,0.4872968265888843,0.5989709723451392,0.6344540831587662
USDZAR,1,2025-10-30,KernelARH,66,5,0.6073998893778629,0.4874034111127234,0.5845905373891772,0.6384590822152831
USDZAR,5,2025-11-05,PM,66,4,0.42230878695388463,0.2595384615384615,0.6668444757804001,0.20575492233128878
USDZAR,5,2025-11-05,PA,66,4,0.6077420270433841,0.4929248714901732,0.5914105497278758,0.6275356978937692
USDZAR,5,2025-11-05,VAR1,66,4,18.547646347428575,14.592147552124546,22.880269777096963,15.624525891865726
USDZAR,5,2025-11-05,ARHinc,66,4,0.630483464172035,0.5153255385319281,0.6414110819596262,0.6351556529077468
USDZAR,5,2025-11-05,KernelARH,66,4,0.6155592029869169,0.5042733096995327,0.5944210639739257,0.6371351520736397
USDZAR,10,2025-11-12,PM,66,3,0.3094290648175218,0.2663461538461538,0.4233871937489806,0.2498654153637885
USDZAR,10,2025-11-12,PA,66,3,0.608955120494894,0.4928644931088592,0.536272568203652,0.6576411547137275
USDZAR,10,2025-11-12,VAR1,66,3,14.339505269525814,13.376146127895813,18.45461303902113,10.857693054073902
USDZAR,10,2025-11-12,ARHinc,66,3,0.6053352756029375,0.4933237176325534,0.5396631908208028,0.6523535895615007
USDZAR,10,2025-11-12,KernelARH,66,3,0.9336392067703059,0.7622419841547149,0.992445170313392,0.8805898999973927
USDZAR,1,2025-10-31,PM,66,5,0.061368605729890606,0.055461538461538305,0.05564076516824155,0.06402638376708224
USDZAR,1,2025-10-31,PA,66,5,0.6131319709259327,0.49862939727429556,0.5829404631922347,0.6359405434253187
USDZAR,1,2025-10-31,VAR1,66,5,18.664538927475004,14.168060122548676,25.204619067085048,13.988945139655929
USDZAR,1,2025-10-31,ARHinc,66,5,0.5994383424797842,0.48729616320921487,0.5591070913545739,0.6312243319438678
USDZAR,1,2025-10-31,KernelARH,66,5,0.7194305561448793,0.5731324973054767,0.7234994387744852,0.7062828659510108
USDZAR,5,2025-11-06,PM,66,4,0.156731949028122,0.11407692307692308,0.21466451098240244,0.10289663454580943
USDZAR,5,2025-11-06,PA,66,4,0.5950604200997267,0.4796169472351979,0.56601097485781,0.6240264445897714
USDZAR,5,2025-11-06,VAR1,66,4,34.48378447075989,27.1001339021426,42.77936489401478,28.83178597351107
USDZAR,5,2025-11-06,ARHinc,66,4,0.5836612720499843,0.4691725077581806,0.538302322790165,0.6207909072444733
USDZAR,5,2025-11-06,KernelARH,66,4,0.6917971903414082,0.5531480027386673,0.7121567619371972,0.6835021946510977
USDZAR,10,2025-11-13,PM,66,3,0.32972723284090916,0.2915,0.35263278515309726,0.3230960780503096
USDZAR,10,2025-11-13,PA,66,3,0.652826561156661,0.528477260407771,0.606186554130529,0.6963657689491015
USDZAR,10,2025-11-13,VAR1,66,3,28.918645602997017,26.924404321929792,37.31080547072237,21.794996705590485
USDZAR,10,2025-11-13,ARHinc,66,3,0.6276342762317821,0.5045615708802387,0.5692214648429758,0.6813423302813358
USDZAR,10,2025-11-13,KernelARH,66,3,1.0068916051437067,0.8227756001170905,0.972056372178473,0.995484388793143
USDZAR,1,2025-11-03,PM,66,5,0.21290922135610177,0.10942307692307712,0.3754778719263562,0.09123027261873196
USDZAR,1,2025-11-03,PA,66,5,0.6401105113368013,0.516367656867044,0.6858433340392281,0.6370709087661364
USDZAR,1,2025-11-03,VAR1,66,5,16.865260741535167,13.106420984093432,21.53213054834686,13.601963557537445
USDZAR,1,2025-11-03,ARHinc,66,5,0.6302239972033037,0.5079437853880389,0.6617181198543869,0.6347354130226243
USDZAR,1,2025-11-03,KernelARH,66,5,0.6267117598491623,0.5034010345908752,0.6515750527552083,0.6352566156339494
USDZAR,5,2025-11-07,PM,66,4,0.1183807010648923,0.08780769230769225,0.15955170190529402,0.08389561192726837
USDZAR,5,2025-11-07,PA,66,4,0.5959465466060351,0.4792504481451818,0.5731123870122101,0.6264218665133473
USDZAR,5,2025-11-07,VAR1,66,4,37.359704575496785,29.415012194694828,46.51822597791382,31.094113689018602
USDZAR,5,2025-11-07,ARHinc,66,4,0.5889857156574492,0.4736558056601028,0.55411312651507,0.6248071925630253
USDZAR,5,2025-11-07,KernelARH,66,4,0.6638970521694282,0.5311140620035206,0.704968117119818,0.6575091079265261
USDZAR,10,2025-11-14,PM,66,3,0.31102544417310446,0.24003846153846162,0.4661044984179638,0.2281781461775318
USDZAR,10,2025-11-14,PA,66,3,0.6172148710168318,0.5038490530463113,0.6028557229042917,0.659730666685803
USDZAR,10,2025-11-14,VAR1,66,3,34.98713684128435,32.50100377389566,45.307359028301256,26.229821289596707
USDZAR,10,2025-11-14,ARHinc,66,3,0.6190793068151615,0.5028541708065412,0.6205491674747914,0.6565038667975585
USDZAR,10,2025-11-14,KernelARH,66,3,0.7122192309988702,0.5519927180783328,0.6397495744494316,0.7539585123740908
USDZAR,1,2025-11-04,PM,66,5,0.46456695095871486,0.36138461538461564,0.7144480391731388,0.26285650784686965
USDZAR,1,2025-11-04,PA,66,5,0.743296059204012,0.6141341542636803,0.8646553339592498,0.6807604787945106
USDZAR,1,2025-11-04,VAR1,66,5,6.401677198574189,5.143752491167224,7.596326520231551,5.62238341011335
USDZAR,1,2025-11-04,ARHinc,66,5,0.7175456669006435,0.5951255052169068,0.8083934189800847,0.6737644940523903
USDZAR,1,2025-11-04,KernelARH,66,5,0.6653228618447353,0.5475167268805873,0.7055701011914589,0.6542041181091314
USDZAR,5,2025-11-10,PM,66,4,0.11731859974511201,0.09042307692307669,0.1308617075891678,0.1233592758443626
USDZAR,5,2025-11-10,PA,66,4,0.5940992799339905,0.47732772381119726,0.54503998043705,0.6447458842168954
USDZAR,5,2025-11-10,VAR1,66,4,17.142661361852856,13.385936177375793,21.202438424748802,14.390971782991036
USDZAR,5,2025-11-10,ARHinc,66,4,0.5994722915477961,0.48131898070870566,0.5650173620933152,0.6456333863627484
USDZAR,5,2025-11-10,KernelARH,66,4,0.7140075436320269,0.5712126285693676,0.8364338843667276,0.681965256472642
USDZAR,10,2025-11-17,PM,66,3,0.4384647604470012,0.2895384615384615,0.7219305388921462,0.2426248543541864
USDZAR,10,2025-11-17,PA,66,3,0.7071508855764231,0.5828838521820062,0.8197533550841357,0.6769941721011513
USDZAR,10,2025-11-17,VAR1,66,3,15.401481722249718,14.203810194695789,20.143997272883468,11.403500274511371
USDZAR,10,2025-11-17,ARHinc,66,3,0.682594233720062,0.5653137404632386,0.7607507988086603,0.6730197701962425
USDZAR,10,2025-11-17,KernelARH,66,3,0.7066937533692335,0.5566620045106103,0.6213602352426951,0.759385928324877
USDZAR,1,2025-11-05,PM,66,5,0.13721263678068324,0.11653846153846155,0.1853219165263553,0.1058045263717353
USDZAR,1,2025-11-05,PA,66,5,0.6105451168617253,0.49835603337919543,0.5949627017424316,0.631520854535172
USDZAR,1,2025-11-05,VAR1,66,5,10.323206695822677,8.498962208740506,11.816664293122258,9.397045350321747
USDZAR,1,2025-11-05,ARHinc,66,5,0.5989260946472498,0.49305089403659297,0.5605917451061739,0.6304217145877501
USDZAR,1,2025-11-05,KernelARH,66,5,0.7151791595857832,0.5743681635896523,0.7705633825867251,0.6887689547084705
USDZAR,5,2025-11-11,PM,66,4,0.4589618301541661,0.3870769230769232,0.6759585765615193,0.32320915968748476
USDZAR,5,2025-11-11,PA,66,4,0.7571632455373573,0.6059462682285754,0.8827575371920845,0.7171332717691882
USDZAR,5,2025-11-11,VAR1,66,4,30.957499769716666,24.2976167939476,38.80506609478078,25.529083579576334
USDZAR,5,2025-11-11,ARHinc,66,4,0.7514696983215712,0.5983658978984198,0.8484986053733398,0.724768440690229
USDZAR,5,2025-11-11,KernelARH,66,4,0.7790857774220958,0.6219865669852088,0.9039873343304866,0.7344925213952944
USDZAR,10,2025-11-18,PM,66,3,0.2751366793208282,0.23607692307692293,0.3492447094637593,0.2521354684348709
USDZAR,10,2025-11-18,PA,66,3,0.6470131033614234,0.541314608213643,0.6231082822612894,0.6871106642401023
USDZAR,10,2025-11-18,VAR1,66,3,28.608152669034737,26.467026409256366,37.19263412870463,21.36530664358658
USDZAR,10,2025-11-18,ARHinc,66,3,0.6626556043568168,0.5515969156028194,0.6518699346649,0.6971484851387859
USDZAR,10,2025-11-18,KernelARH,66,3,0.7372286322292583,0.5862964666951609,0.6544648326332873,0.7904622799843775
USDZAR,1,2025-11-06,PM,66,5,0.10262398692463529,0.07592307692307707,0.12598972117738771,0.07178745687642431
USDZAR,1,2025-11-06,PA,66,5,0.5840936397248881,0.47508139445554687,0.5380043785540178,0.6214411276897253
USDZAR,1,2025-11-06,VAR1,66,5,9.5831247208977,7.9354429982861125,11.869944994224248,8.16116191538584
USDZAR,1,2025-11-06,ARHinc,66,5,0.5869737589695134,0.476738859080047,0.5464965953876114,0.6216693251607147
USDZAR,1,2025-11-06,KernelARH,66,5,0.5790349642039551,0.46319295630243185,0.5303727580267955,0.618612448890788
USDZAR,5,2025-11-12,PM,66,4,0.31499130024616423,0.27942307692307683,0.36081203840466,0.27321790350672037
USDZAR,5,2025-11-12,PA,66,4,0.6567565117783061,0.529543174135973,0.6217141433237301,0.6892652765367474
USDZAR,5,2025-11-12,VAR1,66,4,27.50218453227651,21.593028635620474,34.434638341035374,22.77653625205396
USDZAR,5,2025-11-12,ARHinc,66,4,0.6559806857495658,0.5306370557486513,0.629884147024041,0.6853680060114461
USDZAR,5,2025-11-12,KernelARH,66,4,0.6987711954617278,0.5628240704983842,0.6933489954124399,0.712144801674236
USDZAR,10,2025-11-19,PM,66,3,0.29188907271295844,0.21584615384615377,0.4595722071791941,0.19971058893559043
USDZAR,10,2025-11-19,PA,66,3,0.6559173595106836,0.548081463155015,0.6937650569674263,0.6687453792644411
USDZAR,10,2025-11-19,VAR1,66,3,27.601806425802778,25.473894727860657,35.97734581518257,20.56534932923395
USDZAR,10,2025-11-19,ARHinc,66,3,0.6483409027404831,0.5413272151033423,0.673644740787124,0.667060791665405
USDZAR,10,2025-11-19,KernelARH,66,3,0.663051572566664,0.5438541012662846,0.6279787580523174,0.7034031162063501
USDZAR,1,2025-11-07,PM,66,5,0.09960064488515342,0.07649999999999987,0.1362084444200833,0.08625387702517694
USDZAR,1,2025-11-07,PA,66,5,0.5851096935913199,0.47273520574772737,0.5408745693029465,0.6256972780305429
USDZAR,1,2025-11-07,VAR1,66,5,13.346248776355242,10.964965671592221,16.994805856327726,11.683267562344968
USDZAR,1,2025-11-07,ARHinc,66,5,0.5806008445990408,0.4650933675329394,0.5319047957003484,0.6232399698880094
USDZAR,1,2025-11-07,KernelARH,66,5,0.600057043710973,0.48979787703063926,0.567367657732533,0.633791830679811
USDZAR,5,2025-11-13,PM,66,4,0.3477118197809567,0.2909999999999998,0.42715102151698847,0.3059156756988033
USDZAR,5,2025-11-13,PA,66,4,0.6664846406628029,0.5353758993201226,0.6468389982829186,0.7033606157861372
USDZAR,5,2025-11-13,VAR1,66,4,27.399572801992964,21.582281253805814,34.34317261150584,22.63697950966651
USDZAR,5,2025-11-13,ARHinc,66,4,0.6560351983098645,0.5180877971074725,0.651118646380416,0.6910379845047807
USDZAR,5,2025-11-13,KernelARH,66,4,0.7129151123321006,0.5729091348428537,0.6810823811201727,0.7428557030779616
USDZAR,10,2025-11-20,PM,66,3,0.19133601635302788,0.15542307692307697,0.2407019420076906,0.17327720544246283
USDZAR,10,2025-11-20,PA,66,3,0.6095457037141352,0.49843833492920264,0.5539491925110709,0.6618779334551277
USDZAR,10,2025-11-20,VAR1,66,3,28.941778236636036,26.671692373065426,37.684333644408795,21.553390643494485
USDZAR,10,2025-11-20,ARHinc,66,3,0.6026710482679835,0.4899887933195686,0.5384559950262738,0.6567745826883201
USDZAR,10,2025-11-20,KernelARH,66,3,0.69279185638488,0.5571428949688326,0.6833068207617256,0.718377735999262
USDZAR,1,2025-11-10,PM,66,5,0.22170016134063036,0.13849999999999985,0.37553016172944353,0.11582836910962303
USDZAR,1,2025-11-10,PA,66,5,0.6242276201104189,0.5029593843727752,0.6425795939358878,0.6484086841010395
USDZAR,1,2025-11-10,VAR1,66,5,15.003564531470738,11.56135967733826,13.760879365211112,18.639241761304177
USDZAR,1,2025-11-10,ARHinc,66,5,0.6378320499041894,0.5188319468126713,0.6733785681818504,0.6535434106614534
USDZAR,1,2025-11-10,KernelARH,66,5,0.6319032584110011,0.5144216243242529,0.6518821374258851,0.6533109534093139
USDZAR,5,2025-11-14,PM,66,4,0.3149767238042543,0.2106538461538461,0.5244539039118415,0.18815778161424132
USDZAR,5,2025-11-14,PA,66,4,0.6535370332631477,0.5334664637632858,0.7188970073526922,0.6645823067247801
USDZAR,5,2025-11-14,VAR1,66,4,22.946843500626937,18.068941237367103,28.761588405206393,18.966025164383687
USDZAR,5,2025-11-14,ARHinc,66,4,0.6536972678834563,0.5328393609234495,0.7020140780158886,0.672159029044272
USDZAR,5,2025-11-14,KernelARH,66,4,0.6842118539541616,0.539069651195446,0.6321600561701621,0.7294659685916841
USDZAR,10,2025-11-21,PM,66,3,0.48771790002008336,0.30176923076923073,0.8011739622213229,0.22795069394594594
USDZAR,10,2025-11-21,PA,66,3,0.7844552011417585,0.6408676688004453,0.979145321154727,0.6961625496545676
USDZAR,10,2025-11-21,VAR1,66,3,25.459571394830704,23.310583480126926,33.51546838723006,18.70106057810496
USDZAR,10,2025-11-21,ARHinc,66,3,0.7921357864190328,0.6467441587058257,0.9945402794013454,0.698148754820585
USDZAR,10,2025-11-21,KernelARH,66,3,0.6919720197177105,0.5721687813211448,0.7552163133538933,0.6890048716694054
USDZAR,1,2025-11-11,PM,66,5,0.07864018594938516,0.06996153846153869,0.09211814543114454,0.06675582682334337
USDZAR,1,2025-11-11,PA,66,5,0.6277638187024533,0.517439858896036,0.5913013778081485,0.6614692770997266
USDZAR,1,2025-11-11,VAR1,66,5,4.16737175529782,3.0984229823418157,2.954209940777484,5.576356578063783
USDZAR,1,2025-11-11,ARHinc,66,5,0.621265529257688,0.5094271751329476,0.5792010986839033,0.6731450816216311
USDZAR,1,2025-11-11,KernelARH,66,5,0.7680143919963487,0.6101286816859327,0.6716239493862918,0.83257864817081
USDZAR,5,2025-11-17,PM,66,4,0.42869199540354946,0.253076923076923,0.7468422092345154,0.19762691436458996
USDZAR,5,2025-11-17,PA,66,4,0.7501821064018308,0.6130825811786011,0.9199310694967037,0.6863623589439972
USDZAR,5,2025-11-17,VAR1,66,4,10.019405574630172,7.701121381060498,12.586993592447277,8.276207273404989
USDZAR,5,2025-11-17,ARHinc,66,4,0.6816582743838405,0.5668930300478984,0.7526811556348784,0.6785771447139255
USDZAR,5,2025-11-17,KernelARH,66,4,0.6392346227123975,0.5251095275572094,0.6248535160522569,0.6776764171196769
USDZAR,10,2025-11-24,PM,66,3,0.531014902731625,0.3496923076923074,0.8414405158327615,0.2661616286255824
USDZAR,10,2025-11-24,PA,66,3,0.8518548986061719,0.6908938712311415,1.057413941923775,0.7229835707815068
USDZAR,10,2025-11-24,VAR1,66,3,12.473006771191216,11.327116187028471,16.533050329027795,9.033246744845279
USDZAR,10,2025-11-24,ARHinc,66,3,0.7620369891854707,0.6217034394190506,0.8793579952410061,0.6986765380315731
USDZAR,10,2025-11-24,KernelARH,66,3,0.6600774147494222,0.5455044238895577,0.6467179196956299,0.6820414901287649
USDZAR,1,2025-11-12,PM,66,5,0.17799389574667143,0.10407692307692301,0.3051996971638129,0.09015450811986929
USDZAR,1,2025-11-12,PA,66,5,0.6277093927456462,0.5245376722342733,0.6291908658797745,0.6531665027638974
USDZAR,1,2025-11-12,VAR1,66,5,4.9804065890316975,3.925230316263624,5.961610364344597,4.978593402888342
USDZAR,1,2025-11-12,ARHinc,66,5,0.6450361552408225,0.5355404413446055,0.6765756450945618,0.6546021539208122
USDZAR,1,2025-11-12,KernelARH,66,5,0.9074986657072212,0.7716350608067896,1.0173460655072228,0.8359029358756843
USDZAR,5,2025-11-18,PM,66,4,0.5422283084287821,0.3076923076923073,0.937762397514825,0.23769762568676944
USDZAR,5,2025-11-18,PA,66,4,0.8794060909749998,0.7078295615457199,1.1789712265091445,0.7167158270512081
USDZAR,5,2025-11-18,VAR1,66,4,11.236286210808856,8.652399502970214,14.06461681853613,9.282404698660228
USDZAR,5,2025-11-18,ARHinc,66,4,0.9168378003703349,0.7339468618949612,1.2482117590331858,0.7273948699351738
USDZAR,5,2025-11-18,KernelARH,66,4,0.7014549419886141,0.5803043286241107,0.8031134136800171,0.6794216235247565
USDZAR,10,2025-11-25,PM,66,3,0.3619030894505408,0.24265384615384594,0.5697852749366991,0.1993680323406321
USDZAR,10,2025-11-25,PA,66,3,0.755461752395296,0.61762192540495,0.8772794135822366,0.6961162858805967
USDZAR,10,2025-11-25,VAR1,66,3,14.002562639205848,12.787569582989812,18.414964047433724,10.286557471837549
USDZAR,10,2025-11-25,ARHinc,66,3,0.7850437188554139,0.6409376812385784,0.9346941474668954,0.7051726988043843
USDZAR,10,2025-11-25,KernelARH,66,3,0.631019842628821,0.5141723865684235,0.588171087833567,0.6752181840044932
USDZAR,1,2025-11-13,PM,66,5,0.1813798606410145,0.12423076923076931,0.27911954763084273,0.1089684768104947
USDZAR,1,2025-11-13,PA,66,5,0.6052242299880056,0.4969810782925863,0.58260152647334,0.648254170529057
USDZAR,1,2025-11-13,VAR1,66,5,12.202770822953893,10.186183604110525,15.822026502682133,9.899057239343831
USDZAR,1,2025-11-13,ARHinc,66,5,0.5951170846445782,0.4822560104432404,0.5457571708161079,0.6483689093075529
USDZAR,1,2025-11-13,KernelARH,66,5,0.7393664777816462,0.6022110168207451,0.7889597290170071,0.7251273467436907
USDZAR,5,2025-11-19,PM,66,4,0.4128791963386272,0.28700000000000014,0.6693562488270639,0.20751724161361426
USDZAR,5,2025-11-19,PA,66,4,0.7579217176929341,0.6136162785545624,0.9249759688535452,0.6859761238968685
USDZAR,5,2025-11-19,VAR1,66,4,28.34947897978805,22.158559907579853,35.07924640212835,23.787903642141142
USDZAR,5,2025-11-19,ARHinc,66,4,0.7280974001557388,0.594951219585229,0.8548726095999781,0.6809340323117289
USDZAR,5,2025-11-19,KernelARH,66,4,0.7037730797658781,0.5719638479249807,0.8160208364968186,0.675196654930742
USDZAR,10,2025-11-26,PM,66,3,0.2545277489783777,0.19953846153846166,0.32634953177374326,0.1805509065956428
USDZAR,10,2025-11-26,PA,66,3,0.6280786827980914,0.5066382758243643,0.5821120718478422,0.6689832419922539
USDZAR,10,2025-11-26,VAR1,66,3,31.954463774578148,29.340757741568545,41.66733942694558,23.771200364509752
USDZAR,10,2025-11-26,ARHinc,66,3,0.6305692128589435,0.5071740388448459,0.5951416793334012,0.6694479739671205
USDZAR,10,2025-11-26,KernelARH,66,3,0.6290446415914978,0.5102037845553825,0.6092197370192464,0.6640155316842845
USDZAR,1,2025-11-14,PM,66,5,0.201989622734208,0.1369230769230769,0.32914230159697316,0.11174276609193219
USDZAR,1,2025-11-14,PA,66,5,0.6439673351846913,0.5258894091736751,0.6980889481665243,0.6484380974056316
USDZAR,1,2025-11-14,VAR1,66,5,15.00408791092417,13.606466202898797,19.49873649578973,11.24425416351558
USDZAR,1,2025-11-14,ARHinc,66,5,0.6519484937906099,0.5330059146880911,0.7234613670733725,0.649740391154551
USDZAR,1,2025-11-14,KernelARH,66,5,0.7505257954776632,0.6464315061723517,0.8415146055161357,0.716511320149447
USDZAR,5,2025-11-20,PM,66,4,0.24092988925922315,0.17973076923076917,0.3450398309573223,0.16489884895298632
USDZAR,5,2025-11-20,PA,66,4,0.63726945827931,0.510160657325622,0.596926810870093,0.6670785816625678
USDZAR,5,2025-11-20,VAR1,66,4,35.053711241468186,27.394353284164062,43.826421866584376,29.097806475024488
USDZAR,5,2025-11-20,ARHinc,66,4,0.6325053704175246,0.5080359287818647,0.5938061083681454,0.6630615925468594
USDZAR,5,2025-11-20,KernelARH,66,4,0.7065256113963538,0.6039403926558702,0.6586884506857513,0.7231479886244381
USDZAR,10,2025-11-27,PM,66,3,0.3374103157193718,0.24373076923076933,0.47155263011813664,0.2283047186360719
USDZAR,10,2025-11-27,PA,66,3,0.6259808342003064,0.5139214822921284,0.5864488733406036,0.6661653398621197
USDZAR,10,2025-11-27,VAR1,66,3,38.629544066412045,35.473244873826836,50.41211625350326,28.718550491061613
USDZAR,10,2025-11-27,ARHinc,66,3,0.6292800604131847,0.5194133970377749,0.5874830490716111,0.668437100594147
USDZAR,10,2025-11-27,KernelARH,66,3,0.6217659176995295,0.5090096720803364,0.5841068082954228,0.6651614712622875
USDZAR,1,2025-11-17,PM,66,5,0.10930527997662891,0.07269230769230768,0.15841785510171724,0.06542658612512664
USDZAR,1,2025-11-17,PA,66,5,0.6034169644707942,0.48846226020509353,0.5439839755151754,0.6509472337271606
USDZAR,1,2025-11-17,VAR1,66,5,20.27894217617046,18.778055479499887,26.029487795670427,15.041228027941596
USDZAR,1,2025-11-17,ARHinc,66,5,0.6344942603961843,0.5202494385124189,0.628305347691965,0.6572795459728161
USDZAR,1,2025-11-17,KernelARH,66,5,0.6080124815795507,0.498229800684948,0.562227784143264,0.653347965872797
USDZAR,5,2025-11-21,PM,66,4,0.36269378109660766,0.2711538461538462,0.48765810794169007,0.2429720452486762
USDZAR,5,2025-11-21,PA,66,4,0.7249065884152535,0.5910701006502709,0.7931557580886962,0.7000378087198431
USDZAR,5,2025-11-21,VAR1,66,4,43.88765279105,34.4253593037331,55.30340317769025,36.18255648167958
USDZAR,5,2025-11-21,ARHinc,66,4,0.7941817016154893,0.6455170822188161,0.9394869379109636,0.7207637340898548
USDZAR,5,2025-11-21,KernelARH,66,4,0.7036171110311562,0.5812337945987096,0.7590504670272351,0.7055337668907147
USDZAR,10,2025-11-28,PM,66,3,0.3336848467088024,0.20288461538461522,0.5601655872391377,0.17051641116162872
USDZAR,10,2025-11-28,PA,66,3,0.6569804476492747,0.5267849492113519,0.680659067800671,0.6709024280491278
USDZAR,10,2025-11-28,VAR1,66,3,46.91722680910796,43.01692859693194,61.36087687545923,34.79939583501695
USDZAR,10,2025-11-28,ARHinc,66,3,0.6267885650051981,0.5052173899029906,0.5989915980205089,0.6634712421518661
USDZAR,10,2025-11-28,KernelARH,66,3,0.6527987346429843,0.5344849405047184,0.6225196806642991,0.6905168817593714
USDZAR,1,2025-11-18,PM,66,5,0.19660471373173752,0.13269230769230753,0.30861287761942013,0.10591638192858492
USDZAR,1,2025-11-18,PA,66,5,0.6707491154241493,0.547284595327987,0.7196110002816244,0.6667296656510361
USDZAR,1,2025-11-18,VAR1,66,5,15.26492631963088,14.035167612363875,19.807851862001893,11.296274828202673
USDZAR,1,2025-11-18,ARHinc,66,5,0.6208174498382948,0.506497950401128,0.5877361486489371,0.6563464509082813
USDZAR,1,2025-11-18,KernelARH,66,5,0.6319977741511188,0.5181466588703888,0.6068983439555194,0.6622248326040858
USDZAR,5,2025-11-24,PM,66,4,0.27942420191419476,0.20792307692307682,0.3848764160589982,0.1840374527210718
USDZAR,5,2025-11-24,PA,66,4,0.6968769222482366,0.5611530322155482,0.7182593496436732,0.6869354795850263
USDZAR,5,2025-11-24,VAR1,66,4,33.41603669009109,26.216195824410047,42.64212258304586,26.923907562067313
USDZAR,5,2025-11-24,ARHinc,66,4,0.6598969554412124,0.5313190091211729,0.6456656754948548,0.6760892201827478
USDZAR,5,2025-11-24,KernelARH,66,4,0.6886544769188226,0.5750039793578936,0.7145750941044201,0.6807468927262157
USDZAR,10,2025-12-01,PM,66,3,0.3092055577169935,0.17830769230769242,0.5151790470620784,0.15005006866081205
USDZAR,10,2025-12-01,PA,66,3,0.6163587888928277,0.4902744244530575,0.6084525251402481,0.6458760075392971
USDZAR,10,2025-12-01,VAR1,66,3,38.575622668938834,35.3309251264543,50.54135989271549,28.54139170517262
USDZAR,10,2025-12-01,ARHinc,66,3,0.6822189588794038,0.5475458193306162,0.7676412998360226,0.6644636824884675
USDZAR,10,2025-12-01,KernelARH,66,3,0.6099413467907091,0.494886488042401,0.5737459584702207,0.651314403740575
USDZAR,1,2025-11-19,PM,66,5,0.07112489015808747,0.04623076923076922,0.08150904544527089,0.04923391123907618
USDZAR,1,2025-11-19,PA,66,5,0.6128649295370329,0.5048773160291464,0.5819415203850976,0.6513940943134663
USDZAR,1,2025-11-19,VAR1,66,5,15.05532413791173,14.122653936718867,18.609867885393676,11.733094518365103
USDZAR,1,2025-11-19,ARHinc,66,5,0.7239988649745749,0.5884473221689758,0.8677603189010398,0.6724875891727199
USDZAR,1,2025-11-19,KernelARH,66,5,0.663630432966656,0.5533199236660125,0.6665555824663058,0.6906785659242264
USDZAR,5,2025-11-25,PM,66,4,0.3039181633269061,0.1810769230769229,0.5014986188418956,0.15031594004472254
USDZAR,5,2025-11-25,PA,66,4,0.630453787608134,0.5083020228157723,0.6015896861011409,0.6640457466232236
USDZAR,5,2025-11-25,VAR1,66,4,34.77814876924266,27.217937964023694,44.44351363335339,28.027347226992337
USDZAR,5,2025-11-25,ARHinc,66,4,0.6493780567153167,0.5295600893057417,0.6325218057406621,0.670782650856558
USDZAR,5,2025-11-25,KernelARH,66,4,0.6345649301463158,0.5168843494151891,0.5853588797881826,0.6824960018237959
USDZAR,10,2025-12-02,PM,66,3,0.7591487831775797,0.5650769230769234,1.1977373747784654,0.42694679619041687
USDZAR,10,2025-12-02,PA,66,3,0.8596098484166557,0.6876492711021683,1.0792798280847602,0.7588864853442487
USDZAR,10,2025-12-02,VAR1,66,3,37.43674992654271,34.267416279247215,49.040716461123935,27.704002416252038
USDZAR,10,2025-12-02,ARHinc,66,3,0.7202822738640484,0.5813342782048547,0.7982008421246671,0.7108807649131621
USDZAR,10,2025-12-02,KernelARH,66,3,0.9062487768692008,0.7245140591945619,1.0484518934633136,0.8445309014851311
USDZAR,1,2025-11-20,PM,66,5,0.3678138377369307,0.19969230769230784,0.6337300851517891,0.15941753530140804
USDZAR,1,2025-11-20,PA,66,5,0.6877595079663195,0.5636141612330314,0.7740154225435526,0.6690104046343601
USDZAR,1,2025-11-20,VAR1,66,5,14.611211901361486,13.816592882515215,15.992294030442164,12.588357065926548
USDZAR,1,2025-11-20,ARHinc,66,5,0.6710337038594646,0.5498764985455364,0.7341584939849596,0.665197635104894
USDZAR,1,2025-11-20,KernelARH,66,5,0.6323682589653862,0.5108706147812094,0.614633546523974,0.6626850162620387
USDZAR,5,2025-11-26,PM,66,4,0.46037291531306024,0.24946153846153837,0.784686734291441,0.20484577399849935
USDZAR,5,2025-11-26,PA,66,4,0.7193343104709472,0.5818516306267081,0.8403874315751131,0.6809783814695002
USDZAR,5,2025-11-26,VAR1,66,4,37.769149367724296,29.548478784705814,48.387617246754175,30.31520651742483
USDZAR,5,2025-11-26,ARHinc,66,4,0.7071229364016459,0.5731150378596447,0.810969423223209,0.6784978616713
USDZAR,5,2025-11-26,KernelARH,66,4,0.6481174670558193,0.5255556952486656,0.6218025971032759,0.683572663708499
USDZAR,10,2025-12-03,PM,66,3,0.8068852446766659,0.5783461538461541,1.307930667051652,0.44340582597758277
USDZAR,10,2025-12-03,PA,66,3,0.9562375881460218,0.75226613125590025,1.295095528643174,0.7798508036395124
USDZAR,10,2025-12-03,VAR1,66,3,40.67682786492159,37.2364272885946,53.23718275522874,30.134870365534425
USDZAR,10,2025-12-03,ARHinc,66,3,0.9235066014784009,0.726595348213382,1.2365766730150554,0.7671608590910165
USDZAR,10,2025-12-03,KernelARH,66,3,0.8792068995471327,0.6964042476241641,1.0745918054300725,0.7982849761208878
USDZAR,1,2025-11-21,PM,66,5,0.5092447745285321,0.33092307692307704,0.8331431918011801,0.24966114105108353
USDZAR,1,2025-11-21,PA,66,5,0.878311925385656,0.7083881806389949,1.1672744003434914,0.7208621813945553
USDZAR,1,2025-11-21,VAR1,66,5,3.0393175348886525,2.787396822086229,3.791770681308729,2.4026641333624776
USDZAR,1,2025-11-21,ARHinc,66,5,0.7761427942081776,0.6320479073612958,0.961698237215466,0.6940408474009544
USDZAR,1,2025-11-21,KernelARH,66,5,0.7712172873589751,0.625592643344245,0.918360386921439,0.7236814487748826
USDZAR,5,2025-11-27,PM,66,4,0.17780323502291903,0.12050000000000015,0.2527204371156978,0.10057796148129498
USDZAR,5,2025-11-27,PA,66,4,0.6550388238320367,0.5400752097194997,0.6613614616321942,0.6698208936540965
USDZAR,5,2025-11-27,VAR1,66,4,7.597581835432828,5.710448339938693,9.725425680735055,6.133810027356085
USDZAR,5,2025-11-27,ARHinc,66,4,0.6273508812058736,0.5149849578306636,0.5953194557400466,0.6641245280624346
USDZAR,5,2025-11-27,KernelARH,66,4,0.6416666436334113,0.522760568427227,0.6157726184237191,0.681403612592143
USDZAR,10,2025-12-04,PM,66,3,0.4049858140915365,0.3313076923076922,0.46237016879343296,0.3222329130642484
USDZAR,10,2025-12-04,PA,66,3,0.6682626858172861,0.5398382020214649,0.6082204670119299,0.7163648825410056
USDZAR,10,2025-12-04,VAR1,66,3,9.328837005992655,8.45463410385667,12.377067272520106,6.808843171333294
USDZAR,10,2025-12-04,ARHinc,66,3,0.6945811570338339,0.5529489226256167,0.6358345341222084,0.7347802881957411
USDZAR,10,2025-12-04,KernelARH,66,3,0.8169854430711875,0.6373589726968115,0.8271021830277411,0.8063537088643247
USDZAR,1,2025-11-24,PM,66,5,0.20887841513112915,0.10400000000000025,0.3689784198943573,0.08766085375102206
USDZAR,1,2025-11-24,PA,66,5,0.62196795003131,0.5083166880140624,0.5844918494022409,0.6619929948746396
USDZAR,1,2025-11-24,VAR1,66,5,14.16007571081267,12.919693693513281,14.447136919266729,12.792317475352421
USDZAR,1,2025-11-24,ARHinc,66,5,0.6411364684976872,0.5289753520641286,0.6137324185738282,0.6668950992872917
USDZAR,1,2025-11-24,KernelARH,66,5,0.6273780840073098,0.520643896811261,0.5683401404702314,0.6766663394733856
USDZAR,5,2025-11-28,PM,66,4,0.5024108703962403,0.3320769230769231,0.81203258854375715,0.25209655641503376
USDZAR,5,2025-11-28,PA,66,4,0.7403184175610941,0.601640640438674,0.859129972812651,0.6979504636974149
USDZAR,5,2025-11-28,VAR1,66,4,36.80432965231938,28.770539058229634,46.763692657442725,30.038464834074258
USDZAR,5,2025-11-28,ARHinc,66,4,0.6543105159698506,0.5290398575422456,0.6689741342070205,0.6718555802317616
USDZAR,5,2025-11-28,KernelARH,66,4,0.6538470444342501,0.5314035926130828,0.6394688185171845,0.6853523216744613
USDZAR,10,2025-12-05,PM,66,3,0.8715002813451156,0.7338076923076925,1.2296714791098993,0.5846427080296672
USDZAR,10,2025-12-05,PA,66,3,1.0009383712943705,0.790728914425331,1.2111258675633523,0.8671762377677802
USDZAR,10,2025-12-05,VAR1,66,3,36.56820197726082,33.42790736911345,47.96695891887593,27.084681080919765
USDZAR,10,2025-12-05,ARHinc,66,3,0.8833097937993477,0.6947471096301361,0.9881515641052746,0.8245086952177091
USDZAR,10,2025-12-05,KernelARH,66,3,0.8547398779851199,0.66001781978282,0.8809680197202051,0.8409351714492597
USDZAR,1,2025-11-25,PM,66,5,0.20235310436500334,0.10207692307692326,0.2902527386812166,0.10418184250991981
USDZAR,1,2025-11-25,PA,66,5,0.6051787157091593,0.49025529572145893,0.5442814661315756,0.6575584190155781
USDZAR,1,2025-11-25,VAR1,66,5,5.358889147065919,4.627309273783674,5.063932594457621,5.361289434870012
USDZAR,1,2025-11-25,ARHinc,66,5,0.6085685697185647,0.49733464086925844,0.5541993678982101,0.6584937677868412
USDZAR,1,2025-11-25,KernelARH,66,5,0.6194450269688516,0.5076227185099711,0.5700684870541808,0.6667165247413699
USDZAR,5,2025-12-01,PM,66,4,0.3910733503891764,0.26811538461538453,0.576733780551389,0.21566123121389605
USDZAR,5,2025-12-01,PA,66,4,0.6204520963890089,0.5097955420438841,0.5934092241779259,0.6596817571372251
USDZAR,5,2025-12-01,VAR1,66,4,13.709198647990545,10.610557454770385,17.270323414556596,11.309296314247508
USDZAR,5,2025-12-01,ARHinc,66,4,0.6411325460879025,0.5244857688542335,0.6427063236949488,0.6666756254079308
USDZAR,5,2025-12-01,KernelARH,66,4,0.6502460043635426,0.5274701279909375,0.6473629827444728,0.6756578887728492
USDZAR,10,2025-12-08,PM,66,3,0.6276825891263099,0.5528846153846154,0.7747013646191483,0.48778001017023426
USDZAR,10,2025-12-08,PA,66,3,0.7381364959045172,0.5731511195359672,0.6736903110758818,0.7896992812259694
USDZAR,10,2025-12-08,VAR1,66,3,14.453061544897206,13.119556783984741,19.107898075989898,10.576914843852316
USDZAR,10,2025-12-08,ARHinc,66,3,0.7710656943681917,0.60318324508762855,0.7355615561112652,0.8056585639615494
USDZAR,10,2025-12-08,KernelARH,66,3,0.8303792770991533,0.6348972972991006,0.7979130161235704,0.8567109765765115
USDZAR,1,2025-11-26,PM,66,5,0.2233586500193389,0.13396153846153833,0.37128407590954154,0.10222636092872628
USDZAR,1,2025-11-26,PA,66,5,0.6261897929481025,0.5117658598270728,0.6103809703598169,0.6610740977899375
USDZAR,1,2025-11-26,VAR1,66,5,4.682954004418503,4.024250560117851,5.3268536542204385,4.279639376867446
USDZAR,1,2025-11-26,ARHinc,66,5,0.6130446013917827,0.5001078232172071,0.5721272680853305,0.6579758713306146
USDZAR,1,2025-11-26,KernelARH,66,5,0.6105067440141675,0.48919776946687027,0.5600631396949736,0.65795236176527
USDZAR,5,2025-12-02,PM,66,4,0.568291087045525,0.4974615384615382,0.7992915551960068,0.39568216375924653
USDZAR,5,2025-12-02,PA,66,4,0.7708467469583129,0.6104626902779381,0.8528836661550221,0.7516511609993178
USDZAR,5,2025-12-02,VAR1,66,4,9.222528009374416,7.080964677907675,11.605930577248015,7.58562039897903
USDZAR,5,2025-12-02,ARHinc,66,4,0.7356228283548892,0.5825883974403507,0.7826530452538978,0.7373721192356931
USDZAR,5,2025-12-02,KernelARH,66,4,0.8370312408345192,0.6649270619938361,0.9278290470619983,0.807906830340729
USDZAR,10,2025-12-09,PM,66,3,0.4333064402404446,0.40407692307692294,0.5181460667310943,0.38854287504975715
USDZAR,10,2025-12-09,PA,66,3,0.7292333885324371,0.580403903161698,0.764700355660534,0.7559009548800879
USDZAR,10,2025-12-09,VAR1,66,3,10.523673739705663,9.476570764932664,14.122405996079266,7.591293249551538
USDZAR,10,2025-12-09,ARHinc,66,3,0.7328288988563276,0.59018590924666,0.8061288196785582,0.7462317152607035
USDZAR,10,2025-12-09,KernelARH,66,3,0.7489954041181551,0.5876067467950025,0.7135019256022906,0.792490668143089
USDZAR,1,2025-11-27,PM,66,5,0.1362410900403568,0.08030769230769233,0.21173930064801416,0.07352607612064281
USDZAR,1,2025-11-27,PA,66,5,0.6436669362173619,0.5313971869872238,0.6452149764588186,0.6668855543099294
USDZAR,1,2025-11-27,VAR1,66,5,1.9923797265151204,1.640160306057864,2.4097004104382247,1.6824817951559086
USDZAR,1,2025-11-27,ARHinc,66,5,0.6217294639453874,0.5142114275902728,0.5819364774138297,0.6677305401067845
USDZAR,1,2025-11-27,KernelARH,66,5,0.6369041501199741,0.5195234642453792,0.6100253279201732,0.6765711669628414
USDZAR,5,2025-12-03,PM,66,4,0.4494598253630513,0.39880769230769236,0.5977126508764693,0.3489879515154093
USDZAR,5,2025-12-03,PA,66,4,0.710291721128307,0.5639198028606353,0.7293056141375426,0.731181405947405
USDZAR,5,2025-12-03,VAR1,66,4,2.634156179043854,2.2972184406347753,3.1836610764300435,2.300344448612879
USDZAR,5,2025-12-03,ARHinc,66,4,0.7901188477914802,0.6222955757364071,0.8934344448373565,0.7639806389363322
USDZAR,5,2025-12-03,KernelARH,66,4,0.870537262152156,0.6823980587491117,1.0817263798608072,0.7785822600722867
USDZAR,10,2025-12-10,PM,66,3,0.4468805876466157,0.4163461538461538,0.5419536860200425,0.40912883036499637
USDZAR,10,2025-12-10,PA,66,3,0.7457478553898864,0.5905784592373916,0.7981607602036921,0.7689363250761028
USDZAR,10,2025-12-10,VAR1,66,3,0.7805438520429142,0.6325062396008027,1.0144377113566858,0.7013139569532633
USDZAR,10,2025-12-10,ARHinc,66,3,0.7426256847658483,0.5823461561748868,0.7147503529660403,0.7878525489095122
USDZAR,10,2025-12-10,KernelARH,66,3,0.7754159782639815,0.599450163802072,0.7261285277365798,0.808934219961168
USDZAR,1,2025-11-28,PM,66,5,0.05028046340279681,0.045653846153846045,0.0569557033295034,0.04146647782621951
USDZAR,1,2025-11-28,PA,66,5,0.6347324367066346,0.5253247315257089,0.621242282787673,0.6646164356567834
USDZAR,1,2025-11-28,VAR1,66,5,1.1875869121491223,0.9669351511288782,1.1612977520133745,1.1213673062933167
USDZAR,1,2025-11-28,ARHinc,66,5,0.6298872146254055,0.5201570722293208,0.6087343719607439,0.6632209217625799
USDZAR,1,2025-11-28,KernelARH,66,5,0.6193333694502893,0.5109476237577903,0.5749255808227242,0.6641877879819722
USDZAR,5,2025-12-04,PM,66,4,0.3958173141158003,0.35619230769230764,0.4388886079730688,0.326759253563892
USDZAR,5,2025-12-04,PA,66,4,0.6824198260671889,0.5468876967386652,0.6276274598806938,0.7212422031565088
USDZAR,5,2025-12-04,VAR1,66,4,3.959216547392173,2.8568475517111978,5.0177958439308,3.2609185974560035
USDZAR,5,2025-12-04,ARHinc,66,4,0.6791349210624199,0.5449484977859502,0.6258535139303358,0.7171487360028267
USDZAR,5,2025-12-04,KernelARH,66,4,0.772071369937285,0.6099046117821418,0.7892486171759916,0.7599231554152008
USDZAR,10,2025-12-11,PM,66,3,0.442580772723596,0.4165384615384616,0.5455289246001368,0.3697889590602438
USDZAR,10,2025-12-11,PA,66,3,0.7036061139867404,0.5615826874062604,0.6949851004491963,0.742727317929079
USDZAR,10,2025-12-11,VAR1,66,3,6.023602713137438,5.394322917092141,8.073584765470276,4.379915192186468
USDZAR,10,2025-12-11,ARHinc,66,3,0.7008768389716121,0.5601861140917769,0.6900459390067727,0.7399657332011967
USDZAR,10,2025-12-11,KernelARH,66,3,0.7664560166585083,0.6011262891101135,0.7419726409497285,0.7860645655162323
USDZAR,1,2025-12-01,PM,66,5,0.060712516134522325,0.042615384615384694,0.09001062157810132,0.04114296442031893
USDZAR,1,2025-12-01,PA,66,5,0.5985700491249832,0.4845801878993929,0.5560262582853784,0.6397050770689842
USDZAR,1,2025-12-01,VAR1,66,5,2.3469593027719133,2.1198779234193124,2.7623322676249433,2.2043784963172657
USDZAR,1,2025-12-01,ARHinc,66,5,0.599706981376962,0.48456976636322907,0.5588830581627197,0.6397981243084089
USDZAR,1,2025-12-01,KernelARH,66,5,0.6014213656858034,0.48933038629191894,0.5618149843052299,0.6408884488258254
USDZAR,5,2025-12-05,PM,66,4,0.4386627406105972,0.40265384615384625,0.5008173122893698,0.3724405305547681
USDZAR,5,2025-12-05,PA,66,4,0.7121988177741589,0.5630327594085439,0.6640929573450254,0.7496731885823537
USDZAR,5,2025-12-05,VAR1,66,4,5.124163136550283,3.7904491030662295,6.479220713509311,4.214977988226996
USDZAR,5,2025-12-05,ARHinc,66,4,0.702328392104129,0.5563475861703734,0.6521761210725511,0.7419019957936375
USDZAR,5,2025-12-05,KernelARH,66,4,0.8218204303173657,0.6448013711489088,0.8464075043305926,0.8093381299380388
USDZAR,10,2025-12-12,PM,66,3,0.4751547824737667,0.4331923076923079,0.568206263386579,0.3951429141664475
USDZAR,10,2025-12-12,PA,66,3,0.7137574479381317,0.5662772095726236,0.6756568918490465,0.7549283651632229
USDZAR,10,2025-12-12,VAR1,66,3,6.39989232618836,5.7562477467328534,8.501436582083198,4.719236066242066
USDZAR,10,2025-12-12,ARHinc,66,3,0.7073512835075607,0.5636990004427022,0.6720319733468822,0.7485070759743454
USDZAR,10,2025-12-12,KernelARH,66,3,0.8463576689380526,0.6557942546404202,0.844969622907141,0.8435427803357406
USDZAR,1,2025-12-02,PM,66,5,0.35789421514012937,0.3264615384615384,0.4871353611955474,0.2654730540945859
USDZAR,1,2025-12-02,PA,66,5,0.6585065344021692,0.5241173618230864,0.64456288995746025,0.6879947584023478
USDZAR,1,2025-12-02,VAR1,66,5,0.6541877021274871,0.5255307567415408,0.6187818883975713,0.6998803469675393
USDZAR,1,2025-12-02,ARHinc,66,5,0.6743630168876016,0.5389448726923642,0.6812104488746701,0.6934349184127282
USDZAR,1,2025-12-02,KernelARH,66,5,0.7148920499978983,0.5743850282724023,0.7829185838424997,0.7034188735448971
USDZAR,5,2025-12-08,PM,66,4,0.31816896514998994,0.30480769230769245,0.30808519793661415,0.3213636630573441
USDZAR,5,2025-12-08,PA,66,4,0.676013401137754,0.5430235797826719,0.6144559836208823,0.7346222169876371
USDZAR,5,2025-12-08,VAR1,66,4,1.1519326309206637,0.8375830422614896,1.4958136036744427,0.9387221305200154
USDZAR,5,2025-12-08,ARHinc,66,4,0.6778796029067571,0.5396792353373139,0.6063821551892492,0.7387192577271269
USDZAR,5,2025-12-08,KernelARH,66,4,0.7398453507489863,0.5789412409464604,0.6910288362113323,0.7791822954482079
USDZAR,10,2025-12-15,PM,66,3,0.5576429620078811,0.4967307692307693,0.6973919490668133,0.4294107461498549
USDZAR,10,2025-12-15,PA,66,3,0.7306547102404267,0.5683373004469628,0.6820915972262286,0.7657234304491216
USDZAR,10,2025-12-15,VAR1,66,3,2.4069378989190438,2.071591523060864,3.1866443959499535,1.7980358151584066
USDZAR,10,2025-12-15,ARHinc,66,3,0.7502450621140963,0.5810306875979447,0.7178428403058279,0.7750293926398321
USDZAR,10,2025-12-15,KernelARH,66,3,0.9515123536913989,0.7566582398744153,1.061860791338428,0.8802726492686095
USDZAR,1,2025-12-03,PM,66,5,0.09375499986667378,0.0480384615384615,0.16800520541738062,0.03968730508997974
USDZAR,1,2025-12-03,PA,66,5,0.6192685031532681,0.4959742232933206,0.6290096934641732,0.6419887136565889
USDZAR,1,2025-12-03,VAR1,66,5,0.7564085030095911,0.667185652273201,0.7123819260918833,0.8203293110848213
USDZAR,1,2025-12-03,ARHinc,66,5,0.6341594197651722,0.5036098522675934,0.6403703105380896,0.6502442053894386
USDZAR,1,2025-12-03,KernelARH,66,5,0.6206189882670019,0.5006112562042537,0.622805993456935,0.6430326416836376
USDZAR,5,2025-12-09,PM,66,4,0.5400472735717751,0.2773076923076923,0.9779703523066443,0.2239737776601214
USDZAR,5,2025-12-09,PA,66,4,0.8475952821413582,0.6763170211284387,1.1807280524657506,0.6976767576574112
USDZAR,5,2025-12-09,VAR1,66,4,1.9508075147532518,1.3852977904557546,2.7176890480584737,1.4434185269604496
USDZAR,5,2025-12-09,ARHinc,66,4,0.9341525095326129,0.736704186976199,1.3418461886140927,0.7177238163615016
USDZAR,5,2025-12-09,KernelARH,66,4,0.7015121553622382,0.570519166574869,0.7889012204201753,0.7033215515055082
USDZAR,10,2025-12-16,PM,66,3,0.4654024313182335,0.32511538461538475,0.6580896032065694,0.2936999003351781
USDZAR,10,2025-12-16,PA,66,3,0.7013939776365735,0.5646556492362143,0.7085805782948703,0.7100702248451487
USDZAR,10,2025-12-16,VAR1,66,3,2.2597957104840907,1.9374558298250726,2.919254188090502,1.7480601838658267
USDZAR,10,2025-12-16,ARHinc,66,3,0.670421146473077,0.5434656956617772,0.6691501813135615,0.6871757851036058
USDZAR,10,2025-12-16,KernelARH,66,3,1.02093659286617,0.8043503877078746,1.2089516242136995,0.8962810926900547
USDZAR,1,2025-12-04,PM,66,5,0.265229218717581,0.12080769230769214,0.48423164918510553,0.10721105967026982
USDZAR,1,2025-12-04,PA,66,5,0.6405401165428529,0.5210109792784998,0.676680147783876,0.6467425497987338
USDZAR,1,2025-12-04,VAR1,66,5,1.3192047125154298,1.1367936816232258,1.4712567611978675,1.1750158429331097
USDZAR,1,2025-12-04,ARHinc,66,5,0.6348714133749243,0.516588948490092,0.6601050130057556,0.645843264324365
USDZAR,1,2025-12-04,KernelARH,66,5,0.642249169734444,0.5160183539176071,0.6777829009892232,0.6480851584885947
USDZAR,5,2025-12-10,PM,66,4,0.4943120219051928,0.2304615384615383,0.9049106187491205,0.21221893372529452
USDZAR,5,2025-12-10,PA,66,4,0.7656062013887048,0.6202306545068564,1.0010506206125696,0.6829894397925221
USDZAR,5,2025-12-10,VAR1,66,4,2.2889981287270302,2.023025972486435,2.6120542862270506,2.0893493911493772
USDZAR,5,2025-12-10,ARHinc,66,4,0.7573274174093911,0.6140773209281394,0.9822301078207295,0.6813431680493621
USDZAR,5,2025-12-10,KernelARH,66,4,0.6728282190793045,0.5434227735729923,0.6776255065372822,0.7024660909474567
USDZAR,10,2025-12-17,PM,66,3,0.5750636252423927,0.359,0.8466001816828151,0.3312907412646494
USDZAR,10,2025-12-17,PA,66,3,0.7244271490369248,0.5808935773515117,0.784150105241282,0.7060853876267633
USDZAR,10,2025-12-17,VAR1,66,3,2.216238066836961,1.9983865436913348,2.800698239098891,1.7773178911631575
USDZAR,10,2025-12-17,ARHinc,66,3,0.7325677191086957,0.587234789983031,0.8011087668849227,0.7088909970689762
USDZAR,10,2025-12-17,KernelARH,66,3,1.117028188795645,0.875457232412514,1.4273916301066012,0.9155368997418949
USDZAR,1,2025-12-05,PM,66,5,0.10568253439865592,0.08930769230769235,0.12675789023498993,0.09794352286736678
USDZAR,1,2025-12-05,PA,66,5,0.6213892900361812,0.5010726694874823,0.5849789590728419,0.6561972952849223
USDZAR,1,2025-12-05,VAR1,66,5,9.602886865768562,8.322046065300466,12.748590366859286,6.942340270104452
USDZAR,1,2025-12-05,ARHinc,66,5,0.6201790891093697,0.5072815595354425,0.593094946428439,0.651774566433564
USDZAR,1,2025-12-05,KernelARH,66,5,0.7041740710552389,0.5703322811219136,0.7080493927061952,0.712632814666416
USDZAR,5,2025-12-11,PM,66,4,0.25348503597162986,0.1643076923076925,0.4251394583758347,0.12488004755558565
USDZAR,5,2025-12-11,PA,66,4,0.6485221598411208,0.5311499984798268,0.7035882293159509,0.6554367477732629
USDZAR,5,2025-12-11,VAR1,66,4,15.219778529528709,11.939037020496233,18.781782807562795,12.881467112067579
USDZAR,5,2025-12-11,ARHinc,66,4,0.6552267804038358,0.5365381151882996,0.7242793532843868,0.6555607294690946
USDZAR,5,2025-12-11,KernelARH,66,4,0.6722609349488234,0.5463349074889483,0.661805950850239,0.6994907957992711
USDZAR,10,2025-12-18,PM,66,3,0.7449108426258397,0.47996153846153855,1.2182804131690554,0.3931288095285048
USDZAR,10,2025-12-18,PA,66,3,0.9316491992342685,0.7249723233920601,1.2473742296551886,0.776326638458835
USDZAR,10,2025-12-18,VAR1,66,3,14.184973259894095,13.165156784295997,17.857741236544715,11.176679110228838
USDZAR,10,2025-12-18,ARHinc,66,3,0.9144379154220054,0.7129983332434287,1.215783828769254,0.7692928606278294
USDZAR,10,2025-12-18,KernelARH,66,3,1.2004088782527933,0.9332409518674288,1.636854319389443,0.9544069154773572
USDZAR,1,2025-12-08,PM,66,5,0.17392471846263743,0.1020384615384617,0.24827435094285044,0.095045320499857755
USDZAR,1,2025-12-08,PA,66,5,0.6580528177586363,0.5509878652831628,0.692145399134637,0.658763502222124
USDZAR,1,2025-12-08,VAR1,66,5,6.888988286761473,5.805059312087671,9.147395190749423,5.0308170134704335
USDZAR,1,2025-12-08,ARHinc,66,5,0.6245347142173734,0.5236236388585827,0.6044840259472384,0.6521957487227709
USDZAR,1,2025-12-08,KernelARH,66,5,0.6548254398813098,0.5435973287516633,0.653877890059842,0.6660430198828118
USDZAR,5,2025-12-12,PM,66,4,0.2439582443780083,0.1537692307692308,0.3981349852988465,0.11746006888343041
USDZAR,5,2025-12-12,PA,66,4,0.658779521231161,0.5388808726521618,0.7310094296553082,0.65698784827214
USDZAR,5,2025-12-12,VAR1,66,4,12.683231421288616,9.883184727445979,15.712257917274568,10.688731823885574
USDZAR,5,2025-12-12,ARHinc,66,4,0.6394064691572287,0.5245817418340982,0.6731061110871916,0.6548124064090313
USDZAR,5,2025-12-12,KernelARH,66,4,0.6485380346072916,0.5275255713189562,0.6349394008915407,0.6740606127681888
USDZAR,10,2025-12-19,PM,66,3,0.7743161995742288,0.46096153846153853,1.3081343594704218,0.37279505335165575
USDZAR,10,2025-12-19,PA,66,3,0.8976764929866632,0.6956562646743388,1.2120271864760959,0.7578053674354663
USDZAR,10,2025-12-19,VAR1,66,3,13.635442689587277,12.738413442216784,17.01680296390344,10.859821323920565
USDZAR,10,2025-12-19,ARHinc,66,3,0.942810933220826,0.7234189692531486,1.3033478549343425,0.7706414517092779
USDZAR,10,2025-12-19,KernelARH,66,3,1.1931666637420342,0.9139823099199409,1.686099710758341,0.9246656725745495
USDZAR,1,2025-12-09,PM,66,5,0.315805974391775,0.1651153846153846,0.5667452165007423,0.13252048354178808
USDZAR,1,2025-12-09,PA,66,5,0.8029464594571462,0.6357895728936245,1.0912853395980189,0.6802330294760853
USDZAR,1,2025-12-09,VAR1,66,5,2.143325959799966,1.5608301143789807,3.080320109980768,1.4528774288773871
USDZAR,1,2025-12-09,ARHinc,66,5,0.748311328726347,0.5975775008920294,0.974205222175198,0.6678794031796206
USDZAR,1,2025-12-09,KernelARH,66,5,0.7531722189574456,0.6008811406931827,0.9753302184821946,0.6726302192431058
USDZAR,5,2025-12-15,PM,66,4,0.3199336619940502,0.21319230769230788,0.4790934361222859,0.16884665723287393
USDZAR,5,2025-12-15,PA,66,4,0.6130526667036194,0.5033736039120413,0.5770983016249386,0.6536014992293038
USDZAR,5,2025-12-15,VAR1,66,4,4.423317664966968,3.258056698080346,5.4481943828032655,3.7688565588271006
USDZAR,5,2025-12-15,ARHinc,66,4,0.6129833463492138,0.5021236187187801,0.5710673400024912,0.6547927502779086
USDZAR,5,2025-12-15,KernelARH,66,4,0.7562715273006584,0.6046662203049803,0.801797618232375,0.736869439208755
USDZAR,10,2025-12-22,PM,66,3,1.077345852796799,0.6520384615384615,1.8362997994469485,0.505601360742987
USDZAR,10,2025-12-22,PA,66,3,1.0104366744188067,0.7640278621413187,1.4503290430352809,0.7928798953733533
USDZAR,10,2025-12-22,VAR1,66,3,5.477871737886914,5.127202448923233,6.440482092799473,4.586980312992748
USDZAR,10,2025-12-22,ARHinc,66,3,1.0525447328662594,0.7918052038717527,1.5279917383667738,0.8092415066750054
USDZAR,10,2025-12-22,KernelARH,66,3,1.3997384128958503,1.0544413944410047,2.080602076234222,1.0006328096677397
USDZAR,1,2025-12-10,PM,66,5,0.1856082775425378,0.12353846153846162,0.29784734618064446,0.09167028774201691
USDZAR,1,2025-12-10,PA,66,5,0.645820106361923,0.5190599958152741,0.6407468272707685,0.6568587012810186
USDZAR,1,2025-12-10,VAR1,66,5,16.08171436652026,13.648211350143098,18.203907973476944,15.065551118315454
USDZAR,1,2025-12-10,ARHinc,66,5,0.6453659922895723,0.5199536378688835,0.6951120727846578,0.6509807869542945
USDZAR,1,2025-12-10,KernelARH,66,5,0.6455027234198533,0.5306819038964373,0.6470540829715632,0.66969324008683
USDZAR,5,2025-12-16,PM,66,4,0.770683325667254,0.5093461538461539,1.2535535559432787,0.37813188853498875
USDZAR,5,2025-12-16,PA,66,4,0.8879466575852113,0.7033197326775706,1.1337929969332328,0.7371539081564331
USDZAR,5,2025-12-16,VAR1,66,4,34.865152736370625,27.57298414539613,42.81087002903704,29.57166867664642
USDZAR,5,2025-12-16,ARHinc,66,4,0.7671354207353035,0.6140400319270857,0.8975599429138005,0.7000101801701711
USDZAR,5,2025-12-16,KernelARH,66,4,0.8913960487520118,0.7060967119278624,1.0477991937607805,0.7942860461334638
USDZAR,10,2025-12-23,PM,66,3,1.395821752726549,0.8319230769230769,2.43027986603608,0.6450951902850859
USDZAR,10,2025-12-23,PA,66,3,1.4240482500312173,1.024147220356788,2.225242340882442,0.9356436155473202
USDZAR,10,2025-12-23,VAR1,66,3,31.96684086212402,30.30112568746742,39.02140999840289,26.371912869616885
USDZAR,10,2025-12-23,ARHinc,66,3,1.263451234278568,0.9125441554815066,1.947014980075992,0.8729241923352958
USDZAR,10,2025-12-23,KernelARH,66,3,1.45661692392579,1.0971916194132219,2.1762487972421036,1.0506036332201383
USDZAR,1,2025-12-11,PM,66,5,0.10063404761044609,0.058115384615384486,0.15978911635929166,0.049781171027436594
USDZAR,1,2025-12-11,PA,66,5,0.6281241245440614,0.5033449897211164,0.6310014206442037,0.648313687471683
USDZAR,1,2025-12-11,VAR1,66,5,12.405600384012539,10.292147971514929,15.991798386947558,9.609464664873594
USDZAR,1,2025-12-11,ARHinc,66,5,0.6285102750171703,0.5076334161262493,0.6356861862411209,0.6483952794763169
USDZAR,1,2025-12-11,KernelARH,66,5,0.6488980804628429,0.5237453407316869,0.7121518971450354,0.6508875889776825
USDZAR,5,2025-12-17,PM,66,4,0.7492618482931667,0.45369230769230806,1.2440536815010015,0.3507383373811448
USDZAR,5,2025-12-17,PA,66,4,0.8739976399040706,0.6790843153356744,1.141032085765388,0.7181610789786531
USDZAR,5,2025-12-17,VAR1,66,4,22.91719451179704,17.999822055544744,28.13884541780877,19.427022075886065
USDZAR,5,2025-12-17,ARHinc,66,4,0.8659244133007479,0.6729391638899977,1.1272262269083841,0.7148205342471402
USDZAR,5,2025-12-17,KernelARH,66,4,0.9013683411740855,0.7004169379907609,1.1496704766052974,0.7540092354573938
USDZAR,10,2025-12-24,PM,66,3,1.1249177534038108,0.6836153846153847,1.9504195454403215,0.5518389619558292
USDZAR,10,2025-12-24,PA,66,3,1.1844208400976874,0.8829073631582511,1.766911425927504,0.8668307386683082
USDZAR,10,2025-12-24,VAR1,66,3,21.012237824619728,19.97584504548929,25.35218112495633,17.575884339629223
USDZAR,10,2025-12-24,ARHinc,66,3,1.1769659000454717,0.8764510002977125,1.755150066774973,0.8626023379888095
USDZAR,10,2025-12-24,KernelARH,66,3,1.2604195596040069,0.9709761968649846,1.8223940966194507,0.9691994440080401
USDZAR,1,2025-12-12,PM,66,5,0.12651067908709107,0.09792307692307695,0.18479096611331267,0.08030976770883895
USDZAR,1,2025-12-12,PA,66,5,0.6239372806967055,0.5089087548604192,0.6250001021066091,0.6492888798313704
USDZAR,1,2025-12-12,VAR1,66,5,7.47420919693962,5.840980851736229,10.18185904918321,5.124032183103929
USDZAR,1,2025-12-12,ARHinc,66,5,0.6366908704826629,0.518673611784645,0.6331857644583676,0.6560056181971385
USDZAR,1,2025-12-12,KernelARH,66,5,0.6264166097008624,0.5113713597436166,0.6332897688777992,0.6506334905915739
USDZAR,5,2025-12-18,PM,66,4,0.8164113546491131,0.49596153846153856,1.4119150480541192,0.3819266418240481
USDZAR,5,2025-12-18,PA,66,4,0.893491689038521,0.7071196886420988,1.206694096982546,0.7381137601569928
USDZAR,5,2025-12-18,VAR1,66,4,12.242503178229482,9.46430726355099,14.936762124181666,10.420823539945822
USDZAR,5,2025-12-18,ARHinc,66,4,0.9443893773710237,0.7405701482236953,1.3028830570589622,0.7555726141239689
USDZAR,5,2025-12-18,KernelARH,66,4,1.0455491414519602,0.8131505365489534,1.4370470550219294,0.8315389380156536
USDZAR,10,2025-12-25,PM,66,3,0.9763294929715859,0.6184230769230767,1.680022908677016,0.5233164386808521
USDZAR,10,2025-12-25,PA,66,3,1.0278323304252157,0.7803500881596992,1.4466714630221715,0.8371480660616255
USDZAR,10,2025-12-25,VAR1,66,3,11.126631404163636,10.586419826258432,13.19468913737501,9.440498796955097
USDZAR,10,2025-12-25,ARHinc,66,3,1.0780141866129398,0.8195312360284186,1.5386681089608154,0.85704427073996
USDZAR,10,2025-12-25,KernelARH,66,3,1.234236396666378,0.9694738030689115,1.7305006202233886,0.9962177856897241
USDZAR,1,2025-12-15,PM,66,5,0.22347409934245868,0.12580769230769226,0.38597807291351016,0.0993607710865704
USDZAR,1,2025-12-15,PA,66,5,0.6107611212190684,0.49242172114232485,0.5775152033247983,0.6466496828497511
USDZAR,1,2025-12-15,VAR1,66,5,4.264209534547958,3.1478136799386864,5.843211499621141,2.876424438856229
USDZAR,1,2025-12-15,ARHinc,66,5,0.6190527314422406,0.4964114711293389,0.5965865132855769,0.6485002265565063
USDZAR,1,2025-12-15,KernelARH,66,5,0.6262245943140484,0.4990116841030234,0.6147075587770146,0.6503903569756562
USDZAR,5,2025-12-19,PM,66,4,0.8261911273102333,0.4695769230769226,1.4552916738192143,0.3745440616464721
USDZAR,5,2025-12-19,PA,66,4,0.8868888520035142,0.6921831372268197,1.2227157159661777,0.7302036671009575
USDZAR,5,2025-12-19,VAR1,66,4,7.632842432277493,5.84505162751317,9.23979532597739,6.528760467966602
USDZAR,5,2025-12-19,ARHinc,66,4,0.9073687081245713,0.7048731683191595,1.2675969813688786,0.7333697713451415
USDZAR,5,2025-12-19,KernelARH,66,4,1.0465500745277925,0.797088766826367,1.5009900708409976,0.8028484276311993
USDZAR,10,2025-12-26,PM,66,3,0.8231578208806153,0.49892307692307647,1.4376890932784692,0.4263066246046257
USDZAR,10,2025-12-26,PA,66,3,0.8916897866889927,0.6860624575345416,1.2021174327410116,0.766380698217334
USDZAR,10,2025-12-26,VAR1,66,3,7.862377423218458,7.491154910847267,9.184434101469714,6.754377912341899
USDZAR,10,2025-12-26,ARHinc,66,3,0.9166570969345448,0.7021082714507402,1.2536001228725697,0.7735796391548618
USDZAR,10,2025-12-26,KernelARH,66,3,1.1218073036206215,0.8714139187472049,1.5573813582664144,0.9167763617052458
USDZAR,1,2025-12-16,PM,66,5,0.20025440550229326,0.14261538461538473,0.30103321052245857,0.11575541873301053
USDZAR,1,2025-12-16,PA,66,5,0.6438360663129522,0.5225105049841797,0.6338880887559923,0.6649269081099758
USDZAR,1,2025-12-16,VAR1,66,5,4.403559945871561,3.4967179786602216,6.081846082383958,2.8532131977523494
USDZAR,1,2025-12-16,ARHinc,66,5,0.6686964077863089,0.5425577609742613,0.6865997280941704,0.671849828559236
USDZAR,1,2025-12-16,KernelARH,66,5,0.7202969222717394,0.5790560790803347,0.8051423266639076,0.6830663136446091
USDZAR,5,2025-12-22,PM,66,4,0.821293480291443,0.46603846153846135,1.4401165134603204,0.3815196678238174
USDZAR,5,2025-12-22,PA,66,4,0.9321703052203687,0.7147168329795232,1.3268529087919734,0.7425296798575057
USDZAR,5,2025-12-22,VAR1,66,4,4.197608807404157,3.507290432986529,5.368139650918703,3.4928661755027517
USDZAR,5,2025-12-22,ARHinc,66,4,0.9778345002309221,0.7388569013527332,1.418775882633399,0.7555456218635223
USDZAR,5,2025-12-22,KernelARH,66,4,1.1793264026228139,0.8671833769725797,1.7777716843040947,0.8377104932208405
USDZAR,10,2025-12-29,PM,66,3,0.5051055202019294,0.3521153846153848,0.8167516193349353,0.3385705176256232
USDZAR,10,2025-12-29,PA,66,3,0.73217183775496,0.586223403799916,0.8020654546638013,0.7275222509922757
USDZAR,10,2025-12-29,VAR1,66,3,1.4291089688215535,1.2316567443653037,1.7625847074572272,1.298485604312649
USDZAR,10,2025-12-29,ARHinc,66,3,0.7550370451242849,0.5996390930102536,0.8609282236657971,0.7364655721910324
USDZAR,10,2025-12-29,KernelARH,66,3,0.9770477985938472,0.7785927818860734,1.254671605868352,0.8761256156320303
USDZAR,1,2025-12-17,PM,66,5,0.16133487629056634,0.08588461538461546,0.27586332085613546,0.07280668583556268
USDZAR,1,2025-12-17,PA,66,5,0.6346438147368033,0.5155701818131762,0.6246249757063755,0.656142442248411
USDZAR,1,2025-12-17,VAR1,66,5,14.256394314942513,10.32872963677856,20.12215943655612,8.566082362053143
USDZAR,1,2025-12-17,ARHinc,66,5,0.634151055904146,0.5161550380588952,0.6228046433665452,0.6559083208835517
USDZAR,1,2025-12-17,KernelARH,66,5,0.6652911467748771,0.5286009257089715,0.7052931982750071,0.6615211462395258
USDZAR,5,2025-12-23,PM,66,4,0.7078972111390619,0.3483846153846151,1.2824838222856239,0.32759916905841485
USDZAR,5,2025-12-23,PA,66,4,0.8415369235710677,0.65979947655023,1.150720398793314,0.7178679889861789
USDZAR,5,2025-12-23,VAR1,66,4,15.90126273699419,12.961176517900721,19.413233856708143,13.689638641403802
USDZAR,5,2025-12-23,ARHinc,66,4,0.853661553769326,0.6651835445901453,1.1779456151700818,0.7218904601211641
USDZAR,5,2025-12-23,KernelARH,66,4,1.1041622364112655,0.8122941566763692,1.6683831723646476,0.8089138894129871
USDZAR,10,2025-12-30,PM,66,3,0.41181534089929184,0.3008846153846153,0.6426473984967017,0.28334731273674163
USDZAR,10,2025-12-30,PA,66,3,0.6906336616194033,0.5671060474966768,0.689897154913321,0.7001146168499858
USDZAR,10,2025-12-30,VAR1,66,3,10.16379901641649,9.874387498005428,11.960588639433217,8.926082484876355
USDZAR,10,2025-12-30,ARHinc,66,3,0.6903786561082285,0.5658968869529704,0.6923052072191663,0.6994937043533135
USDZAR,10,2025-12-30,KernelARH,66,3,0.9200454592583565,0.7359016439933436,1.1400951122897163,0.8506147407708071
USDZAR,1,2025-12-18,PM,66,5,0.2362451668207284,0.12830769230769226,0.41539785056987016,0.13319482284708603
USDZAR,1,2025-12-18,PA,66,5,0.6381083197875025,0.5301298047537133,0.5879449491026827,0.6706066517599091
USDZAR,1,2025-12-18,VAR1,66,5,18.957864668671384,13.704643881328671,24.39883601162724,12.897859967505942
USDZAR,1,2025-12-18,ARHinc,66,5,0.6510137437502574,0.5397165353125881,0.6498081538364721,0.6732494753421552
USDZAR,1,2025-12-18,KernelARH,66,5,0.644018707595104,0.5273900709204447,0.5994432073021724,0.6696634377549998
USDZAR,5,2025-12-24,PM,66,4,0.4920301350996236,0.2819615384615386,0.8565148891332648,0.29392109426202195
USDZAR,5,2025-12-24,PA,66,4,0.7167579496897247,0.5897944809908746,0.7918152017414991,0.711723239425478
USDZAR,5,2025-12-24,VAR1,66,4,31.852059756978807,26.302627365985014,38.31732835878972,27.72951696177219
USDZAR,5,2025-12-24,ARHinc,66,4,0.7523855319794279,0.6109026269748857,0.894052699494282,0.7243920500166686
USDZAR,5,2025-12-24,KernelARH,66,4,0.8935371541396171,0.6894329984385965,1.2286030339795875,0.7597480578542171
USDZAR,10,2025-12-31,PM,66,3,0.4281997197570312,0.29526923076923084,0.6084287612759129,0.29663260966323124
USDZAR,10,2025-12-31,PA,66,3,0.7442184790161418,0.6144414945040312,0.7966268550560928,0.7133225854954434
USDZAR,10,2025-12-31,VAR1,66,3,19.62097904835198,19.15170491836385,22.551220251503878,17.492028133445466
USDZAR,10,2025-12-31,ARHinc,66,3,0.7033600770570889,0.5747748738749088,0.7008935661562333,0.7108536338012699
USDZAR,10,2025-12-31,KernelARH,66,3,0.6801149464897146,0.5553402612055148,0.6545329595505188,0.7061299463386246
USDZAR,1,2025-12-19,PM,66,5,0.12261807496324643,0.07330769230769218,0.21619271069612608,0.06181327850584162
USDZAR,1,2025-12-19,PA,66,5,0.6444866440811776,0.5300532780571467,0.6340379821640162,0.6685469057824368
USDZAR,1,2025-12-19,VAR1,66,5,35.15494780988001,24.592559969745572,53.226183449897164,19.0344899454392
USDZAR,1,2025-12-19,ARHinc,66,5,0.6788509172005487,0.551618275129855,0.7405791366231982,0.6771985134867385
USDZAR,1,2025-12-19,KernelARH,66,5,0.6480629223433952,0.526105393896752,0.6338829922244865,0.6726602232630035
USDZAR,5,2025-12-25,PM,66,4,0.2394104337100429,0.1837307692307693,0.35480049430117516,0.1986045325681678
USDZAR,5,2025-12-25,PA,66,4,0.7142392560396527,0.5933748394633107,0.7021513922726554,0.7208640360736924
USDZAR,5,2025-12-25,VAR1,66,4,39.09590230505169,32.49134648854652,47.54051325913963,33.23570562046568
USDZAR,5,2025-12-25,ARHinc,66,4,0.7034908124737441,0.586025571623759,0.6843741053239071,0.7277179485072959
USDZAR,5,2025-12-25,KernelARH,66,4,0.7168898393862967,0.594580494772391,0.7119962715039022,0.7154980199579174
USDZAR,10,2026-01-01,PM,66,3,0.49526595419493086,0.312576923076923,0.7910345267168607,0.246899382491646
USDZAR,10,2026-01-01,PA,66,3,0.9426840029806615,0.7682080643199255,1.2424349945699362,0.7464046367435123
USDZAR,10,2026-01-01,VAR1,66,3,13.391123395507487,13.142022867654768,14.983344640170161,12.241258065217066
USDZAR,10,2026-01-01,ARHinc,66,3,0.876883354242811,0.7217911422406068,1.1114134397509894,0.733205042041661
USDZAR,10,2026-01-01,KernelARH,66,3,0.9453541313251095,0.7699143869343212,1.2478904345544861,0.7461435741692153
USDZAR,1,2025-12-22,PM,66,5,0.21089951581080202,0.11719230769230758,0.3670597228565738,0.09490902861483565
USDZAR,1,2025-12-22,PA,66,5,0.7072785360692858,0.5820752669517428,0.8037803107569655,0.6837884197651161
USDZAR,1,2025-12-22,VAR1,66,5,28.684055500569986,21.823546634207396,43.44866565867824,17.000070675010413
USDZAR,1,2025-12-22,ARHinc,66,5,0.7255779997355971,0.5931525304772804,0.8596767753413956,0.6860023884012822
USDZAR,1,2025-12-22,KernelARH,66,5,0.7037707217969955,0.5744968346600187,0.7854132268384721,0.6862803902672721
USDZAR,5,2025-12-26,PM,66,4,0.18368241823656065,0.13073076923076926,0.2552075496279222,0.13317224771817227
USDZAR,5,2025-12-26,PA,66,4,0.7264203126056631,0.5956272922179757,0.7490606440041782,0.7021576587181368
USDZAR,5,2025-12-26,VAR1,66,4,38.4083482517032,29.85705569995055,47.758086859549245,30.996974829804223
USDZAR,5,2025-12-26,ARHinc,66,4,0.715563767413813,0.5847746343338952,0.7284284258806109,0.6993085141521246
USDZAR,5,2025-12-26,KernelARH,66,4,0.7279891309455836,0.5977391007778337,0.7545720597627888,0.6998817041364676
USDZAR,10,2026-01-02,PM,66,3,0.6507702906201591,0.3825384615384618,1.1113021774908483,0.3036497011721981
USDZAR,10,2026-01-02,PA,66,3,1.031898786473282,0.8179613357086282,1.4576051341871217,0.7703375312996469
USDZAR,10,2026-01-02,VAR1,66,3,2.456496824476911,2.194094739410098,2.8129587725193397,2.22220448110802
USDZAR,10,2026-01-02,ARHinc,66,3,1.0083318480097019,0.8022620391319473,1.4123744504074343,0.7649991004800675
USDZAR,10,2026-01-02,KernelARH,66,3,1.0307595499949942,0.8172862440216337,1.4559102050670283,0.7691604708106112
USDZAR,1,2025-12-23,PM,66,5,0.10063356986918122,0.06734615384615386,0.16033609862942355,0.05975794306157286
USDZAR,1,2025-12-23,PA,66,5,0.6983456812593304,0.5754346342267721,0.732765825660386,0.6917095123657651
USDZAR,1,2025-12-23,VAR1,66,5,106.04135453336723,78.25732616794008,162.18345339091476,58.65301188048179
USDZAR,1,2025-12-23,ARHinc,66,5,0.7012832682157394,0.5800355787886421,0.744810454178131,0.6942803641952213
USDZAR,1,2025-12-23,KernelARH,66,5,0.6979891441864627,0.574244643679681,0.7313444268358817,0.6916998592936158
USDZAR,5,2025-12-29,PM,66,4,0.48803959289259435,0.2873076923076926,0.8015044285948835,0.2300255378092446
USDZAR,5,2025-12-29,PA,66,4,0.8992408653831843,0.7400156510930518,1.099141594616202,0.7476794742195733
USDZAR,5,2025-12-29,VAR1,66,4,49.97378425328351,49.1760598663673,55.91972708610215,45.15304050306595
USDZAR,5,2025-12-29,ARHinc,66,4,0.8802485452830615,0.7252903627835244,1.059662415990269,0.7476563079876558
USDZAR,5,2025-12-29,KernelARH,66,4,0.8574970860510984,0.706713071722946,1.0172452470641806,0.7361829373218788
USDZAR,10,2026-01-05,PM,66,3,0.8570716018917152,0.4608846153846154,1.483732312290203,0.3718686130621801
USDZAR,10,2026-01-05,PA,66,3,1.1712881094148742,0.9092997167116262,1.697729211525249,0.8131550448359457
USDZAR,10,2026-01-05,VAR1,66,3,54.579778254709886,53.44378197189667,59.30509625585496,51.028585412527406
USDZAR,10,2026-01-05,ARHinc,66,3,1.1506214342043448,0.8958318730777359,1.659350826293155,0.809195022543674
USDZAR,10,2026-01-05,KernelARH,66,3,1.122160504394482,0.8788656648951062,1.608817107164946,0.797153576211923
USDZAR,1,2025-12-24,PM,66,5,0.1363017720975156,0.08384615384615393,0.23182068704907932,0.0706739487722089
USDZAR,1,2025-12-24,PA,66,5,0.6808754508709501,0.5653315591405654,0.6616076373396601,0.6898441795786151
USDZAR,1,2025-12-24,VAR1,66,5,132.71875692567872,97.231627124046355,203.13179206362162,72.78754269064456
USDZAR,1,2025-12-24,ARHinc,66,5,0.674712550994591,0.5611009274792547,0.6598361462131943,0.6870555806701988
USDZAR,1,2025-12-24,KernelARH,66,5,0.6808517378864245,0.5645195478175619,0.6632379749044331,0.6886964136938409
USDZAR,5,2025-12-30,PM,66,4,0.5210827761645789,0.2817692307692308,0.8944311450037881,0.22528070925936244
USDZAR,5,2025-12-30,PA,66,4,0.9379447720442621,0.7657899797068218,1.1850168107728833,0.7527801620228707
USDZAR,5,2025-12-30,VAR1,66,4,59.82216022157224,58.48957646961759,63.66061739546175,56.95900465164434
USDZAR,5,2025-12-30,ARHinc,66,4,0.9213267089291008,0.7534196586505523,1.1534619538376996,0.7475445245896563
USDZAR,5,2025-12-30,KernelARH,66,4,0.9013732731078721,0.7382977207192134,1.1152502334567673,0.74160849861062
USDZAR,10,2026-01-06,PM,66,3,1.2450486165978853,0.6513076923076921,2.1921289845137983,0.5181359481369152
USDZAR,10,2026-01-06,PA,66,3,1.526633817338735,1.117060503024108,2.3628782978836065,0.9232921238837842
USDZAR,10,2026-01-06,VAR1,66,3,76.36457531667452,74.87077659041458,81.91015153719705,72.30719151193881
USDZAR,10,2026-01-06,ARHinc,66,3,1.5030507850326427,1.1027788406111385,2.3229719325831533,0.9143734748616507
USDZAR,10,2026-01-06,KernelARH,66,3,1.4821430150496715,1.090106168845541,2.287247341547628,0.9066419961711224
USDZAR,1,2025-12-25,PM,66,5,0.0964120763262489,0.06173076923076922,0.15753102604717564,0.05745952788176482
USDZAR,1,2025-12-25,PA,66,5,0.6633960576721296,0.5503903697899212,0.6498729020490752,0.6805175733724341
USDZAR,1,2025-12-25,VAR1,66,5,86.63901576430992,64.84315922525793,132.0149694443939,48.872149114063596
USDZAR,1,2025-12-25,ARHinc,66,5,0.6674211399575679,0.5530134453338619,0.649194026797231,0.6822276953736558
USDZAR,1,2025-12-25,KernelARH,66,5,0.6736655324123653,0.5602303542209008,0.6538119000262295,0.6860593408214275
USDZAR,5,2025-12-31,PM,66,4,0.5011167336751297,0.2586153846153846,0.862074385895371,0.2129646929493597
USDZAR,5,2025-12-31,PA,66,4,0.8944839382150672,0.7335148523033099,1.131266696882645,0.730824411583306
USDZAR,5,2025-12-31,VAR1,66,4,47.62191962011086,46.94255402995151,50.95796142355369,45.12885596644428
USDZAR,5,2025-12-31,ARHinc,66,4,0.9239149625998789,0.7547614003961172,1.1865976996451288,0.7391581169589336
USDZAR,5,2025-12-31,KernelARH,66,4,0.9136599913024065,0.7468313812951389,1.1692950202844974,0.7381021954546664
USDZAR,10,2026-01-07,PM,66,3,1.5514286685057546,0.9890384615384613,2.6459020662145125,0.7200073471515327
USDZAR,10,2026-01-07,PA,66,3,1.7772549622280152,1.299166147862153,2.76865725448699,1.0401138861413906
USDZAR,10,2026-01-07,VAR1,66,3,57.38977127353455,56.33389274918398,61.470726911450726,54.52192174811923
USDZAR,10,2026-01-07,ARHinc,66,3,1.8137915265035416,1.33020735657895,2.8245963305148827,1.059576797238411
USDZAR,10,2026-01-07,KernelARH,66,3,1.8191302276278356,1.311788412986759,2.8470267731146697,1.0504431163340582
USDZAR,1,2025-12-26,PM,66,5,0.07094587590334123,0.04634615384615373,0.10221925144087253,0.05929325782514542
USDZAR,1,2025-12-26,PA,66,5,0.6469835003348766,0.5329606153588702,0.6367671778226118,0.666357650034461
USDZAR,1,2025-12-26,VAR1,66,5,73.25989633850621,55.294072409846855,111.27448626987282,41.98044147382376
USDZAR,1,2025-12-26,ARHinc,66,5,0.6468311360676814,0.5324781524282662,0.6376068132124066,0.666346995720786
USDZAR,1,2025-12-26,KernelARH,66,5,0.6502035806989291,0.5375504515782251,0.6328340666790561,0.6685278393271272
USDZAR,5,2026-01-01,PM,66,4,0.5461418437196863,0.2935384615384613,0.9482568617881056,0.24371239792566293
USDZAR,5,2026-01-01,PA,66,4,0.9164978751175138,0.7431063113780261,1.2051204514563707,0.7288845568527375
USDZAR,5,2026-01-01,VAR1,66,4,44.81992671682839,43.56699116041881,47.111064063517176,43.14893153600843
USDZAR,5,2026-01-01,ARHinc,66,4,0.9198862662504361,0.7454452527694391,1.211179352849562,0.7299919369253317
USDZAR,5,2026-01-01,KernelARH,66,4,0.9506125801719769,0.7653536061459012,1.273619462091195,0.7387185010215437
USDZAR,10,2026-01-08,PM,66,3,1.5704191931798632,1.035076923076923,2.650519492743906,0.7523974476679808
USDZAR,10,2026-01-08,PA,66,3,1.7928615784313544,1.326256510621941,2.7829250816024116,1.0523994623602821
USDZAR,10,2026-01-08,VAR1,66,3,55.72498616107182,54.77813368959105,59.69107221675473,52.81849252363152
USDZAR,10,2026-01-08,ARHinc,66,3,1.7962307614465722,1.3315531078092102,2.7864901057887135,1.0555725367594317
USDZAR,10,2026-01-08,KernelARH,66,3,1.8617345147779825,1.3536209550059117,2.90839717778313,1.0727170658990897
USDZAR,1,2025-12-29,PM,66,5,0.20599780618697405,0.1299999999999999,0.3343698950179317,0.09947951211406668
USDZAR,1,2025-12-29,PA,66,5,0.664003423286422,0.5480691348068879,0.6488889484181664,0.6715656060147799
USDZAR,1,2025-12-29,VAR1,66,5,66.93811028720994,50.26837744638942,101.75986014942919,38.09988376224851
USDZAR,1,2025-12-29,ARHinc,66,5,0.6810732953915647,0.55974874645392,0.6782879527231144,0.6771562836720825
USDZAR,1,2025-12-29,KernelARH,66,5,0.6816022474129492,0.5609487363624032,0.6806368958734074,0.6770870370960976
USDZAR,5,2026-01-02,PM,66,4,0.5726595763493487,0.2693076923076922,1.0293349075871039,0.23098376318510644
USDZAR,5,2026-01-02,PA,66,4,0.8882253795228,0.7166368759507018,1.1956847142227447,0.7169833436849562
USDZAR,5,2026-01-02,VAR1,66,4,41.23072852812073,40.32853620201175,43.54939562555965,39.46911930512383
USDZAR,5,2026-01-02,ARHinc,66,4,0.9080360303954043,0.7302698346538329,1.2348240427022892,0.7211964835486042
USDZAR,5,2026-01-02,KernelARH,66,4,0.9506396570196223,0.7594219743749895,1.317258518383721,0.7352154006799907
USDZAR,10,2026-01-09,PM,66,3,1.1017335116847589,0.7773076923076923,1.8208554718469534,0.5631982490212967
USDZAR,10,2026-01-09,PA,66,3,1.3495507862533822,1.0660128852421833,1.9576674442483326,0.9098611776657992
USDZAR,10,2026-01-09,VAR1,66,3,53.412310058337,52.584099266630204,56.827054771038604,50.743552844221135
USDZAR,10,2026-01-09,ARHinc,66,3,1.3791718390563266,1.087993315735149,2.0067079170522906,0.9230547593045834
USDZAR,10,2026-01-09,KernelARH,66,3,1.436391881335383,1.108285129693657,2.1193644510941403,0.9351280419970335
USDZAR,1,2025-12-30,PM,66,5,0.07284335142038592,0.051153846153846175,0.10855385442227845,0.04178148023150289
USDZAR,1,2025-12-30,PA,66,5,0.6297857334324908,0.5185571333368783,0.6031381381680816,0.6584741867293896
USDZAR,1,2025-12-30,VAR1,66,5,50.23919842374869,38.523973198414524,75.8830556540952,29.555133329522803
USDZAR,1,2025-12-30,ARHinc,66,5,0.644334755245242,0.5314014884828191,0.6151625646335658,0.664829232061868
USDZAR,1,2025-12-30,KernelARH,66,5,0.6325085475305781,0.5228877516014581,0.6053486516615111,0.6599733098933368
USDZAR,5,2026-01-05,PM,66,4,0.4095266380929235,0.20299999999999985,0.7374585864921107,0.16813413917696335
USDZAR,5,2026-01-05,PA,66,4,0.8304943636835345,0.6799965292850703,1.0617150616572284,0.7051901913026081
USDZAR,5,2026-01-05,VAR1,66,4,37.26956676135555,35.311271118762846,38.71688840002397,36.17744171762479
USDZAR,5,2026-01-05,ARHinc,66,4,0.8769250230231153,0.7137690166399393,1.1552791160121385,0.7175325171541062
USDZAR,5,2026-01-05,KernelARH,66,4,0.7011924485197166,0.5527467553285558,0.6223054316015671,0.7581467672576248
USDZAR,10,2026-01-12,PM,66,3,0.7745737040959518,0.6008461538461537,1.218948193155003,0.46087889328283194
USDZAR,10,2026-01-12,PA,66,3,1.1215478815163347,0.9256371988697502,1.5046129047369186,0.8471215748540502
USDZAR,10,2026-01-12,VAR1,66,3,48.834480989533795,48.182793136194086,51.66397325326918,46.518451456455544
USDZAR,10,2026-01-12,ARHinc,66,3,1.1739334504002,0.9666327094962446,1.5942799912635657,0.8697273803503891
USDZAR,10,2026-01-12,KernelARH,66,3,1.2646193757414932,1.0145467697542037,1.7688725094054267,0.8934801185200872
USDZAR,1,2025-12-31,PM,66,5,0.11490443353567281,0.054307692307692286,0.20107149396127882,0.047730813184983914
USDZAR,1,2025-12-31,PA,66,5,0.6189074406707168,0.5071948610698203,0.5784465166348415,0.653819435177835
USDZAR,1,2025-12-31,VAR1,66,5,34.497669972745925,26.761836827121193,51.83949290092221,20.80035097860065
USDZAR,1,2025-12-31,ARHinc,66,5,0.6290590977567184,0.5132388526586521,0.5943849498168605,0.65724291800897
USDZAR,1,2025-12-31,KernelARH,66,5,0.6201043843067793,0.5085938650481175,0.5829538493751397,0.6537832433389396
USDZAR,5,2026-01-06,PM,66,4,0.7447627074341299,0.42649999999999993,1.316855639671979,0.3250884248096829
USDZAR,5,2026-01-06,PA,66,4,1.0644942310930618,0.8272775238205048,1.539113027148784,0.7741074982105783
USDZAR,5,2026-01-06,VAR1,66,4,32.050332849737316,29.717171781709446,33.673462569875376,30.82254022619974
USDZAR,5,2026-01-06,ARHinc,66,4,1.0958106847876419,0.8484229917864702,1.5937661310452196,0.7856540359162135
USDZAR,5,2026-01-06,KernelARH,66,4,0.763827591334832,0.6290618232316659,0.9276673357890223,0.7080925975218157
USDZAR,10,2026-01-13,PM,66,3,0.555071028026005,0.4719230769230767,0.812077993972512,0.39235970054595026
USDZAR,10,2026-01-13,PA,66,3,0.92305533125914,0.7830068828709644,1.1106452923590295,0.7933562104040615
USDZAR,10,2026-01-13,VAR1,66,3,43.67478451224141,43.20109977099003,45.96626598459396,41.644486579678365
USDZAR,10,2026-01-13,ARHinc,66,3,0.9517352658729706,0.8079429873321832,1.1611304350093994,0.8061965012296232
USDZAR,10,2026-01-13,KernelARH,66,3,0.6415850093433086,0.528061838142156,0.6045480407583412,0.6758149303255633
USDZAR,1,2026-01-01,PM,66,5,0.14109717736913957,0.07830769230769226,0.249020102344698,0.07247500102606594
USDZAR,1,2026-01-01,PA,66,5,0.6046944570108076,0.484791607828231,0.5491709798007042,0.6490742678077274
USDZAR,1,2026-01-01,VAR1,66,5,17.961377329465318,14.245129626272298,26.44374068467436,11.750132784095245
USDZAR,1,2026-01-01,ARHinc,66,5,0.6066609390459238,0.48675411407731384,0.5519312075238533,0.6505180206952046
USDZAR,1,2026-01-01,KernelARH,66,5,0.6143300729176926,0.49390338490294994,0.5653236009965772,0.6551314418001819
USDZAR,5,2026-01-07,PM,66,4,1.0838671194811231,0.7491538461538462,1.8119137424637122,0.5484532058399397
USDZAR,5,2026-01-07,PA,66,4,1.3641315691687814,1.0601539349178482,2.0401368740959147,0.9033223644295191
USDZAR,5,2026-01-07,VAR1,66,4,23.284488091453394,21.33292043110252,25.427545985521174,21.79779671616521
USDZAR,5,2026-01-07,ARHinc,66,4,1.3830217569622858,1.0752248939718019,2.0703523017630614,0.9124940521232828
USDZAR,5,2026-01-07,KernelARH,66,4,1.100551291334486,0.8523800965670029,1.6087167052632094,0.7841535947052507
USDZAR,10,2026-01-14,PM,66,3,0.6364098522178927,0.5515000000000002,0.8950480763991563,0.4489717470298475
USDZAR,10,2026-01-14,PA,66,3,0.9959038299796088,0.8495633788848214,1.2229180819926102,0.8295617756004098
USDZAR,10,2026-01-14,VAR1,66,3,31.428577600433602,31.14281497968499,33.2025177429321,29.89566433712242
USDZAR,10,2026-01-14,ARHinc,66,3,1.0123753192204157,0.8647325742337915,1.2499281226502479,0.8380490943560753
USDZAR,10,2026-01-14,KernelARH,66,3,0.682052850277419,0.5678920332806201,0.6657751371756064,0.6880892933306312
USDZAR,1,2026-01-02,PM,66,5,0.13949100467275805,0.10553846153846154,0.2180805836959211,0.09883310130556476
USDZAR,1,2026-01-02,PA,66,5,0.6031988196105609,0.49384137215462953,0.5406517082335426,0.6512747221302028
USDZAR,1,2026-01-02,VAR1,66,5,7.668110555304245,5.943363255477437,10.68100016258145,5.6469665069732295
USDZAR,1,2026-01-02,ARHinc,66,5,0.6074567305728522,0.4982792161327881,0.5601797016334604,0.650464623212165
USDZAR,1,2026-01-02,KernelARH,66,5,0.6076779775957716,0.4988535042851734,0.5462167307258802,0.6549194091949644
USDZAR,5,2026-01-08,PM,66,4,1.0631215602757178,0.7553846153846154,1.7325494284477692,0.5491379077025746
USDZAR,5,2026-01-08,PA,66,4,1.3140715444031934,1.0287060555662502,1.9429148282065647,0.8868791601300582
USDZAR,5,2026-01-08,VAR1,66,4,15.0967904221995,13.212847840644764,17.941642275985792,13.001936669197322
USDZAR,5,2026-01-08,ARHinc,66,4,1.3491334822970116,1.0543798319632771,2.002807261658233,0.9012260023510487
USDZAR,5,2026-01-08,KernelARH,66,4,1.1895844867815666,0.9119235267838611,1.7598535512316988,0.8148042475637836
USDZAR,10,2026-01-15,PM,66,3,0.6237981136060461,0.5458076923076925,0.827598374330494,0.4500643168200173
USDZAR,10,2026-01-15,PA,66,3,0.9677958275790658,0.8309127585855195,1.1662582847655654,0.822553856015099
USDZAR,10,2026-01-15,VAR1,66,3,17.984704453058605,17.826422926679292,19.134918110094297,16.97179518664268
USDZAR,10,2026-01-15,ARHinc,66,3,0.9970873883760873,0.8571138564608133,1.2176105644430106,0.8359138821553315
USDZAR,10,2026-01-15,KernelARH,66,3,0.7081512898683837,0.5937789479429378,0.7231029987810951,0.6944764710611839
USDZAR,1,2026-01-05,PM,66,5,0.07965128324814946,0.04553846153846158,0.09940993881041339,0.04712544435335201
USDZAR,1,2026-01-05,PA,66,5,0.5971839191107433,0.47585406687914034,0.5332782027050138,0.6459858927913543
USDZAR,1,2026-01-05,VAR1,66,5,1.3519489332342498,1.0308341984540856,1.899263423520191,0.9434767531298381
USDZAR,1,2026-01-05,ARHinc,66,5,0.6011514461564652,0.4781954338538717,0.5382009422577679,0.648147656446781
USDZAR,1,2026-01-05,KernelARH,66,5,0.6046891242524892,0.4854394570343783,0.5473254063318317,0.6507987749427834
USDZAR,5,2026-01-09,PM,66,4,0.6682386074887184,0.5695769230769231,0.9081378423989854,0.46159470924832674
USDZAR,5,2026-01-09,PA,66,4,0.918799301199394,0.7751416132909456,1.0869904321325352,0.8066828226368684
USDZAR,5,2026-01-09,VAR1,66,4,1.7493346642452334,1.501820281522035,2.186871126424513,1.402830174722814
USDZAR,5,2026-01-09,ARHinc,66,4,0.9418056633939736,0.7951430089727383,1.1167308066055512,0.8233074293229117
USDZAR,5,2026-01-09,KernelARH,66,4,0.8078874027334032,0.6675755083160232,0.9640662433486289,0.7174537957296315
USDZAR,10,2026-01-16,PM,66,3,0.6493114696471829,0.5885000000000001,0.7844991700009621,0.5119956777349645
USDZAR,10,2026-01-16,PA,66,3,0.9408893923978887,0.8194132226930804,1.0577018234460145,0.8460347651564435
USDZAR,10,2026-01-16,VAR1,66,3,0.8131878666113805,0.6137373118398067,0.6726267493614124,0.9077656088540692
USDZAR,10,2026-01-16,ARHinc,66,3,0.9655758774307825,0.843581142597729,1.0920717997590825,0.8627803099548556
USDZAR,10,2026-01-16,KernelARH,66,3,0.7670744872559867,0.6340907424593056,0.8348229478897115,0.7181113232210214
USDZAR,1,2026-01-06,PM,66,5,0.4230125475498515,0.31373076923076904,0.6932249011746433,0.233201013124405
USDZAR,1,2026-01-06,PA,66,5,0.7341320258162738,0.6047896282984352,0.8559597148090229,0.6974283563764132
USDZAR,1,2026-01-06,VAR1,66,5,3.369467306731908,2.434833170326244,4.746445909112147,2.296249894064011
USDZAR,1,2026-01-06,ARHinc,66,5,0.7077810841472201,0.5802123744284354,0.7987124280545387,0.6893314709383644
USDZAR,1,2026-01-06,KernelARH,66,5,0.768937687308232,0.6434811005758406,0.9178721394165039,0.7171987219902036
USDZAR,5,2026-01-12,PM,66,4,0.5171378796205722,0.47476923076923083,0.6104511135247926,0.42185449872208736
USDZAR,5,2026-01-12,PA,66,4,0.8334774787034915,0.7178493831615127,0.87751602500075,0.7920262247796527
USDZAR,5,2026-01-12,VAR1,66,4,5.093842878612012,3.59303140940725,6.905659629264468,3.5038162673040856
USDZAR,5,2026-01-12,ARHinc,66,4,0.8211566820629117,0.7074865992439671,0.8561744202344096,0.7856117755340816
USDZAR,5,2026-01-12,KernelARH,66,4,0.8218699650253306,0.7034900088649914,0.8861316716352666,0.7712823861619673
USDZAR,10,2026-01-19,PM,66,3,0.813276345076837,0.7148461538461539,1.0102899845369013,0.6193801019186752
USDZAR,10,2026-01-19,PA,66,3,1.113525148923401,0.9671617731159926,1.3273812485271441,0.9268217494282782
USDZAR,10,2026-01-19,VAR1,66,3,2.6290047276679087,2.4760170053498474,3.009298032862432,2.290496038908189
USDZAR,10,2026-01-19,ARHinc,66,3,1.0976118965762134,0.953206646786086,1.3005330415602294,0.9188894761670334
USDZAR,10,2026-01-19,KernelARH,66,3,0.9024272761519067,0.7430106995248941,1.0483062202229856,0.7756502076483501
USDZAR,1,2026-01-07,PM,66,5,0.4636015468381974,0.3656538461538465,0.7055153730551997,0.27423178510020263
USDZAR,1,2026-01-07,PA,66,5,0.7936125151757409,0.65519287780776,0.973414660549733,0.7181937544663294
USDZAR,1,2026-01-07,VAR1,66,5,20.152832611002573,14.941651716763728,27.85230348327539,14.118366695137603
USDZAR,1,2026-01-07,ARHinc,66,5,0.8668676712684285,0.7112223654103254,1.1202143588748112,0.7424786614861104
USDZAR,1,2026-01-07,KernelARH,66,5,0.8077247334451689,0.6593982098862443,1.0207936341347938,0.7131930475337254
USDZAR,5,2026-01-13,PM,66,4,0.374983653489876,0.27996153846153854,0.6104822314908569,0.2395064420863488
USDZAR,5,2026-01-13,PA,66,4,0.6724296111659382,0.5459408407319386,0.6726756486213089,0.6946897187018481
USDZAR,5,2026-01-13,VAR1,66,4,51.072372312404475,36.92604392401801,71.87909930566701,32.80762945165097
USDZAR,5,2026-01-13,ARHinc,66,4,0.6697931969794728,0.5515188020218775,0.6426577754237675,0.7002105492095414
USDZAR,5,2026-01-13,KernelARH,66,4,0.6466356027038634,0.5334427318635288,0.6150701698680405,0.683349297639973
USDZAR,10,2026-01-20,PM,66,3,0.6107258843124554,0.5158461538461538,0.7065830222083589,0.48665297031653687
USDZAR,10,2026-01-20,PA,66,3,0.9544889240124097,0.8091276557141464,1.0795682851937838,0.8373796341523586
USDZAR,10,2026-01-20,VAR1,66,3,10.472618926632888,10.368096093204253,10.685850019637941,10.228105920200774
USDZAR,10,2026-01-20,ARHinc,66,3,0.9918269218263889,0.8438987941290366,1.1460069159066402,0.8550793258248601
USDZAR,10,2026-01-20,KernelARH,66,3,0.8849075667153455,0.7186520433005577,1.0477856784120954,0.7575440867326046
USDZAR,1,2026-01-08,PM,66,5,0.1244883760406198,0.08369230769230762,0.1852236631799289,0.06919969282991595
USDZAR,1,2026-01-08,PA,66,5,0.6471821822063398,0.5288200710223221,0.6534037837147635,0.666725490015458
USDZAR,1,2026-01-08,VAR1,66,5,37.37902781441194,28.11056787591956,50.59149673048154,27.39475406690075
USDZAR,1,2026-01-08,ARHinc,66,5,0.6441159003170126,0.5259785885930249,0.6489663148857309,0.6652388877036532
USDZAR,1,2026-01-08,KernelARH,66,5,0.6383540628057931,0.5284139105678847,0.6141776807533051,0.6676603452415545
USDZAR,5,2026-01-14,PM,66,4,0.5436077400111223,0.26503846153846167,0.9843779860505525,0.221994691881248
USDZAR,5,2026-01-14,PA,66,4,0.6986513959576666,0.5637585867632049,0.7938659601768012,0.6818106594261004
USDZAR,5,2026-01-14,VAR1,66,4,109.308268065082,77.400125728537,158.2295698652275,65.89813744463369
USDZAR,5,2026-01-14,ARHinc,66,4,0.681262615953823,0.5483144059126449,0.7481167708745984,0.6781390045056861
USDZAR,5,2026-01-14,KernelARH,66,4,0.6968756648207495,0.5629360870017891,0.6489973236664396,0.7450076560096339
USDZAR,10,2026-01-21,PM,66,3,0.4185983364846214,0.2811538461538463,0.680728120059235,0.268120150366075
USDZAR,10,2026-01-21,PA,66,3,0.7079470967524731,0.5909491999019894,0.6740344358343471,0.713093536881971
USDZAR,10,2026-01-21,VAR1,66,3,10.612239306971585,10.478642541864616,10.782559183375763,10.417985698762381
USDZAR,10,2026-01-21,ARHinc,66,3,0.7122295081328082,0.5937157724006535,0.6842372330882285,0.7136755402634208
USDZAR,10,2026-01-21,KernelARH,66,3,0.696343146443035,0.5844956338922241,0.6926807046866199,0.6970003922902854
USDZAR,1,2026-01-09,PM,66,5,0.43609053179709933,0.23407692307692313,0.7569733487382206,0.18565059834091577
USDZAR,1,2026-01-09,PA,66,5,0.7213751562761477,0.5843033980314443,0.816155051024604,0.6844905078142308
USDZAR,1,2026-01-09,VAR1,66,5,21.80016597103265,17.685044371403432,26.652181554792016,18.794510506982913
USDZAR,1,2026-01-09,ARHinc,66,5,0.7104708688105812,0.575446628749828,0.7906882242224936,0.6824251485416666
USDZAR,1,2026-01-09,KernelARH,66,5,0.74782673469797,0.606470343613534,0.8700245064069141,0.6927128485932319
USDZAR,5,2026-01-15,PM,66,4,0.553724539265342,0.28607692307692295,0.9950664507639132,0.23316536185965647
USDZAR,5,2026-01-15,PA,66,4,0.7250857689098131,0.579285481557472,0.8548311305826027,0.6881289419657428
USDZAR,5,2026-01-15,VAR1,66,4,83.995179439323607,59.12996742364083,123.76877199541569,48.4603863140297
USDZAR,5,2026-01-15,ARHinc,66,4,0.7140030102426088,0.5696615783930505,0.8283304655761651,0.685537080210953
USDZAR,5,2026-01-15,KernelARH,66,4,0.6401727870964582,0.510362905707733,0.6104257835555472,0.6737532940685413
USDZAR,10,2026-01-22,PM,66,3,0.23533660426651068,0.2027307692307691,0.31718342344568473,0.20612772195121729
USDZAR,10,2026-01-22,PA,66,3,0.723976054550067,0.6007136203403519,0.7580881232374477,0.713602174596454
USDZAR,10,2026-01-22,VAR1,66,3,5.595180065360458,5.460058105733412,5.200572665774858,5.775829983066639
USDZAR,10,2026-01-22,ARHinc,66,3,0.7310992643203031,0.6075898809890263,0.7754452037049924,0.7153500045668589
USDZAR,10,2026-01-22,KernelARH,66,3,0.8706426567361502,0.716176592058891,1.1047748242694941,0.73816003066736
USDZAR,1,2026-01-12,PM,66,5,0.18770245480137318,0.10680769230769224,0.32440709055100275,0.08833476620110653
USDZAR,1,2026-01-12,PA,66,5,0.627792019072121,0.5043570879721652,0.5999887447419928,0.6646377192124769
USDZAR,1,2026-01-12,VAR1,66,5,5.7862434416860244,4.256757216391869,8.680119544248756,3.3069785061057213
USDZAR,1,2026-01-12,ARHinc,66,5,0.6280183806755275,0.5059431267603867,0.6008202159718353,0.664545344391086
USDZAR,1,2026-01-12,KernelARH,66,5,0.6559127635396098,0.548974570078828,0.6383474637415454,0.6783154407052179
USDZAR,5,2026-01-16,PM,66,4,0.16219157120279334,0.09938461538461553,0.2737550476717983,0.10348245711459796
USDZAR,5,2026-01-16,PA,66,4,0.626225501925969,0.4931522319290734,0.5779319632865995,0.6692665165221349
USDZAR,5,2026-01-16,VAR1,66,4,3.2696827411519864,2.330949296595555,4.673022175106403,2.182052584272539
USDZAR,5,2026-01-16,ARHinc,66,4,0.6263223425265573,0.49670921454284894,0.5834439470219851,0.667691255435635
USDZAR,5,2026-01-16,KernelARH,66,4,0.6781746911543504,0.5692524807985143,0.6496041450222374,0.7056740184132942
USDZAR,10,2026-01-23,PM,66,3,0.5119388579027474,0.445192307692308,0.7372545106173608,0.3650780976204195
USDZAR,10,2026-01-23,PA,66,3,0.9046175395590003,0.7691166079736108,1.143616998315515,0.778628110395851
USDZAR,10,2026-01-23,VAR1,66,3,2.0267511570062964,1.855937576745097,2.443739362546649,1.7493118206111162
USDZAR,10,2026-01-23,ARHinc,66,3,0.870553351675067,0.736417332340225,1.087394837766791,0.7609368429699435
USDZAR,10,2026-01-23,KernelARH,66,3,1.0009827027217026,0.8289550635051374,1.3195529583121088,0.7984744178197297
USDZAR,1,2026-01-13,PM,66,5,0.19584972653699412,0.12469230769230773,0.32515015106963313,0.09261732054674268
USDZAR,1,2026-01-13,PA,66,5,0.6360044419583055,0.5141204623655117,0.6256523367344945,0.6664826925407228
USDZAR,1,2026-01-13,VAR1,66,5,7.124262239952122,5.797835663769514,8.350222378290358,6.602736940666021
USDZAR,1,2026-01-13,ARHinc,66,5,0.665017114616051,0.5414061924646276,0.7072353592691853,0.6722142906568792
USDZAR,1,2026-01-13,KernelARH,66,5,0.6280554635510612,0.5044425295592282,0.6012266726323482,0.665158011975311
USDZAR,5,2026-01-19,PM,66,4,0.31805115698820924,0.24303846153846173,0.4264101566970916,0.2131087769677508
USDZAR,5,2026-01-19,PA,66,4,0.7320467077755813,0.6004535426843634,0.760936533938184,0.7094529027768776
USDZAR,5,2026-01-19,VAR1,66,4,17.674445505505833,12.258931601121587,26.37830083721997,9.639178885413255
USDZAR,5,2026-01-19,ARHinc,66,4,0.6958067134550204,0.5697696487269841,0.6891504216719768,0.6966207143463298
USDZAR,5,2026-01-19,KernelARH,66,4,0.7501168054433629,0.6237804977944413,0.763199235572736,0.7249982901223452
USDZAR,10,2026-01-26,PM,66,3,0.9267688907829597,0.7340000000000001,1.433881489327852,0.5373068004374673
USDZAR,10,2026-01-26,PA,66,3,1.2894724072838721,1.0501850574979832,1.8318450350853592,0.9072171041821037
USDZAR,10,2026-01-26,VAR1,66,3,5.224241304292131,5.095497273546176,5.7726484388756925,4.831802531569515
USDZAR,10,2026-01-26,ARHinc,66,3,1.2160243900313956,0.9927923106097707,1.7092816666484405,0.8755799754118293
USDZAR,10,2026-01-26,KernelARH,66,3,1.3051864966207058,1.082791491866639,1.8100924840020993,0.935124542962541
USDZAR,1,2026-01-14,PM,66,5,0.17835775953015173,0.12257692307692312,0.2752767195715311,0.09182881739160038
USDZAR,1,2026-01-14,PA,66,5,0.6585138425547379,0.5419887565069562,0.6382104932117947,0.6769281251375103
USDZAR,1,2026-01-14,VAR1,66,5,10.309524078760115,8.184502373679829,12.415263114486045,9.38647960807526
USDZAR,1,2026-01-14,ARHinc,66,5,0.681425061288559,0.5635633081205038,0.687316962520701,0.6833859381290839
USDZAR,1,2026-01-14,KernelARH,66,5,0.6717771773290003,0.5566927496252475,0.6658382794592449,0.6803301386863602
USDZAR,5,2026-01-20,PM,66,4,0.6182186724154138,0.45011538461538453,0.92877263911375,0.3554984801940213
USDZAR,5,2026-01-20,PA,66,4,0.8816822789840665,0.7115205996843579,1.0659162333603305,0.7582828784398049
USDZAR,5,2026-01-20,VAR1,66,4,23.223483289507243,16.025564702427037,34.75390093529042,12.561538483265867
USDZAR,5,2026-01-20,ARHinc,66,4,0.8832002774442733,0.7124581866357642,1.0693078484762222,0.757910117688954
USDZAR,5,2026-01-20,KernelARH,66,4,0.7699802238000464,0.6459831563535815,0.8470924793377882,0.7217661313163916
USDZAR,10,2026-01-27,PM,66,3,1.2252412242870006,0.9425769230769231,1.925471845160144,0.6811715356954147
USDZAR,10,2026-01-27,PA,66,3,1.441509289968178,1.1646661816424932,2.0930123294414855,0.9754226043559481
USDZAR,10,2026-01-27,VAR1,66,3,8.110158781381754,7.954848625942872,8.470509049686262,7.831681896781513
USDZAR,10,2026-01-27,ARHinc,66,3,1.4395093905496819,1.1614749250212202,2.0914223016514577,0.972568511127174
USDZAR,10,2026-01-27,KernelARH,66,3,1.3759516197754995,1.129057932553654,1.941744880905412,0.9599232355407601
USDZAR,1,2026-01-15,PM,66,5,0.11251025594277031,0.07903846153846149,0.16743829075553,0.06478532350316504
USDZAR,1,2026-01-15,PA,66,5,0.6316481470441065,0.5124199296806831,0.5853734908504808,0.6690220784783979
USDZAR,1,2026-01-15,VAR1,66,5,7.721986167124321,6.172388957290458,8.926900973100597,7.300363503617379
USDZAR,1,2026-01-15,ARHinc,66,5,0.624665754637165,0.5066885843932882,0.5740106155514002,0.6666234235099898
USDZAR,1,2026-01-15,KernelARH,66,5,0.626080485830885,0.5136036107653099,0.5754921256904508,0.6690124628646487
USDZAR,5,2026-01-21,PM,66,4,0.33388116840484516,0.25673076923076926,0.4629760357864014,0.22734718812004023
USDZAR,5,2026-01-21,PA,66,4,0.7286793130423521,0.5958807166628215,0.7605078353785668,0.7094071869860591
USDZAR,5,2026-01-21,VAR1,66,4,29.49152441611177,20.386145110215875,44.20216537721124,15.886562286264978
USDZAR,5,2026-01-21,ARHinc,66,4,0.728725011761861,0.5959362349722196,0.7626898863108186,0.7086759696847821
USDZAR,5,2026-01-21,KernelARH,66,4,0.6815951914028672,0.5713701356492007,0.6730040379041778,0.6889350555728682
USDZAR,10,2026-01-28,PM,66,3,1.2101804140769195,0.9073076923076924,1.9059531192147008,0.6495546431315641
USDZAR,10,2026-01-28,PA,66,3,1.5100198173045538,1.1922670013391807,2.2063866612423766,0.9862680795119666
USDZAR,10,2026-01-28,VAR1,66,3,6.998722610311565,6.836178767128362,7.621424115978784,6.521305139262049
USDZAR,10,2026-01-28,ARHinc,66,3,1.5063961775729566,1.1886649892702534,2.202104769418655,0.9840398217621107
USDZAR,10,2026-01-28,KernelARH,66,3,1.4113909356966627,1.1059675206575161,2.0257577748492017,0.9415657879074775
USDZAR,1,2026-01-16,PM,66,5,0.02955112909465949,0.01949999999999991,0.04764470984838207,0.015387736479325322
USDZAR,1,2026-01-16,PA,66,5,0.6230439203353312,0.508980177211633,0.5695511607603247,0.6658434745245231
USDZAR,1,2026-01-16,VAR1,66,5,6.7958405870737515,5.497282819985112,7.964568136534996,6.324484299943468
USDZAR,1,2026-01-16,ARHinc,66,5,0.6219246918519459,0.5085962029187304,0.5690431026650165,0.6656768851723049
USDZAR,1,2026-01-16,KernelARH,66,5,0.6250963190113038,0.5157658494633232,0.5717782056072614,0.6695427672099025
USDZAR,5,2026-01-22,PM,66,4,0.4361162181910124,0.30150000000000005,0.7422633141820052,0.2200704015024354
USDZAR,5,2026-01-22,PA,66,4,0.8053683738500451,0.6566178678547173,1.0085775522161406,0.7128324082574761
USDZAR,5,2026-01-22,VAR1,66,4,21.81362698399689,15.00371981956717,32.91392501770139,11.61654055625906
USDZAR,5,2026-01-22,ARHinc,66,4,0.799439507473508,0.6518192121181119,0.9966722336573807,0.7109919252007805
USDZAR,5,2026-01-22,KernelARH,66,4,0.7796556556206102,0.6515871037635965,0.9424657672847143,0.7106015330457541
USDZAR,10,2026-01-29,PM,66,3,1.7969650295171835,1.426769230769231,2.7785143141565327,1.036659714944031
USDZAR,10,2026-01-29,PA,66,3,2.1334655071811266,1.681233947285698,3.195404715212794,1.3126451067871059
USDZAR,10,2026-01-29,VAR1,66,3,5.933814921869347,5.7645369471765475,6.792222122072823,5.347624982416027
USDZAR,10,2026-01-29,ARHinc,66,3,2.113962647201474,1.666792833225857,3.164823817825935,1.3032695384915818
USDZAR,10,2026-01-29,KernelARH,66,3,1.9648119438715108,1.5447947615359936,2.9223652089775323,1.2156345750899002
USDZAR,1,2026-01-19,PM,66,5,0.2250050213114914,0.17300000000000015,0.2891595372612408,0.15065272523718948
USDZAR,1,2026-01-19,PA,66,5,0.6744094096142251,0.550153298778972,0.6561019147214656,0.68565417155627
USDZAR,1,2026-01-19,VAR1,66,5,5.89601256706447,4.42585226800441,7.932541723134534,4.544428017741401
USDZAR,1,2026-01-19,ARHinc,66,5,0.6897846378565382,0.5652810214372987,0.6864244154612855,0.6911359797920299
USDZAR,1,2026-01-19,KernelARH,66,5,0.6856202329261419,0.5621621174056581,0.6774878253313242,0.6899350899811934
USDZAR,5,2026-01-23,PM,66,4,0.54694580310892,0.4262692307692309,0.8782503975184769,0.3163664519723027
USDZAR,5,2026-01-23,PA,66,4,0.8649740166770273,0.7187795035970592,1.1033579619568294,0.7441121768891994
USDZAR,5,2026-01-23,VAR1,66,4,6.534833448722443,4.476009269208297,9.925535534838069,3.466286731034206
USDZAR,5,2026-01-23,ARHinc,66,4,0.8683364370409843,0.7223608041637818,1.1085581464354402,0.746123411875976
USDZAR,5,2026-01-23,KernelARH,66,4,0.8720184730588297,0.713656324561849,1.1234985333730017,0.735488852927918
USDZAR,10,2026-01-30,PM,66,3,2.376252969083242,1.8216538461538463,3.7365322102000347,1.299126247173021
USDZAR,10,2026-01-30,PA,66,3,2.68594975160371,2.0527636528814908,4.128558788110771,1.550361908779317
USDZAR,10,2026-01-30,VAR1,66,3,4.192304071314858,3.8928462384572953,5.441739556205765,3.3475695922137834
USDZAR,10,2026-01-30,ARHinc,66,3,2.6908832886517056,2.057495651441822,4.135066825433059,1.5541920827582179
USDZAR,10,2026-01-30,KernelARH,66,3,2.641772310800387,2.031138236905308,4.03567801298,1.5350699154845884
USDZAR,1,2026-01-20,PM,66,5,0.1457520286176279,0.0959615384615385,0.23115741588609173,0.08185083631811362
USDZAR,1,2026-01-20,PA,66,5,0.6672081375673884,0.5401551692263061,0.6587980282606877,0.679729829637014
USDZAR,1,2026-01-20,VAR1,66,5,10.85449050207287,8.299044425346146,13.946975720017004,8.92918285584171
USDZAR,1,2026-01-20,ARHinc,66,5,0.6427989329989046,0.5214474067011284,0.6046975038376949,0.6728342295892354
USDZAR,1,2026-01-20,KernelARH,66,5,0.6419381902455181,0.5239466981775063,0.5994087844070862,0.6745858883900011
USDZAR,5,2026-01-26,PM,66,4,0.6768468324631389,0.49392307692307713,1.0985534464345055,0.37080432504104693
USDZAR,5,2026-01-26,PA,66,4,1.0182922171180135,0.8179585436131834,1.4069228398831835,0.7799686581990648
USDZAR,5,2026-01-26,VAR1,66,4,21.648844472692268,14.581154681808245,32.79960020037274,11.313440843643486
USDZAR,5,2026-01-26,ARHinc,66,4,0.9833442804678316,0.785935254343111,1.3509059276585138,0.7632945645551262
USDZAR,5,2026-01-26,KernelARH,66,4,1.039169420932701,0.8299810720303378,1.4310325958300973,0.7867667679503355
USDZAR,10,2026-02-02,PM,66,3,2.0751720155762436,1.6435769230769228,3.227175702207526,1.1872369641198306
USDZAR,10,2026-02-02,PA,66,3,2.5388441377048716,1.958870374292886,3.8657158577847746,1.4860744049739258
USDZAR,10,2026-02-02,VAR1,66,3,7.06560140846483,6.791443514180872,8.256782160909832,6.235430061834998
USDZAR,10,2026-02-02,ARHinc,66,3,2.4829388053664654,1.911042921969105,3.7867858005659505,1.4495701972610076
USDZAR,10,2026-02-02,KernelARH,66,3,2.3348029165647173,1.810464461603269,3.527578203561199,1.3792810786602463
USDZAR,1,2026-01-21,PM,66,5,0.13615407703152932,0.08161538461538445,0.21954780335122642,0.06515992075096906
USDZAR,1,2026-01-21,PA,66,5,0.637557797187767,0.5198563979445925,0.6150316502347856,0.6677740395329117
USDZAR,1,2026-01-21,VAR1,66,5,4.955645830524655,3.645125817758082,6.802044013546358,3.598051516707538
USDZAR,1,2026-01-21,ARHinc,66,5,0.6403221935676819,0.5248567208183036,0.6222776954706405,0.6687529448226135
USDZAR,1,2026-01-21,KernelARH,66,5,0.6621997763395047,0.5434162479504329,0.6820639090995086,0.6735396383320621
USDZAR,5,2026-01-27,PM,66,4,0.7012177594398522,0.497192307692308,1.1167081760675686,0.40005850634561374
USDZAR,5,2026-01-27,PA,66,4,1.027563917050251,0.8201734065591263,1.4241055507903395,0.7842035299708814
USDZAR,5,2026-01-27,VAR1,66,4,4.005190470188748,2.7497212920843994,6.107177526270066,2.1308078615822814
USDZAR,5,2026-01-27,ARHinc,66,4,1.0309763202370212,0.820266410342602,1.4322365349193293,0.7836418167267397
USDZAR,5,2026-01-27,KernelARH,66,4,1.150169716644284,0.9120130013426102,1.6206753591304563,0.8296139285999372
USDZAR,10,2026-02-03,PM,66,3,1.6015377676326732,1.3373076923076923,2.3784973772394165,0.9936131232793987
USDZAR,10,2026-02-03,PA,66,3,2.0259279311270557,1.6329505156309234,2.9608102380260455,1.2817027158492427
USDZAR,10,2026-02-03,VAR1,66,3,2.769243849378526,2.496337973441558,3.642996160305184,2.117552094403592
USDZAR,10,2026-02-03,ARHinc,66,3,2.010883614664078,1.619281536070303,2.9409408514974307,1.2714440864815983
USDZAR,10,2026-02-03,KernelARH,66,3,2.008398999108461,1.6245879931102398,2.909877505479259,1.2767449096297703
USDZAR,1,2026-01-22,PM,66,5,0.31062057921324077,0.19103846153846135,0.5311495745110336,0.15966115820983118
USDZAR,1,2026-01-22,PA,66,5,0.6666508037350012,0.5366911306921213,0.7004740060293508,0.6774697829280589
USDZAR,1,2026-01-22,VAR1,66,5,6.837325085921529,5.421171819076822,8.498482313352119,5.558652558426505
USDZAR,1,2026-01-22,ARHinc,66,5,0.6660262850567872,0.5324263817045749,0.6956594158889592,0.6785747051204142
USDZAR,1,2026-01-22,KernelARH,66,5,0.6567916426428403,0.5298469906115822,0.6679120534123455,0.676718728881671
USDZAR,5,2026-01-28,PM,66,4,0.9654735286973871,0.6694230769230767,1.5315835213477194,0.5120213334017835
USDZAR,5,2026-01-28,PA,66,4,1.2118799781929328,0.9520527450828123,1.7381240509204903,0.8464500113242648
USDZAR,5,2026-01-28,VAR1,66,4,5.817285480883931,4.05984604685688,8.923453458762191,3.07707039731037
USDZAR,5,2026-01-28,ARHinc,66,4,1.197441580586393,0.9456911277119256,1.7064703751078367,0.8454425068755016
USDZAR,5,2026-01-28,KernelARH,66,4,1.2972742573044946,1.0078704682264028,1.8621149264484702,0.8830283692606582
USDZAR,10,2026-02-04,PM,66,3,1.677208016546913,1.394576923076923,2.516610851075693,1.027390988116597
USDZAR,10,2026-02-04,PA,66,3,2.1812459011104193,1.7343421883220127,3.226751310905214,1.342723015321595
USDZAR,10,2026-02-04,VAR1,66,3,2.4603018918215827,2.207403880706651,3.239180454485939,1.9071889401546909
USDZAR,10,2026-02-04,ARHinc,66,3,2.1623096123645222,1.729596792763757,3.185393645154743,1.3442177969677855
USDZAR,10,2026-02-04,KernelARH,66,3,1.9498901316051571,1.5760256384252775,2.8362787718631695,1.2417640615902612
USDZAR,1,2026-01-23,PM,66,5,0.14414219074874013,0.12334615384615397,0.1936053122923592,0.11158656050662107
USDZAR,1,2026-01-23,PA,66,5,0.6380413607108346,0.5129656761730612,0.6052851893795497,0.6739790979781615
USDZAR,1,2026-01-23,VAR1,66,5,9.441003837691206,7.077267214542693,13.260734345422364,6.249152447463582
USDZAR,1,2026-01-23,ARHinc,66,5,0.6843183653592457,0.5598464078967064,0.7231669522600832,0.688825803414472
USDZAR,1,2026-01-23,KernelARH,66,5,0.7210131712681298,0.5976087162305997,0.8052058881379434,0.6991228147198989
USDZAR,5,2026-01-29,PM,66,4,1.387590156461083,1.125269230769231,2.0729505655384273,0.8282394849026583
USDZAR,5,2026-01-29,PA,66,4,1.5394045927322773,1.2666980931563343,2.214626968982921,1.0629033687030809
USDZAR,5,2026-01-29,VAR1,66,4,16.580405886574265,11.46944183553062,25.102977423978363,8.877528349331689
USDZAR,5,2026-01-29,ARHinc,66,4,1.5784518795725566,1.2975002651226861,2.278625612384683,1.0826484562210617
USDZAR,5,2026-01-29,KernelARH,66,4,1.8804391548539072,1.5069106765245996,2.7883035355878096,1.205580590383944
USDZAR,10,2026-02-05,PM,66,3,1.9751294139683804,1.6720000000000002,2.8901549050480395,1.247146682005078
USDZAR,10,2026-02-05,PA,66,3,2.4484516855499083,1.9755422516726995,3.609594833099819,1.5365792022474
USDZAR,10,2026-02-05,VAR1,66,3,2.229443109548073,1.5973865215052196,3.4873712179526044,1.2625333246317028
USDZAR,10,2026-02-05,ARHinc,66,3,2.4939716524859725,2.0086670683341445,3.681688319386946,1.5596882820109579
USDZAR,10,2026-02-05,KernelARH,66,3,2.5170918260197275,2.021825692549788,3.7247864046152985,1.5670649317422058
USDZAR,1,2026-01-26,PM,66,5,0.3164889261642741,0.23269230769230775,0.4664525233717984,0.17613916009986708
USDZAR,1,2026-01-26,PA,66,5,0.6952573937076904,0.5686556226196161,0.7538061535319024,0.6860685947801137
USDZAR,1,2026-01-26,VAR1,66,5,18.000413786740403,13.069734678709802,26.288176845322674,10.763524037704768
USDZAR,1,2026-01-26,ARHinc,66,5,0.684356400770861,0.5588753645146524,0.7300393614777493,0.682513100186384
USDZAR,1,2026-01-26,KernelARH,66,5,0.6558060295690502,0.5277924641570572,0.6643649708078815,0.6736794635816157
USDZAR,5,2026-01-30,PM,66,4,1.8406415060641639,1.395384615384615,2.872148744102344,0.9941119020125924
USDZAR,5,2026-01-30,PA,66,4,1.9812587300008735,1.5434779727099381,3.018980740766431,1.2086460060493025
USDZAR,5,2026-01-30,VAR1,66,4,51.71744661205723,34.40774854058746,78.56410390402115,26.700855204818616
USDZAR,5,2026-01-30,ARHinc,66,4,1.951720122725145,1.5186904491129651,2.975149294668767,1.191753975892741
USDZAR,5,2026-01-30,KernelARH,66,4,2.32300259968683,1.7840515078313106,3.57260264599848,1.3643917451888183
USDZAR,10,2026-02-06,PM,66,3,1.7278707021827582,1.4898846153846153,2.463031561621547,1.1221741475265616
USDZAR,10,2026-02-06,PA,66,3,2.2608157529855197,1.8420126488247337,3.275805474335134,1.4447466740517176
USDZAR,10,2026-02-06,VAR1,66,3,4.15960684193333,3.7393269189586236,3.3237354467915914,4.690937144043
USDZAR,10,2026-02-06,ARHinc,66,3,2.22222727437544,1.8109153902169892,3.2193581181329742,1.4219365886800857
USDZAR,10,2026-02-06,KernelARH,66,3,2.332358726277901,1.8972087372925122,3.3879853723191635,1.4851642678714307
USDZAR,1,2026-01-27,PM,66,5,0.12111064553348924,0.09380769230769237,0.18121200341072027,0.07947265243958872
USDZAR,1,2026-01-27,PA,66,5,0.636650337887322,0.5068772582536895,0.6100569987849676,0.671016140429763
USDZAR,1,2026-01-27,VAR1,66,5,20.419670700773356,14.803164251982896,29.69676201310672,12.359494846805559
USDZAR,1,2026-01-27,ARHinc,66,5,0.6331918426813097,0.4996867218240277,0.5927408099700874,0.6708997625334255
USDZAR,1,2026-01-27,KernelARH,66,5,0.6843636796916108,0.5513533452551463,0.6920305340178843,0.6851290782080539
USDZAR,5,2026-02-02,PM,66,4,1.4296271198893356,1.1496538461538461,2.1713963019307547,0.8351251117310718
USDZAR,5,2026-02-02,PA,66,4,1.5758309169205098,1.2879873339016947,2.2947824351106227,1.0712860931552868
USDZAR,5,2026-02-02,VAR1,66,4,77.4451051215715,51.45767961769713,117.85959422551788,39.89002567541295
USDZAR,5,2026-02-02,ARHinc,66,4,1.51147211582703,1.2391937938777149,2.191062765730356,1.0421184203263751
USDZAR,5,2026-02-02,KernelARH,66,4,1.6458287658332216,1.3348794248700322,2.4192430536001983,1.0916834645833253
USDZAR,10,2026-02-09,PM,66,3,1.2896535014670234,1.1658846153846152,1.7163428187043777,0.925077899664028
USDZAR,10,2026-02-09,PA,66,3,2.0813360107732435,1.7112668739974963,2.9483691774412053,1.3568867361926504
USDZAR,10,2026-02-09,VAR1,66,3,4.317333729918839,3.9061036764604418,3.3483148045258044,4.8801569889851955
USDZAR,10,2026-02-09,ARHinc,66,3,2.0358408591612345,1.6782318235374114,2.875170889400984,1.3352506163075164
USDZAR,10,2026-02-09,KernelARH,66,3,2.139245779516393,1.772401691590791,3.0196509986490834,1.412935338829887
USDZAR,1,2026-01-28,PM,66,5,0.1876580103436937,0.14400000000000007,0.2658837370868969,0.12534674437365062
USDZAR,1,2026-01-28,PA,66,5,0.656980699303344,0.5350261345501978,0.6515570631097514,0.6796003839807562
USDZAR,1,2026-01-28,VAR1,66,5,22.707061159032833,16.612615370005678,32.384712063319974,14.55224640136287
USDZAR,1,2026-01-28,ARHinc,66,5,0.654546529972753,0.5325455270306254,0.644576493414506,0.6792422552371911
USDZAR,1,2026-01-28,KernelARH,66,5,0.6473680987946181,0.5240756089696146,0.6081034643160707,0.6823778984171212
USDZAR,5,2026-02-03,PM,66,4,0.9670401660180966,0.8405384615384616,1.34528195513788,0.6363432850682897
USDZAR,5,2026-02-03,PA,66,4,1.145468370001,0.9852084465683617,1.4795361107824383,0.9198228039288571
USDZAR,5,2026-02-03,VAR1,66,4,103.47758800166818,68.00887144478557,157.33212174015281,53.12047986168278
USDZAR,5,2026-02-03,ARHinc,66,4,1.1282882435843806,0.9702669274379628,1.451392704897668,0.911396180871884
USDZAR,5,2026-02-03,KernelARH,66,4,1.1111389418506707,0.9533552495945588,1.4293570803252305,0.8988115065422163
USDZAR,10,2026-02-10,PM,66,3,1.0597663702983713,0.9748076923076923,1.303940649616723,0.8148182552386
USDZAR,10,2026-02-10,PA,66,3,1.856124390087562,1.5504733021021628,2.556020144277885,1.2572020255255891
USDZAR,10,2026-02-10,VAR1,66,3,9.901113015118211,9.245222531836513,8.602834591418514,10.557888290322937
USDZAR,10,2026-02-10,ARHinc,66,3,1.8406540072632953,1.5382475919818612,2.5323607651758326,1.2487841508122295
USDZAR,10,2026-02-10,KernelARH,66,3,1.9583903638421896,1.6464153082217925,2.6939642391796044,1.3390644175385433
USDZAR,1,2026-01-29,PM,66,5,0.6861509491358297,0.5890769230769229,1.0185894100993316,0.45101078962433994
USDZAR,1,2026-01-29,PA,66,5,0.9117145395280309,0.7913500393281933,1.146626450173001,0.8039628251389881
USDZAR,1,2026-01-29,VAR1,66,5,17.164644109569476,13.1290465992013,23.291106090169166,12.247169039685275
USDZAR,1,2026-01-29,ARHinc,66,5,0.8580842509308396,0.7486855148389596,1.0272834898696943,0.7925939663754784
USDZAR,1,2026-01-29,KernelARH,66,5,0.7855347410470388,0.6831915983467518,0.8920262180873637,0.7607087408740029
USDZAR,5,2026-02-04,PM,66,4,0.8158672238318418,0.7308461538461535,1.1046774117612963,0.6035229330532144
USDZAR,5,2026-02-04,PA,66,4,1.0060458693316088,0.8754124927906884,1.2054484846467683,0.8955574765035713
USDZAR,5,2026-02-04,VAR1,66,4,102.57283163531329,67.85640712539265,155.5008821886956,52.9634006249587
USDZAR,5,2026-02-04,ARHinc,66,4,0.96711738613592,0.8453249237926845,1.1215247695274786,0.8856803407490508
USDZAR,5,2026-02-04,KernelARH,66,4,0.9795272953747433,0.8542831243631387,1.1813993688524624,0.8683790729790299
USDZAR,10,2026-02-11,PM,66,3,0.8143572855089704,0.7406538461538462,0.8747178518701926,0.7375820455172833
USDZAR,10,2026-02-11,PA,66,3,1.6536402634240406,1.4016031034625374,2.210743749243344,1.1720014705961082
USDZAR,10,2026-02-11,VAR1,66,3,10.85861386159983,10.345149588381943,10.459792894708032,10.953680414510275
USDZAR,10,2026-02-11,ARHinc,66,3,1.6526495969230368,1.4043731335636116,2.200563045242675,1.1778302758227324
USDZAR,10,2026-02-11,KernelARH,66,3,1.6964332285990746,1.4486673137697572,2.2618449976444155,1.2180061080981441
USDZAR,1,2026-01-30,PM,66,5,0.6458153388725579,0.3951153846153849,1.0643772784046506,0.3062185688149798
USDZAR,1,2026-01-30,PA,66,5,0.9211411643466442,0.7167090868623227,1.2780270500360114,0.7456026813369112
USDZAR,1,2026-01-30,VAR1,66,5,48.96518262068001,35.163303759056866,70.36980348986107,30.50928914964733
USDZAR,1,2026-01-30,ARHinc,66,5,0.8425921888272087,0.6636078033235686,1.120098165569833,0.7226501604991156
USDZAR,1,2026-01-30,KernelARH,66,5,0.7491273240131276,0.6055819222745779,0.8537069727672811,0.7164166208316312
USDZAR,5,2026-02-05,PM,66,4,0.6645729904347487,0.5467307692307694,0.9231893978192324,0.4708159528295709
USDZAR,5,2026-02-05,PA,66,4,0.8955932321714779,0.7521973925493539,1.084528622194821,0.8095290210106111
USDZAR,5,2026-02-05,VAR1,66,4,328.68053226434154,219.4558242358751,498.15029164102594,170.79407803100958
USDZAR,5,2026-02-05,ARHinc,66,4,0.7847810857381202,0.6574609947931848,0.8782322940399895,0.7531932013053754
USDZAR,5,2026-02-05,KernelARH,66,4,0.8147148419781226,0.6819016351266581,0.9481415815352829,0.762459857105864
USDZAR,10,2026-02-12,PM,66,3,0.5882487863271669,0.4213076923076923,0.9151446455368262,0.4021325779076193
USDZAR,10,2026-02-12,PA,66,3,0.8790170346026839,0.7300538528442291,0.988486489046927,0.7751467929928841
USDZAR,10,2026-02-12,VAR1,66,3,38.14228864792392,36.76323583550692,44.591288341775346,32.88578449291809
USDZAR,10,2026-02-12,ARHinc,66,3,0.7952883796585689,0.6654610256580851,0.8409071353653959,0.7384222861231513
USDZAR,10,2026-02-12,KernelARH,66,3,1.3549401423303489,1.1738854921790156,1.7192212674916887,1.0583750077732734
USDZAR,1,2026-02-02,PM,66,5,0.18771551716524487,0.14026923076923065,0.2983997573018751,0.12344457054064202
USDZAR,1,2026-02-02,PA,66,5,0.6949723198726756,0.5557150736741968,0.6810500523683198,0.6968073946891359
USDZAR,1,2026-02-02,VAR1,66,5,102.68931217172532,73.51980175518501,149.65364740917377,61.592366896385514
USDZAR,1,2026-02-02,ARHinc,66,5,0.6748341061218199,0.5475928388210424,0.668575291085039,0.684377040568172
USDZAR,1,2026-02-02,KernelARH,66,5,1.2043960991044955,0.9990882794152048,1.689206082181622,0.90446227288939
USDZAR,5,2026-02-06,PM,66,4,0.40560750969758563,0.3371923076923078,0.5590028150565627,0.3322926619180182
USDZAR,5,2026-02-06,PA,66,4,0.7773146169943932,0.6487676283088212,0.7751490921903391,0.7654716258105966
USDZAR,5,2026-02-06,VAR1,66,4,494.59141809516984,331.68537834855096,749.4880132424465,257.69826513738946
USDZAR,5,2026-02-06,ARHinc,66,4,0.7286007268850776,0.6104213554441815,0.6836000865930233,0.7452553630596815
USDZAR,5,2026-02-06,KernelARH,66,4,2.304715985550285,1.892131947080399,3.329490339252079,1.5023510791226766
USDZAR,10,2026-02-13,PM,66,3,1.0208620508781177,0.6159999999999998,1.749501929426512,0.4741501728723538
USDZAR,10,2026-02-13,PA,66,3,0.7247413688725832,0.5941416190280507,0.7837598644914469,0.6999036318064707
USDZAR,10,2026-02-13,VAR1,66,3,91.89665390456834,86.29852195778601,116.25720476773715,71.69508537199964
USDZAR,10,2026-02-13,ARHinc,66,3,0.6973587194386645,0.573332470423857,0.7229539602384036,0.6907337048590619
USDZAR,10,2026-02-13,KernelARH,66,3,1.4805993324217441,1.28579847954438,1.895648215961689,1.1395333155988874
USDZAR,1,2026-02-03,PM,66,5,0.4100051594422084,0.22384615384615386,0.6998794454038033,0.18029856252849702
USDZAR,1,2026-02-03,PA,66,5,0.7334412531033374,0.5916580740661022,0.7992484909099133,0.6943227398643823
USDZAR,1,2026-02-03,VAR1,66,5,46.641520526354434,33.97039069580335,66.28767620095313,30.02390106709991
USDZAR,1,2026-02-03,ARHinc,66,5,0.7554243354949424,0.6091477705387657,0.8464391511928547,0.6997284719954823
USDZAR,1,2026-02-03,KernelARH,66,5,2.091910864222263,1.588100659156771,2.99970228147152,1.329513108790945
USDZAR,5,2026-02-09,PM,66,4,0.3730667474821672,0.28238461538461523,0.5874899138456136,0.24651530447452807
USDZAR,5,2026-02-09,PA,66,4,0.7309615395662715,0.5990511623505679,0.7378976715298848,0.7234180198547353
USDZAR,5,2026-02-09,VAR1,66,4,197.96154809789218,132.42910152510848,299.4674054581914,103.04303609964906
USDZAR,5,2026-02-09,ARHinc,66,4,0.7377980662370266,0.6062865648335687,0.7474018725668496,0.7287743741802216
USDZAR,5,2026-02-09,KernelARH,66,4,1.8546733290460093,1.403972555899902,2.6897873791306277,1.1601826028741704
USDZAR,10,2026-02-16,PM,66,3,1.1642330134536578,0.6598461538461535,1.99437093407734,0.5093658653758033
USDZAR,10,2026-02-16,PA,66,3,0.925189862567395,0.7351129444818293,1.2678480911024885,0.7343685452228687
USDZAR,10,2026-02-16,VAR1,66,3,76.6453026104342,70.06590707782125,101.23268675946213,55.80545641790359
USDZAR,10,2026-02-16,ARHinc,66,3,1.0025804954580848,0.7853977917700972,1.4147682129272867,0.7568358852617606
USDZAR,10,2026-02-16,KernelARH,66,3,1.6979689119015695,1.2700298721840007,2.53866884298821,1.0824035738445081
USDZAR,1,2026-02-04,PM,66,5,0.09076703061218792,0.06573076923076927,0.12193226993595162,0.05832825203922106
USDZAR,1,2026-02-04,PA,66,5,0.6430926935730855,0.5243077846007961,0.6162576694917501,0.6679571871223763
USDZAR,1,2026-02-04,VAR1,66,5,12.960453752950563,9.820919796124498,17.945588248903373,8.855170638893004
USDZAR,1,2026-02-04,ARHinc,66,5,0.645618713017548,0.5236927832264796,0.6156533074709447,0.6696470154990286
USDZAR,1,2026-02-04,KernelARH,66,5,0.7006290171433629,0.5680152639573388,0.7811989911059257,0.6861723061140249
USDZAR,5,2026-02-10,PM,66,4,0.259887549647032,0.2178846153846154,0.2989268648809465,0.24292098160627487
USDZAR,5,2026-02-10,PA,66,4,0.6820918116878149,0.5596101472556076,0.6316015151230582,0.7098162859912623
USDZAR,5,2026-02-10,VAR1,66,4,44.919451237778766,30.27190145492056,68.04211871004004,23.628818088491542
USDZAR,5,2026-02-10,ARHinc,66,4,0.6915162232191095,0.5691744392343574,0.6487201687227476,0.7150551428589189
USDZAR,5,2026-02-10,KernelARH,66,4,1.0099925695167702,0.867019496550701,1.0530555492744853,0.9552260757013312
USDZAR,10,2026-02-17,PM,66,3,0.6121202511950385,0.37892307692307725,1.0284026262891721,0.2961728290843957
USDZAR,10,2026-02-17,PA,66,3,0.6989637233478947,0.5599858269455011,0.7565142703875994,0.6819620976637341
USDZAR,10,2026-02-17,VAR1,66,3,13.509169292073826,12.09054633476742,18.27522760885405,9.414436200591021
USDZAR,10,2026-02-17,ARHinc,66,3,0.6949687495043898,0.5558919146495106,0.7465654954069962,0.6812012421281702
USDZAR,10,2026-02-17,KernelARH,66,3,1.3848246106926558,1.2043219936771667,1.6983885374453536,1.1073417149384224
USDZAR,1,2026-02-05,PM,66,5,0.5162533292870857,0.4049615384615384,0.8037301070039057,0.3047595498174056
USDZAR,1,2026-02-05,PA,66,5,0.8195930524937269,0.6769623034831121,1.0415930840530891,0.7271799909845483
USDZAR,1,2026-02-05,VAR1,66,5,24.11733597300487,18.00756009922671,33.53727148445182,16.20457732909646
USDZAR,1,2026-02-05,ARHinc,66,5,0.9370928773830965,0.7714411484392634,1.2769021530344482,0.7649687682496049
USDZAR,1,2026-02-05,KernelARH,66,5,0.8176545430600011,0.6610224711046936,1.064351454842191,0.7130840188521765
USDZAR,5,2026-02-11,PM,66,4,0.3361777517463507,0.2432307692307695,0.531115116776562,0.22147903654281967
USDZAR,5,2026-02-11,PA,66,4,0.7223730092638434,0.5858701794266825,0.7737151315402212,0.7059659393650453
USDZAR,5,2026-02-11,VAR1,66,4,82.61207594521817,55.6735945875658,125.08450785090005,43.415053631067906
USDZAR,5,2026-02-11,ARHinc,66,4,0.6884987436484591,0.5699724237462971,0.6501589629355773,0.7143435354259188
USDZAR,5,2026-02-11,KernelARH,66,4,0.7022412625191884,0.5764406294779018,0.7106151827439778,0.7075004292640448
USDZAR,10,2026-02-18,PM,66,3,0.6582562191122845,0.3991538461538464,1.0984028414438771,0.3111395865261827
USDZAR,10,2026-02-18,PA,66,3,0.816608206093389,0.6570047496055653,1.0313267926348553,0.7017095367233849
USDZAR,10,2026-02-18,VAR1,66,3,29.257060416810553,25.870923574365893,40.003968978739934,19.876108484382613
USDZAR,10,2026-02-18,ARHinc,66,3,0.7813105434418429,0.6310124896777795,0.9568645797962738,0.6930158665667596
USDZAR,10,2026-02-18,KernelARH,66,3,0.8020742630743868,0.6467149310185859,1.0005808881331049,0.6981789753883388
USDZAR,1,2026-02-06,PM,66,5,0.16981140556964522,0.10361538461538483,0.28525747277064806,0.08509793417208916
USDZAR,1,2026-02-06,PA,66,5,0.6836204894744047,0.5502487629056827,0.6712179650519854,0.6863034783132586
USDZAR,1,2026-02-06,VAR1,66,5,44.705015228771394,33.45376111874461,61.601735734217655,30.49638572514895
USDZAR,1,2026-02-06,ARHinc,66,5,0.7418014287224526,0.5928808470494561,0.786638875884891,0.7027403818732987
USDZAR,1,2026-02-06,KernelARH,66,5,0.6792414634740365,0.5508363713476878,0.6637435987567224,0.685250651564416
USDZAR,5,2026-02-12,PM,66,4,0.9232969509401538,0.571346153846154,1.5590161183803344,0.41955568242179275
USDZAR,5,2026-02-12,PA,66,4,1.0879500798368924,0.846678949420176,1.5179514273945018,0.7946025901374737
USDZAR,5,2026-02-12,VAR1,66,4,185.1101100023907,123.72230615274707,279.7451912019059,96.53676317463596
USDZAR,5,2026-02-12,ARHinc,66,4,1.2326142556478494,0.9520199731655485,1.761419480995708,0.8492326715738296
USDZAR,5,2026-02-12,KernelARH,66,4,0.9076184274254139,0.7174452671318384,1.1871286420936962,0.7396679584558615
USDZAR,10,2026-02-19,PM,66,3,0.578975429596907,0.3360384615384617,0.9947095197512327,0.2658123092250865
USDZAR,10,2026-02-19,PA,66,3,0.7733738742440079,0.6271907029348261,0.9211773470400387,0.696504682585845
USDZAR,10,2026-02-19,VAR1,66,3,114.58150476177336,100.18031105254636,157.9534824419144,76.24176113558384
USDZAR,10,2026-02-19,ARHinc,66,3,0.9324347648540302,0.7429652910473833,1.2421090277905509,0.7383061302975863
USDZAR,10,2026-02-19,KernelARH,66,3,0.6896201144726312,0.5632652729386615,0.6983845955539671,0.6877327866050201
USDZAR,1,2026-02-09,PM,66,5,0.2004962593167263,0.10149999999999994,0.3522152976020221,0.08403602839015659
USDZAR,1,2026-02-09,PA,66,5,0.6801554144480481,0.5494801987185159,0.6746071606722384,0.6836021206060753
USDZAR,1,2026-02-09,VAR1,66,5,32.76022658001513,25.089953120568765,44.27665129741727,23.108048368735812
USDZAR,1,2026-02-09,ARHinc,66,5,0.6641590474945568,0.537918953490133,0.6390804619084489,0.6795053127628018
USDZAR,1,2026-02-09,KernelARH,66,5,0.6656037500051604,0.5394562613018908,0.64244797319882,0.6802627586399556
USDZAR,5,2026-02-13,PM,66,4,0.7508355922160732,0.4941538461538457,1.2504784894218466,0.3537951174633128
USDZAR,5,2026-02-13,PA,66,4,0.9495766895563482,0.7582835778258539,1.2525669128048218,0.7572683861578775
USDZAR,5,2026-02-13,VAR1,66,4,115.86859548290997,77.42185840894079,175.21370562476903,60.46169589230694
USDZAR,5,2026-02-13,ARHinc,66,4,0.88457615560301,0.7082862926153681,1.1331615212351471,0.7352296142864797
USDZAR,5,2026-02-13,KernelARH,66,4,0.8708493654554864,0.6936548850123234,1.1167322627180216,0.7258574296574195
USDZAR,10,2026-02-20,PM,66,3,0.6464610762272723,0.38753846153846144,1.080675167403613,0.3122875032664466
USDZAR,10,2026-02-20,PA,66,3,0.9064872891929406,0.7239005997400477,1.1717948396326978,0.7391551939752858
USDZAR,10,2026-02-20,VAR1,66,3,65.30349185896999,57.12552231200122,89.95826655494098,43.4647622636389
USDZAR,10,2026-02-20,ARHinc,66,3,0.8999439227640333,0.7195406445270862,1.1587421734930545,0.7372515185644065
USDZAR,10,2026-02-20,KernelARH,66,3,0.8319091846263922,0.6719052645826092,1.0284914632098634,0.7175332493063936
USDZAR,1,2026-02-10,PM,66,5,0.175037770649212,0.10203846153846131,0.29731799321769403,0.07865367939257141
USDZAR,1,2026-02-10,PA,66,5,0.6658542193005841,0.5341142756313042,0.659533327127459,0.6746716239345338
USDZAR,1,2026-02-10,VAR1,66,5,16.453955396821353,13.442311224953304,20.812604975791068,12.905275348310465
USDZAR,1,2026-02-10,ARHinc,66,5,0.6602568458089685,0.530866550495963,0.646756856569824,0.6732931713591587
USDZAR,1,2026-02-10,KernelARH,66,5,0.6803256968447073,0.547886834523457,0.6883939198160417,0.6798117945631551
USDZAR,5,2026-02-16,PM,66,4,0.8824979298297794,0.6038461538461537,1.4470131592596371,0.4290377720800917
USDZAR,5,2026-02-16,PA,66,4,1.0707642185113657,0.8425159528164924,1.4934169513762254,0.7943874973345447
USDZAR,5,2026-02-16,VAR1,66,4,49.16380012746211,33.11395454314128,74.4263513611264,25.871622237338354
USDZAR,5,2026-02-16,ARHinc,66,4,1.039519948377381,0.8202419559325854,1.436804475622915,0.7844422418861595
USDZAR,5,2026-02-16,KernelARH,66,4,1.081596443402294,0.84185329400186,1.5328560526939812,0.787688759297952
USDZAR,10,2026-02-23,PM,66,3,0.7862399870953476,0.5961153846153846,1.2054540616728124,0.47178906854922775
USDZAR,10,2026-02-23,PA,66,3,1.0550441070391074,0.8403090875367019,1.3911895583669103,0.8338514776927863
USDZAR,10,2026-02-23,VAR1,66,3,19.861430062758085,17.479997908447697,27.24906139819339,13.382335484899624
USDZAR,10,2026-02-23,ARHinc,66,3,1.0324549057645993,0.8250481771807162,1.3506243612119064,0.8249077376549231
USDZAR,10,2026-02-23,KernelARH,66,3,1.049064971445947,0.8334124093906643,1.4029174826615283,0.8229569746765698
USDZAR,1,2026-02-11,PM,66,5,0.23310982885260834,0.15869230769230774,0.369988883226675,0.11938639719082937
USDZAR,1,2026-02-11,PA,66,5,0.671586998754063,0.5373122713569012,0.680714705808863,0.6744443952781745
USDZAR,1,2026-02-11,VAR1,66,5,8.740045221965763,7.332187535879501,10.839790242745103,7.038195233095375
USDZAR,1,2026-02-11,ARHinc,66,5,0.6630879177385798,0.5318784212435018,0.662658101193066,0.6717465513649873
USDZAR,1,2026-02-11,KernelARH,66,5,0.6453380120464326,0.5234044985092134,0.620862173408778,0.6671788311105902
USDZAR,5,2026-02-17,PM,66,4,0.5360041349582182,0.4041538461538461,0.8423597951130846,0.2898815402601254
USDZAR,5,2026-02-17,PA,66,4,0.8251100224319334,0.6703754429157955,0.9972644486732481,0.727341408124348
USDZAR,5,2026-02-17,VAR1,66,4,23.178020668847104,15.766539152849978,35.01737962350574,12.407244865132022
USDZAR,5,2026-02-17,ARHinc,66,4,0.80607007466678,0.6560911973501127,0.964547660292107,0.7187165533608995
USDZAR,5,2026-02-17,KernelARH,66,4,0.8299513150362368,0.6725838153307824,1.0264371893364668,0.7201774737570165
USDZAR,10,2026-02-24,PM,66,3,0.6909438221625659,0.5283461538461537,1.017267672258413,0.4346478633453347
USDZAR,10,2026-02-24,PA,66,3,1.0103312893755745,0.8114863995369164,1.2928812012185702,0.8197537373651215
USDZAR,10,2026-02-24,VAR1,66,3,7.093921626286168,6.212313468614005,9.727451440836427,4.799678823199695
USDZAR,10,2026-02-24,ARHinc,66,3,0.9918019003734134,0.7978708138804183,1.2631814878288103,0.8110830963974988
USDZAR,10,2026-02-24,KernelARH,66,3,1.0569803886370606,0.8408810062205065,1.4008566308531876,0.8284044984778696
USDZAR,1,2026-02-12,PM,66,5,0.21294760550968328,0.1719615384615385,0.30818665535553996,0.13339190362329634
USDZAR,1,2026-02-12,PA,66,5,0.6632161298795479,0.5380642411291714,0.6535616410330652,0.6753691201783611
USDZAR,1,2026-02-12,VAR1,66,5,4.747556806278122,3.7923831595404947,6.377625345365986,3.38731508255145
USDZAR,1,2026-02-12,ARHinc,66,5,0.6345716725464662,0.5170367914788481,0.5889925839008786,0.6674126547920599
USDZAR,1,2026-02-12,KernelARH,66,5,0.631669824201655,0.5099277303194963,0.5856443940708385,0.6666614230959225
USDZAR,5,2026-02-18,PM,66,4,0.41423434931671965,0.33207692307692327,0.615506864238556,0.2482494319310011
USDZAR,5,2026-02-18,PA,66,4,0.7368534652789841,0.6017182231425862,0.8197825249347042,0.6966790269112157
USDZAR,5,2026-02-18,VAR1,66,4,14.792139299782717,10.346163872529408,22.205324383937672,8.25453933346235
USDZAR,5,2026-02-18,ARHinc,66,4,0.6601209403409931,0.5375360415946154,0.6618180103181991,0.6691259135935116
USDZAR,5,2026-02-18,KernelARH,66,4,0.6984611801797694,0.5674612346646662,0.7609233032066847,0.6755794788060198
USDZAR,10,2026-02-25,PM,66,3,0.7733857568161919,0.6667307692307696,1.0706226101941256,0.5463018568961236
USDZAR,10,2026-02-25,PA,66,3,1.1307018095859442,0.9055172048257883,1.4697445372628153,0.8917084065340145
USDZAR,10,2026-02-25,VAR1,66,3,1.8317833938284847,1.4965643026143236,2.461844313926046,1.3284591340218768
USDZAR,10,2026-02-25,ARHinc,66,3,1.0804660745564005,0.8683054243919455,1.3835365080317876,0.8704667187180267
USDZAR,10,2026-02-25,KernelARH,66,3,1.2294056701750422,0.975395457535732,1.656478886075006,0.9302995974163502
USDZAR,1,2026-02-13,PM,66,5,0.07927768868399816,0.06011538461538468,0.09062870619254619,0.08543859319287105
USDZAR,1,2026-02-13,PA,66,5,0.6284571068602037,0.5078138153302948,0.5852511677616297,0.6624307939261819
USDZAR,1,2026-02-13,VAR1,66,5,0.6311961376975429,0.5126145531421201,0.5881553273881844,0.6631790828519346
USDZAR,1,2026-02-13,ARHinc,66,5,0.6379238429856318,0.5151839629630842,0.611537259989211,0.6643029515941979
USDZAR,1,2026-02-13,KernelARH,66,5,0.6614771463419826,0.5426219332183664,0.668818866821533,0.6706742317940516
USDZAR,5,2026-02-19,PM,66,4,0.48892543084102,0.35276923076923106,0.7116706488952026,0.282706126608301
USDZAR,5,2026-02-19,PA,66,4,0.7713017296599346,0.6257015648812545,0.9005644478898753,0.7002760800464005
USDZAR,5,2026-02-19,VAR1,66,4,2.466588805796571,1.7915854408528062,3.6976204059772164,1.4196693109012664
USDZAR,5,2026-02-19,ARHinc,66,4,0.8314362209904386,0.6778995113518546,1.0061304556548132,0.7259312872648508
USDZAR,5,2026-02-19,KernelARH,66,4,0.9331666305148621,0.7860132057100827,1.141937155499653,0.7908562614430995
USDZAR,10,2026-02-26,PM,66,3,0.4443379907232781,0.3556153846153845,0.5642366631763492,0.3384548027974565
USDZAR,10,2026-02-26,PA,66,3,0.8210604568426667,0.6849386467747274,0.8862138885758611,0.7659263631977848
USDZAR,10,2026-02-26,VAR1,66,3,0.7615588011233793,0.6247669320206919,0.7891831062021586,0.7365736331946003
USDZAR,10,2026-02-26,ARHinc,66,3,0.8074702259294033,0.6705470014506116,0.8704584607355195,0.7579912399254299
USDZAR,10,2026-02-26,KernelARH,66,3,0.8857138131901983,0.7428062483357095,1.0103928618719795,0.7916138367106589
USDZAR,1,2026-02-16,PM,66,5,0.3187256023845349,0.201,0.5365051756935207,0.1469205696082456
USDZAR,1,2026-02-16,PA,66,5,0.7019852925976677,0.5695833320255662,0.7799152710984785,0.6791152712427574
USDZAR,1,2026-02-16,VAR1,66,5,2.156070732065198,1.782528028179506,2.8854426283244687,1.5829383706029125
USDZAR,1,2026-02-16,ARHinc,66,5,0.6963016894268961,0.5650076314008281,0.7651306873758115,0.6782318002394537
USDZAR,1,2026-02-16,KernelARH,66,5,0.698773100876939,0.5668378523514936,0.7722512231674449,0.6783917540766046
USDZAR,5,2026-02-20,PM,66,4,0.2981159589824069,0.204269230769231,0.42096201635822456,0.1898331586570661
USDZAR,5,2026-02-20,PA,66,4,0.6892593084307195,0.5514760381585291,0.7184959810469891,0.6766872942705919
USDZAR,5,2026-02-20,VAR1,66,4,3.679370208627294,2.5874995003230445,5.412362452731081,2.1971537615375487
USDZAR,5,2026-02-20,ARHinc,66,4,0.6906450262145284,0.5521745831007747,0.7226648098155752,0.6765940698125738
USDZAR,5,2026-02-20,KernelARH,66,4,0.694215154674015,0.5552530359547696,0.7221868101846731,0.6813186245430667
USDZAR,10,2026-02-27,PM,66,3,0.5022867898230743,0.3896923076923078,0.6699342150329001,0.35839088004499664
USDZAR,10,2026-02-27,PA,66,3,0.8630747444899671,0.7185139262357914,0.9702653579554815,0.7808653932204888
USDZAR,10,2026-02-27,VAR1,66,3,0.8265273083602598,0.6646354122925602,0.9393538001026058,0.7546698693195231
USDZAR,10,2026-02-27,ARHinc,66,3,0.8636368490017406,0.718569192626431,0.9726596850802924,0.780788420475545
USDZAR,10,2026-02-27,KernelARH,66,3,0.8979108310642182,0.7509868268893344,1.0220617980582924,0.7994004011548563
USDZAR,1,2026-02-17,PM,66,5,0.19402938912998158,0.1114230769230772,0.32520073325849835,0.08763617799528196
USDZAR,1,2026-02-17,PA,66,5,0.6557143510111015,0.5413516747630726,0.64900704218712,0.6696258847783603
USDZAR,1,2026-02-17,VAR1,66,5,14.614653628881047,11.670328452997571,18.577489394942173,11.375118627955338
USDZAR,1,2026-02-17,ARHinc,66,5,0.694024324511936,0.5758178467625654,0.7397682660210647,0.6790650118226202
USDZAR,1,2026-02-17,KernelARH,66,5,0.674227533242224,0.560814482189834,0.6941141485306932,0.6739497715114139
USDZAR,5,2026-02-23,PM,66,4,0.3225122985132624,0.24434615384615396,0.4603312031994856,0.22434676568175954
USDZAR,5,2026-02-23,PA,66,4,0.6934094622985841,0.5618581245688516,0.7090600840001638,0.697159511069244
USDZAR,5,2026-02-23,VAR1,66,4,52.65366509918522,38.10298107869213,78.4520142214925,30.59886653466465
USDZAR,5,2026-02-23,ARHinc,66,4,0.7350870773500724,0.5886589657142242,0.8139580303056112,0.7011321242006178
USDZAR,5,2026-02-23,KernelARH,66,4,0.67596138357805,0.5456838494543197,0.6632157409912747,0.6926234065156887
USDZAR,10,2026-03-02,PM,66,3,2.0294267260826295,1.311115384615385,3.3069361925919893,1.0127913776748023
USDZAR,10,2026-03-02,PA,66,3,1.9927275505997206,1.398705071506805,3.096872660858855,1.191268611002377
USDZAR,10,2026-03-02,VAR1,66,3,3.409312240253697,3.1115888378115533,4.027589430350883,2.6622896298291066
USDZAR,10,2026-03-02,ARHinc,66,3,2.066363868130251,1.453271548598918,3.211180313036995,1.2292051721157418
USDZAR,10,2026-03-02,KernelARH,66,3,1.7718328118235454,1.246381480561413,2.724036617292238,1.098154404408563
USDZAR,1,2026-02-18,PM,66,5,0.12456559131020714,0.08638461538461539,0.16229733597579807,0.08206288130521902
USDZAR,1,2026-02-18,PA,66,5,0.6179159281646613,0.4991496731904546,0.5687411160885573,0.6537496433137739
USDZAR,1,2026-02-18,VAR1,66,5,6.696734554453137,5.406487753702203,8.441452961313498,5.3105461125129505
USDZAR,1,2026-02-18,ARHinc,66,5,0.62627928802429,0.5043790291766498,0.589498724845442,0.6558820123690497
USDZAR,1,2026-02-18,KernelARH,66,5,0.6129449004876751,0.4872069743345737,0.5599164412589323,0.6512390816702083
USDZAR,5,2026-02-24,PM,66,4,0.2556147378982073,0.19942307692307687,0.3303184518768227,0.19558194584162583
USDZAR,5,2026-02-24,PA,66,4,0.6895465336203911,0.5538470999716268,0.6828922398803241,0.7025124669644254
USDZAR,5,2026-02-24,VAR1,66,4,21.663441438107817,15.442420372514546,32.49843043882226,12.139440110249938
USDZAR,5,2026-02-24,ARHinc,66,4,0.6987185071448875,0.5670696298556784,0.6961908366829851,0.7085475515997859
USDZAR,5,2026-02-24,KernelARH,66,4,0.6824722543801214,0.5468621733708894,0.677319110908577,0.6938494375671707
USDZAR,10,2026-03-03,PM,66,3,4.247235763954644,3.2657307692307698,6.58175098238188,2.378328231813512
USDZAR,10,2026-03-03,PA,66,3,4.238431687244539,3.217066593959935,6.501941077969775,2.4607645348204144
USDZAR,10,2026-03-03,VAR1,66,3,4.909435442175979,3.825056428448998,7.470052794385485,2.8693961016555702
USDZAR,10,2026-03-03,ARHinc,66,3,4.196125966747703,3.1886228234306135,6.432034950694454,2.4408014506614264
USDZAR,10,2026-03-03,KernelARH,66,3,4.117743557567657,3.1299186195412414,6.307898258048743,2.3999861263343667
USDZAR,1,2026-02-19,PM,66,5,0.6522446818487676,0.5272307692307694,0.9618388826221513,0.39057179186764934
USDZAR,1,2026-02-19,PA,66,5,0.9235077653300956,0.7699525881218939,1.1695317002246588,0.7618318899024114
USDZAR,1,2026-02-19,VAR1,66,5,0.8279140234273207,0.7264175665305456,0.9432556293796349,0.7660669748182668
USDZAR,1,2026-02-19,ARHinc,66,5,0.9491095232720889,0.796444698865569,1.1989854207929653,0.7804993077521758
USDZAR,1,2026-02-19,KernelARH,66,5,1.1891094380911422,1.0032952326730566,1.574716765526977,0.9039154896398549
USDZAR,5,2026-02-25,PM,66,4,0.38469099737521606,0.3377307692307692,0.47844978499511504,0.31609414803666197
USDZAR,5,2026-02-25,PA,66,4,0.7286727052379026,0.5942899490274057,0.727334632183851,0.7414818625309975
USDZAR,5,2026-02-25,VAR1,66,4,2.884577004242833,2.140944298467119,4.268828831340278,1.6962408871717898
USDZAR,5,2026-02-25,ARHinc,66,4,0.7132955128980296,0.5831262159805306,0.7187174963052403,0.7232901106010643
USDZAR,5,2026-02-25,KernelARH,66,4,1.460414525572546,1.2168423837431523,1.900326934731102,1.0829508652281234
USDZAR,10,2026-03-04,PM,66,3,3.115541200362121,2.2355769230769234,4.894999350258454,1.6579596574321565
USDZAR,10,2026-03-04,PA,66,3,3.1017163084570436,2.236460712180626,4.783554048326682,1.7735122350544614
USDZAR,10,2026-03-04,VAR1,66,3,4.154012291923969,3.1711576427181942,6.262868549923805,2.4485691562610086
USDZAR,10,2026-03-04,ARHinc,66,3,3.114897901719538,2.254627197346611,4.792324788337779,1.7896635913387933
USDZAR,10,2026-03-04,KernelARH,66,3,4.305553490982316,3.3300799009049835,6.434047558117546,2.583415680067428
USDZAR,1,2026-02-20,PM,66,5,0.26911196554594163,0.21865384615384642,0.3897109206234479,0.17254728203341962
USDZAR,1,2026-02-20,PA,66,5,0.6758000767723065,0.5493994902042164,0.6881565485177297,0.6728297122068984
USDZAR,1,2026-02-20,VAR1,66,5,12.043599541934313,9.650745016283286,15.831032630541658,9.131994636548905
USDZAR,1,2026-02-20,ARHinc,66,5,0.7200092878665261,0.5861590479037225,0.776908167891145,0.6900123381879635
USDZAR,1,2026-02-20,KernelARH,66,5,0.6505772399389671,0.5207129523791739,0.6390543610979051,0.6623624155873037
USDZAR,5,2026-02-26,PM,66,4,0.6113639385706483,0.5461153846153847,0.754752553976292,0.46659598312601264
USDZAR,5,2026-02-26,PA,66,4,0.857749942821087,0.7105001843596601,0.891982304084464,0.822079661826634
USDZAR,5,2026-02-26,VAR1,66,4,22.34763286837414,15.143780704960005,33.60831970798059,12.031696789396964
USDZAR,5,2026-02-26,ARHinc,66,4,0.9271255740834283,0.7565443558412327,0.9793329679363403,0.8721151149310811
USDZAR,5,2026-02-26,KernelARH,66,4,0.7447776607344762,0.5998709069529269,0.7525845212911618,0.7392811901377356
USDZAR,10,2026-03-05,PM,66,3,4.549166660795392,3.3997307692307683,7.182253289027368,2.5025636887989786
USDZAR,10,2026-03-05,PA,66,3,4.575053673818972,3.351548724978521,7.168781614863559,2.593464641661736
USDZAR,10,2026-03-05,VAR1,66,3,2.3298923736974366,1.9836412079134724,2.7042429319158723,1.875548271506671
USDZAR,10,2026-03-05,ARHinc,66,3,4.437678781690763,3.227822181217237,6.975044937196908,2.5011932600336966
USDZAR,10,2026-03-05,KernelARH,66,3,4.857349981203653,3.605704252935514,7.5822770679708205,2.7644316557712147
USDZAR,1,2026-02-23,PM,66,5,0.3654706528258091,0.32665384615384624,0.48491753167438756,0.30919827637133185
USDZAR,1,2026-02-23,PA,66,5,0.7005545031870652,0.5661633933877896,0.7079475146947104,0.7167238549298475
USDZAR,1,2026-02-23,VAR1,66,5,6.658970438492429,5.247949640743857,9.055465083691667,4.586116407077658
USDZAR,1,2026-02-23,ARHinc,66,5,0.6559156357492052,0.5325383074598538,0.6051352609316946,0.7003790431911849
USDZAR,1,2026-02-23,KernelARH,66,5,0.6417157023016926,0.5253918367382623,0.5962165446591885,0.6807324153713016
USDZAR,5,2026-02-27,PM,66,4,0.39587433660773635,0.35238461538461546,0.44268726925724144,0.33983643401525304
USDZAR,5,2026-02-27,PA,66,4,0.7963360596147608,0.6445335670842458,0.8356479074382522,0.7742320038111659
USDZAR,5,2026-02-27,VAR1,66,4,17.347002489786384,11.907204832091475,25.84685793178526,9.76713618424967
USDZAR,5,2026-02-27,ARHinc,66,4,0.8053086433273752,0.6350529315114811,0.8864217721314681,0.7666332881403081
USDZAR,5,2026-02-27,KernelARH,66,4,0.8060997628201043,0.6264943015205899,0.9232969531606587,0.7456173368721468
USDZAR,10,2026-03-06,PM,66,3,4.439491508694349,3.4043076923076927,6.85934596330497,2.505642224071182
USDZAR,10,2026-03-06,PA,66,3,4.489451852818993,3.3606732453320096,6.873022004601614,2.6214889624235416
USDZAR,10,2026-03-06,VAR1,66,3,4.240394153848004,3.1018277904745224,6.549166496055592,2.4391922948162623
USDZAR,10,2026-03-06,ARHinc,66,3,4.569141964707644,3.417064137630049,7.001965629781644,2.6610201860916245
USDZAR,10,2026-03-06,KernelARH,66,3,4.592923503342527,3.457038203258887,7.019218253125969,2.6883158251408323
USDZAR,1,2026-02-24,PM,66,5,0.06830784390142552,0.05676923076923061,0.0825356909570555,0.05169173416155251
USDZAR,1,2026-02-24,PA,66,5,0.627527726332209,0.5043920580407009,0.5812754751835233,0.6657963742090912
USDZAR,1,2026-02-24,VAR1,66,5,3.902649386624716,2.9667674317087545,5.309590592267483,2.7351512046612645
USDZAR,1,2026-02-24,ARHinc,66,5,0.6456907310545528,0.5179939614690403,0.6188122558509876,0.6729792052930129
USDZAR,1,2026-02-24,KernelARH,66,5,0.9030433088860849,0.7795270782577646,1.033545952755776,0.8173415686190564
USDZAR,5,2026-03-02,PM,66,4,1.821376091142248,1.2920384615384615,2.9391325728767552,0.9671159909594618
USDZAR,5,2026-03-02,PA,66,4,2.1735526164163415,1.562179715074911,3.388063792889197,1.2575251790776327
USDZAR,5,2026-03-02,VAR1,66,4,9.520000674347312,6.520313726992283,14.635887178593128,5.010603863874547
USDZAR,5,2026-03-02,ARHinc,66,4,2.1182230096747325,1.5331953170585997,3.278796842662346,1.2502645346606693
USDZAR,5,2026-03-02,KernelARH,66,4,3.243615489963203,2.4950165119705505,4.851008760029678,1.9833906196967144
USDZAR,10,2026-03-09,PM,66,3,4.383826579686888,3.4673076923076924,6.65664438824431,2.5771268968637835
USDZAR,10,2026-03-09,PA,66,3,4.520012874123023,3.4610021059891123,6.80755818167796,2.6990492031862665
USDZAR,10,2026-03-09,VAR1,66,3,4.6678504328219566,3.6011565233270213,7.0184241722364975,2.7896760343760785
USDZAR,10,2026-03-09,ARHinc,66,3,4.511527649203792,3.4706665914799193,6.771425302172775,2.7130483311148548
USDZAR,10,2026-03-09,KernelARH,66,3,5.876767850653535,4.734634384131471,8.63956242285363,3.644081600929996
USDZAR,1,2026-02-25,PM,66,5,0.33631780128553784,0.29669230769230764,0.4618290000745357,0.23264136508663186
USDZAR,1,2026-02-25,PA,66,5,0.7125789851890344,0.5738815094728474,0.7570351808782368,0.702185721585272
USDZAR,1,2026-02-25,VAR1,66,5,1.9168975276020106,1.4487493445627266,2.701267911389555,1.2636178239930778
USDZAR,1,2026-02-25,ARHinc,66,5,0.703520154587173,0.566527988916401,0.7380920667103748,0.6981341126346798
USDZAR,1,2026-02-25,KernelARH,66,5,0.95044345286694,0.7650562397669605,1.1156165444501303,0.8434843303092653
USDZAR,5,2026-03-03,PM,66,4,4.307396874742152,3.389923076923077,6.634226078520607,2.4620180016164657
USDZAR,5,2026-03-03,PA,66,4,4.5731168052354505,3.4827926800239664,7.019722074293391,2.6113527631615345
USDZAR,5,2026-03-03,VAR1,66,4,3.226144362973376,2.491618446358202,4.06400454529138,2.700018907654591
USDZAR,5,2026-03-03,ARHinc,66,4,4.621874843950317,3.5194582204190055,7.095838307129603,2.6360356199065906
USDZAR,5,2026-03-03,KernelARH,66,4,5.113581617697332,4.015879316397178,7.731751598650627,3.0159903477478833
USDZAR,10,2026-03-10,PM,66,3,3.04854266885772,2.391115384615384,4.591917833116481,1.7860492400908332
USDZAR,10,2026-03-10,PA,66,3,3.126487408451877,2.3758752277574944,4.628472241627673,1.9158862676239923
USDZAR,10,2026-03-10,VAR1,66,3,3.375085764762026,2.5832311406017765,4.97669967208129,2.077768096287338
USDZAR,10,2026-03-10,ARHinc,66,3,3.1295778924711364,2.375904541435522,4.63693212962799,1.9148172999881712
USDZAR,10,2026-03-10,KernelARH,66,3,2.9664383050549086,2.2524020657039543,4.385454118197213,1.8259036309949592
USDZAR,1,2026-02-26,PM,66,5,0.4545662556429271,0.32030769230769235,0.7182876906668473,0.270975924758549
USDZAR,1,2026-02-26,PA,66,5,0.7667306068882386,0.6249385028927401,0.89180168419927075,0.7200042011736852
USDZAR,1,2026-02-26,VAR1,66,5,1.118854078102607,0.8581251434597171,1.532539725546419,0.8382428432839594
USDZAR,1,2026-02-26,ARHinc,66,5,0.796541871302276,0.6511377141433886,0.9479748154389845,0.7316380794820629
USDZAR,1,2026-02-26,KernelARH,66,5,0.8124387084275663,0.6688667402248321,0.9752640633142371,0.739892488979956
USDZAR,5,2026-03-04,PM,66,4,3.375009430186256,2.5702307692307693,5.239892409344846,1.8750217865404237
USDZAR,5,2026-03-04,PA,66,4,3.675278630986305,2.716655552206428,5.653360440614444,2.0676868094157976
USDZAR,5,2026-03-04,VAR1,66,4,4.533065007404339,3.264744039004835,7.033857973507532,2.4026033361064023
USDZAR,5,2026-03-04,ARHinc,66,4,3.661638305102556,2.713649026441953,5.61994108720329,2.071358274104646
USDZAR,5,2026-03-04,KernelARH,66,4,4.739731473960874,3.7009076201379663,7.077080672458317,2.828128496917244
USDZAR,10,2026-03-11,PM,66,3,3.5826148929453536,2.8298076923076922,5.375718994003689,2.1405120972655145
USDZAR,10,2026-03-11,PA,66,3,3.6666406373431215,2.7833764752709653,5.420585281442807,2.260765191408552
USDZAR,10,2026-03-11,VAR1,66,3,3.7282092352825935,2.8441953871542864,5.499918639802764,2.306988385960352
USDZAR,10,2026-03-11,ARHinc,66,3,3.6754896582454375,2.7960833928887223,5.42323109236711,2.2728273174629035
USDZAR,10,2026-03-11,KernelARH,66,3,4.771564372528093,3.8224859278529966,6.907668115793935,3.0302501362079246
USDZAR,1,2026-02-27,PM,66,5,0.14560170249427296,0.08884615384615385,0.23921268500503712,0.07562097564883621
USDZAR,1,2026-02-27,PA,66,5,0.6671042793594139,0.546967111414592,0.6742811513280988,0.6806591677187557
USDZAR,1,2026-02-27,VAR1,66,5,18.3329391347771,13.196265967358707,27.80926281236814,9.930909290500104
USDZAR,1,2026-02-27,ARHinc,66,5,0.6698326845750218,0.5529089533778923,0.686105901708902,0.6803781360203535
USDZAR,1,2026-02-27,KernelARH,66,5,0.6636128205401618,0.548915766150178,0.645792267006862,0.6836825336072551
USDZAR,5,2026-03-05,PM,66,4,5.0279383773991375,3.9458461538461536,7.784659714837803,2.878225820010785
USDZAR,5,2026-03-05,PA,66,4,5.378784826034772,4.076421165848191,8.349672744037708,3.052226086791305
USDZAR,5,2026-03-05,VAR1,66,4,22.818412742969713,16.02082796794001,32.37887111644908,14.473547617548268
USDZAR,5,2026-03-05,ARHinc,66,4,5.468457904007432,4.136650376962292,8.498765789986695,3.0895429784304005
USDZAR,5,2026-03-05,KernelARH,66,4,5.811285208745936,4.457758439741925,8.966500203344664,3.335926225531795
USDZAR,10,2026-03-12,PM,66,3,5.117800289938277,4.008384615384616,7.843481665187686,2.9593637042378504
USDZAR,10,2026-03-12,PA,66,3,5.214221521531068,3.9598448750553907,7.96922401857608,3.0652768023844694
USDZAR,10,2026-03-12,VAR1,66,3,5.890948000802923,4.485815107457775,8.984656093065123,3.4347854171506502
USDZAR,10,2026-03-12,ARHinc,66,3,5.239042875989611,3.9706224106325467,8.020084202008773,3.069370324395691
USDZAR,10,2026-03-12,KernelARH,66,3,5.146376492364965,3.8748250265848827,7.898716816291785,2.9982757508853926
USDZAR,1,2026-03-02,PM,66,5,1.6660588859756615,1.2815384615384617,2.6003727032559865,0.9252131256644295
USDZAR,1,2026-03-02,PA,66,5,1.8210784395293762,1.4260987185948624,2.7548776149956775,1.1584730213213879
USDZAR,1,2026-03-02,VAR1,66,5,52.76530824442377,38.741745831934395,80.11545682097542,28.86294616431067
USDZAR,1,2026-03-02,ARHinc,66,5,1.8463601341259455,1.4436757263085376,2.800520723204851,1.166330941111196
USDZAR,1,2026-03-02,KernelARH,66,5,1.4983139123008047,1.1721668163326011,2.2552861023200172,0.9894572458603452
USDZAR,5,2026-03-06,PM,66,4,4.628424896142398,3.7204615384615383,6.987314223788463,2.7343293636413026
USDZAR,5,2026-03-06,PA,66,4,4.934719414478562,3.831037095290446,7.4849266884815195,2.8973496560363237
USDZAR,5,2026-03-06,VAR1,66,4,42.21359317869867,29.179278451817,60.5851550023152,25.923323597941035
USDZAR,5,2026-03-06,ARHinc,66,4,4.9891370126084675,3.8689039374014818,7.573615077710209,2.92042609429844
USDZAR,5,2026-03-06,KernelARH,66,4,5.027015094446828,3.8954776256137995,7.6360573764910376,2.93795850486809
USDZAR,10,2026-03-13,PM,66,3,5.571275566897377,4.513115384615384,8.316814128185944,3.3787269713006043
USDZAR,10,2026-03-13,PA,66,3,5.617269686309332,4.435021488928607,8.370049271311524,3.4592391888915537
USDZAR,10,2026-03-13,VAR1,66,3,6.003281443042783,4.494847371857332,9.097676798877917,3.5188537134670073
USDZAR,10,2026-03-13,ARHinc,66,3,5.617950385498613,4.4300696631105705,8.377610533966378,3.4541477761099064
USDZAR,10,2026-03-13,KernelARH,66,3,5.658280777845138,4.408693138789758,8.501017381432261,3.4244192623424103
USDZAR,1,2026-03-03,PM,66,5,2.481019980619013,2.0675384615384615,3.667325003375317,1.5160891997100623
USDZAR,1,2026-03-03,PA,66,5,2.6440173971942125,2.121803755004218,3.962592054461964,1.6772884306316036
USDZAR,1,2026-03-03,VAR1,66,5,258.40221212327714,183.80795864489548,391.5522397304646,143.460002560005
USDZAR,1,2026-03-03,ARHinc,66,5,2.399414923094515,1.9407996061700126,3.568111150776391,1.556983343792868
USDZAR,1,2026-03-03,KernelARH,66,5,2.4758617229188307,1.958357337684198,3.7574889341977866,1.5383384248674714
USDZAR,5,2026-03-09,PM,66,4,2.606379525466165,2.1752692307692305,3.760248469183954,1.6415678640470095
USDZAR,5,2026-03-09,PA,66,4,3.0810876565189957,2.3975877272856083,4.601707993400796,1.8832174545168126
USDZAR,5,2026-03-09,VAR1,66,4,54.722310444985,40.05482390941458,75.84003783531,36.932786454995984
USDZAR,5,2026-03-09,ARHinc,66,4,2.8115245912407008,2.212211878718646,4.1782999480588066,1.7450130078504107
USDZAR,5,2026-03-09,KernelARH,66,4,3.519597346214806,2.7218794577544445,5.297306658129138,2.1057703427468395
USDZAR,10,2026-03-16,PM,66,3,2.579822444695341,2.181230769230769,3.509870129161153,1.755298439344164
USDZAR,10,2026-03-16,PA,66,3,2.8882878473487144,2.2150793098733077,4.04638677990649,1.962509520448598
USDZAR,10,2026-03-16,VAR1,66,3,21.01573673790677,19.19679555341431,27.45137516904653,15.307960351790472
USDZAR,10,2026-03-16,ARHinc,66,3,2.5735089282172354,1.9849282301821303,3.5404396556842768,1.8055435458864335
USDZAR,10,2026-03-16,KernelARH,66,3,4.120124162488807,3.1947883375326884,6.003311724509766,2.604305056793335
USDZAR,1,2026-03-04,PM,66,5,1.3405823935313166,1.1163846153846155,2.0007027596772775,0.8503557848914
USDZAR,1,2026-03-04,PA,66,5,1.5496390098034774,1.2098454727196413,1.9959890072045294,1.1494548107738822
USDZAR,1,2026-03-04,VAR1,66,5,671.9180457252484,466.38653642770066,1021.4843583424662,369.2877505789821
USDZAR,1,2026-03-04,ARHinc,66,5,3.416589191968923,2.7705288238713215,4.767413313383397,2.2215387081791307
USDZAR,1,2026-03-04,KernelARH,66,5,3.8068533189721583,3.133467448494293,5.309206624663204,2.486468212584218
USDZAR,5,2026-03-10,PM,66,4,1.338208565008287,0.9988076923076923,2.148165626160928,0.7252104135352844
USDZAR,5,2026-03-10,PA,66,4,1.296073425950779,1.0187942047501581,1.6551541743043643,1.010240744560332
USDZAR,5,2026-03-10,VAR1,66,4,424.3234187320096,306.2843483942001,592.1597482403439,277.7413979964959
USDZAR,5,2026-03-10,ARHinc,66,4,6.8714962425558515,5.713452944915842,9.860219366832242,4.31585618310812
USDZAR,5,2026-03-10,KernelARH,66,4,1.0273906009133322,0.7611441785627316,1.3564542786905898,0.8138470516397589
USDZAR,10,2026-03-17,PM,66,3,0.9415387364881447,0.6288846153846154,1.524140767930415,0.5124237152864485
USDZAR,10,2026-03-17,PA,66,3,1.1551536732414853,0.9372896701031092,1.3943191684790064,0.9447310541330698
USDZAR,10,2026-03-17,VAR1,66,3,157.03930369741929,139.75663881215678,211.17735978026744,109.84908774979863
USDZAR,10,2026-03-17,ARHinc,66,3,6.7291633231279055,5.580978456130114,9.709764545569683,4.229372502064612
USDZAR,10,2026-03-17,KernelARH,66,3,1.9841620542599718,1.4465571115477591,2.8063641716205763,1.3346299613726613
USDZAR,1,2026-03-05,PM,66,5,2.115160250339294,1.6913846153846155,3.279266645311542,1.2764428910555328
USDZAR,1,2026-03-05,PA,66,5,2.303993828534988,1.744233952556164,3.581428391978361,1.476736376311107
USDZAR,1,2026-03-05,VAR1,66,5,330.38037401173546,228.9692018272153,500.2689060657871,184.12928915773932
USDZAR,1,2026-03-05,ARHinc,66,5,2.5813064835921375,1.8943230518756282,4.116826648940073,1.5182852224777372
USDZAR,1,2026-03-05,KernelARH,66,5,2.713679761281643,1.9509524050770402,4.333612904022142,1.5620476459385553
USDZAR,5,2026-03-11,PM,66,4,0.40212255355416604,0.33100000000000007,0.4026472914047934,0.3846260476531552
USDZAR,5,2026-03-11,PA,66,4,0.8575435651550292,0.6973104292611597,0.9256704594929502,0.8112396082649076
USDZAR,5,2026-03-11,VAR1,66,4,239.0836761053824,170.1913098292141,335.7916937859935,152.95300290223756
USDZAR,5,2026-03-11,ARHinc,66,4,1.0614275274993419,0.8360708638859307,1.4110852761369446,0.8456727318570562
USDZAR,5,2026-03-11,KernelARH,66,4,2.4115240608179973,1.7696026815941308,3.644933726742327,1.4619068143797942
USDZAR,10,2026-03-18,PM,66,3,0.9522906341674674,0.7968076923076924,0.9822687844679662,0.8114277538953202
USDZAR,10,2026-03-18,PA,66,3,1.223308327599779,0.9750494793961135,1.314628074050368,1.0928222202165643
USDZAR,10,2026-03-18,VAR1,66,3,32.30379236404409,28.78267890395771,43.34911016691031,22.65608380027707
USDZAR,10,2026-03-18,ARHinc,66,3,1.4929948533766813,1.14985885876638,1.8652054054102631,1.1755007581761858
USDZAR,10,2026-03-18,KernelARH,66,3,3.1762123460698644,2.4492329348134336,4.573590297454641,2.027001068060585
USDZAR,1,2026-03-06,PM,66,5,0.45486362072772796,0.3022307692307691,0.7385744047370403,0.284686311149573
USDZAR,1,2026-03-06,PA,66,5,1.0527725275356898,0.8190325746480663,1.1980439512362473,0.8885346300387943
USDZAR,1,2026-03-06,VAR1,66,5,823.7742132842109,576.6391098480656,1248.1125426487679,460.1796754260727
USDZAR,1,2026-03-06,ARHinc,66,5,1.260510190483189,0.9725183703177551,1.5235111984989549,0.9692732385089725
USDZAR,1,2026-03-06,KernelARH,66,5,6.945342722501229,5.522855925899939,10.009520556267718,4.2666291426297445
USDZAR,5,2026-03-12,PM,66,4,0.37823870667974907,0.30857692307692325,0.37435593906803644,0.3420403852309797
USDZAR,5,2026-03-12,PA,66,4,1.0473630132395269,0.8164481528525894,1.2253214176143936,0.8817301951501699
USDZAR,5,2026-03-12,VAR1,66,4,668.676625028495,501.8248302924051,923.5364442851724,445.7980472560119
USDZAR,5,2026-03-12,ARHinc,66,4,2.561410318845295,1.8886670851612266,3.483811818432427,1.6273094993368427
USDZAR,5,2026-03-12,KernelARH,66,4,25.858150660180662,20.840130754540912,37.656179424465,15.713749265062317
USDZAR,10,2026-03-19,PM,66,3,1.146976816377599,0.720346153846154,1.926387657282288,0.5668540620982516
USDZAR,10,2026-03-19,PA,66,3,1.3894476546384904,1.0701255224419959,1.8289324461048044,0.9790964936434994
USDZAR,10,2026-03-19,VAR1,66,3,649.8612127150514,568.1712167819024,881.2226515385571,447.8711117074421
USDZAR,10,2026-03-19,ARHinc,66,3,4.0636958257776365,2.863934776015327,6.088036969778294,2.272304991686793
USDZAR,10,2026-03-19,KernelARH,66,3,40.526350354088805,32.657729863335575,59.36994879416262,24.536057365991724
USDZAR,1,2026-03-09,PM,66,5,0.4160037675495075,0.2811923076923077,0.6973667897402255,0.21836695420281774
USDZAR,1,2026-03-09,PA,66,5,0.9759745160436037,0.7693258650287621,1.1025764747106064,0.8375357665064008
USDZAR,1,2026-03-09,VAR1,66,5,726.7740642288359,515.1207139517112,1100.299187439074,407.7124663506459
USDZAR,1,2026-03-09,ARHinc,66,5,0.9649487932760258,0.7585392303179769,1.082118789046646,0.835233920016251
USDZAR,1,2026-03-09,KernelARH,66,5,1.4867537416162877,1.1467498017007267,1.9163526101852957,1.082585287646778
USDZAR,5,2026-03-13,PM,66,4,0.9861137299832804,0.8077307692307691,1.3678403232560599,0.6862269486572037
USDZAR,5,2026-03-13,PA,66,4,1.4351081931393128,1.1014133916203217,2.068675403687131,1.0417932144264246
USDZAR,5,2026-03-13,VAR1,66,4,436.48826262801794,322.9414678503054,605.1339411564861,285.96921188230226
USDZAR,5,2026-03-13,ARHinc,66,4,1.9015447126631482,1.4400141174089205,2.841158741886269,1.2692912365584228
USDZAR,5,2026-03-13,KernelARH,66,4,1.4039033892079225,1.0878085579959054,1.9384272464990149,1.0721426258857425
USDZAR,10,2026-03-20,PM,66,3,0.5445455939094115,0.44673076923076904,0.6086447747340572,0.44279987510812935
USDZAR,10,2026-03-20,PA,66,3,0.9571445766267253,0.7563597132246125,1.0189890981978764,0.8723189661580341
USDZAR,10,2026-03-20,VAR1,66,3,143.7773828164004,127.33865079050648,192.73444211573525,100.93086414504009
USDZAR,10,2026-03-20,ARHinc,66,3,1.1750545238917127,0.9205210929105908,1.4302765836155273,0.9876139124953556
USDZAR,10,2026-03-20,KernelARH,66,3,0.9365714201895976,0.7360078196538739,0.9305526226967203,0.8713059511168249
USDZAR,1,2026-03-10,PM,66,5,1.391549323319432,1.1065384615384612,2.1416599355415693,0.8149219220195362
USDZAR,1,2026-03-10,PA,66,5,1.5352734807305952,1.2156120732646534,2.044075600245735,1.0991016002469958
USDZAR,1,2026-03-10,VAR1,66,5,468.69049128808086,332.13241576191797,709.6389237162364,262.2755286728827
USDZAR,1,2026-03-10,ARHinc,66,5,1.0278067746077473,0.8168900063973268,1.2422564880728952,0.842908453126131
USDZAR,1,2026-03-10,KernelARH,66,5,0.7450545359031068,0.6079196548215887,0.8487972146981971,0.7120467263259413
USDZAR,5,2026-03-16,PM,66,4,0.42537472168213497,0.3583846153846155,0.5334391699284557,0.34247210981444903
USDZAR,5,2026-03-16,PA,66,4,0.8882148998029139,0.7085814446966573,0.9348237515308133,0.8270001504449812
USDZAR,5,2026-03-16,VAR1,66,4,244.9609134533655,179.20175564048387,340.1651459918831,158.7307001073087
USDZAR,5,2026-03-16,ARHinc,66,4,1.0461256288365497,0.8111570810854651,1.1899375533063823,0.928756724112331
USDZAR,5,2026-03-16,KernelARH,66,4,4.921819004052215,3.9435809527121473,7.152356963315713,3.1054526839506518
USDZAR,10,2026-03-23,PM,66,3,1.1400427412702898,0.875423076923077,1.6933742408760146,0.6762914172175853
USDZAR,10,2026-03-23,PA,66,3,1.5404267498862292,1.1287519449590522,2.302834536097507,1.022947695844183
USDZAR,10,2026-03-23,VAR1,66,3,35.17728212574117,31.38011570368601,46.517758557964605,25.11686333500984
USDZAR,10,2026-03-23,ARHinc,66,3,2.1027683546270426,1.5479147696823263,3.1715983376316643,1.313602882130356
USDZAR,10,2026-03-23,KernelARH,66,3,5.340785848678744,4.118548293475379,8.030441317127666,3.1647413097897674
USDZAR,1,2026-03-11,PM,66,5,0.27370604669973947,0.2179615384615385,0.36944710054376506,0.22290110947712524
USDZAR,1,2026-03-11,PA,66,5,0.798468382259915,0.6434555736312432,0.9102586588580942,0.745581545651755
USDZAR,1,2026-03-11,VAR1,66,5,217.96225154842085,155.1569431170102,330.01469467116937,121.13307549344555
USDZAR,1,2026-03-11,ARHinc,66,5,1.2025988369704743,0.9247024519396618,1.6427810524772544,0.9357566574282549
USDZAR,1,2026-03-11,KernelARH,66,5,2.5573288791961257,1.991895895115867,3.768204451164972,1.6357643915430642
USDZAR,5,2026-03-17,PM,66,4,0.7704093255186845,0.6322307692307695,0.9463173315588262,0.5890825375266584
USDZAR,5,2026-03-17,PA,66,4,1.303778605287562,0.9970346583953513,1.7272021252134009,0.9873859450186765
USDZAR,5,2026-03-17,VAR1,66,4,73.69416907197325,53.27743795421182,102.59866812470511,47.11346614449663
USDZAR,5,2026-03-17,ARHinc,66,4,2.3575270968592785,1.8262039617474835,3.2678544094534936,1.6012106605366712
USDZAR,5,2026-03-17,KernelARH,66,4,5.187376317356342,4.20470506752262,7.3838534643974745,3.3553017619218686
USDZAR,10,2026-03-24,PM,66,3,2.210423253935423,1.6239230769230764,3.4647669796246188,1.2010751930334322
USDZAR,10,2026-03-24,PA,66,3,2.6053331753649323,1.8436204335240622,4.081066189439509,1.4748657911588774
USDZAR,10,2026-03-24,VAR1,66,3,5.408601163757236,4.315666142847637,8.019886950649836,3.304711667381845
USDZAR,10,2026-03-24,ARHinc,66,3,3.857333473370908,2.7845569547049713,5.880406032773552,2.232681491853919
USDZAR,10,2026-03-24,KernelARH,66,3,5.17387820283983,3.939728705143416,7.842544120633999,3.0163757911639144
USDZAR,1,2026-03-12,PM,66,5,2.0021384601124717,1.4943461538461535,3.209572106179859,1.0832594295877815
USDZAR,1,2026-03-12,PA,66,5,2.184580815410612,1.6087084103547722,3.4638006893881377,1.3028266860063997
USDZAR,1,2026-03-12,VAR1,66,5,305.2651236347727,218.9119889942272,460.33933910578617,170.93142147868826
USDZAR,1,2026-03-12,ARHinc,66,5,1.8055194075989252,1.3045578940935252,2.8898034882171637,1.0897681447957155
USDZAR,1,2026-03-12,KernelARH,66,5,1.206130366294449,0.934958274042055,1.4040215255553345,0.9504343905364555
USDZAR,5,2026-03-18,PM,66,4,0.6123477832835748,0.5360769230769231,0.6660123093297166,0.47891879018226163
USDZAR,5,2026-03-18,PA,66,4,1.0359573138206235,0.8649652574060973,1.219503756061478,0.8792139761840188
USDZAR,5,2026-03-18,VAR1,66,4,170.98953614689137,129.79073541684846,234.3533447576454,112.98361710171937
USDZAR,5,2026-03-18,ARHinc,66,4,0.9665068759471157,0.7950122397786359,1.1512191477850453,0.8241545293648609
USDZAR,5,2026-03-18,KernelARH,66,4,1.008515763250297,0.8044552327748176,1.2257972904064245,0.8530547583977746
USDZAR,10,2026-03-25,PM,66,3,1.6021378145849616,1.155,2.547152640150862,0.8240208522958362
USDZAR,10,2026-03-25,PA,66,3,1.8689138652456938,1.3218173893670655,2.916959843826203,1.1082047894711764
USDZAR,10,2026-03-25,VAR1,66,3,4.7712666638931625,4.348898948961147,5.644590631437095,3.8270293235234574
USDZAR,10,2026-03-25,ARHinc,66,3,1.7403770687516984,1.2304553989626388,2.71798387074726,1.0453668714481585
USDZAR,10,2026-03-25,KernelARH,66,3,4.519266193478126,3.383529058806963,6.90936887989767,2.589717241747841
USDZAR,1,2026-03-13,PM,66,5,0.5857347046494421,0.5264999999999999,0.681387438617644,0.4672116811928995
USDZAR,1,2026-03-13,PA,66,5,1.132656064407607,0.9156833616766186,1.45245034586583,0.9337566104962959
USDZAR,1,2026-03-13,VAR1,66,5,831.4805424362067,584.1364709980513,1248.2654742902914,469.57645701772447
USDZAR,1,2026-03-13,ARHinc,66,5,1.0517110668855953,0.8250048335958122,1.1761077474194697,0.8762690050375589
USDZAR,1,2026-03-13,KernelARH,66,5,1.8932547439415452,1.4125497302801868,2.5256730266738,1.2336978403061587
USDZAR,5,2026-03-19,PM,66,4,1.100061995630596,0.5796923076923074,1.8987769835276522,0.46944010009047216
USDZAR,5,2026-03-19,PA,66,4,1.2279212049241057,0.958555598335482,1.5885429372414264,0.8900018481167769
USDZAR,5,2026-03-19,VAR1,66,4,970.7084939165302,744.9985102946798,1321.8405664664365,650.1150367377119
USDZAR,5,2026-03-19,ARHinc,66,4,1.790893843481139,1.345688218996834,2.511690308036726,1.1464963179320844
USDZAR,5,2026-03-19,KernelARH,66,4,2.9806288286324296,2.1998279600361443,4.339901276189995,1.7851885867188368
USDZAR,10,2026-03-26,PM,66,3,0.5126476335201853,0.3298076923076923,0.7963822103044433,0.31645494901381405
USDZAR,10,2026-03-26,PA,66,3,0.9358394167518496,0.7491556198889292,1.0159370745607257,0.830671072039254
USDZAR,10,2026-03-26,VAR1,66,3,119.17918742923224,105.13128352995045,158.3821596244745,84.79912582148384
USDZAR,10,2026-03-26,ARHinc,66,3,1.016671096196275,0.8063647639420825,1.1170962253628167,0.8788470950234706
USDZAR,10,2026-03-26,KernelARH,66,3,2.2098066375103134,1.6019005797115526,3.5173063504834285,1.2494541967730788
