scenario,replication,h,model,RMSE,MAE,ISE
regime_change,1,1,ARHinc,0.26981413261552,0.21688927110144435,0.07836362825545684
regime_change,1,1,KernelARH,0.26848711659493063,0.21586341361547487,0.07745856378462972
regime_change,1,1,PA,0.2698654782400781,0.21672612453200263,0.07830232671865743
regime_change,1,1,PM,0.3007185624870762,0.24106175246283273,0.0945495033517104
regime_change,1,1,VAR1,0.268270557168694,0.21555695771023217,0.07730867883586111
regime_change,1,5,ARHinc,0.27390702858416643,0.22019321369532233,0.08089533107117952
regime_change,1,5,KernelARH,0.26889430662513314,0.2162494543263847,0.0779469275671217
regime_change,1,5,PA,0.276794051414603,0.22257700205994527,0.08252591416219807
regime_change,1,5,PM,0.3727488862531888,0.29842314416654536,0.14806744288485318
regime_change,1,5,VAR1,0.268879921688102,0.2162338501408746,0.07794604420734787
regime_change,1,10,ARHinc,0.27604481112304946,0.22144708159876816,0.08264403083260523
regime_change,1,10,KernelARH,0.2737213743357525,0.2197573731015737,0.08136086749959155
regime_change,1,10,PA,0.2792126532995241,0.2239714626823727,0.08449897959358088
regime_change,1,10,PM,0.373146630401283,0.2991349139807745,0.15225599854754268
regime_change,1,10,VAR1,0.2737077642427177,0.21974431922111226,0.0813534430817701
regime_change,2,1,ARHinc,0.2720177429071006,0.2169466511494793,0.07712965852391702
regime_change,2,1,KernelARH,0.2703528249557077,0.21530343045016848,0.07628495498354307
regime_change,2,1,PA,0.27364761617838607,0.2180738155059334,0.07810312557537763
regime_change,2,1,PM,0.3139699381634006,0.24984923144528054,0.10240396601610993
regime_change,2,1,VAR1,0.2722305421489658,0.21681873599404286,0.07739974479842725
regime_change,2,5,ARHinc,0.27475808048389466,0.21941766307827199,0.07875311337987491
regime_change,2,5,KernelARH,0.2743858175036372,0.21892843966406023,0.07862642909921645
regime_change,2,5,PA,0.2771003097551158,0.22095997234710466,0.08006476627068712
regime_change,2,5,PM,0.3370514670220511,0.267814513313873,0.11825499253520558
regime_change,2,5,VAR1,0.27431393825526035,0.21886622319855611,0.07857892123739782
regime_change,2,10,ARHinc,0.28017713702175884,0.22380929009847747,0.08259729175583827
regime_change,2,10,KernelARH,0.2792976229349362,0.2232312025048154,0.08209942333941352
regime_change,2,10,PA,0.2815563378318113,0.22481415208651445,0.08341441043784598
regime_change,2,10,PM,0.3601371195703988,0.2853328421392773,0.13676838172241004
regime_change,2,10,VAR1,0.27926578284135706,0.22319791210629505,0.08207931084370083
regime_change,3,1,ARHinc,0.2620633614816287,0.20879867182618475,0.07209213524287245
regime_change,3,1,KernelARH,0.2614533901783882,0.20827291006641138,0.07166686843839823
regime_change,3,1,PA,0.26437462614628926,0.21067092020728415,0.07306759446048552
regime_change,3,1,PM,0.3102805203820403,0.24765322702015283,0.10133490958226646
regime_change,3,1,VAR1,0.2608953957400122,0.20781327959372295,0.07153546789880569
regime_change,3,5,ARHinc,0.26492191170753576,0.21090954749510352,0.07350472501738554
regime_change,3,5,KernelARH,0.26290385782885123,0.20917337032898928,0.07262269718106946
regime_change,3,5,PA,0.2664484054050512,0.21202618026403622,0.07422448020603616
regime_change,3,5,PM,0.339924625206364,0.27042930912854596,0.121053426749383
regime_change,3,5,VAR1,0.26286163346976665,0.20912551291726011,0.07260091896368269
regime_change,3,10,ARHinc,0.2664570371339277,0.21132975962707223,0.07445190270975939
regime_change,3,10,KernelARH,0.2624045052898782,0.20847515416358428,0.07246072097083348
regime_change,3,10,PA,0.26880070909519477,0.2128357966936753,0.07571212583826284
regime_change,3,10,PM,0.3474120423089673,0.2762410465547756,0.12560768095318614
regime_change,3,10,VAR1,0.26231873117454646,0.20839580995204351,0.07241497710011528
regime_change,4,1,ARHinc,0.25340853938396823,0.2038458417700438,0.06789630262988354
regime_change,4,1,KernelARH,0.2525045901211665,0.2038225022356866,0.06744205846203985
regime_change,4,1,PA,0.25451305263929735,0.20475383042191905,0.06840793560035231
regime_change,4,1,PM,0.30751600622836067,0.24562889871058052,0.09758324400645058
regime_change,4,1,VAR1,0.25384507650987737,0.20464757669574507,0.06829279899300807
regime_change,4,5,ARHinc,0.25997022335820047,0.20941239192442038,0.07147960656684217
regime_change,4,5,KernelARH,0.25572873888023917,0.20607987887394372,0.06917153218388157
regime_change,4,5,PA,0.26233541651327996,0.21153915084233682,0.07278167809237603
regime_change,4,5,PM,0.3511659767450181,0.2815905949415104,0.12838262119258936
regime_change,4,5,VAR1,0.25571285138797073,0.20606637638796294,0.06916043100331376
regime_change,4,10,ARHinc,0.2562976583301339,0.20691402350253565,0.06919867840613364
regime_change,4,10,KernelARH,0.2523670892979993,0.20346999164680962,0.06735190135543641
regime_change,4,10,PA,0.2582054488507641,0.2084719070311571,0.07014968161110437
regime_change,4,10,PM,0.3481638464848197,0.2776677048296297,0.12912827844504163
regime_change,4,10,VAR1,0.25234554115483876,0.20344634860015406,0.06733801451022997
regime_change,5,1,ARHinc,0.2611149420395423,0.20858610354475698,0.07186690307135282
regime_change,5,1,KernelARH,0.2578777974342902,0.20653369081586131,0.07045621695322939
regime_change,5,1,PA,0.2632761110846847,0.21051972074102918,0.07296871197965782
regime_change,5,1,PM,0.3085691648779723,0.24761672153066622,0.09994387127497358
regime_change,5,1,VAR1,0.25853014308614786,0.20707858179613373,0.07077434807041372
regime_change,5,5,ARHinc,0.25906228383079904,0.2073422456614671,0.06994501162132111
regime_change,5,5,KernelARH,0.25462676654628646,0.20394887223382757,0.06787845205934881
regime_change,5,5,PA,0.2613189174150496,0.20903537485000553,0.07113746134110245
regime_change,5,5,PM,0.33922258648095915,0.27209864172429327,0.12040298863036851
regime_change,5,5,VAR1,0.2547281998800471,0.2040192538300066,0.06792890265933281
regime_change,5,10,ARHinc,0.26263673893211525,0.2106388011692771,0.07196311642013097
regime_change,5,10,KernelARH,0.25673420954099513,0.2058325452261132,0.06913146694732011
regime_change,5,10,PA,0.2653456623267815,0.21271695779314986,0.07353735138619691
regime_change,5,10,PM,0.3473386508639205,0.2779186144503408,0.1280878052863597
regime_change,5,10,VAR1,0.256868555316189,0.20592961042705965,0.06919447803072058
regime_change,6,1,ARHinc,0.2760273173506993,0.2217209632046822,0.08191703942191948
regime_change,6,1,KernelARH,0.2737888866344674,0.22022558266306652,0.08046966718214556
regime_change,6,1,PA,0.2752197611224909,0.22115067440151476,0.08132017415976234
regime_change,6,1,PM,0.31200120057887926,0.2488880144140283,0.1020100009790316
regime_change,6,1,VAR1,0.2746682733590765,0.220900226776681,0.08098233062657263
regime_change,6,5,ARHinc,0.2744546728149454,0.22023815855823203,0.08150198415719917
regime_change,6,5,KernelARH,0.2697915227921053,0.21682707821905317,0.07841351294767475
regime_change,6,5,PA,0.2768996801460179,0.2222488045733306,0.08308958189828188
regime_change,6,5,PM,0.35812298568834766,0.28761965445692833,0.1355449705139653
regime_change,6,5,VAR1,0.269943067990426,0.21695542437120643,0.0785225443983042
regime_change,6,10,ARHinc,0.2698460078440702,0.21668847592318072,0.07877216966018498
regime_change,6,10,KernelARH,0.26545334087836364,0.21301944409357845,0.07599429366074505
regime_change,6,10,PA,0.272053762748845,0.21805914812246135,0.08010667072750241
regime_change,6,10,PM,0.3569474025066673,0.2845643663034093,0.1358786043604474
regime_change,6,10,VAR1,0.2656554015730717,0.21317472775844537,0.0761318069439448
regime_change,7,1,ARHinc,0.27374998090449126,0.21747165922363346,0.08046388469415164
regime_change,7,1,KernelARH,0.27502184645069117,0.21818127274791707,0.08165622690862874
regime_change,7,1,PA,0.2753790890490259,0.21861724660712806,0.08115711012514482
regime_change,7,1,PM,0.3070964565424904,0.2451217980236158,0.09810943778965019
regime_change,7,1,VAR1,0.27519694288643504,0.218478180088844,0.08164431366712607
regime_change,7,5,ARHinc,0.2786169337268343,0.2208026783566814,0.08392532630852792
regime_change,7,5,KernelARH,0.27831949982566073,0.22057652306624737,0.0842214024566376
regime_change,7,5,PA,0.281263189686323,0.22280551487207903,0.08529592064006361
regime_change,7,5,PM,0.3461094830268056,0.274003640551386,0.12819382318958525
regime_change,7,5,VAR1,0.2782998102104938,0.22055006877976085,0.08421280159065873
regime_change,7,10,ARHinc,0.28479494262839883,0.2262302473544115,0.08823761304550921
regime_change,7,10,KernelARH,0.28379176264677247,0.22531097413585094,0.08764697847730615
regime_change,7,10,PA,0.2870046213010398,0.22774472060722822,0.08954026262527519
regime_change,7,10,PM,0.3638054356066676,0.287751743231372,0.13999231900863376
regime_change,7,10,VAR1,0.28377399968286765,0.22529343573506894,0.08763772141243016
regime_change,8,1,ARHinc,0.2576575202526304,0.20644339552205226,0.07019795681814225
regime_change,8,1,KernelARH,0.25864160680830206,0.20772785731441137,0.07083245023493867
regime_change,8,1,PA,0.26182661653127587,0.20987543004527298,0.07244137263018653
regime_change,8,1,PM,0.30262523674543385,0.24208192414320387,0.09522514128386389
regime_change,8,1,VAR1,0.2593929762848253,0.2082507634796876,0.0712574038044359
regime_change,8,5,ARHinc,0.2660686971792716,0.21361937320274138,0.07467361158696408
regime_change,8,5,KernelARH,0.2611609198056312,0.20956754185045798,0.07220479693374186
regime_change,8,5,PA,0.26904987034282374,0.2163108550568581,0.07627515169547162
regime_change,8,5,PM,0.34748141034850233,0.2762876293843419,0.12722784172989052
regime_change,8,5,VAR1,0.26113820363685786,0.20955144027526462,0.07220815973358083
regime_change,8,10,ARHinc,0.2576998250812287,0.20756719061695827,0.0698480079369906
regime_change,8,10,KernelARH,0.25620590150906597,0.20576954635625982,0.06908394864934932
regime_change,8,10,PA,0.2610813194608892,0.21017154549669445,0.07184434953081682
regime_change,8,10,PM,0.345414736630227,0.27423823945013337,0.12490187117674685
regime_change,8,10,VAR1,0.25615729699708206,0.20574459357755695,0.06906429818994916
regime_change,9,1,ARHinc,0.25236993438304245,0.20240553874860162,0.0677488664847449
regime_change,9,1,KernelARH,0.2506201131098437,0.20106720349790813,0.06687860006460655
regime_change,9,1,PA,0.2525520257947952,0.2026274913340998,0.06773874842432662
regime_change,9,1,PM,0.3059855493661524,0.246046658274368,0.0983325473712382
regime_change,9,1,VAR1,0.2506650508186549,0.20125577976017003,0.06671212060097793
regime_change,9,5,ARHinc,0.2508244035087318,0.2014921449906297,0.0670578725965125
regime_change,9,5,KernelARH,0.2488145580346428,0.19990921036681988,0.06594503672886005
regime_change,9,5,PA,0.25293558649639913,0.20284445825317546,0.06805682456237616
regime_change,9,5,PM,0.3343606592599271,0.26688539097428854,0.11982535419807122
regime_change,9,5,VAR1,0.24884397293738517,0.1999490433189758,0.0659656115987966
regime_change,9,10,ARHinc,0.252180656218524,0.20310075537113148,0.06731950657756251
regime_change,9,10,KernelARH,0.2482022354098885,0.19978239760434244,0.06555433658835365
regime_change,9,10,PA,0.2550111604187631,0.20542313558589703,0.06882710418461743
regime_change,9,10,PM,0.34714492350102505,0.27698556831255494,0.12908538316557197
regime_change,9,10,VAR1,0.2481977909314258,0.19978323821823557,0.06554539920670019
regime_change,10,1,ARHinc,0.2677956399252906,0.2145807702141675,0.07662004000626245
regime_change,10,1,KernelARH,0.2663766547844692,0.21349559798803136,0.07597645644471804
regime_change,10,1,PA,0.2686317404800117,0.2155346989025596,0.07712053522599634
regime_change,10,1,PM,0.29743438417216533,0.2387821512266732,0.09112985884988163
regime_change,10,1,VAR1,0.2665565972701921,0.2135981495521717,0.07612828310071817
regime_change,10,5,ARHinc,0.27300896407387193,0.21835088117343787,0.07972809158335675
regime_change,10,5,KernelARH,0.27248316326019767,0.21823062254129727,0.0793843428597408
regime_change,10,5,PA,0.2746292424521248,0.21956262203093924,0.08072968869994229
regime_change,10,5,PM,0.33657255851284434,0.26802493441035796,0.11823572192920537
regime_change,10,5,VAR1,0.2724698831354351,0.21822668318131613,0.07937979151097835
regime_change,10,10,ARHinc,0.28053670723497337,0.22446886625951906,0.08454251722530186
regime_change,10,10,KernelARH,0.27871091984197477,0.22314488966364177,0.08340533892068856
regime_change,10,10,PA,0.2828907546783084,0.22632246208341078,0.08596837683373747
regime_change,10,10,PM,0.3506487333099234,0.27918281958426855,0.13111735916150008
regime_change,10,10,VAR1,0.2786949003797666,0.22314236907376897,0.08340298875654942
regime_change,11,1,ARHinc,0.2612302919871407,0.2106191164103902,0.07083533542682521
regime_change,11,1,KernelARH,0.25773998935038184,0.2077439264208437,0.0690782569012251
regime_change,11,1,PA,0.2633870812193665,0.21224934991236188,0.07189031878467779
regime_change,11,1,PM,0.3127826753566672,0.25152496849015554,0.10338567090537648
regime_change,11,1,VAR1,0.2581335062390465,0.20813271566382627,0.06930834512585118
regime_change,11,5,ARHinc,0.26168918696945154,0.2109334954588714,0.07165985419464921
regime_change,11,5,KernelARH,0.26032617194066826,0.20988401231434098,0.07100752289526041
regime_change,11,5,PA,0.2636360940752035,0.21228865263911345,0.0727459231065477
regime_change,11,5,PM,0.34260464769791693,0.27494262075931164,0.12328544844511852
regime_change,11,5,VAR1,0.2603455913666442,0.2099041587978317,0.0710088516099248
regime_change,11,10,ARHinc,0.2620440909197233,0.21114407470436997,0.07231215125518736
regime_change,11,10,KernelARH,0.2604396516215325,0.21003672120483707,0.07137708927081612
regime_change,11,10,PA,0.26436791759946704,0.2131337632696204,0.07364094483069519
regime_change,11,10,PM,0.35246353386831847,0.2830565732857635,0.13126363010824946
regime_change,11,10,VAR1,0.26046283104291695,0.21005893926642405,0.07138542115637461
regime_change,12,1,ARHinc,0.26886170168389256,0.2170270686811453,0.07860190881525471
regime_change,12,1,KernelARH,0.267436633158821,0.2163219104016693,0.0785859520697163
regime_change,12,1,PA,0.27106119765887626,0.21823898653271123,0.0799002949485108
regime_change,12,1,PM,0.301964661470897,0.24192311077019468,0.0956015030216055
regime_change,12,1,VAR1,0.2674427763143141,0.21642261816132233,0.07854452954971575
regime_change,12,5,ARHinc,0.28047973985152497,0.22669264036339035,0.08823987299045147
regime_change,12,5,KernelARH,0.2764195649981845,0.22406999332167984,0.08523946590889372
regime_change,12,5,PA,0.283385544291549,0.22873428080938335,0.08970398514821465
regime_change,12,5,PM,0.3646962692742973,0.29254194070480666,0.14182492498349974
regime_change,12,5,VAR1,0.27643092506687067,0.2240736643033118,0.0852613709628962
regime_change,12,10,ARHinc,0.28242935629535176,0.2281793585995111,0.09057741919983452
regime_change,12,10,KernelARH,0.2781743092517595,0.22550843794744777,0.08690015883031754
regime_change,12,10,PA,0.28428219263071847,0.22938729810211841,0.09176965342891352
regime_change,12,10,PM,0.3532173850973312,0.2840604344000776,0.13536322660263303
regime_change,12,10,VAR1,0.27811285733140684,0.22544635287601847,0.08687882774713367
regime_change,13,1,ARHinc,0.27521475370261506,0.2191080084911822,0.08162161801530177
regime_change,13,1,KernelARH,0.27625759190776605,0.22030749053027335,0.08217777439481486
regime_change,13,1,PA,0.2786495487467969,0.22198567778387057,0.08365720511443142
regime_change,13,1,PM,0.31767641927660434,0.2540429686091372,0.10521407419398814
regime_change,13,1,VAR1,0.27793329927674343,0.22191438414708176,0.0830450804226348
regime_change,13,5,ARHinc,0.28491989257844386,0.22753909824421273,0.08750404156970493
regime_change,13,5,KernelARH,0.2812879130186951,0.22453757650027273,0.08549360350348222
regime_change,13,5,PA,0.28563803313421676,0.22784924258721206,0.08794346677551501
regime_change,13,5,PM,0.3666936371046595,0.2932298267620868,0.14232191711377062
regime_change,13,5,VAR1,0.28136820553877845,0.22459578192673957,0.08554225309355072
regime_change,13,10,ARHinc,0.28536632202368845,0.227955554715785,0.08820262532157636
regime_change,13,10,KernelARH,0.2816355914661477,0.22516632491120497,0.08579352990423589
regime_change,13,10,PA,0.28767236174800315,0.22979988515089814,0.08993615432603476
regime_change,13,10,PM,0.3749986274012856,0.2999331847527232,0.15065956691352525
regime_change,13,10,VAR1,0.2817091680583097,0.2252253294359207,0.08583996958084363
regime_change,14,1,ARHinc,0.2861109182519986,0.2299333044595806,0.08860567144273483
regime_change,14,1,KernelARH,0.2855314158315556,0.22982495711847065,0.08842360694266779
regime_change,14,1,PA,0.28889981264842063,0.23228281015824948,0.09040337673651418
regime_change,14,1,PM,0.31668113910272866,0.2530760516221438,0.10638549673080176
regime_change,14,1,VAR1,0.28546070652641364,0.22955979491189177,0.08816060288169596
regime_change,14,5,ARHinc,0.28735835554707834,0.23007464250839427,0.08900598884951381
regime_change,14,5,KernelARH,0.28371821641214984,0.22800327621664968,0.08723276623031632
regime_change,14,5,PA,0.2902610236665346,0.2320823385508051,0.09068898959700615
regime_change,14,5,PM,0.381434815715613,0.30455206114538524,0.15689577102336363
regime_change,14,5,VAR1,0.28372424118437534,0.2280078565465018,0.0872426838555124
regime_change,14,10,ARHinc,0.2797644084758471,0.22451516042280764,0.08386908206959513
regime_change,14,10,KernelARH,0.2769900244782987,0.2218877936755454,0.08284502084342855
regime_change,14,10,PA,0.282472212372311,0.22674195272652073,0.08565615535890568
regime_change,14,10,PM,0.3626556330452168,0.29139207138248324,0.1439116307610468
regime_change,14,10,VAR1,0.27700599440867196,0.22189312516191256,0.08285546608756168
regime_change,15,1,ARHinc,0.26838674757916026,0.21551562326505944,0.07659005028036
regime_change,15,1,KernelARH,0.2693503658833337,0.21614518631484447,0.07708941099946547
regime_change,15,1,PA,0.2698984298927483,0.21681099886688437,0.07725639045512074
regime_change,15,1,PM,0.3106020980360383,0.25007759890424686,0.10054284235276319
regime_change,15,1,VAR1,0.26987887144409295,0.21636885376051374,0.0773703858531151
regime_change,15,5,ARHinc,0.2691585350410664,0.21598810007283675,0.07702517155539762
regime_change,15,5,KernelARH,0.26943877307513675,0.21627034090646347,0.07718263208058847
regime_change,15,5,PA,0.27096867952508435,0.21770718224998162,0.07805050842876171
regime_change,15,5,PM,0.363959599192041,0.28988619614900507,0.14066451372581207
regime_change,15,5,VAR1,0.26929105814905735,0.2161666006725148,0.07710450727443187
regime_change,15,10,ARHinc,0.2746676486864275,0.2209345725406171,0.08040689540720285
regime_change,15,10,KernelARH,0.27349549700685316,0.21969256465349185,0.07962035514774896
regime_change,15,10,PA,0.27620377317361816,0.22225117826683255,0.08121471526811733
regime_change,15,10,PM,0.3654281472070834,0.29163510198168835,0.14219138758626068
regime_change,15,10,VAR1,0.2733929896279091,0.21962368204444088,0.07957349388714316
regime_change,16,1,ARHinc,0.2637984629308518,0.21086453351939605,0.07390855864942335
regime_change,16,1,KernelARH,0.2623870003605315,0.20964893894803333,0.07324479163547536
regime_change,16,1,PA,0.2669780763639839,0.21286715461135328,0.0753678754134154
regime_change,16,1,PM,0.31183009094917163,0.24785756248069346,0.10074119904179714
regime_change,16,1,VAR1,0.26271657813802296,0.21007279583070015,0.07347164673554706
regime_change,16,5,ARHinc,0.2706833486688301,0.21611074589420168,0.07774997261885562
regime_change,16,5,KernelARH,0.2666644572462537,0.21322351661160882,0.07541920327191988
regime_change,16,5,PA,0.271485801917721,0.21632979877725478,0.07794551531778972
regime_change,16,5,PM,0.34604083730042573,0.2766205867684702,0.12712998178086057
regime_change,16,5,VAR1,0.26675387767375824,0.21330957115522206,0.0754805246486573
regime_change,16,10,ARHinc,0.26912070700667406,0.2144416014459522,0.07693920273514733
regime_change,16,10,KernelARH,0.26529757243255975,0.21183890386305804,0.07461260481978423
regime_change,16,10,PA,0.27081161819749044,0.21553886236202835,0.07797639276946773
regime_change,16,10,PM,0.3553425598890329,0.28359604038250485,0.13526328395110668
regime_change,16,10,VAR1,0.2653572553374502,0.21189816232075775,0.07464867384039932
regime_change,17,1,ARHinc,0.27999621344980885,0.22298859554665082,0.08595487339069555
regime_change,17,1,KernelARH,0.278984049007231,0.2225018454465801,0.08557720796655213
regime_change,17,1,PA,0.2818025998522062,0.22416730296064646,0.08721984261247719
regime_change,17,1,PM,0.3307440640375204,0.2655911144340322,0.11608767522957084
regime_change,17,1,VAR1,0.27864933373226625,0.22205099145245727,0.08513051776239895
regime_change,17,5,ARHinc,0.2866253474272275,0.22874728382241757,0.08995399849608918
regime_change,17,5,KernelARH,0.2844295065940179,0.22675226577030563,0.08836593276539356
regime_change,17,5,PA,0.2887592252939003,0.23015004807419753,0.09147903588122376
regime_change,17,5,PM,0.37244089418826637,0.2989272175363496,0.15385055537372533
regime_change,17,5,VAR1,0.28429613970768947,0.22664598897636765,0.0882862690242836
regime_change,17,10,ARHinc,0.28695718261457925,0.22865528931397802,0.08981840286798469
regime_change,17,10,KernelARH,0.28710568980050516,0.22892067348289324,0.08976942642298895
regime_change,17,10,PA,0.28831772660008204,0.22979649697998672,0.09034989279532575
regime_change,17,10,PM,0.38003569978638596,0.30433263087591406,0.1563798213923678
regime_change,17,10,VAR1,0.2869750880093137,0.2288220352957103,0.08969276038436436
regime_change,18,1,ARHinc,0.2685177222697191,0.21584523909791528,0.07631143845515773
regime_change,18,1,KernelARH,0.26707886559411215,0.21465978245637551,0.0756753637519676
regime_change,18,1,PA,0.27092130071474246,0.21789626164354947,0.07772541799381913
regime_change,18,1,PM,0.31232348914351415,0.24900222044804457,0.10120757605065628
regime_change,18,1,VAR1,0.2669357082486463,0.21418793655423943,0.0755942279117294
regime_change,18,5,ARHinc,0.27111004619697493,0.2168786981944692,0.07788931896187326
regime_change,18,5,KernelARH,0.2696862352673781,0.2158866355677032,0.07742673180675066
regime_change,18,5,PA,0.2736730508567835,0.21857269739796267,0.07919050873548633
regime_change,18,5,PM,0.34330310811481496,0.2716325126405927,0.12337032979741233
regime_change,18,5,VAR1,0.2696641031064147,0.21589970686667967,0.07742757623238856
regime_change,18,10,ARHinc,0.2702021430962197,0.21632418242326454,0.07766332789111609
regime_change,18,10,KernelARH,0.26828529330531264,0.21469007485777425,0.07664861611612746
regime_change,18,10,PA,0.2720955977745722,0.2180485484599611,0.07868023000538055
regime_change,18,10,PM,0.3665374565872664,0.29149031407043924,0.14098429653381475
regime_change,18,10,VAR1,0.2682526640634466,0.21469744118959821,0.07663819557510518
regime_change,19,1,ARHinc,0.2995941775122779,0.24145197299387422,0.09958125175014283
regime_change,19,1,KernelARH,0.300112620571936,0.24180968701402866,0.10029809902989728
regime_change,19,1,PA,0.3020057749457801,0.242828819487312,0.10119602353378906
regime_change,19,1,PM,0.30761670782272504,0.24597049483318986,0.09924831988969007
regime_change,19,1,VAR1,0.30042973266518436,0.24194156351597496,0.100437721693943
regime_change,19,5,ARHinc,0.3022186657953893,0.24308666776570426,0.10235700071247752
regime_change,19,5,KernelARH,0.30008094873004065,0.24168864769384615,0.10116783877084135
regime_change,19,5,PA,0.3054312720330789,0.2456405185598972,0.1044359132647133
regime_change,19,5,PM,0.35278548114375996,0.2813177389105772,0.13363821792495473
regime_change,19,5,VAR1,0.30013194771623325,0.2417270282232287,0.10120248588839814
regime_change,19,10,ARHinc,0.3032995109505101,0.24398420443933658,0.10371085270782403
regime_change,19,10,KernelARH,0.30206158333021715,0.24328536376742782,0.10325334247787794
regime_change,19,10,PA,0.30530181252615685,0.2455377398004939,0.1049438000004453
regime_change,19,10,PM,0.3809091464641944,0.3052087350407727,0.15656654875055542
regime_change,19,10,VAR1,0.30209417855900644,0.24331718207087316,0.10328594906357298
regime_change,20,1,ARHinc,0.28092475486442847,0.22498124847470047,0.08302743899001343
regime_change,20,1,KernelARH,0.27944956268907234,0.22361345615053588,0.08252080813038144
regime_change,20,1,PA,0.2814585017003955,0.225177209290617,0.08333815931035302
regime_change,20,1,PM,0.3232286915212079,0.25892839124269224,0.11025700503426114
regime_change,20,1,VAR1,0.28021143636507506,0.22405664452162957,0.08277188388734197
regime_change,20,5,ARHinc,0.2892810940248741,0.231347145833772,0.08836349780171927
regime_change,20,5,KernelARH,0.285370197504212,0.22818087662336056,0.08597989770365505
regime_change,20,5,PA,0.29223822239912634,0.23361793019111077,0.0902495836174266
regime_change,20,5,PM,0.3661613820609973,0.2905735657720593,0.14249852507513877
regime_change,20,5,VAR1,0.28534059314901566,0.2281709360221692,0.0859516659085434
regime_change,20,10,ARHinc,0.2895043009477748,0.2318550479839398,0.08792600837631302
regime_change,20,10,KernelARH,0.2859606324822396,0.22902586809869874,0.08649052694824834
regime_change,20,10,PA,0.2940787647036721,0.2355375860878881,0.09061754927589717
regime_change,20,10,PM,0.3728753584693391,0.2981164729876667,0.14760316886694966
regime_change,20,10,VAR1,0.285954791892544,0.22902145144976552,0.08648120069658193
regime_change,21,1,ARHinc,0.2634430930368311,0.20966090986507352,0.07292038996556542
regime_change,21,1,KernelARH,0.26136005467364454,0.20771228139931805,0.07174097088309024
regime_change,21,1,PA,0.2674060548863569,0.21299004861188345,0.07534238765420728
regime_change,21,1,PM,0.31004913347418284,0.24865192913171455,0.10090000285295304
regime_change,21,1,VAR1,0.26196477698694604,0.2080800116754772,0.07223119158377395
regime_change,21,5,ARHinc,0.2646210134324313,0.2101845688654716,0.07363367026476011
regime_change,21,5,KernelARH,0.2603822008618728,0.20661043967001216,0.07151273303417628
regime_change,21,5,PA,0.2669502246180903,0.2119068364159556,0.07483870978131293
regime_change,21,5,PM,0.3598774755045388,0.28685507799979004,0.13709177395105654
regime_change,21,5,VAR1,0.26040861585545394,0.2066491703784086,0.0715292129903887
regime_change,21,10,ARHinc,0.25400587639686284,0.20176019493937922,0.06798665015026402
regime_change,21,10,KernelARH,0.25445961793612454,0.20202542074848603,0.06853369912340249
regime_change,21,10,PA,0.255951761209032,0.2032026927888731,0.06911217796215793
regime_change,21,10,PM,0.3564750697830114,0.2841375657290408,0.13524516521742505
regime_change,21,10,VAR1,0.254437891070722,0.20201759269687827,0.06851886621211305
regime_change,22,1,ARHinc,0.2998920813643109,0.24004359867552513,0.09866907239155792
regime_change,22,1,KernelARH,0.3015680902532419,0.24211824954790456,0.10001768948220513
regime_change,22,1,PA,0.3013329095725589,0.2410359141564887,0.09965821956193394
regime_change,22,1,PM,0.3064404561508143,0.24594294670220346,0.09805571512403233
regime_change,22,1,VAR1,0.3027098916931781,0.24292700996636987,0.10060490635964496
regime_change,22,5,ARHinc,0.30948656653978335,0.24816106973381494,0.1059266337493814
regime_change,22,5,KernelARH,0.3062732654968902,0.245629831174482,0.10340724225148985
regime_change,22,5,PA,0.31141011895845083,0.24942794553571795,0.10733596307528119
regime_change,22,5,PM,0.36351903360932997,0.2909329353646801,0.14209428460016466
regime_change,22,5,VAR1,0.3062443531943793,0.24559723691773067,0.1033969288757581
regime_change,22,10,ARHinc,0.3143974796120351,0.25148255838492656,0.10812787869372306
regime_change,22,10,KernelARH,0.3095871934889004,0.24801314272564254,0.1054852702564911
regime_change,22,10,PA,0.3177821671632213,0.25404450281055335,0.11020695479965344
regime_change,22,10,PM,0.3933679235299889,0.3148009392355393,0.16854091436519003
regime_change,22,10,VAR1,0.3095859911652384,0.24799361423694088,0.10549598589205562
regime_change,23,1,ARHinc,0.2843976149106336,0.22803998377650697,0.08493261262681066
regime_change,23,1,KernelARH,0.28393730840069625,0.2275392997631461,0.0849483772730636
regime_change,23,1,PA,0.2846956702980413,0.22837494305707337,0.08533770045133333
regime_change,23,1,PM,0.3154491386610909,0.254045535114683,0.10471030489321727
regime_change,23,1,VAR1,0.28363191768470103,0.22715693365662834,0.08486609990789952
regime_change,23,5,ARHinc,0.29011103333092214,0.23154605240282197,0.08887166974929249
regime_change,23,5,KernelARH,0.28825670214155824,0.2310809023819863,0.0879000185125876
regime_change,23,5,PA,0.2919662226749872,0.23279801751534623,0.09035103708807311
regime_change,23,5,PM,0.35070452277971276,0.2789720331831636,0.13253387130608435
regime_change,23,5,VAR1,0.2883768158802682,0.23118413383237213,0.08799041555552407
regime_change,23,10,ARHinc,0.30206848229745337,0.24204345649638181,0.09697671245419447
regime_change,23,10,KernelARH,0.2978012278887271,0.23819426165601526,0.09450064813515728
regime_change,23,10,PA,0.30410138530515063,0.2437657957381453,0.0985626641742253
regime_change,23,10,PM,0.37414636274046864,0.29829226735361924,0.15013699754357007
regime_change,23,10,VAR1,0.2979407862225027,0.23832017203570338,0.09461296297044496
regime_change,24,1,ARHinc,0.26231213046972796,0.20923649261300606,0.0725927070351959
regime_change,24,1,KernelARH,0.26094380873454914,0.2083755402594458,0.07185476253628179
regime_change,24,1,PA,0.26534573262045946,0.211992031927165,0.07445531382764574
regime_change,24,1,PM,0.3073634264774728,0.24699349835659262,0.09779951747804749
regime_change,24,1,VAR1,0.26182121906917716,0.2091179537659151,0.0722952205870401
regime_change,24,5,ARHinc,0.2639887247165902,0.21093536234423002,0.07370883764245978
regime_change,24,5,KernelARH,0.26022889732660737,0.20770496943139646,0.07160338763874927
regime_change,24,5,PA,0.26759815737171383,0.21410790820142256,0.075960274964258
regime_change,24,5,PM,0.35160297065415724,0.280575601056837,0.13006878818261694
regime_change,24,5,VAR1,0.26025767726419485,0.20773549680419592,0.07162618980780713
regime_change,24,10,ARHinc,0.2686104582593408,0.2146274193211585,0.07597123298553848
regime_change,24,10,KernelARH,0.264131218407964,0.21092133889833042,0.07364892371592335
regime_change,24,10,PA,0.2706632594801549,0.21596193542480807,0.0770884043913161
regime_change,24,10,PM,0.3486702491252414,0.27657546430442187,0.12708308096430335
regime_change,24,10,VAR1,0.2641579470265045,0.21093274906529955,0.07366397252676701
regime_change,25,1,ARHinc,0.26599124171371513,0.21429033176602671,0.07430449914415445
regime_change,25,1,KernelARH,0.26390502543806843,0.21241158516920403,0.07321913558604587
regime_change,25,1,PA,0.2689570129293186,0.2165299976018806,0.0760290933339568
regime_change,25,1,PM,0.3103616209469929,0.24872120714100757,0.1003491060622821
regime_change,25,1,VAR1,0.26781296575195396,0.21524111594740553,0.07552625781004962
regime_change,25,5,ARHinc,0.267250508530935,0.21554399302535776,0.07499633507804455
regime_change,25,5,KernelARH,0.2675214821562487,0.2156586792591032,0.07521454217416391
regime_change,25,5,PA,0.26932488676972727,0.21691957070322157,0.07621848925545265
regime_change,25,5,PM,0.34759487850075144,0.2787819095353393,0.1279754881443297
regime_change,25,5,VAR1,0.2675030767252262,0.21564076552842745,0.07519147503172517
regime_change,25,10,ARHinc,0.27693218285638865,0.2221308658304634,0.08013214346035237
regime_change,25,10,KernelARH,0.2733271158890373,0.21993951491497457,0.07811314864864112
regime_change,25,10,PA,0.27971435597532146,0.22432666856318065,0.08174286073052642
regime_change,25,10,PM,0.36705912131623364,0.29421322964298985,0.14220893122964243
regime_change,25,10,VAR1,0.27319832725243715,0.21982446116827542,0.07802302716604781
regime_change,26,1,ARHinc,0.2839443477307041,0.2296384050893471,0.08564746378980978
regime_change,26,1,KernelARH,0.28366441972803463,0.2297036126910293,0.0856758912805233
regime_change,26,1,PA,0.2857371055949331,0.2307637310951933,0.08673947529610719
regime_change,26,1,PM,0.3097906757038181,0.24965216235943785,0.09896755748189259
regime_change,26,1,VAR1,0.28429252358788765,0.2300917282327487,0.08615200696861645
regime_change,26,5,ARHinc,0.2836958818814501,0.22940562153434987,0.08581402321642738
regime_change,26,5,KernelARH,0.2840132686442398,0.22959188401631417,0.08644606513206311
regime_change,26,5,PA,0.2859546726184218,0.23098747437527692,0.08714724565496752
regime_change,26,5,PM,0.3357675760492827,0.2689120279231316,0.11726568681179886
regime_change,26,5,VAR1,0.28409017196442926,0.22965564280494655,0.08650925301902451
regime_change,26,10,ARHinc,0.28064981387255844,0.22642520763792764,0.08405064909405638
regime_change,26,10,KernelARH,0.27946158661803844,0.2259350531417598,0.08353485552748982
regime_change,26,10,PA,0.282889751061401,0.22822258282868332,0.08530066487701467
regime_change,26,10,PM,0.3614231033286986,0.28986006614623305,0.13837534826508283
regime_change,26,10,VAR1,0.27953133556777265,0.22599133929523996,0.08358478810667913
regime_change,27,1,ARHinc,0.27053817520872964,0.2173795209041682,0.07766278134073623
regime_change,27,1,KernelARH,0.27313322582291755,0.21940382849287862,0.0789486864492614
regime_change,27,1,PA,0.2712498038048277,0.21778767612237113,0.0782024743693894
regime_change,27,1,PM,0.3102820486156771,0.24965073789953965,0.10063131416768471
regime_change,27,1,VAR1,0.27250483065056613,0.2189736459130697,0.07888845018229661
regime_change,27,5,ARHinc,0.2763136369491629,0.22219089516799023,0.08072692751524237
regime_change,27,5,KernelARH,0.2741326194520502,0.22029613936232045,0.07976137277133477
regime_change,27,5,PA,0.2821632141536115,0.22726350730046738,0.08423767449939153
regime_change,27,5,PM,0.36094135445621495,0.2908081118549268,0.13917647250635615
regime_change,27,5,VAR1,0.2739657549070163,0.22015532786569342,0.07964317357965701
regime_change,27,10,ARHinc,0.27971317778710325,0.2249484010706889,0.08330659128818306
regime_change,27,10,KernelARH,0.27558266039390644,0.22198161911574416,0.08064262742697395
regime_change,27,10,PA,0.2841018972848091,0.22867796991282857,0.08553010676774973
regime_change,27,10,PM,0.38458396789612653,0.3086893391015461,0.15816498214223232
regime_change,27,10,VAR1,0.275427283504919,0.22184928849798205,0.0805356400044529
regime_change,28,1,ARHinc,0.26926637544098575,0.21714142364971972,0.07691026441864403
regime_change,28,1,KernelARH,0.26848203726944136,0.21657517303047738,0.07688143579449308
regime_change,28,1,PA,0.26980761952384313,0.21777713738994686,0.07698382133933429
regime_change,28,1,PM,0.3103069640763262,0.2491223573750347,0.10007292305008607
regime_change,28,1,VAR1,0.2709440540586199,0.21816794294171166,0.07826189660766762
regime_change,28,5,ARHinc,0.2636849487785018,0.21192266733660725,0.0731547816759077
regime_change,28,5,KernelARH,0.2638159863555504,0.2121510719810754,0.07355652867429277
regime_change,28,5,PA,0.2666052505364456,0.21417463169278123,0.07479352099873954
regime_change,28,5,PM,0.3443882961890414,0.2770623037357589,0.1244895926321765
regime_change,28,5,VAR1,0.2638506696353589,0.212166392910622,0.07357699134762608
regime_change,28,10,ARHinc,0.26353769666805765,0.2115376457767018,0.07313400711342595
regime_change,28,10,KernelARH,0.25960136181661647,0.20818706107954113,0.0712235486572625
regime_change,28,10,PA,0.26612412145528586,0.21329651379983858,0.07452399663404467
regime_change,28,10,PM,0.36101755813007025,0.2885806541096695,0.13896330389830108
regime_change,28,10,VAR1,0.2596895018735307,0.20824099124653747,0.07127743104382257
regime_change,29,1,ARHinc,0.2543953658832151,0.2045220261904847,0.06776359757445773
regime_change,29,1,KernelARH,0.25394711206007214,0.20420434102665141,0.06759450451390436
regime_change,29,1,PA,0.25625739461424935,0.20597149332878908,0.06886840700002012
regime_change,29,1,PM,0.30522631276350093,0.24494928229655508,0.09807750454167266
regime_change,29,1,VAR1,0.2548815080901109,0.20469409455227136,0.0681147440724798
regime_change,29,5,ARHinc,0.25886186921553206,0.20770150495255493,0.07005129653123626
regime_change,29,5,KernelARH,0.2575526672601619,0.20670440548970503,0.06958020599903252
regime_change,29,5,PA,0.26087612465264176,0.2092131839468492,0.07096263822284943
regime_change,29,5,PM,0.34295685797210623,0.2752725478313841,0.12601717061157613
regime_change,29,5,VAR1,0.2575617848537598,0.20670530113823576,0.06957840632829235
regime_change,29,10,ARHinc,0.26131518376077834,0.20994640547367502,0.0716707268043866
regime_change,29,10,KernelARH,0.2591527032284864,0.20803325959479646,0.07056123230368624
regime_change,29,10,PA,0.26359136136334,0.21173613917969558,0.0729915751670168
regime_change,29,10,PM,0.3540078770130169,0.2848377524876124,0.13417039382842982
regime_change,29,10,VAR1,0.25917314514931944,0.20804647600302043,0.07056773659543167
regime_change,30,1,ARHinc,0.2762120436230875,0.22065618115282346,0.08129632241220604
regime_change,30,1,KernelARH,0.27727892661352455,0.2221535519810999,0.0818781411170873
regime_change,30,1,PA,0.2794761094852269,0.22346546705724532,0.08313794894593354
regime_change,30,1,PM,0.31317321521131514,0.2511287190508616,0.1027481983262968
regime_change,30,1,VAR1,0.27763658594041274,0.2222814102833297,0.08200343291081474
regime_change,30,5,ARHinc,0.27353737836349573,0.2188780849242052,0.07943087640257646
regime_change,30,5,KernelARH,0.27302510600948116,0.21847369788799434,0.07922330963185392
regime_change,30,5,PA,0.2748196604969123,0.21970176911237776,0.0801706234247041
regime_change,30,5,PM,0.3610201771788304,0.28910377825361544,0.13993861266605187
regime_change,30,5,VAR1,0.2730938737749177,0.21852189770816338,0.07927877617356617
regime_change,30,10,ARHinc,0.27709192509051456,0.22208818023444174,0.08189317042974624
regime_change,30,10,KernelARH,0.2714403872392219,0.21707015745406463,0.07846500737606187
regime_change,30,10,PA,0.27952375670020674,0.2244150877020006,0.0832025424490124
regime_change,30,10,PM,0.3666527032862945,0.2919675777144794,0.1436534435662225
regime_change,30,10,VAR1,0.2715267056179503,0.21714578130566745,0.07853241906759642
regime_change,31,1,ARHinc,0.30193645037668165,0.2428937162109621,0.09778579138998278
regime_change,31,1,KernelARH,0.30179435332950544,0.24279193513341943,0.09808250824460692
regime_change,31,1,PA,0.3036191282320843,0.24381181368372695,0.09882339270321393
regime_change,31,1,PM,0.3138771900656782,0.2521675875759716,0.10246317207410972
regime_change,31,1,VAR1,0.30234331733471026,0.2431795716535229,0.0983467717982671
regime_change,31,5,ARHinc,0.304119469001899,0.24520816254506095,0.09990728272004976
regime_change,31,5,KernelARH,0.30634628969463,0.2469511798325324,0.10147582269981291
regime_change,31,5,PA,0.3059526225165402,0.24643294299142152,0.10104630052656303
regime_change,31,5,PM,0.3492889445837821,0.27880948227553515,0.13005521274935536
regime_change,31,5,VAR1,0.30641646474620904,0.2469993030376666,0.10149929255067955
regime_change,31,10,ARHinc,0.30183134257674904,0.2428157248299302,0.09768631159832399
regime_change,31,10,KernelARH,0.303408778125638,0.2436259471237218,0.09874280183925527
regime_change,31,10,PA,0.3032604320905231,0.24375371991959127,0.09860244829314094
regime_change,31,10,PM,0.35682232944909026,0.284215886598671,0.13204025971977795
regime_change,31,10,VAR1,0.3035488482414136,0.2437422744100379,0.09882145905629726
regime_change,32,1,ARHinc,0.29630447665058357,0.23948260145498002,0.09532004984478568
regime_change,32,1,KernelARH,0.2950641644671631,0.23876842800990353,0.09461864811262481
regime_change,32,1,PA,0.2978621902977202,0.24088077828904902,0.09612260241480115
regime_change,32,1,PM,0.3132813507961095,0.2522638691746755,0.10205496867788505
regime_change,32,1,VAR1,0.2955357564232125,0.23919998079481547,0.0948348228588721
regime_change,32,5,ARHinc,0.2921486392378424,0.2355938127996302,0.09234674510649611
regime_change,32,5,KernelARH,0.28946984676976534,0.23351973828187622,0.09104124502019294
regime_change,32,5,PA,0.2946917250775767,0.23746922508276733,0.09417285330046943
regime_change,32,5,PM,0.36425431368327177,0.2924748262583894,0.14115515348377444
regime_change,32,5,VAR1,0.2894224275194624,0.23349119994377512,0.09100040497881169
regime_change,32,10,ARHinc,0.2822884499431774,0.22624362129371972,0.0860389690678781
regime_change,32,10,KernelARH,0.28078808209094913,0.22526414461250416,0.08534589392190028
regime_change,32,10,PA,0.2837470868406229,0.22703139409987916,0.08684094920159609
regime_change,32,10,PM,0.3901125500672373,0.31423350345387596,0.167142466014724
regime_change,32,10,VAR1,0.2807011908052457,0.22520115005646285,0.08529642918211178
regime_change,33,1,ARHinc,0.2601018762131814,0.21025302381320907,0.07184064655933828
regime_change,33,1,KernelARH,0.2596177982854576,0.20980080023983222,0.07143683135140412
regime_change,33,1,PA,0.26246257636396264,0.21177658844480649,0.07335412482816364
regime_change,33,1,PM,0.31150838461164937,0.24991591670398403,0.10101037931270866
regime_change,33,1,VAR1,0.2597506559928952,0.2098478776798907,0.07142304629038511
regime_change,33,5,ARHinc,0.25799411962676727,0.20839433823344564,0.0711317564914331
regime_change,33,5,KernelARH,0.2591016758540837,0.20927526010423864,0.07122284325474394
regime_change,33,5,PA,0.25953940850600693,0.2095961636846291,0.07232514574661297
regime_change,33,5,PM,0.35039474501736423,0.28211079327139515,0.13733757358012003
regime_change,33,5,VAR1,0.25903152751146113,0.20922121531965668,0.07118763460214807
regime_change,33,10,ARHinc,0.26122913634415224,0.2107641165729677,0.07234258084343546
regime_change,33,10,KernelARH,0.2602357630812172,0.2100537489842154,0.07161971024042571
regime_change,33,10,PA,0.2635154931085427,0.21264406389835355,0.07397724748962765
regime_change,33,10,PM,0.33733091448492764,0.27152231677578637,0.12214091567861367
regime_change,33,10,VAR1,0.2601592339261584,0.2099982825722738,0.07157798809711362
regime_change,34,1,ARHinc,0.25212509077417167,0.20079882068248933,0.06631549878371079
regime_change,34,1,KernelARH,0.25007651663153324,0.1991060129105879,0.0649279068547229
regime_change,34,1,PA,0.2544779289342512,0.20251632566769212,0.06772506677579991
regime_change,34,1,PM,0.29218192988910613,0.2330796215659132,0.08760297474748163
regime_change,34,1,VAR1,0.250077376344948,0.19903961445885604,0.06486760491936175
regime_change,34,5,ARHinc,0.25639544018099136,0.20396926225998083,0.06800079979530305
regime_change,34,5,KernelARH,0.25210831260218647,0.20062265007306554,0.06583117479099798
regime_change,34,5,PA,0.2608936196575364,0.207451101648067,0.07070785254076642
regime_change,34,5,PM,0.3370101124804539,0.2679398301522222,0.11862402961508499
regime_change,34,5,VAR1,0.25236963159515297,0.200838565436931,0.06597251060087417
regime_change,34,10,ARHinc,0.25881791046193314,0.2060314319060523,0.06969749510272978
regime_change,34,10,KernelARH,0.2525998848457438,0.2008036439271307,0.06625281025098216
regime_change,34,10,PA,0.26142022404903215,0.20811976046344982,0.0711509324284895
regime_change,34,10,PM,0.33386552250236273,0.2648764323744175,0.11682879170356159
regime_change,34,10,VAR1,0.25288563082085386,0.20103936139568282,0.06640707999163657
regime_change,35,1,ARHinc,0.2613318838118171,0.2093123533335094,0.07216613440160695
regime_change,35,1,KernelARH,0.26223828871603155,0.21019981002595114,0.07283583467102865
regime_change,35,1,PA,0.2644800899136225,0.21193891616390764,0.0739766053474444
regime_change,35,1,PM,0.31991556838054264,0.25781520507895,0.10803206909689372
regime_change,35,1,VAR1,0.26171024468102483,0.20978365079272557,0.0724731108138264
regime_change,35,5,ARHinc,0.26895652839837203,0.21531771679607878,0.07641859175336052
regime_change,35,5,KernelARH,0.26614369932516757,0.2132949961012216,0.07484730209829518
regime_change,35,5,PA,0.2702384619333325,0.21631575626403704,0.07700362742795294
regime_change,35,5,PM,0.3410741761749483,0.2712529311122763,0.12386796412699902
regime_change,35,5,VAR1,0.2660974833024347,0.2132602557684743,0.07481607394148476
regime_change,35,10,ARHinc,0.274250602934716,0.21954924738236478,0.07919455870325062
regime_change,35,10,KernelARH,0.27032510574028523,0.21641330299825692,0.07702039526714703
regime_change,35,10,PA,0.2764786647767586,0.22137427878369925,0.08054112600297966
regime_change,35,10,PM,0.35401294072123907,0.28181739325993604,0.13084450746680093
regime_change,35,10,VAR1,0.2703126596728883,0.21642125893465278,0.07701318733089668
regime_change,36,1,ARHinc,0.26983394352229306,0.21709539589876786,0.07734950797280263
regime_change,36,1,KernelARH,0.26969645706743406,0.2173193049576221,0.07765839520892338
regime_change,36,1,PA,0.27263650307778137,0.21953123991365814,0.07932346725489914
regime_change,36,1,PM,0.3217718416897988,0.259382866423088,0.1093411475847742
regime_change,36,1,VAR1,0.27059864350967955,0.21803445891326761,0.07825714517569964
regime_change,36,5,ARHinc,0.2763598202148019,0.22212136654410838,0.0822644449490404
regime_change,36,5,KernelARH,0.27226751761454093,0.21926839527248945,0.07958369377041204
regime_change,36,5,PA,0.27827734913044067,0.2233342929428474,0.08328758376791875
regime_change,36,5,PM,0.3628081048443811,0.29195707848503477,0.1440706937486699
regime_change,36,5,VAR1,0.2722222270073615,0.21921604476029116,0.07956070484263282
regime_change,36,10,ARHinc,0.27518043637890977,0.2220366584763094,0.08176655332525383
regime_change,36,10,KernelARH,0.2737671303703892,0.22068208148991708,0.08055338275007577
regime_change,36,10,PA,0.27836458820453935,0.22449403113452274,0.08356490580524444
regime_change,36,10,PM,0.3612019527364091,0.28923473622217644,0.14122951447289075
regime_change,36,10,VAR1,0.273740418052477,0.22064821755528924,0.08054525980210009
regime_change,37,1,ARHinc,0.27824399367544805,0.2221275119918148,0.08201979798803195
regime_change,37,1,KernelARH,0.2794305124835786,0.22357325040856796,0.08302921382554228
regime_change,37,1,PA,0.27843191442520926,0.22210986986538825,0.08198608423590352
regime_change,37,1,PM,0.3067079281586787,0.2445083469058828,0.09727583630345406
regime_change,37,1,VAR1,0.27831697881361717,0.2225498611770263,0.08237771850614982
regime_change,37,5,ARHinc,0.2816963471158332,0.22516913251469894,0.08434468089626637
regime_change,37,5,KernelARH,0.2796019822096455,0.2236041589257044,0.0832072233184054
regime_change,37,5,PA,0.2822584585211618,0.2256027861174071,0.08481312111781553
regime_change,37,5,PM,0.3526406914307186,0.28178584539132084,0.13138726999541842
regime_change,37,5,VAR1,0.27955969213370985,0.22357902600624624,0.08318227711941159
regime_change,37,10,ARHinc,0.28506398553859147,0.2286903440805204,0.08659156387923005
regime_change,37,10,KernelARH,0.28279998895138314,0.22632725859667524,0.08537291251063835
regime_change,37,10,PA,0.2871207277307456,0.23032384609865936,0.08787117722666486
regime_change,37,10,PM,0.38624022316084394,0.3087010324890821,0.15733564646052103
regime_change,37,10,VAR1,0.28278160541976727,0.22632023367091048,0.08536382844528283
regime_change,38,1,ARHinc,0.2701448894895283,0.21495065474065894,0.07789932354270193
regime_change,38,1,KernelARH,0.2658228392111277,0.21138855437289822,0.07546989913087317
regime_change,38,1,PA,0.27173734201707767,0.21612129630702948,0.07832608957641395
regime_change,38,1,PM,0.3120605142895592,0.2503086720265623,0.10029173454583476
regime_change,38,1,VAR1,0.2671522378712649,0.21256691114092915,0.0761326712585462
regime_change,38,5,ARHinc,0.2701826885990681,0.21468467670256614,0.07733301371547109
regime_change,38,5,KernelARH,0.2680118248773342,0.212920527346432,0.07668509798419426
regime_change,38,5,PA,0.272467514482467,0.21655574082574303,0.07862565488884257
regime_change,38,5,PM,0.34179173313833244,0.2709243814829377,0.12228481244037583
regime_change,38,5,VAR1,0.26796003688940917,0.21288835238934975,0.07664664847508185
regime_change,38,10,ARHinc,0.2736933578138074,0.21770794342684383,0.07975932660490226
regime_change,38,10,KernelARH,0.2691554547644353,0.2143020512041964,0.07730398796393576
regime_change,38,10,PA,0.27698742792950604,0.22029930002498624,0.08162511364045939
regime_change,38,10,PM,0.3481347588247244,0.2788031084241969,0.1280124707797612
regime_change,38,10,VAR1,0.26911346409348963,0.21427656846256243,0.07726867061952855
regime_change,39,1,ARHinc,0.26676683147290353,0.21341912033260213,0.07461185890379961
regime_change,39,1,KernelARH,0.2662748549784126,0.21309323387932302,0.07446041224351284
regime_change,39,1,PA,0.2686843880207104,0.21477152219485304,0.07584786108821386
regime_change,39,1,PM,0.29798578870103487,0.2385065775930621,0.09243410703298643
regime_change,39,1,VAR1,0.2661903163051141,0.2130092476068488,0.07433510383045483
regime_change,39,5,ARHinc,0.27304868510362995,0.21813876855753808,0.07831177932378527
regime_change,39,5,KernelARH,0.2685388716385204,0.21512038141598125,0.07580014372082929
regime_change,39,5,PA,0.2748005185087968,0.2190329738547654,0.07915769354479706
regime_change,39,5,PM,0.3517700082161702,0.28056800999861214,0.13011591270812956
regime_change,39,5,VAR1,0.26851596142491274,0.2151051357511916,0.07578150333552915
regime_change,39,10,ARHinc,0.2724705577808469,0.21780267756422464,0.07798250899835582
regime_change,39,10,KernelARH,0.2696550180679784,0.21616366624483885,0.07646225030843774
regime_change,39,10,PA,0.27423236161404674,0.21939708343425723,0.07902241348550704
regime_change,39,10,PM,0.36118561926350135,0.28885685155678564,0.13643788357805997
regime_change,39,10,VAR1,0.26963908824895827,0.21614669480346235,0.07644338379232686
regime_change,40,1,ARHinc,0.26414083760978674,0.2122555579124352,0.07271591709868985
regime_change,40,1,KernelARH,0.2652053245107644,0.21324239112247428,0.07352196352713179
regime_change,40,1,PA,0.26625938201795274,0.21446554180198724,0.07391857945452114
regime_change,40,1,PM,0.30964907528379554,0.24807007227111028,0.09903325219512883
regime_change,40,1,VAR1,0.2654474583109386,0.21342404363377715,0.07369258771368858
regime_change,40,5,ARHinc,0.2695821102495685,0.2167685780945894,0.07631950946138695
regime_change,40,5,KernelARH,0.2680431145720394,0.21529865449265617,0.07543965454863724
regime_change,40,5,PA,0.2718946379038881,0.2188225956429648,0.07763048495630953
regime_change,40,5,PM,0.3510361623393901,0.28149324153814326,0.12825226112590024
regime_change,40,5,VAR1,0.2679163469422393,0.21520634222667845,0.07536701229530796
regime_change,40,10,ARHinc,0.27029902200653455,0.21729012142964096,0.0769773888600684
regime_change,40,10,KernelARH,0.26668074975015205,0.2144285283915077,0.0751475412790536
regime_change,40,10,PA,0.27326021054210153,0.21960303858678829,0.07860536569673696
regime_change,40,10,PM,0.3607253441578874,0.2899102656238778,0.13798282374998166
regime_change,40,10,VAR1,0.26658530158939536,0.21435565958745012,0.07509013795346799
regime_change,41,1,ARHinc,0.276428750313265,0.22175959178072976,0.08128841733127123
regime_change,41,1,KernelARH,0.2751619272234081,0.2206376883215561,0.08094187249347819
regime_change,41,1,PA,0.2782988682001065,0.22301192365629136,0.0823167382281836
regime_change,41,1,PM,0.31763910490242936,0.2547721022963986,0.10533169604524563
regime_change,41,1,VAR1,0.275919230721861,0.2212143970140625,0.08129234805868957
regime_change,41,5,ARHinc,0.27246397863545097,0.21838218683069877,0.07915689488617664
regime_change,41,5,KernelARH,0.26988018934032715,0.2161978204156871,0.07753098256443273
regime_change,41,5,PA,0.2733498512347789,0.21884663916733868,0.07958071176026996
regime_change,41,5,PM,0.3814227526215712,0.3051074821533037,0.15768507271799298
regime_change,41,5,VAR1,0.26989333655218234,0.21622192237890003,0.07753854373905475
regime_change,41,10,ARHinc,0.27091230323205434,0.21672129281155714,0.07761106755419259
regime_change,41,10,KernelARH,0.2706800245911716,0.2172151011361039,0.07780217014471776
regime_change,41,10,PA,0.27303919852329606,0.21816218906343465,0.07876801171679942
regime_change,41,10,PM,0.36702429622899035,0.29305076428210436,0.1429591564768619
regime_change,41,10,VAR1,0.27066393836218017,0.21719853713376688,0.0777913531065744
regime_change,42,1,ARHinc,0.26057709685116065,0.2092657062828268,0.07179311915386387
regime_change,42,1,KernelARH,0.25891137382258866,0.20765130246558064,0.07091570055630318
regime_change,42,1,PA,0.2624293198762213,0.21035306448876256,0.07304484364308252
regime_change,42,1,PM,0.29825140586792637,0.23866195008897315,0.09282011095369641
regime_change,42,1,VAR1,0.259283409876607,0.20802960110865082,0.07111570523130767
regime_change,42,5,ARHinc,0.25889367900863114,0.20778154665768603,0.07064214891449155
regime_change,42,5,KernelARH,0.2589578246443432,0.20752870754598224,0.07094670476316599
regime_change,42,5,PA,0.2608166625343126,0.20951529554345855,0.0716138821855421
regime_change,42,5,PM,0.33544258234521307,0.26850201493446607,0.11800869605696354
regime_change,42,5,VAR1,0.2590119687008775,0.2075662254703799,0.070977643213269
regime_change,42,10,ARHinc,0.26617846042505117,0.21359942372174343,0.074990809929351
regime_change,42,10,KernelARH,0.2619252261885648,0.21016606011403446,0.07275035688258419
regime_change,42,10,PA,0.26797430538766026,0.21500742491002495,0.0761552099987359
regime_change,42,10,PM,0.3585128792602668,0.2831767502506978,0.13560502013704198
regime_change,42,10,VAR1,0.26194079259808895,0.21018136830063383,0.07276203258212613
regime_change,43,1,ARHinc,0.26968564936930645,0.21483971490666925,0.0773254436738444
regime_change,43,1,KernelARH,0.27005251018079113,0.21555175693502512,0.07736558010445602
regime_change,43,1,PA,0.2721240429495268,0.21668429786795473,0.07845829817516431
regime_change,43,1,PM,0.30822390592214216,0.24425820047424307,0.09884795704641786
regime_change,43,1,VAR1,0.2697237723591612,0.2151119494177636,0.0772092370002072
regime_change,43,5,ARHinc,0.27747854957845713,0.2214542290047647,0.08246180101878833
regime_change,43,5,KernelARH,0.2751495397678539,0.22017900195928788,0.08122244284055573
regime_change,43,5,PA,0.2801536745662464,0.22341175173512495,0.08393042525747958
regime_change,43,5,PM,0.35841112378149587,0.2843139949539867,0.1379333998087925
regime_change,43,5,VAR1,0.2752902107779514,0.22029801905439367,0.08132015896467884
regime_change,43,10,ARHinc,0.27896311794349626,0.22285932812529535,0.08294834756193764
regime_change,43,10,KernelARH,0.27623313915674275,0.22078085781695816,0.08188402959192274
regime_change,43,10,PA,0.28108603494720996,0.22437537434967506,0.08421450767395816
regime_change,43,10,PM,0.3659642493495754,0.2906761183100215,0.14158965722604852
regime_change,43,10,VAR1,0.27633255794618933,0.22086934904318772,0.08196019151431001
regime_change,44,1,ARHinc,0.27469110112245937,0.2200164103631713,0.08121054689965485
regime_change,44,1,KernelARH,0.2742486670046782,0.2203800649973828,0.080967500315373
regime_change,44,1,PA,0.277181933923873,0.22211832115562485,0.08235503502660564
regime_change,44,1,PM,0.3112818059906171,0.24783750022726156,0.1000850635970348
regime_change,44,1,VAR1,0.2752207831717554,0.221037422159865,0.081507358003273
regime_change,44,5,ARHinc,0.2744714856843599,0.2206782407807049,0.08090797195542865
regime_change,44,5,KernelARH,0.27356958468905,0.2199337526674856,0.08054459380974756
regime_change,44,5,PA,0.2772083484453315,0.22277840941199092,0.08264071293990936
regime_change,44,5,PM,0.35269826453926706,0.2833921482115618,0.13267937876356173
regime_change,44,5,VAR1,0.27363590566362234,0.2200033426311872,0.08059895312698451
regime_change,44,10,ARHinc,0.27795189750971794,0.22324984905128173,0.08326329878017294
regime_change,44,10,KernelARH,0.2769600547181718,0.22248367087334892,0.0824588151210353
regime_change,44,10,PA,0.2807280128228729,0.22522791241793835,0.08476764631127412
regime_change,44,10,PM,0.38278827316286795,0.3061731830145134,0.1558566129889258
regime_change,44,10,VAR1,0.2771108148213692,0.22261350855281214,0.08256093989532337
regime_change,45,1,ARHinc,0.2698391323257111,0.2150917699851044,0.07777447361326172
regime_change,45,1,KernelARH,0.27046581331020875,0.2156084857681909,0.07816248744742713
regime_change,45,1,PA,0.270227868741623,0.21528387113538436,0.0778153595162786
regime_change,45,1,PM,0.31157927671646524,0.2492172853524386,0.10278113082097466
regime_change,45,1,VAR1,0.2703114950605506,0.21554978675757594,0.07813219608599549
regime_change,45,5,ARHinc,0.2757185662549886,0.22015386943691218,0.08118738298836055
regime_change,45,5,KernelARH,0.2742902741405606,0.21888810659191452,0.08017445500130656
regime_change,45,5,PA,0.2768578333469295,0.22114222905532482,0.08197266094871528
regime_change,45,5,PM,0.34984522064058965,0.27860214600433975,0.13063372077026542
regime_change,45,5,VAR1,0.27436297619141226,0.2189269011155231,0.08021330732100425
regime_change,45,10,ARHinc,0.28106600300899204,0.22503753494037831,0.08432281257552249
regime_change,45,10,KernelARH,0.27964223545861067,0.2234154995104874,0.0833821224203793
regime_change,45,10,PA,0.282864632979953,0.2262808019040272,0.08552677150449774
regime_change,45,10,PM,0.37119775531372406,0.29576650478373934,0.14666387420612245
regime_change,45,10,VAR1,0.2797350335154326,0.2234814298989881,0.08343784022121677
regime_change,46,1,ARHinc,0.2786215292219664,0.22310619801147924,0.08232436444838231
regime_change,46,1,KernelARH,0.27569393216718907,0.22096896213333347,0.08055034952593662
regime_change,46,1,PA,0.28021554481907096,0.2244071843513746,0.08293284944621829
regime_change,46,1,PM,0.30683562863039227,0.2449293278999509,0.09738286944950655
regime_change,46,1,VAR1,0.27552674266788463,0.22088391640488897,0.08047912372955857
regime_change,46,5,ARHinc,0.2772684563544802,0.2216574145953943,0.08173673618257374
regime_change,46,5,KernelARH,0.27394944753160455,0.21948713170562706,0.07976539209432164
regime_change,46,5,PA,0.27996420027567603,0.22407368993919685,0.08321474766401188
regime_change,46,5,PM,0.3476044911710092,0.2773861469187243,0.1272407333751831
regime_change,46,5,VAR1,0.27396711994169415,0.21950284608405893,0.07977899615578896
regime_change,46,10,ARHinc,0.2743568316167851,0.22001489737551144,0.08008038937608669
regime_change,46,10,KernelARH,0.2726252384796176,0.21824936788742852,0.07894825015507169
regime_change,46,10,PA,0.27618155996519816,0.22151504909073214,0.08103188187381068
regime_change,46,10,PM,0.35546859908435113,0.28210290122239234,0.13381512437998344
regime_change,46,10,VAR1,0.2726127385219837,0.21825787596984259,0.07894070046431331
regime_change,47,1,ARHinc,0.27621342517102304,0.2211730243482332,0.08142080415967941
regime_change,47,1,KernelARH,0.2782844353857926,0.22292551666698984,0.08304417779748739
regime_change,47,1,PA,0.2773478079652268,0.2217823698752649,0.08186383604452477
regime_change,47,1,PM,0.3154515169066767,0.253125275680076,0.10543237065187763
regime_change,47,1,VAR1,0.2788510476730208,0.22341495932816993,0.08354973742839744
regime_change,47,5,ARHinc,0.28221634381650995,0.2258317958982695,0.08500105875564092
regime_change,47,5,KernelARH,0.2829322324967151,0.22669406624601665,0.08574891298086981
regime_change,47,5,PA,0.28451366504537073,0.22756692530521605,0.08643170617387161
regime_change,47,5,PM,0.33718771391768637,0.26975087714035634,0.12095848010990716
regime_change,47,5,VAR1,0.28282305565240695,0.226602167963429,0.08568390986843645
regime_change,47,10,ARHinc,0.2885086122528512,0.23112240691040548,0.08895295556944562
regime_change,47,10,KernelARH,0.28753679282607886,0.23061645538988373,0.08852159018467053
regime_change,47,10,PA,0.2896915351205843,0.2319980546256362,0.08973500006733183
regime_change,47,10,PM,0.3668254690091233,0.29360452225097694,0.14333858729916527
regime_change,47,10,VAR1,0.2873705060142302,0.2304771645701433,0.08841818824572704
regime_change,48,1,ARHinc,0.2873079773006801,0.23090156508037285,0.08816897344929417
regime_change,48,1,KernelARH,0.2866078478744589,0.2302296984730899,0.08777608234334876
regime_change,48,1,PA,0.2898659705220272,0.23278071207331516,0.08957937946080516
regime_change,48,1,PM,0.31702803171759253,0.2549159240113681,0.10564198733186173
regime_change,48,1,VAR1,0.28739053355825717,0.23099275055678517,0.0883477078100507
regime_change,48,5,ARHinc,0.2932135480964609,0.235196080645104,0.09210054170709517
regime_change,48,5,KernelARH,0.2915703053264019,0.2339915808117128,0.0910439810433349
regime_change,48,5,PA,0.2961770557467121,0.23777495973486576,0.09379929225091291
regime_change,48,5,PM,0.3722892192926483,0.29806439057707856,0.1499007039443245
regime_change,48,5,VAR1,0.29155002971441424,0.23398065127138065,0.09103353986655859
regime_change,48,10,ARHinc,0.2876296531589526,0.23052487803397398,0.08854169799053292
regime_change,48,10,KernelARH,0.28658894428637416,0.22961956502713773,0.0882087377577645
regime_change,48,10,PA,0.29032469817909695,0.23254094584642282,0.09001682822541913
regime_change,48,10,PM,0.36563854650833255,0.2929531792125308,0.14232275144096837
regime_change,48,10,VAR1,0.28656743891743847,0.2296049773310782,0.08819500291724224
regime_change,49,1,ARHinc,0.2790462058005017,0.22336131402209353,0.0822600335498005
regime_change,49,1,KernelARH,0.2804655085931179,0.22447063997001962,0.08319374979616259
regime_change,49,1,PA,0.28364371957096673,0.22755708094526078,0.08549491160094957
regime_change,49,1,PM,0.3161745144543554,0.2556102478285588,0.104747635928048
regime_change,49,1,VAR1,0.2801818327231616,0.22418224071537127,0.08279849237546563
regime_change,49,5,ARHinc,0.2805329711263675,0.22403886103068021,0.08285985093204119
regime_change,49,5,KernelARH,0.28304047637893404,0.22630769691190628,0.08477839497405194
regime_change,49,5,PA,0.2826056419482648,0.2259001782465939,0.08384142060321004
regime_change,49,5,PM,0.3599050906797302,0.2867262301183243,0.1368805941237032
regime_change,49,5,VAR1,0.2826884666038883,0.2260262495359435,0.08455759739623574
regime_change,49,10,ARHinc,0.2897477301972338,0.23132949070795888,0.08948266845229204
regime_change,49,10,KernelARH,0.29047619135008845,0.2323900299208951,0.0898961410097307
regime_change,49,10,PA,0.2920752896373989,0.23304498059105633,0.09112313180940154
regime_change,49,10,PM,0.3711773313735835,0.29617789531720556,0.14949983461989855
regime_change,49,10,VAR1,0.29022456048537443,0.23218661023129486,0.08973510588632591
regime_change,50,1,ARHinc,0.2833931318527311,0.22856135529415814,0.08720305094169177
regime_change,50,1,KernelARH,0.2828169614256607,0.22827993689377032,0.08751401594722998
regime_change,50,1,PA,0.2882263178635572,0.2326334813890051,0.09005460764985827
regime_change,50,1,PM,0.3248227056994784,0.26125073323232895,0.11236806512248937
regime_change,50,1,VAR1,0.28259695487916164,0.22802570856582094,0.08738791750134857
regime_change,50,5,ARHinc,0.2765013068563385,0.22286985135796622,0.08257985686554091
regime_change,50,5,KernelARH,0.2732397428539173,0.2206845570938571,0.0811742301740333
regime_change,50,5,PA,0.27949264863458095,0.22467538222410519,0.08461071987470085
regime_change,50,5,PM,0.36771886162073686,0.29681097332443196,0.14705708188671457
regime_change,50,5,VAR1,0.2732608856032826,0.2207135112850205,0.08119229177215753
regime_change,50,10,ARHinc,0.27251557746191796,0.22012333518855978,0.0804639455681325
regime_change,50,10,KernelARH,0.2659417591762361,0.21497404095273015,0.07607527944658543
regime_change,50,10,PA,0.2782628885168133,0.22513850871725255,0.08423299722004814
regime_change,50,10,PM,0.39438509415247397,0.316768516469171,0.17243031481395804
regime_change,50,10,VAR1,0.26591275616630156,0.21494686761984408,0.07605681313862298
strong_persistence,1,1,ARHinc,0.17159746197985623,0.13585516870681882,0.031963625508569085
strong_persistence,1,1,KernelARH,0.17529925309448738,0.13918931420991104,0.03351963374403113
strong_persistence,1,1,PA,0.17266359038664314,0.1369282453685668,0.03228822299292468
strong_persistence,1,1,PM,0.10865061154584879,0.08539973479944848,0.012116689499507343
strong_persistence,1,1,VAR1,0.17547556195453917,0.1393028047064942,0.033620950073772
strong_persistence,1,5,ARHinc,0.18357637347103317,0.14712751457085307,0.03755422548589528
strong_persistence,1,5,KernelARH,0.18648993070026568,0.14951977881156162,0.038857858253306336
strong_persistence,1,5,PA,0.1842198194349354,0.14762243264309252,0.037861091427535284
strong_persistence,1,5,PM,0.15624485521236814,0.11943375071747299,0.025891375757072583
strong_persistence,1,5,VAR1,0.18612720186911613,0.1491988111302568,0.038692869114298686
strong_persistence,1,10,ARHinc,0.19589484022236087,0.15824821684679594,0.04346116131878996
strong_persistence,1,10,KernelARH,0.19921122991147813,0.1605554986374771,0.044806452588161676
strong_persistence,1,10,PA,0.19633305397191686,0.15854543980342264,0.04370925474009548
strong_persistence,1,10,PM,0.1768583935775323,0.12936939723061286,0.03420305154038803
strong_persistence,1,10,VAR1,0.1988682858938349,0.16024923132310734,0.04463116368812594
strong_persistence,2,1,ARHinc,0.20943735141262015,0.1682699959852024,0.04900294662758011
strong_persistence,2,1,KernelARH,0.2187837602023449,0.17636049738706042,0.053733185928368295
strong_persistence,2,1,PA,0.21076145782136577,0.16915872611836988,0.04971077335895299
strong_persistence,2,1,PM,0.10825988303378531,0.0845618672953923,0.012117596533420443
strong_persistence,2,1,VAR1,0.2173884531976709,0.17512351932019338,0.053043817584203824
strong_persistence,2,5,ARHinc,0.22382004005274408,0.18041638466974108,0.0556961789682368
strong_persistence,2,5,KernelARH,0.23170699028680558,0.18689520502647186,0.05968339093693217
strong_persistence,2,5,PA,0.22528380221246286,0.18139931967942474,0.05665199934604307
strong_persistence,2,5,PM,0.15644983468618687,0.11714008330149477,0.02650422598923096
strong_persistence,2,5,VAR1,0.23171772776572855,0.18690796935333376,0.059668417933079386
strong_persistence,2,10,ARHinc,0.24283137105160185,0.1958676087337728,0.06459012472276399
strong_persistence,2,10,KernelARH,0.24963098580169119,0.20231981973310004,0.06782454472487073
strong_persistence,2,10,PA,0.2448389216593774,0.19738900365246653,0.06579353610820719
strong_persistence,2,10,PM,0.19820897928245007,0.14968175070973433,0.04356150604931399
strong_persistence,2,10,VAR1,0.24963435350624155,0.2023372943147178,0.06780024089278083
strong_persistence,3,1,ARHinc,0.1404131190100554,0.11007201712858808,0.020897270231900526
strong_persistence,3,1,KernelARH,0.1420684672432597,0.11120360079874322,0.02152468761531586
strong_persistence,3,1,PA,0.1415650076361566,0.11117696132404087,0.0212795220914834
strong_persistence,3,1,PM,0.1050751722893164,0.08283733505578496,0.011494809422714969
strong_persistence,3,1,VAR1,0.1423288202923634,0.11139998932193973,0.021647771629299418
strong_persistence,3,5,ARHinc,0.14366660052826719,0.11264886471140055,0.022031192989089177
strong_persistence,3,5,KernelARH,0.14376799093356502,0.11232138529998931,0.022065409303982132
strong_persistence,3,5,PA,0.14475272513702422,0.113710053053336,0.022367124704836806
strong_persistence,3,5,PM,0.14314862008655949,0.10795239228146872,0.022447770425367546
strong_persistence,3,5,VAR1,0.14388765246833032,0.11243273709494538,0.022106990060081922
strong_persistence,3,10,ARHinc,0.14278524486762828,0.1120834014339738,0.021539355217475395
strong_persistence,3,10,KernelARH,0.1408270053704179,0.11017434935676892,0.02096187857072112
strong_persistence,3,10,PA,0.14361391590185277,0.11274861498309836,0.021778318381524484
strong_persistence,3,10,PM,0.16858156901111054,0.12890440158583166,0.031145907186725143
strong_persistence,3,10,VAR1,0.14089141406827516,0.11023740725038862,0.02098103886313028
strong_persistence,4,1,ARHinc,0.23426138821286058,0.192123510566485,0.06992560973900094
strong_persistence,4,1,KernelARH,0.24692905752443556,0.20251114548970828,0.08011473638665233
strong_persistence,4,1,PA,0.23730402257079988,0.1947370349728903,0.07181552209522941
strong_persistence,4,1,PM,0.105068205234572,0.08192100542245069,0.011330297600786304
strong_persistence,4,1,VAR1,0.24725210500974984,0.20286032732411444,0.08070419051210191
strong_persistence,4,5,ARHinc,0.24454255345489137,0.19997730680356093,0.0786989082242267
strong_persistence,4,5,KernelARH,0.25332851597233635,0.20753085396787732,0.0874142263237958
strong_persistence,4,5,PA,0.2499121823208263,0.20456241471923015,0.08113294839081707
strong_persistence,4,5,PM,0.15711497288384071,0.11927804271242362,0.027141656007469688
strong_persistence,4,5,VAR1,0.2538980489897619,0.20805197509694748,0.08776164837483319
strong_persistence,4,10,ARHinc,0.24612271263548577,0.20068494565773196,0.0835225242288652
strong_persistence,4,10,KernelARH,0.2506357263149304,0.20466473398195642,0.09056382404923025
strong_persistence,4,10,PA,0.2522438064551243,0.20588688245993497,0.08598447505342834
strong_persistence,4,10,PM,0.19434053898166803,0.15267080168563527,0.043201133639777234
strong_persistence,4,10,VAR1,0.25106637718917246,0.20506591965341692,0.0908522786685819
strong_persistence,5,1,ARHinc,0.15557266112380375,0.12302045319437094,0.027009074664228874
strong_persistence,5,1,KernelARH,0.16001119289761281,0.12640695205457594,0.028937707351942437
strong_persistence,5,1,PA,0.15736841136391055,0.12445533591671222,0.027645556587100415
strong_persistence,5,1,PM,0.11070803940596788,0.08587224862160095,0.012533262214836053
strong_persistence,5,1,VAR1,0.1613711488870544,0.1273245369977334,0.02944314558403502
strong_persistence,5,5,ARHinc,0.1732743344894152,0.13656480000285776,0.0339452728890003
strong_persistence,5,5,KernelARH,0.17393415241608223,0.13696294269517853,0.03552142311176512
strong_persistence,5,5,PA,0.17528995949840662,0.13796923451844184,0.03468728592484642
strong_persistence,5,5,PM,0.16554727303935818,0.12749351198511263,0.029843615718506807
strong_persistence,5,5,VAR1,0.17361864193015192,0.13671553124163485,0.03540154928334819
strong_persistence,5,10,ARHinc,0.1826591674731347,0.14374925901363997,0.03874128576610314
strong_persistence,5,10,KernelARH,0.18460178695428134,0.1454603571510026,0.04066420885979959
strong_persistence,5,10,PA,0.18444678690370164,0.14531442821535095,0.03960645225612422
strong_persistence,5,10,PM,0.19063570928253915,0.14666844900432907,0.039755166553882754
strong_persistence,5,10,VAR1,0.1844092813360421,0.14528872053384376,0.04059330933290512
strong_persistence,6,1,ARHinc,0.1732477449730428,0.13922581409977597,0.03452883064579603
strong_persistence,6,1,KernelARH,0.17756432049156576,0.14261765713448443,0.036645324189326235
strong_persistence,6,1,PA,0.1747494813527368,0.14047663919933168,0.03508743467675205
strong_persistence,6,1,PM,0.10395878450979591,0.08183600172163707,0.011127943065774209
strong_persistence,6,1,VAR1,0.17812321250972063,0.14309230978815457,0.03674884280500821
strong_persistence,6,5,ARHinc,0.18892459369685657,0.15249073356860215,0.041692396463494756
strong_persistence,6,5,KernelARH,0.19388388925499261,0.1565902482255603,0.044562197321991605
strong_persistence,6,5,PA,0.1909338016821179,0.15432480994931763,0.04245714914767847
strong_persistence,6,5,PM,0.15041684998307794,0.1167412115410153,0.023720883462063823
strong_persistence,6,5,VAR1,0.19401625308909412,0.1567172783018675,0.044612734317005104
strong_persistence,6,10,ARHinc,0.20253132910506516,0.16401639260494152,0.04845588232706479
strong_persistence,6,10,KernelARH,0.20783351907660533,0.16829648364091246,0.05118763950548071
strong_persistence,6,10,PA,0.20386731755720194,0.16523237891149378,0.048974393160394425
strong_persistence,6,10,PM,0.17696168899476722,0.13624631313002833,0.03372342966859645
strong_persistence,6,10,VAR1,0.20798141636233855,0.1684324830103292,0.051244725490139094
strong_persistence,7,1,ARHinc,0.17978771148755296,0.14488281717256274,0.03677227337550769
strong_persistence,7,1,KernelARH,0.18352781275984084,0.1472631238795611,0.03851253695924283
strong_persistence,7,1,PA,0.18154942605809357,0.14702694776935835,0.03742107406293402
strong_persistence,7,1,PM,0.10561320898163658,0.08236826478291917,0.011556989630726131
strong_persistence,7,1,VAR1,0.18569930813868357,0.14919988648910829,0.039513817268139115
strong_persistence,7,5,ARHinc,0.1801147927631876,0.14418024092129503,0.037478263922288695
strong_persistence,7,5,KernelARH,0.1832823655387285,0.14677599462946664,0.03875956582693166
strong_persistence,7,5,PA,0.18189298209354252,0.1458159345059248,0.03811703372131372
strong_persistence,7,5,PM,0.13511008134177785,0.10517388261571928,0.019439435099931374
strong_persistence,7,5,VAR1,0.18352903962026415,0.14698806942264311,0.0388000797699886
strong_persistence,7,10,ARHinc,0.17779637595221917,0.14233918427929768,0.035718956156980904
strong_persistence,7,10,KernelARH,0.1781523648772035,0.14214887339255897,0.035989047994935644
strong_persistence,7,10,PA,0.17926018254166579,0.1437989848135444,0.036352426774172435
strong_persistence,7,10,PM,0.16903519548437437,0.13188551691934497,0.030831004467085487
strong_persistence,7,10,VAR1,0.17848181554316694,0.1424317751205476,0.03607385171702386
strong_persistence,8,1,ARHinc,0.1780899691169698,0.14343688620928294,0.03504491050591508
strong_persistence,8,1,KernelARH,0.18213767105539125,0.14636814747115512,0.03657295530066771
strong_persistence,8,1,PA,0.17872764448305098,0.1440452907630171,0.03531676264729965
strong_persistence,8,1,PM,0.10659455798213367,0.08252084126892494,0.011620322779080546
strong_persistence,8,1,VAR1,0.18192471834961096,0.14618386754919024,0.03644213340295163
strong_persistence,8,5,ARHinc,0.18315014131585858,0.147404761577841,0.03738657792463007
strong_persistence,8,5,KernelARH,0.18695751800923963,0.14979374831466274,0.03873394475576107
strong_persistence,8,5,PA,0.1841229360822234,0.14840753307877996,0.03781478464211553
strong_persistence,8,5,PM,0.1425241305633137,0.10698957021683514,0.02164369238876696
strong_persistence,8,5,VAR1,0.18677985862850266,0.14965214853651718,0.038659755162807
strong_persistence,8,10,ARHinc,0.1944971899512044,0.15572206701167485,0.04221754364583737
strong_persistence,8,10,KernelARH,0.195322002995806,0.1561418353237639,0.04216886963991
strong_persistence,8,10,PA,0.1953506758892568,0.15631568498105217,0.042609643924339524
strong_persistence,8,10,PM,0.16714739677289112,0.12491627238818478,0.031076408694678922
strong_persistence,8,10,VAR1,0.1952057193051782,0.15605149915418015,0.04212067438547335
strong_persistence,9,1,ARHinc,0.1647938602170181,0.12844696531334052,0.029116258913927395
strong_persistence,9,1,KernelARH,0.16654187153080638,0.12942843809213822,0.029824291661337234
strong_persistence,9,1,PA,0.1658269688453404,0.12940625337034758,0.029498592136206717
strong_persistence,9,1,PM,0.10785601715290628,0.08436336090549333,0.011972663142389163
strong_persistence,9,1,VAR1,0.16662091014074673,0.12944138965700486,0.02985558781384494
strong_persistence,9,5,ARHinc,0.16618182942714815,0.12781949590813518,0.0294869205089011
strong_persistence,9,5,KernelARH,0.16759602849170366,0.12922158072100387,0.02994340122947408
strong_persistence,9,5,PA,0.16670511980593455,0.12836666302740418,0.029757978509104575
strong_persistence,9,5,PM,0.15353845621220563,0.11629943645916326,0.025499233386589534
strong_persistence,9,5,VAR1,0.167642229407801,0.12924496681342099,0.029959774147613024
strong_persistence,9,10,ARHinc,0.16966944257162916,0.13075988892657484,0.03068923204431171
strong_persistence,9,10,KernelARH,0.16811143626814232,0.12943943096658733,0.030183598930674408
strong_persistence,9,10,PA,0.17090929963863016,0.1320138079614235,0.0311889402410455
strong_persistence,9,10,PM,0.17287354711695338,0.12766558010075774,0.03177817688431236
strong_persistence,9,10,VAR1,0.16816731126551152,0.129465869775266,0.030208518272861574
strong_persistence,10,1,ARHinc,0.23536352843036742,0.1896202530427587,0.05941388052584755
strong_persistence,10,1,KernelARH,0.2476413877290646,0.19948103031113043,0.0652284557393278
strong_persistence,10,1,PA,0.23768901302989812,0.19142063487878086,0.06094438964298127
strong_persistence,10,1,PM,0.1028453159540989,0.07915068745376325,0.010783969119411173
strong_persistence,10,1,VAR1,0.24935981896255174,0.2012135744120791,0.06644329660294197
strong_persistence,10,5,ARHinc,0.2423312163553808,0.19697518568356795,0.06367706576096398
strong_persistence,10,5,KernelARH,0.25478917440218424,0.20699253876484147,0.06914772196241649
strong_persistence,10,5,PA,0.2438630643714722,0.19824284021983443,0.06479083562839588
strong_persistence,10,5,PM,0.14402093227905022,0.10925371211523771,0.02219782390529522
strong_persistence,10,5,VAR1,0.2555871717248466,0.20774833600482198,0.0696322497671149
strong_persistence,10,10,ARHinc,0.24861735608839514,0.2025777675152099,0.06656828606744024
strong_persistence,10,10,KernelARH,0.2605997468624164,0.21182978767649913,0.07235750411756828
strong_persistence,10,10,PA,0.2502456609423508,0.20378040457907556,0.06780679565104707
strong_persistence,10,10,PM,0.17337135073718588,0.136233396483858,0.033176947312833036
strong_persistence,10,10,VAR1,0.26129487801701995,0.21251092206218836,0.0727995211327113
strong_persistence,11,1,ARHinc,0.221478988779445,0.17818850962405672,0.05639003753977279
strong_persistence,11,1,KernelARH,0.22810829518493148,0.1836283023614606,0.06018644705752187
strong_persistence,11,1,PA,0.22216634343271346,0.17891065669537032,0.05713084314471461
strong_persistence,11,1,PM,0.11024046057622065,0.08576427363458258,0.01251525131653854
strong_persistence,11,1,VAR1,0.2315252737058827,0.18674143262664208,0.06171160099404652
strong_persistence,11,5,ARHinc,0.23326153352138976,0.18795537511705926,0.06279713510426335
strong_persistence,11,5,KernelARH,0.23803474970058205,0.19164177776832958,0.06620283856604667
strong_persistence,11,5,PA,0.23478017622843467,0.18920950995330285,0.06397318954866633
strong_persistence,11,5,PM,0.15826899154840687,0.11902532880054437,0.027175221211237038
strong_persistence,11,5,VAR1,0.2380147475462642,0.19164016097843742,0.06619411308919794
strong_persistence,11,10,ARHinc,0.23762111126292332,0.19101148722069716,0.06607909927353214
strong_persistence,11,10,KernelARH,0.24264784065406067,0.19466766960072115,0.07019876821410484
strong_persistence,11,10,PA,0.23928560436013305,0.19265799456878613,0.06716463730691045
strong_persistence,11,10,PM,0.19145718009834276,0.1455370472892408,0.03977051328669107
strong_persistence,11,10,VAR1,0.2426377078638744,0.19468405081097873,0.07018800320131076
strong_persistence,12,1,ARHinc,0.2121385418239581,0.16983379293686585,0.05135516654718199
strong_persistence,12,1,KernelARH,0.21734561628702653,0.1741007123818739,0.05406035495357531
strong_persistence,12,1,PA,0.2139929291069729,0.17146558360421424,0.05241499041146032
strong_persistence,12,1,PM,0.10745351398650776,0.08318582136716562,0.011905458348948388
strong_persistence,12,1,VAR1,0.21773780090088254,0.17433129406393186,0.05425836159020165
strong_persistence,12,5,ARHinc,0.2233866844163262,0.17901599930162831,0.05699977749322103
strong_persistence,12,5,KernelARH,0.22739508223960528,0.18277127650261568,0.0591332022608525
strong_persistence,12,5,PA,0.22523099537420913,0.1803503150657219,0.058025286310029095
strong_persistence,12,5,PM,0.17808514012939555,0.13387878846142984,0.03416634927151011
strong_persistence,12,5,VAR1,0.22717992605754345,0.18249940155856456,0.059009776001236545
strong_persistence,12,10,ARHinc,0.23019436331813153,0.18441267433605557,0.06083911060276693
strong_persistence,12,10,KernelARH,0.22987393387917796,0.18534420178309147,0.060987964660686005
strong_persistence,12,10,PA,0.23175779476851568,0.185819916108532,0.06159687269860979
strong_persistence,12,10,PM,0.2278096700887764,0.1730696626162997,0.05912647745411447
strong_persistence,12,10,VAR1,0.22969652433695528,0.1850708497795578,0.060850904500391115
strong_persistence,13,1,ARHinc,0.1654786742226712,0.1325708695240893,0.02962943075689969
strong_persistence,13,1,KernelARH,0.16762382971214715,0.13427868093367265,0.03049678627796171
strong_persistence,13,1,PA,0.16650603554062007,0.13362241140154985,0.0300159661422643
strong_persistence,13,1,PM,0.10576199748871139,0.08300060321378037,0.011594067282367332
strong_persistence,13,1,VAR1,0.16721896616144108,0.1340576142859955,0.030379866320210443
strong_persistence,13,5,ARHinc,0.1736562778440778,0.13912601561212493,0.0328707092617287
strong_persistence,13,5,KernelARH,0.17603730345586963,0.1408749070307519,0.033780488946339254
strong_persistence,13,5,PA,0.17458840866682324,0.13991501662575384,0.033197928256722964
strong_persistence,13,5,PM,0.15159985361281908,0.11854846239176091,0.025533921807316694
strong_persistence,13,5,VAR1,0.17603486573553373,0.14090599341191185,0.03376548786150002
strong_persistence,13,10,ARHinc,0.1823144122738351,0.14503975625558715,0.03590093293710733
strong_persistence,13,10,KernelARH,0.18346185842634724,0.14609659288896742,0.036530010722988095
strong_persistence,13,10,PA,0.18404880659306444,0.14659292842323834,0.036613462105449954
strong_persistence,13,10,PM,0.1690693006775909,0.13184770228679107,0.03192003772781797
strong_persistence,13,10,VAR1,0.18339680393418809,0.146073060563615,0.03649099186798295
strong_persistence,14,1,ARHinc,0.1887898711128097,0.15228790266449546,0.039508181970902036
strong_persistence,14,1,KernelARH,0.19070117020807836,0.1535627817578535,0.04056978603708156
strong_persistence,14,1,PA,0.18983064971781052,0.15306190314672674,0.04005993991199132
strong_persistence,14,1,PM,0.10560029892113072,0.08182253877247202,0.011480573225867137
strong_persistence,14,1,VAR1,0.1921462898044808,0.1546071093148048,0.04138731128066621
strong_persistence,14,5,ARHinc,0.19370224477922235,0.1570442551036116,0.040892019535537685
strong_persistence,14,5,KernelARH,0.19461825853013973,0.15734257256183998,0.041509077285197676
strong_persistence,14,5,PA,0.19501028620831137,0.15804494100829275,0.04149657027458477
strong_persistence,14,5,PM,0.14888377680843423,0.11156748431582011,0.023629218864668285
strong_persistence,14,5,VAR1,0.19459208944022288,0.15732721480237782,0.041503417897779005
strong_persistence,14,10,ARHinc,0.2005550673471056,0.16362589480637896,0.043073891557803404
strong_persistence,14,10,KernelARH,0.20074020087124736,0.16369935448130082,0.04323077122089867
strong_persistence,14,10,PA,0.20154783239494514,0.16449905971127596,0.043548724320911794
strong_persistence,14,10,PM,0.16459005735348634,0.12309788563375242,0.02970935682530425
strong_persistence,14,10,VAR1,0.20073844001075272,0.16369021565596004,0.043237560611533166
strong_persistence,15,1,ARHinc,0.15157612182657434,0.11816869289856635,0.024190654917100565
strong_persistence,15,1,KernelARH,0.1529978453406549,0.11887530271661229,0.024511352076270636
strong_persistence,15,1,PA,0.15213677922673355,0.11851581443906564,0.024390697624741785
strong_persistence,15,1,PM,0.10832664502672963,0.08338232429603895,0.012097710623260488
strong_persistence,15,1,VAR1,0.15335532818543282,0.11926535160436307,0.02462993697407703
strong_persistence,15,5,ARHinc,0.1552559074176617,0.1205233803457574,0.025328908959712758
strong_persistence,15,5,KernelARH,0.15609936635723554,0.12123329307885687,0.02541000556118032
strong_persistence,15,5,PA,0.1563218330946237,0.12159425639431284,0.025663896263638134
strong_persistence,15,5,PM,0.1433442553539176,0.1077691196941674,0.022222994771483987
strong_persistence,15,5,VAR1,0.15615693811399375,0.12131927002942332,0.02542779039033877
strong_persistence,15,10,ARHinc,0.1557064848563704,0.12108309376827825,0.02547368326284565
strong_persistence,15,10,KernelARH,0.15523410071434846,0.12064625470328856,0.025239035214785637
strong_persistence,15,10,PA,0.15639288365959594,0.12154134389113792,0.025679038565256912
strong_persistence,15,10,PM,0.16013965669047642,0.12114317007597383,0.027598906045218228
strong_persistence,15,10,VAR1,0.15535095338719085,0.12078295984748555,0.025277380758782483
strong_persistence,16,1,ARHinc,0.18740327663589715,0.15193494529084853,0.03949827462174319
strong_persistence,16,1,KernelARH,0.1907945365998869,0.1549858333291784,0.04072718950478894
strong_persistence,16,1,PA,0.18781924311084114,0.15232316862465656,0.03964238103876963
strong_persistence,16,1,PM,0.10762590100588912,0.08427942397462519,0.012013834186770704
strong_persistence,16,1,VAR1,0.19114767419303755,0.15521154983625812,0.040985215432119
strong_persistence,16,5,ARHinc,0.19912745119778083,0.16173682793447397,0.04428245263992974
strong_persistence,16,5,KernelARH,0.20092489431669108,0.16328278038024704,0.045022761071538575
strong_persistence,16,5,PA,0.19951934643416533,0.16182226610069644,0.044569747459975766
strong_persistence,16,5,PM,0.15158418351165442,0.12002144677320399,0.025352927254953438
strong_persistence,16,5,VAR1,0.20088216422223024,0.16323999011823043,0.04501174899859788
strong_persistence,16,10,ARHinc,0.2051706222684861,0.16689541419022533,0.04739793155680341
strong_persistence,16,10,KernelARH,0.2056422067195776,0.16764420302639282,0.04776584769113928
strong_persistence,16,10,PA,0.20584098717477659,0.16738647565901707,0.047696017107921734
strong_persistence,16,10,PM,0.1963868102552128,0.1568569876707243,0.04286184502083003
strong_persistence,16,10,VAR1,0.20561954267034774,0.16761376078060006,0.047761022927016214
strong_persistence,17,1,ARHinc,0.28049865541565244,0.22933292360181634,0.08549762971815456
strong_persistence,17,1,KernelARH,0.2932097990376304,0.24040251217003517,0.09233910318851041
strong_persistence,17,1,PA,0.2816074641480713,0.23023505992662552,0.08606109072620227
strong_persistence,17,1,PM,0.10708314606745194,0.08258883762251987,0.011885927157525704
strong_persistence,17,1,VAR1,0.2916866523975673,0.23897738432820576,0.09156296071414786
strong_persistence,17,5,ARHinc,0.2913427548508105,0.23842474422751833,0.09371149065881346
strong_persistence,17,5,KernelARH,0.30580472821041255,0.25064512740411726,0.10170154057612989
strong_persistence,17,5,PA,0.29274119690056705,0.23947682372755552,0.09460185919257477
strong_persistence,17,5,PM,0.16602614352196626,0.12604710508144998,0.02985564932785532
strong_persistence,17,5,VAR1,0.30465890707992976,0.24965364860984737,0.10102765195945038
strong_persistence,17,10,ARHinc,0.30335930843314685,0.24758542184264562,0.10391023432593496
strong_persistence,17,10,KernelARH,0.31531090017903274,0.25820340050149987,0.110675681537716
strong_persistence,17,10,PA,0.30425394956327734,0.24836020835735945,0.10472331586988948
strong_persistence,17,10,PM,0.2033445526688619,0.1577743885350233,0.04560720138752287
strong_persistence,17,10,VAR1,0.31418330038560605,0.25723939023482295,0.10992683327532686
strong_persistence,18,1,ARHinc,0.15403835752994136,0.12240947092364929,0.02511609697982759
strong_persistence,18,1,KernelARH,0.15847089921327806,0.12627682924734804,0.02654791512364319
strong_persistence,18,1,PA,0.1552911736175137,0.12355903772976326,0.025405901908704634
strong_persistence,18,1,PM,0.104762144328021,0.08073995349129834,0.011265981162375654
strong_persistence,18,1,VAR1,0.1579524294340082,0.12575211086425528,0.026359811872744512
strong_persistence,18,5,ARHinc,0.1584537414151073,0.12624881686050826,0.026659351193725502
strong_persistence,18,5,KernelARH,0.16164040374848784,0.12906828117174052,0.02770402142778148
strong_persistence,18,5,PA,0.15931709353964674,0.12703825470007313,0.02695933810541594
strong_persistence,18,5,PM,0.14710020355504264,0.11104761554744709,0.02324764240123771
strong_persistence,18,5,VAR1,0.16149781087521684,0.12892298187583,0.02765013331066786
strong_persistence,18,10,ARHinc,0.16456394972916966,0.13121874811958475,0.028600995268101267
strong_persistence,18,10,KernelARH,0.16460865956353277,0.13157809478087054,0.028739540569061323
strong_persistence,18,10,PA,0.1656301715619239,0.13206267731320298,0.028976398904916253
strong_persistence,18,10,PM,0.16860419352892508,0.12996264459518636,0.03074804256024841
strong_persistence,18,10,VAR1,0.1644046447902186,0.13137925710831058,0.028662127521275987
strong_persistence,19,1,ARHinc,0.18075794390874175,0.14434828129236435,0.035743933931556574
strong_persistence,19,1,KernelARH,0.18417438331219846,0.1473630476192346,0.03713074234667013
strong_persistence,19,1,PA,0.1810612894019326,0.14463225864490753,0.0359297204993779
strong_persistence,19,1,PM,0.10904495091061697,0.08451586616186552,0.012169646826746828
strong_persistence,19,1,VAR1,0.18401496244652898,0.1471449776286018,0.03709479783797199
strong_persistence,19,5,ARHinc,0.18793733655526865,0.15094229514916296,0.03868452538420836
strong_persistence,19,5,KernelARH,0.19174805472016077,0.15430581447191824,0.04021911007359855
strong_persistence,19,5,PA,0.18867945508974562,0.15140973092316354,0.038942736789635564
strong_persistence,19,5,PM,0.1567854946429646,0.11567824249142468,0.026103335794232935
strong_persistence,19,5,VAR1,0.19178252991518963,0.1543223424373066,0.040237818033578863
strong_persistence,19,10,ARHinc,0.2001087786139555,0.16140351427494046,0.04305471212230846
strong_persistence,19,10,KernelARH,0.20316471859982918,0.16424495485661497,0.0446797928743607
strong_persistence,19,10,PA,0.20041645850543885,0.16143841101472636,0.04317940721115591
strong_persistence,19,10,PM,0.17852903690600222,0.13428161316902476,0.0350612958917231
strong_persistence,19,10,VAR1,0.2032486475928175,0.16430529041581815,0.04471595232700023
strong_persistence,20,1,ARHinc,0.19846212865982407,0.15759252074489843,0.044676335081756204
strong_persistence,20,1,KernelARH,0.20202222703634123,0.1602059434778207,0.04646784691936401
strong_persistence,20,1,PA,0.19901998139247667,0.15816895642742448,0.04478138347702987
strong_persistence,20,1,PM,0.10766788824584142,0.08422308997373364,0.011983045973927142
strong_persistence,20,1,VAR1,0.2014932945764788,0.15965082287395876,0.04614856599455368
strong_persistence,20,5,ARHinc,0.20512892687328263,0.16334930751885315,0.04856873097506993
strong_persistence,20,5,KernelARH,0.20899845438143072,0.16653319478730108,0.05063579209338431
strong_persistence,20,5,PA,0.20532743634390535,0.16354395573501973,0.048802840390731725
strong_persistence,20,5,PM,0.16427188580728996,0.1246259454192927,0.02952401595550745
strong_persistence,20,5,VAR1,0.20905229316581375,0.16658545026580118,0.05064878864473094
strong_persistence,20,10,ARHinc,0.20952407383911573,0.16842143887852323,0.051515074046170374
strong_persistence,20,10,KernelARH,0.21202829857508684,0.1705671377090012,0.05292015277226763
strong_persistence,20,10,PA,0.2097725035093927,0.1687458197382469,0.051761185228693087
strong_persistence,20,10,PM,0.1861819730148476,0.13841386454109367,0.03812115729300544
strong_persistence,20,10,VAR1,0.21211409033895917,0.17064324432173114,0.052937185130534706
strong_persistence,21,1,ARHinc,0.197775595469321,0.1603416396460651,0.04236795323698503
strong_persistence,21,1,KernelARH,0.2047627421948628,0.16616721616402366,0.04577153708105093
strong_persistence,21,1,PA,0.19833438812450624,0.16122897047285345,0.04261175821243096
strong_persistence,21,1,PM,0.10993373736665223,0.08552140825458292,0.012351032471508797
strong_persistence,21,1,VAR1,0.20543151073108734,0.16699865935271843,0.04593312416187187
strong_persistence,21,5,ARHinc,0.21264416032090658,0.1724360473275523,0.04931066628225792
strong_persistence,21,5,KernelARH,0.21842142478750717,0.17722056629092597,0.05202593494736593
strong_persistence,21,5,PA,0.21335186377338755,0.17292968640559744,0.0496518917102917
strong_persistence,21,5,PM,0.155832424863142,0.12024760865825007,0.026415827298703166
strong_persistence,21,5,VAR1,0.21879239702370085,0.17754187624940412,0.05220704397773386
strong_persistence,21,10,ARHinc,0.2280598234493445,0.18448936386501155,0.05647833217126678
strong_persistence,21,10,KernelARH,0.2315424835786696,0.18819467163466053,0.05818478308811296
strong_persistence,21,10,PA,0.22897832272399998,0.1851224630397606,0.05687316124425741
strong_persistence,21,10,PM,0.19609780225309856,0.15226364652301383,0.042956430881542454
strong_persistence,21,10,VAR1,0.2318860322065265,0.18849432646542794,0.0583512198634149
strong_persistence,22,1,ARHinc,0.15150613234518895,0.12192861574509717,0.025051245398212546
strong_persistence,22,1,KernelARH,0.15387216786342195,0.12410323339197453,0.02629284706536883
strong_persistence,22,1,PA,0.1522500443314595,0.12240138209496702,0.02533740262157452
strong_persistence,22,1,PM,0.10928788500502884,0.08532822289633582,0.012264379689765435
strong_persistence,22,1,VAR1,0.1526960036524886,0.12303509269860118,0.025892865796413846
strong_persistence,22,5,ARHinc,0.15671601582637917,0.12634473282916348,0.0272359959978067
strong_persistence,22,5,KernelARH,0.15611439977280023,0.12602921457709396,0.027163804783567554
strong_persistence,22,5,PA,0.15801077237726607,0.12750777299102545,0.027760587825453795
strong_persistence,22,5,PM,0.16470598306019751,0.12752180306021152,0.030062998634997885
strong_persistence,22,5,VAR1,0.15589425108811097,0.12580272125710718,0.02709681345704819
strong_persistence,22,10,ARHinc,0.17026819724720782,0.13774956553062895,0.03393912862002908
strong_persistence,22,10,KernelARH,0.1676039094933591,0.13581860138682605,0.0327996698601684
strong_persistence,22,10,PA,0.17184640352316696,0.13905647902778037,0.03449606825180002
strong_persistence,22,10,PM,0.20278038614091093,0.15868042453683584,0.04689118321133121
strong_persistence,22,10,VAR1,0.16747504577531397,0.13567652086859885,0.03277697889903313
strong_persistence,23,1,ARHinc,0.14221663959959346,0.11163162916286361,0.02209197511703203
strong_persistence,23,1,KernelARH,0.14234775270573252,0.11134295889699021,0.022259890606679766
strong_persistence,23,1,PA,0.1429244342125187,0.11232529357845333,0.02224646619546003
strong_persistence,23,1,PM,0.10578008483081404,0.08270782440595553,0.011432355546508398
strong_persistence,23,1,VAR1,0.14298170229964738,0.11176675840903133,0.022481996060074252
strong_persistence,23,5,ARHinc,0.14725581270348784,0.11528339172141312,0.02388683780933828
strong_persistence,23,5,KernelARH,0.14675402315332509,0.114463623006425,0.02382501622978486
strong_persistence,23,5,PA,0.14812374287504818,0.11597036599745732,0.0241753622838554
strong_persistence,23,5,PM,0.1396391563919782,0.10629682851908688,0.02051015059925252
strong_persistence,23,5,VAR1,0.1466324468572481,0.11435918592509489,0.023784489318498466
strong_persistence,23,10,ARHinc,0.14959986200929404,0.11684314925194988,0.02482430224222917
strong_persistence,23,10,KernelARH,0.14873003181993244,0.11613887184987405,0.024598071384825858
strong_persistence,23,10,PA,0.15029130377234387,0.11745646487713396,0.025016144421972777
strong_persistence,23,10,PM,0.16416844511929862,0.1265463116166118,0.028915628441191096
strong_persistence,23,10,VAR1,0.14862649121344387,0.11604838872955521,0.024566019261057122
strong_persistence,24,1,ARHinc,0.1900779081716207,0.1514101767978362,0.03963068067981645
strong_persistence,24,1,KernelARH,0.1926935665701,0.15408225030659572,0.040795505625545195
strong_persistence,24,1,PA,0.1911321847856026,0.15233639310913596,0.04020260569302667
strong_persistence,24,1,PM,0.107756536147538,0.08434630116749041,0.012006247398442962
strong_persistence,24,1,VAR1,0.19327221501724512,0.15453508211745115,0.041192718663674945
strong_persistence,24,5,ARHinc,0.19892247818663267,0.15962785459676163,0.043190697507285464
strong_persistence,24,5,KernelARH,0.20169750125264294,0.1616990318312374,0.04436817147617714
strong_persistence,24,5,PA,0.20025417138174637,0.16072392751686496,0.043877923682246626
strong_persistence,24,5,PM,0.16500444280339324,0.1281120529410731,0.029492712274621434
strong_persistence,24,5,VAR1,0.20188851853717257,0.16186172406279126,0.04444487879228112
strong_persistence,24,10,ARHinc,0.20401937077564278,0.16365072439505038,0.045221453138076496
strong_persistence,24,10,KernelARH,0.20680260376493323,0.16626586625615686,0.04668342513069937
strong_persistence,24,10,PA,0.20517337198279814,0.1644802731294879,0.045781602458342445
strong_persistence,24,10,PM,0.2055391518065292,0.16311303580873712,0.04600903084940868
strong_persistence,24,10,VAR1,0.20708156994923574,0.1664932561783344,0.046803771920979335
strong_persistence,25,1,ARHinc,0.18127545114198063,0.1433525060612573,0.0372917225478852
strong_persistence,25,1,KernelARH,0.1862990986483968,0.14733284160123425,0.040002171055144746
strong_persistence,25,1,PA,0.1814253458552959,0.14351280093401472,0.03730888015554802
strong_persistence,25,1,PM,0.10851347769787757,0.08342418944915993,0.012098708773217068
strong_persistence,25,1,VAR1,0.18740274751917108,0.14834786807142594,0.04063476585999764
strong_persistence,25,5,ARHinc,0.19108150486421666,0.15147869359602573,0.0423020466995919
strong_persistence,25,5,KernelARH,0.1939893439572231,0.15367007920187845,0.043804221058919034
strong_persistence,25,5,PA,0.19157343734987556,0.15179037687323024,0.04257622429803277
strong_persistence,25,5,PM,0.15541096683721542,0.11889702310611913,0.026067028029213717
strong_persistence,25,5,VAR1,0.19409946246646212,0.1537561823712191,0.043847173322135065
strong_persistence,25,10,ARHinc,0.19950570498480705,0.15806098815111475,0.04664777666476315
strong_persistence,25,10,KernelARH,0.20262681244456432,0.1607133977100458,0.04778485427139458
strong_persistence,25,10,PA,0.19992360044276467,0.15841565851083478,0.0469207503787579
strong_persistence,25,10,PM,0.19630351800971232,0.1505128643680267,0.042660770796289646
strong_persistence,25,10,VAR1,0.20272601944058,0.16079429529037104,0.04783692918990427
strong_persistence,26,1,ARHinc,0.17592274591111617,0.14143901320253224,0.03550311614832645
strong_persistence,26,1,KernelARH,0.17934490766265151,0.14386569803936444,0.03715986983861273
strong_persistence,26,1,PA,0.17612758503598333,0.14173014797766584,0.035765443223208813
strong_persistence,26,1,PM,0.10848860736594682,0.08430716320932753,0.012129211097375171
strong_persistence,26,1,VAR1,0.1792662586076937,0.14377090398607356,0.03718541620906167
strong_persistence,26,5,ARHinc,0.19232539026439865,0.15520967567453783,0.04275936044930691
strong_persistence,26,5,KernelARH,0.19402907050008147,0.15647263906528378,0.04379047590080408
strong_persistence,26,5,PA,0.19274144963564896,0.1557613725305591,0.043046983155326304
strong_persistence,26,5,PM,0.16033180932930705,0.12363440847598751,0.028037989584794785
strong_persistence,26,5,VAR1,0.19392953028215976,0.15639069270118977,0.04372992901798535
strong_persistence,26,10,ARHinc,0.2037356961229101,0.1645008387518649,0.049368668870887256
strong_persistence,26,10,KernelARH,0.20816995434737526,0.16811231523883402,0.051061017971995554
strong_persistence,26,10,PA,0.20445372805776038,0.16507098090684616,0.04984333334309042
strong_persistence,26,10,PM,0.18764589187047195,0.14462882954990805,0.039676428773575585
strong_persistence,26,10,VAR1,0.208076599097604,0.1680392372819948,0.05100257937634233
strong_persistence,27,1,ARHinc,0.17933402329287254,0.14404697614513626,0.0358584554199662
strong_persistence,27,1,KernelARH,0.1835926728618952,0.14741481400031692,0.03787900675741217
strong_persistence,27,1,PA,0.18174764922796396,0.14605523646220334,0.036800911582766736
strong_persistence,27,1,PM,0.10574000311346941,0.08260415140745245,0.01143713696883724
strong_persistence,27,1,VAR1,0.184605859545019,0.14833216991041798,0.03845872189884607
strong_persistence,27,5,ARHinc,0.19257966998395926,0.15440588747437428,0.04181553009348693
strong_persistence,27,5,KernelARH,0.19579272963453165,0.1569453368793682,0.04355172476015442
strong_persistence,27,5,PA,0.19466269781732098,0.15638175867022508,0.042643229536324156
strong_persistence,27,5,PM,0.15535629809822962,0.1210420378971798,0.026521897830180524
strong_persistence,27,5,VAR1,0.19553479415028965,0.1567496561790775,0.04344258044697185
strong_persistence,27,10,ARHinc,0.20539475522078066,0.1642944498418055,0.04777943919982873
strong_persistence,27,10,KernelARH,0.21040537325084332,0.1680824983439918,0.05051722102779732
strong_persistence,27,10,PA,0.20740764261658645,0.1659432363368035,0.048557338601105636
strong_persistence,27,10,PM,0.18529882945694168,0.14490446143884192,0.03749279832383582
strong_persistence,27,10,VAR1,0.21009639161469526,0.16784183595605162,0.05038039099181999
strong_persistence,28,1,ARHinc,0.1982941670863573,0.1622256261280438,0.04230960051232321
strong_persistence,28,1,KernelARH,0.20308212341849138,0.16617083153791187,0.04477741298802982
strong_persistence,28,1,PA,0.19795390497205836,0.16197584404727128,0.04257353992692137
strong_persistence,28,1,PM,0.10972130685560319,0.08509600680021855,0.012473242276852743
strong_persistence,28,1,VAR1,0.2032631628438542,0.16648956621357097,0.044803437275274194
strong_persistence,28,5,ARHinc,0.20156040370389178,0.16421241181951235,0.04369343827317994
strong_persistence,28,5,KernelARH,0.2063402333711885,0.16862968397072742,0.04633243382433788
strong_persistence,28,5,PA,0.20281096950556868,0.1652264360766512,0.0444471435172352
strong_persistence,28,5,PM,0.1562133976474978,0.11889347089748793,0.02602736069313095
strong_persistence,28,5,VAR1,0.20629340853310288,0.16861155419431526,0.04631007780009243
strong_persistence,28,10,ARHinc,0.20677509451022563,0.1670039285038146,0.04606169524719193
strong_persistence,28,10,KernelARH,0.2106145896633641,0.17102698188827958,0.047532242213490276
strong_persistence,28,10,PA,0.2078320066559276,0.16803382253558957,0.04662678348000051
strong_persistence,28,10,PM,0.18530769260139682,0.14255698025089433,0.0379834959871149
strong_persistence,28,10,VAR1,0.2105499487823389,0.17099132207608944,0.047511239907620566
strong_persistence,29,1,ARHinc,0.15695390114793317,0.12904223386287147,0.02724785318921767
strong_persistence,29,1,KernelARH,0.15799268210613576,0.12996958092583377,0.027743942400126564
strong_persistence,29,1,PA,0.15758677573841837,0.12952826266635672,0.02742754794107668
strong_persistence,29,1,PM,0.10532133052765238,0.0818433617042295,0.011321324305497479
strong_persistence,29,1,VAR1,0.158777583071768,0.1302589702429386,0.0280018354632744
strong_persistence,29,5,ARHinc,0.15532344420985866,0.12740337096758908,0.02631412859467306
strong_persistence,29,5,KernelARH,0.1549263019501987,0.12725867127592624,0.0264883762034953
strong_persistence,29,5,PA,0.15655217033251462,0.12828867482678613,0.026726929316197585
strong_persistence,29,5,PM,0.14443763733953768,0.10901010543173952,0.021945696484522083
strong_persistence,29,5,VAR1,0.15471054990130745,0.12707260341354193,0.026412466397634126
strong_persistence,29,10,ARHinc,0.1515247379453085,0.12355561044972989,0.024949603093569927
strong_persistence,29,10,KernelARH,0.1515656467337995,0.12370290694048297,0.024830797416876813
strong_persistence,29,10,PA,0.15293550819345356,0.12465429943584243,0.025424705995651335
strong_persistence,29,10,PM,0.1574570720698752,0.12277612033650372,0.027212599989903812
strong_persistence,29,10,VAR1,0.15139687644507901,0.123560351140766,0.02477490756432626
strong_persistence,30,1,ARHinc,0.23444118190149457,0.1928541664464138,0.06246961088666862
strong_persistence,30,1,KernelARH,0.23934997251754567,0.19659257130023108,0.06554930354477208
strong_persistence,30,1,PA,0.23571607841482722,0.19413184942669334,0.06327331760285912
strong_persistence,30,1,PM,0.10491279730541568,0.08295065688294521,0.011285055672536909
strong_persistence,30,1,VAR1,0.24305106427754314,0.19933740580769765,0.06795047540024901
strong_persistence,30,5,ARHinc,0.24137888932000348,0.19840226118847193,0.0671035540438281
strong_persistence,30,5,KernelARH,0.24710412892700104,0.2027885883743831,0.07079850697126869
strong_persistence,30,5,PA,0.2432579286059009,0.19955325319491318,0.06799728096638333
strong_persistence,30,5,PM,0.14871488043333145,0.1144252273150948,0.023325408547845698
strong_persistence,30,5,VAR1,0.24752196940385796,0.203076581252386,0.07106815760855593
strong_persistence,30,10,ARHinc,0.24348140781968702,0.20045481831453188,0.0698997576070344
strong_persistence,30,10,KernelARH,0.24739407461302557,0.20312356886919164,0.07260797768204527
strong_persistence,30,10,PA,0.2448792736733039,0.20156252589886978,0.07069098354264378
strong_persistence,30,10,PM,0.18135318290094174,0.14148642129597855,0.03548949049157101
strong_persistence,30,10,VAR1,0.2478076522356896,0.2034079113567365,0.07287520570673976
strong_persistence,31,1,ARHinc,0.14465392939259586,0.11524791949444574,0.022897561033402417
strong_persistence,31,1,KernelARH,0.14684888722009315,0.11698845493312947,0.023817004902393652
strong_persistence,31,1,PA,0.14651819026675958,0.11693943789496772,0.023437584386049922
strong_persistence,31,1,PM,0.10584412257527073,0.08264575613010014,0.0115809643632811
strong_persistence,31,1,VAR1,0.14610600641181754,0.11620078689018373,0.023550254705080337
strong_persistence,31,5,ARHinc,0.15388211841378052,0.12311735226249997,0.0260167966115651
strong_persistence,31,5,KernelARH,0.1546689701934152,0.12369803506279974,0.026504152000288675
strong_persistence,31,5,PA,0.1557179644359205,0.12446713244417096,0.026514572458137323
strong_persistence,31,5,PM,0.14040495356387753,0.10678654986407521,0.020664126623239465
strong_persistence,31,5,VAR1,0.15428536351256586,0.12336610606083673,0.026358963445665223
strong_persistence,31,10,ARHinc,0.16337777107938625,0.13122867094359403,0.029448720843575204
strong_persistence,31,10,KernelARH,0.16338841865480305,0.13105273709646545,0.029817030183774348
strong_persistence,31,10,PA,0.16458687822416268,0.13207556002513837,0.029868197037872746
strong_persistence,31,10,PM,0.15903846177716666,0.12031708857766393,0.027018039717862805
strong_persistence,31,10,VAR1,0.16298441662384466,0.13071074415821565,0.029657342443999427
strong_persistence,32,1,ARHinc,0.1645243301036415,0.13429232886472187,0.028898408609556732
strong_persistence,32,1,KernelARH,0.16834320284080034,0.1374791599375155,0.03020732237926313
strong_persistence,32,1,PA,0.1647039261824512,0.13426984402186068,0.029098301510982846
strong_persistence,32,1,PM,0.10332767627921481,0.08124797926926919,0.010923634506241306
strong_persistence,32,1,VAR1,0.16864449506158966,0.13765689653836863,0.03053367015877553
strong_persistence,32,5,ARHinc,0.174304393824714,0.14227794175342148,0.03285450860184533
strong_persistence,32,5,KernelARH,0.17823904328420417,0.14577435077076917,0.03421399925652613
strong_persistence,32,5,PA,0.17554516851453755,0.1432975437878952,0.0334020305947335
strong_persistence,32,5,PM,0.14873059719787043,0.11434878167668479,0.023696852651215714
strong_persistence,32,5,VAR1,0.17810384239804508,0.14567394131884845,0.03416350449072354
strong_persistence,32,10,ARHinc,0.18480686186576173,0.15168159468880638,0.036839693690773334
strong_persistence,32,10,KernelARH,0.18858168652554352,0.15511853591503097,0.03851212188441342
strong_persistence,32,10,PA,0.1855646215883496,0.152205938602648,0.03715612441157077
strong_persistence,32,10,PM,0.16372681570606565,0.1276919934993099,0.02986523469734494
strong_persistence,32,10,VAR1,0.18840557372662226,0.1549852212144669,0.03844388467512909
strong_persistence,33,1,ARHinc,0.16502620568434725,0.13065655520995662,0.029869973906748132
strong_persistence,33,1,KernelARH,0.16795212475658056,0.13282767213563434,0.031142508595154002
strong_persistence,33,1,PA,0.16613299340273127,0.13152757560543993,0.030248562747406033
strong_persistence,33,1,PM,0.10502130214409151,0.08188451289037754,0.01136451224998551
strong_persistence,33,1,VAR1,0.16714988511589648,0.13211385046687046,0.030781740938738523
strong_persistence,33,5,ARHinc,0.17185866988033419,0.13703014064699442,0.03254991722353214
strong_persistence,33,5,KernelARH,0.17312416652665377,0.13770332450552375,0.033198708692063456
strong_persistence,33,5,PA,0.17278402318813307,0.1377198651990181,0.032874465072826195
strong_persistence,33,5,PM,0.1509363611218252,0.11318998413582002,0.024213622483235657
strong_persistence,33,5,VAR1,0.1733167536422586,0.13787537230312816,0.03325243740190079
strong_persistence,33,10,ARHinc,0.18146738911557414,0.14637134198239413,0.03631371327649431
strong_persistence,33,10,KernelARH,0.1811135240530475,0.14593593752109343,0.03636983590984666
strong_persistence,33,10,PA,0.18266617921842956,0.14732426740892998,0.036757509229259015
strong_persistence,33,10,PM,0.17857002035575748,0.1386245601009972,0.034316831933822914
strong_persistence,33,10,VAR1,0.1813974193506032,0.14618706057584752,0.036457563228152745
strong_persistence,34,1,ARHinc,0.19731589180817183,0.16063728104961122,0.042891054061646255
strong_persistence,34,1,KernelARH,0.20253582457929206,0.16514264149970853,0.045081636450844016
strong_persistence,34,1,PA,0.1985200703887827,0.16153776176698814,0.04348751406055735
strong_persistence,34,1,PM,0.10591140365307936,0.08225314098556258,0.01159760051021993
strong_persistence,34,1,VAR1,0.20377954712926796,0.16610130852373323,0.045608137590255476
strong_persistence,34,5,ARHinc,0.20784312422697887,0.16888554545641218,0.04706911161615282
strong_persistence,34,5,KernelARH,0.21230279737639318,0.17323886899297933,0.04945440787730696
strong_persistence,34,5,PA,0.208653275973178,0.16944578925720058,0.04742926482803302
strong_persistence,34,5,PM,0.1526172890306473,0.11571096249995218,0.02535390806105557
strong_persistence,34,5,VAR1,0.21247911750730633,0.17338629473292122,0.04952599744709351
strong_persistence,34,10,ARHinc,0.2198591659503158,0.1791989171846814,0.052429756859972906
strong_persistence,34,10,KernelARH,0.22451026806756844,0.18316178278510592,0.05471428483335949
strong_persistence,34,10,PA,0.2206417403318114,0.1796540692453628,0.05280709847032576
strong_persistence,34,10,PM,0.16998397346514355,0.12881635193798224,0.0312144161445621
strong_persistence,34,10,VAR1,0.22467853077214364,0.1833058198414581,0.05478612285254426
strong_persistence,35,1,ARHinc,0.17891210731774065,0.1422176375497359,0.03449597528494602
strong_persistence,35,1,KernelARH,0.1855806294311386,0.1471237910600007,0.03683615032386647
strong_persistence,35,1,PA,0.17933833790246598,0.14292555584493002,0.03486069344660692
strong_persistence,35,1,PM,0.10624596450270052,0.08347579673726946,0.011663601980833984
strong_persistence,35,1,VAR1,0.18634311315863375,0.147790977984794,0.037169455072110405
strong_persistence,35,5,ARHinc,0.18530273431788002,0.14776088986337188,0.03648820918345958
strong_persistence,35,5,KernelARH,0.19296261848923857,0.15334192285977402,0.03955536310585876
strong_persistence,35,5,PA,0.18715020165828244,0.14931421800372346,0.03738806219048182
strong_persistence,35,5,PM,0.1515664616993437,0.11741001402566809,0.02479342643009954
strong_persistence,35,5,VAR1,0.19329107893906988,0.15361560873426605,0.03969859296501193
strong_persistence,35,10,ARHinc,0.18948263209073596,0.15073760721973695,0.03794500159935689
strong_persistence,35,10,KernelARH,0.19513453683252555,0.1547904418347445,0.04062044319770806
strong_persistence,35,10,PA,0.19135623184566725,0.15207534679361984,0.0389515373234973
strong_persistence,35,10,PM,0.1926779885446244,0.14651345199794827,0.03945367542956916
strong_persistence,35,10,VAR1,0.19543939027042248,0.15503847996391812,0.04075073412695217
strong_persistence,36,1,ARHinc,0.22650052310329732,0.1873063695290366,0.054909474300197124
strong_persistence,36,1,KernelARH,0.23386110671627824,0.19357265689619926,0.058115193568001024
strong_persistence,36,1,PA,0.22752979853612057,0.18811357447990695,0.05538935593097231
strong_persistence,36,1,PM,0.10598963682882051,0.08297448630174564,0.011519147545014046
strong_persistence,36,1,VAR1,0.23483570925878441,0.1944103126375945,0.05847880661746269
strong_persistence,36,5,ARHinc,0.2330631677333669,0.1927802700038919,0.05844751058450189
strong_persistence,36,5,KernelARH,0.24058188493077526,0.19909326290046647,0.06184106452818843
strong_persistence,36,5,PA,0.23350422744635907,0.1930620468957933,0.05884616878314781
strong_persistence,36,5,PM,0.1453208440286918,0.11253017661845847,0.022851799207195905
strong_persistence,36,5,VAR1,0.24048124215614575,0.1990341592329182,0.06179791057133444
strong_persistence,36,10,ARHinc,0.23788922705888316,0.19632711257110613,0.06107713180324769
strong_persistence,36,10,KernelARH,0.24269481885305227,0.20014327530008327,0.06337440329757632
strong_persistence,36,10,PA,0.23872843420583945,0.19687652900180747,0.061536851683160684
strong_persistence,36,10,PM,0.18604532943315377,0.14597618615597613,0.03800416718221909
strong_persistence,36,10,VAR1,0.24260016389257194,0.20008468546097036,0.0633309731055801
strong_persistence,37,1,ARHinc,0.215864985517545,0.17434798657002912,0.05217931280679108
strong_persistence,37,1,KernelARH,0.2221311957363206,0.17881846438713708,0.0552987765526115
strong_persistence,37,1,PA,0.21763559723199594,0.1757270701340764,0.05378779559593491
strong_persistence,37,1,PM,0.105257599127692,0.08206676071475301,0.011286226231538011
strong_persistence,37,1,VAR1,0.2212730782769757,0.17858387566156794,0.054597202453125236
strong_persistence,37,5,ARHinc,0.21952454092838633,0.17733134477417906,0.053712050438722625
strong_persistence,37,5,KernelARH,0.22754524914733307,0.18354037404727377,0.05817785419210362
strong_persistence,37,5,PA,0.22117247320412364,0.1786340893304681,0.05505767113126787
strong_persistence,37,5,PM,0.13921064449879103,0.10683195636652583,0.02144680811247889
strong_persistence,37,5,VAR1,0.22789198743640574,0.18386689122932484,0.058351122878501624
strong_persistence,37,10,ARHinc,0.2189477867255924,0.17695770983595582,0.05416385824599229
strong_persistence,37,10,KernelARH,0.22709906563396434,0.18376870026760453,0.058467361404224164
strong_persistence,37,10,PA,0.2207971503927777,0.17822546135944797,0.05564743680661473
strong_persistence,37,10,PM,0.1686471728917205,0.12942831285384154,0.03212762939203221
strong_persistence,37,10,VAR1,0.22745747653640902,0.18408628216979395,0.05868535116560494
strong_persistence,38,1,ARHinc,0.17649846235936598,0.1374264488765099,0.033903483545091845
strong_persistence,38,1,KernelARH,0.17939853534248204,0.13989887436957948,0.03518357624566458
strong_persistence,38,1,PA,0.17776845939868427,0.13848320339867523,0.034323844054861566
strong_persistence,38,1,PM,0.10747054664730887,0.08322663335128987,0.01182782981318251
strong_persistence,38,1,VAR1,0.18065109624667383,0.14108706698079923,0.03570616843275038
strong_persistence,38,5,ARHinc,0.17918655736554392,0.13986693522981594,0.035385576418806
strong_persistence,38,5,KernelARH,0.18051083792688244,0.14139540651668514,0.035885647757704885
strong_persistence,38,5,PA,0.1806028012509265,0.14107002790306242,0.03586716038447971
strong_persistence,38,5,PM,0.15197731159819972,0.11481804640635876,0.025009993556030338
strong_persistence,38,5,VAR1,0.18025949510846243,0.14125064772807835,0.03579506771699682
strong_persistence,38,10,ARHinc,0.18108438163838234,0.14128588612893903,0.036138260965817036
strong_persistence,38,10,KernelARH,0.18356409711448765,0.1436848288784349,0.03707584529713699
strong_persistence,38,10,PA,0.18243757663068005,0.1422050936728278,0.03670457701073938
strong_persistence,38,10,PM,0.17368677977174912,0.12919231496027483,0.03222710325416993
strong_persistence,38,10,VAR1,0.18334348256653674,0.14359045067577356,0.03699513728323417
strong_persistence,39,1,ARHinc,0.17709227067428607,0.1385255783793603,0.035338472254531954
strong_persistence,39,1,KernelARH,0.18194726248050616,0.1424446742535651,0.037869761771617425
strong_persistence,39,1,PA,0.18078956541139798,0.14184637375262657,0.03672511556947972
strong_persistence,39,1,PM,0.1070154830038734,0.0820573684504157,0.011806991747748574
strong_persistence,39,1,VAR1,0.18351506530365294,0.14342516148675558,0.038467212765449905
strong_persistence,39,5,ARHinc,0.17489952786663596,0.13636944809572335,0.03396561371323981
strong_persistence,39,5,KernelARH,0.1799271258339404,0.1408391166257598,0.036395561781378837
strong_persistence,39,5,PA,0.17789361252603222,0.13873697135140714,0.03517800212799595
strong_persistence,39,5,PM,0.15515340246835208,0.1150944822979287,0.02627669358062078
strong_persistence,39,5,VAR1,0.1796410852755006,0.14057585095029237,0.03631704545394866
strong_persistence,39,10,ARHinc,0.17248841377298973,0.13412974918409526,0.03248330915503288
strong_persistence,39,10,KernelARH,0.17577162555473563,0.13686865919575383,0.03366658828946826
strong_persistence,39,10,PA,0.17523840280911795,0.13653368078957287,0.03364718399417757
strong_persistence,39,10,PM,0.1780445073642679,0.1291979533823304,0.03610485011675099
strong_persistence,39,10,VAR1,0.17549154694368158,0.13664342193001316,0.033579949363514966
strong_persistence,40,1,ARHinc,0.18055552669033498,0.1470940375379707,0.035404012582577346
strong_persistence,40,1,KernelARH,0.1835141653538206,0.14957602816896448,0.03664089071863237
strong_persistence,40,1,PA,0.18184612162277436,0.14811312506051547,0.03576998581568756
strong_persistence,40,1,PM,0.11053585030552039,0.08568728243046311,0.012615873996197971
strong_persistence,40,1,VAR1,0.18359516197280296,0.1497415212830514,0.03672583439376026
strong_persistence,40,5,ARHinc,0.1950269044027331,0.15952361970194126,0.0415352005168663
strong_persistence,40,5,KernelARH,0.1986889408011911,0.16265735153609484,0.04320998593756731
strong_persistence,40,5,PA,0.19594288086443826,0.1602526048642222,0.04185236273415602
strong_persistence,40,5,PM,0.14349805344973388,0.10999065165301437,0.021796542379237727
strong_persistence,40,5,VAR1,0.19869109170589228,0.16266031696924488,0.04321038050040285
strong_persistence,40,10,ARHinc,0.20719488055943927,0.17008478487108458,0.04665301536264795
strong_persistence,40,10,KernelARH,0.2089367492366863,0.17171100506670858,0.047691383971243735
strong_persistence,40,10,PA,0.20828146116514393,0.1709341592641502,0.04712229659051197
strong_persistence,40,10,PM,0.16283360042515724,0.12535419348128413,0.029108366970279232
strong_persistence,40,10,VAR1,0.20895502512750244,0.17172255804588207,0.04770641498773113
strong_persistence,41,1,ARHinc,0.18430285248399356,0.14544976721735334,0.038927159124640086
strong_persistence,41,1,KernelARH,0.18987813047208146,0.14974231779132255,0.04120196501889633
strong_persistence,41,1,PA,0.1856363390003318,0.14666074122467584,0.03947194470068475
strong_persistence,41,1,PM,0.10813882746594053,0.08498747353922242,0.012023891743542769
strong_persistence,41,1,VAR1,0.19017438545125528,0.15001995452165606,0.04143280774749314
strong_persistence,41,5,ARHinc,0.19603547441112026,0.15550456566835344,0.04377663431276057
strong_persistence,41,5,KernelARH,0.19748036756206305,0.15615836040324965,0.04478829380567586
strong_persistence,41,5,PA,0.1974626163124591,0.15649378502758565,0.044397258477990614
strong_persistence,41,5,PM,0.1738148664999702,0.13174704881062815,0.03269968457547507
strong_persistence,41,5,VAR1,0.19738880666797118,0.15607381340957885,0.04473602283609894
strong_persistence,41,10,ARHinc,0.20786946508040433,0.163823829017926,0.04931169952665899
strong_persistence,41,10,KernelARH,0.20407992813783604,0.1608819305990136,0.047674675182131865
strong_persistence,41,10,PA,0.20867609052001054,0.1646909228729341,0.04996587488330435
strong_persistence,41,10,PM,0.22951709818178503,0.17399030280106081,0.059278110501854955
strong_persistence,41,10,VAR1,0.20389975848711922,0.16071961489838654,0.04757509025334414
strong_persistence,42,1,ARHinc,0.21660705964051336,0.17399997176540563,0.06099856036145325
strong_persistence,42,1,KernelARH,0.21914743854642138,0.17571631988549247,0.06425381842751446
strong_persistence,42,1,PA,0.21954747346865808,0.17627193267634003,0.06284548989538394
strong_persistence,42,1,PM,0.10769788004604504,0.08338003786259403,0.011870612536325329
strong_persistence,42,1,VAR1,0.21842150745791414,0.17519151391912566,0.06386469087488965
strong_persistence,42,5,ARHinc,0.21584196761327978,0.1732215642361553,0.06090717542943561
strong_persistence,42,5,KernelARH,0.2167413120105964,0.1736876758163069,0.06318367440081356
strong_persistence,42,5,PA,0.21813918605850333,0.17516426398761786,0.06233053587073974
strong_persistence,42,5,PM,0.15657774385124928,0.1161842706950715,0.026216737395782213
strong_persistence,42,5,VAR1,0.21739614247150915,0.1742787763686598,0.06353846331492352
strong_persistence,42,10,ARHinc,0.21434483620483255,0.17230512495843514,0.05720570387117599
strong_persistence,42,10,KernelARH,0.21243584647978297,0.17042493060009314,0.05681521845471419
strong_persistence,42,10,PA,0.21676203893618912,0.17417144513744942,0.058754671257356554
strong_persistence,42,10,PM,0.17920449127791352,0.13262890528790083,0.034836464006898916
strong_persistence,42,10,VAR1,0.21312611344085458,0.17106460654756767,0.05718615130268232
strong_persistence,43,1,ARHinc,0.215426820735089,0.17496106215608448,0.04929671906267245
strong_persistence,43,1,KernelARH,0.22209850887999005,0.18064896128775557,0.052378518132780855
strong_persistence,43,1,PA,0.2178061662480151,0.17693419046895614,0.050616596307822934
strong_persistence,43,1,PM,0.11032754618699099,0.0856831666326255,0.01259604676259925
strong_persistence,43,1,VAR1,0.22297204423692432,0.18127671082978833,0.052934584273591344
strong_persistence,43,5,ARHinc,0.22853390811095278,0.18669405722508423,0.05556754690962302
strong_persistence,43,5,KernelARH,0.235158285015092,0.19190721316574424,0.05895308364040622
strong_persistence,43,5,PA,0.23004707871041877,0.18790593011521314,0.056502757217793395
strong_persistence,43,5,PM,0.16517629610441872,0.12457309239722517,0.029231391668897277
strong_persistence,43,5,VAR1,0.23473534329752682,0.19153431399539747,0.05874138424793847
strong_persistence,43,10,ARHinc,0.24814109452164507,0.2031668731817295,0.06533566010328826
strong_persistence,43,10,KernelARH,0.2520958894418053,0.20660545463001231,0.06716789064166072
strong_persistence,43,10,PA,0.24971976414292713,0.20458152442874386,0.0662756850698763
strong_persistence,43,10,PM,0.2030751745685792,0.15392744114054208,0.04638586965528162
strong_persistence,43,10,VAR1,0.25166923671826297,0.20622443678869518,0.06696206757571056
strong_persistence,44,1,ARHinc,0.21314527302582967,0.17360089514847837,0.05032536871946725
strong_persistence,44,1,KernelARH,0.21672680973405525,0.17690781946540632,0.052405755432332286
strong_persistence,44,1,PA,0.21327485140280525,0.1736923690442528,0.05033550144518225
strong_persistence,44,1,PM,0.11031642250161992,0.08555037041277545,0.01242253781604374
strong_persistence,44,1,VAR1,0.21673916711197178,0.17698803388522621,0.052369472486857936
strong_persistence,44,5,ARHinc,0.22181189310522176,0.18056160609593652,0.05486399180992141
strong_persistence,44,5,KernelARH,0.22643360196652487,0.18453295392052127,0.05729093434623082
strong_persistence,44,5,PA,0.2229712444035093,0.1813286054121662,0.055565183281290634
strong_persistence,44,5,PM,0.1480962393625705,0.11420541381319894,0.02359784526730415
strong_persistence,44,5,VAR1,0.22669075764217564,0.1847641194166196,0.05740576349494105
strong_persistence,44,10,ARHinc,0.22880318344502254,0.18647514949129057,0.05809493363483692
strong_persistence,44,10,KernelARH,0.23330994797557447,0.19025239073346562,0.060057439850919894
strong_persistence,44,10,PA,0.2295943974594916,0.18702727459134919,0.05840337202455416
strong_persistence,44,10,PM,0.16855425720365355,0.13169008608129432,0.03125460358679067
strong_persistence,44,10,VAR1,0.2335619379095081,0.19048008175387734,0.060171998781538304
strong_persistence,45,1,ARHinc,0.20956487656726605,0.17173708505204882,0.053210861687577486
strong_persistence,45,1,KernelARH,0.21406298835684498,0.17578765559673185,0.05618565273664199
strong_persistence,45,1,PA,0.21066903886177038,0.17268753599676637,0.05374347095351317
strong_persistence,45,1,PM,0.1063653790871856,0.08283020010560235,0.011716052735045189
strong_persistence,45,1,VAR1,0.21513488850931475,0.17677745950903825,0.056668133085196755
strong_persistence,45,5,ARHinc,0.2246847986667155,0.1848624086704699,0.06081531776834557
strong_persistence,45,5,KernelARH,0.22756938228868093,0.18753824808241354,0.06324809403811646
strong_persistence,45,5,PA,0.22653809863647156,0.18634983236297858,0.06172627466158079
strong_persistence,45,5,PM,0.1555670112242861,0.12201534271886591,0.02645446124381481
strong_persistence,45,5,VAR1,0.22714970622095082,0.18715500780058245,0.06300349347878492
strong_persistence,45,10,ARHinc,0.24229956151657034,0.19980362541082614,0.07038499924525614
strong_persistence,45,10,KernelARH,0.24592980110610935,0.20319158710839383,0.07229976820772716
strong_persistence,45,10,PA,0.24314734766428475,0.20040055827482525,0.07084377971520506
strong_persistence,45,10,PM,0.19264517596398678,0.15405968736794792,0.040724469692579625
strong_persistence,45,10,VAR1,0.24549078516794687,0.20279898193398158,0.07204811624723897
strong_persistence,46,1,ARHinc,0.21931184015415836,0.17548014812348312,0.0556828001507603
strong_persistence,46,1,KernelARH,0.2240879903749443,0.17908754196376436,0.05906169002768717
strong_persistence,46,1,PA,0.22023755056489355,0.17638359050146346,0.05629936386489015
strong_persistence,46,1,PM,0.10959127428427948,0.08537360278037888,0.012367281198627332
strong_persistence,46,1,VAR1,0.22364366762221208,0.17856047591775948,0.05886921565490476
strong_persistence,46,5,ARHinc,0.22488968185813987,0.17934700355761282,0.06031952782050546
strong_persistence,46,5,KernelARH,0.2285323579874882,0.1821697806013048,0.06305764862256784
strong_persistence,46,5,PA,0.2261001417149418,0.18078844071750194,0.06095127923687228
strong_persistence,46,5,PM,0.14439993520294347,0.10826917291633123,0.022305272897539887
strong_persistence,46,5,VAR1,0.2282319529036994,0.18190009683891745,0.06284401710498565
strong_persistence,46,10,ARHinc,0.22274413351041883,0.17679289728951858,0.06059022553247725
strong_persistence,46,10,KernelARH,0.2247913211119359,0.1783145338546656,0.06289487295702824
strong_persistence,46,10,PA,0.224206870928575,0.17825779316623527,0.06130464028496554
strong_persistence,46,10,PM,0.1747231770713983,0.1314749534236483,0.033242306111966706
strong_persistence,46,10,VAR1,0.22448734055402286,0.17805450567136896,0.06268785641283277
strong_persistence,47,1,ARHinc,0.20897856173665894,0.16965193712274593,0.04804282978770637
strong_persistence,47,1,KernelARH,0.21377213489613237,0.173432315056555,0.0504326270091141
strong_persistence,47,1,PA,0.20951939419406326,0.1701471065146685,0.04854349836136026
strong_persistence,47,1,PM,0.10450988641808205,0.08244279158148697,0.011178799404080711
strong_persistence,47,1,VAR1,0.2133412196036403,0.17318325544294041,0.0504379466302581
strong_persistence,47,5,ARHinc,0.2229463564368611,0.18138801752533296,0.05478370366639204
strong_persistence,47,5,KernelARH,0.22808294395377918,0.18546313171793188,0.05725872930817872
strong_persistence,47,5,PA,0.22449459047024498,0.18262599547793185,0.05563285033231205
strong_persistence,47,5,PM,0.15929163938787672,0.12117063231185474,0.027291633031405298
strong_persistence,47,5,VAR1,0.22824548929765812,0.1855978112455216,0.057325532887731435
strong_persistence,47,10,ARHinc,0.2325795099740368,0.18986120138208384,0.05958794337391331
strong_persistence,47,10,KernelARH,0.23868157384508856,0.19452554563427293,0.0632030618532781
strong_persistence,47,10,PA,0.23393437498995132,0.1909880064778022,0.06031890256345463
strong_persistence,47,10,PM,0.19340081268214782,0.15164989635893786,0.04039991221252952
strong_persistence,47,10,VAR1,0.2388659917851316,0.19467569715056238,0.06331015664332089
strong_persistence,48,1,ARHinc,0.2118838048003307,0.1720467775671607,0.049729560773103816
strong_persistence,48,1,KernelARH,0.21397766161776582,0.17326505493978708,0.05131182082776389
strong_persistence,48,1,PA,0.213121088297386,0.17314303560124525,0.050273932761523886
strong_persistence,48,1,PM,0.10706960020688255,0.08152977414464228,0.011833670341263364
strong_persistence,48,1,VAR1,0.21499200733711424,0.17422993449515115,0.051846491504938225
strong_persistence,48,5,ARHinc,0.22006896213537028,0.17933151921327023,0.0543042789058472
strong_persistence,48,5,KernelARH,0.2222956216707849,0.18017178170009565,0.055894579928049325
strong_persistence,48,5,PA,0.2209603381881738,0.1801914189481073,0.054891887446590154
strong_persistence,48,5,PM,0.14662367072123084,0.11387554041814614,0.023297865379789794
strong_persistence,48,5,VAR1,0.22197459851990173,0.17988269425525485,0.05577646736632695
strong_persistence,48,10,ARHinc,0.23131721741031294,0.18877176057427636,0.06054080141277591
strong_persistence,48,10,KernelARH,0.2307773484107187,0.1877696634596352,0.06103819542990085
strong_persistence,48,10,PA,0.23206633374571942,0.1894834824137389,0.06099252677664796
strong_persistence,48,10,PM,0.18445794022936865,0.14541395779766758,0.03740246346679414
strong_persistence,48,10,VAR1,0.23061496445259683,0.18761346563353354,0.06097237824881745
strong_persistence,49,1,ARHinc,0.19704214947675303,0.1616007161748269,0.04323253293081726
strong_persistence,49,1,KernelARH,0.19859805084284868,0.16246590447275827,0.04407056348685419
strong_persistence,49,1,PA,0.19978717726447873,0.16366973236286958,0.04437094728479662
strong_persistence,49,1,PM,0.109109765618197,0.08504468576811826,0.012219111174210446
strong_persistence,49,1,VAR1,0.19772872286575227,0.16179056508299328,0.043428114568197514
strong_persistence,49,5,ARHinc,0.20146430165225146,0.16402036532048936,0.04530207735037339
strong_persistence,49,5,KernelARH,0.20258166190783922,0.16517822136559485,0.04580093161108934
strong_persistence,49,5,PA,0.2032226441286097,0.16553632852840774,0.04615693556195378
strong_persistence,49,5,PM,0.1569205581916144,0.11879209297556939,0.02680122203201935
strong_persistence,49,5,VAR1,0.20223228848113287,0.1648994027455868,0.04562143117230957
strong_persistence,49,10,ARHinc,0.19851954451563514,0.1607801066212651,0.042991574803768265
strong_persistence,49,10,KernelARH,0.1988635504873846,0.16106888845702735,0.04344542278537541
strong_persistence,49,10,PA,0.19997905137357788,0.16201353158110934,0.043817326180508646
strong_persistence,49,10,PM,0.19562732531582824,0.1502120561558557,0.04203089427081671
strong_persistence,49,10,VAR1,0.19843758216182958,0.16070781170540702,0.043231372934742246
strong_persistence,50,1,ARHinc,0.2213035613300216,0.1815355896305801,0.0537170770273323
strong_persistence,50,1,KernelARH,0.22866347417592986,0.1873615243887166,0.05713979059351256
strong_persistence,50,1,PA,0.22259943524354037,0.1826307799671608,0.05427153061838554
strong_persistence,50,1,PM,0.10613575761586977,0.0831841561540305,0.011613403136634582
strong_persistence,50,1,VAR1,0.22782262901447992,0.18673315934056023,0.05683211368467586
strong_persistence,50,5,ARHinc,0.22601220851182968,0.1850633977336033,0.05692125735702718
strong_persistence,50,5,KernelARH,0.23242642258036977,0.1903403316518958,0.060205144947732395
strong_persistence,50,5,PA,0.2276132430472501,0.18637098123999085,0.057683506859321367
strong_persistence,50,5,PM,0.15753466169247288,0.12228128373431714,0.026257271876022937
strong_persistence,50,5,VAR1,0.2325263546517009,0.19040995932900287,0.06025329406783451
strong_persistence,50,10,ARHinc,0.2292281668081885,0.18712256362052312,0.05953422351190704
strong_persistence,50,10,KernelARH,0.23344280096891393,0.19048603798261202,0.06194436495668541
strong_persistence,50,10,PA,0.23050385272018842,0.18811298693328038,0.05999592631672979
strong_persistence,50,10,PM,0.18493125892521595,0.14726249762320293,0.03805545369474171
strong_persistence,50,10,VAR1,0.23353184971790086,0.19053366570665545,0.06198531386223336
weak_persistence,1,1,ARHinc,0.2622502949103,0.21037462129072734,0.07410029874127028
weak_persistence,1,1,KernelARH,0.2603736919712605,0.2089660479292265,0.07282496742192855
weak_persistence,1,1,PA,0.2662026586425016,0.21348118236358485,0.0761457855289025
weak_persistence,1,1,PM,0.32686536781457837,0.26114536008229217,0.11112111349704014
weak_persistence,1,1,VAR1,0.26000002405923117,0.2086387135030742,0.07268551853041916
weak_persistence,1,5,ARHinc,0.26368424198418233,0.21229066353508508,0.07456991616891451
weak_persistence,1,5,KernelARH,0.26186085640621243,0.21069466554439725,0.07364889653565503
weak_persistence,1,5,PA,0.26623771453745054,0.21437852971111349,0.07602160457960357
weak_persistence,1,5,PM,0.3498724775835918,0.2789406775685041,0.13193375568820323
weak_persistence,1,5,VAR1,0.26172605067898475,0.21059504859821826,0.0735661212827739
weak_persistence,1,10,ARHinc,0.2624077233169202,0.2106636965913361,0.07401653778977173
weak_persistence,1,10,KernelARH,0.2601106189664944,0.20883829177543517,0.07278424406287025
weak_persistence,1,10,PA,0.26496743059071043,0.21244992524654865,0.07579811199683487
weak_persistence,1,10,PM,0.3638935290518397,0.293634080456839,0.14361496110939614
weak_persistence,1,10,VAR1,0.2600528078629042,0.20880558886219475,0.07274777720755679
weak_persistence,2,1,ARHinc,0.25565045114167606,0.20465629304349015,0.06807819626869216
weak_persistence,2,1,KernelARH,0.25272609264978085,0.20261594282691245,0.066563944700633
weak_persistence,2,1,PA,0.2579976798987342,0.2067418841753388,0.06929246203714406
weak_persistence,2,1,PM,0.32413546312180874,0.25810664603200734,0.10889284864137207
weak_persistence,2,1,VAR1,0.2538025381761498,0.20354460479858338,0.06713737096744309
weak_persistence,2,5,ARHinc,0.25780561406919594,0.2065214246807689,0.06971458828833402
weak_persistence,2,5,KernelARH,0.25447565028888736,0.2043861534154172,0.06753430380993417
weak_persistence,2,5,PA,0.25915131803065394,0.20719975063138416,0.07054976503374194
weak_persistence,2,5,PM,0.34743185420802014,0.27893687321015964,0.12722917147091892
weak_persistence,2,5,VAR1,0.25450785110428514,0.20440005014086243,0.06756077451948043
weak_persistence,2,10,ARHinc,0.261600367966633,0.20990252756117617,0.07163603029041368
weak_persistence,2,10,KernelARH,0.256655880011183,0.20603961281667268,0.06918369896388878
weak_persistence,2,10,PA,0.264292174042094,0.21179983811653416,0.07311865864762164
weak_persistence,2,10,PM,0.34472374556637686,0.27632859389992076,0.12367855560274818
weak_persistence,2,10,VAR1,0.2567027633545221,0.2060819874044107,0.06921743536613519
weak_persistence,3,1,ARHinc,0.26424874316355607,0.21294739993347198,0.07483563756029939
weak_persistence,3,1,KernelARH,0.2627267434177788,0.21183276354729527,0.0744100246167318
weak_persistence,3,1,PA,0.2688719468452952,0.2165376619191764,0.07752006697152346
weak_persistence,3,1,PM,0.334403827616654,0.26881281481671193,0.11779914576392105
weak_persistence,3,1,VAR1,0.26389053059187034,0.2129534760197041,0.07508461968121398
weak_persistence,3,5,ARHinc,0.2671002090111706,0.21546340054918112,0.07663834349327628
weak_persistence,3,5,KernelARH,0.26388114360972553,0.21273061112037403,0.07497747639369494
weak_persistence,3,5,PA,0.2731183791659104,0.22039234865358973,0.08021312956497104
weak_persistence,3,5,PM,0.3592981560041729,0.28990042135972444,0.1390646536615825
weak_persistence,3,5,VAR1,0.26395152033429703,0.21279575691799105,0.07501971291160098
weak_persistence,3,10,ARHinc,0.2677977052348817,0.21573230403753296,0.0770532128681167
weak_persistence,3,10,KernelARH,0.2663388293426488,0.21478790432650463,0.07631099088583655
weak_persistence,3,10,PA,0.2703166107735294,0.2177821890978785,0.07866558882461594
weak_persistence,3,10,PM,0.3628225968590716,0.2922859849051998,0.1436822268068415
weak_persistence,3,10,VAR1,0.26634814574334126,0.21478912304761774,0.0763071641441192
weak_persistence,4,1,ARHinc,0.26931629195762463,0.21415120822497397,0.07658876550199817
weak_persistence,4,1,KernelARH,0.267728042296454,0.21292752409618573,0.07566302825218185
weak_persistence,4,1,PA,0.2690447398012822,0.21441919716933164,0.07625777132374158
weak_persistence,4,1,PM,0.3510385411932435,0.280380567600992,0.12928400407307616
weak_persistence,4,1,VAR1,0.2670844730061828,0.21250907899239316,0.07507172703703445
weak_persistence,4,5,ARHinc,0.27327726444659145,0.2171448031213343,0.07886193591973259
weak_persistence,4,5,KernelARH,0.26857830240304686,0.21367125644609147,0.07629732230249779
weak_persistence,4,5,PA,0.27725384695046773,0.22020020225938491,0.0813009449298939
weak_persistence,4,5,PM,0.3713857863548895,0.2966466996018897,0.14684810588054564
weak_persistence,4,5,VAR1,0.2685968603748928,0.2136798977858982,0.0763148376127827
weak_persistence,4,10,ARHinc,0.27439623737818825,0.2179875691355854,0.07997408292271373
weak_persistence,4,10,KernelARH,0.26878802557454295,0.213551797357972,0.07634344585623365
weak_persistence,4,10,PA,0.27609954976654155,0.21930075297741494,0.08075700463171773
weak_persistence,4,10,PM,0.36161337445883984,0.28650303056184867,0.1381159687745019
weak_persistence,4,10,VAR1,0.2687928145468979,0.2135460812685808,0.07634981538048448
weak_persistence,5,1,ARHinc,0.27508688477428894,0.22022020041947463,0.08025171118376258
weak_persistence,5,1,KernelARH,0.27282437120105163,0.2190256119886648,0.07915367623748616
weak_persistence,5,1,PA,0.275970736328615,0.22035335123122551,0.08092318630988642
weak_persistence,5,1,PM,0.3321028055287951,0.2635447946545859,0.11408835701579878
weak_persistence,5,1,VAR1,0.27273147168484674,0.21895429278875336,0.0791727971643159
weak_persistence,5,5,ARHinc,0.2769967822620225,0.2223645889465159,0.08241673901151365
weak_persistence,5,5,KernelARH,0.2716294700957654,0.21821255561754085,0.07877846447242316
weak_persistence,5,5,PA,0.2799654254009393,0.22458962511637057,0.08444082770685014
weak_persistence,5,5,PM,0.36001393758844,0.28856921548285336,0.13650826798977803
weak_persistence,5,5,VAR1,0.27167661429520984,0.21825965502633415,0.0788141287790899
weak_persistence,5,10,ARHinc,0.2773406243892993,0.22270187342677977,0.08207693832315374
weak_persistence,5,10,KernelARH,0.2742800048540909,0.22087633004516866,0.08015511196190422
weak_persistence,5,10,PA,0.27995211327108316,0.22469934523946308,0.08387340048481638
weak_persistence,5,10,PM,0.3637821250086389,0.286845062600957,0.14205258968291273
weak_persistence,5,10,VAR1,0.274343775428714,0.2209346836967817,0.08020173076023206
weak_persistence,6,1,ARHinc,0.2614388253603154,0.20943158143261814,0.07161288518391128
weak_persistence,6,1,KernelARH,0.2585113842576059,0.2073065389223782,0.07004789042061788
weak_persistence,6,1,PA,0.26290517288403575,0.21052268823631987,0.07249978187545827
weak_persistence,6,1,PM,0.33672078840318326,0.2691608280195254,0.11871331024477988
weak_persistence,6,1,VAR1,0.2587839066458703,0.20756034032531376,0.07015926567592584
weak_persistence,6,5,ARHinc,0.2633215559584049,0.21134279891891528,0.07264116764941966
weak_persistence,6,5,KernelARH,0.25981898999145886,0.2086960058969825,0.07075124809979258
weak_persistence,6,5,PA,0.2650011587035381,0.2126901841099868,0.07355497825881359
weak_persistence,6,5,PM,0.35587933680140216,0.2851217153258058,0.13315054885427746
weak_persistence,6,5,VAR1,0.2597076574685208,0.20860599345334618,0.07069027790694761
weak_persistence,6,10,ARHinc,0.267422829788992,0.2149564114256626,0.07552247351435375
weak_persistence,6,10,KernelARH,0.26300015608588206,0.21145018217731495,0.07275062945997236
weak_persistence,6,10,PA,0.2686585339801226,0.21591550176810606,0.07622233363792946
weak_persistence,6,10,PM,0.3566311026235196,0.2854422776354698,0.1343592604060918
weak_persistence,6,10,VAR1,0.2628999264229082,0.21135832495089044,0.07269307737459164
weak_persistence,7,1,ARHinc,0.26730419839161473,0.21255163638892605,0.0745311474904027
weak_persistence,7,1,KernelARH,0.26710541357271445,0.21258360733921494,0.07450535956038544
weak_persistence,7,1,PA,0.26791721296774534,0.2131367555917597,0.07479485452512122
weak_persistence,7,1,PM,0.34294638778216263,0.27170812363576996,0.12101012549175286
weak_persistence,7,1,VAR1,0.2701530347109054,0.21550242525597896,0.07622786344251009
weak_persistence,7,5,ARHinc,0.27067368874948844,0.2155793914311369,0.07647558214486677
weak_persistence,7,5,KernelARH,0.26808114830527546,0.21355237906107802,0.07526477165773261
weak_persistence,7,5,PA,0.2724692386648336,0.21701067355078146,0.07747019510024179
weak_persistence,7,5,PM,0.36187533850292525,0.28789312709676645,0.13750770612588983
weak_persistence,7,5,VAR1,0.26805796234944623,0.2135259755161888,0.07525720863980838
weak_persistence,7,10,ARHinc,0.26999845702534314,0.21544575625525197,0.07634013492705717
weak_persistence,7,10,KernelARH,0.266834276001602,0.21281516191435298,0.07444780076293127
weak_persistence,7,10,PA,0.27236898240965185,0.21713190682614555,0.0779311006174757
weak_persistence,7,10,PM,0.3678081108044056,0.2925083566561639,0.14241776497910322
weak_persistence,7,10,VAR1,0.26678217410114397,0.21278122448316109,0.07442743809025697
weak_persistence,8,1,ARHinc,0.27162383879793167,0.2161253315665789,0.07799783248368368
weak_persistence,8,1,KernelARH,0.2681166777139301,0.21362606615733562,0.07580515660691915
weak_persistence,8,1,PA,0.27479979041236813,0.21899032730708698,0.07992908962576158
weak_persistence,8,1,PM,0.3351889314702309,0.26658834275252785,0.11591749603656093
weak_persistence,8,1,VAR1,0.2694445541322371,0.21461015253159985,0.07675526489459845
weak_persistence,8,5,ARHinc,0.2696339805910739,0.21606331235654527,0.07708200185383789
weak_persistence,8,5,KernelARH,0.26702746964533314,0.21317101525045318,0.07527061527034123
weak_persistence,8,5,PA,0.27078526717389095,0.2169522647649992,0.07779955406229477
weak_persistence,8,5,PM,0.3682663217989456,0.2948305413261883,0.1448868320351727
weak_persistence,8,5,VAR1,0.2669797997880857,0.21313231522906828,0.0752301527503481
weak_persistence,8,10,ARHinc,0.26954343310724116,0.21475771234833732,0.07698640353268317
weak_persistence,8,10,KernelARH,0.2668504400408835,0.21285776632405695,0.07513258587890385
weak_persistence,8,10,PA,0.2711999775206452,0.2162812410993331,0.07785334195941725
weak_persistence,8,10,PM,0.3726741040010751,0.2976687283194223,0.14609597883376255
weak_persistence,8,10,VAR1,0.2668316786289821,0.2128411580885563,0.0751160084892579
weak_persistence,9,1,ARHinc,0.27437153406889864,0.22097120023459285,0.08047395593435665
weak_persistence,9,1,KernelARH,0.2710172911167989,0.2183763274560625,0.07905087862013156
weak_persistence,9,1,PA,0.27683764354008344,0.22251285197673856,0.08176690993899942
weak_persistence,9,1,PM,0.3408212404319822,0.2709886138833453,0.12259106723081935
weak_persistence,9,1,VAR1,0.27166293832410965,0.2188120649235645,0.07952571908875548
weak_persistence,9,5,ARHinc,0.27268735583976883,0.21918937293026983,0.08033428028464971
weak_persistence,9,5,KernelARH,0.2702779818412079,0.2173515648782365,0.07880123684892158
weak_persistence,9,5,PA,0.27604476052907845,0.22195067970855134,0.08216014121558367
weak_persistence,9,5,PM,0.36715147327214975,0.2951613116311863,0.1470966889888912
weak_persistence,9,5,VAR1,0.2702131635286171,0.21730636150251215,0.07876435002601095
weak_persistence,9,10,ARHinc,0.2698601268491005,0.21690810225849297,0.07776787857303458
weak_persistence,9,10,KernelARH,0.2646292527386543,0.21291591892299405,0.07470609641240387
weak_persistence,9,10,PA,0.27377377267317554,0.22004005712363886,0.07995363320145848
weak_persistence,9,10,PM,0.36623973035647905,0.29394483963555357,0.14320402573508031
weak_persistence,9,10,VAR1,0.2645201063277846,0.21283272047904916,0.07464370021075603
weak_persistence,10,1,ARHinc,0.26051041011742765,0.20883676424112385,0.07217765541402772
weak_persistence,10,1,KernelARH,0.25440460263394576,0.20358877152069843,0.06840426014293016
weak_persistence,10,1,PA,0.26339817091908524,0.2112416716089929,0.07385078490885376
weak_persistence,10,1,PM,0.33571903035347506,0.26867538277665354,0.11731886843091811
weak_persistence,10,1,VAR1,0.255045641972963,0.2040767018768461,0.06869206720966878
weak_persistence,10,5,ARHinc,0.260897656209146,0.20883278354280438,0.07196984836478135
weak_persistence,10,5,KernelARH,0.2560379072996387,0.20499584877014543,0.06923688181404321
weak_persistence,10,5,PA,0.2641200691510096,0.21182031315320948,0.07374068785396505
weak_persistence,10,5,PM,0.34965472397356234,0.28150278254138567,0.12930501156394753
weak_persistence,10,5,VAR1,0.2559668023820084,0.20494009308736622,0.06919720485949749
weak_persistence,10,10,ARHinc,0.2607768938751325,0.20870248946017878,0.07198851339385176
weak_persistence,10,10,KernelARH,0.25590221841146193,0.20482616725921485,0.06928566416970144
weak_persistence,10,10,PA,0.2629313493581823,0.21033008209972512,0.07305860917509516
weak_persistence,10,10,PM,0.3513876295709512,0.2816497197564321,0.12858649386851742
weak_persistence,10,10,VAR1,0.25587089979165273,0.2047970211272195,0.06927119012206248
weak_persistence,11,1,ARHinc,0.27457566909189324,0.22000589501211718,0.07971053908710465
weak_persistence,11,1,KernelARH,0.2729538803017816,0.21827188267275907,0.07902645685350936
weak_persistence,11,1,PA,0.27711735981607893,0.2223789966919735,0.08104367420417478
weak_persistence,11,1,PM,0.3482945735762871,0.2783479015719959,0.12622727758478935
weak_persistence,11,1,VAR1,0.27345967683050143,0.21854805891444656,0.079419487709209
weak_persistence,11,5,ARHinc,0.2749829217205765,0.22013938993294968,0.0807046364751377
weak_persistence,11,5,KernelARH,0.27197129322056496,0.21779015384019046,0.07880903411797008
weak_persistence,11,5,PA,0.2781121730595901,0.22232757427009842,0.08274992918766103
weak_persistence,11,5,PM,0.3603469788665127,0.28719806359303895,0.13838313726815626
weak_persistence,11,5,VAR1,0.27208302784268806,0.21787225820626469,0.07887727556197303
weak_persistence,11,10,ARHinc,0.27625441265524703,0.22142226384980263,0.08157474891442447
weak_persistence,11,10,KernelARH,0.27010000921807015,0.2160160094549541,0.07764772488392563
weak_persistence,11,10,PA,0.2794770562793403,0.22390184482677777,0.08349028408555362
weak_persistence,11,10,PM,0.3707919136634408,0.2965534071867309,0.14730701032484883
weak_persistence,11,10,VAR1,0.2702160463493014,0.2161090208727022,0.0777223311005387
weak_persistence,12,1,ARHinc,0.26894222083103037,0.2163118343978034,0.0772714922608591
weak_persistence,12,1,KernelARH,0.26642094316245146,0.21425119623644623,0.07572641097929679
weak_persistence,12,1,PA,0.2702393107831389,0.21718701403799145,0.07748561858667982
weak_persistence,12,1,PM,0.3341447397012499,0.2639214649596983,0.11704816383520397
weak_persistence,12,1,VAR1,0.2661301544568686,0.2139726172917096,0.07552499083840945
weak_persistence,12,5,ARHinc,0.26883087550984275,0.2153227749739437,0.07710062424088995
weak_persistence,12,5,KernelARH,0.26638073785259797,0.2138852835841215,0.07569970328454259
weak_persistence,12,5,PA,0.27168668656979306,0.21795710709967261,0.07884724823833117
weak_persistence,12,5,PM,0.3724819786498081,0.298069617800037,0.14865811708304807
weak_persistence,12,5,VAR1,0.2663226381179608,0.21383156914957377,0.07566829448017513
weak_persistence,12,10,ARHinc,0.26866787274143633,0.2157699307062186,0.07703059522221216
weak_persistence,12,10,KernelARH,0.26879266686212244,0.21582862571956565,0.07695687514232043
weak_persistence,12,10,PA,0.27143305065223555,0.2176645097102722,0.07914315927919932
weak_persistence,12,10,PM,0.3467542342582907,0.2785119565531475,0.12637503186004334
weak_persistence,12,10,VAR1,0.26879787904681907,0.21582617649926356,0.07697350832722204
weak_persistence,13,1,ARHinc,0.27060190938285994,0.21691044224496522,0.07794711379402083
weak_persistence,13,1,KernelARH,0.26807735860415405,0.21531719570716507,0.07679889530024657
weak_persistence,13,1,PA,0.2715743826367135,0.21774696028533616,0.07814774759817324
weak_persistence,13,1,PM,0.35295918345774413,0.28268934606516144,0.1323453449986635
weak_persistence,13,1,VAR1,0.2690049767118249,0.21584963331843593,0.07736265195072098
weak_persistence,13,5,ARHinc,0.27140227968215774,0.21741794242852644,0.07881408034540581
weak_persistence,13,5,KernelARH,0.2660342282437234,0.2135577744883718,0.07571413111081503
weak_persistence,13,5,PA,0.2738690718643822,0.21973624778644607,0.0802431862320149
weak_persistence,13,5,PM,0.37429210587595657,0.29818980429278996,0.15184443726921396
weak_persistence,13,5,VAR1,0.2660420746937535,0.21355945948356692,0.07571682122575894
weak_persistence,13,10,ARHinc,0.2660948855908936,0.21398775717927546,0.07523676795247324
weak_persistence,13,10,KernelARH,0.26454978974943844,0.2127515455969883,0.0747448430123714
weak_persistence,13,10,PA,0.26918950961197285,0.21646886160606266,0.07707739192020593
weak_persistence,13,10,PM,0.3712590664394554,0.29700132692781855,0.1465602984415138
weak_persistence,13,10,VAR1,0.2645684502652195,0.21275866045379627,0.07475082368645869
weak_persistence,14,1,ARHinc,0.25923092156761396,0.2059317348848454,0.07050564930045951
weak_persistence,14,1,KernelARH,0.2576475410800799,0.2049987023720369,0.06947583200054241
weak_persistence,14,1,PA,0.2613673677805219,0.20781967085928846,0.07173202683455496
weak_persistence,14,1,PM,0.334291106708401,0.26520220954509327,0.11690425930838452
weak_persistence,14,1,VAR1,0.2596294650366386,0.2065662493886903,0.0705188375919074
weak_persistence,14,5,ARHinc,0.2619627821945502,0.20851361770777613,0.07188751680192663
weak_persistence,14,5,KernelARH,0.2585444588689207,0.20542936125863348,0.06996800406274874
weak_persistence,14,5,PA,0.26540626120773825,0.2114938325532875,0.07380035297734457
weak_persistence,14,5,PM,0.3478194442226486,0.27692037544955855,0.12601968972748886
weak_persistence,14,5,VAR1,0.25857284769685246,0.20544982880434715,0.06996796897144296
weak_persistence,14,10,ARHinc,0.26437915284779384,0.21073845659314552,0.0733572341873435
weak_persistence,14,10,KernelARH,0.2610802061070939,0.20793883033929048,0.07151275961898369
weak_persistence,14,10,PA,0.267998374222212,0.21378452610590437,0.07525894522773564
weak_persistence,14,10,PM,0.36085063405472706,0.28637195928904213,0.13863794342646146
weak_persistence,14,10,VAR1,0.2610518946789536,0.20792400396013133,0.07148011221501173
weak_persistence,15,1,ARHinc,0.26425198459808175,0.2112758845601287,0.07385841050057673
weak_persistence,15,1,KernelARH,0.26224810479520866,0.20941040283123333,0.07329250405596918
weak_persistence,15,1,PA,0.2657307696379982,0.21228604686639146,0.07454457864977901
weak_persistence,15,1,PM,0.3393470603054722,0.2709021434103635,0.12066432823678809
weak_persistence,15,1,VAR1,0.26266372969038776,0.20986608834548728,0.0738295858276315
weak_persistence,15,5,ARHinc,0.2659831725372681,0.21310369250543623,0.07527666348132821
weak_persistence,15,5,KernelARH,0.261742781022845,0.2094585707151024,0.07313161444367607
weak_persistence,15,5,PA,0.2678342027203584,0.21480045679153967,0.07642446761863926
weak_persistence,15,5,PM,0.35189740610907816,0.28111574479366297,0.13197699597516171
weak_persistence,15,5,VAR1,0.2616330694962346,0.2093778567189783,0.07304755109963296
weak_persistence,15,10,ARHinc,0.2638900684610735,0.2102488938804952,0.07325549589371776
weak_persistence,15,10,KernelARH,0.25641852828937245,0.20467433805531368,0.06905905451068395
weak_persistence,15,10,PA,0.26893576642737005,0.21440453642666177,0.07596324251015814
weak_persistence,15,10,PM,0.3612603705262709,0.287919652056945,0.1396253090334559
weak_persistence,15,10,VAR1,0.2563383152461771,0.2046275720347701,0.06900215938380175
weak_persistence,16,1,ARHinc,0.2668211292972529,0.21321634944345405,0.0750497127464312
weak_persistence,16,1,KernelARH,0.2627068752253015,0.21036721803177605,0.0727086571558601
weak_persistence,16,1,PA,0.2687106187054574,0.21434775030524242,0.07628342549224797
weak_persistence,16,1,PM,0.3327482319863501,0.26467533481623473,0.11640593542073989
weak_persistence,16,1,VAR1,0.2624025950134542,0.21005081607997478,0.07266573419566463
weak_persistence,16,5,ARHinc,0.2671246709326478,0.21340177100030655,0.07574516407034539
weak_persistence,16,5,KernelARH,0.26492589583534404,0.21244898553595423,0.07428412316547908
weak_persistence,16,5,PA,0.27011177602530256,0.21559098824059394,0.07759978155718522
weak_persistence,16,5,PM,0.3539919265965777,0.2808566215857775,0.13169354352427023
weak_persistence,16,5,VAR1,0.2650141074770309,0.2125184185096993,0.07433938226335605
weak_persistence,16,10,ARHinc,0.26834403453794453,0.21554288914641556,0.07736298095692548
weak_persistence,16,10,KernelARH,0.2630626732025628,0.2108275375693302,0.07331813847037738
weak_persistence,16,10,PA,0.268327198968541,0.21534587068373742,0.07764924578538368
weak_persistence,16,10,PM,0.36174840061789726,0.29086557686849246,0.14028853481937462
weak_persistence,16,10,VAR1,0.26316364488419386,0.2109091737480926,0.07338887699449047
weak_persistence,17,1,ARHinc,0.27257485500621337,0.21829034796685717,0.07938804965097833
weak_persistence,17,1,KernelARH,0.2693484176621176,0.2157744211555737,0.07728068974795219
weak_persistence,17,1,PA,0.2754205721671541,0.2200479798475536,0.0815372965743691
weak_persistence,17,1,PM,0.33916337577158023,0.2703623525121925,0.1221167252493197
weak_persistence,17,1,VAR1,0.2686072407951526,0.21509910166675947,0.07658055904204425
weak_persistence,17,5,ARHinc,0.27276342555335736,0.21843629359290648,0.07929165044454758
weak_persistence,17,5,KernelARH,0.269082737615365,0.2154866126978043,0.0769260920427709
weak_persistence,17,5,PA,0.27477392013578184,0.2200730988196503,0.08056220161849381
weak_persistence,17,5,PM,0.3736370916058052,0.3000723134581627,0.14753608283147412
weak_persistence,17,5,VAR1,0.269053376351198,0.21547410451147953,0.07689016592065875
weak_persistence,17,10,ARHinc,0.2755980632534926,0.2205845877704954,0.08111417461361414
weak_persistence,17,10,KernelARH,0.27157233972501277,0.21759661222298993,0.07839527211348499
weak_persistence,17,10,PA,0.27728460269300953,0.22156259289605923,0.08217404446225551
weak_persistence,17,10,PM,0.36682155915157677,0.29449128593264473,0.14350211559730805
weak_persistence,17,10,VAR1,0.2714730796498401,0.2175200031962356,0.07831151893001602
weak_persistence,18,1,ARHinc,0.2578933367504972,0.20809141110225512,0.06933319025471434
weak_persistence,18,1,KernelARH,0.25501721720086845,0.2057500840300718,0.06771972266891026
weak_persistence,18,1,PA,0.25867622639446847,0.20860437913596785,0.06975292545838434
weak_persistence,18,1,PM,0.32492262626256974,0.26120615565076105,0.10931001974006048
weak_persistence,18,1,VAR1,0.25581803270000075,0.2062925589177679,0.0681118451627191
weak_persistence,18,5,ARHinc,0.25542075175247914,0.20590986465996408,0.06796332803414133
weak_persistence,18,5,KernelARH,0.2537479460232217,0.204712206011145,0.06716004944463025
weak_persistence,18,5,PA,0.25677518457508075,0.20683927243335057,0.06858626821676972
weak_persistence,18,5,PM,0.34239968349324607,0.27580171795673464,0.123215292267682
weak_persistence,18,5,VAR1,0.2537661863860398,0.20471606602783216,0.06717664915370765
weak_persistence,18,10,ARHinc,0.2594777882435988,0.20887516959025992,0.07007214301378219
weak_persistence,18,10,KernelARH,0.2551388765919444,0.20521104720134611,0.0678558037009653
weak_persistence,18,10,PA,0.26202750620579024,0.2108432881768782,0.07140088761862973
weak_persistence,18,10,PM,0.3558454781102465,0.28564905016852776,0.13288896708232353
weak_persistence,18,10,VAR1,0.2551561310411021,0.20521361050632433,0.06786832600004647
weak_persistence,19,1,ARHinc,0.27563242388272635,0.22184003328744925,0.08117127642353714
weak_persistence,19,1,KernelARH,0.27255091560374156,0.21922179414566373,0.07931933654620443
weak_persistence,19,1,PA,0.2760085973225715,0.2220168861521306,0.0814267220196448
weak_persistence,19,1,PM,0.35273233957608074,0.28256626877578334,0.13061102901724145
weak_persistence,19,1,VAR1,0.27217354221246776,0.2190025311258685,0.07893367685054939
weak_persistence,19,5,ARHinc,0.27347103178480486,0.2199874033691131,0.07924278256450278
weak_persistence,19,5,KernelARH,0.27257641329578175,0.21947466891122633,0.07902165503718653
weak_persistence,19,5,PA,0.27499969026682936,0.2210857733846744,0.07991724334816068
weak_persistence,19,5,PM,0.3673598297110265,0.2919615120057436,0.14183949314269226
weak_persistence,19,5,VAR1,0.27260343738945925,0.21949656592426972,0.07903646907225151
weak_persistence,19,10,ARHinc,0.27326151660278286,0.21882110274657754,0.07935192455174561
weak_persistence,19,10,KernelARH,0.26876762883905136,0.21577450631524073,0.07668113788662746
weak_persistence,19,10,PA,0.2758166198539649,0.22062344260888683,0.0808232842716639
weak_persistence,19,10,PM,0.3758850626030979,0.30083514671312184,0.1492517246182241
weak_persistence,19,10,VAR1,0.2687756327241352,0.21577771096839177,0.07668604984293989
weak_persistence,20,1,ARHinc,0.26012351370839204,0.2086128537280677,0.07045678643267636
weak_persistence,20,1,KernelARH,0.25905802876992523,0.20795268542953796,0.07000515672873017
weak_persistence,20,1,PA,0.26152532376982596,0.20936278134072955,0.07129155546284381
weak_persistence,20,1,PM,0.3324279515299277,0.2659936967168769,0.11492228828506439
weak_persistence,20,1,VAR1,0.2592568531045946,0.20832691678720977,0.07004695055137382
weak_persistence,20,5,ARHinc,0.2622421571348982,0.2094666567716869,0.07201660586959602
weak_persistence,20,5,KernelARH,0.25997626359336345,0.20828381768036608,0.07066418487910774
weak_persistence,20,5,PA,0.2641269304287379,0.2106945505186324,0.07298776536676103
weak_persistence,20,5,PM,0.3541508783107921,0.2825914816313127,0.13368935863597936
weak_persistence,20,5,VAR1,0.2600286362816107,0.20833350641873064,0.07069303819013584
weak_persistence,20,10,ARHinc,0.2614804061082986,0.20931843153731752,0.07141566554374842
weak_persistence,20,10,KernelARH,0.2574931403378786,0.20633952636808459,0.06920029094298749
weak_persistence,20,10,PA,0.2640855477705954,0.21145151561880385,0.07288844866033801
weak_persistence,20,10,PM,0.35842093636940503,0.28610847739007345,0.13677634304958225
weak_persistence,20,10,VAR1,0.2575185744125355,0.20636902102743154,0.06920489149265509
weak_persistence,21,1,ARHinc,0.2644032274842408,0.21180924915550475,0.07460808656929736
weak_persistence,21,1,KernelARH,0.26157166144003274,0.20954379077226487,0.07315406672350255
weak_persistence,21,1,PA,0.26640301823725687,0.2135558586663692,0.07591128446458727
weak_persistence,21,1,PM,0.34011258065054145,0.26997565199909895,0.121090812624931
weak_persistence,21,1,VAR1,0.26205147770306114,0.20987188722237562,0.07344843074698416
weak_persistence,21,5,ARHinc,0.26200362800614674,0.20916698448608387,0.07337897773945426
weak_persistence,21,5,KernelARH,0.2614111188107294,0.20901729119787693,0.07319449452461617
weak_persistence,21,5,PA,0.26398169238585373,0.21081315336548379,0.07430595513338438
weak_persistence,21,5,PM,0.36007709069438826,0.2860628575116305,0.13936513862388356
weak_persistence,21,5,VAR1,0.2613973508473164,0.2090102976407794,0.07317838638942642
weak_persistence,21,10,ARHinc,0.2632018369586277,0.21084868889884445,0.07427936930498812
weak_persistence,21,10,KernelARH,0.25957788212173927,0.20774146915479777,0.07202542371148339
weak_persistence,21,10,PA,0.2657978429530454,0.21283716108297074,0.07567714243937845
weak_persistence,21,10,PM,0.36151141330375847,0.2881261189387318,0.14000407800067255
weak_persistence,21,10,VAR1,0.25957074502833893,0.20774413840713027,0.07201791535351781
weak_persistence,22,1,ARHinc,0.26763087732951574,0.2150692982479832,0.07607872190878451
weak_persistence,22,1,KernelARH,0.26479498314577465,0.21284041978851906,0.07436455813378641
weak_persistence,22,1,PA,0.26831341449195373,0.21546497431906378,0.07624761416561937
weak_persistence,22,1,PM,0.33572701109862607,0.2688819190148494,0.11912472609036502
weak_persistence,22,1,VAR1,0.26475913643441623,0.21309736347477715,0.07435828128506235
weak_persistence,22,5,ARHinc,0.2719005662944867,0.21881212229903904,0.07872817969053421
weak_persistence,22,5,KernelARH,0.2694535117021588,0.21702579411457915,0.07716300389734392
weak_persistence,22,5,PA,0.2735584936500316,0.21988290886252304,0.07960210345163922
weak_persistence,22,5,PM,0.36252418193744174,0.28863559673616174,0.1391165806810176
weak_persistence,22,5,VAR1,0.26940941173094946,0.2169925771087688,0.07713468005104589
weak_persistence,22,10,ARHinc,0.27647637810926706,0.22250507143488538,0.08115729650791033
weak_persistence,22,10,KernelARH,0.27231933188790436,0.21907886184435915,0.07881191517711857
weak_persistence,22,10,PA,0.27828739047809015,0.22379329887530544,0.08212108046363693
weak_persistence,22,10,PM,0.36897391341549246,0.2959441358658165,0.1467264879154003
weak_persistence,22,10,VAR1,0.2722695755983946,0.21904010226247042,0.07877652091567199
weak_persistence,23,1,ARHinc,0.26617610501273814,0.2132639686528979,0.07392366482606354
weak_persistence,23,1,KernelARH,0.26559633203594285,0.21286276011184393,0.07381112753903532
weak_persistence,23,1,PA,0.2662182469165711,0.21320448272017534,0.07393723482687722
weak_persistence,23,1,PM,0.3388515347131481,0.2696491365630663,0.12065585183884017
weak_persistence,23,1,VAR1,0.2657877610489827,0.21303395633655772,0.07399954274930114
weak_persistence,23,5,ARHinc,0.271114408784021,0.21725622344022388,0.07743497993557817
weak_persistence,23,5,KernelARH,0.2674860868527354,0.21421334673732628,0.07538101381487063
weak_persistence,23,5,PA,0.27389600348526166,0.21930592327185433,0.07887289907661692
weak_persistence,23,5,PM,0.3621824452437713,0.28903336821687436,0.1388722300002626
weak_persistence,23,5,VAR1,0.2674864705952105,0.21421655059033984,0.07538058314419666
weak_persistence,23,10,ARHinc,0.26785514700670954,0.21427245235939135,0.07548058906180054
weak_persistence,23,10,KernelARH,0.26501019604359766,0.2122637179541758,0.0740600567822059
weak_persistence,23,10,PA,0.2702528303248438,0.2159999050544294,0.07660923643822055
weak_persistence,23,10,PM,0.358338484603935,0.2851521683239489,0.13411230681416156
weak_persistence,23,10,VAR1,0.2649774466334655,0.2122446522640455,0.0740394058791471
weak_persistence,24,1,ARHinc,0.2662298304026685,0.2142462668299098,0.07436809476309597
weak_persistence,24,1,KernelARH,0.26292592942590487,0.21164385348782197,0.07240849970548217
weak_persistence,24,1,PA,0.2671806620218016,0.21499721239978997,0.07495054716293517
weak_persistence,24,1,PM,0.3372911316815725,0.2705533931124535,0.11918521265921826
weak_persistence,24,1,VAR1,0.26320386879175955,0.21205549044059044,0.07260896560719031
weak_persistence,24,5,ARHinc,0.2647137322018247,0.21341449197134202,0.073243121546894
weak_persistence,24,5,KernelARH,0.26080612172704215,0.2099580401689579,0.0713156521988905
weak_persistence,24,5,PA,0.2668676373007009,0.21483232499481775,0.07424363402699032
weak_persistence,24,5,PM,0.3564904083622624,0.2839018466384214,0.13396837270170753
weak_persistence,24,5,VAR1,0.26075685548624145,0.2099167228987554,0.07128754093332647
weak_persistence,24,10,ARHinc,0.26379926996175224,0.2119590761768413,0.07309906244775004
weak_persistence,24,10,KernelARH,0.26169045594693424,0.2103101673308523,0.07168952905586733
weak_persistence,24,10,PA,0.26687096639440894,0.21428201327975765,0.0748859485453649
weak_persistence,24,10,PM,0.3614055241337541,0.28931693464052344,0.13834779573662986
weak_persistence,24,10,VAR1,0.26160561854885306,0.2102427011795634,0.07164393618576695
weak_persistence,25,1,ARHinc,0.2768284233490308,0.22200963556004424,0.08143658585279227
weak_persistence,25,1,KernelARH,0.2756755303867749,0.22089558427987552,0.08088942296081247
weak_persistence,25,1,PA,0.2797182482453976,0.22384881312008936,0.08315749249193335
weak_persistence,25,1,PM,0.3387837471199746,0.270757792488868,0.11924320294198404
weak_persistence,25,1,VAR1,0.27567829857236287,0.22072525349056396,0.08083710222667535
weak_persistence,25,5,ARHinc,0.2811745868780773,0.22463679076790086,0.08442685465350483
weak_persistence,25,5,KernelARH,0.27693680643183066,0.2219405601323432,0.08177308632947464
weak_persistence,25,5,PA,0.28430658471092096,0.22706241642700278,0.08633037253102027
weak_persistence,25,5,PM,0.37563123849418667,0.30165013938927054,0.1521835281481737
weak_persistence,25,5,VAR1,0.2769053486449815,0.22190590007491318,0.08175166474461523
weak_persistence,25,10,ARHinc,0.2809338316006071,0.22491203151929334,0.0847393060706593
weak_persistence,25,10,KernelARH,0.2738170504466997,0.21906650319152482,0.08000263794180648
weak_persistence,25,10,PA,0.2846099330948178,0.22764770265558326,0.0870855576378144
weak_persistence,25,10,PM,0.38578717491594156,0.3094784545094524,0.16144248820296508
weak_persistence,25,10,VAR1,0.27382979442426886,0.21907086530838327,0.08000399808126388
weak_persistence,26,1,ARHinc,0.2680843073054102,0.21447605947665177,0.07539458658590377
weak_persistence,26,1,KernelARH,0.2662380025479687,0.21303334480465802,0.07430308841607998
weak_persistence,26,1,PA,0.26903289396186314,0.21531714319458192,0.07579931409778672
weak_persistence,26,1,PM,0.3296649086576552,0.2620124231061192,0.11297277161308888
weak_persistence,26,1,VAR1,0.26652377567606156,0.21337244592195212,0.07449246643345789
weak_persistence,26,5,ARHinc,0.26895742299894937,0.21497831716685892,0.07592080776856566
weak_persistence,26,5,KernelARH,0.2680664804994294,0.214515013744821,0.07522244136925517
weak_persistence,26,5,PA,0.27051756219203293,0.21600005886135196,0.07681904944980719
weak_persistence,26,5,PM,0.35771451788582104,0.2839189747011619,0.13425601302945883
weak_persistence,26,5,VAR1,0.2681456708661726,0.21459429658854878,0.07527645530916095
weak_persistence,26,10,ARHinc,0.2694126907070923,0.21542193647983732,0.07591556691794005
weak_persistence,26,10,KernelARH,0.26748951334940557,0.21400840409095875,0.07493411772371868
weak_persistence,26,10,PA,0.27090450184148707,0.21664759252081306,0.07674286526528981
weak_persistence,26,10,PM,0.36323666523669706,0.29115830272763515,0.13968332517509896
weak_persistence,26,10,VAR1,0.2675012590668882,0.21403045276756721,0.07494756987493896
weak_persistence,27,1,ARHinc,0.2753262458637139,0.22120694312509956,0.0799851066953627
weak_persistence,27,1,KernelARH,0.2738784753857957,0.22044457676111648,0.07899228557462067
weak_persistence,27,1,PA,0.2762800986231881,0.2216695893395729,0.08045059785601626
weak_persistence,27,1,PM,0.3319669408070996,0.2642775266542965,0.11474621982314102
weak_persistence,27,1,VAR1,0.27351715881659444,0.22041105662782828,0.0789245526980652
weak_persistence,27,5,ARHinc,0.2749425828598821,0.22117098600054413,0.07949235040324658
weak_persistence,27,5,KernelARH,0.27164413607828053,0.21873022648732934,0.07758860628715203
weak_persistence,27,5,PA,0.27601519864461593,0.22149947335111236,0.08036145258072665
weak_persistence,27,5,PM,0.37582321844637195,0.3032932098783578,0.14948494150479635
weak_persistence,27,5,VAR1,0.2716837808347,0.21877543789497542,0.07761840909065261
weak_persistence,27,10,ARHinc,0.2755393922975176,0.221738128107401,0.07939343074992715
weak_persistence,27,10,KernelARH,0.2719424731886733,0.21862426257823664,0.07752574628438803
weak_persistence,27,10,PA,0.27795507054526486,0.22314712972802644,0.08061077237684279
weak_persistence,27,10,PM,0.3757226164211445,0.30122914428082803,0.14968167262703855
weak_persistence,27,10,VAR1,0.27187230436579973,0.2185817410598953,0.07749362206573857
weak_persistence,28,1,ARHinc,0.28179579825212936,0.22555610181189667,0.08476042312232311
weak_persistence,28,1,KernelARH,0.2755266734257147,0.22034103323126758,0.08122544044889721
weak_persistence,28,1,PA,0.28382656351702706,0.2271622223242894,0.08603215256087013
weak_persistence,28,1,PM,0.34944640702336516,0.2772201794639271,0.12804482687701152
weak_persistence,28,1,VAR1,0.2784857411496907,0.22259637072515195,0.08307701667847368
weak_persistence,28,5,ARHinc,0.2818894481028907,0.22555872013194636,0.08481119417709801
weak_persistence,28,5,KernelARH,0.2768908743692477,0.22181659549903768,0.08210881704663421
weak_persistence,28,5,PA,0.2838709750043361,0.22722235532772586,0.08601035221994763
weak_persistence,28,5,PM,0.3820425968266697,0.3032233069710914,0.1594374612265062
weak_persistence,28,5,VAR1,0.2768567808323764,0.22178328207948522,0.0821089794576881
weak_persistence,28,10,ARHinc,0.2807898785006304,0.22434215709977162,0.08248723905197534
weak_persistence,28,10,KernelARH,0.27653317368554187,0.22113270874840446,0.08021449201251872
weak_persistence,28,10,PA,0.2831904979330713,0.2261050822722767,0.08401338558651235
weak_persistence,28,10,PM,0.37656077795289217,0.2984793278285966,0.15276084886060798
weak_persistence,28,10,VAR1,0.27640151675919367,0.2210123515731942,0.08013549202362809
weak_persistence,29,1,ARHinc,0.2633492974927001,0.21094670701196996,0.07392460162447641
weak_persistence,29,1,KernelARH,0.2622879606568018,0.20984744678727366,0.07331215238123616
weak_persistence,29,1,PA,0.26349552292128703,0.21076590471225765,0.07366803237643363
weak_persistence,29,1,PM,0.31862405946314204,0.2539968076873562,0.10475948931927102
weak_persistence,29,1,VAR1,0.2624260171485028,0.20992804131480503,0.07340261937593476
weak_persistence,29,5,ARHinc,0.2650286010786861,0.21246233210075177,0.0744880411198101
weak_persistence,29,5,KernelARH,0.26060774977340345,0.20895902591989013,0.07195734075095449
weak_persistence,29,5,PA,0.26739880953434497,0.21420098358788658,0.07569871464610571
weak_persistence,29,5,PM,0.3555246773582806,0.28549310738157263,0.13311795268161822
weak_persistence,29,5,VAR1,0.2605908874132944,0.20894554396444812,0.07195256161952036
weak_persistence,29,10,ARHinc,0.26326374620515275,0.21009258306348122,0.07354382608232848
weak_persistence,29,10,KernelARH,0.2579751350969478,0.20614645046558436,0.07029009257057695
weak_persistence,29,10,PA,0.26506808794780956,0.21191717254410009,0.0745312831764555
weak_persistence,29,10,PM,0.35172779517287606,0.28246179128487126,0.1311196532907937
weak_persistence,29,10,VAR1,0.2580193732838225,0.2061885415595167,0.07031437507932796
weak_persistence,30,1,ARHinc,0.26641949894953343,0.2126228835868454,0.07523372596828987
weak_persistence,30,1,KernelARH,0.26449110093610734,0.21100330193287514,0.07422058575507201
weak_persistence,30,1,PA,0.26869040363702895,0.21401953558958514,0.07624052630291489
weak_persistence,30,1,PM,0.33064144676458623,0.2633462863111517,0.11337986098459217
weak_persistence,30,1,VAR1,0.26541864331515697,0.21199642193892698,0.07475463957012358
weak_persistence,30,5,ARHinc,0.2691584263538161,0.21520614555652468,0.0774047480318007
weak_persistence,30,5,KernelARH,0.2681070410462057,0.21427658412593903,0.07703903211068155
weak_persistence,30,5,PA,0.2715128411046527,0.2169531129878948,0.07872972151499023
weak_persistence,30,5,PM,0.3654410957230987,0.2927072077728409,0.14070707533032917
weak_persistence,30,5,VAR1,0.26807673519705144,0.21425053582740422,0.07701865401830872
weak_persistence,30,10,ARHinc,0.27188297909691694,0.2172323793196653,0.07859061029670752
weak_persistence,30,10,KernelARH,0.26863571125349456,0.21483797841839744,0.07717891201520034
weak_persistence,30,10,PA,0.27442292890950964,0.2193955318899688,0.07993617084197553
weak_persistence,30,10,PM,0.37683629067438845,0.299889845208734,0.15025086462098636
weak_persistence,30,10,VAR1,0.26861377522755203,0.2148176127098265,0.07716426615609456
weak_persistence,31,1,ARHinc,0.2697445201971837,0.214802035692877,0.07652727303485568
weak_persistence,31,1,KernelARH,0.2660448192000297,0.21240804258932475,0.0744391737061805
weak_persistence,31,1,PA,0.27050203396381295,0.2154999697799896,0.07694867323290616
weak_persistence,31,1,PM,0.33446529202328423,0.26594669740297544,0.11657623940087238
weak_persistence,31,1,VAR1,0.26677353296672346,0.21286801018032972,0.07491753855762572
weak_persistence,31,5,ARHinc,0.2752138174582623,0.2196353754197977,0.08089171721988907
weak_persistence,31,5,KernelARH,0.2718864088544864,0.2173589078539296,0.07908193662578361
weak_persistence,31,5,PA,0.2765451893135411,0.22074783170349396,0.08150283488258217
weak_persistence,31,5,PM,0.3565283325161736,0.28455809523201203,0.13425842199507357
weak_persistence,31,5,VAR1,0.2717677760110943,0.21726447783526123,0.07898845842059171
weak_persistence,31,10,ARHinc,0.27796982262056746,0.22202079188074544,0.08274783528715267
weak_persistence,31,10,KernelARH,0.27177675178968086,0.21699670156367606,0.07909194550540567
weak_persistence,31,10,PA,0.2806371114793802,0.22420356037984418,0.08441487388784814
weak_persistence,31,10,PM,0.37161646141387344,0.29608139209221557,0.1468480021148335
weak_persistence,31,10,VAR1,0.2716555806735207,0.21689811652659044,0.0789926861712646
weak_persistence,32,1,ARHinc,0.2755302776041075,0.221615939003212,0.08065056705453043
weak_persistence,32,1,KernelARH,0.2732776141365897,0.21977166959269914,0.07930439886954306
weak_persistence,32,1,PA,0.2786374426579519,0.22443195218167983,0.08227066165724262
weak_persistence,32,1,PM,0.331444664853169,0.265908103340969,0.11322620233091339
weak_persistence,32,1,VAR1,0.2733802503202986,0.21987831195179036,0.07941394074506888
weak_persistence,32,5,ARHinc,0.27584538084732235,0.22177865982919512,0.08063185290981834
weak_persistence,32,5,KernelARH,0.27224883766280666,0.21880291958367826,0.07859016132080662
weak_persistence,32,5,PA,0.2794418844297675,0.22468187931499253,0.08260435141664414
weak_persistence,32,5,PM,0.37511520039894786,0.30063631324090856,0.14946718328395128
weak_persistence,32,5,VAR1,0.272244680046435,0.21880064157195334,0.07858740334174409
weak_persistence,32,10,ARHinc,0.2762414517853859,0.22134395071134594,0.08089460887570163
weak_persistence,32,10,KernelARH,0.27221197261071,0.21841333655632883,0.07872102221186648
weak_persistence,32,10,PA,0.2793068456462813,0.2238300681550623,0.08295650197037643
weak_persistence,32,10,PM,0.37873946220049887,0.3041582755274168,0.152417095327189
weak_persistence,32,10,VAR1,0.27221672059644686,0.21841844098818455,0.07872195705005336
weak_persistence,33,1,ARHinc,0.271498028865084,0.21955891645743886,0.07796308924507564
weak_persistence,33,1,KernelARH,0.27072485030494986,0.2188432699996282,0.07789700592394494
weak_persistence,33,1,PA,0.27337150984447517,0.2208730420001041,0.07912793320808217
weak_persistence,33,1,PM,0.34190499298687127,0.2739964203491547,0.12161236843967022
weak_persistence,33,1,VAR1,0.271692743840439,0.2193290803059126,0.07835918321526626
weak_persistence,33,5,ARHinc,0.2726092868003271,0.22054948793581108,0.07939107012108147
weak_persistence,33,5,KernelARH,0.2675505475859487,0.2163532556633663,0.07624495816235187
weak_persistence,33,5,PA,0.27456526383848223,0.22160477955130625,0.08070767363593367
weak_persistence,33,5,PM,0.37386005292666147,0.30029570282908047,0.14921025467551835
weak_persistence,33,5,VAR1,0.2675050298048022,0.21631669090085073,0.07621988199991461
weak_persistence,33,10,ARHinc,0.26628089462392174,0.21449472857533097,0.07463960814591919
weak_persistence,33,10,KernelARH,0.2639384945718502,0.213000851176531,0.07378931606353369
weak_persistence,33,10,PA,0.26968771777706635,0.21711406880759496,0.07648664568330071
weak_persistence,33,10,PM,0.3671872826665332,0.29670647283631996,0.1438902425707068
weak_persistence,33,10,VAR1,0.26393038670818814,0.21299673224666718,0.07379170633565914
weak_persistence,34,1,ARHinc,0.2705677181408721,0.21672601410720344,0.07668479819056837
weak_persistence,34,1,KernelARH,0.2684969785349677,0.2150829738732828,0.07547628187480317
weak_persistence,34,1,PA,0.2727241200396885,0.21856732069829762,0.07795070887383665
weak_persistence,34,1,PM,0.3318823980265491,0.2642560934473119,0.1136335886463604
weak_persistence,34,1,VAR1,0.26820390231257557,0.21488660458119194,0.0752036717875116
weak_persistence,34,5,ARHinc,0.2714383989687341,0.21819020068002537,0.07710938035802517
weak_persistence,34,5,KernelARH,0.26818035843465987,0.21519814328712725,0.07527861587710714
weak_persistence,34,5,PA,0.2740585254547074,0.220248442466967,0.07869955720531366
weak_persistence,34,5,PM,0.37303132481789675,0.2993568349941081,0.14740385742713077
weak_persistence,34,5,VAR1,0.2681907107410071,0.2152047842085191,0.07527991229495298
weak_persistence,34,10,ARHinc,0.26960711134699233,0.21616610751828078,0.07599762445468512
weak_persistence,34,10,KernelARH,0.266842407522278,0.2141598452894771,0.0744664879650523
weak_persistence,34,10,PA,0.27288543034343044,0.21826160993756902,0.07758000735888769
weak_persistence,34,10,PM,0.3763559999321397,0.30119291584063196,0.14889932417823287
weak_persistence,34,10,VAR1,0.26682936028318077,0.214151068750175,0.07445569463333569
weak_persistence,35,1,ARHinc,0.2696449024993432,0.2157438870901068,0.07697059222677631
weak_persistence,35,1,KernelARH,0.266908731546958,0.21336576329773269,0.07530364901935785
weak_persistence,35,1,PA,0.27187770846167014,0.2172671704443993,0.07822769657270431
weak_persistence,35,1,PM,0.33495290171290054,0.26678846133419337,0.11603609894952228
weak_persistence,35,1,VAR1,0.26739143805417176,0.2135770825978737,0.07555903771393613
weak_persistence,35,5,ARHinc,0.2727844457917963,0.2176387335265058,0.0784528102467374
weak_persistence,35,5,KernelARH,0.26975332735694235,0.21567911455733843,0.07683787617939229
weak_persistence,35,5,PA,0.27591557291592245,0.2200976654407783,0.08046433965691917
weak_persistence,35,5,PM,0.3639637843505168,0.29023098483072285,0.14269967432281044
weak_persistence,35,5,VAR1,0.2697808155213331,0.2157086805934476,0.07685264941004341
weak_persistence,35,10,ARHinc,0.27540670554520347,0.2196256809075005,0.08020277940310833
weak_persistence,35,10,KernelARH,0.2716429502679629,0.21702746207219162,0.07802582806051181
weak_persistence,35,10,PA,0.28012177058965004,0.2235265252318416,0.08295897962129774
weak_persistence,35,10,PM,0.3655409874640106,0.29229792017243034,0.1407833035586151
weak_persistence,35,10,VAR1,0.27160534656657964,0.2170009131163447,0.07799677575991212
weak_persistence,36,1,ARHinc,0.2675929224319651,0.21520199632756407,0.07504422719974387
weak_persistence,36,1,KernelARH,0.2667059308454498,0.21465550632052574,0.07471709290156882
weak_persistence,36,1,PA,0.2719425976946448,0.21875422913285789,0.07784184487935561
weak_persistence,36,1,PM,0.34127184712496866,0.2688744116722684,0.12050253112503444
weak_persistence,36,1,VAR1,0.2674813212103979,0.2154071524751863,0.07521633821133959
weak_persistence,36,5,ARHinc,0.2743028946764964,0.22081864425736344,0.0789015633855682
weak_persistence,36,5,KernelARH,0.27049676286313384,0.21794331512021017,0.07711921997252127
weak_persistence,36,5,PA,0.2771496511554795,0.2230098953466283,0.0806026477387538
weak_persistence,36,5,PM,0.3533579186170614,0.28117304008413463,0.1309546615062847
weak_persistence,36,5,VAR1,0.27048970514049103,0.21796677753774443,0.07710581256602783
weak_persistence,36,10,ARHinc,0.2721638707549197,0.21907782225110503,0.0779914441310218
weak_persistence,36,10,KernelARH,0.2677133026669219,0.2155893762581255,0.07530293852277128
weak_persistence,36,10,PA,0.27582125546725755,0.22189273508001625,0.08029959618028311
weak_persistence,36,10,PM,0.36502399668848845,0.2909228475894655,0.14069850161588815
weak_persistence,36,10,VAR1,0.2676633234460963,0.21557354685628877,0.07526795472913855
weak_persistence,37,1,ARHinc,0.2709281108625265,0.21557065278797785,0.0779689050948211
weak_persistence,37,1,KernelARH,0.2696687865673509,0.2149426190289002,0.07716840010129167
weak_persistence,37,1,PA,0.2739552364470258,0.2180576191597939,0.07967649494658248
weak_persistence,37,1,PM,0.34292031707557474,0.26892467092469013,0.1227722216075627
weak_persistence,37,1,VAR1,0.27084338485697135,0.21588988649108196,0.07776847447935432
weak_persistence,37,5,ARHinc,0.27066913508558005,0.2156538211275551,0.07746055435275354
weak_persistence,37,5,KernelARH,0.2715858704003702,0.21633252487363716,0.07828160687626273
weak_persistence,37,5,PA,0.27314172619363747,0.21723697567215292,0.07915325590370269
weak_persistence,37,5,PM,0.3653804188365663,0.2900963060078988,0.1427965213136739
weak_persistence,37,5,VAR1,0.27157664780307855,0.21633671025937612,0.07827857547813406
weak_persistence,37,10,ARHinc,0.2756406713495827,0.2197580118738243,0.08039097572790291
weak_persistence,37,10,KernelARH,0.27001245354970466,0.21509558668760698,0.0769037770536469
weak_persistence,37,10,PA,0.27906511681394913,0.22276960195171744,0.08238091834660456
weak_persistence,37,10,PM,0.37137042414648164,0.2953470388141123,0.1504528875314206
weak_persistence,37,10,VAR1,0.2700133143986744,0.21510495702355534,0.0769013076076941
weak_persistence,38,1,ARHinc,0.26676234257946324,0.21377362144420248,0.0746759648582869
weak_persistence,38,1,KernelARH,0.2638806421293073,0.21140501956026062,0.07316218435491138
weak_persistence,38,1,PA,0.26718024759696346,0.21397144711611035,0.07494238722472935
weak_persistence,38,1,PM,0.3454722587219296,0.275359243524341,0.12501619251551954
weak_persistence,38,1,VAR1,0.2640332342984987,0.21154239958760454,0.07332785659544648
weak_persistence,38,5,ARHinc,0.2660022170243078,0.21279444059567793,0.07399088652762913
weak_persistence,38,5,KernelARH,0.2647328638024626,0.21186313114325353,0.07354298209463357
weak_persistence,38,5,PA,0.26768938140885257,0.21434697467881514,0.07486622517475049
weak_persistence,38,5,PM,0.3532865456189482,0.279188796533599,0.12974968442731466
weak_persistence,38,5,VAR1,0.2648435102728056,0.2119514272664185,0.073619507479936
weak_persistence,38,10,ARHinc,0.27095504563884465,0.21641962531699835,0.07699429476524071
weak_persistence,38,10,KernelARH,0.2654809355300002,0.21224386144464455,0.073898087757409
weak_persistence,38,10,PA,0.2727341399501345,0.21773183349553765,0.07807295397592287
weak_persistence,38,10,PM,0.3648970604168858,0.29072771879510856,0.1393362711747049
weak_persistence,38,10,VAR1,0.26560836713853286,0.21235549835735318,0.07398199825433999
weak_persistence,39,1,ARHinc,0.2847606154392607,0.23178704905321657,0.08845502031516533
weak_persistence,39,1,KernelARH,0.2862852181960404,0.23320720179028376,0.09005348149986371
weak_persistence,39,1,PA,0.2878399941216486,0.23373757905006595,0.08983111371732724
weak_persistence,39,1,PM,0.3372967251112098,0.27166178605290964,0.12089686145656948
weak_persistence,39,1,VAR1,0.2874777857530933,0.23384428013734715,0.09100475740520875
weak_persistence,39,5,ARHinc,0.2870655887278772,0.2340539284996602,0.08984637804403792
weak_persistence,39,5,KernelARH,0.2874725772567496,0.2346554311666752,0.09082513071621023
weak_persistence,39,5,PA,0.2889036159596153,0.23530903504598377,0.09100141175414832
weak_persistence,39,5,PM,0.3803624840793515,0.30811099365701317,0.16242118945735942
weak_persistence,39,5,VAR1,0.28762116087067696,0.2347892889763689,0.09094973850441443
weak_persistence,39,10,ARHinc,0.2991504111599926,0.24444027259323203,0.09876609810820224
weak_persistence,39,10,KernelARH,0.2942481727892446,0.24043877697751773,0.09582135494521671
weak_persistence,39,10,PA,0.301561580349125,0.24598488175884692,0.09954838780765812
weak_persistence,39,10,PM,0.39581142892155463,0.32125492925336907,0.17024219745608873
weak_persistence,39,10,VAR1,0.2943665507715151,0.24055583006954953,0.09586565907998967
weak_persistence,40,1,ARHinc,0.2542069060014847,0.20274592557678348,0.06732372200151977
weak_persistence,40,1,KernelARH,0.254274649051774,0.20328432199158175,0.06758125621134023
weak_persistence,40,1,PA,0.25648713832481485,0.20434376637097582,0.06851248495337395
weak_persistence,40,1,PM,0.3266325416719713,0.2596861048388524,0.1105266944516751
weak_persistence,40,1,VAR1,0.2548715266009673,0.20343617166698097,0.06798932809623807
weak_persistence,40,5,ARHinc,0.2587049813090942,0.2070341642436193,0.07004574726868719
weak_persistence,40,5,KernelARH,0.2552024911385748,0.20409089057744287,0.06810928501893714
weak_persistence,40,5,PA,0.2610155758222878,0.20886319870276485,0.07136843285191104
weak_persistence,40,5,PM,0.35842434402022494,0.2870117595859007,0.13546239786691683
weak_persistence,40,5,VAR1,0.25520470390582284,0.20409685246280954,0.06810963657405662
weak_persistence,40,10,ARHinc,0.25905857789715364,0.2073220529045896,0.06997015746794048
weak_persistence,40,10,KernelARH,0.2575337085861672,0.2061627409327387,0.06931872253740437
weak_persistence,40,10,PA,0.2611104671737144,0.2087832485023408,0.0710105611149045
weak_persistence,40,10,PM,0.3502626398399845,0.2778239556739655,0.12822720716907104
weak_persistence,40,10,VAR1,0.2574975176656618,0.2061410440648066,0.06929997912502187
weak_persistence,41,1,ARHinc,0.26615593403214993,0.21275620313065363,0.07414531364373296
weak_persistence,41,1,KernelARH,0.2662358732077028,0.21327212275378638,0.07434137299218681
weak_persistence,41,1,PA,0.26623702651469777,0.2132672078263057,0.07430653497656467
weak_persistence,41,1,PM,0.3377645502511471,0.26805978508829936,0.11875389992136155
weak_persistence,41,1,VAR1,0.2669987940089718,0.2140052026677813,0.07480702728942842
weak_persistence,41,5,ARHinc,0.2741977904623741,0.2205027056321424,0.07927021317694487
weak_persistence,41,5,KernelARH,0.2722641768634512,0.2184897120486009,0.07796012170553235
weak_persistence,41,5,PA,0.2752295346734605,0.2210924186607152,0.07993008211295513
weak_persistence,41,5,PM,0.3660291085093421,0.291227828308346,0.1454163322333149
weak_persistence,41,5,VAR1,0.27227420167419064,0.21849097811652585,0.07796289326762591
weak_persistence,41,10,ARHinc,0.27398558391678496,0.2187521433873985,0.07891957735991248
weak_persistence,41,10,KernelARH,0.2699141799305461,0.21603070521168488,0.07674362253075202
weak_persistence,41,10,PA,0.27591263922307807,0.22001195142319135,0.08000281181457432
weak_persistence,41,10,PM,0.37917867088759843,0.3035867080718885,0.15311529101897745
weak_persistence,41,10,VAR1,0.2698856139204569,0.21600454647873946,0.0767237289493348
weak_persistence,42,1,ARHinc,0.2690694357373739,0.21511666433705118,0.07735578279430219
weak_persistence,42,1,KernelARH,0.2666784586123573,0.2137512017873739,0.07564982302053953
weak_persistence,42,1,PA,0.2711095882083446,0.21676833798693707,0.07848016471770161
weak_persistence,42,1,PM,0.3330967400156364,0.2658120308411229,0.11532202019599257
weak_persistence,42,1,VAR1,0.26807916724081443,0.21498763122336217,0.07654242583576144
weak_persistence,42,5,ARHinc,0.2715127627727267,0.21794798279708436,0.07894791170385237
weak_persistence,42,5,KernelARH,0.26629636193139655,0.21360809451698537,0.07555845095856248
weak_persistence,42,5,PA,0.2745143600645232,0.22033282003669935,0.08089839487827102
weak_persistence,42,5,PM,0.35513386429082255,0.28273782044730467,0.13377733960626834
weak_persistence,42,5,VAR1,0.26625988860783034,0.21357878917896672,0.07553563168220091
weak_persistence,42,10,ARHinc,0.2697281791349477,0.21657246737300273,0.0780327261364458
weak_persistence,42,10,KernelARH,0.26599311578803086,0.2133770520361157,0.07555367800387407
weak_persistence,42,10,PA,0.27124203258440827,0.21774569636313595,0.07912779480623297
weak_persistence,42,10,PM,0.36069689345882,0.28822567935198296,0.13694597589383795
weak_persistence,42,10,VAR1,0.26597217233129977,0.21336395887956097,0.07554049979775944
weak_persistence,43,1,ARHinc,0.2674859970289131,0.2119141904400929,0.07508915877781905
weak_persistence,43,1,KernelARH,0.26787912256911045,0.21242102241736913,0.07559565905191906
weak_persistence,43,1,PA,0.2693225854015591,0.2136576310061073,0.0762464370318198
weak_persistence,43,1,PM,0.3322642504133868,0.2642367247172958,0.11360286694816642
weak_persistence,43,1,VAR1,0.26966923263988823,0.21386750320860493,0.07671531284369654
weak_persistence,43,5,ARHinc,0.269030887596877,0.21347632545956644,0.07697279809052261
weak_persistence,43,5,KernelARH,0.2688226002327589,0.2134737611977078,0.07685177407071266
weak_persistence,43,5,PA,0.2705312917809268,0.21441596308421865,0.07790249961110299
weak_persistence,43,5,PM,0.35762269818903175,0.2821550472833003,0.13503849306514087
weak_persistence,43,5,VAR1,0.2689116181189021,0.21354779186588405,0.07690683549142438
weak_persistence,43,10,ARHinc,0.26703027262981194,0.21237043683992965,0.07610927860848345
weak_persistence,43,10,KernelARH,0.26675719894606836,0.21209301760293733,0.07589747285598776
weak_persistence,43,10,PA,0.2700377040539807,0.21501565860954225,0.07802428808062384
weak_persistence,43,10,PM,0.35667808289351194,0.2817660617311781,0.13519134488658557
weak_persistence,43,10,VAR1,0.2668058723020975,0.21212842022234316,0.07592631686819218
weak_persistence,44,1,ARHinc,0.2612902744756056,0.20800498114357643,0.07126618387430356
weak_persistence,44,1,KernelARH,0.2587461639388885,0.20574536925993767,0.06988488150581017
weak_persistence,44,1,PA,0.262698692061913,0.2092518361951267,0.07217573126853932
weak_persistence,44,1,PM,0.3364839922842236,0.26545687408158136,0.11809548976205841
weak_persistence,44,1,VAR1,0.25869203120654444,0.2057710177088686,0.06984700502042188
weak_persistence,44,5,ARHinc,0.26264782289631067,0.20882830765770583,0.07214875395830406
weak_persistence,44,5,KernelARH,0.25936423203851405,0.20678066412434998,0.07033835157590988
weak_persistence,44,5,PA,0.26360349159803637,0.20953427704298053,0.07278293276783322
weak_persistence,44,5,PM,0.35070122095979717,0.2789880384070984,0.12870346251874712
weak_persistence,44,5,VAR1,0.2594204608489186,0.2068259832939045,0.07037252335589522
weak_persistence,44,10,ARHinc,0.26269179483964955,0.20930747281979087,0.07184031112150438
weak_persistence,44,10,KernelARH,0.26041385087888647,0.20732116858538283,0.07077421518007436
weak_persistence,44,10,PA,0.26379817650015674,0.21016948344653513,0.07230337254014416
weak_persistence,44,10,PM,0.3441793200392434,0.27368734106743525,0.12324081585942237
weak_persistence,44,10,VAR1,0.26043391651831643,0.20733768780899547,0.07079161386757787
weak_persistence,45,1,ARHinc,0.26958754937471296,0.2174756581286351,0.07634736022902519
weak_persistence,45,1,KernelARH,0.2676711122452075,0.21565380779201027,0.07507586896915673
weak_persistence,45,1,PA,0.2712976283779022,0.21879507499691023,0.07741053124624601
weak_persistence,45,1,PM,0.3355816874541972,0.2693531949240506,0.11708672284849957
weak_persistence,45,1,VAR1,0.2683516990800156,0.21619459411065536,0.07532832822639457
weak_persistence,45,5,ARHinc,0.27585060175648835,0.22196413953975674,0.08038950416366183
weak_persistence,45,5,KernelARH,0.2732037535673142,0.21983144112278752,0.07905968440508054
weak_persistence,45,5,PA,0.27817424351203585,0.22360004226219055,0.08160880778310452
weak_persistence,45,5,PM,0.3642450237829969,0.29205747935588594,0.14025993398391082
weak_persistence,45,5,VAR1,0.2731658957687449,0.2197902096496065,0.0790272643519675
weak_persistence,45,10,ARHinc,0.2754734259488414,0.22089625966297086,0.07996172544860435
weak_persistence,45,10,KernelARH,0.273521245121103,0.21938839979359614,0.07923792112686563
weak_persistence,45,10,PA,0.27685552559171245,0.22187958625687074,0.08057366370390887
weak_persistence,45,10,PM,0.3747739100587383,0.30094741334238706,0.14823654892650728
weak_persistence,45,10,VAR1,0.2734312078811469,0.21931089054699363,0.07917475717284003
weak_persistence,46,1,ARHinc,0.2689099325447302,0.21454409871254485,0.07815401762238536
weak_persistence,46,1,KernelARH,0.2690612868040447,0.21465277990171208,0.07868911458117185
weak_persistence,46,1,PA,0.27005173793759535,0.2152103025103632,0.07858376936392274
weak_persistence,46,1,PM,0.3321532449769332,0.26279298263678136,0.11681384738145875
weak_persistence,46,1,VAR1,0.26988003792098625,0.21539520840900014,0.07890030543450922
weak_persistence,46,5,ARHinc,0.27242419991181127,0.21721567324023658,0.0808399992806053
weak_persistence,46,5,KernelARH,0.27098204936365367,0.216591026113117,0.08030944879567399
weak_persistence,46,5,PA,0.2734900413468298,0.21811045801531068,0.08121689541699191
weak_persistence,46,5,PM,0.3717104649689167,0.29603307842249166,0.14805926192940583
weak_persistence,46,5,VAR1,0.27104062494481257,0.21665558931429357,0.08035416641003855
weak_persistence,46,10,ARHinc,0.2711796726033799,0.217503276211793,0.08044816807883284
weak_persistence,46,10,KernelARH,0.26928156989831853,0.21573447463056863,0.07942920150195676
weak_persistence,46,10,PA,0.2735863816109122,0.21915613072846551,0.08178520999474201
weak_persistence,46,10,PM,0.37945057920392383,0.30279737896288667,0.15793393818012233
weak_persistence,46,10,VAR1,0.26932719247596615,0.21579758056175147,0.07946216051216998
weak_persistence,47,1,ARHinc,0.25966453893365316,0.20660303606890298,0.07008613288856266
weak_persistence,47,1,KernelARH,0.2574622353689697,0.204975208646057,0.06878255346947909
weak_persistence,47,1,PA,0.26255832200660273,0.20904139889090426,0.07155301423139876
weak_persistence,47,1,PM,0.3254782442191312,0.25630634877470926,0.1095496782298127
weak_persistence,47,1,VAR1,0.2572686940247495,0.20473239140290406,0.06858625348764794
weak_persistence,47,5,ARHinc,0.26395013148274216,0.2104112344543692,0.07252126789183481
weak_persistence,47,5,KernelARH,0.2589973674356556,0.20614538663691442,0.06957890865705642
weak_persistence,47,5,PA,0.26635608979497194,0.21233260929025316,0.07386405175513132
weak_persistence,47,5,PM,0.35267913641319754,0.2796976900084541,0.12827587369169335
weak_persistence,47,5,VAR1,0.25902336652957375,0.20616025673070837,0.06959773535632433
weak_persistence,47,10,ARHinc,0.26320178055234594,0.2098661743689641,0.07204596785656497
weak_persistence,47,10,KernelARH,0.26251590818303683,0.2091909148002925,0.07206702012601052
weak_persistence,47,10,PA,0.2652858144374936,0.2115867898313306,0.0731272086312449
weak_persistence,47,10,PM,0.3548603752536716,0.2809669283357425,0.13323574052037504
weak_persistence,47,10,VAR1,0.26254363829355787,0.20919954340086044,0.07208809078042257
weak_persistence,48,1,ARHinc,0.2561977008571405,0.20561054756229383,0.0689630366864074
weak_persistence,48,1,KernelARH,0.25426423184305047,0.20463645761447843,0.06807730501387858
weak_persistence,48,1,PA,0.2576736040267683,0.20713130882014313,0.06962827947570359
weak_persistence,48,1,PM,0.3353801002993473,0.2674441303328,0.11746116984740448
weak_persistence,48,1,VAR1,0.25428574299190054,0.20462769165065936,0.06807885390030168
weak_persistence,48,5,ARHinc,0.260179088228558,0.20943131946609683,0.07135267902714543
weak_persistence,48,5,KernelARH,0.2574962059477188,0.20764325905802428,0.0700122676693716
weak_persistence,48,5,PA,0.2617079322133181,0.21049558855554854,0.07225771795468158
weak_persistence,48,5,PM,0.34761694721647146,0.27819347421160234,0.1264085077532766
weak_persistence,48,5,VAR1,0.2575883614734176,0.20771535918457973,0.07007146035645954
weak_persistence,48,10,ARHinc,0.2596318324189831,0.20894578045036064,0.07117645159260332
weak_persistence,48,10,KernelARH,0.25867003332391325,0.20864815559030758,0.07075009023085257
weak_persistence,48,10,PA,0.2619300480837555,0.21046394006490826,0.07270775654713747
weak_persistence,48,10,PM,0.35008195146294185,0.27873175997079097,0.13001783327612187
weak_persistence,48,10,VAR1,0.2587435445175871,0.20870906410900422,0.07079309650545465
weak_persistence,49,1,ARHinc,0.26719298152569915,0.21322730349262245,0.0763676024280744
weak_persistence,49,1,KernelARH,0.2661590870215287,0.21271092296606167,0.07578255778910759
weak_persistence,49,1,PA,0.269406205390924,0.21504683750214576,0.07746331792055754
weak_persistence,49,1,PM,0.3458416401018236,0.275373387170487,0.12677224945973545
weak_persistence,49,1,VAR1,0.2657095269766475,0.21198854046841126,0.07555119957383999
weak_persistence,49,5,ARHinc,0.27122429832960293,0.216300614706972,0.07864041082801758
weak_persistence,49,5,KernelARH,0.2686756297161399,0.21466219437528716,0.07713662922589534
weak_persistence,49,5,PA,0.27369820948269635,0.21821082353258328,0.07998225999167388
weak_persistence,49,5,PM,0.34831090687213745,0.2777711775325959,0.12711511610904183
weak_persistence,49,5,VAR1,0.26868289734479717,0.2146482154290897,0.07714185002431359
weak_persistence,49,10,ARHinc,0.2691505959711859,0.21411757350775243,0.07730539013272143
weak_persistence,49,10,KernelARH,0.2662867496271698,0.21197333640966423,0.0757040843278436
weak_persistence,49,10,PA,0.2725441464829337,0.21680276966034084,0.07897713819913944
weak_persistence,49,10,PM,0.37405018779716365,0.2963914130150048,0.15222583676023907
weak_persistence,49,10,VAR1,0.2662452748706592,0.21193414258759669,0.07568383281593684
weak_persistence,50,1,ARHinc,0.27784912353662755,0.2236024436292488,0.08137628069950877
weak_persistence,50,1,KernelARH,0.27570980196000533,0.2218315890243702,0.08035895697444054
weak_persistence,50,1,PA,0.2787755738370191,0.22414525121586276,0.08145234208681043
weak_persistence,50,1,PM,0.3473875693233998,0.27878740008608416,0.12657364252952158
weak_persistence,50,1,VAR1,0.27671606308584185,0.22264335413480146,0.08099425392550262
weak_persistence,50,5,ARHinc,0.27903431735162265,0.22386178130106632,0.08247277671625733
weak_persistence,50,5,KernelARH,0.275587236977505,0.22195831677283065,0.08046332738156224
weak_persistence,50,5,PA,0.282152514709413,0.22654432619910678,0.08446052446923484
weak_persistence,50,5,PM,0.3923210732170811,0.31488485651546005,0.16515792952027908
weak_persistence,50,5,VAR1,0.27557862385617765,0.22194389113402985,0.08046130714143308
weak_persistence,50,10,ARHinc,0.2837709786891548,0.22856288454427692,0.08530936408778177
weak_persistence,50,10,KernelARH,0.27565715998918566,0.22204113517032922,0.08007744406864799
weak_persistence,50,10,PA,0.2873997040574862,0.2313679803295388,0.08759784375928455
weak_persistence,50,10,PM,0.38972846185450494,0.31543701873982855,0.16362622745548105
weak_persistence,50,10,VAR1,0.27565558596775086,0.22203673616834552,0.08007969780597121
