Par,h,fecha,Modelo,TRAIN_SIZE,K0,RMSE,MAE,WRMSE_short,WRMSE_long
USDMXN,1,2025-06-06,PM,88,7,0.17915208944873126,0.11157692307692318,0.30089480294350057,0.08687792960454804
USDMXN,1,2025-06-06,PA,88,7,0.6113911989119561,0.49106875884034085,0.5825464398118253,0.6486921903096511
USDMXN,1,2025-06-06,VAR1,88,7,13.180579291069636,10.077722935146946,17.684179043753648,9.740087643374014
USDMXN,1,2025-06-06,ARHinc,88,7,0.6145746253795933,0.49224867694160934,0.5904976434708138,0.6496075216517938
USDMXN,1,2025-06-06,KernelARH,88,7,0.5993941099888882,0.48200784982362893,0.5489169088735512,0.646372057676452
USDMXN,5,2025-06-12,PM,88,6,0.0691958619260741,0.05444615384615381,0.08670381893649926,0.05262117831418859
USDMXN,5,2025-06-12,PA,88,6,0.606442495365,0.4929165074022373,0.561315931036935,0.65026559395633865
USDMXN,5,2025-06-12,VAR1,88,6,57.76862930519158,37.7253691278616,87.17955391676901,31.26014799624309
USDMXN,5,2025-06-12,ARHinc,88,6,0.6058598097851594,0.49186083059822167,0.5598515826397495,0.6500098658707628
USDMXN,5,2025-06-12,KernelARH,88,6,0.6679253566511412,0.5351005122409592,0.625915317563794,0.6943927695075836
USDMXN,10,2025-06-19,PM,88,6,0.7519552270325264,0.5134999999999994,1.1721956666208582,0.3816542349873338
USDMXN,10,2025-06-19,PA,88,6,0.9808978354965171,0.7785192199529223,1.3444497145246346,0.7574929765691625
USDMXN,10,2025-06-19,VAR1,88,6,71.25273823490201,48.48113032754451,107.90531438006434,38.211376279196735
USDMXN,10,2025-06-19,ARHinc,88,6,0.9685996098442976,0.7682762811553567,1.3239532722268872,0.7528326809362803
USDMXN,10,2025-06-19,KernelARH,88,6,0.7903433877712575,0.6327936468507729,0.952601810994469,0.7310338059999485
USDMXN,1,2025-06-09,PM,88,7,0.1879063801266674,0.12234615384615362,0.30464385540574135,0.11998787885036168
USDMXN,1,2025-06-09,PA,88,7,0.6219015431788975,0.4956970102937775,0.6116984325994795,0.6568762619025723
USDMXN,1,2025-06-09,VAR1,88,7,24.180013134529883,19.283949001767493,31.179475124987192,19.147792210534437
USDMXN,1,2025-06-09,ARHinc,88,7,0.6261712181193757,0.49935307138819285,0.6263756545692847,0.6573530006112565
USDMXN,1,2025-06-09,KernelARH,88,7,0.640770916117651,0.5156672556503485,0.658227285299031,0.6652395292945915
USDMXN,5,2025-06-13,PM,88,6,0.8058480781139832,0.5581538461538459,1.2895070616854825,0.40751016071323637
USDMXN,5,2025-06-13,PA,88,6,1.0157095069921436,0.8003204308359515,1.40990155893875,0.773019372498024
USDMXN,5,2025-06-13,VAR1,88,6,97.9675335699005,64.23046624255309,147.83639172722528,52.99705297113803
USDMXN,5,2025-06-13,ARHinc,88,6,1.0153352448948445,0.8057647781525494,1.3979334428006016,0.777990320400732
USDMXN,5,2025-06-13,KernelARH,88,6,0.8678418316770317,0.6827212904259109,1.1670800297495194,0.7153932118066294
USDMXN,10,2025-06-20,PM,88,6,0.6754995943174777,0.49642307692307663,1.0072051875827224,0.3728398913300364
USDMXN,10,2025-06-20,PA,88,6,0.9157182059082313,0.7445991494618606,1.1560067727185366,0.7549305040449525
USDMXN,10,2025-06-20,VAR1,88,6,96.91651690922829,67.26281173297821,147.01388103417577,51.78593595358508
USDMXN,10,2025-06-20,ARHinc,88,6,0.9181852308586885,0.7497201918690635,1.1475777359438954,0.7606806371215995
USDMXN,10,2025-06-20,KernelARH,88,6,0.6817379626175148,0.5634891184947942,0.7237515453318688,0.6839432438668853
USDMXN,1,2025-06-10,PM,88,7,0.08760768099448109,0.05606923076923086,0.0515551350595246,0.1227781802761142
USDMXN,1,2025-06-10,PA,88,7,0.6169349150476597,0.5054608936247302,0.5703500726792547,0.6585421550287675
USDMXN,1,2025-06-10,VAR1,88,7,75.98049250298646,61.19453682689469,95.7649564585322,63.484596099928126
USDMXN,1,2025-06-10,ARHinc,88,7,0.6130230098856929,0.5021489549551649,0.5648047840681903,0.6540610372755995
USDMXN,1,2025-06-10,KernelARH,88,7,0.612634863490851,0.5001632771614861,0.5685080203780607,0.6520561790366545
USDMXN,5,2025-06-16,PM,88,6,0.4572788242166075,0.34830769230769226,0.7048179124009059,0.2609487525579826
USDMXN,5,2025-06-16,PA,88,6,0.7837419063674108,0.6420201655838502,0.9214964849485918,0.7038123188156415
USDMXN,5,2025-06-16,VAR1,88,6,302.1875089016918,195.75326654008953,456.4581529053889,164.42099855088836
USDMXN,5,2025-06-16,ARHinc,88,6,0.7897054477434474,0.6446185662902802,0.9380127186008076,0.70333981123384115
USDMXN,5,2025-06-16,KernelARH,88,6,0.6484573318474137,0.5346292501783845,0.6400073329887522,0.6626253818778123
USDMXN,10,2025-06-23,PM,88,6,0.8870903388216835,0.652346153846154,1.3580666418869645,0.4799586464544011
USDMXN,10,2025-06-23,PA,88,6,1.1055237285542878,0.9008918900799049,1.489789010512782,0.821176460793949
USDMXN,10,2025-06-23,VAR1,88,6,265.1685174267649,182.51059936855805,402.87418090192784,142.11042555365657
USDMXN,10,2025-06-23,ARHinc,88,6,1.113989742026946,0.9022892632009928,1.5105599993044199,0.8218847683499824
USDMXN,10,2025-06-23,KernelARH,88,6,0.7531510919280893,0.6091912921022405,0.876756508217309,0.6940413917580927
USDMXN,1,2025-06-11,PM,88,7,0.1886089258838959,0.1502000000000001,0.26991918573297025,0.12786251614839458
USDMXN,1,2025-06-11,PA,88,7,0.6258334266291482,0.5076755191973761,0.6138126191152554,0.6565252710372625
USDMXN,1,2025-06-11,VAR1,88,7,81.23835450237424,62.86092435017503,107.08173872181672,63.4443280873933
USDMXN,1,2025-06-11,ARHinc,88,7,0.6232807482827243,0.507013407588276,0.5855207838765639,0.6635104906326931
USDMXN,1,2025-06-11,KernelARH,88,7,0.660971556584017,0.5366699737843653,0.7159718133424704,0.6632766323415883
USDMXN,5,2025-06-17,PM,88,6,0.7576552201973585,0.5046538461538462,1.232940035822058,0.36788126302419427
USDMXN,5,2025-06-17,PA,88,6,0.9803549661994257,0.7813044637256228,1.3386229642854832,0.7544745923865661
USDMXN,5,2025-06-17,VAR1,88,6,317.355620967028,204.13574538475646,479.1013764987928,173.8004981281886
USDMXN,5,2025-06-17,ARHinc,88,6,1.0177757414454178,0.8073691268098871,1.4143721798650177,0.7630211826486705
USDMXN,5,2025-06-17,KernelARH,88,6,0.6933242825140715,0.5709935382048973,0.750560455223665,0.6879513800300515
USDMXN,10,2025-06-24,PM,88,6,0.48853080368984536,0.33050000000000007,0.7759085423104335,0.24988047793837193
USDMXN,10,2025-06-24,PA,88,6,0.796527945300386,0.6394284439625643,0.9531018067676297,0.7090317574233989
USDMXN,10,2025-06-24,VAR1,88,6,278.6512796339087,188.15369622420278,423.6688652899634,149.65024213129635
USDMXN,10,2025-06-24,ARHinc,88,6,0.8241787856749325,0.662156156718704,1.0143000321518687,0.7149303448330832
USDMXN,10,2025-06-24,KernelARH,88,6,0.7533494902984635,0.6002253366695783,0.7258239289298726,0.7645837587481908
USDMXN,1,2025-06-12,PM,88,7,0.4828480510311866,0.31909999999999983,0.8083032099965289,0.24078853151470386
USDMXN,1,2025-06-12,PA,88,7,0.7771436557425611,0.6298409592597273,0.9587339119102112,0.695736935909298
USDMXN,1,2025-06-12,VAR1,88,7,85.82282215620971,66.10774360725904,114.12368456936677,66.14900980825341
USDMXN,1,2025-06-12,ARHinc,88,7,0.8463295134432902,0.6853884226897171,1.0855473147837984,0.719666208856498
USDMXN,1,2025-06-12,KernelARH,88,7,0.6359643167787008,0.5173759944521765,0.5923703712498639,0.6714769032352313
USDMXN,5,2025-06-18,PM,88,6,0.8477301990519245,0.6190769230769232,1.3332409737685316,0.4519538911954392
USDMXN,5,2025-06-18,PA,88,6,1.06351385774079,0.8536243800996628,1.4492428890589137,0.8001716021354802
USDMXN,5,2025-06-18,VAR1,88,6,325.4992720216585,209.39868693531938,490.8751919736908,179.34434709840852
USDMXN,5,2025-06-18,ARHinc,88,6,1.1859919496049836,0.9531241033444069,1.6477722220063524,0.8519998563322213
USDMXN,5,2025-06-18,KernelARH,88,6,0.6567083049707876,0.545067653592753,0.6629966556703388,0.6761699480710457
USDMXN,10,2025-06-25,PM,88,6,0.557463917424948,0.4146923076923077,0.8693054203907881,0.32300943999111315
USDMXN,10,2025-06-25,PA,88,6,0.8467231006552453,0.6879048970178552,1.0391395965515984,0.7382562432500326
USDMXN,10,2025-06-25,VAR1,88,6,271.03745457268843,183.90049083581454,411.6678613512743,146.76679871465166
USDMXN,10,2025-06-25,ARHinc,88,6,0.9510537464773463,0.7770260787849932,1.2217808621180917,0.7775198380081715
USDMXN,10,2025-06-25,KernelARH,88,6,0.7189004075325605,0.5725471690992037,0.6906624856920492,0.7299053712569309
USDMXN,1,2025-06-13,PM,88,7,0.6308404116731903,0.4441153846153846,1.0061309785482775,0.3235757796412092
USDMXN,1,2025-06-13,PA,88,7,0.8914273839610827,0.7053477930738539,1.1952084969037744,0.7316405573702397
USDMXN,1,2025-06-13,VAR1,88,7,27.62904836183109,21.252666063514543,36.867172510306936,21.197627010565917
USDMXN,1,2025-06-13,ARHinc,88,7,0.8260550597019691,0.652467197439213,1.0781432035517724,0.7086395233869749
USDMXN,1,2025-06-13,KernelARH,88,7,1.1116119429490394,0.9042239244507759,1.544528448734956,0.8323953838377559
USDMXN,5,2025-06-19,PM,88,6,0.7410238888498493,0.506807692307692,1.173331871767511,0.36953512513653564
USDMXN,5,2025-06-19,PA,88,6,0.9667934887479859,0.764373450442703,1.3299227596918848,0.7509655923830468
USDMXN,5,2025-06-19,VAR1,88,6,92.971964936359,59.81612530957025,140.18578179272242,51.29884786368698
USDMXN,5,2025-06-19,ARHinc,88,6,0.8547501353714414,0.6768597665105964,1.1320027892745084,0.7117184230763884
USDMXN,5,2025-06-19,KernelARH,88,6,1.1494684409298503,0.9061709845536432,1.6373050807507377,0.8218948679429965
USDMXN,10,2025-06-26,PM,88,6,0.10983759864874636,0.08643076923076916,0.13874266170591404,0.10105765184815999
USDMXN,10,2025-06-26,PA,88,6,0.6133095057631629,0.484483014756996,0.5641493785056703,0.6593483773224065
USDMXN,10,2025-06-26,VAR1,88,6,61.89612715998879,42.81783792066001,94.19201581488008,33.48938320411635
USDMXN,10,2025-06-26,ARHinc,88,6,0.6280611725694244,0.5006468896359494,0.5998487874942174,0.6619181618810687
USDMXN,10,2025-06-26,KernelARH,88,6,0.6170312986600734,0.49576153548128904,0.5740640091140735,0.6585411329541961
USDMXN,1,2025-06-16,PM,88,7,0.5001217063414126,0.3078846153846152,0.8607294258744502,0.2347434864702503
USDMXN,1,2025-06-16,PA,88,7,0.7614310033279084,0.6106493157536287,0.9414736901891196,0.6879488794659717
USDMXN,1,2025-06-16,VAR1,88,7,24.136911424011746,20.109836862204787,28.26922930616645,22.257318536320298
USDMXN,1,2025-06-16,ARHinc,88,7,0.8195113973979897,0.6544631258900514,1.0586071680068592,0.7012403950905222
USDMXN,1,2025-06-16,KernelARH,88,7,0.6145127185722691,0.5030554069460169,0.574943740084377,0.6535971648439702
USDMXN,5,2025-06-20,PM,88,6,0.18842510244330304,0.10836153846153855,0.33065270310280864,0.09233334232774411
USDMXN,5,2025-06-20,PA,88,6,0.6335102792155577,0.5152756214280816,0.6196751579624881,0.6610137509911796
USDMXN,5,2025-06-20,VAR1,88,6,112.29969953740348,72.4819714727227,169.1247340305294,61.90044075971497
USDMXN,5,2025-06-20,ARHinc,88,6,0.6629635655785093,0.5353585789299644,0.6927553655479781,0.6668427410854402
USDMXN,5,2025-06-20,KernelARH,88,6,0.7051949640980079,0.5810044171724043,0.7977406107895127,0.6772373163430523
USDMXN,10,2025-06-27,PM,88,6,0.6363159819194816,0.3998076923076921,1.0671398326351074,0.2981043471700501
USDMXN,10,2025-06-27,PA,88,6,0.8514719036508225,0.6763908222382715,1.1100084777484451,0.7146084356966325
USDMXN,10,2025-06-27,VAR1,88,6,120.51183958219771,81.10382818745711,182.4045897104904,65.82971711391514
USDMXN,10,2025-06-27,ARHinc,88,6,0.9385620010463497,0.7445313401881624,1.2578722523474166,0.7457813069057152
USDMXN,10,2025-06-27,KernelARH,88,6,0.6767774384576519,0.5391381706381483,0.6566840849621854,0.69353121893164
USDMXN,1,2025-06-17,PM,88,7,0.32418240354656935,0.1995384615384617,0.5462972843846206,0.14888499227401344
USDMXN,1,2025-06-17,PA,88,7,0.6876555690299391,0.5581707732947727,0.7691753387142813,0.6677913101587435
USDMXN,1,2025-06-17,VAR1,88,7,51.582009140271154,39.12191168561092,69.89895015554869,38.736863327883455
USDMXN,1,2025-06-17,ARHinc,88,7,0.6955588136879053,0.5703659465854012,0.7933178002052642,0.6687472198918833
USDMXN,1,2025-06-17,KernelARH,88,7,0.7835989603472351,0.6396438997486303,0.9529753819806678,0.6992925823425694
USDMXN,5,2025-06-23,PM,88,6,0.443277023125234,0.34419230769230785,0.6590523055474939,0.25658950941513076
USDMXN,5,2025-06-23,PA,88,6,0.7598852930933863,0.6214688517407377,0.8601999464328327,0.7067326846875553
USDMXN,5,2025-06-23,VAR1,88,6,163.45322003961132,104.97432015654077,246.2817914478179,90.52959434222782
USDMXN,5,2025-06-23,ARHinc,88,6,0.75424024153,0.6189484553114432,0.8554329395957141,0.7016132765362825
USDMXN,5,2025-06-23,KernelARH,88,6,0.8203220348119942,0.6562686207992594,0.9924818825641386,0.7175629433881102
USDMXN,10,2025-06-30,PM,88,6,0.10828368191574739,0.08235384615384597,0.14885488350268405,0.09852449585501527
USDMXN,10,2025-06-30,PA,88,6,0.6136318913387486,0.48589746480585444,0.5783052166534859,0.6554053972876781
USDMXN,10,2025-06-30,VAR1,88,6,111.99565570747215,77.67524777002406,170.05476638292794,61.23186356441613
USDMXN,10,2025-06-30,ARHinc,88,6,0.6106655088083286,0.4864107466772352,0.5731542030788095,0.6529043623615812
USDMXN,10,2025-06-30,KernelARH,88,6,0.6186761598935452,0.5019473212598079,0.572253126637907,0.659372685433365
USDMXN,1,2025-06-18,PM,88,7,0.12158338385967558,0.07226923076923064,0.19096707290425946,0.060296775217416214
USDMXN,1,2025-06-18,PA,88,7,0.6118970568129618,0.4925154101984483,0.5789002273621913,0.6501481395986075
USDMXN,1,2025-06-18,VAR1,88,7,2.2878624669570544,1.9076220734946625,2.093453232714065,2.4915433589252967
USDMXN,1,2025-06-18,ARHinc,88,7,0.614066160828045,0.4924621307288455,0.5822984474317477,0.6509619946240495
USDMXN,1,2025-06-18,KernelARH,88,7,0.6149182450449775,0.5007301901052811,0.5846299510757783,0.6512763786249468
USDMXN,5,2025-06-24,PM,88,6,0.2977473599960466,0.17886923076923061,0.4954179919895036,0.13735566263470253
USDMXN,5,2025-06-24,PA,88,6,0.6806474099714693,0.5460567512642254,0.7535662074015547,0.6687024377335561
USDMXN,5,2025-06-24,VAR1,88,6,23.92031818186601,15.445359165627643,35.83637385839275,13.317828594729251
USDMXN,5,2025-06-24,ARHinc,88,6,0.6824601685619314,0.5470917312816359,0.7574658963229418,0.6689463714704953
USDMXN,5,2025-06-24,KernelARH,88,6,0.6409245968185141,0.5244747068261453,0.6088012484377809,0.6751349395512154
USDMXN,10,2025-07-01,PM,88,6,0.4351317992198543,0.29334615384615365,0.7054805093726095,0.22051541274374042
USDMXN,10,2025-07-01,PA,88,6,0.73100854956912,0.5736995681892637,0.8700559758572661,0.6795467294878236
USDMXN,10,2025-07-01,VAR1,88,6,45.811506848757595,30.208341868355387,69.02720720816505,25.25989430005386
USDMXN,10,2025-07-01,ARHinc,88,6,0.7315266461147815,0.5742123896454433,0.8696828656503283,0.6800766490005024
USDMXN,10,2025-07-01,KernelARH,88,6,0.6637218666232373,0.5292741166952756,0.6359162868668511,0.6852780108874222
USDMXN,1,2025-06-19,PM,88,7,0.3749040133564445,0.2076692307692307,0.6362156226774489,0.16463570997705201
USDMXN,1,2025-06-19,PA,88,7,0.7158822203309358,0.5753080356261591,0.8543097279197347,0.673179226610842
USDMXN,1,2025-06-19,VAR1,88,7,23.757686285178753,17.246970905816084,33.44142623582362,16.636229397387414
USDMXN,1,2025-06-19,ARHinc,88,7,0.727785369852642,0.5849366921043777,0.8852652729936202,0.6747028854274459
USDMXN,1,2025-06-19,KernelARH,88,7,0.8683721724805816,0.6882069553660893,1.1697885296755308,0.7118220809795225
USDMXN,5,2025-06-25,PM,88,6,0.31852208291999534,0.24533076923076938,0.491733600255891,0.18001823791868346
USDMXN,5,2025-06-25,PA,88,6,0.689845983290087,0.5522477547677265,0.7563538460881073,0.6767412604674311
USDMXN,5,2025-06-25,VAR1,88,6,57.64226443887182,36.9410083704927,87.01293603483609,31.797473003485436
USDMXN,5,2025-06-25,ARHinc,88,6,0.6987632372716868,0.5605309443148255,0.7700045029417596,0.6806545319480211
USDMXN,5,2025-06-25,KernelARH,88,6,0.6308561477918387,0.5135177338898324,0.5887429989351406,0.6690036018863615
USDMXN,10,2025-07-02,PM,88,6,0.3433565650591683,0.25850000000000023,0.49192901904421094,0.20361381139463194
USDMXN,10,2025-07-02,PA,88,6,0.6890256807070511,0.5388275482204552,0.7382863974045543,0.6751156868409725
USDMXN,10,2025-07-02,VAR1,88,6,23.35988095974734,17.303414603072195,35.51658549533,13.029481510589076
USDMXN,10,2025-07-02,ARHinc,88,6,0.7002417630336355,0.5491365669510787,0.7555698846456241,0.6798644029853901
USDMXN,10,2025-07-02,KernelARH,88,6,0.6376433358143134,0.5139663875170416,0.5870811403410919,0.6705945651263477
USDMXN,1,2025-06-20,PM,88,7,0.2836843960080665,0.14160769230769218,0.48137515527865243,0.12306035338049849
USDMXN,1,2025-06-20,PA,88,7,0.6682481487047769,0.5356490494827244,0.7093948452347385,0.6668191480315757
USDMXN,1,2025-06-20,VAR1,88,7,41.398141960581135,30.538387794659307,56.688008628744385,30.62336016808614
USDMXN,1,2025-06-20,ARHinc,88,7,0.6788806674550512,0.5422678127742735,0.7332728488179926,0.6697467140065695
USDMXN,1,2025-06-20,KernelARH,88,7,0.6278478774076274,0.5116404087542892,0.6025286524445267,0.6591295093440784
USDMXN,5,2025-06-26,PM,88,6,0.7212332453726527,0.48057692307692346,1.1616384497617018,0.3508411845037745
USDMXN,5,2025-06-26,PA,88,6,0.9352695982839874,0.7417086664047857,1.2446955085385067,0.7423262389996402
USDMXN,5,2025-06-26,VAR1,88,6,149.76628510151141,96.09935445660567,225.6306153400149,82.38649545442513
USDMXN,5,2025-06-26,ARHinc,88,6,0.9146029321975905,0.7252987406424484,1.2094890368624143,0.7347444478544549
USDMXN,5,2025-06-26,KernelARH,88,6,0.6227847830404734,0.5029145043563047,0.5804632961481683,0.6612906052813714
USDMXN,10,2025-07-03,PM,88,6,0.9302763495534333,0.6052538461538459,1.507001508313924,0.45211497986030214
USDMXN,10,2025-07-03,PA,88,6,1.0908680563976711,0.8521729709301957,1.5464435385293211,0.7884993086867869
USDMXN,10,2025-07-03,VAR1,88,6,143.91845220193326,97.38395650853263,217.8490197761805,78.567059363648
USDMXN,10,2025-07-03,ARHinc,88,6,1.0667872000570342,0.8329411445054716,1.507296324443709,0.7788862900323905
USDMXN,10,2025-07-03,KernelARH,88,6,0.7194958976789474,0.5712810631556484,0.79507931239311,0.6904071772268482
USDMXN,1,2025-06-23,PM,88,7,0.1469790343500105,0.11442307692307703,0.17413905166726704,0.10493768326607471
USDMXN,1,2025-06-23,PA,88,7,0.6277987798697139,0.50479672596595,0.5940343590664627,0.6630038616479129
USDMXN,1,2025-06-23,VAR1,88,7,12.592222580594324,8.971992644982588,17.89261684242701,8.563637642786405
USDMXN,1,2025-06-23,ARHinc,88,7,0.6229080399115885,0.501055650278325,0.5886448328327174,0.660118631953236
USDMXN,1,2025-06-23,KernelARH,88,7,0.6786951919200681,0.5512030526142647,0.7114686786817953,0.67540322996901625
USDMXN,5,2025-06-27,PM,88,6,0.4974387380139619,0.35869230769230753,0.7688038689849085,0.2682034115342859
USDMXN,5,2025-06-27,PA,88,6,0.7922732072403076,0.6310003569358889,0.9699336551561121,0.7043592720280982
USDMXN,5,2025-06-27,VAR1,88,6,35.547391466723184,22.636146631055382,53.58057046190042,19.554756702924458
USDMXN,5,2025-06-27,ARHinc,88,6,0.8241161100069384,0.6548267348092889,1.025304176036776,0.7160808103293662
USDMXN,5,2025-06-27,KernelARH,88,6,0.6536394736275011,0.5213651710612174,0.643166094529855,0.6743378165114017
USDMXN,10,2025-07-04,PM,88,6,0.637740957478939,0.4613076923076924,0.9448953399292523,0.35467096227841427
USDMXN,10,2025-07-04,PA,88,6,0.8831329959761411,0.7120933387936261,1.1150087299595823,0.7354840731237158
USDMXN,10,2025-07-04,VAR1,88,6,23.20051232808313,15.927473841499628,35.241596585962945,12.59561643040221
USDMXN,10,2025-07-04,ARHinc,88,6,0.9209834875758436,0.745404762284959,1.1768696098270355,0.7506965694989151
USDMXN,10,2025-07-04,KernelARH,88,6,0.730083151381552,0.5752606763474944,0.7771865792837458,0.7015504163954892
USDMXN,1,2025-06-24,PM,88,7,0.40308322532507046,0.31880769230769224,0.5901493251247164,0.23367416039561956
USDMXN,1,2025-06-24,PA,88,7,0.7292100896216824,0.580885247578217,0.8145947699397983,0.6941070191157569
USDMXN,1,2025-06-24,VAR1,88,7,48.79449678483635,36.17613908122709,67.04886840857571,36.00553258273057
USDMXN,1,2025-06-24,ARHinc,88,7,0.7164513971471309,0.568079817772094,0.7765022720096441,0.6932524380995895
USDMXN,1,2025-06-24,KernelARH,88,7,0.6289847799693034,0.5096021225366246,0.5997674554844122,0.6623945835114478
USDMXN,5,2025-06-30,PM,88,6,0.4982336395862733,0.3648230769230767,0.7612154671958992,0.2754597253994625
USDMXN,5,2025-06-30,PA,88,6,0.7748334962092561,0.6090559831371363,0.930018431125692,0.7018137725214686
USDMXN,5,2025-06-30,VAR1,88,6,148.75135651330388,94.627637347511,223.8008527679357,82.06093033597705
USDMXN,5,2025-06-30,ARHinc,88,6,0.7923840304649874,0.6250154667092339,0.9443368108535842,0.7132695774490836
USDMXN,5,2025-06-30,KernelARH,88,6,0.6567191883856494,0.5246435598287124,0.6397677424141783,0.6791706282960076
USDMXN,10,2025-07-07,PM,88,6,0.6555164581633912,0.4839461538461542,0.9605569740077439,0.3713346036765176
USDMXN,10,2025-07-07,PA,88,6,0.8821576899982703,0.7071018781905346,1.1004091971708374,0.741770454405645
USDMXN,10,2025-07-07,VAR1,88,6,113.83314747663617,77.8257045099468,172.27407567988246,62.48406569670491
USDMXN,10,2025-07-07,ARHinc,88,6,0.905188961587738,0.7337655910505592,1.1205488288071785,0.757144351297032
USDMXN,10,2025-07-07,KernelARH,88,6,0.7130107529265877,0.5660162545608326,0.7574917588173461,0.6945315647962864
USDMXN,1,2025-06-25,PM,88,7,0.1448414252261364,0.11496153846153848,0.19573479846144043,0.10357643622196719
USDMXN,1,2025-06-25,PA,88,7,0.6184318484668766,0.4968773099455656,0.5786204901952645,0.6613426917463092
USDMXN,1,2025-06-25,VAR1,88,7,57.89060006854029,43.86037551036297,77.92326233989064,44.86981451725937
USDMXN,1,2025-06-25,ARHinc,88,7,0.614560516887787,0.48529151868212256,0.5633983037631051,0.6636749947013159
USDMXN,1,2025-06-25,KernelARH,88,7,0.632158506575137,0.5114140722605248,0.6027127556809845,0.6685158097945036
USDMXN,5,2025-07-01,PM,88,6,0.22162346793257612,0.15803076923076925,0.32352358677342247,0.13622517330621214
USDMXN,5,2025-07-01,PA,88,6,0.6255463208077182,0.4955165138160398,0.6064722069972485,0.6576412855061265
USDMXN,5,2025-07-01,VAR1,88,6,178.93281501867054,114.21716880035541,269.23703536984294,98.55217056433818
USDMXN,5,2025-07-01,ARHinc,88,6,0.634757134022769,0.5250134897412753,0.6083084567788204,0.6691655559772688
USDMXN,5,2025-07-01,KernelARH,88,6,0.6050209044274026,0.47922985733639206,0.557246263867213,0.6510392325763029
USDMXN,10,2025-07-08,PM,88,6,0.4259397754468259,0.3028846153846156,0.6381805068914974,0.24106932861732666
USDMXN,10,2025-07-08,PA,88,6,0.720534612646604,0.5606093278698437,0.8225927113036258,0.6834986839838446
USDMXN,10,2025-07-08,VAR1,88,6,143.66872717897243,98.89044564652609,217.38109393304003,78.85308581882111
USDMXN,10,2025-07-08,ARHinc,88,6,0.6321092553817361,0.5199447780478222,0.600914362607631,0.6763793579955111
USDMXN,10,2025-07-08,KernelARH,88,6,0.7169829577538305,0.5630096646682864,0.8171946779575063,0.67973757268357
USDMXN,1,2025-06-26,PM,88,7,0.10159061888852661,0.059630769230769244,0.12880706325127328,0.061684130008433605
USDMXN,1,2025-06-26,PA,88,7,0.6100457066346788,0.4889773521964615,0.563392826994438,0.6546438931544069
USDMXN,1,2025-06-26,VAR1,88,7,55.678865615242735,42.15809923249968,75.15354031188829,42.79435338120086
USDMXN,1,2025-06-26,ARHinc,88,7,0.6177887150262402,0.49496134772261735,0.5843838217423083,0.6564836135614505
USDMXN,1,2025-06-26,KernelARH,88,7,0.6075705815795249,0.4820470748803907,0.5547451193947868,0.6560323128016973
USDMXN,5,2025-07-02,PM,88,6,0.12115672463003008,0.09331538461538466,0.1620861730381534,0.08281387640440205
USDMXN,5,2025-07-02,PA,88,6,0.6101106565735477,0.48362633733905014,0.5725977949291285,0.6516578810995879
USDMXN,5,2025-07-02,VAR1,88,6,175.67105917125082,112.88229268680062,264.17062332235395,96.95843647679025
USDMXN,5,2025-07-02,ARHinc,88,6,0.6093039389521288,0.4816581159719088,0.5733069669142371,0.6510318436537054
USDMXN,5,2025-07-02,KernelARH,88,6,0.6008165524328988,0.47077974050496774,0.5418282599509668,0.6526888606830394
USDMXN,10,2025-07-09,PM,88,6,0.3370660030092256,0.22349230769230763,0.5091419887141042,0.18461941064279858
USDMXN,10,2025-07-09,PA,88,6,0.6762903554469906,0.5406944732431239,0.7359298922409101,0.6685069466020307
USDMXN,10,2025-07-09,VAR1,88,6,150.69137917316448,103.59052895412134,227.88329507960393,82.66781416897315
USDMXN,10,2025-07-09,ARHinc,88,6,0.6926201905776906,0.5534450887695237,0.7784249799871421,0.6719621459026532
USDMXN,10,2025-07-09,KernelARH,88,6,0.7071395589024608,0.5521655749550781,0.7973889560660039,0.6782013721395319
USDMXN,1,2025-06-27,PM,88,7,0.08187461097969845,0.0514615384615386,0.13377914344917977,0.04114395894796795
USDMXN,1,2025-06-27,PA,88,7,0.6064303782441168,0.4873658745890423,0.5603773110884973,0.652608786831589
USDMXN,1,2025-06-27,VAR1,88,7,41.44448234575708,31.31190742943355,56.243328209160424,31.10968319444876
USDMXN,1,2025-06-27,ARHinc,88,7,0.6083376182475775,0.48946907320667543,0.5688003227068925,0.6526718778020678
USDMXN,1,2025-06-27,KernelARH,88,7,0.6128799659239834,0.4878369216456813,0.5639621903878704,0.6603371014407328
USDMXN,5,2025-07-03,PM,88,6,0.22838067074345594,0.1371384615384617,0.36821115345131666,0.11655419992192963
USDMXN,5,2025-07-03,PA,88,6,0.630455875726112,0.5088302887109482,0.6336291708886524,0.6559883698636537
USDMXN,5,2025-07-03,VAR1,88,6,136.7770652477557,88.04304730601402,205.55001501536225,75.55696001673766
USDMXN,5,2025-07-03,ARHinc,88,6,0.6451183076984977,0.5225512570902816,0.6749476148893514,0.6586000515790721
USDMXN,5,2025-07-03,KernelARH,88,6,0.6737865573244297,0.5322457061899062,0.7292791987332576,0.6689268710408497
USDMXN,10,2025-07-10,PM,88,6,0.2785312957143376,0.17354615384615396,0.42609892602641203,0.1510120910672281
USDMXN,10,2025-07-10,PA,88,6,0.6502778320639884,0.5189639229058521,0.6728179523233104,0.6634095096422165
USDMXN,10,2025-07-10,VAR1,88,6,129.46420934768145,88.33423864602328,195.57851450122456,70.91814584333294
USDMXN,10,2025-07-10,ARHinc,88,6,0.6663825932165892,0.5349997375619938,0.7153870314651886,0.6659087450411529
USDMXN,10,2025-07-10,KernelARH,88,6,0.7286208431012009,0.578310951709552,0.8241798067006331,0.6879798529311422
USDMXN,1,2025-06-30,PM,88,7,0.142330769958302,0.09452307692307696,0.17951044347059006,0.0866380350300749
USDMXN,1,2025-06-30,PA,88,7,0.6264322903441848,0.5130052369562424,0.5959376449350114,0.6567274636373598
USDMXN,1,2025-06-30,VAR1,88,7,47.074999265785195,37.667772281799714,59.12369005352053,40.32140645946728
USDMXN,1,2025-06-30,ARHinc,88,7,0.6205185831993755,0.5064087913583806,0.5854573733717554,0.6546611498472867
USDMXN,1,2025-06-30,KernelARH,88,7,0.6132193988541547,0.49589237272222503,0.5699507138786605,0.6532740225360869
USDMXN,5,2025-07-04,PM,88,6,0.16514539048971383,0.10973846153846155,0.21677108866855793,0.10068703090792483
USDMXN,5,2025-07-04,PA,88,6,0.6103916479815928,0.4842515832056061,0.5666833835685793,0.652438711515327
USDMXN,5,2025-07-04,VAR1,88,6,150.46471629619614,98.06618908747252,226.38431117345723,82.97412990991988
USDMXN,5,2025-07-04,ARHinc,88,6,0.6152218024764073,0.4905910452290193,0.5743177394365067,0.6546432056274396
USDMXN,5,2025-07-04,KernelARH,88,6,0.6877293850920912,0.539635859882545,0.7200883741420125,0.6790964127186936
USDMXN,10,2025-07-11,PM,88,6,0.18544950587901082,0.12320000000000011,0.26952778108119524,0.11173539203226976
USDMXN,10,2025-07-11,PA,88,6,0.6197409879754793,0.49092345614107735,0.5950136368891896,0.6572167295673449
USDMXN,10,2025-07-11,VAR1,88,6,124.75769362498627,85.88759116590474,188.74815667928337,68.29768770645738
USDMXN,10,2025-07-11,ARHinc,88,6,0.6212633041029073,0.49167681991292,0.598894101019538,0.6568300829436388
USDMXN,10,2025-07-11,KernelARH,88,6,0.685612165952159,0.5486625242409643,0.708745835935854,0.6802448627068177
USDMXN,1,2025-07-01,PM,88,7,0.09583810467497952,0.06542307692307689,0.11005100876312808,0.06427147309170231
USDMXN,1,2025-07-01,PA,88,7,0.6051087005625538,0.4836506685177739,0.5557613024860444,0.6503273485001073
USDMXN,1,2025-07-01,VAR1,88,7,54.29235142749603,43.75757879854773,68.69895654856826,46.53848077868406
USDMXN,1,2025-07-01,ARHinc,88,7,0.6172187784892544,0.4958430283241417,0.5791984132892114,0.656130428354598
USDMXN,1,2025-07-01,KernelARH,88,7,0.6166790958110682,0.494025642896998,0.5770249454949071,0.655819905892348
USDMXN,5,2025-07-07,PM,88,6,0.17869556729038036,0.12223076923076934,0.24160318302229228,0.10471922702901294
USDMXN,5,2025-07-07,PA,88,6,0.6172195659144647,0.4903966530878112,0.5807806492772897,0.6548137605261907
USDMXN,5,2025-07-07,VAR1,88,6,167.37823565671843,108.51140631012808,251.72665207116097,92.38914762425311
USDMXN,5,2025-07-07,ARHinc,88,6,0.6489727444846769,0.5233542904809787,0.6372894430651614,0.668953336911745
USDMXN,5,2025-07-07,KernelARH,88,6,0.6751155361197726,0.5393965130307729,0.7012284941300834,0.675102043200544
USDMXN,10,2025-07-14,PM,88,6,0.20140573286470592,0.12890769230769233,0.2985076309647831,0.11949187342000758
USDMXN,10,2025-07-14,PA,88,6,0.6310410801103052,0.501258823178097,0.6181677078545011,0.6620369801331262
USDMXN,10,2025-07-14,VAR1,88,6,153.0620469176604,103.53892338296735,231.44075958594343,83.68078099063364
USDMXN,10,2025-07-14,ARHinc,88,6,0.6504993858699685,0.5240373506013848,0.662308008305704,0.6660472900884602
USDMXN,10,2025-07-14,KernelARH,88,6,0.6832156079602316,0.5515691952396569,0.7325621854679837,0.6762154132356627
USDMXN,1,2025-07-02,PM,88,7,0.07382991107424372,0.04565384615384598,0.12133525946294725,0.036540618575746114
USDMXN,1,2025-07-02,PA,88,7,0.5972328764784782,0.4749588938624028,0.5433336347537507,0.6466113916252814
USDMXN,1,2025-07-02,VAR1,88,7,24.119586281507424,19.5530904251861,30.606855840568862,20.50739281187159
USDMXN,1,2025-07-02,ARHinc,88,7,0.5990600346988757,0.47778353676713176,0.5491795777701499,0.6469167565224982
USDMXN,1,2025-07-02,KernelARH,88,7,0.6000669030281707,0.478171101000953,0.5545737085332993,0.6471670614519899
USDMXN,5,2025-07-08,PM,88,6,0.2738195995120203,0.17884615384615402,0.422582030061502,0.1380373802530429
USDMXN,5,2025-07-08,PA,88,6,0.6381970076178082,0.506232456733152,0.6648705401759301,0.6540450586054717
USDMXN,5,2025-07-08,VAR1,88,6,78.60690877283164,51.177050575752425,118.03095646931975,43.462790582881766
USDMXN,5,2025-07-08,ARHinc,88,6,0.6380041178585903,0.5064485789949139,0.6680864840220629,0.6538650533401469
USDMXN,5,2025-07-08,KernelARH,88,6,0.7185021794463987,0.565127003639883,0.8273833889279315,0.6780270941406236
USDMXN,10,2025-07-15,PM,88,6,0.20238218320030812,0.11919230769230782,0.3145636618808331,0.10885604441190858
USDMXN,10,2025-07-15,PA,88,6,0.6210816755206698,0.49773758625647024,0.6234838288954351,0.6491246471637102
USDMXN,10,2025-07-15,VAR1,88,6,84.93415999021394,57.37575268922323,128.17460603964645,46.475776987834806
USDMXN,10,2025-07-15,ARHinc,88,6,0.6239355048751324,0.5020018163578972,0.6295399962563837,0.6506679444020023
USDMXN,10,2025-07-15,KernelARH,88,6,0.6818151863585794,0.5499905310351075,0.754402144415355,0.6672382420383095
USDMXN,1,2025-07-03,PM,88,7,0.24879928966631218,0.1611999999999999,0.40757050078379925,0.11990986485185383
USDMXN,1,2025-07-03,PA,88,7,0.6329709105561098,0.5133677468395063,0.6462016706721394,0.6556043511560178
USDMXN,1,2025-07-03,VAR1,88,7,11.112170491030641,8.572292323266293,15.123881700802041,8.314701533765483
USDMXN,1,2025-07-03,ARHinc,88,7,0.6225450726154722,0.5055056920338654,0.6183399324786266,0.6532735823991925
USDMXN,1,2025-07-03,KernelARH,88,7,0.6311189449303286,0.5077679547074355,0.6416829432244183,0.6550050453057314
USDMXN,5,2025-07-09,PM,88,6,0.29786864683821734,0.18266153846153832,0.4785910510862939,0.1457683768162222
USDMXN,5,2025-07-09,PA,88,6,0.6452750705307247,0.5172952737696263,0.6826944943486014,0.6560415068257764
USDMXN,5,2025-07-09,VAR1,88,6,43.293969514717084,28.03077449533193,64.93577848884198,24.014350090393908
USDMXN,5,2025-07-09,ARHinc,88,6,0.6513189229407443,0.521592695044253,0.6991463045205396,0.6571194797130159
USDMXN,5,2025-07-09,KernelARH,88,6,0.7260606596484112,0.5712557739456808,0.837396445970481,0.6817051296900675
USDMXN,10,2025-07-16,PM,88,6,0.20417599403079062,0.12189999999999991,0.3290125398309651,0.10391628183558914
USDMXN,10,2025-07-16,PA,88,6,0.6157550862585754,0.4941316620241786,0.6151534777637426,0.6464260600185195
USDMXN,10,2025-07-16,VAR1,88,6,62.69821668871485,41.74432253651836,94.42241109725623,34.44692410245506
USDMXN,10,2025-07-16,ARHinc,88,6,0.6185004487321237,0.49679586195605885,0.6246047588614961,0.646748553679701
USDMXN,10,2025-07-16,KernelARH,88,6,0.6868023034732488,0.5542809770052912,0.7521128939344577,0.6707533953596727
USDMXN,1,2025-07-04,PM,88,7,0.07950417260457757,0.040769230769230815,0.1415660372662744,0.03556320833368213
USDMXN,1,2025-07-04,PA,88,7,0.5987501737555183,0.48297276917741927,0.5497312310701904,0.6462940685455093
USDMXN,1,2025-07-04,VAR1,88,7,61.59400315589665,44.013073831341714,88.89191532323288,39.57675583742992
USDMXN,1,2025-07-04,ARHinc,88,7,0.606318519808662,0.4943917726189084,0.5695517838052332,0.6480546919111541
USDMXN,1,2025-07-04,KernelARH,88,7,0.6046687575319835,0.4871700541725386,0.5640866990353671,0.6487823462721027
USDMXN,5,2025-07-10,PM,88,6,0.13964036913553224,0.09962307692307687,0.19758680246404564,0.09254002851417406
USDMXN,5,2025-07-10,PA,88,6,0.6094171521983922,0.48687351293867503,0.5675072630734235,0.6541398424364547
USDMXN,5,2025-07-10,VAR1,88,6,136.08422837993893,85.93577048066557,203.99884107113033,75.92693046145011
USDMXN,5,2025-07-10,ARHinc,88,6,0.6168565484638397,0.49747241834486333,0.5783973294157274,0.6582068986676665
USDMXN,5,2025-07-10,KernelARH,88,6,0.7086835421753395,0.5659595513879307,0.7910151929595011,0.6800455802353318
USDMXN,10,2025-07-17,PM,88,6,0.14010332725418176,0.1114307692307693,0.17781665487270876,0.10312747969347517
USDMXN,10,2025-07-17,PA,88,6,0.6159153299558219,0.49878581609291806,0.5852760780947786,0.6522268989926631
USDMXN,10,2025-07-17,VAR1,88,6,141.39389495254602,92.30387803166288,213.20509470884986,77.28945698599375
USDMXN,10,2025-07-17,ARHinc,88,6,0.6316618234041212,0.5200281570941713,0.6099759981932279,0.6590768611671931
USDMXN,10,2025-07-17,KernelARH,88,6,0.6970146465186684,0.557190760233112,0.7850888329671013,0.6723395043007234
USDMXN,1,2025-07-07,PM,88,7,0.1231713940316188,0.07961538461538474,0.15358913775212768,0.07530178676306053
USDMXN,1,2025-07-07,PA,88,7,0.6109939458806573,0.4991859803502682,0.5672280356806682,0.6500926893215672
USDMXN,1,2025-07-07,VAR1,88,7,12.448530736519302,8.56181919459512,18.32856021358589,7.389868747495404
USDMXN,1,2025-07-07,ARHinc,88,7,0.6077777771730499,0.49680546064215786,0.5601804059871033,0.6492694565334945
USDMXN,1,2025-07-07,KernelARH,88,7,0.6037573692220058,0.4844008766908959,0.5644642587477895,0.6474190108901227
USDMXN,5,2025-07-11,PM,88,6,0.15386957514026664,0.12326923076923076,0.21831973859477444,0.10475103524705873
USDMXN,5,2025-07-11,PA,88,6,0.6181595141693085,0.4965064321757559,0.5932102098030163,0.6560903425148502
USDMXN,5,2025-07-11,VAR1,88,6,48.868924359577974,31.9595256419827,72.85454317415007,27.96197767945557
USDMXN,5,2025-07-11,ARHinc,88,6,0.6191574394271371,0.49924291410679683,0.5932451677164374,0.6569258712216535
USDMXN,5,2025-07-11,KernelARH,88,6,0.6503651137197483,0.5235170061314277,0.6506791714522459,0.6661955758677114
USDMXN,10,2025-07-18,PM,88,6,0.2294594400223808,0.11503846153846171,0.4028811284010679,0.10104644164227501
USDMXN,10,2025-07-18,PA,88,6,0.6242502480781759,0.4980551921429593,0.6586090259658665,0.6435510099684139
USDMXN,10,2025-07-18,VAR1,88,6,76.40433114445939,48.57896808214236,114.65429248006127,42.7499917044986
USDMXN,10,2025-07-18,ARHinc,88,6,0.6234535537849276,0.4976365767235057,0.6578223152441035,0.6431547642084685
USDMXN,10,2025-07-18,KernelARH,88,6,0.8171931582878301,0.653110741099201,1.0262171765229557,0.7098558092275079
USDMXN,1,2025-07-08,PM,88,7,0.17211755262923342,0.12096153846153855,0.26511111084795136,0.09339820685300715
USDMXN,1,2025-07-08,PA,88,7,0.6097268433248768,0.48059608213492694,0.587108772919819,0.6479090279671584
USDMXN,1,2025-07-08,VAR1,88,7,57.6925133178924,40.34701501022591,83.86431655596732,36.60430026075643
USDMXN,1,2025-07-08,ARHinc,88,7,0.62175755358858,0.48957401720424826,0.6175036610153833,0.6506051806178228
USDMXN,1,2025-07-08,KernelARH,88,7,0.6444118943029734,0.5090875657106595,0.6762512935891805,0.6555239584042275
USDMXN,5,2025-07-14,PM,88,6,0.1507872609901881,0.12624615384615395,0.19918819063745455,0.11473644631128119
USDMXN,5,2025-07-14,PA,88,6,0.631014363623624,0.5082204156009903,0.608415919531942,0.6626364697623283
USDMXN,5,2025-07-14,VAR1,88,6,103.3593818350503,65.18665301813363,155.63771741853688,57.18220777894325
USDMXN,5,2025-07-14,ARHinc,88,6,0.6267641850767032,0.5030103367840637,0.6020166927323064,0.6602530434796389
USDMXN,5,2025-07-14,KernelARH,88,6,0.6478446099640573,0.5211063620657231,0.6659102538250802,0.6637855190729003
USDMXN,10,2025-07-21,PM,88,6,0.42083739779707713,0.20705384615384628,0.7437915891868762,0.17756487537187707
USDMXN,10,2025-07-21,PA,88,6,0.710598129899699,0.556102868870895,0.8931280378250013,0.6602119253870485
USDMXN,10,2025-07-21,VAR1,88,6,102.60652519166364,68.41076533966086,155.2620879735272,55.90259367595261
USDMXN,10,2025-07-21,ARHinc,88,6,0.7176517058384395,0.565114019995452,0.9010588288751864,0.6639281063538549
USDMXN,10,2025-07-21,KernelARH,88,6,0.8953364426468914,0.6904985668480296,1.2427551945541588,0.7182988633684698
USDMXN,1,2025-07-09,PM,88,7,0.07851610564816527,0.044907692307692225,0.12309758969728596,0.039954901813113
USDMXN,1,2025-07-09,PA,88,7,0.5985705351160873,0.4744763312356517,0.5518955914362388,0.6457179579900411
USDMXN,1,2025-07-09,VAR1,88,7,54.244980934632224,38.69359010846926,77.9280335753471,35.37295159808564
USDMXN,1,2025-07-09,ARHinc,88,7,0.6363358387631901,0.52444194752461,0.6351523128588717,0.656081370167984
USDMXN,1,2025-07-09,KernelARH,88,7,0.610487183653313,0.49311687586141456,0.5844226006420455,0.649009120653811
USDMXN,5,2025-07-15,PM,88,6,0.19360459804616076,0.12260769230769251,0.28014251965758785,0.10432665563114556
USDMXN,5,2025-07-15,PA,88,6,0.6375777202105708,0.5185405145640387,0.6332470095234153,0.6540353400541797
USDMXN,5,2025-07-15,VAR1,88,6,91.73005566874292,59.44620699168616,138.53480498535376,50.3147860641861
USDMXN,5,2025-07-15,ARHinc,88,6,0.6436167161165686,0.5258084606874497,0.6430476784435866,0.6557953712224357
USDMXN,5,2025-07-15,KernelARH,88,6,0.6633303420723463,0.5394188543747653,0.7146383878130144,0.6620121660189012
USDMXN,10,2025-07-22,PM,88,6,0.524344205797915,0.39542307692307704,0.762683017743314,0.4521982920425482
USDMXN,10,2025-07-22,PA,88,6,0.774273204662346,0.600995435357752,0.9358767674471276,0.7630210943168426
USDMXN,10,2025-07-22,VAR1,88,6,81.88126600534355,57.56373468957186,123.78240542568713,44.81816387864866
USDMXN,10,2025-07-22,ARHinc,88,6,0.7643533055744364,0.5934792820385538,0.9140320619088673,0.7614481503039545
USDMXN,10,2025-07-22,KernelARH,88,6,1.080117553964896,0.8439580771067803,1.5002132582523127,0.8647074632670066
USDMXN,1,2025-07-10,PM,88,7,0.06321407462558652,0.04582307692307681,0.09252974603401432,0.03785224077987734
USDMXN,1,2025-07-10,PA,88,7,0.5994659855498701,0.48154898529059714,0.542683569452046,0.6497483925273271
USDMXN,1,2025-07-10,VAR1,88,7,51.32938689013862,37.69440292152114,72.66982390353533,35.34718466534223
USDMXN,1,2025-07-10,ARHinc,88,7,0.6242364438734049,0.5116584100073399,0.6133632579908441,0.6557897685456007
USDMXN,1,2025-07-10,KernelARH,88,7,0.6264562503069564,0.510767964598299,0.6198487613519928,0.6553246388302137
USDMXN,5,2025-07-16,PM,88,6,0.16296486761545598,0.10670769230769242,0.2406205840906421,0.09068962100558452
USDMXN,5,2025-07-16,PA,88,6,0.6237797322599302,0.5106658283945701,0.6090929236976692,0.6497677334700849
USDMXN,5,2025-07-16,VAR1,88,6,83.75044475819631,56.04316240444608,126.2816181024733,46.02859502627036
USDMXN,5,2025-07-16,ARHinc,88,6,0.6039477384596664,0.4901517048434998,0.5656332648006247,0.6474786252281071
USDMXN,5,2025-07-16,KernelARH,88,6,0.6568411603341855,0.5333498167936387,0.6903471470347283,0.661893270063161
USDMXN,10,2025-07-23,PM,88,6,0.5533000733362017,0.4293076923076923,0.7880519385604454,0.49178943915533374
USDMXN,10,2025-07-23,PA,88,6,0.7684217818983221,0.5907831786507267,0.9179259490637223,0.767835239036917
USDMXN,10,2025-07-23,VAR1,88,6,68.85225252207353,51.1142285815023,103.31611124124228,38.681631933720915
USDMXN,10,2025-07-23,ARHinc,88,6,0.8683200163777774,0.6610704044074089,1.1103751341067747,0.8110558549106107
USDMXN,10,2025-07-23,KernelARH,88,6,1.0749246881609642,0.8383991438985403,1.4923887092853767,0.8642913920633747
USDMXN,1,2025-07-11,PM,88,7,0.1560277958471601,0.0943076923076924,0.25833964392310604,0.07230285754974654
USDMXN,1,2025-07-11,PA,88,7,0.616252018208784,0.5032367493986442,0.5941158968903206,0.6524571615725387
USDMXN,1,2025-07-11,VAR1,88,7,34.573933726031854,25.37241221104463,48.97805581575947,23.683075695391302
USDMXN,1,2025-07-11,ARHinc,88,7,0.608026629549207,0.49518764368054063,0.5731105523462114,0.6505484150750535
USDMXN,1,2025-07-11,KernelARH,88,7,0.597997284064956,0.4789332146854078,0.5466146223471976,0.6483028722402493
USDMXN,5,2025-07-17,PM,88,6,0.11512472333550659,0.07757692307692296,0.16779026601207223,0.06421803427461949
USDMXN,5,2025-07-17,PA,88,6,0.6064158856002062,0.4944632459746176,0.5634408533383046,0.6472497423117832
USDMXN,5,2025-07-17,VAR1,88,6,55.72953452256927,38.72696324471715,83.83747957765348,30.877102318110254
USDMXN,5,2025-07-17,ARHinc,88,6,0.6009654355663271,0.48711367064164907,0.5555999464148418,0.6455213211045404
USDMXN,5,2025-07-17,KernelARH,88,6,0.6596595269925236,0.5355298924635385,0.7082324459848162,0.661129408434577
USDMXN,10,2025-07-24,PM,88,6,0.5295021246416297,0.43688461538461526,0.6943683610113649,0.4925807011681959
USDMXN,10,2025-07-24,PA,88,6,0.7470744763379026,0.5783759199545326,0.8288344866738985,0.7686574406421235
USDMXN,10,2025-07-24,VAR1,88,6,41.09245527435111,31.03929510029311,61.46538674468429,23.383477410965757
USDMXN,10,2025-07-24,ARHinc,88,6,0.7739891663476672,0.5985028843496395,0.8861263138349615,0.7783783546408819
USDMXN,10,2025-07-24,KernelARH,88,6,1.0309519239286544,0.8230058796152001,1.3565217962673086,0.860053352179787
USDMXN,1,2025-07-14,PM,88,7,0.12879265536870907,0.08503846153846151,0.164679600061909,0.0787933047269081
USDMXN,1,2025-07-14,PA,88,7,0.6144147798079852,0.49554173426825365,0.5709281897889346,0.6540916643750889
USDMXN,1,2025-07-14,VAR1,88,7,7.494024146019118,5.312481329386891,10.908720326643447,4.641554714955859
USDMXN,1,2025-07-14,ARHinc,88,7,0.6101985048076021,0.49369670598957777,0.5713672444361844,0.6517611548718906
USDMXN,1,2025-07-14,KernelARH,88,7,0.6122444014676779,0.4945111827360249,0.5782228726020153,0.6522689905889145
USDMXN,5,2025-07-18,PM,88,6,0.30073266303377255,0.18723076923076917,0.5185853769270562,0.14650220207799666
USDMXN,5,2025-07-18,PA,88,6,0.6377974899291187,0.5131786045641569,0.6836517974581681,0.6504192192450489
USDMXN,5,2025-07-18,VAR1,88,6,5.37088457671708,3.8529315846437338,8.201595176901442,2.968428856400183
USDMXN,5,2025-07-18,ARHinc,88,6,0.6547594408319445,0.5294614499870434,0.7207159733297142,0.6560612461702973
USDMXN,5,2025-07-18,KernelARH,88,6,0.7448821049599099,0.5964727846971353,0.896268588781227,0.6847863153444838
USDMXN,10,2025-07-25,PM,88,6,0.5996975118918126,0.5183307692307694,0.7720056967759732,0.5128359821254607
USDMXN,10,2025-07-25,PA,88,6,0.7893601887387764,0.6231846504789121,0.8610391443450276,0.7867133722942902
USDMXN,10,2025-07-25,VAR1,88,6,10.096619533926507,7.175777863613963,14.916911040019079,5.848898419186437
USDMXN,10,2025-07-25,ARHinc,88,6,0.8204227929002798,0.6526799740346125,0.9156017738947337,0.7999699539139276
USDMXN,10,2025-07-25,KernelARH,88,6,0.9851795587678016,0.8040018710675683,1.198694772319475,0.8551429520995212
USDMXN,1,2025-07-15,PM,88,7,0.07642423347040163,0.05669230769230763,0.12011163479012732,0.04865730845654287
USDMXN,1,2025-07-15,PA,88,7,0.6007925278137727,0.4819975561769542,0.5572055342063872,0.6455857816111452
USDMXN,1,2025-07-15,VAR1,88,7,61.738239795782725,44.375338253548335,88.4853028423174,40.33824554286781
USDMXN,1,2025-07-15,ARHinc,88,7,0.6353812156520693,0.5159890938269811,0.6528585042954826,0.6550718573666491
USDMXN,1,2025-07-15,KernelARH,88,7,0.6074438185583335,0.4902575707742086,0.5842852754140394,0.6453617525711843
USDMXN,5,2025-07-21,PM,88,6,0.4501242883915508,0.2904230769230771,0.7686847758760189,0.2151491346328065
USDMXN,5,2025-07-21,PA,88,6,0.724066131534467,0.5789514948167505,0.9060776666235052,0.6703010209499988
USDMXN,5,2025-07-21,VAR1,88,6,110.71618784790216,79.1372576676739,166.00979802276285,62.01478415533901
USDMXN,5,2025-07-21,ARHinc,88,6,0.7721867429914041,0.6133499868658459,0.9920006793677977,0.6897188816332841
USDMXN,5,2025-07-21,KernelARH,88,6,0.8318764146571047,0.6440285401238514,1.1276340565211318,0.6980839229622583
USDMXN,10,2025-07-28,PM,88,6,0.4604585089468306,0.39274615384615386,0.4192872467895215,0.48916709291222304
USDMXN,10,2025-07-28,PA,88,6,0.7077044357131923,0.5536383555223268,0.6119514341861146,0.7815947237366841
USDMXN,10,2025-07-28,VAR1,88,6,102.43501456134237,76.65500237434898,152.93179009128144,58.4180797748714
USDMXN,10,2025-07-28,ARHinc,88,6,0.748877841094354,0.5789414975433275,0.6575170085926919,0.8090794765418547
USDMXN,10,2025-07-28,KernelARH,88,6,0.7764784623499851,0.6095241593375458,0.7382395368959067,0.7976971453169733
USDMXN,1,2025-07-16,PM,88,7,0.08568328308369144,0.06041538461538462,0.10582718249756279,0.059409657218208706
USDMXN,1,2025-07-16,PA,88,7,0.5949601571352973,0.4780019716123971,0.5385254307137975,0.6449071079022402
USDMXN,1,2025-07-16,VAR1,88,7,68.94861654047367,47.31453363677539,100.64916085460088,41.47053816907246
USDMXN,1,2025-07-16,ARHinc,88,7,0.6003095026858554,0.48390690453831847,0.5479209968189377,0.6460980104914587
USDMXN,1,2025-07-16,KernelARH,88,7,0.6110200367112563,0.4897616273321004,0.5798366166209696,0.6496300990934594
USDMXN,5,2025-07-22,PM,88,6,0.6264685899793935,0.5038461538461542,0.9210649898868194,0.49093397680072504
USDMXN,5,2025-07-22,PA,88,6,0.8234952012656263,0.6347297155777996,1.027376679748048,0.7787389594370387
USDMXN,5,2025-07-22,VAR1,88,6,124.63113559487229,84.56505131176691,187.46444749956078,69.10045212615454
USDMXN,5,2025-07-22,ARHinc,88,6,0.740270289455447,0.5778268541924921,0.8580965932725889,0.7456523309815252
USDMXN,5,2025-07-22,KernelARH,88,6,0.9955760569316094,0.7695828351383405,1.3634733723163768,0.8288402142160964
USDMXN,10,2025-07-29,PM,88,6,0.5075791431279082,0.42684615384615404,0.4917227821995527,0.502484898554463
USDMXN,10,2025-07-29,PA,88,6,0.7198199094731987,0.5493943351928771,0.6329413207901153,0.7806159028121303
USDMXN,10,2025-07-29,VAR1,88,6,128.94511099161556,93.41814289032382,193.34235551573784,72.36348706910647
USDMXN,10,2025-07-29,ARHinc,88,6,0.6737221749625393,0.5200737483251074,0.5811823390488425,0.7503103851554217
USDMXN,10,2025-07-29,KernelARH,88,6,0.8401545225459638,0.6770255311289194,0.8663605858736567,0.8209511019792939
USDMXN,1,2025-07-17,PM,88,7,0.07578144181181111,0.052861538461538425,0.10809223838521352,0.04423068509526808
USDMXN,1,2025-07-17,PA,88,7,0.5949437217350839,0.4735355637803446,0.5461268528981625,0.643847973786243
USDMXN,1,2025-07-17,VAR1,88,7,13.958821678285322,9.598293707742302,20.428329519753024,8.277710111793322
USDMXN,1,2025-07-17,ARHinc,88,7,0.5945567535536693,0.4761467498862797,0.5405365638744742,0.6441251755065529
USDMXN,1,2025-07-17,KernelARH,88,7,0.6649368735159311,0.5384469981756694,0.7089105464879193,0.6663066202331683
USDMXN,5,2025-07-23,PM,88,6,0.6339104371342157,0.5046153846153848,0.9431688723561056,0.4890973163102841
USDMXN,5,2025-07-23,PA,88,6,0.8283603414359528,0.6300821845156384,1.064952541827014,0.7703204090577428
USDMXN,5,2025-07-23,VAR1,88,6,29.514756181440372,20.245378916957392,44.64988237378532,16.20394298074813
USDMXN,5,2025-07-23,ARHinc,88,6,0.8743949229463867,0.6607302974555626,1.1553836993839697,0.7893125517170835
USDMXN,5,2025-07-23,KernelARH,88,6,0.979864687545687,0.7554681557193833,1.339365025891913,0.8246137851716836
USDMXN,10,2025-07-30,PM,88,6,0.5048555962618649,0.43626923076923096,0.5194990825259265,0.48262627065676006
USDMXN,10,2025-07-30,PA,88,6,0.7291507014238586,0.5665418229074431,0.6818961942672059,0.773394776262063
USDMXN,10,2025-07-30,VAR1,88,6,32.368993462147706,23.524892612396417,48.565386435152476,18.115439406671108
USDMXN,10,2025-07-30,ARHinc,88,6,0.7617577492756786,0.6012082411187868,0.7444464073922145,0.7903983370126589
USDMXN,10,2025-07-30,KernelARH,88,6,0.8723404489633513,0.7100847514547762,0.9390768322888059,0.8310035340183163
USDMXN,1,2025-07-18,PM,88,7,0.1954145248912208,0.14749230769230776,0.2962004333892656,0.11512793684549744
USDMXN,1,2025-07-18,PA,88,7,0.6188779319452055,0.49676154672990014,0.6178751033253768,0.6484021163142226
USDMXN,1,2025-07-18,VAR1,88,7,54.17994549180959,37.134120602928775,79.19682728059226,32.423603715793014
USDMXN,1,2025-07-18,ARHinc,88,7,0.6080049293650097,0.4872130567141557,0.5846269435085798,0.6454304726495581
USDMXN,1,2025-07-18,KernelARH,88,7,0.6062278292163141,0.48403436697354263,0.5859213120487772,0.6436585659568531
USDMXN,5,2025-07-24,PM,88,6,0.5652970032850669,0.4868076923076924,0.7407880669120843,0.49314027392222437
USDMXN,5,2025-07-24,PA,88,6,0.7690020494332003,0.5960940942761087,0.8627521825256268,0.7741584656879364
USDMXN,5,2025-07-24,VAR1,88,6,116.22673331062772,81.7932169140502,175.1067673832822,64.40226476196477
USDMXN,5,2025-07-24,ARHinc,88,6,0.7207916145661626,0.5583789926277211,0.7633207737133305,0.75307784789029375
USDMXN,5,2025-07-24,KernelARH,88,6,0.8702492743598761,0.6824882545084915,1.0981271935898864,0.7884979008152919
USDMXN,10,2025-07-31,PM,88,6,0.6826702591239109,0.6036538461538463,0.8165276372318481,0.5601264207471767
USDMXN,10,2025-07-31,PA,88,6,0.8490435158272592,0.6866101346136196,0.9033017993327642,0.8227956000621256
USDMXN,10,2025-07-31,VAR1,88,6,133.28677514627682,98.377177006942,199.58921811615582,75.40397910604165
USDMXN,10,2025-07-31,ARHinc,88,6,0.7947306942412506,0.6327083577966316,0.8026948679592202,0.797416149365394
USDMXN,10,2025-07-31,KernelARH,88,6,1.004252004172057,0.8229953006006752,1.2109697837501814,0.8663356587747056
USDMXN,1,2025-07-21,PM,88,7,0.1690806589494175,0.08384615384615383,0.30002446676541905,0.06985394092989507
USDMXN,1,2025-07-21,PA,88,7,0.6351029845409554,0.5117346471195402,0.6851354849755962,0.6462929244053783
USDMXN,1,2025-07-21,VAR1,88,7,52.430371015979084,37.06855383758259,75.95293647142876,32.741697901708285
USDMXN,1,2025-07-21,ARHinc,88,7,0.6350752550352429,0.5144239267674264,0.674378461642719,0.6475765736281872
USDMXN,1,2025-07-21,KernelARH,88,7,0.6641131999941279,0.5263694231832264,0.78437202252679,0.6490920280749022
USDMXN,5,2025-07-25,PM,88,6,0.40905398599883913,0.3369307692307692,0.4125448285516294,0.4235144915230699
USDMXN,5,2025-07-25,PA,88,6,0.66206879583141,0.5129255349330935,0.6008544510656804,0.7323049301900505
USDMXN,5,2025-07-25,VAR1,88,6,109.74137904070247,78.94854831949492,165.704812445467,60.6851570253581
USDMXN,5,2025-07-25,ARHinc,88,6,0.6345093109375841,0.4909284903605269,0.5613055592189226,0.7164534916470905
USDMXN,5,2025-07-25,KernelARH,88,6,0.7783737969016503,0.6133154091405407,0.856138626752127,0.7685142063441289
USDMXN,10,2025-08-01,PM,88,6,0.45097654723260955,0.38854615384615376,0.4523475545720975,0.4525904435971923
USDMXN,10,2025-08-01,PA,88,6,0.6897151159464273,0.5285368646841713,0.6068111165118858,0.7546161608912418
USDMXN,10,2025-08-01,VAR1,88,6,109.92358086497964,81.99105644232152,164.50833630883903,62.35554948300711
USDMXN,10,2025-08-01,ARHinc,88,6,0.6613887343438458,0.5117486962925373,0.5872229795265644,0.734394508147283
USDMXN,10,2025-08-01,KernelARH,88,6,0.8490702626132804,0.6861459340076673,0.8649056700436533,0.825805940648099
USDMXN,1,2025-07-22,PM,88,7,0.3321881851972093,0.26892307692307704,0.3076001244828609,0.39010507220934476
USDMXN,1,2025-07-22,PA,88,7,0.694304871896595,0.5469401898583724,0.7153561303385305,0.7408207138854827
USDMXN,1,2025-07-22,VAR1,88,7,126.9593248622276,91.0792391218264,183.10511364789056,79.74285249207819
USDMXN,1,2025-07-22,ARHinc,88,7,0.7014131184597623,0.5522873948098422,0.7278017245534216,0.7445687379802948
USDMXN,1,2025-07-22,KernelARH,88,7,0.7580528057598483,0.5904123715979802,0.8873979938192827,0.7556722523128301
USDMXN,5,2025-07-28,PM,88,6,0.5196371792673452,0.3521384615384616,0.8066101363142656,0.4178132395077818
USDMXN,5,2025-07-28,PA,88,6,0.7385097948649055,0.5898952242919844,0.8152288593250718,0.7516608541024461
USDMXN,5,2025-07-28,VAR1,88,6,305.0036926965146,222.54542379299238,458.7673603256804,170.96603341998772
USDMXN,5,2025-07-28,ARHinc,88,6,0.7435457149400928,0.5935789452273926,0.8158789733290072,0.7567583556917219
USDMXN,5,2025-07-28,KernelARH,88,6,0.7147465827064103,0.5547983488402192,0.6315429078364045,0.774266005337872
USDMXN,10,2025-08-04,PM,88,6,0.45550603728161493,0.40192307692307694,0.4708768556276719,0.461975499160825
USDMXN,10,2025-08-04,PA,88,6,0.6950231142190806,0.5318487499773058,0.5896961550820147,0.7687060197763435
USDMXN,10,2025-08-04,VAR1,88,6,307.0684524642264,230.82798578747997,458.23895240516,176.41771850436558
USDMXN,10,2025-08-04,ARHinc,88,6,0.7081362089472868,0.5427524124803857,0.6011036181267169,0.7779659699970309
USDMXN,10,2025-08-04,KernelARH,88,6,0.8785202624431047,0.7104954398160023,0.9456182343459071,0.8423903989665742
USDMXN,1,2025-07-23,PM,88,7,0.05786904978550207,0.04402307692307687,0.056048046973589255,0.05440587095659233
USDMXN,1,2025-07-23,PA,88,7,0.6057263381933494,0.49101008540671415,0.6139050036069438,0.6230410362790061
USDMXN,1,2025-07-23,VAR1,88,7,148.35117655925401,103.96074644726633,216.0550728391882,88.99117441552559
USDMXN,1,2025-07-23,ARHinc,88,7,0.6885255742296016,0.5502595528514754,0.7166615463147513,0.6792772658053834
USDMXN,1,2025-07-23,KernelARH,88,7,1.401977639564541,1.1087410548458576,1.9915786383256278,1.0123295266752703
USDMXN,5,2025-07-29,PM,88,6,0.4274303587000596,0.2056076923076923,0.7775090733645291,0.17716093728203047
USDMXN,5,2025-07-29,PA,88,6,0.6860593997770494,0.5485104368321391,0.8029612279658814,0.6523238527251922
USDMXN,5,2025-07-29,VAR1,88,6,352.3215550230657,259.629644309479,523.9863171882133,202.51912143445654
USDMXN,5,2025-07-29,ARHinc,88,6,0.7190027598895847,0.5777236863811699,0.8637618889589858,0.6734824895307371
USDMXN,5,2025-07-29,KernelARH,88,6,0.9415909383097232,0.7756274991891556,1.0295001297840043,0.8681649595868385
USDMXN,10,2025-08-05,PM,88,6,0.41603930333933226,0.24969230769230744,0.7155787031968743,0.20357061167151158
USDMXN,10,2025-08-05,PA,88,6,0.6693740595369978,0.5382305261122949,0.7175836593957946,0.6648177952833193
USDMXN,10,2025-08-05,VAR1,88,6,353.6263003117997,262.4212309946358,526.9476893416819,202.9521345645709
USDMXN,10,2025-08-05,ARHinc,88,6,0.69904360353319694,0.5637273604386805,0.7767058690778658,0.6854713611021874
USDMXN,10,2025-08-05,KernelARH,88,6,0.9367971116930515,0.7703333149949076,1.0071728131707465,0.8744801796798126
USDMXN,1,2025-07-24,PM,88,7,0.12974408983130542,0.06450000000000003,0.22629559310907915,0.055993301067412564
USDMXN,1,2025-07-24,PA,88,7,0.5729012399177393,0.4600856027644338,0.52969793658993,0.6142572403904668
USDMXN,1,2025-07-24,VAR1,88,7,119.43179227961568,85.41074672350146,170.36542327737152,76.31050264530485
USDMXN,1,2025-07-24,ARHinc,88,7,0.5758805406277441,0.46201253435119977,0.5540956631973215,0.6141691727300902
USDMXN,1,2025-07-24,KernelARH,88,7,0.9813429098140797,0.7794922868316253,1.302056720174395,0.7630100493439155
USDMXN,5,2025-07-30,PM,88,6,0.3947815851835038,0.20143846153846168,0.7123730932283179,0.16491048669254063
USDMXN,5,2025-07-30,PA,88,6,0.6461676681544273,0.5200779624328138,0.7188235594199764,0.6375161696980219
USDMXN,5,2025-07-30,VAR1,88,6,364.3427735760966,269.12380397871266,539.8730660426685,211.94006411829167
USDMXN,5,2025-07-30,ARHinc,88,6,0.6200581187908702,0.5022279015770101,0.6387946789748846,0.6346838602063889
USDMXN,5,2025-07-30,KernelARH,88,6,0.6762106511667989,0.5486027676929053,0.6878666439100005,0.6740785734373964
USDMXN,10,2025-08-06,PM,88,6,0.4327439285447083,0.2459846153846155,0.7623114285043573,0.1992249999624314
USDMXN,10,2025-08-06,PA,88,6,0.6614216460248534,0.5372228138823044,0.7262158661497333,0.6558524255551598
USDMXN,10,2025-08-06,VAR1,88,6,358.86753978709794,262.5303790340407,532.8132783316033,208.1690403327914
USDMXN,10,2025-08-06,ARHinc,88,6,0.6448013471725842,0.5240422454915425,0.6550429079486103,0.6587093414969812
USDMXN,10,2025-08-06,KernelARH,88,6,0.6988783620198109,0.562087127064603,0.6730271642851949,0.7042279604135987
USDMXN,1,2025-07-25,PM,88,7,0.14793348947311535,0.09507692307692311,0.24768323016214924,0.07580912813687697
USDMXN,1,2025-07-25,PA,88,7,0.5681214686530053,0.45392017196946194,0.5230285871224138,0.6153848514821092
USDMXN,1,2025-07-25,VAR1,88,7,79.50243223729323,55.902072475282566,113.18591362353162,50.95332654164079
USDMXN,1,2025-07-25,ARHinc,88,7,0.5763416565280541,0.46662322303153125,0.5473954094256301,0.6166911344882271
USDMXN,1,2025-07-25,KernelARH,88,7,0.5804293772502935,0.4703956519889901,0.5583996609924851,0.6177378680620534
USDMXN,5,2025-07-31,PM,88,6,0.23619507908636764,0.1693769230769232,0.290061614580364,0.15447209902958384
USDMXN,5,2025-07-31,PA,88,6,0.5925146243502065,0.4653830262414651,0.538275823925711,0.6324707618357721
USDMXN,5,2025-07-31,VAR1,88,6,243.40151963381695,178.24627196905226,360.53763990737997,141.8483102338578
USDMXN,5,2025-07-31,ARHinc,88,6,0.5904064758710479,0.46449151214328555,0.5366400858845174,0.6310168301167588
USDMXN,5,2025-07-31,KernelARH,88,6,0.5938749986914507,0.4665596143499613,0.5397120296296548,0.6334965232148144
USDMXN,10,2025-08-07,PM,88,6,0.31312426876929833,0.2045076923076923,0.5344037969703278,0.15834182045094283
USDMXN,10,2025-08-07,PA,88,6,0.6307274419164283,0.5174123778429692,0.6583901813032423,0.6450680479758778
USDMXN,10,2025-08-07,VAR1,88,6,232.10317533819153,168.31089848742187,344.33253565178615,135.07865355846423
USDMXN,10,2025-08-07,ARHinc,88,6,0.6274756664134298,0.515616406508228,0.6522146819877345,0.6438224216211711
USDMXN,10,2025-08-07,KernelARH,88,6,0.6394986040600628,0.5230835926080437,0.6781591798629906,0.6479530575037777
USDMXN,1,2025-07-28,PM,88,7,0.38139412786411747,0.22256923076923082,0.6459680126617366,0.17148286706254018
USDMXN,1,2025-07-28,PA,88,7,0.7018017409524538,0.5708187481396402,0.8525979718275116,0.6486132662327583
USDMXN,1,2025-07-28,VAR1,88,7,19.77305198516573,13.523947330885212,29.085489998784823,11.389872494779961
USDMXN,1,2025-07-28,ARHinc,88,7,0.7268642910173502,0.5892996659091179,0.9047299964793518,0.6548340046821669
USDMXN,1,2025-07-28,KernelARH,88,7,0.7597500414856847,0.6127789661320944,0.9702371626868285,0.6634264151322724
USDMXN,5,2025-08-01,PM,88,6,0.19911716206989605,0.13396923076923048,0.3205842976756295,0.10066158282384902
USDMXN,5,2025-08-01,PA,88,6,0.5971512308331137,0.4856694361879299,0.6014503917920105,0.6227154271518998
USDMXN,5,2025-08-01,VAR1,88,6,58.67754283606589,42.332307124659295,87.00064030871238,34.207385597034694
USDMXN,5,2025-08-01,ARHinc,88,6,0.5903968998498702,0.48290039726555034,0.5660939487817404,0.6253358518881151
USDMXN,5,2025-08-01,KernelARH,88,6,0.6089908385982746,0.4932706147816557,0.6184919799419517,0.6287083691305004
USDMXN,10,2025-08-08,PM,88,6,0.1613203633004359,0.1227461538461539,0.24617490414170412,0.11225224501217372
USDMXN,10,2025-08-08,PA,88,6,0.5909851912360511,0.4883155900340838,0.5613701091540925,0.633643867779604
USDMXN,10,2025-08-08,VAR1,88,6,83.84350324546357,61.27514722242571,123.64810070617449,50.01032824919527
USDMXN,10,2025-08-08,ARHinc,88,6,0.5899117120347288,0.48615370000713276,0.5367143606449122,0.6398884819149775
USDMXN,10,2025-08-08,KernelARH,88,6,0.6036461401083622,0.4969638003395201,0.5857393583124825,0.6390867104249127
USDMXN,1,2025-07-29,PM,88,7,0.16924595211612092,0.12283846153846142,0.26216827615019045,0.09147409610643199
USDMXN,1,2025-07-29,PA,88,7,0.5701276784554059,0.46070677963529727,0.5314986603849671,0.6158079745368458
USDMXN,1,2025-07-29,VAR1,88,7,43.89608490131868,29.643328723150262,64.72226086776058,25.024962267845748
USDMXN,1,2025-07-29,ARHinc,88,7,0.5622182054058446,0.45225697673899157,0.5131804474290628,0.6136388125271695
USDMXN,1,2025-07-29,KernelARH,88,7,0.5656367078651066,0.4566045334213173,0.5280038968618896,0.6143907431320224
USDMXN,5,2025-08-04,PM,88,6,0.342810569467252,0.24076923076923099,0.5538294712263394,0.17793243180695617
USDMXN,5,2025-08-04,PA,88,6,0.6261039082053004,0.5081202972383261,0.6640424194478325,0.6330666865119777
USDMXN,5,2025-08-04,VAR1,88,6,64.0410878077066,47.34381676751219,93.55832409696454,39.20114030496582
USDMXN,5,2025-08-04,ARHinc,88,6,0.578433251330984,0.4677768820580161,0.5544380839627506,0.6188591588240906
USDMXN,5,2025-08-04,KernelARH,88,6,0.5696349018606469,0.45471183069408894,0.5121666908155648,0.6201971740845733
USDMXN,10,2025-08-11,PM,88,6,0.25970215928725265,0.19734615384615367,0.40541220801436656,0.15073630662547094
USDMXN,10,2025-08-11,PA,88,6,0.6101057366175286,0.5072846608564751,0.5992209582100326,0.6400311950033613
USDMXN,10,2025-08-11,VAR1,88,6,29.519357261264332,22.936324257476567,41.474268749655685,20.51311527975813
USDMXN,10,2025-08-11,ARHinc,88,6,0.5791312103811709,0.4729535975335424,0.5306058193479426,0.6285536998231069
USDMXN,10,2025-08-11,KernelARH,88,6,0.5882009898831566,0.48480271338804265,0.5422603824751944,0.634150272573605
USDMXN,1,2025-07-30,PM,88,7,0.1310077801565176,0.06406923076923088,0.21880534790415243,0.062407418682765836
USDMXN,1,2025-07-30,PA,88,7,0.5692079952821555,0.4627556361387649,0.5535991345398455,0.6119714570625733
USDMXN,1,2025-07-30,VAR1,88,7,41.63958792972521,28.16345333176457,61.645584434918135,23.614860443399216
USDMXN,1,2025-07-30,ARHinc,88,7,0.5801998564207728,0.45969450447796173,0.5836798755008025,0.6145889355050066
USDMXN,1,2025-07-30,KernelARH,88,7,0.5649600052364677,0.4560160893010066,0.5309656026861185,0.6131958738411625
USDMXN,5,2025-08-05,PM,88,6,0.15850021232696287,0.1248692307692308,0.20683474943802002,0.11197114946079731
USDMXN,5,2025-08-05,PA,88,6,0.5922038429188401,0.48586301286545563,0.5578638533267589,0.6320394913372259
USDMXN,5,2025-08-05,VAR1,88,6,45.221358746263164,34.213692624518984,65.05964810118708,28.982888566597506
USDMXN,5,2025-08-05,ARHinc,88,6,0.6067046891426676,0.49755165442375127,0.587510127409275,0.6372876233816606
USDMXN,5,2025-08-05,KernelARH,88,6,0.5930930480710414,0.4858294786659955,0.5424381110656241,0.6374790750906377
USDMXN,10,2025-08-12,PM,88,6,0.34214785377984447,0.2224615384615385,0.5746703813955213,0.16847926393670273
USDMXN,10,2025-08-12,PA,88,6,0.6586382831709022,0.5403646982804914,0.7506223243823775,0.6453622278259111
USDMXN,10,2025-08-12,VAR1,88,6,21.65836627784921,17.37526358551922,28.674342221356024,17.135470247785815
USDMXN,10,2025-08-12,ARHinc,88,6,0.686255669874133,0.5617060856644223,0.8110774317125553,0.6535005274188429
USDMXN,10,2025-08-12,KernelARH,88,6,0.6173451912124456,0.5061355934879377,0.620118596541086,0.6425078010197601
USDMXN,1,2025-07-31,PM,88,7,0.2825951337432841,0.18915384615384634,0.44647149842619294,0.14216024171987282
USDMXN,1,2025-07-31,PA,88,7,0.631692610011126,0.5078475730262765,0.6916650732196163,0.6281071224968676
USDMXN,1,2025-07-31,VAR1,88,7,53.05376604525434,35.78464997698859,78.7936955572138,30.077504250624663
USDMXN,1,2025-07-31,ARHinc,88,7,0.9643776645606335,0.7632541743054011,1.3245184358171052,0.73444271937296
USDMXN,1,2025-07-31,KernelARH,88,7,0.7483405268642744,0.6008589724370368,0.9263748054206001,0.6625763684019109
USDMXN,5,2025-08-06,PM,88,6,0.1338099973268641,0.1000307692307692,0.19110198375827597,0.09150265292710393
USDMXN,5,2025-08-06,PA,88,6,0.5903617258471768,0.4846049865197826,0.5510844239365782,0.631595752320359
USDMXN,5,2025-08-06,VAR1,88,6,52.68886354160114,40.016848553854786,76.1080320051028,33.41974487124839
USDMXN,5,2025-08-06,ARHinc,88,6,0.8286364745506958,0.6778014401982904,1.002442118620446,0.7183160605269946
USDMXN,5,2025-08-06,KernelARH,88,6,0.5972605027913432,0.49018914485891074,0.5476999440014593,0.639859118849138
USDMXN,10,2025-08-13,PM,88,6,0.252979153139299,0.16878461538461503,0.41560801654300417,0.13599700927473668
USDMXN,10,2025-08-13,PA,88,6,0.6319635600572578,0.5170385149864958,0.690443833018574,0.6363504072130228
USDMXN,10,2025-08-13,VAR1,88,6,35.023148324319514,28.075661764670006,47.94221057231297,25.86021324516732
USDMXN,10,2025-08-13,ARHinc,88,6,0.9445074724320959,0.7552675358067809,1.287616521388814,0.7432680074563394
USDMXN,10,2025-08-13,KernelARH,88,6,0.6101991315081475,0.50028487916772435,0.608662451421953,0.6381646362625979
USDMXN,1,2025-08-01,PM,88,7,0.24976831572171335,0.13057692307692315,0.4270845238960609,0.10824448297137973
USDMXN,1,2025-08-01,PA,88,7,0.6169474178442783,0.4988295319588993,0.6675548645855466,0.6228726355612775
USDMXN,1,2025-08-01,VAR1,88,7,9.95302846488889,6.674022252097571,14.783160050575702,5.702315912571992
USDMXN,1,2025-08-01,ARHinc,88,7,0.665060044320725,0.5362251887065147,0.7758028769519046,0.6353104600991352
USDMXN,1,2025-08-01,KernelARH,88,7,0.7228943436374959,0.5852405278210484,0.9007981927619839,0.6488482993830695
USDMXN,5,2025-08-07,PM,88,6,0.257627936851099,0.1647692307692307,0.43121330272760555,0.12458024352456452
USDMXN,5,2025-08-07,PA,88,6,0.6170070943991293,0.5136683463167984,0.6424135404272479,0.6342401187513129
USDMXN,5,2025-08-07,VAR1,88,6,1.8355906041409973,1.4919531268160362,2.2792978800718244,1.7100943615898083
USDMXN,5,2025-08-07,ARHinc,88,6,0.6549316221617729,0.5398098049869711,0.7280491988553957,0.6431161573081505
USDMXN,5,2025-08-07,KernelARH,88,6,0.5796492690757508,0.47615562388367855,0.5249575522189729,0.6317134846185826
USDMXN,10,2025-08-14,PM,88,6,0.39373517066092106,0.27183076923076943,0.601174499149877,0.20824235951326012
USDMXN,10,2025-08-14,PA,88,6,0.6838896569716753,0.5641281435878562,0.7604899900349757,0.6574107591334157
USDMXN,10,2025-08-14,VAR1,88,6,16.09210726019078,11.704560372278078,23.7266596383201,9.462753361598569
USDMXN,10,2025-08-14,ARHinc,88,6,0.7423534020077244,0.6079578786625803,0.8662152066609575,0.6787994801511621
USDMXN,10,2025-08-14,KernelARH,88,6,0.5833591359558032,0.477741774815087,0.548390478756538,0.6279142742902002
USDMXN,1,2025-08-04,PM,88,7,0.13289042623385408,0.08236153846153847,0.21678443933204838,0.06439877998076203
USDMXN,1,2025-08-04,PA,88,7,0.5645554221306522,0.45547788840050957,0.5289461250446466,0.6132846162268307
USDMXN,1,2025-08-04,VAR1,88,7,73.6437159425782,49.57146216816595,109.6236081722876,42.23378624848938
USDMXN,1,2025-08-04,ARHinc,88,7,0.5676173373089796,0.46045288152752756,0.517903263724394,0.6157429610475272
USDMXN,1,2025-08-04,KernelARH,88,7,0.6432457937502859,0.5221218598231067,0.7204410048763972,0.6359086382885771
USDMXN,5,2025-08-08,PM,88,6,0.11625436302813288,0.08480769230769228,0.154291554563213,0.08123604945448142
USDMXN,5,2025-08-08,PA,88,6,0.5745269665860968,0.469719385910985,0.5223996465595433,0.6258137082629006
USDMXN,5,2025-08-08,VAR1,88,6,46.0355719999371,36.324567527152276,64.36555179369545,31.65318584036843
USDMXN,5,2025-08-08,ARHinc,88,6,0.571379320508969,0.46772426203387707,0.513598720976031,0.6248544067700778
USDMXN,5,2025-08-08,KernelARH,88,6,0.6097105526296026,0.4934349174324646,0.5660289621166696,0.6472333597900323
USDMXN,10,2025-08-15,PM,88,6,0.16332056137924206,0.11545384615384614,0.19701786906346463,0.1069896499799106
USDMXN,10,2025-08-15,PA,88,6,0.5832548650456134,0.4805906905177874,0.5280632315510954,0.6310167839628142
USDMXN,10,2025-08-15,VAR1,88,6,40.027034021011644,32.66266409122198,53.56074666271964,31.079310723842088
USDMXN,10,2025-08-15,ARHinc,88,6,0.5897887612837428,0.4851185652437752,0.5389488574482544,0.6336029305408494
USDMXN,10,2025-08-15,KernelARH,88,6,0.5777342522076628,0.4752554463437918,0.5264225470056361,0.6293413618042164
USDMXN,1,2025-08-05,PM,88,7,0.12068490441578082,0.0715846153846153,0.2052704733188519,0.06143384625104833
USDMXN,1,2025-08-05,PA,88,7,0.5769778058850793,0.4721328063062564,0.5375679492294013,0.6247718791951196
USDMXN,1,2025-08-05,VAR1,88,7,23.90608747358792,16.395047374722928,35.12895658640844,13.796958280246022
USDMXN,1,2025-08-05,ARHinc,88,7,0.5960852331509338,0.48559151968198844,0.5924386986634014,0.6293053564396831
USDMXN,1,2025-08-05,KernelARH,88,7,0.5798817441321836,0.4752944385394721,0.5442922180113208,0.6261919875228886
USDMXN,5,2025-08-11,PM,88,6,0.12321061548921325,0.07916923076923076,0.18906185273234047,0.06911582959781641
USDMXN,5,2025-08-11,PA,88,6,0.5805173424880375,0.47702616304062495,0.5364903499519519,0.6272216515143185
USDMXN,5,2025-08-11,VAR1,88,6,27.322479307577787,19.46201329556373,40.31392352000067,15.948016245619481
USDMXN,5,2025-08-11,ARHinc,88,6,0.6758540303123284,0.5537889957795451,0.7476383009053211,0.6543602670500733
USDMXN,5,2025-08-11,KernelARH,88,6,0.5789099693051467,0.4760536148882335,0.5233978146786382,0.6310894636572753
USDMXN,10,2025-08-18,PM,88,6,0.23770127099106828,0.16600000000000023,0.3425808314426109,0.14076169560678234
USDMXN,10,2025-08-18,PA,88,6,0.6183891608333266,0.5088975423980301,0.6097298602930592,0.6416514229890199
USDMXN,10,2025-08-18,VAR1,88,6,8.17554981906221,6.6610298551726395,10.820983290487844,6.3853379685377005
USDMXN,10,2025-08-18,ARHinc,88,6,0.7552039937670102,0.6216504419719798,0.876845533848666,0.6908409833532838
USDMXN,10,2025-08-18,KernelARH,88,6,0.5851343219070503,0.4818118835526619,0.5449469781916265,0.6305797161925027
USDMXN,1,2025-08-06,PM,88,7,0.046738532118749385,0.03096153846153841,0.06158884437188249,0.030730909115254425
USDMXN,1,2025-08-06,PA,88,7,0.5758873134322633,0.4665900278752424,0.5348759857932618,0.6248584375574286
USDMXN,1,2025-08-06,VAR1,88,7,26.4302289046929,17.436261638923934,39.683156050719866,15.194641877326468
USDMXN,1,2025-08-06,ARHinc,88,7,0.5769047304407143,0.46524460633243153,0.5376623894685685,0.6253286569720443
USDMXN,1,2025-08-06,KernelARH,88,7,0.5898746749493526,0.48040512903765414,0.5481741202138567,0.6321472827267516
USDMXN,5,2025-08-12,PM,88,6,0.2405285645918492,0.11313846153846156,0.43307943781824837,0.09862016419842386
USDMXN,5,2025-08-12,PA,88,6,0.5977418102809302,0.48292355023360684,0.6023965658073532,0.629049030054157
USDMXN,5,2025-08-12,VAR1,88,6,4.891673146819288,3.6955156471470185,4.726278238974309,5.794630137283923
USDMXN,5,2025-08-12,ARHinc,88,6,0.5820684902234229,0.4640650069795217,0.5433275869736046,0.6287685659585672
USDMXN,5,2025-08-12,KernelARH,88,6,0.6493910700001677,0.5309931499528945,0.7085621202257596,0.6503413352943661
USDMXN,10,2025-08-19,PM,88,6,0.22236664110635637,0.17819230769230768,0.2599860852605703,0.15798756162287575
USDMXN,10,2025-08-19,PA,88,6,0.6141947252831529,0.5029936115084531,0.5706837777568413,0.6469607531032399
USDMXN,10,2025-08-19,VAR1,88,6,7.818491359224372,5.773290063391346,11.311149403413765,4.959084103728716
USDMXN,10,2025-08-19,ARHinc,88,6,0.6534701240954418,0.544155162310545,0.6251716877429799,0.6681311044144966
USDMXN,10,2025-08-19,KernelARH,88,6,0.8511055963871557,0.6752635390768271,0.9616896295862581,0.8121266410923088
USDMXN,1,2025-08-07,PM,88,7,0.051517827384911466,0.035876923076923015,0.07352795190938473,0.03155860383951812
USDMXN,1,2025-08-07,PA,88,7,0.5699576843244846,0.4608954892469692,0.5174486134547935,0.622647070345364
USDMXN,1,2025-08-07,VAR1,88,7,58.990165762570754,37.82952986323788,88.70012335833843,33.443989926713016
USDMXN,1,2025-08-07,ARHinc,88,7,0.5697107726508103,0.46179462017753414,0.5141815410888555,0.6230839919562816
USDMXN,1,2025-08-07,KernelARH,88,7,0.5760097091129428,0.46727029129453207,0.5304735379892515,0.6248008782731655
USDMXN,5,2025-08-13,PM,88,6,0.22516231324911426,0.10758461538461515,0.4078808408200259,0.09238915190415242
USDMXN,5,2025-08-13,PA,88,6,0.5887733816522008,0.47535041537894507,0.5854448681746216,0.6239545783399078
USDMXN,5,2025-08-13,VAR1,88,6,16.663846446543538,13.616894545938774,20.45121303795694,15.971943733507583
USDMXN,5,2025-08-13,ARHinc,88,6,0.6112398717248686,0.49670140151330244,0.6444145672044032,0.6295393941410361
USDMXN,5,2025-08-13,KernelARH,88,6,0.6143526346511712,0.5040422254251531,0.6422120869976748,0.6339577926970325
USDMXN,10,2025-08-20,PM,88,6,0.21491892478506683,0.18048461538461533,0.268858289878259,0.1485300789850716
USDMXN,10,2025-08-20,PA,88,6,0.6032806349218149,0.4897582107321411,0.5541321147231661,0.6425691021183799
USDMXN,10,2025-08-20,VAR1,88,6,11.001149404159756,8.838831990544929,15.01748104592081,7.943235570007764
USDMXN,10,2025-08-20,ARHinc,88,6,0.5976645607178424,0.4783608196390808,0.5619201832533893,0.6363023234302464
USDMXN,10,2025-08-20,KernelARH,88,6,0.6278736885050377,0.5154450711166734,0.6361865495510447,0.6534529541052626
USDMXN,1,2025-08-08,PM,88,7,0.04621916851763501,0.02586153846153844,0.07310460071390748,0.022209485567641622
USDMXN,1,2025-08-08,PA,88,7,0.5685019703425801,0.4575971060552184,0.5123381760269028,0.6222346892611931
USDMXN,1,2025-08-08,VAR1,88,7,65.4826782536636,41.71318438021407,99.1685605821679,36.636612270422674
USDMXN,1,2025-08-08,ARHinc,88,7,0.570297077495069,0.45853126889399587,0.51649970714678894,0.6226314595285709
USDMXN,1,2025-08-08,KernelARH,88,7,0.5682890343897457,0.4561075777187767,0.5133665574380684,0.6223155712076178
USDMXN,5,2025-08-14,PM,88,6,0.17874821139503208,0.1554230769230769,0.20914758065699382,0.12919000745272619
USDMXN,5,2025-08-14,PA,88,6,0.6030248885941009,0.49435768471780195,0.5733007212531676,0.6383657109548841
USDMXN,5,2025-08-14,VAR1,88,6,14.15629719130056,11.585371483774317,16.353629584215476,14.551050751825507
USDMXN,5,2025-08-14,ARHinc,88,6,0.6212939162361905,0.5149644323470123,0.6092163990247865,0.6460309187059394
USDMXN,5,2025-08-14,KernelARH,88,6,0.5808888936430285,0.46973015712344046,0.534770125453057,0.6287557847055358
USDMXN,10,2025-08-21,PM,88,6,0.210725623647288,0.18296153846153837,0.25341087572431936,0.15276889604174548
USDMXN,10,2025-08-21,PA,88,6,0.6073008126648405,0.4912403317373577,0.5619414037580422,0.6447421176685634
USDMXN,10,2025-08-21,VAR1,88,6,10.297056834118852,8.437968849642438,13.54088118057331,8.195704696995472
USDMXN,10,2025-08-21,ARHinc,88,6,0.6171939429092191,0.5054651151959563,0.5707845408673816,0.6518743547775231
USDMXN,10,2025-08-21,KernelARH,88,6,0.6259962543340652,0.5108042647597781,0.6333533297664484,0.6490642145229324
USDMXN,1,2025-08-11,PM,88,7,0.11261024512757405,0.055961538461538486,0.14138442464323267,0.06609523860364229
USDMXN,1,2025-08-11,PA,88,7,0.5772967203740879,0.4670426249891319,0.5262632123191721,0.6263031344773582
USDMXN,1,2025-08-11,VAR1,88,7,46.6376202773569,29.772025707114352,70.60031533601689,26.157704655419614
USDMXN,1,2025-08-11,ARHinc,88,7,0.57453755801613,0.46356146072773735,0.520217259149718,0.6254439220747768
USDMXN,1,2025-08-11,KernelARH,88,7,0.5840610796655223,0.47273391440391765,0.539593333545884,0.6288178713616304
USDMXN,5,2025-08-15,PM,88,6,0.1349091218333517,0.11353846153846145,0.16786569250718933,0.09201149735812636
USDMXN,5,2025-08-15,PA,88,6,0.5930351533028755,0.48349866880028114,0.5648606086086672,0.6319312965240229
USDMXN,5,2025-08-15,VAR1,88,6,6.5302995829366,5.481213376218979,5.837185853422796,7.636572279407657
USDMXN,5,2025-08-15,ARHinc,88,6,0.5955181433622789,0.4864318463983156,0.5707653039888937,0.632649554835758
USDMXN,5,2025-08-15,KernelARH,88,6,0.5750555563346773,0.46481344480487224,0.5250893365258055,0.6261452729503215
USDMXN,10,2025-08-22,PM,88,6,0.21919375868430604,0.12211538461538461,0.39056922371793945,0.099264998672912
USDMXN,10,2025-08-22,PA,88,6,0.5909192389552913,0.4691127822565911,0.5799528113779124,0.6293405357150307
USDMXN,10,2025-08-22,VAR1,88,6,16.549897561100252,11.886452949311753,24.20407989484809,9.57862978058757
USDMXN,10,2025-08-22,ARHinc,88,6,0.5897516662821563,0.4684798846596874,0.5751141621690031,0.6293508156249499
USDMXN,10,2025-08-22,KernelARH,88,6,0.6466838671079576,0.5278483166045211,0.7240467429701709,0.6440317692367943
USDMXN,1,2025-08-12,PM,88,7,0.25312458926842263,0.14212307692307705,0.4337841779197266,0.11105799636292531
USDMXN,1,2025-08-12,PA,88,7,0.6123884291968344,0.4916510480966154,0.6374201745313995,0.6327603065358075
USDMXN,1,2025-08-12,VAR1,88,7,25.229676790246067,17.379329576918007,38.51231953738645,14.262398608787134
USDMXN,1,2025-08-12,ARHinc,88,7,0.5989964207666547,0.4776078932647899,0.5999404994664606,0.6303333736211328
USDMXN,1,2025-08-12,KernelARH,88,7,0.6294838542405577,0.5103413725559459,0.678839685433677,0.6376809914516548
USDMXN,5,2025-08-18,PM,88,6,0.13752307498687688,0.12088461538461538,0.16728617547664779,0.10321733416439066
USDMXN,5,2025-08-18,PA,88,6,0.6037403357103351,0.4909567583130693,0.58018504246005,0.6379664108199327
USDMXN,5,2025-08-18,VAR1,88,6,5.04696971777984,4.419347141025228,6.112167482993994,4.430284338052768
USDMXN,5,2025-08-18,ARHinc,88,6,0.6181434692997,0.5027639585569369,0.6114356909964637,0.6433369522196134
USDMXN,5,2025-08-18,KernelARH,88,6,0.5833154169485664,0.47424313820944197,0.5396308019563876,0.6302219501917615
USDMXN,10,2025-08-25,PM,88,6,0.2844223903876874,0.14022307692307695,0.5162845443827593,0.12325809249658401
USDMXN,10,2025-08-25,PA,88,6,0.6203010457435228,0.4916340274933698,0.6741241095373705,0.6331473281461032
USDMXN,10,2025-08-25,VAR1,88,6,13.43681238877407,9.365445043856951,19.857889280658462,7.6688246572325305
USDMXN,10,2025-08-25,ARHinc,88,6,0.6140278064182424,0.48976460609921774,0.6446389819050216,0.6342534720618592
USDMXN,10,2025-08-25,KernelARH,88,6,0.6937431636040843,0.5593987042703163,0.8538577187789296,0.6569528216722316
USDMXN,1,2025-08-13,PM,88,7,0.058371077532521944,0.03784615384615386,0.09048317140348815,0.03170887791559514
USDMXN,1,2025-08-13,PA,88,7,0.5722486609293416,0.4628396771672902,0.5138012089628444,0.6240342107141477
USDMXN,1,2025-08-13,VAR1,88,7,3.7402224706423906,2.7467155849888005,5.62020677655183,2.175590743511606
USDMXN,1,2025-08-13,ARHinc,88,7,0.5815031869057391,0.47545764188420697,0.5350516718118156,0.626272054906716
USDMXN,1,2025-08-13,KernelARH,88,7,0.5691307990940188,0.458596500910315,0.5159305197123593,0.6221943453426496
USDMXN,5,2025-08-19,PM,88,6,0.2799837048829805,0.2246923076923075,0.3957639799108504,0.17519438188302322
USDMXN,5,2025-08-19,PA,88,6,0.6591656979146672,0.5425095875105634,0.6727918143933145,0.6593972447888574
USDMXN,5,2025-08-19,VAR1,88,6,5.296366556311154,4.211908840518591,7.45558653220826,3.71481322667225
USDMXN,5,2025-08-19,ARHinc,88,6,0.6631948985502886,0.5452716379353661,0.6808093276175853,0.6602182471428979
USDMXN,5,2025-08-19,KernelARH,88,6,0.6010215702028943,0.4870783840253803,0.5590209921784302,0.6394791980773775
USDMXN,10,2025-08-26,PM,88,6,0.18006884367246456,0.12603846153846163,0.2997897771068092,0.09602876352102487
USDMXN,10,2025-08-26,PA,88,6,0.6131893076596971,0.49809897052622076,0.6163548699083854,0.638373199900819
USDMXN,10,2025-08-26,VAR1,88,6,4.469142192070092,3.9254709024244914,4.8595793844263255,4.469888300907516
USDMXN,10,2025-08-26,ARHinc,88,6,0.6133786125652979,0.4993999577728075,0.6146514038662015,0.6382921119213183
USDMXN,10,2025-08-26,KernelARH,88,6,0.7183902677432474,0.5745544292005335,0.9202478605629145,0.6580524343438084
USDMXN,1,2025-08-14,PM,88,7,0.3351118355231464,0.246923076923077,0.5357457361101435,0.1786285312377063
USDMXN,1,2025-08-14,PA,88,7,0.6605508419422378,0.5448242788085098,0.7184133123359947,0.6521154223133414
USDMXN,1,2025-08-14,VAR1,88,7,7.803644132310756,5.692548629372574,11.764535442936813,4.592124203501171
USDMXN,1,2025-08-14,ARHinc,88,7,0.617894304002328,0.5087328495773875,0.6213636645709272,0.6399097035399787
USDMXN,1,2025-08-14,KernelARH,88,7,0.6653195698113392,0.556030167848799,0.7044854251859733,0.6606363723093452
USDMXN,5,2025-08-20,PM,88,6,0.24182511163108047,0.19942307692307693,0.3219708196650964,0.16607323554672204
USDMXN,5,2025-08-20,PA,88,6,0.6358978955027113,0.5242480048967437,0.6257306331817213,0.6530434939490025
USDMXN,5,2025-08-20,VAR1,88,6,2.1253619234767784,1.861912093701876,1.8049814278593082,2.359220216228622
USDMXN,5,2025-08-20,ARHinc,88,6,0.63824817868424355,0.5272899431578276,0.6288772190519498,0.6543745318611404
USDMXN,5,2025-08-20,KernelARH,88,6,0.5940219348870548,0.4815699538164873,0.543854093446993,0.638075934356299
USDMXN,10,2025-08-27,PM,88,6,0.21789420509821866,0.1321769230769229,0.3798232568206453,0.10805798718512698
USDMXN,10,2025-08-27,PA,88,6,0.6180031423212582,0.4960967523407885,0.6490939574584668,0.6371056996408653
USDMXN,10,2025-08-27,VAR1,88,6,5.748292879123101,4.247961357199839,8.235156049816393,3.4021961181945213
USDMXN,10,2025-08-27,ARHinc,88,6,0.61858079110866,0.4970497136915761,0.648679785691591,0.6376839470064081
USDMXN,10,2025-08-27,KernelARH,88,6,0.794632343214891,0.6215862750276675,1.0541596000617357,0.6940870809172092
USDMXN,1,2025-08-15,PM,88,7,0.07867331431060597,0.06611538461538471,0.0993717275925264,0.05604392596436689
USDMXN,1,2025-08-15,PA,88,7,0.577307362454217,0.46835458178668293,0.5240070808702744,0.6272495049433273
USDMXN,1,2025-08-15,VAR1,88,7,35.25229601515597,24.926022763139063,53.79154856871667,19.85889596297832
USDMXN,1,2025-08-15,ARHinc,88,7,0.595645928824346,0.48528879649303963,0.5497654339632585,0.6373571420420134
USDMXN,1,2025-08-15,KernelARH,88,7,0.5732352108326066,0.45897638577702143,0.518724581756113,0.6256602120259754
USDMXN,5,2025-08-21,PM,88,6,0.17985378676965527,0.08796923076923081,0.2912027972330249,0.08205206739327343
USDMXN,5,2025-08-21,PA,88,6,0.6004990746884183,0.47975764228438444,0.5828304385781317,0.6331255286336018
USDMXN,5,2025-08-21,VAR1,88,6,9.835452337692596,8.61340411329856,10.841061043440906,10.164751262529169
USDMXN,5,2025-08-21,ARHinc,88,6,0.6436041749016967,0.5238429802894197,0.6719196353396353,0.6483230564464824
USDMXN,5,2025-08-21,KernelARH,88,6,0.5940681542283143,0.4732282843380582,0.5625518442713779,0.6334306253870244
USDMXN,10,2025-08-28,PM,88,6,0.4921982089799565,0.2658461538461541,0.8750865774547129,0.2094670144656498
USDMXN,10,2025-08-28,PA,88,6,0.7273932370374847,0.5687667725391727,0.9613013081063384,0.6477631353959987
USDMXN,10,2025-08-28,VAR1,88,6,14.41699440296517,11.671436382252352,19.781992904170785,9.794309110198292
USDMXN,10,2025-08-28,ARHinc,88,6,0.8271657610444172,0.6465144378215809,1.1210801749876989,0.6920555441156879
USDMXN,10,2025-08-28,KernelARH,88,6,0.7727553642339288,0.6079887515090538,1.0231801764414477,0.677192367984446
USDMXN,1,2025-08-18,PM,88,7,0.12067072170548687,0.08007692307692307,0.15320977616801415,0.07588584040372096
USDMXN,1,2025-08-18,PA,88,7,0.5829054647704996,0.4670984345080034,0.5342484759694568,0.6304407050861296
USDMXN,1,2025-08-18,VAR1,88,7,30.39795900047659,22.162759358346186,46.741297664291075,16.819911571086877
USDMXN,1,2025-08-18,ARHinc,88,7,0.5941580875127416,0.48216713541424433,0.554197389537415,0.6354102220595925
USDMXN,1,2025-08-18,KernelARH,88,7,0.5866767803098986,0.4735669654578214,0.541750869843557,0.6318850571324007
USDMXN,5,2025-08-22,PM,88,6,0.27878719137887786,0.14545384615384602,0.49611192163646084,0.11703236956596523
USDMXN,5,2025-08-22,PA,88,6,0.6245375806474902,0.503986111369317,0.6812841343327183,0.633617449009026
USDMXN,5,2025-08-22,VAR1,88,6,12.076668377613819,10.068037229307732,14.945204787605837,11.478835226867917
USDMXN,5,2025-08-22,ARHinc,88,6,0.6023174813353269,0.47958831076350117,0.619078302221805,0.6304490577706185
USDMXN,5,2025-08-22,KernelARH,88,6,0.6376600833989822,0.5199513551290463,0.6990227786206394,0.6420646739357616
USDMXN,10,2025-08-29,PM,88,6,0.20792740967055717,0.13251538461538467,0.3239094878338423,0.10931267516496716
USDMXN,10,2025-08-29,PA,88,6,0.5847201687397103,0.4719092873929042,0.5759298013322999,0.6169717345919618
USDMXN,10,2025-08-29,VAR1,88,6,13.713178260170947,11.56616228819749,17.603847164865318,11.231127165548747
USDMXN,10,2025-08-29,ARHinc,88,6,0.5648106144809355,0.4454392797584758,0.5276366923596008,0.6124429111515777
USDMXN,10,2025-08-29,KernelARH,88,6,0.6628527403754022,0.540662192630976,0.6964185378892487,0.6601615382269639
USDMXN,1,2025-08-19,PM,88,7,0.13038909965059328,0.08236923076923088,0.2192054332436582,0.06645931261238615
USDMXN,1,2025-08-19,PA,88,7,0.6001652905065297,0.48094262939647486,0.5798758201868606,0.6344043438589598
USDMXN,1,2025-08-19,VAR1,88,7,21.85483271316539,15.808426730456873,33.96552802589439,11.814723289390416
USDMXN,1,2025-08-19,ARHinc,88,7,0.605525026509461,0.48625380785159805,0.5991713861498716,0.6343221476507725
USDMXN,1,2025-08-19,KernelARH,88,7,0.5969253180082781,0.4758394349350717,0.5689619582991078,0.6340015328682403
USDMXN,5,2025-08-25,PM,88,6,0.34358452660601135,0.15556153846153867,0.6292314774335583,0.1377171378512861
USDMXN,5,2025-08-25,PA,88,6,0.6436229176503513,0.5165393468187736,0.7476021309171943,0.6356115052779255
USDMXN,5,2025-08-25,VAR1,88,6,6.953318488394576,5.763875056790521,8.718355438798824,6.513206858402457
USDMXN,5,2025-08-25,ARHinc,88,6,0.6628596021613953,0.5338217029573048,0.7947860418694416,0.640067982741048
USDMXN,5,2025-08-25,KernelARH,88,6,0.648243746340529,0.5211851783204001,0.7583529803971584,0.6381414646798921
USDMXN,10,2025-09-01,PM,88,6,0.1504321339444367,0.10643076923076926,0.1968943416377219,0.09408863569075401
USDMXN,10,2025-09-01,PA,88,6,0.5710766947642906,0.4600607121434358,0.5307236265730946,0.6161615904169282
USDMXN,10,2025-09-01,VAR1,88,6,8.358555874356808,7.064698061415667,10.730889928105551,6.816499239346766
USDMXN,10,2025-09-01,ARHinc,88,6,0.5826100755163545,0.46982178932561053,0.5522603881916461,0.620486432234625
USDMXN,10,2025-09-01,KernelARH,88,6,0.5875138973757362,0.4747938446169467,0.5577130156966297,0.6267285911155612
USDMXN,1,2025-08-20,PM,88,7,0.04497991004540044,0.028100000000000062,0.053447717844905145,0.029774304453382708
USDMXN,1,2025-08-20,PA,88,7,0.5837292895926665,0.47140903771721554,0.5299204520444277,0.6318683684087283
USDMXN,1,2025-08-20,VAR1,88,7,4.411846548604748,3.267794021881079,6.707375179388531,2.4831727309632483
USDMXN,1,2025-08-20,ARHinc,88,7,0.584222308285368,0.47200802370428646,0.5303931766784797,0.631988885877475
USDMXN,1,2025-08-20,KernelARH,88,7,0.5855829856651421,0.4746637541114165,0.5389013385762886,0.6317729291861617
USDMXN,5,2025-08-26,PM,88,6,0.3419058434265648,0.18753846153846135,0.6042983653786451,0.1516489575362094
USDMXN,5,2025-08-26,PA,88,6,0.660503302076037,0.5309128418722231,0.7712729327469057,0.6453113224636521
USDMXN,5,2025-08-26,VAR1,88,6,2.9212394814903377,2.278163051937101,4.005253535925414,2.0489332606211823
USDMXN,5,2025-08-26,ARHinc,88,6,0.6940254459470976,0.5584932138859833,0.8434156005320468,0.6561313832953952
USDMXN,5,2025-08-26,KernelARH,88,6,0.6886218397793805,0.5519754705229859,0.8598161787551699,0.6463335745262343
USDMXN,10,2025-09-02,PM,88,6,0.33508334210140367,0.17226923076923087,0.5797145006893313,0.14424389370829008
USDMXN,10,2025-09-02,PA,88,6,0.6552560417951433,0.5358346647922062,0.7667867422460934,0.6317566779852172
USDMXN,10,2025-09-02,VAR1,88,6,1.5150989868463751,1.148019845671261,2.146323857901592,1.1078911546401153
USDMXN,10,2025-09-02,ARHinc,88,6,0.6305616191977024,0.5159962850338344,0.697121847787849,0.6298141714680952
USDMXN,10,2025-09-02,KernelARH,88,6,0.6142093798282635,0.5037278205610155,0.6626269471932944,0.6256681395367871
USDMXN,1,2025-08-21,PM,88,7,0.06188264327306586,0.04014615384615373,0.08952606288855085,0.03310224997059419
USDMXN,1,2025-08-21,PA,88,7,0.5875939093736455,0.4720688375111621,0.5422384841666078,0.6320501078785699
USDMXN,1,2025-08-21,VAR1,88,7,3.858725705674782,2.8282504781275173,5.893557926625488,2.247520905547516
USDMXN,1,2025-08-21,ARHinc,88,7,0.588141512108593,0.47249238970630847,0.5437513459634861,0.6322095679056587
USDMXN,1,2025-08-21,KernelARH,88,7,0.5886404489668043,0.4702207883525926,0.5460371912291531,0.6318092740804365
USDMXN,5,2025-08-27,PM,88,6,0.35103191286000457,0.1913307692307693,0.6219965459010569,0.15503991642183088
USDMXN,5,2025-08-27,PA,88,6,0.6696168314278234,0.5382066824926192,0.8030086146976145,0.6452342261088305
USDMXN,5,2025-08-27,VAR1,88,6,1.059857971954392,0.8935877882327793,1.007558473524605,1.0856623043804898
USDMXN,5,2025-08-27,ARHinc,88,6,0.675109188739803,0.5430394893867314,0.8139485166706165,0.647279503413411
USDMXN,5,2025-08-27,KernelARH,88,6,0.6916468950080418,0.5525311300810872,0.8711243561560791,0.6462535126155845
USDMXN,10,2025-09-03,PM,88,6,0.23723213639484328,0.12387692307692298,0.4168550305995249,0.10419186071314548
USDMXN,10,2025-09-03,PA,88,6,0.6078662051971124,0.4912666996308191,0.6412764294168687,0.6282540649616599
USDMXN,10,2025-09-03,VAR1,88,6,3.1502983921227887,2.2989065294270348,4.649889891514643,1.8393228755553956
USDMXN,10,2025-09-03,ARHinc,88,6,0.6055903908853483,0.4898615776834695,0.633258505897674,0.628271226747751
USDMXN,10,2025-09-03,KernelARH,88,6,0.5874273116953088,0.4737818519316298,0.5799728159742152,0.6261998050190384
USDMXN,1,2025-08-22,PM,88,7,0.23693045068445376,0.16367692307692294,0.38425517119506614,0.12731085386917554
USDMXN,1,2025-08-22,PA,88,7,0.6080343038530936,0.4949386815679798,0.6096040659253196,0.636886025373485
USDMXN,1,2025-08-22,VAR1,88,7,3.5346628546647074,2.5831442147277994,5.4437847512059845,2.039454092860559
USDMXN,1,2025-08-22,ARHinc,88,7,0.6079378347567006,0.49480151380349496,0.6084197360732482,0.6371190001512882
USDMXN,1,2025-08-22,KernelARH,88,7,0.6100925934312631,0.4978604246783223,0.6231943685031686,0.6356165656720311
USDMXN,5,2025-08-28,PM,88,6,0.4048249384230555,0.23361538461538467,0.7074219589765386,0.18580308600755788
USDMXN,5,2025-08-28,PA,88,6,0.6711681595251523,0.5364812052075151,0.8155714858961232,0.640871749763526
USDMXN,5,2025-08-28,VAR1,88,6,1.1037618191395324,0.9278666862251551,1.124391095039982,1.1167774832137742
USDMXN,5,2025-08-28,ARHinc,88,6,0.6709321669004353,0.5364958606814297,0.8143442579586981,0.6410666965464197
USDMXN,5,2025-08-28,KernelARH,88,6,0.6930776768382768,0.5501487162351475,0.8797696837976454,0.6426160761500611
USDMXN,10,2025-09-04,PM,88,6,0.31884646353330054,0.1598769230769228,0.542406666020576,0.13893341122779926
USDMXN,10,2025-09-04,PA,88,6,0.6333856130254362,0.5131662979074123,0.7184836344058074,0.6316411805326827
USDMXN,10,2025-09-04,VAR1,88,6,2.798753581190907,2.1164337624583442,4.101829678935028,1.6963770623452639
USDMXN,10,2025-09-04,ARHinc,88,6,0.6338528590065884,0.5136772500881043,0.7195454156745783,0.631771467020366
USDMXN,10,2025-09-04,KernelARH,88,6,0.6077360430573195,0.48988318781190826,0.6471435676918434,0.6284333090806383
USDMXN,1,2025-08-25,PM,88,7,0.12280711110705898,0.08286923076923071,0.18065135877415225,0.06653099628957694
USDMXN,1,2025-08-25,PA,88,7,0.6018505404431297,0.4885151837887154,0.5855436234727415,0.6327795492947402
USDMXN,1,2025-08-25,VAR1,88,7,5.467885131114873,4.108038868747296,7.940939716445086,3.3894078596857327
USDMXN,1,2025-08-25,ARHinc,88,7,0.6031762366340263,0.48793481658104987,0.5959668364481038,0.6325372134423991
USDMXN,1,2025-08-25,KernelARH,88,7,0.6033407807245591,0.489656888953512,0.6014938715030255,0.6317606238239787
USDMXN,5,2025-08-29,PM,88,6,0.1332078696566442,0.07731538461538458,0.22361807872066622,0.0663830310597036
USDMXN,5,2025-08-29,PA,88,6,0.562043838498749,0.4525418579702846,0.5127488596107377,0.613389324384405
USDMXN,5,2025-08-29,VAR1,88,6,4.5496239372474285,3.438843912048021,6.417662092870816,3.113240616671492
USDMXN,5,2025-08-29,ARHinc,88,6,0.5666312894199415,0.45908047125747686,0.5282016824599094,0.6138855738697689
USDMXN,5,2025-08-29,KernelARH,88,6,0.5726125504111996,0.46022028211019816,0.5377925948415835,0.6161995744620199
USDMXN,10,2025-09-05,PM,88,6,0.21693952985886317,0.12143076923076922,0.3704614557587639,0.09980006356778627
USDMXN,10,2025-09-05,PA,88,6,0.5965215097712802,0.48702414660975146,0.5901497322437176,0.6266012281560263
USDMXN,10,2025-09-05,VAR1,88,6,1.8319877055988774,1.3812415041747592,2.4527450766507197,1.3907466473708348
USDMXN,10,2025-09-05,ARHinc,88,6,0.6135479427312149,0.5064939730039997,0.6228679839134177,0.6334403191769918
USDMXN,10,2025-09-05,KernelARH,88,6,0.5640327020752841,0.4511333288202577,0.5005241582020631,0.6216122532234493
USDMXN,1,2025-08-26,PM,88,7,0.11045404543902483,0.07030769230769232,0.1800223064891772,0.053093002862590936
USDMXN,1,2025-08-26,PA,88,7,0.6143514325704426,0.4969783879634386,0.636238242124403,0.6369299093621258
USDMXN,1,2025-08-26,VAR1,88,7,22.640916944862287,17.15279680765717,34.295357026279966,13.083314651262471
USDMXN,1,2025-08-26,ARHinc,88,7,0.6173063104104408,0.497402971001986,0.6467022670797118,0.6377323273154577
USDMXN,1,2025-08-26,KernelARH,88,7,0.6187079825969323,0.4977703092590096,0.6596278395207285,0.6359482153377024
USDMXN,5,2025-09-01,PM,88,6,0.29021394627995484,0.11838461538461535,0.5325284381862387,0.11599508133213221
USDMXN,5,2025-09-01,PA,88,6,0.5977555728037092,0.4887208563348941,0.6102703682301163,0.6222773717806677
USDMXN,5,2025-09-01,VAR1,88,6,13.632090882734193,10.69726795501179,18.763464049965872,9.878770289150218
USDMXN,5,2025-09-01,ARHinc,88,6,0.5945185048479794,0.48463241932335765,0.6020797283834054,0.6216050493401314
USDMXN,5,2025-09-01,KernelARH,88,6,0.5641373008373011,0.44818987135202387,0.5226239929729902,0.6129626253606871
USDMXN,10,2025-09-08,PM,88,6,0.15024198429917587,0.08440769230769199,0.2591492310580486,0.07098577994614591
USDMXN,10,2025-09-08,PA,88,6,0.5732138487022197,0.4621403944880316,0.5151213233180053,0.6234605394216947
USDMXN,10,2025-09-08,VAR1,88,6,3.8793934986001024,3.6104443449478225,4.086522801610112,3.4600845647855283
USDMXN,10,2025-09-08,ARHinc,88,6,0.5713158144304687,0.45901335091144896,0.5112060832775007,0.6230853725703535
USDMXN,10,2025-09-08,KernelARH,88,6,0.5816358724061489,0.46550629998806337,0.5626156398378491,0.6239851998646936
USDMXN,1,2025-08-27,PM,88,7,0.03790359735312334,0.02713846153846153,0.05010872475674891,0.025152972359947293
USDMXN,1,2025-08-27,PA,88,7,0.6077984690120687,0.49386210055194957,0.5966979243570786,0.637935003418698
USDMXN,1,2025-08-27,VAR1,88,7,25.09651564769557,19.14234389892565,36.753665461928215,15.758199347541462
USDMXN,1,2025-08-27,ARHinc,88,7,0.6075470156177083,0.49392354007072325,0.5963370436864471,0.6375352188366663
USDMXN,1,2025-08-27,KernelARH,88,7,0.6086633855026495,0.49218450551062914,0.6141921312385267,0.6358728019056867
USDMXN,5,2025-09-02,PM,88,6,0.6341453136672649,0.313807692307692,1.136821399643683,0.2586562057361971
USDMXN,5,2025-09-02,PA,88,6,0.8211639813762046,0.6478605271235618,1.118967166419905,0.671735396076621
USDMXN,5,2025-09-02,VAR1,88,6,23.353481732301017,18.067888133370186,31.372122460145874,17.469165726336403
USDMXN,5,2025-09-02,ARHinc,88,6,0.8147631322840797,0.6427977236431325,1.105202249809872,0.6702272346111278
USDMXN,5,2025-09-02,KernelARH,88,6,0.6488778951060792,0.5299395279778986,0.7507825578329469,0.6301034191404953
USDMXN,10,2025-09-09,PM,88,6,0.11669832903688047,0.08172307692307687,0.14545497424262777,0.07751435163480892
USDMXN,10,2025-09-09,PA,88,6,0.5870699723040104,0.47289966047138093,0.5542900409371506,0.6288656808442604
USDMXN,10,2025-09-09,VAR1,88,6,9.377321692058498,8.095450834290226,9.20028686979739,8.766044434812267
USDMXN,10,2025-09-09,ARHinc,88,6,0.5866123088634692,0.47223857529510904,0.5586193812096069,0.6276660339524712
USDMXN,10,2025-09-09,KernelARH,88,6,0.7048403356573361,0.5608833727863516,0.879434554006887,0.651722493700354
USDMXN,1,2025-08-28,PM,88,7,0.08348445272117348,0.05071538461538456,0.11048650193645755,0.049687757320602044
USDMXN,1,2025-08-28,PA,88,7,0.5968713718393384,0.4885139745572185,0.593010336703471,0.627675386584587
USDMXN,1,2025-08-28,VAR1,88,7,18.900533471960863,14.456384722547709,27.69125649950929,11.861322437575147
USDMXN,1,2025-08-28,ARHinc,88,7,0.5971449805906307,0.4875160706161585,0.596459255818995,0.6277419548995796
USDMXN,1,2025-08-28,KernelARH,88,7,0.6007998327561247,0.48441424173059944,0.6266874642652644,0.6252098966961184
USDMXN,5,2025-09-03,PM,88,6,0.5569639972482685,0.2647538461538461,1.014013020050009,0.2237472311684317
USDMXN,5,2025-09-03,PA,88,6,0.7471789532161375,0.5940372878915966,0.9650227740144067,0.6596731274921221
USDMXN,5,2025-09-03,VAR1,88,6,19.156457817836202,14.610623699650818,25.848226415773965,14.18711913562938
USDMXN,5,2025-09-03,ARHinc,88,6,0.7287111376091538,0.5831553664377157,0.9272356998140187,0.6547882104933975
USDMXN,5,2025-09-03,KernelARH,88,6,0.603988066047868,0.485724927698384,0.6312614611094864,0.6278412428963085
USDMXN,10,2025-09-10,PM,88,6,0.32762541638514314,0.25930769230769235,0.45356058720844855,0.19912037639986538
USDMXN,10,2025-09-10,PA,88,6,0.6605783767475228,0.5326074746242864,0.7406141258456064,0.6520093599099059
USDMXN,10,2025-09-10,VAR1,88,6,7.483284922969701,6.37081217360385,7.211629864896722,7.079740666049786
USDMXN,10,2025-09-10,ARHinc,88,6,0.6783337777618312,0.5471368819785847,0.7755659563747149,0.6592858042997618
USDMXN,10,2025-09-10,KernelARH,88,6,0.8689202164448324,0.6892686150810916,1.1881703484544255,0.7081620341833448
USDMXN,1,2025-08-29,PM,88,7,0.2887534049083298,0.11237692307692305,0.5350164537958113,0.11289533615081061
USDMXN,1,2025-08-29,PA,88,7,0.5918334053656756,0.4890738844181547,0.5928291915165526,0.620480433530323
USDMXN,1,2025-08-29,VAR1,88,7,20.110068240064063,15.398012810160038,29.82711901999219,12.392975485581053
USDMXN,1,2025-08-29,ARHinc,88,7,0.5798615075508747,0.47629838345089787,0.5583715546382941,0.6184924489776896
USDMXN,1,2025-08-29,KernelARH,88,7,0.5612553285290345,0.45030651931867144,0.5101591751040204,0.6133091516647385
USDMXN,5,2025-09-04,PM,88,6,0.63938365002796,0.3288461538461536,1.1519153123638577,0.2637041356124305
USDMXN,5,2025-09-04,PA,88,6,0.8170955111117937,0.6450599077773469,1.1194391116389768,0.6754621730983519
USDMXN,5,2025-09-04,VAR1,88,6,19.99311123206351,15.096608964772063,27.06396665195606,14.708069009593999
USDMXN,5,2025-09-04,ARHinc,88,6,0.8297202102071328,0.6552172147172417,1.1413162240803196,0.6800361001977354
USDMXN,5,2025-09-04,KernelARH,88,6,0.6264288869896393,0.5056172417254126,0.6986667422805447,0.6315320539758853
USDMXN,10,2025-09-11,PM,88,6,0.427887667231986,0.30296153846153867,0.5947250628304006,0.24472365009929564
USDMXN,10,2025-09-11,PA,88,6,0.6751013532537522,0.5444730605384102,0.7263354073182051,0.662182314097881
USDMXN,10,2025-09-11,VAR1,88,6,8.078117195355512,6.821313729769919,7.816199605533057,7.657414761510662
USDMXN,10,2025-09-11,ARHinc,88,6,0.662438387381961,0.5337538843206034,0.7054967246204294,0.6563799896390203
USDMXN,10,2025-09-11,KernelARH,88,6,0.9252630070751374,0.7477020653836433,1.2282535162805872,0.7397380483692539
USDMXN,1,2025-09-01,PM,88,7,0.1406292178854627,0.0875000000000001,0.22564454417143545,0.07053087991153492
USDMXN,1,2025-09-01,PA,88,7,0.5691240183604024,0.46042882617996145,0.534274884070591,0.6136114058069875
USDMXN,1,2025-09-01,VAR1,88,7,24.645977300715384,18.9872163165681,37.19427670218048,14.67513771133288
USDMXN,1,2025-09-01,ARHinc,88,7,0.5662919698898911,0.4578894852648304,0.526214758576482,0.614259004380378
USDMXN,1,2025-09-01,KernelARH,88,7,0.5666873085103151,0.45066828803784104,0.532061027748647,0.6126386793506946
USDMXN,5,2025-09-05,PM,88,6,0.1644401925414736,0.11005384615384604,0.23883288786120382,0.09518447346404295
USDMXN,5,2025-09-05,PA,88,6,0.5734300263258636,0.46612271706848557,0.5211932778458885,0.6225622667947001
USDMXN,5,2025-09-05,VAR1,88,6,19.08302199945212,15.389702964955246,24.8112187261655,14.981865376780663
USDMXN,5,2025-09-05,ARHinc,88,6,0.5758382358470853,0.4700225928662452,0.5281047022238328,0.6236431066422709
USDMXN,5,2025-09-05,KernelARH,88,6,0.5678633056947572,0.4540455173936516,0.5051435866441043,0.6250302009674289
USDMXN,10,2025-09-12,PM,88,6,0.5681205773289817,0.41800000000000015,0.8874105538833695,0.2994776470422429
USDMXN,10,2025-09-12,PA,88,6,0.8096841361788563,0.6542097686294845,1.0493543715191365,0.6887347508057708
USDMXN,10,2025-09-12,VAR1,88,6,9.54525105678627,8.341898332777435,9.61437318329851,8.80569727475152
USDMXN,10,2025-09-12,ARHinc,88,6,0.7989695044702821,0.648279416780656,1.021535730977167,0.688976958673136
USDMXN,10,2025-09-12,KernelARH,88,6,0.9605799481064894,0.7815150636862399,1.2694657971740935,0.7628399934687273
USDMXN,1,2025-09-02,PM,88,7,0.31132892882460644,0.19168461538461523,0.5101921770801532,0.1460975836884346
USDMXN,1,2025-09-02,PA,88,7,0.6397199054906609,0.5210011852790689,0.7182652854920284,0.6287340174849526
USDMXN,1,2025-09-02,VAR1,88,7,15.754109116121105,12.45955996024601,21.761577975569377,11.306570629526941
USDMXN,1,2025-09-02,ARHinc,88,7,0.6389369138121356,0.5198815854937695,0.7193616343629758,0.627924916455867
USDMXN,1,2025-09-02,KernelARH,88,7,0.635506387779213,0.5175232474996149,0.7036754663764476,0.6289600038178444
USDMXN,5,2025-09-08,PM,88,6,0.17546476744744113,0.08487692307692295,0.3166001183062453,0.07478874160124459
USDMXN,5,2025-09-08,PA,88,6,0.5770338224600783,0.4559906681430625,0.5637082934088774,0.6186023612507899
USDMXN,5,2025-09-08,VAR1,88,6,18.447331787213567,15.517836683414462,21.987836564903045,15.849745053716179
USDMXN,5,2025-09-08,ARHinc,88,6,0.5773582077050942,0.45778862818569804,0.5651742676090238,0.6186105322972727
USDMXN,5,2025-09-08,KernelARH,88,6,0.5731138981152931,0.45663101845666065,0.5442494023677713,0.6201413062251162
USDMXN,10,2025-09-15,PM,88,6,0.6681111002727708,0.4741538461538459,1.0764117938253608,0.34152488228406314
USDMXN,10,2025-09-15,PA,88,6,0.8761803567646302,0.6934197699840671,1.1923747602388683,0.7069272761035386
USDMXN,10,2025-09-15,VAR1,88,6,11.24557454898099,9.807264223320347,12.481425947373374,9.450312575275712
USDMXN,10,2025-09-15,ARHinc,88,6,0.8849235130137179,0.7013980714027925,1.2012816958298247,0.7129968726381477
USDMXN,10,2025-09-15,KernelARH,88,6,0.9177667108813083,0.7397587394861156,1.2241718204518632,0.7385306444835368
USDMXN,1,2025-09-03,PM,88,7,0.12803654075782728,0.08145384615384625,0.19660903188789386,0.06662183310351007
USDMXN,1,2025-09-03,PA,88,7,0.5801955068899165,0.4592654254258517,0.5497678489712104,0.6221372565872273
USDMXN,1,2025-09-03,VAR1,88,7,22.868596947138855,19.712052116730398,27.62729667117228,20.424033232040358
USDMXN,1,2025-09-03,ARHinc,88,7,0.5802981250947682,0.4625544218816858,0.5486534378463329,0.622409707407292
USDMXN,1,2025-09-03,KernelARH,88,7,0.5754602911582041,0.45689082611185855,0.5371466379935519,0.6214090523479754
USDMXN,5,2025-09-09,PM,88,6,0.684853500617243,0.3823615384615385,1.193328459827746,0.2934886845235937
USDMXN,5,2025-09-09,PA,88,6,0.8514463667999397,0.6574708217752294,1.2112001470502738,0.6763845903739674
USDMXN,5,2025-09-09,VAR1,88,6,26.74234457755112,23.460428823209455,27.683650415359313,25.496751917909126
USDMXN,5,2025-09-09,ARHinc,88,6,0.8310218686173939,0.6451722246018565,1.168038789864261,0.6722431458000214
USDMXN,5,2025-09-09,KernelARH,88,6,0.7109269938848063,0.5648972135789613,0.8942989629080229,0.6526513393814304
USDMXN,10,2025-09-16,PM,88,6,0.5115660345373876,0.3479692307692309,0.7964298880277609,0.2705236680055902
USDMXN,10,2025-09-16,PA,88,6,0.7448633457565883,0.6034470995249451,0.8968441701043638,0.6748741632094345
USDMXN,10,2025-09-16,VAR1,88,6,21.316371526089803,19.080031681093903,27.092646977114303,15.466599267177756
USDMXN,10,2025-09-16,ARHinc,88,6,0.7293253908664789,0.5933983956831084,0.859376626056732,0.6724820954888262
USDMXN,10,2025-09-16,KernelARH,88,6,0.6587108554003145,0.5506899585378706,0.6775936846022742,0.6622859128630748
USDMXN,1,2025-09-04,PM,88,7,0.11283420444310172,0.06137692307692308,0.17731543293902383,0.052709060987744666
USDMXN,1,2025-09-04,PA,88,7,0.5713141187320137,0.4591626944158233,0.5380226502212824,0.6192716010169745
USDMXN,1,2025-09-04,VAR1,88,7,18.016305793600594,15.84261398847808,20.482364147930447,17.314966120028085
USDMXN,1,2025-09-04,ARHinc,88,7,0.5713634668574807,0.4620037701805233,0.5239162458045209,0.6213034840035981
USDMXN,1,2025-09-04,KernelARH,88,7,0.5704859158106921,0.46433653257899665,0.5307648961870467,0.6202610865650812
USDMXN,5,2025-09-10,PM,88,6,0.8052245386799308,0.522153846153846,1.3683477694153507,0.3770898462165014
USDMXN,5,2025-09-10,PA,88,6,0.9463782886455737,0.727030374090476,1.369960801761951,0.7162488668037733
USDMXN,5,2025-09-10,VAR1,88,6,22.067931272347295,19.85445318622627,23.486716288338975,21.451959232720224
USDMXN,5,2025-09-10,ARHinc,88,6,1.0015029505527997,0.7663559642160597,1.460359137704544,0.7400045319705052
USDMXN,5,2025-09-10,KernelARH,88,6,0.8800224437546106,0.6961817524648625,1.213269602407452,0.7105589297250797
USDMXN,10,2025-09-17,PM,88,6,0.5030185040181081,0.30453846153846154,0.8349391209798376,0.24277244055241096
USDMXN,10,2025-09-17,PA,88,6,0.7317696830690353,0.5911877308585883,0.9054252789501708,0.6655702711830651
USDMXN,10,2025-09-17,VAR1,88,6,16.308626599519233,15.17796476771362,20.467705715098624,12.529170235409387
USDMXN,10,2025-09-17,ARHinc,88,6,0.7732392117355759,0.6202102610924117,0.9808853311937712,0.6807760126341605
USDMXN,10,2025-09-17,KernelARH,88,6,0.688443668905992,0.5735413241153556,0.7751762298970967,0.6643627213045099
USDMXN,1,2025-09-05,PM,88,7,0.27713090491956766,0.14948461538461522,0.49542031079039667,0.1174297633685291
USDMXN,1,2025-09-05,PA,88,7,0.6087306172829774,0.485416728557018,0.6407890386721892,0.6262524565054739
USDMXN,1,2025-09-05,VAR1,88,7,18.169133862199853,16.735280146786994,20.542508207042665,17.930378544312138
USDMXN,1,2025-09-05,ARHinc,88,7,0.604171294802222,0.4808125605115229,0.629559259262816,0.6251194468049565
USDMXN,1,2025-09-05,KernelARH,88,7,0.6180001802140254,0.4927970481378256,0.6645194284076179,0.6283368648104714
USDMXN,5,2025-09-11,PM,88,6,0.9257493118882338,0.6315769230769233,1.5117775473205182,0.4508584101817892
USDMXN,5,2025-09-11,PA,88,6,1.058774881856589,0.8208425401220529,1.5156884690666526,0.7635571069408056
USDMXN,5,2025-09-11,VAR1,88,6,20.992265987352752,19.507627293426477,18.769224067350518,23.102438577467797
USDMXN,5,2025-09-11,ARHinc,88,6,1.056929712707862,0.8200289032208662,1.5113519607708665,0.7634484414649441
USDMXN,5,2025-09-11,KernelARH,88,6,1.019592252076592,0.7966518180534614,1.440087364468498,0.7529031594778509
USDMXN,10,2025-09-18,PM,88,6,0.6272927791464131,0.37538461538461554,1.047787373421492,0.29001429454089817
USDMXN,10,2025-09-18,PA,88,6,0.8186403470710918,0.6492975225103466,1.084055366211953,0.6834541320030368
USDMXN,10,2025-09-18,VAR1,88,6,22.345894421917986,18.394289417412562,30.053658984336913,16.51323558295536
USDMXN,10,2025-09-18,ARHinc,88,6,0.8173876095496685,0.6483297992015119,1.0808323371257698,0.6833149847739716
USDMXN,10,2025-09-18,KernelARH,88,6,0.7073744053423157,0.5748824907806269,0.8337231926603896,0.6599030221426458
USDMXN,1,2025-09-08,PM,88,7,0.13897557892831947,0.07588461538461536,0.23604164347951073,0.061548961211410146
USDMXN,1,2025-09-08,PA,88,7,0.5712875759903508,0.457011771523963,0.5488601690996138,0.616989101054564
USDMXN,1,2025-09-08,VAR1,88,7,12.549942195236717,10.171093100187028,15.374215613092595,11.907487464149657
USDMXN,1,2025-09-08,ARHinc,88,7,0.5688067666974082,0.4496650082560877,0.5379629573557628,0.6173699078029898
USDMXN,1,2025-09-08,KernelARH,88,7,0.5755810927206204,0.4568249442277072,0.5618000466359161,0.618089711846923
USDMXN,5,2025-09-12,PM,88,6,0.7032092983654954,0.5236538461538461,1.0787078622463144,0.3783083786212153
USDMXN,5,2025-09-12,PA,88,6,0.8963501368841486,0.7169071938914093,1.1931425748616957,0.7228890271871505
USDMXN,5,2025-09-12,VAR1,88,6,10.380464332430751,9.383679961352128,9.456321525158568,10.73727574837122
USDMXN,5,2025-09-12,ARHinc,88,6,0.8808867754873921,0.6991300122614661,1.181679828585946,0.7101071391843142
USDMXN,5,2025-09-12,KernelARH,88,6,0.9211285819277605,0.7469627912938045,1.2188196585981106,0.73803433977594
USDMXN,10,2025-09-19,PM,88,6,0.31596553792122034,0.1899384615384614,0.48486901217824474,0.16237030291972934
USDMXN,10,2025-09-19,PA,88,6,0.6390888365397153,0.5243902123221853,0.6933234561307162,0.6405752834163349
USDMXN,10,2025-09-19,VAR1,88,6,9.70161552439035,8.640961553245944,12.673017583662588,7.139266432176447
USDMXN,10,2025-09-19,ARHinc,88,6,0.6339761958274135,0.5163283779390314,0.6881256278392524,0.6386234087957336
USDMXN,10,2025-09-19,KernelARH,88,6,0.6713327968090532,0.5532155471805652,0.7416084880691179,0.6542930846067201
USDMXN,1,2025-09-09,PM,88,7,0.26275526050505044,0.15196153846153831,0.4495712814952721,0.11736246805428954
USDMXN,1,2025-09-09,PA,88,7,0.6287758449522063,0.5050268868687396,0.7142581476751094,0.6285425408316743
USDMXN,1,2025-09-09,VAR1,88,7,5.3522663711572855,4.002508895265052,7.372519742391525,4.28764647071126
USDMXN,1,2025-09-09,ARHinc,88,7,0.6296602877826879,0.503482160069885,0.72128306956235,0.6275255126853992
USDMXN,1,2025-09-09,KernelARH,88,7,0.6715965626666326,0.533117950554871,0.8285864771395377,0.6349064752380186
USDMXN,5,2025-09-15,PM,88,6,0.5728125112782744,0.43250000000000016,0.8621212794718657,0.31839364858164193
USDMXN,5,2025-09-15,PA,88,6,0.80971229530682165,0.6478433279191176,1.0426383731089353,0.6945939433674493
USDMXN,5,2025-09-15,VAR1,88,6,4.717246165060639,4.016809951164747,6.548936040835385,3.760923558669631
USDMXN,5,2025-09-15,ARHinc,88,6,0.8111693695877832,0.6467848324977181,1.0566296921048166,0.6905022995144121
USDMXN,5,2025-09-15,KernelARH,88,6,0.8988002159631627,0.7197046023570857,1.2151408799249346,0.7200054376131303
USDMXN,10,2025-09-22,PM,88,6,0.2518189024187513,0.1465923076923075,0.370344479986322,0.13462600231351268
USDMXN,10,2025-09-22,PA,88,6,0.6091339006428582,0.49489113661656997,0.6295452663069256,0.6329402136516779
USDMXN,10,2025-09-22,VAR1,88,6,2.566595019367115,1.7928070698630802,1.5428825578363226,3.421601844032102
USDMXN,10,2025-09-22,ARHinc,88,6,0.6126824119051116,0.49636715646979485,0.6430833649707598,0.633224771406167
USDMXN,10,2025-09-22,KernelARH,88,6,0.6761377693766684,0.5538360479055087,0.7727170147519026,0.6522541508590523
USDMXN,1,2025-09-10,PM,88,7,0.24876031095754064,0.19919230769230772,0.36779994638716895,0.1454018386195997
USDMXN,1,2025-09-10,PA,88,7,0.6328272839866682,0.5091227811365595,0.6952317967906623,0.6387017274042025
USDMXN,1,2025-09-10,VAR1,88,7,14.20770704743824,10.810389819720115,19.929885654680895,10.604548711523108
USDMXN,1,2025-09-10,ARHinc,88,7,0.6345792589172322,0.5101985029050872,0.6997481961631654,0.6390567850535166
USDMXN,1,2025-09-10,KernelARH,88,7,0.6653778912646323,0.536454419447192,0.7811136522004644,0.644607694536512
USDMXN,5,2025-09-16,PM,88,6,0.3217744820642127,0.18749230769230774,0.55840483382782935,0.15007154618034652
USDMXN,5,2025-09-16,PA,88,6,0.6171545353318002,0.49927772918119284,0.637465631943106,0.6384675306022828
USDMXN,5,2025-09-16,VAR1,88,6,10.2611905672587,8.427769193301678,14.03539796320601,7.80379376351994
USDMXN,5,2025-09-16,ARHinc,88,6,0.6158810354461955,0.4980005719013127,0.6367737350606687,0.6374096202772422
USDMXN,5,2025-09-16,KernelARH,88,6,0.6222841818855281,0.513001526550052,0.6175826418955295,0.6449052710379316
USDMXN,10,2025-09-23,PM,88,6,0.15929957868503838,0.09575384615384606,0.210612784188569,0.09625414574091866
USDMXN,10,2025-09-23,PA,88,6,0.5818989272657276,0.46237882599969954,0.5350014432300101,0.6322673666955486
USDMXN,10,2025-09-23,VAR1,88,6,3.4021442413773886,3.063082136190051,3.8415908592811117,3.328683433289786
USDMXN,10,2025-09-23,ARHinc,88,6,0.5807505501865433,0.4606791201503037,0.5324781166723005,0.6320875428839263
USDMXN,10,2025-09-23,KernelARH,88,6,0.7412416633396304,0.5991174832471732,0.9205482782920402,0.6682833611803783
USDMXN,1,2025-09-11,PM,88,7,0.1595508720415867,0.10941538461538475,0.2353191441799892,0.08409550509349381
USDMXN,1,2025-09-11,PA,88,7,0.5788016498090028,0.46373953801602164,0.5243908365405894,0.6284380911311792
USDMXN,1,2025-09-11,VAR1,88,7,17.611348391862123,13.380346544227368,24.39969591384154,13.138085609778289
USDMXN,1,2025-09-11,ARHinc,88,7,0.5761933625796899,0.4615328133848893,0.5224646427801805,0.6266708371831293
USDMXN,1,2025-09-11,KernelARH,88,7,0.6370775570511363,0.5155086092957372,0.6866221843882873,0.6395588424692541
USDMXN,5,2025-09-17,PM,88,6,0.3638245033402358,0.22566153846153847,0.6145883938375075,0.17283539410035964
USDMXN,5,2025-09-17,PA,88,6,0.6608017358093193,0.5374813557571403,0.7118801634449174,0.6537095063452802
USDMXN,5,2025-09-17,VAR1,88,6,17.2069136517146,13.304152481384547,24.296681583945247,12.005956060411794
USDMXN,5,2025-09-17,ARHinc,88,6,0.6706045921740242,0.5479175673284847,0.7246708413187108,0.6591830811964158
USDMXN,5,2025-09-17,KernelARH,88,6,0.6712299348974881,0.5550568116979412,0.7519949083615738,0.6548973113522405
USDMXN,10,2025-09-24,PM,88,6,0.20202425120990564,0.1466461538461539,0.3128338202811002,0.12028185108468674
USDMXN,10,2025-09-24,PA,88,6,0.586306710445175,0.4697504974249585,0.5365444176112155,0.6348826184891171
USDMXN,10,2025-09-24,VAR1,88,6,4.536237237596318,4.083450402909608,3.8440587634736665,5.25545787771944
USDMXN,10,2025-09-24,ARHinc,88,6,0.5919629060492249,0.4807396127403305,0.5410823846961519,0.6393907118491651
USDMXN,10,2025-09-24,KernelARH,88,6,0.800357522106329,0.6500138198315052,1.0224088161317646,0.6886681416038061
USDMXN,1,2025-09-12,PM,88,7,0.06849782422148101,0.05719230769230763,0.0807436931028841,0.05099313219359307
USDMXN,1,2025-09-12,PA,88,7,0.5710007717927301,0.46144990428290045,0.5103486305039608,0.6251778108767398
USDMXN,1,2025-09-12,VAR1,88,7,11.073677472594056,8.240728005477415,15.691538044100309,7.896048181212939
USDMXN,1,2025-09-12,ARHinc,88,7,0.5823480072903565,0.4708453095765123,0.5410913363152342,0.629017066474336
USDMXN,1,2025-09-12,KernelARH,88,7,0.6633483521630166,0.5421298513716603,0.7410259678174329,0.6508037790757181
USDMXN,5,2025-09-18,PM,88,6,0.35871482673995636,0.26252307692307686,0.5410410762950502,0.20167824709584872
USDMXN,5,2025-09-18,PA,88,6,0.6468648513278636,0.5309643807574902,0.6691707469964521,0.6524764185756878
USDMXN,5,2025-09-18,VAR1,88,6,10.052866096468986,7.763634310674461,14.174108596794186,7.045862106557678
USDMXN,5,2025-09-18,ARHinc,88,6,0.6336559168416842,0.5224200720836821,0.6442224790440363,0.6466101987374293
USDMXN,5,2025-09-18,KernelARH,88,6,0.7720939717128039,0.6288589541711193,0.941859438604731,0.6917823401931592
USDMXN,10,2025-09-25,PM,88,6,0.4363323098458154,0.29909230769230777,0.6894076260180789,0.22689964616431618
USDMXN,10,2025-09-25,PA,88,6,0.6800459197345242,0.556597174261124,0.7653684394715254,0.6571913241116875
USDMXN,10,2025-09-25,VAR1,88,6,2.9878548304978256,2.665291929841617,2.7605148984865737,3.3059897910810414
USDMXN,10,2025-09-25,ARHinc,88,6,0.6653686083449923,0.5466587676857535,0.7378414579035825,0.650874566488122
USDMXN,10,2025-09-25,KernelARH,88,6,0.7390966916102232,0.6105531546567607,0.8493489013368316,0.6867780405684156
USDMXN,1,2025-09-15,PM,88,7,0.07386558738682024,0.04699999999999988,0.0994849937001263,0.045332203862671984
USDMXN,1,2025-09-15,PA,88,7,0.5731747406181383,0.463423194502331,0.5181644469565649,0.6244031017801768
USDMXN,1,2025-09-15,VAR1,88,7,9.502678135044855,6.806526740611315,13.779132073275898,6.101852009428362
USDMXN,1,2025-09-15,ARHinc,88,7,0.5788818885342532,0.4696536805806035,0.5175612911304877,0.627628916623371
USDMXN,1,2025-09-15,KernelARH,88,7,0.5794742253808531,0.4707963714249665,0.5242052692381352,0.6271321921743861
USDMXN,5,2025-09-19,PM,88,6,0.45501289077259205,0.3513461538461537,0.6845710571538828,0.2607544707831853
USDMXN,5,2025-09-19,PA,88,6,0.7111269462957976,0.5882160678868256,0.7982269086159719,0.6748953446489869
USDMXN,5,2025-09-19,VAR1,88,6,10.621961901901859,8.026280715115446,15.189500762186537,7.093203387662686
USDMXN,5,2025-09-19,ARHinc,88,6,0.7625943076788004,0.6348099958650587,0.8938638494909701,0.6939031443856026
USDMXN,5,2025-09-19,KernelARH,88,6,0.7518429837626864,0.6197520094138494,0.8804919287525591,0.6961202727230094
USDMXN,10,2025-09-26,PM,88,6,0.4348982529105117,0.27673846153846143,0.7209759224147468,0.21677103206176043
USDMXN,10,2025-09-26,PA,88,6,0.6898990639733964,0.5581275261156236,0.8226101452789653,0.6533201566089639
USDMXN,10,2025-09-26,VAR1,88,6,4.117524317793602,3.483305521236443,5.080670419473254,3.6645428373784754
USDMXN,10,2025-09-26,ARHinc,88,6,0.734858941625269,0.6010070908222265,0.9107202965357036,0.6679450082317927
USDMXN,10,2025-09-26,KernelARH,88,6,0.8913111259464497,0.724758027969884,1.055855176930213,0.785952750467333
USDMXN,1,2025-09-16,PM,88,7,0.508870421393532,0.31896153846153846,0.8563903985383864,0.2333994572295094
USDMXN,1,2025-09-16,PA,88,7,0.7426153290467851,0.6033575065820461,0.9192592182967706,0.6664869350484276
USDMXN,1,2025-09-16,VAR1,88,7,15.372037085057064,10.70537550438258,22.6696604955032,9.432048275798902
USDMXN,1,2025-09-16,ARHinc,88,7,0.7372265518567253,0.5971037525947042,0.9097192028718081,0.6647569931096977
USDMXN,1,2025-09-16,KernelARH,88,7,0.6936377240641017,0.5625242207089992,0.8171360789665828,0.6535394768276556
USDMXN,5,2025-09-22,PM,88,6,0.3970292447085556,0.313807692307692,0.5935970669290296,0.23350544785126295
USDMXN,5,2025-09-22,PA,88,6,0.6897497049694917,0.5719212598855041,0.7440660226894753,0.6686953962710591
USDMXN,5,2025-09-22,VAR1,88,6,15.372184025451201,11.466296466091748,22.32952134821646,9.774375535340514
USDMXN,5,2025-09-22,ARHinc,88,6,0.699619230680985,0.578734596522048,0.7626101961228051,0.6728387282989653
USDMXN,5,2025-09-22,KernelARH,88,6,0.6698834928370294,0.5475717796917884,0.761096349656548,0.6506939771174655
USDMXN,10,2025-09-29,PM,88,6,0.29600600955438006,0.20247692307692333,0.47419410347604524,0.1633008448743029
USDMXN,10,2025-09-29,PA,88,6,0.6471303646811156,0.5239522617631984,0.6830981683731477,0.650082367879356
USDMXN,10,2025-09-29,VAR1,88,6,5.659609481743036,4.642593081514138,7.499661888505925,4.616021660510765
USDMXN,10,2025-09-29,ARHinc,88,6,0.6537954529752211,0.5286305438187668,0.697747574811472,0.651692537538509
USDMXN,10,2025-09-29,KernelARH,88,6,0.7876412020240838,0.6447233779837713,0.9679133446440844,0.6989081582532712
USDMXN,1,2025-09-17,PM,88,7,0.14961460104600047,0.08967692307692327,0.2608768927834311,0.07404883631140131
USDMXN,1,2025-09-17,PA,88,7,0.5787698521714458,0.459277959138032,0.5449791786417515,0.6277357752886948
USDMXN,1,2025-09-17,VAR1,88,7,8.987204135566808,6.893967655582854,12.954002483390735,5.882894699227968
USDMXN,1,2025-09-17,ARHinc,88,7,0.6505524125722969,0.525516056267972,0.7398978908384244,0.6412719166235091
USDMXN,1,2025-09-17,KernelARH,88,7,0.778825058824881,0.6276696561317433,0.9840340056375131,0.6827044820870813
USDMXN,5,2025-09-23,PM,88,6,0.2837781500777298,0.16364615384615389,0.4970695656516631,0.1299990159170639
USDMXN,5,2025-09-23,PA,88,6,0.6187682006089207,0.4914507132194355,0.6652122105016308,0.6349453226936164
USDMXN,5,2025-09-23,VAR1,88,6,11.228640844825536,9.06840933996394,15.272531378859561,8.500408220734752
USDMXN,5,2025-09-23,ARHinc,88,6,0.673355616768309,0.5402459729634621,0.808342247985226,0.6426334504242399
USDMXN,5,2025-09-23,KernelARH,88,6,0.7250239991921523,0.5800364900406734,0.8995730206652782,0.6601329753794066
USDMXN,10,2025-09-30,PM,88,6,0.5001760074829045,0.3065307692307693,0.8193735686820957,0.23897880147074582
USDMXN,10,2025-09-30,PA,88,6,0.7425398233124922,0.5892249079689273,0.9424321882422223,0.6618118244462949
USDMXN,10,2025-09-30,VAR1,88,6,5.15299458353598,4.678133637245084,5.701698652982688,5.228975479467521
USDMXN,10,2025-09-30,ARHinc,88,6,0.8415093900435738,0.6652210488720486,1.1263129117087283,0.6943395612070989
USDMXN,10,2025-09-30,KernelARH,88,6,0.9181277709972431,0.7339071942379768,1.2232778338021524,0.7355238035753321
USDMXN,1,2025-09-18,PM,88,7,0.09608009479275408,0.05649230769230767,0.142065733539411,0.050556416688337116
USDMXN,1,2025-09-18,PA,88,7,0.564123501239702,0.4497178202285566,0.501735808577298,0.6228205058434532
USDMXN,1,2025-09-18,VAR1,88,7,1.8168400751909664,1.386050825075618,2.6168020682609785,1.2274181321413673
USDMXN,1,2025-09-18,ARHinc,88,7,0.5980314471789504,0.479594162338757,0.6044371689748959,0.6285831289716658
USDMXN,1,2025-09-18,KernelARH,88,7,0.5680309575120375,0.45760930851246295,0.512117999815547,0.6238450214135681
USDMXN,5,2025-09-24,PM,88,6,0.21956383774691543,0.13569230769230747,0.3536213489405149,0.10442770471853861
USDMXN,5,2025-09-24,PA,88,6,0.5895423235629211,0.47327758144754695,0.5863376458019238,0.626750061269278
USDMXN,5,2025-09-24,VAR1,88,6,2.57299298034589,1.9477260560460328,3.7190538693574453,1.7122824626753772
USDMXN,5,2025-09-24,ARHinc,88,6,0.6303803046656857,0.5121814778618822,0.6947604312390262,0.6351127430845276
USDMXN,5,2025-09-24,KernelARH,88,6,0.8141978185047398,0.6619703607781846,1.0428832283606466,0.6972562025669304
USDMXN,10,2025-10-01,PM,88,6,0.4420951646595839,0.3097692307692311,0.6847293183015962,0.23242883432488862
USDMXN,10,2025-10-01,PA,88,6,0.700121262601326,0.5673132155421914,0.8351446391503928,0.659020660930686
USDMXN,10,2025-10-01,VAR1,88,6,2.8141680487321814,2.0604642018440407,4.105460299192899,1.8608095620880238
USDMXN,10,2025-10-01,ARHinc,88,6,0.7689565176030688,0.6155095280814264,0.9762666735250245,0.6795712897845227
USDMXN,10,2025-10-01,KernelARH,88,6,0.9864863156830692,0.7818176265634477,1.3449835320171757,0.7619723699050094
USDMXN,1,2025-09-19,PM,88,7,0.09445048560367088,0.055007692307692396,0.15095369824677787,0.04669226144691286
USDMXN,1,2025-09-19,PA,88,7,0.5701935048451914,0.4606384411461986,0.5113401534373677,0.6252018238248435
USDMXN,1,2025-09-19,VAR1,88,7,8.083161605154876,5.109175446008938,12.271796933328861,4.361020566906647
USDMXN,1,2025-09-19,ARHinc,88,7,0.5803306203356794,0.4746311508451432,0.5370295748713747,0.6276641592628308
USDMXN,1,2025-09-19,KernelARH,88,7,0.6322175769644884,0.5260096987097317,0.6629876663798487,0.6403100196200158
USDMXN,5,2025-09-25,PM,88,6,0.1054072687611832,0.059376923076922994,0.1725308100019149,0.04987402554712429
USDMXN,5,2025-09-25,PA,88,6,0.5846579086355917,0.4752423872355753,0.5585142796758796,0.6266636476903272
USDMXN,5,2025-09-25,VAR1,88,6,1.9996447396024828,1.4445857107800064,2.684214451171906,1.6059553994549263
USDMXN,5,2025-09-25,ARHinc,88,6,0.5962342618427359,0.4881059620276422,0.5882703530183002,0.6291688066703437
USDMXN,5,2025-09-25,KernelARH,88,6,0.879149685513092,0.7138423690662309,1.0078308003487373,0.8084677164138415
USDMXN,10,2025-10-02,PM,88,6,0.2533180199487775,0.20129230769230766,0.35240616963715143,0.17003925230896733
USDMXN,10,2025-10-02,PA,88,6,0.6088449057447658,0.5015743707135072,0.6010945495525157,0.6434442869575094
USDMXN,10,2025-10-02,VAR1,88,6,1.5348592727805028,1.1519124118448616,2.1563138355882425,1.0740514692997856
USDMXN,10,2025-10-02,ARHinc,88,6,0.596048857769632,0.48755019389886217,0.5671941519074352,0.6404296556627287
USDMXN,10,2025-10-02,KernelARH,88,6,1.1258737611907845,0.9024329605263024,1.4647326032131964,0.9065627002333572
USDMXN,1,2025-09-22,PM,88,7,0.07003350846339418,0.04642307692307696,0.10575207849418633,0.03633052773752001
USDMXN,1,2025-09-22,PA,88,7,0.5617681398762407,0.4464062764118774,0.49757721663685106,0.6219914582060669
USDMXN,1,2025-09-22,VAR1,88,7,1.632285547353427,1.2593114763021016,2.36185467738682,1.0934999452028877
USDMXN,1,2025-09-22,ARHinc,88,7,0.561670331514048,0.4465487558839111,0.4975680630336305,0.6219924955124231
USDMXN,1,2025-09-22,KernelARH,88,7,0.5616369772944135,0.4457287670105083,0.496038384847556,0.6221407025989618
USDMXN,5,2025-09-26,PM,88,6,0.18249733928513548,0.13556923076923083,0.255679732191447,0.13115883530447597
USDMXN,5,2025-09-26,PA,88,6,0.58364652259583,0.4741962114917902,0.5564290298059869,0.6316099200845459
USDMXN,5,2025-09-26,VAR1,88,6,2.4780375843193463,1.8278997626737468,3.5325391989643085,1.6439843905445288
USDMXN,5,2025-09-26,ARHinc,88,6,0.586499450113661,0.4777825953666223,0.5601493812074042,0.6333165791298743
USDMXN,5,2025-09-26,KernelARH,88,6,0.7809466523166223,0.6462472911303199,0.8709890909156786,0.7346949798562558
USDMXN,10,2025-10-03,PM,88,6,0.5386446845127557,0.39984615384615396,0.820405127399426,0.3013267542479569
USDMXN,10,2025-10-03,PA,88,6,0.7473105609205357,0.6104714647104529,0.9127777350239975,0.6804858802569493
USDMXN,10,2025-10-03,VAR1,88,6,2.473568645392079,1.7747534127559228,3.648111250582833,1.563285230755001
USDMXN,10,2025-10-03,ARHinc,88,6,0.7586576540468,0.619864977808327,0.9317299465545922,0.6854141800236716
USDMXN,10,2025-10-03,KernelARH,88,6,1.2388729874003837,0.9805702981200508,1.7035757810695544,0.9143116117546929
USDMXN,1,2025-09-23,PM,88,7,0.11887121343965242,0.0658000000000001,0.19901369853613599,0.053312700339490156
USDMXN,1,2025-09-23,PA,88,7,0.579129792030066,0.465133749967726,0.5496922413601163,0.626738411394186
USDMXN,1,2025-09-23,VAR1,88,7,3.845053750739793,2.451477064444717,5.8147608802341,2.140499411605953
USDMXN,1,2025-09-23,ARHinc,88,7,0.5744398306492451,0.4608913517249919,0.5327935706370728,0.626171552506936
USDMXN,1,2025-09-23,KernelARH,88,7,0.5820517062201574,0.4668996466004757,0.5599286764892886,0.6270636735621046
USDMXN,5,2025-09-29,PM,88,6,0.21442160572106536,0.15096153846153842,0.3060423494843837,0.14081906240540987
USDMXN,5,2025-09-29,PA,88,6,0.6024777779428385,0.49940135225341276,0.5904579045623517,0.6392443543273237
USDMXN,5,2025-09-29,VAR1,88,6,0.6591715097128251,0.5037714654214552,0.6022136125134393,0.734704441824723
USDMXN,5,2025-09-29,ARHinc,88,6,0.5974509855532464,0.49463929136463497,0.5786803208934509,0.6372198811029643
USDMXN,5,2025-09-29,KernelARH,88,6,0.701879963548685,0.574072269634746,0.7855015000381842,0.6846652898197935
USDMXN,10,2025-10-06,PM,88,6,0.6690204018390792,0.4843076923076926,1.0451444464733883,0.3568936176465233
USDMXN,10,2025-10-06,PA,88,6,0.8531397408576656,0.6838543309188985,1.1428194176525408,0.7085857221456392
USDMXN,10,2025-10-06,VAR1,88,6,1.7327765689871122,1.229603214913153,2.6072283352481884,1.0382981177085124
USDMXN,10,2025-10-06,ARHinc,88,6,0.8340860231281929,0.6696451475071685,1.1082166166870673,0.7016394789432473
USDMXN,10,2025-10-06,KernelARH,88,6,1.3836610659025423,1.0776742479661081,1.9807712985694985,0.9691414392682784
USDMXN,1,2025-09-24,PM,88,7,0.09800775087088376,0.06930769230769224,0.12801851525166555,0.06059980315034117
USDMXN,1,2025-09-24,PA,88,7,0.5692026711987427,0.45536213645935664,0.5175095110466557,0.6248098665843571
USDMXN,1,2025-09-24,VAR1,88,7,15.295078130831598,9.420304058696036,23.36024936710446,7.983925530537973
USDMXN,1,2025-09-24,ARHinc,88,7,0.577377481815194,0.4634139797991266,0.5463190678999188,0.625573721285685
USDMXN,1,2025-09-24,KernelARH,88,7,0.5716513599044554,0.457380242080788,0.5285912853241195,0.6245846826832078
USDMXN,5,2025-09-30,PM,88,6,0.30303569858250134,0.23096153846153847,0.428815951554403,0.19204012712460602
USDMXN,5,2025-09-30,PA,88,6,0.6344702204376791,0.5212951450072478,0.6636632722832307,0.6498042309476212
USDMXN,5,2025-09-30,VAR1,88,6,9.994634514359275,7.1122311181083155,14.38451034203239,6.511385923816224
USDMXN,5,2025-09-30,ARHinc,88,6,0.6551782883146541,0.5366130113732829,0.7142523480320573,0.6548581672550053
USDMXN,5,2025-09-30,KernelARH,88,6,0.7263629461933783,0.591900259625237,0.8618755689392567,0.6793432886840904
USDMXN,10,2025-10-07,PM,88,6,0.6016206637715522,0.44838461538461527,0.9231449461704713,0.33139682778737306
USDMXN,10,2025-10-07,PA,88,6,0.8185026222561121,0.6585544067608573,1.0687599418550895,0.700557240950253
USDMXN,10,2025-10-07,VAR1,88,6,4.716317742082256,3.4622123953617545,6.543112328836834,3.401974137450476
USDMXN,10,2025-10-07,ARHinc,88,6,0.8541221036660407,0.6831736414302639,1.140443259357519,0.7104021587406755
USDMXN,10,2025-10-07,KernelARH,88,6,1.2906906492607537,1.00564480465039,1.8534732248921182,0.9074541632537045
USDMXN,1,2025-09-25,PM,88,7,0.23291049370288805,0.1307076923076922,0.3960480435541783,0.103529479855797
USDMXN,1,2025-09-25,PA,88,7,0.5907782596415064,0.4852000027160848,0.5687356561901359,0.6284712317103612
USDMXN,1,2025-09-25,VAR1,88,7,9.21609736692614,5.585992905597586,14.036872817339006,4.783559129653369
USDMXN,1,2025-09-25,ARHinc,88,7,0.5684825621147912,0.46076559648692333,0.5099104654129123,0.6233838492838544
USDMXN,1,2025-09-25,KernelARH,88,7,0.5856000966502635,0.47954227028723956,0.5541159407992745,0.6274219058377671
USDMXN,5,2025-10-01,PM,88,6,0.25253090062253924,0.1901538461538463,0.369997011334965,0.1547612717708782
USDMXN,5,2025-10-01,PA,88,6,0.6268887996648035,0.519152470209864,0.6634386547379598,0.6427225797800874
USDMXN,5,2025-10-01,VAR1,88,6,6.2156899803759575,4.462394373482144,8.81005007259581,4.145616040837008
USDMXN,5,2025-10-01,ARHinc,88,6,0.6743574559229253,0.5513171067357007,0.7662307719946322,0.6597135339863158
USDMXN,5,2025-10-01,KernelARH,88,6,0.6915948485065772,0.561848004197378,0.8008944184894331,0.6643016158701253
USDMXN,10,2025-10-08,PM,88,6,0.4966523218974758,0.37703846153846166,0.7525825406145661,0.2793131062809009
USDMXN,10,2025-10-08,PA,88,6,0.7609914838196942,0.6142921149752351,0.956511252836232,0.680457302807744
USDMXN,10,2025-10-08,VAR1,88,6,3.828421098161743,2.8021022411093113,5.30745068833235,2.715101587535587
USDMXN,10,2025-10-08,ARHinc,88,6,0.8336445088101299,0.6693912272649286,1.0909884845715863,0.7078374841325513
USDMXN,10,2025-10-08,KernelARH,88,6,0.9045822407851751,0.7272704700186997,1.2111843567801066,0.7349484774511658
USDMXN,1,2025-09-26,PM,88,7,0.1625801577447497,0.11474615384615394,0.2288225354237945,0.11834141377621442
USDMXN,1,2025-09-26,PA,88,7,0.5736318455418268,0.4656511102012243,0.5239930168453776,0.6285597486783039
USDMXN,1,2025-09-26,VAR1,88,7,6.0507080160040605,3.9468531526206174,9.154771499611249,3.3970756044563126
USDMXN,1,2025-09-26,ARHinc,88,7,0.5760578360387673,0.4625394338173455,0.5485341905927642,0.6267054463715438
USDMXN,1,2025-09-26,KernelARH,88,7,0.6083690659874363,0.49706435288058176,0.5836792532713015,0.6452900702765813
USDMXN,5,2025-10-02,PM,88,6,0.32608832569389257,0.23876153846153841,0.4971829214647179,0.19277329463558365
USDMXN,5,2025-10-02,PA,88,6,0.6429412221659617,0.5271568363930579,0.7000484288153302,0.6479415156215315
USDMXN,5,2025-10-02,VAR1,88,6,5.4995466463783425,4.220948756334828,7.778651788131983,3.8823439648486127
USDMXN,5,2025-10-02,ARHinc,88,6,0.5881328324403965,0.47927396562124985,0.5640403436976955,0.6328173400743462
USDMXN,5,2025-10-02,KernelARH,88,6,1.018979342395859,0.8127004040931496,1.337690134647835,0.814768362168314
USDMXN,10,2025-10-09,PM,88,6,0.5771377152012267,0.411869230769231,0.9044163323244397,0.30942222391136437
USDMXN,10,2025-10-09,PA,88,6,0.7913420671689779,0.6389225718855139,1.0230609242577957,0.6864868792190434
USDMXN,10,2025-10-09,VAR1,88,6,3.1801464758863376,2.8262810784291923,3.999637851098425,2.8342836859930713
USDMXN,10,2025-10-09,ARHinc,88,6,0.6952527845143608,0.5633918993672414,0.8263373524609321,0.6577701194826335
USDMXN,10,2025-10-09,KernelARH,88,6,1.3066135849664822,1.0307362600547714,1.8233966738218244,0.9408086044238764
USDMXN,1,2025-09-29,PM,88,7,0.18125168434230648,0.10429230769230768,0.3016482988789822,0.08252001988384394
USDMXN,1,2025-09-29,PA,88,7,0.6044752612036295,0.48726221584678286,0.6167690283273811,0.6299857458677031
USDMXN,1,2025-09-29,VAR1,88,7,10.441443020407677,6.955433508609551,15.632623895693296,5.803950540961764
USDMXN,1,2025-09-29,ARHinc,88,7,0.6686797624339171,0.5436800436745626,0.7769962144733845,0.6446582765144301
USDMXN,1,2025-09-29,KernelARH,88,7,0.5926379179396574,0.47291770291179713,0.579079780095218,0.6294434084660198
USDMXN,5,2025-10-03,PM,88,6,0.4824911418078854,0.30815384615384595,0.809987046354212,0.22531218612335924
USDMXN,5,2025-10-03,PA,88,6,0.7485967030462599,0.6035020629284716,0.9628206474129565,0.661622098936257
USDMXN,5,2025-10-03,VAR1,88,6,6.909778041668823,5.740605774536186,8.183514110868387,6.908369700058196
USDMXN,5,2025-10-03,ARHinc,88,6,0.8366450284306393,0.6689967166067057,1.1268664491517162,0.6918163663768495
USDMXN,5,2025-10-03,KernelARH,88,6,0.9796923579065125,0.7853931343718806,1.3384837739535789,0.7520463277710115
USDMXN,10,2025-10-10,PM,88,6,0.37728874628979203,0.23907692307692313,0.5591321549548223,0.20320487883147823
USDMXN,10,2025-10-10,PA,88,6,0.653896509249798,0.5341909291676614,0.6877160569054797,0.6526656817396166
USDMXN,10,2025-10-10,VAR1,88,6,7.569924703695702,6.384680788703697,8.783646111667222,7.187536153355438
USDMXN,10,2025-10-10,ARHinc,88,6,0.6028671471416772,0.49272411469369953,0.577965895398678,0.6367572034877924
USDMXN,10,2025-10-10,KernelARH,88,6,0.6063115459746047,0.48572221196986576,0.555608817637757,0.6493532340482803
USDMXN,1,2025-09-30,PM,88,7,0.22888128851168513,0.1541153846153845,0.3660988788330073,0.11291736169462677
USDMXN,1,2025-09-30,PA,88,7,0.6236380553387748,0.507854120235155,0.6675876251768965,0.6341251153184533
USDMXN,1,2025-09-30,VAR1,88,7,2.090167277064086,1.3840345749035954,3.0003218932724005,1.3407148736438945
USDMXN,1,2025-09-30,ARHinc,88,7,0.6007869837567732,0.48320701792388815,0.6109007035833347,0.6289840886122029
USDMXN,1,2025-09-30,KernelARH,88,7,0.6707942318092461,0.5415155629576708,0.7746897311391495,0.6460097094126147
USDMXN,5,2025-10-06,PM,88,6,0.5205299814020913,0.3449615384615385,0.8552694118312162,0.25097610539204585
USDMXN,5,2025-10-06,PA,88,6,0.7746604767309234,0.6164642456270907,1.0195751882111825,0.6694523246258738
USDMXN,5,2025-10-06,VAR1,88,6,1.0657248885363468,0.8970799923575571,1.1847072787742157,1.0189662233719552
USDMXN,5,2025-10-06,ARHinc,88,6,0.758452001870943,0.602530810911884,0.994526169224579,0.6620051809926562
USDMXN,5,2025-10-06,KernelARH,88,6,1.094003866315511,0.8537132180219016,1.5689016718859343,0.7883708627490515
USDMXN,10,2025-10-13,PM,88,6,0.25645133741421294,0.16974615384615388,0.3680168715977655,0.15200179963426902
USDMXN,10,2025-10-13,PA,88,6,0.6268913207092554,0.49952384852323894,0.6029042263554684,0.6473500623352887
USDMXN,10,2025-10-13,VAR1,88,6,1.2201323541226243,0.9959868083493446,1.2983385141417625,1.180452479275715
USDMXN,10,2025-10-13,ARHinc,88,6,0.6389593355251061,0.5104371790287927,0.6201116044495782,0.6545485086289167
USDMXN,10,2025-10-13,KernelARH,88,6,0.6864628256173112,0.5554934771553927,0.7648954375640779,0.6684005171923872
USDMXN,1,2025-10-01,PM,88,7,0.0703139251992312,0.04338461538461528,0.11180485460512478,0.03786667046256529
USDMXN,1,2025-10-01,PA,88,7,0.5777635777343916,0.4652009025444568,0.5374388639339863,0.6264831324935122
USDMXN,1,2025-10-01,VAR1,88,7,9.432161100050719,6.75319483220437,13.749423310931641,5.61141665998361
USDMXN,1,2025-10-01,ARHinc,88,7,0.5898234483268426,0.4758617360884206,0.5785030766146376,0.6280719301104453
USDMXN,1,2025-10-01,KernelARH,88,7,0.5875377369396622,0.47320263417881936,0.5718403608967464,0.6275832916089789
USDMXN,5,2025-10-07,PM,88,6,0.345181474010411,0.2224615384615385,0.5731292090853555,0.16486829091894897
USDMXN,5,2025-10-07,PA,88,6,0.675415205468709,0.5467841130899492,0.8059999264806905,0.6450356587610028
USDMXN,5,2025-10-07,VAR1,88,6,10.228913172534243,7.786940220910456,14.312831732312258,7.018929639678857
USDMXN,5,2025-10-07,ARHinc,88,6,0.7002091480151454,0.5664637286999803,0.863682736393847,0.6508946595127779
USDMXN,5,2025-10-07,KernelARH,88,6,0.9132858859380724,0.7229050001741841,1.2648991977922377,0.724005828253781
USDMXN,10,2025-10-14,PM,88,6,0.735186691360668,0.5212307692307693,1.1373515910487748,0.38862447851546805
USDMXN,10,2025-10-14,PA,88,6,0.917268342832776,0.7469489127170745,1.1816009844912019,0.7395998979811513
USDMXN,10,2025-10-14,VAR1,88,6,6.151932791412642,4.252716423176951,8.923971305704866,3.9946627264109553
USDMXN,10,2025-10-14,ARHinc,88,6,0.8816084709043521,0.7177763029450376,1.1162536509105458,0.7266831075060308
USDMXN,10,2025-10-14,KernelARH,88,6,0.5996776771719613,0.49434271578095357,0.5612648289375451,0.6425078939812175
USDMXN,1,2025-10-02,PM,88,7,0.1537641175507271,0.09257692307692293,0.25052155519298414,0.07632576362495919
USDMXN,1,2025-10-02,PA,88,7,0.570759251883558,0.46046106880957915,0.5029336028189522,0.6267025966500958
USDMXN,1,2025-10-02,VAR1,88,7,8.46991075595819,5.947979839419931,12.449836472093532,4.93783054493798
USDMXN,1,2025-10-02,ARHinc,88,7,0.5704651199294868,0.4602947846256268,0.5017369900341944,0.6268543598138456
USDMXN,1,2025-10-02,KernelARH,88,7,0.5631627294725807,0.44974947406935345,0.48818718817384454,0.6239978466134571
USDMXN,5,2025-10-08,PM,88,6,0.2718275046931276,0.19239230769230756,0.42586272239468587,0.14212050590115466
USDMXN,5,2025-10-08,PA,88,6,0.6360555453463637,0.5170017916777866,0.7055904551291908,0.6376251569403714
USDMXN,5,2025-10-08,VAR1,88,6,9.268577800993578,6.965154519835376,13.032857141898065,6.291300028488157
USDMXN,5,2025-10-08,ARHinc,88,6,0.6331344026519982,0.5141621543549802,0.6973648530830853,0.6372705586179399
USDMXN,5,2025-10-08,KernelARH,88,6,0.9887427303746055,0.7898303549575638,1.3701509787184614,0.7585318923240703
USDMXN,10,2025-10-15,PM,88,6,0.5021156969035353,0.3733461538461541,0.7339068121799999,0.2959517190806477
USDMXN,10,2025-10-15,PA,88,6,0.7508152949421377,0.6165274619235022,0.8273031216315391,0.696567901954905
USDMXN,10,2025-10-15,VAR1,88,6,5.14847581581967,3.5649030220550566,7.415908338822524,3.3609443694631858
USDMXN,10,2025-10-15,ARHinc,88,6,0.7555686204806499,0.620565930902908,0.8366594299077145,0.6981900674651905
USDMXN,10,2025-10-15,KernelARH,88,6,0.7040041344411905,0.5613664542984657,0.8048447891259345,0.6826801783071574
USDMXN,1,2025-10-03,PM,88,7,0.21667418379464803,0.14938461538461548,0.3432456483289418,0.10962415254641233
USDMXN,1,2025-10-03,PA,88,7,0.6088965617273278,0.49386904343361554,0.6350556124426372,0.6304101883682313
USDMXN,1,2025-10-03,VAR1,88,7,1.0410530836115373,0.8331258643235008,1.433359806026839,0.7930225497576584
USDMXN,1,2025-10-03,ARHinc,88,7,0.6050344579963458,0.49069585226022594,0.6238599070614292,0.6298612753140131
USDMXN,1,2025-10-03,KernelARH,88,7,0.6583663669175961,0.5348368945797114,0.7493667724852076,0.6434276124405516
USDMXN,5,2025-10-09,PM,88,6,0.25986253762621975,0.17482307692307694,0.4169489015449604,0.13067081320685756
USDMXN,5,2025-10-09,PA,88,6,0.6254505762485617,0.5083693671734161,0.6816902105476974,0.6339219004535611
USDMXN,5,2025-10-09,VAR1,88,6,1.139057112696296,0.9134848982139152,1.5930932664429056,0.8655926450532074
USDMXN,5,2025-10-09,ARHinc,88,6,0.6355755794741594,0.5179632669469669,0.704153832536466,0.6370777783935687
USDMXN,5,2025-10-09,KernelARH,88,6,0.7697920189477583,0.6241605715631461,0.9669745823356188,0.6839529746505995
USDMXN,10,2025-10-16,PM,88,6,0.28339904592423953,0.22696153846153838,0.3813210525550356,0.19162653696533835
USDMXN,10,2025-10-16,PA,88,6,0.6244904106456375,0.5092317089289476,0.5880862902395667,0.6514598868234415
USDMXN,10,2025-10-16,VAR1,88,6,1.0098142350539547,0.8419599016705421,1.1458254558245535,0.9336801073823059
USDMXN,10,2025-10-16,ARHinc,88,6,0.6148089912020759,0.49819955708522756,0.5724418213057093,0.6466853831087293
USDMXN,10,2025-10-16,KernelARH,88,6,0.6107795548679638,0.4932739199282329,0.6260922033438517,0.6374696368725525
USDMXN,1,2025-10-06,PM,88,7,0.18386091628854015,0.09950769230769224,0.3147904052472419,0.08115423388127115
USDMXN,1,2025-10-06,PA,88,7,0.622540992203148,0.5054891944806796,0.6795515800409887,0.6313833564693623
USDMXN,1,2025-10-06,VAR1,88,7,4.80444571620734,3.1705964296944824,7.177743673679096,2.6267323400128824
USDMXN,1,2025-10-06,ARHinc,88,7,0.639241285206038,0.5190360551435036,0.726173944863401,0.634454528505681
USDMXN,1,2025-10-06,KernelARH,88,7,0.6511865409655393,0.5276813519080951,0.7559688942964164,0.6370062735007789
USDMXN,5,2025-10-10,PM,88,6,0.8092073044272782,0.5458076923076924,1.29189902627256,0.4022360546420685
USDMXN,5,2025-10-10,PA,88,6,0.9463994520268393,0.7599159535277017,1.2655250445331445,0.7406472131615848
USDMXN,5,2025-10-10,VAR1,88,6,4.307360154017688,3.0403298966253947,6.218112614997131,2.7396361997110628
USDMXN,5,2025-10-10,ARHinc,88,6,0.9157591954015518,0.7368493966192833,1.210499467003258,0.7294472329804023
USDMXN,5,2025-10-10,KernelARH,88,6,0.7113668562181025,0.5760947946570862,0.8384426246909252,0.6614313261619094
USDMXN,10,2025-10-17,PM,88,6,0.415827476707126,0.29326923076923084,0.6373965274649258,0.23053512890285552
USDMXN,10,2025-10-17,PA,88,6,0.6745309468617423,0.5453281898467567,0.7144048213526795,0.6623556521956089
USDMXN,10,2025-10-17,VAR1,88,6,2.77019341153802,1.925944115394486,3.9370089585637587,1.8809873481338335
USDMXN,10,2025-10-17,ARHinc,88,6,0.6562195162178605,0.5302886428507474,0.6778165459475171,0.655593792629536
USDMXN,10,2025-10-17,KernelARH,88,6,0.5833834002289966,0.466801090652783,0.5458898359109207,0.630618320382062
USDMXN,1,2025-10-07,PM,88,7,0.05989903363802494,0.037438461538461615,0.08901397539779603,0.0326276594566563
USDMXN,1,2025-10-07,PA,88,7,0.5906641936799314,0.48525904368304507,0.5643151357933703,0.6301681354576936
USDMXN,1,2025-10-07,VAR1,88,7,22.17564433871402,14.195210858149142,33.576444407000594,11.83009958646273
USDMXN,1,2025-10-07,ARHinc,88,7,0.5908584099406232,0.4817247090618219,0.5412375185225231,0.6331358259873009
USDMXN,1,2025-10-07,KernelARH,88,7,0.6132664002298567,0.49646919339208917,0.6392012145177098,0.6339807161101512
USDMXN,5,2025-10-13,PM,88,6,0.7183235289949037,0.5066923076923076,1.1273041001549116,0.3721099096026015
USDMXN,5,2025-10-13,PA,88,6,0.8972345577503865,0.7238705482139683,1.1255357567973607,0.7354654143142142
USDMXN,5,2025-10-13,VAR1,88,6,27.782533981337984,19.111700956067278,40.841795850253334,16.846756951942346
USDMXN,5,2025-10-13,ARHinc,88,6,0.9161020257754663,0.7421713627118909,1.1528108845783995,0.7456679119265079
USDMXN,5,2025-10-13,KernelARH,88,6,0.6316065216200206,0.5094204525566768,0.6176600460009697,0.6468305221264572
USDMXN,10,2025-10-20,PM,88,6,0.3503605834872674,0.23312307692307704,0.5356639478272961,0.19696896406386788
USDMXN,10,2025-10-20,PA,88,6,0.655704137770312,0.5235260106687363,0.6607529601796764,0.6586808371549954
USDMXN,10,2025-10-20,VAR1,88,6,17.05170606453726,11.633599293589771,25.086506949028276,10.437119259125
USDMXN,10,2025-10-20,ARHinc,88,6,0.6671059396870022,0.5339541758465609,0.6778460772145289,0.6651089140877661
USDMXN,10,2025-10-20,KernelARH,88,6,0.6677803907395162,0.5357344352448524,0.7776481488525028,0.6470911929089004
USDMXN,1,2025-10-08,PM,88,7,0.060054062182465145,0.034484615384615336,0.09047324732890426,0.03160079081387498
USDMXN,1,2025-10-08,PA,88,7,0.5753731436408469,0.4695373607945301,0.5127870128559576,0.6279780901183667
USDMXN,1,2025-10-08,VAR1,88,7,22.561342421595754,15.38416947224047,33.8241101280891,12.574566615266331
USDMXN,1,2025-10-08,ARHinc,88,7,0.5749171224612083,0.470311353600722,0.5151125514002655,0.6275240457165217
USDMXN,1,2025-10-08,KernelARH,88,7,0.5840892837019604,0.47635904622322556,0.5234544576190402,0.630473318785249
USDMXN,5,2025-10-14,PM,88,6,1.0539272298262488,0.7408076923076923,1.6711119425927141,0.5368120587999707
USDMXN,5,2025-10-14,PA,88,6,1.1744808579883341,0.9332207371610161,1.6349087646381295,0.8311701128665251
USDMXN,5,2025-10-14,VAR1,88,6,36.6862913844097,24.593235005147232,54.43227170545738,21.508102293828678
USDMXN,5,2025-10-14,ARHinc,88,6,1.1609102961741176,0.9239420877108792,1.6114041273663209,0.8260171807791696
USDMXN,5,2025-10-14,KernelARH,88,6,0.8072848203095727,0.6592180870798501,0.9900989270979852,0.6978431294004309
USDMXN,10,2025-10-21,PM,88,6,0.2235848445049613,0.15899230769230766,0.3288462482023208,0.13239464751023708
USDMXN,10,2025-10-21,PA,88,6,0.6172868463936666,0.4943414048761552,0.5722766607016273,0.6468511049028862
USDMXN,10,2025-10-21,VAR1,88,6,24.536667157338574,16.40405375529821,36.35485753237232,14.458628314990268
USDMXN,10,2025-10-21,ARHinc,88,6,0.613031291631148,0.49097508586749306,0.5649764252344175,0.6451943901180721
USDMXN,10,2025-10-21,KernelARH,88,6,0.7252655854670578,0.5840298090705641,0.9047523937000206,0.6621019852286664
USDMXN,1,2025-10-09,PM,88,7,0.14701196968536,0.09265384615384614,0.23801292524297815,0.07022952808409957
USDMXN,1,2025-10-09,PA,88,7,0.5871961118537828,0.481330213500605,0.5379998102548078,0.6293194275013992
USDMXN,1,2025-10-09,VAR1,88,7,16.328146249097372,12.180583305579443,23.145832784841613,10.574086676254625
USDMXN,1,2025-10-09,ARHinc,88,7,0.5894968239425691,0.48370671231699575,0.5420214508927949,0.630108361695551
USDMXN,1,2025-10-09,KernelARH,88,7,0.5855105692997488,0.4797536222517923,0.5340504442422702,0.6288802353090187
USDMXN,5,2025-10-15,PM,88,6,0.7441874376174945,0.5576153846153843,1.116238071194157,0.4155780388821981
USDMXN,5,2025-10-15,PA,88,6,0.9157183217589002,0.7547041827821778,1.12576655396547,0.7562338560668729
USDMXN,5,2025-10-15,VAR1,88,6,25.323340725155,17.58450019789173,37.13364610693371,15.188639048816
USDMXN,5,2025-10-15,ARHinc,88,6,0.9088201969438182,0.7477726058159894,1.1167450502168674,0.7523541145976872
USDMXN,5,2025-10-15,KernelARH,88,6,0.6521836515996514,0.5365748802714884,0.6419021887632669,0.6614227627375023
USDMXN,10,2025-10-22,PM,88,6,0.23731731840593653,0.15986923076923085,0.3588501273405513,0.13245815428480764
USDMXN,10,2025-10-22,PA,88,6,0.6006038297848094,0.4811684038173089,0.5555808416385046,0.6374563828183939
USDMXN,10,2025-10-22,VAR1,88,6,15.133088175896015,10.058712393940386,22.371566137144768,8.874665071670732
USDMXN,10,2025-10-22,ARHinc,88,6,0.5983134796911911,0.4790641384608589,0.5519752430286059,0.6363176425042929
USDMXN,10,2025-10-22,KernelARH,88,6,0.6828553600188879,0.5485620747395658,0.8015834990630336,0.6509859612649943
USDMXN,1,2025-10-10,PM,88,7,0.8467622781921917,0.5694615384615382,1.3608727039297335,0.41731545598836556
USDMXN,1,2025-10-10,PA,88,7,1.0076316931134877,0.8006862869707475,1.379703000645786,0.7574927267667101
USDMXN,1,2025-10-10,VAR1,88,7,7.205951618976567,5.432508600800241,10.143040683381441,4.742676313227179
USDMXN,1,2025-10-10,ARHinc,88,7,0.9697453689929713,0.7684412502505394,1.3173481376569713,0.7425061842922199
USDMXN,1,2025-10-10,KernelARH,88,7,0.8807780060677748,0.7068278913836064,1.162933492159122,0.712259234989971
USDMXN,5,2025-10-16,PM,88,6,0.5093904917417708,0.3952692307692308,0.7469101106974215,0.2999373659053605
USDMXN,5,2025-10-16,PA,88,6,0.7446202761651186,0.6123468950335139,0.8194332920864823,0.6926998396130079
USDMXN,5,2025-10-16,VAR1,88,6,9.426231478208926,6.61538797004504,13.741769835620486,5.708059653581361
USDMXN,5,2025-10-16,ARHinc,88,6,0.7353308360986776,0.6032391322471831,0.8054542391150169,0.6882767799602919
USDMXN,5,2025-10-16,KernelARH,88,6,0.6293377305382193,0.5140612654449932,0.6046251266658029,0.6511165778390141
USDMXN,10,2025-10-23,PM,88,6,0.20380373288647485,0.13570769230769228,0.33246758310821445,0.11031760529556191
USDMXN,10,2025-10-23,PA,88,6,0.5849890579058409,0.4676560908187337,0.531428665511841,0.6324940370207982
USDMXN,10,2025-10-23,VAR1,88,6,4.595700292604315,2.9663129873207272,6.785151311129112,2.711199715774896
USDMXN,10,2025-10-23,ARHinc,88,6,0.5822434592617369,0.46546452904634406,0.5256847065163989,0.631437540771878
USDMXN,10,2025-10-23,KernelARH,88,6,0.6072582652999168,0.48606449518866013,0.5902100080712694,0.6365312317926114
USDMXN,1,2025-10-13,PM,88,7,0.28565641343834997,0.13064615384615372,0.48888740078062787,0.12013345513954572
USDMXN,1,2025-10-13,PA,88,7,0.6320621775878384,0.5146082775025274,0.6916656803548671,0.6369546204378439
USDMXN,1,2025-10-13,VAR1,88,7,47.434091732671156,35.531082698691854,66.95107116522665,30.51373685850769
USDMXN,1,2025-10-13,ARHinc,88,7,0.5941029090243399,0.47629786054954226,0.573300348543683,0.6317012607412601
USDMXN,1,2025-10-13,KernelARH,88,7,0.9018652684388283,0.7151264161542615,1.2177081190806274,0.7237729530655854
USDMXN,5,2025-10-17,PM,88,6,0.42942155861111575,0.2538461538461537,0.7059958005214254,0.1967904442336186
USDMXN,5,2025-10-17,PA,88,6,0.7057547911739982,0.5718356628310511,0.8614495419361167,0.6526850379754691
USDMXN,5,2025-10-17,VAR1,88,6,50.08741332173278,38.00882881174626,70.59466305383351,32.96021862182537
USDMXN,5,2025-10-17,ARHinc,88,6,0.632657409109894,0.5089350669931699,0.6901567812896116,0.636756541418307
USDMXN,5,2025-10-17,KernelARH,88,6,0.8299310978550181,0.6798827182200469,1.032535600830898,0.7126564656029882
USDMXN,10,2025-10-24,PM,88,6,0.7856920271572454,0.521846153846154,1.2426742079600022,0.3855991863792039
USDMXN,10,2025-10-24,PA,88,6,0.9648146356491897,0.771206861894419,1.3363445330753982,0.7340186892918531
USDMXN,10,2025-10-24,VAR1,88,6,24.944541031607262,17.69460746833252,36.614134048543825,15.310434714704943
USDMXN,10,2025-10-24,ARHinc,88,6,0.8555666773943165,0.6900557250805052,1.127384170718795,0.7017762520382653
USDMXN,10,2025-10-24,KernelARH,88,6,0.993989024710923,0.8115599838478441,1.3237678250859313,0.7683292258858324
USDMXN,1,2025-10-14,PM,88,7,0.29444298782094136,0.20538461538461533,0.47426475263841145,0.14826974988093466
USDMXN,1,2025-10-14,PA,88,7,0.656383454934554,0.536831119819094,0.7007916757262375,0.6487151530344829
USDMXN,1,2025-10-14,VAR1,88,7,4.883906363425598,3.375094384794007,7.136736409741092,2.8884085773499333
USDMXN,1,2025-10-14,ARHinc,88,7,0.7069485702417888,0.5743354235404777,0.7991686173000319,0.6655016381464784
USDMXN,1,2025-10-14,KernelARH,88,7,0.5911674549059287,0.4821767058483743,0.5522529579177669,0.6339137608063805
USDMXN,5,2025-10-20,PM,88,6,0.42755813819697275,0.2793076923076923,0.6829291391203608,0.21140052123965675
USDMXN,5,2025-10-20,PA,88,6,0.7123067430550789,0.5720271012485239,0.8768622767147674,0.6577772843268085
USDMXN,5,2025-10-20,VAR1,88,6,3.986923847175901,2.9449362668815633,5.818839490181442,2.45703532050855
USDMXN,5,2025-10-20,ARHinc,88,6,0.6928992649853907,0.5565433291689059,0.8437041183034801,0.6505060067819685
USDMXN,5,2025-10-20,KernelARH,88,6,0.9386914184563407,0.7564604219827282,1.2812400424281654,0.7388136971817759
USDMXN,10,2025-10-27,PM,88,6,0.7205178359506981,0.5190000000000001,1.0758969158363305,0.38433060088460597
USDMXN,10,2025-10-27,PA,88,6,0.9146735709645997,0.7471391338819415,1.210550412122779,0.7328452497983391
USDMXN,10,2025-10-27,VAR1,88,6,2.000824880475378,1.4175274017472688,2.964207301646132,1.2447841022312325
USDMXN,10,2025-10-27,ARHinc,88,6,0.8858349014094026,0.7196450960127988,1.1695246114421098,0.7186850038547994
USDMXN,10,2025-10-27,KernelARH,88,6,1.1123562265029228,0.8983120799383961,1.534837781895952,0.8134726809848526
USDMXN,1,2025-10-15,PM,88,7,0.30917890638568174,0.18124615384615375,0.5186664546846315,0.14075471145142374
USDMXN,1,2025-10-15,PA,88,7,0.6419345868725387,0.5244473501551956,0.7150081890003558,0.6411611289590486
USDMXN,1,2025-10-15,VAR1,88,7,21.812869581721714,12.860620004881604,33.11218263572676,11.356561247719013
USDMXN,1,2025-10-15,ARHinc,88,7,0.6407801494752425,0.5244324632442028,0.708840407837096,0.6417341750057083
USDMXN,1,2025-10-15,KernelARH,88,7,0.6418292313348151,0.5248612843634326,0.713216053358438,0.6421693209586242
USDMXN,5,2025-10-21,PM,88,6,0.857138194584388,0.5876153846153844,1.3754330292137478,0.4237062752850372
USDMXN,5,2025-10-21,PA,88,6,1.0244528970234932,0.8069408544621639,1.4692501019926947,0.7529274939438105
USDMXN,5,2025-10-21,VAR1,88,6,8.50964912685331,6.09719691541646,12.630675427155115,4.961863738913727
USDMXN,5,2025-10-21,ARHinc,88,6,1.0104941938288028,0.7990695767237308,1.4393354856106217,0.7506470675049708
USDMXN,5,2025-10-21,KernelARH,88,6,0.8420696836024304,0.6691532721024896,1.132509663834343,0.6969789858872976
USDMXN,10,2025-10-28,PM,88,6,1.0237845091394215,0.7680384615384614,1.5353543292504925,0.5582709799402741
USDMXN,10,2025-10-28,PA,88,6,1.160899433320336,0.936587008308318,1.6120081692733532,0.8337538055297943
USDMXN,10,2025-10-28,VAR1,88,6,3.0369377027016924,2.6718953081545336,3.3228258945763565,3.094790033111034
USDMXN,10,2025-10-28,ARHinc,88,6,1.147424551512668,0.928717644327297,1.5825921566911376,0.8317903124676912
USDMXN,10,2025-10-28,KernelARH,88,6,0.8578480205257527,0.70699224907433,1.0825937615104988,0.7225780193740194
USDMXN,1,2025-10-16,PM,88,7,0.1537645552835193,0.10443846153846148,0.22264632985682423,0.08758621541523495
USDMXN,1,2025-10-16,PA,88,7,0.5861947086118101,0.4755891447343623,0.563926200407043,0.6283456340178134
USDMXN,1,2025-10-16,VAR1,88,7,2.0352716702462397,1.4095816411015607,2.965614366522853,1.2584527090332587
USDMXN,1,2025-10-16,ARHinc,88,7,0.5914095136014883,0.480806197307881,0.5837520926422383,0.6284820858588984
USDMXN,1,2025-10-16,KernelARH,88,7,0.5932195852057891,0.48260263044530205,0.5904645064200966,0.6284505132931066
USDMXN,5,2025-10-22,PM,88,6,0.537934877742936,0.4083153846153843,0.7944988934323375,0.3044379077855703
USDMXN,5,2025-10-22,PA,88,6,0.8143326255786683,0.6598077543918485,1.0419444028309077,0.697905859335221
USDMXN,5,2025-10-22,VAR1,88,6,2.229004407425688,1.5411292713625286,3.324378818730717,1.3445480272754675
USDMXN,5,2025-10-22,ARHinc,88,6,0.8591375900823615,0.6954745624614609,1.1327159192853034,0.7104042070534059
USDMXN,5,2025-10-22,KernelARH,88,6,0.6741176354080556,0.5446031823908184,0.7820860387235732,0.6494026043864487
USDMXN,10,2025-10-29,PM,88,6,0.7699158045876485,0.6039230769230768,1.067914392313477,0.4585597451431811
USDMXN,10,2025-10-29,PA,88,6,0.9848574896140143,0.8168923697764638,1.2703010901109137,0.7797615972010521
USDMXN,10,2025-10-29,VAR1,88,6,1.7708041868852364,1.2427880787055794,2.5991785140931216,1.0837062352521711
USDMXN,10,2025-10-29,ARHinc,88,6,1.0338838329269593,0.8525568695201423,1.3634729093022233,0.7958392890785667
USDMXN,10,2025-10-29,KernelARH,88,6,0.8403854359666728,0.6965482326449972,1.0365856034628076,0.718617389101854
USDMXN,1,2025-10-17,PM,88,7,0.13679061764946854,0.10057692307692315,0.18983159404065555,0.0838223672948595
USDMXN,1,2025-10-17,PA,88,7,0.5753097950363422,0.4665967729021731,0.5200295346519742,0.6285245427098446
USDMXN,1,2025-10-17,VAR1,88,7,1.460542602499484,1.198700920040841,1.8950140182058646,1.119000878062541
USDMXN,1,2025-10-17,ARHinc,88,7,0.5811879376869161,0.47033362465335404,0.5370108652707795,0.6300328293582279
USDMXN,1,2025-10-17,KernelARH,88,7,0.6209695420452236,0.4996911321173554,0.6358218374395578,0.6415604342750272
USDMXN,5,2025-10-23,PM,88,6,0.3725115124705232,0.29157692307692284,0.5015391503179835,0.22521794954925697
USDMXN,5,2025-10-23,PA,88,6,0.6742000913818567,0.5473806188097773,0.7187912347399081,0.6622771923444549
USDMXN,5,2025-10-23,VAR1,88,6,2.2756375422841986,1.8214655468313812,2.9699189320651556,1.700655236920309
USDMXN,5,2025-10-23,ARHinc,88,6,0.6745089804635265,0.5475996129657265,0.7209425623096036,0.6615354538538109
USDMXN,5,2025-10-23,KernelARH,88,6,0.7788504889953222,0.6360322887900776,0.9358839254174407,0.6913329684806258
USDMXN,10,2025-10-30,PM,88,6,0.6451954235852767,0.5219999999999997,0.8578123365700026,0.40050285678217346
USDMXN,10,2025-10-30,PA,88,6,0.8541132024124543,0.7116405585864305,1.0126781830357747,0.7394700842098137
USDMXN,10,2025-10-30,VAR1,88,6,2.078951656493616,1.6882748136758732,2.728402774076842,1.5538535993488996
USDMXN,10,2025-10-30,ARHinc,88,6,0.854418114012478,0.7119479952025205,1.0155702666559814,0.7380771106585491
USDMXN,10,2025-10-30,KernelARH,88,6,0.865648521447938,0.7195887330490015,1.0526146712445583,0.7339889244735024
USDMXN,1,2025-10-20,PM,88,7,0.2562690143039298,0.162615384615385,0.43553641551158073,0.12053980133588886
USDMXN,1,2025-10-20,PA,88,7,0.6392958961131906,0.5148384547235956,0.7244900841094956,0.6371451535950656
USDMXN,1,2025-10-20,VAR1,88,7,8.636006985143112,5.5526141662283255,12.891138283395094,4.738956206192982
USDMXN,1,2025-10-20,ARHinc,88,7,0.674525131125803,0.5467492425194799,0.8088044024231105,0.6453228557925216
USDMXN,1,2025-10-20,KernelARH,88,7,0.6479509688390198,0.5219548131644209,0.7486681976967087,0.6381415433415394
USDMXN,5,2025-10-24,PM,88,6,0.376894738926891,0.2699538461538461,0.5626245952898331,0.20339691352414965
USDMXN,5,2025-10-24,PA,88,6,0.7074324633285533,0.5737394229316612,0.8276878807048217,0.6622141404915864
USDMXN,5,2025-10-24,VAR1,88,6,3.102583936578049,2.078895114843578,4.684269685872156,1.7389762619732858
USDMXN,5,2025-10-24,ARHinc,88,6,0.7503058423190364,0.610547594250404,0.9135512024059658,0.6759067028597724
USDMXN,5,2025-10-24,KernelARH,88,6,0.663719742210173,0.5361519055389325,0.726632578165512,0.6518804401268293
USDMXN,10,2025-10-31,PM,88,6,0.5636571345992308,0.44861538461538447,0.7658037049185576,0.340292005577456
USDMXN,10,2025-10-31,PA,88,6,0.8257098820738304,0.6818232223353161,0.9898697718344333,0.7140708011529835
USDMXN,10,2025-10-31,VAR1,88,6,1.6537401529565434,1.475863530484214,1.6218212753731662,1.686626197076923
USDMXN,10,2025-10-31,ARHinc,88,6,0.8771855783153669,0.7261372933011255,1.0819896684837742,0.7347747580425927
USDMXN,10,2025-10-31,KernelARH,88,6,0.8210705608545147,0.6797750976304693,0.9691952856227789,0.715915700440505
USDMXN,1,2025-10-21,PM,88,7,0.17198753309022577,0.10353846153846163,0.27435134282214685,0.08580226144860331
USDMXN,1,2025-10-21,PA,88,7,0.6095078485761231,0.49295966825699084,0.6318464706848673,0.6344028085548898
USDMXN,1,2025-10-21,VAR1,88,7,9.194317494508804,6.622004010237784,13.14775690878927,5.63940693984081
USDMXN,1,2025-10-21,ARHinc,88,7,0.6135176321650471,0.49533359739878235,0.6480899595450812,0.6340204885853972
USDMXN,1,2025-10-21,KernelARH,88,7,0.5922308031511879,0.481664940611121,0.5733399369621476,0.6321429433631152
USDMXN,5,2025-10-27,PM,88,6,0.3280689860614451,0.2403076923076923,0.45779389892695127,0.19032163932773033
USDMXN,5,2025-10-27,PA,88,6,0.6683836184040154,0.5407395035369331,0.727995552703902,0.6589545078669377
USDMXN,5,2025-10-27,VAR1,88,6,6.556652371554142,4.17443039629871,9.697715908214924,3.6002010820895074
USDMXN,5,2025-10-27,ARHinc,88,6,0.6727522713349174,0.5449924290295802,0.7443853389984316,0.6581874003670539
USDMXN,5,2025-10-27,KernelARH,88,6,0.8039078788021181,0.6552052980731269,1.0096264777100976,0.695652868088489
USDMXN,10,2025-11-03,PM,88,6,0.40845870001186735,0.32092307692307676,0.5475912802498917,0.24740937777799463
USDMXN,10,2025-11-03,PA,88,6,0.7113775953109975,0.5806728573424683,0.7974417961321234,0.6739458932342197
USDMXN,10,2025-11-03,VAR1,88,6,3.797126528051195,3.1062575483408894,5.374389227289609,2.604887073856397
USDMXN,10,2025-11-03,ARHinc,88,6,0.7159845898370354,0.5843173710754456,0.8148839343443437,0.6726799100159943
USDMXN,10,2025-11-03,KernelARH,88,6,0.8813719407449399,0.7221233970234854,1.1267330067104515,0.726237084203306
USDMXN,1,2025-10-22,PM,88,7,0.08309037017238888,0.051999999999999866,0.12515892024578704,0.04360376210505907
USDMXN,1,2025-10-22,PA,88,7,0.57155471199048,0.46032031589383166,0.5084403490895072,0.6262952528610797
USDMXN,1,2025-10-22,VAR1,88,7,11.22707700058473,9.112533596946301,14.490887548613776,8.41526022391309
USDMXN,1,2025-10-22,ARHinc,88,7,0.5735172387476065,0.4619006180739504,0.5081424037934038,0.6275829368220921
USDMXN,1,2025-10-22,KernelARH,88,7,0.5739266684821037,0.4578690153162232,0.5254607209672353,0.626533945842477
USDMXN,5,2025-10-28,PM,88,6,0.23308526419449038,0.18326923076923085,0.26791531956387094,0.16282590361841728
USDMXN,5,2025-10-28,PA,88,6,0.6225261755664304,0.5016594377996368,0.6015650033681375,0.6493353781936004
USDMXN,5,2025-10-28,VAR1,88,6,10.800886352007469,7.886232657045198,15.545940307730211,6.582860975393472
USDMXN,5,2025-10-28,ARHinc,88,6,0.6307410701543736,0.5075805444314219,0.6232491548752103,0.6501766164127991
USDMXN,5,2025-10-28,KernelARH,88,6,0.7688551882938354,0.6302322333320861,0.924269926050224,0.6889848568146951
USDMXN,10,2025-11-04,PM,88,6,0.426342968656781,0.2379692307692304,0.7304629333836217,0.2034044453868185
USDMXN,10,2025-11-04,PA,88,6,0.6765215704801957,0.5263855113886594,0.7710008709369779,0.6498010569747097
USDMXN,10,2025-11-04,VAR1,88,6,2.6147685799354954,2.058576185318654,3.1106275800076078,2.6081260312067793
USDMXN,10,2025-11-04,ARHinc,88,6,0.6675594757996546,0.522891749602589,0.7454904533551646,0.6486379866069355
USDMXN,10,2025-11-04,KernelARH,88,6,0.6657827003862936,0.5414837345127377,0.6758271865990368,0.6595696165032063
USDMXN,1,2025-10-23,PM,88,7,0.14132467393041617,0.053630769230769156,0.2614224554663205,0.055128747144053206
USDMXN,1,2025-10-23,PA,88,7,0.568129737743843,0.457090278411999,0.49855499086527916,0.6258244402924628
USDMXN,1,2025-10-23,VAR1,88,7,2.3157131735367473,1.9526541179383932,2.6590760202203394,2.0031465231945877
USDMXN,1,2025-10-23,ARHinc,88,7,0.5669173628641593,0.4559580730856833,0.49501451277901587,0.6256851826111168
USDMXN,1,2025-10-23,KernelARH,88,7,0.600533471362199,0.48742313745258314,0.5840975497912831,0.6341151651131249
USDMXN,5,2025-10-29,PM,88,6,0.25389774970978457,0.19634615384615411,0.30944922994407087,0.16663858738036696
USDMXN,5,2025-10-29,PA,88,6,0.6267157339870686,0.5053997846919811,0.6230230845097413,0.6472368369264511
USDMXN,5,2025-10-29,VAR1,88,6,2.617467612393837,2.061961682202868,3.581231978155686,1.786858627327384
USDMXN,5,2025-10-29,ARHinc,88,6,0.6233205907418928,0.5023928904074514,0.61268176290174,0.64730971273353
USDMXN,5,2025-10-29,KernelARH,88,6,0.8547499399202682,0.7082996246475329,1.0644544317717202,0.7226784262704248
USDMXN,10,2025-11-05,PM,88,6,0.27734059870907407,0.1662153846153846,0.4543767845981772,0.14209987897720874
USDMXN,10,2025-11-05,PA,88,6,0.6227422670511463,0.495283933590961,0.6311954425302583,0.6362923252713357
USDMXN,10,2025-11-05,VAR1,88,6,0.9317067505472177,0.7240942126845107,1.097848744819613,0.8527796959626709
USDMXN,10,2025-11-05,ARHinc,88,6,0.6288519350992304,0.49880745857229464,0.6465217203336132,0.6378658220501224
USDMXN,10,2025-11-05,KernelARH,88,6,0.6743913861768058,0.5588750898576587,0.6969892577333844,0.6623374098933664
USDMXN,1,2025-10-24,PM,88,7,0.10981282151566268,0.059200000000000155,0.18566861228762913,0.051703814475358864
USDMXN,1,2025-10-24,PA,88,7,0.579379277395124,0.4657323451529647,0.5373444901851534,0.6280215867042246
USDMXN,1,2025-10-24,VAR1,88,7,6.718858259149475,5.064703403740624,9.380191341112324,4.419275724757961
USDMXN,1,2025-10-24,ARHinc,88,7,0.5813880339092704,0.46808177094180686,0.5416345693934974,0.6287495167406466
USDMXN,1,2025-10-24,KernelARH,88,7,0.5874886307335068,0.47216908030598886,0.5622923209860999,0.6293966597594618
USDMXN,5,2025-10-30,PM,88,6,0.2845704252431671,0.2310076923076923,0.3803548244975169,0.18030400617643538
USDMXN,5,2025-10-30,PA,88,6,0.6453928713147197,0.5219626983161046,0.6601961145642389,0.6523377092728585
USDMXN,5,2025-10-30,VAR1,88,6,5.649499028455617,3.781649767267622,8.357537574730975,3.2207078703783316
USDMXN,5,2025-10-30,ARHinc,88,6,0.6526816599753847,0.5283292005432361,0.6718923977071604,0.6558399113692761
USDMXN,5,2025-10-30,KernelARH,88,6,0.7728140031806242,0.6356705115762896,0.8914816895498535,0.6982586162112707
USDMXN,10,2025-11-06,PM,88,6,0.20537196554244996,0.1467923076923078,0.28954010669278335,0.12774971900959878
USDMXN,10,2025-11-06,PA,88,6,0.6175828958664532,0.5070968383302178,0.6140561432249745,0.6376302853611446
USDMXN,10,2025-11-06,VAR1,88,6,1.3788411302986034,1.18068013987173,1.4382750048058774,1.4841198393886912
USDMXN,10,2025-11-06,ARHinc,88,6,0.6211595598759194,0.5119614991788785,0.6196181808816486,0.6395024936976571
USDMXN,10,2025-11-06,KernelARH,88,6,0.7139356615213651,0.5845861590731969,0.790146772188424,0.6731654195623216
USDMXN,1,2025-10-27,PM,88,7,0.1844123202124898,0.1263846153846154,0.28784393761373817,0.09681695255584734
USDMXN,1,2025-10-27,PA,88,7,0.6071631102027715,0.4922521054026484,0.608737723431937,0.6363819711533414
USDMXN,1,2025-10-27,VAR1,88,7,5.7998476991875405,4.34546926583595,8.121590694725956,3.802439454072582
USDMXN,1,2025-10-27,ARHinc,88,7,0.5991323443859548,0.48378185561440723,0.5834909233412958,0.6352476043678185
USDMXN,1,2025-10-27,KernelARH,88,7,0.5829487546427707,0.46756512279653234,0.5380257275745146,0.6309233880382008
USDMXN,5,2025-10-31,PM,88,6,0.22733580296049344,0.18738461538461526,0.28013685802882027,0.15500180616806175
USDMXN,5,2025-10-31,PA,88,6,0.6245660373394356,0.5141132127787482,0.6144750476323729,0.6442750779773707
USDMXN,5,2025-10-31,VAR1,88,6,4.5017606594307384,2.967511045978464,6.667053425239718,2.5585704332066883
USDMXN,5,2025-10-31,ARHinc,88,6,0.6357986984920042,0.5227412048457961,0.6382288121467025,0.6480616365885764
USDMXN,5,2025-10-31,KernelARH,88,6,0.7240570852670536,0.588986556445277,0.8002786583140744,0.6784507220052468
USDMXN,10,2025-11-07,PM,88,6,0.3086734956601828,0.2531461538461538,0.384496263696327,0.28971737349364496
USDMXN,10,2025-11-07,PA,88,6,0.6762515348677125,0.5538221562087079,0.7170754553517092,0.6922091832612994
USDMXN,10,2025-11-07,VAR1,88,6,1.2367860884582278,1.0580600039769446,1.2901292579076842,1.2878322715136146
USDMXN,10,2025-11-07,ARHinc,88,6,0.6873467709824307,0.5619981779132526,0.7417692153585772,0.696696089380171
USDMXN,10,2025-11-07,KernelARH,88,6,0.8212568676246071,0.667846996462396,0.9953454492233172,0.7429393778385902
USDMXN,1,2025-10-28,PM,88,7,0.07443750605502794,0.06388461538461546,0.08589600037747663,0.05778121055324115
USDMXN,1,2025-10-28,PA,88,7,0.5667508399386915,0.4582706383794256,0.49050743386246787,0.626898567487063
USDMXN,1,2025-10-28,VAR1,88,7,3.304310079016364,2.7133673871140562,4.134600859179269,2.6096441821201055
USDMXN,1,2025-10-28,ARHinc,88,7,0.567563839807063,0.45996176177531517,0.49685929525048506,0.6264135043057781
USDMXN,1,2025-10-28,KernelARH,88,7,0.5680101584959366,0.4593778124832108,0.4950878162525713,0.6268132785200603
USDMXN,5,2025-11-03,PM,88,6,0.1269506263807372,0.09576923076923079,0.17066993232414437,0.08340090688269344
USDMXN,5,2025-11-03,PA,88,6,0.5959418681831133,0.48450534504566883,0.5643279839827551,0.6334943051013554
USDMXN,5,2025-11-03,VAR1,88,6,3.4249767072048942,2.5328322372303433,4.901762538316621,2.1037283913446183
USDMXN,5,2025-11-03,ARHinc,88,6,0.5976378829525597,0.4864914067583969,0.5718573676437547,0.6331975338321352
USDMXN,5,2025-11-03,KernelARH,88,6,0.7403714006318793,0.6043211049161803,0.876097008153762,0.6754170268289781
USDMXN,10,2025-11-10,PM,88,6,0.3101807940540483,0.22169999999999998,0.46322052300781147,0.2592953127453135
USDMXN,10,2025-11-10,PA,88,6,0.6779845915160977,0.5468368553938208,0.7663581495011579,0.6796109202249817
USDMXN,10,2025-11-10,VAR1,88,6,1.1053671297483072,0.8812476094185668,1.3829316378401526,1.046687694237552
USDMXN,10,2025-11-10,ARHinc,88,6,0.6820945471294539,0.550182474345353,0.7800719354201903,0.6793091687103698
USDMXN,10,2025-11-10,KernelARH,88,6,0.9424447124996399,0.7436089503315745,1.29966686436453,0.763395322544328
USDMXN,1,2025-10-29,PM,88,7,0.07432044702606308,0.048999999999999946,0.09806766027356742,0.04289784973747551
USDMXN,1,2025-10-29,PA,88,7,0.5639110923971914,0.45171833282423773,0.4908768524911817,0.6244241053903083
USDMXN,1,2025-10-29,VAR1,88,7,1.0608970265914581,0.8247590111518945,1.4132072841209522,0.798808389143177
USDMXN,1,2025-10-29,ARHinc,88,7,0.5684516567034941,0.4565336544750792,0.5071494334824308,0.6250116855953628
USDMXN,1,2025-10-29,KernelARH,88,7,0.5858580313478804,0.4718334690418006,0.541624614847552,0.6315242611262964
USDMXN,5,2025-11-04,PM,88,6,0.4651426476816632,0.26985384615384655,0.772262752223621,0.22711216720247873
USDMXN,5,2025-11-04,PA,88,6,0.716219948396564,0.5501417598122987,0.8757877516182538,0.6561760035185152
USDMXN,5,2025-11-04,VAR1,88,6,1.205822928758635,0.8167190867190782,1.7012275359214402,0.8574187664402543
USDMXN,5,2025-11-04,ARHinc,88,6,0.7120980449879984,0.5464945890745035,0.8674448460935384,0.6545669134769116
USDMXN,5,2025-11-04,KernelARH,88,6,0.625848583255449,0.4985120388453716,0.6431407100459718,0.6376090395714692
USDMXN,10,2025-11-11,PM,88,6,0.231301065047932,0.17374615384615386,0.3079337135514233,0.22189108423935253
USDMXN,10,2025-11-11,PA,88,6,0.6114737921806871,0.49344319216925736,0.6000260428969711,0.6566096113690767
USDMXN,10,2025-11-11,VAR1,88,6,0.7623443789136044,0.6090316564209162,0.7746044186200997,0.7546685123835575
USDMXN,10,2025-11-11,ARHinc,88,6,0.6159565901290959,0.4967081186137393,0.6113722609211952,0.6587212140058232
USDMXN,10,2025-11-11,KernelARH,88,6,0.8585654745072298,0.6921856016996828,1.1102141222118405,0.7399950445057363
USDMXN,1,2025-10-30,PM,88,7,0.08382582675267344,0.05445384615384605,0.13971784979088728,0.050834271427032174
USDMXN,1,2025-10-30,PA,88,7,0.5628495488427097,0.4496063653167182,0.4860929578108091,0.6252695850998123
USDMXN,1,2025-10-30,VAR1,88,7,9.847059607866134,7.814199744473052,13.064843102292341,7.112138706361944
USDMXN,1,2025-10-30,ARHinc,88,7,0.5628719066948501,0.45127268677865523,0.4864152944155325,0.6249721914306517
USDMXN,1,2025-10-30,KernelARH,88,7,0.5626545596154569,0.45100537977773814,0.48582230693074974,0.6249587141094913
USDMXN,5,2025-11-05,PM,88,6,0.3856965851148163,0.2275692307692309,0.604116619228392,0.19717267251638218
USDMXN,5,2025-11-05,PA,88,6,0.6682306928055864,0.5205751348902656,0.7360877894078484,0.6464422608119025
USDMXN,5,2025-11-05,VAR1,88,6,10.62678634978067,7.197896222170594,15.39182394601684,6.202485364741831
USDMXN,5,2025-11-05,ARHinc,88,6,0.6662837189867881,0.5190236528056775,0.7336263651497081,0.6451791131550809
USDMXN,5,2025-11-05,KernelARH,88,6,0.6125729477913312,0.4851269255537393,0.6130084236555536,0.631515274311797
USDMXN,10,2025-11-12,PM,88,6,0.2544612332571883,0.18697692307692287,0.3474745558029842,0.22726666148100147
USDMXN,10,2025-11-12,PA,88,6,0.6117469765872761,0.49146205250954517,0.6112450858356705,0.6543636708436281
USDMXN,10,2025-11-12,VAR1,88,6,6.775539756443357,5.085082242218953,9.96397583421475,4.054016800437957
USDMXN,10,2025-11-12,ARHinc,88,6,0.6159611579506254,0.49473819902113003,0.6186203171334052,0.6580595136693967
USDMXN,10,2025-11-12,KernelARH,88,6,0.8152697557696639,0.6595069460394921,1.0250459296929557,0.7243675962085673
USDMXN,1,2025-10-31,PM,88,7,0.052815353245638214,0.03127692307692308,0.08034573431812458,0.029753320978733528
USDMXN,1,2025-10-31,PA,88,7,0.5608233713322743,0.4476228832916302,0.48860818191519045,0.6210569182530183
USDMXN,1,2025-10-31,VAR1,88,7,8.030663827836833,6.486705345023039,10.327297277778468,6.007856314175384
USDMXN,1,2025-10-31,ARHinc,88,7,0.5610518514094177,0.44882393317510105,0.4893927639961169,0.6210247046419364
USDMXN,1,2025-10-31,KernelARH,88,7,0.565844720797199,0.4554872170139899,0.5014084648234013,0.6225271940939756
USDMXN,5,2025-11-06,PM,88,6,0.2107312132332778,0.1311076923076923,0.2952970091323157,0.12314574746152629
USDMXN,5,2025-11-06,PA,88,6,0.5951341546840172,0.4757237957690593,0.561335347828111,0.6310907947628944
USDMXN,5,2025-11-06,VAR1,88,6,13.249217952647554,8.925909997816099,19.837445817954162,7.048182189707251
USDMXN,5,2025-11-06,ARHinc,88,6,0.5937863468351327,0.47427459358893537,0.5573717252241869,0.6308026682155649
USDMXN,5,2025-11-06,KernelARH,88,6,0.5820221983933218,0.4670923729516292,0.5350267715163316,0.6265268581627154
USDMXN,10,2025-11-13,PM,88,6,0.2824568040494797,0.20281538461538465,0.4098110643996255,0.23614763082612666
USDMXN,10,2025-11-13,PA,88,6,0.6081669724956323,0.4901365048828175,0.6066343035885486,0.6523959741182034
USDMXN,10,2025-11-13,VAR1,88,6,14.439642116146072,10.25363249467913,21.23706276421398,8.72249374805415
USDMXN,10,2025-11-13,ARHinc,88,6,0.6146791503510702,0.4957388194659571,0.6249693765142039,0.6538358848660653
USDMXN,10,2025-11-13,KernelARH,88,6,0.7096259207584007,0.5805433730245164,0.8184428918651825,0.6875514565990367
USDMXN,1,2025-11-03,PM,88,7,0.13053834538320394,0.07330769230769241,0.22115983935156563,0.05855726492281371
USDMXN,1,2025-11-03,PA,88,7,0.5782850917461306,0.4591335726698384,0.5373697790051113,0.6258604759442977
USDMXN,1,2025-11-03,VAR1,88,7,7.598817861928323,6.046029496499345,9.836205187199331,5.540139107290648
USDMXN,1,2025-11-03,ARHinc,88,7,0.5782237245293924,0.45952105429484125,0.5372164946479486,0.6258070577656043
USDMXN,1,2025-11-03,KernelARH,88,7,0.5797091019091637,0.4590120071649355,0.5423607071908791,0.6260125940452906
USDMXN,5,2025-11-07,PM,88,6,0.21901262257265877,0.169223076923077,0.2469551404809127,0.23287356633343556
USDMXN,5,2025-11-07,PA,88,6,0.5972217235548395,0.4757846831384685,0.5411452876242195,0.6583530037649526
USDMXN,5,2025-11-07,VAR1,88,6,15.267499612865974,10.471514299744193,22.935473135515913,8.05820224711086
USDMXN,5,2025-11-07,ARHinc,88,6,0.5975297461065098,0.47600847455179013,0.5412835196814425,0.6588965797696964
USDMXN,5,2025-11-07,KernelARH,88,6,0.6007864653045166,0.48065846835485493,0.5538515459292693,0.6598938962254582
USDMXN,10,2025-11-14,PM,88,6,0.2433247671481313,0.1824076923076923,0.3225343800566916,0.22953807838421572
USDMXN,10,2025-11-14,PA,88,6,0.5955404863532592,0.47620432789147743,0.562332504736384,0.6503607549916747
USDMXN,10,2025-11-14,VAR1,88,6,18.219872144766104,12.752327198491109,26.93887735520437,10.861051407880803
USDMXN,10,2025-11-14,ARHinc,88,6,0.5957726568601723,0.4764649107549737,0.5621352660059853,0.6509280495086197
USDMXN,10,2025-11-14,KernelARH,88,6,0.607998893728055,0.4890822404658448,0.5910280762003122,0.6553883299845356
USDMXN,1,2025-11-04,PM,88,7,0.4771501436816139,0.285223076923077,0.7999567009190319,0.22405919174724817
USDMXN,1,2025-11-04,PA,88,7,0.7194776116555988,0.5696218073943845,0.8922094029989733,0.6538927716586548
USDMXN,1,2025-11-04,VAR1,88,7,3.3816310521910684,2.1965976120514448,5.081570497583566,1.8854528065204346
USDMXN,1,2025-11-04,ARHinc,88,7,0.7465050477095719,0.5888040466541218,0.946290241987228,0.6619588241588992
USDMXN,1,2025-11-04,KernelARH,88,7,0.6958227431786314,0.5501708390274759,0.8419115183795234,0.6480020999343391
USDMXN,5,2025-11-10,PM,88,6,0.2610087863242568,0.18236153846153838,0.3817136175643713,0.24136685440196218
USDMXN,5,2025-11-10,PA,88,6,0.6334630841260357,0.5110920134458736,0.6622011701206723,0.6678334091261408
USDMXN,5,2025-11-10,VAR1,88,6,2.529917275211903,1.750888238180714,3.6474046173114165,1.5472299087984478
USDMXN,5,2025-11-10,ARHinc,88,6,0.630250767646849,0.5086064397323516,0.6548372505750131,0.6648131982118494
USDMXN,5,2025-11-10,KernelARH,88,6,0.7254482521417999,0.5792227166833992,0.9002239725104655,0.6868906015672853
USDMXN,10,2025-11-17,PM,88,6,0.4613226803275724,0.310592307692308,0.7167458379870615,0.27876329813785905
USDMXN,10,2025-11-17,PA,88,6,0.7210115444106172,0.5711628997769634,0.8360236222853148,0.6797805256973416
USDMXN,10,2025-11-17,VAR1,88,6,1.4257541035750074,0.9097992808803148,2.041787443843804,0.9541827669069748
USDMXN,10,2025-11-17,ARHinc,88,6,0.7269287209251023,0.5761340395409327,0.8482670610479547,0.6799069917788988
USDMXN,10,2025-11-17,KernelARH,88,6,0.6560849617783759,0.5355052775852918,0.6505956726792556,0.6783899058342064
USDMXN,1,2025-11-05,PM,88,7,0.13776397737267346,0.07361538461538476,0.2430400972638435,0.06565429241750985
USDMXN,1,2025-11-05,PA,88,7,0.5709322846275765,0.4573435287238728,0.5313693106567822,0.6191914885503826
USDMXN,1,2025-11-05,VAR1,88,7,26.68928976458781,18.85821480912965,38.20775601101932,16.15578956350774
USDMXN,1,2025-11-05,ARHinc,88,7,0.5707943309863589,0.45878379768880884,0.5224660051942203,0.6205032602491065
USDMXN,1,2025-11-05,KernelARH,88,7,0.5720335597154163,0.4605649150705633,0.5307163599443173,0.6198868024822803
USDMXN,5,2025-11-11,PM,88,6,0.5658482230584996,0.3651307692307693,0.9461713644067525,0.3325560427233274
USDMXN,5,2025-11-11,PA,88,6,0.7982316106098868,0.6288173664490669,1.0547867417452599,0.7063900185374634
USDMXN,5,2025-11-11,VAR1,88,6,40.80768539782003,27.25829988086624,61.2922821848265,21.482194012277624
USDMXN,5,2025-11-11,ARHinc,88,6,0.7700646390406002,0.6089547877977908,0.9944687403336481,0.699522814770471
USDMXN,5,2025-11-11,KernelARH,88,6,1.1839374033994614,0.9399950250154797,1.6841806042672705,0.855980865580658
USDMXN,10,2025-11-18,PM,88,6,0.2250869917302061,0.16644615384615385,0.3256836549604876,0.2034228708820424
USDMXN,10,2025-11-18,PA,88,6,0.6151234715817743,0.49262092898895465,0.6072238932118892,0.6584087928113833
USDMXN,10,2025-11-18,VAR1,88,6,47.64213653314957,32.73304644263286,70.60238492224615,28.217081544791064
USDMXN,10,2025-11-18,ARHinc,88,6,0.6066098746326992,0.4820483333893082,0.5793116812897412,0.657104479712231
USDMXN,10,2025-11-18,KernelARH,88,6,0.8924732812237215,0.7283368042358815,1.1030923059555189,0.7630866338966275
USDMXN,1,2025-11-06,PM,88,7,0.14652014826007326,0.08346153846153856,0.23382644126096452,0.06957703993269945
USDMXN,1,2025-11-06,PA,88,7,0.5829587034831788,0.46964725863263346,0.5623025796562571,0.622824643874212
USDMXN,1,2025-11-06,VAR1,88,7,15.956272564724525,11.314089445592709,22.674016951679224,9.797631646534587
USDMXN,1,2025-11-06,ARHinc,88,7,0.5701387979717317,0.4549029416018806,0.5244384532328631,0.6208994175445752
USDMXN,1,2025-11-06,KernelARH,88,7,0.6541112882766094,0.525130275595324,0.704031851942604,0.645341376162065
USDMXN,5,2025-11-12,PM,88,6,0.5043912839331111,0.35115384615384615,0.8011823120864484,0.30950103830058096
USDMXN,5,2025-11-12,PA,88,6,0.7825302718429938,0.6218566600037864,1.009761946432879,0.7000121751186998
USDMXN,5,2025-11-12,VAR1,88,6,23.014687335807235,15.288381509958391,34.27076090114399,12.288666265424876
USDMXN,5,2025-11-12,ARHinc,88,6,0.8097303584992925,0.642752988126273,1.0678374424605066,0.7044317163958602
USDMXN,5,2025-11-12,KernelARH,88,6,1.2370641223566583,0.9891441745901997,1.7435058896490239,0.8813206162778787
USDMXN,10,2025-11-19,PM,88,6,0.17445957764126685,0.11872307692307683,0.2096229254159671,0.18106909763400508
USDMXN,10,2025-11-19,PA,88,6,0.6003506976096193,0.4786791357051971,0.5665483366145897,0.6526588987611719
USDMXN,10,2025-11-19,VAR1,88,6,21.852896194934882,13.679977745613739,32.902670166140574,11.98443398804033
USDMXN,10,2025-11-19,ARHinc,88,6,0.6067376981830199,0.4838187433859085,0.590404076624979,0.6516294584314418
USDMXN,10,2025-11-19,KernelARH,88,6,0.8633658256207228,0.7059461674883486,1.0472553766239472,0.7523435268352086
USDMXN,1,2025-11-07,PM,88,7,0.2378102831444232,0.1778076923076922,0.3170915425272453,0.2367182994987507
USDMXN,1,2025-11-07,PA,88,7,0.612251207478498,0.48913586737669307,0.6006223290514889,0.6634438561338001
USDMXN,1,2025-11-07,VAR1,88,7,4.672167786332804,3.4879694405704864,6.317841825679004,3.1889678697454076
USDMXN,1,2025-11-07,ARHinc,88,7,0.6260484971826692,0.5030457754881973,0.6412111688108068,0.6657972053999242
USDMXN,1,2025-11-07,KernelARH,88,7,0.6020661487737144,0.4943018801879009,0.5408670714455168,0.6563653760274772
USDMXN,5,2025-11-13,PM,88,6,0.3741556776982625,0.28515384615384615,0.5704325517748772,0.26824914511974896
USDMXN,5,2025-11-13,PA,88,6,0.6836014953926369,0.552997594937672,0.7925409452739859,0.6734618119397879
USDMXN,5,2025-11-13,VAR1,88,6,8.452401470859007,5.778227790365991,12.573935732314002,4.51701767105874
USDMXN,5,2025-11-13,ARHinc,88,6,0.700944274850986,0.56512573946716,0.8334656815529725,0.6774828865431795
USDMXN,5,2025-11-13,KernelARH,88,6,0.657028986764615,0.5334008203687227,0.7383065901540314,0.6640128958680089
USDMXN,10,2025-11-20,PM,88,6,0.31502396123762727,0.22680769230769227,0.4869665885064603,0.23893760066353903
USDMXN,10,2025-11-20,PA,88,6,0.6597647257658156,0.537797594937672,0.7369282571635962,0.6684748271412706
USDMXN,10,2025-11-20,VAR1,88,6,6.894685605624897,4.443022396047772,10.270165907708115,3.7422284483131922
USDMXN,10,2025-11-20,ARHinc,88,6,0.6741023674967774,0.5499280592479908,0.7737635623801165,0.6715178595379779
USDMXN,10,2025-11-20,KernelARH,88,6,1.0295157619832085,0.8265205689590045,1.4086376283722442,0.7978743945137525
USDMXN,1,2025-11-10,PM,88,7,0.2275090234896866,0.10036923076923082,0.41131430988229395,0.09047242307792454
USDMXN,1,2025-11-10,PA,88,7,0.637549933396445,0.5076123313219972,0.7355400430646201,0.6353758194332264
USDMXN,1,2025-11-10,VAR1,88,7,0.6153240555900779,0.4975434787255693,0.5835316276471256,0.6474469734149528
USDMXN,1,2025-11-10,ARHinc,88,7,0.6059898977353058,0.48841507406778634,0.633440046274646,0.6318669985862995
USDMXN,1,2025-11-10,KernelARH,88,7,0.6103242631596509,0.49514668347576796,0.6443828872837212,0.6322280876552855
USDMXN,5,2025-11-14,PM,88,6,0.1359788232947152,0.08492307692307678,0.1970708684216476,0.07770903240161381
USDMXN,5,2025-11-14,PA,88,6,0.5940550895380324,0.480356701917207,0.5957551458895306,0.6262594408886236
USDMXN,5,2025-11-14,VAR1,88,6,0.5920243110604021,0.4823174666680311,0.5392521943184732,0.6377077734113045
USDMXN,5,2025-11-14,ARHinc,88,6,0.5718587532968794,0.45900942182197196,0.5304474185123224,0.6217943889978598
USDMXN,5,2025-11-14,KernelARH,88,6,0.5959938667261413,0.4815099642936412,0.5961846195119733,0.6308507028660538
USDMXN,10,2025-11-21,PM,88,6,0.29666856993051255,0.19334615384615378,0.4725133412882028,0.15436552414205285
USDMXN,10,2025-11-21,PA,88,6,0.59068011791682,0.4882135275587368,0.5749308755048685,0.6229547384832749
USDMXN,10,2025-11-21,VAR1,88,6,0.8385134306741968,0.688728910621582,1.0673272182126563,0.6941405715082049
USDMXN,10,2025-11-21,ARHinc,88,6,0.6291086607357677,0.5203797888520756,0.6573688078410427,0.6347544384353505
USDMXN,10,2025-11-21,KernelARH,88,6,0.57561468800863,0.45194829072046805,0.5185853240356848,0.6300362346975946
USDMXN,1,2025-11-11,PM,88,7,0.11052105612123798,0.05699999999999998,0.1959812705843844,0.04858128365663307
USDMXN,1,2025-11-11,PA,88,7,0.5678311984656756,0.45759071229707365,0.49866040602298856,0.6249930272058656
USDMXN,1,2025-11-11,VAR1,88,7,17.87408993738844,13.32496366816879,25.335063526614395,13.354870658621765
USDMXN,1,2025-11-11,ARHinc,88,7,0.5674662807655686,0.457107943781546,0.5039689793172815,0.6234036511963178
USDMXN,1,2025-11-11,KernelARH,88,7,0.5732684974866746,0.4635610738343373,0.5019187359443171,0.627826468057553
USDMXN,5,2025-11-17,PM,88,6,0.5772697259847095,0.3193846153846152,1.0040296361161634,0.2511029209789426
USDMXN,5,2025-11-17,PA,88,6,0.7493637905128363,0.6037542038874986,0.9279830207853694,0.667697271541855
USDMXN,5,2025-11-17,VAR1,88,6,38.3494378329769,26.66314768046506,56.22320361199358,23.101887727826153
USDMXN,5,2025-11-17,ARHinc,88,6,0.7451986174644312,0.6024175801621524,0.9164620325853272,0.6675078991275935
USDMXN,5,2025-11-17,KernelARH,88,6,0.6779881893533071,0.5502901451601125,0.6892335436402199,0.6865098809812347
USDMXN,10,2025-11-24,PM,88,6,0.3255077394802441,0.2010461538461539,0.5229607739137693,0.1608354197759278
USDMXN,10,2025-11-24,PA,88,6,0.6472460482655968,0.524123840756238,0.6452131438301505,0.649823017337818
USDMXN,10,2025-11-24,VAR1,88,6,26.48947555053864,17.76417113699506,39.359993318998406,15.128213431480216
USDMXN,10,2025-11-24,ARHinc,88,6,0.6458062431075111,0.5235990310672992,0.6408098595943179,0.649957199687163
USDMXN,10,2025-11-24,KernelARH,88,6,0.9219297723386872,0.7378986787728867,1.2212622748019333,0.7592518433445437
USDMXN,1,2025-11-12,PM,88,7,0.05884170420582808,0.03173076923076928,0.07103849951596901,0.03553848629234346
USDMXN,1,2025-11-12,PA,88,7,0.560394827835351,0.4452480940817737,0.5012510004466396,0.6186184264774147
USDMXN,1,2025-11-12,VAR1,88,7,5.91458368947371,4.36192853558606,8.187331956263186,4.6997130501753475
USDMXN,1,2025-11-12,ARHinc,88,7,0.5720795635649032,0.46050730164835046,0.5385373447467723,0.621449894175047
USDMXN,1,2025-11-12,KernelARH,88,7,0.5564778679851395,0.4429097392144298,0.47946232854767573,0.6187249285221171
USDMXN,5,2025-11-18,PM,88,6,0.4104000862198139,0.25219230769230755,0.6730272886595339,0.20039960487814731
USDMXN,5,2025-11-18,PA,88,6,0.674015073699841,0.5441720965072453,0.7352955847554808,0.6539448595160112
USDMXN,5,2025-11-18,VAR1,88,6,12.997948549576897,9.181072954832548,18.875236041447856,8.124050550649134
USDMXN,5,2025-11-18,ARHinc,88,6,0.639549590415962,0.5150892697072506,0.6622930483515561,0.6436240404379897
USDMXN,5,2025-11-18,KernelARH,88,6,0.6578655962763912,0.5284526882313061,0.705246383699149,0.6485068488684117
USDMXN,10,2025-11-25,PM,88,6,0.17011458242562907,0.1294692307692308,0.17715967977475763,0.1991474581087771
USDMXN,10,2025-11-25,PA,88,6,0.6285292404217352,0.5062209861575638,0.5977765504861722,0.6864386238051905
USDMXN,10,2025-11-25,VAR1,88,6,9.55518704883917,6.622467420688664,14.106576223310975,5.626951945815746
USDMXN,10,2025-11-25,ARHinc,88,6,0.6418895765811522,0.5179631011741226,0.641718029773586,0.6927122847419006
USDMXN,10,2025-11-25,KernelARH,88,6,1.039002794773043,0.817433116876996,1.399094883534352,0.8715392199771622
USDMXN,1,2025-11-13,PM,88,7,0.0659249281671672,0.058769230769230824,0.07191495899243569,0.05500869858247986
USDMXN,1,2025-11-13,PA,88,7,0.5608575719335039,0.4494417978039584,0.4973501786921549,0.6172250904226512
USDMXN,1,2025-11-13,VAR1,88,7,2.7776297117734714,2.192244186606511,3.6296483761796097,2.4404899430099114
USDMXN,1,2025-11-13,ARHinc,88,7,0.5618582426020149,0.44991820688027345,0.5017790732080226,0.6174705741206605
USDMXN,1,2025-11-13,KernelARH,88,7,0.5616540855058341,0.4528671742102413,0.48919574835941865,0.6183062759150754
USDMXN,5,2025-11-19,PM,88,6,0.43096452647163797,0.2708230769230771,0.6967805247847103,0.21281926909475096
USDMXN,5,2025-11-19,PA,88,6,0.67753735906878,0.5485227956283979,0.7475542927321939,0.6534989110790727
USDMXN,5,2025-11-19,VAR1,88,6,5.774321242407088,4.115232430485223,8.292400610102444,3.793221602759385
USDMXN,5,2025-11-19,ARHinc,88,6,0.6637821029851042,0.5354983332324036,0.7189174029763896,0.6491735367926449
USDMXN,5,2025-11-19,KernelARH,88,6,0.652732842357606,0.5254711247637907,0.7013004019593381,0.6452630391910495
USDMXN,10,2025-11-26,PM,88,6,0.20913799732013527,0.15852307692307688,0.26667802803646506,0.21286441095151404
USDMXN,10,2025-11-26,PA,88,6,0.6435431817195995,0.5198717409896589,0.6501898561330147,0.6876194910080543
USDMXN,10,2025-11-26,VAR1,88,6,4.555135238025405,3.1406300899400525,6.7055813512350015,2.7264516619163675
USDMXN,10,2025-11-26,ARHinc,88,6,0.6503538896208777,0.5256454359268313,0.6705078388914442,0.690504393706367
USDMXN,10,2025-11-26,KernelARH,88,6,0.6677413751718375,0.5410289880256992,0.709526820453394,0.7013947036384597
USDMXN,1,2025-11-14,PM,88,7,0.07494639109698027,0.041153846153846034,0.12857087948180262,0.038359196167757854
USDMXN,1,2025-11-14,PA,88,7,0.5634572897192074,0.45414753067215924,0.4950032714195645,0.6189816430292063
USDMXN,1,2025-11-14,VAR1,88,7,4.590017815174014,3.4895833365971898,6.039306444476222,4.054355891778436
USDMXN,1,2025-11-14,ARHinc,88,7,0.5614163044437777,0.45191153836251946,0.49953286234024463,0.6165031440263916
USDMXN,1,2025-11-14,KernelARH,88,7,0.5995924613294641,0.4838229964787063,0.5933576171702697,0.6323095433289937
USDMXN,5,2025-11-20,PM,88,6,0.10513448347418952,0.06322307692307694,0.14060842087882314,0.06407872920618503
USDMXN,5,2025-11-20,PA,88,6,0.5821565204140141,0.46938434944493423,0.5208726438046717,0.6279714663540686
USDMXN,5,2025-11-20,VAR1,88,6,9.753252772365348,7.073033278548962,13.962986867933525,6.526393157109166
USDMXN,5,2025-11-20,ARHinc,88,6,0.5795450894838936,0.46772042827470134,0.5185575139929711,0.6266821663721545
USDMXN,5,2025-11-20,KernelARH,88,6,0.9561861442286287,0.7675960853163278,1.2728088374018576,0.7743606810105447
USDMXN,10,2025-11-27,PM,88,6,0.2085579840051867,0.16607692307692315,0.21676229536651032,0.229449678999845
USDMXN,10,2025-11-27,PA,88,6,0.6212875772855833,0.4983431603122758,0.5504974753024093,0.6915568439233432
USDMXN,10,2025-11-27,VAR1,88,6,7.641824200552653,5.196697019443363,11.291890017255188,4.506677919646819
USDMXN,10,2025-11-27,ARHinc,88,6,0.6207772090120078,0.4963644329726862,0.5535693653109808,0.6910053405017144
USDMXN,10,2025-11-27,KernelARH,88,6,1.1645928019891811,0.9299979630716432,1.58330770303331,0.9304611168827837
USDMXN,1,2025-11-17,PM,88,7,0.4671166569004431,0.30769230769230754,0.7531523342981553,0.22985430561308026
USDMXN,1,2025-11-17,PA,88,7,0.7202169166842542,0.5794664641320747,0.849434670912754,0.6609141291477589
USDMXN,1,2025-11-17,VAR1,88,7,1.1960220538897492,0.785045372200945,1.631812462772845,0.8771695390582811
USDMXN,1,2025-11-17,ARHinc,88,7,0.7284326601273083,0.5854654031583693,0.869121783410449,0.6624351221795011
USDMXN,1,2025-11-17,KernelARH,88,7,0.7733117610068574,0.6201893457944394,0.9553545748123248,0.6758409696591682
USDMXN,5,2025-11-21,PM,88,6,0.40754520749709,0.26263846153846143,0.6403034192272844,0.20678362944848433
USDMXN,5,2025-11-21,PA,88,6,0.6645557212410906,0.5370587668207459,0.7408312448556942,0.6377623320968805
USDMXN,5,2025-11-21,VAR1,88,6,1.4574986288435692,0.9206807260416708,2.056698571246924,0.9767442855099304
USDMXN,5,2025-11-21,ARHinc,88,6,0.6645880147198032,0.5362058230541482,0.7426371191609474,0.6372291762217445
USDMXN,5,2025-11-21,KernelARH,88,6,0.6677954628714747,0.536275120672737,0.7551574007527492,0.636785037582332
USDMXN,10,2025-11-28,PM,88,6,0.19478963011413103,0.14663846153846152,0.2198560293081007,0.20149549313036078
USDMXN,10,2025-11-28,PA,88,6,0.6082670181852585,0.48920917011352705,0.546956739746832,0.6735181526409988
USDMXN,10,2025-11-28,VAR1,88,6,0.7314855857848105,0.6014848088506952,0.7463514226868828,0.7412528924031114
USDMXN,10,2025-11-28,ARHinc,88,6,0.6086225229982222,0.4899477150645997,0.5457146367029182,0.675070148586306
USDMXN,10,2025-11-28,KernelARH,88,6,0.6157408328140819,0.49649706065825217,0.5603766838828995,0.6813446489426894
USDMXN,1,2025-11-18,PM,88,7,0.10611609208786386,0.060330769230769174,0.18427165048986052,0.04805090758260053
USDMXN,1,2025-11-18,PA,88,7,0.5873477316210729,0.4725092142055072,0.5649253164223224,0.6253658812264952
USDMXN,1,2025-11-18,VAR1,88,7,8.293144661589308,6.756204701371899,10.885811344133808,6.975758185912278
USDMXN,1,2025-11-18,ARHinc,88,7,0.5827409464142314,0.47024393767862255,0.5500015085738634,0.6243473408746439
USDMXN,1,2025-11-18,KernelARH,88,7,0.6865873877975844,0.5551312652336596,0.7722187011540675,0.6626959581705992
USDMXN,5,2025-11-24,PM,88,6,0.28082688686202284,0.12739230769230764,0.5131616676312968,0.11222378892209858
USDMXN,5,2025-11-24,PA,88,6,0.6356284505610973,0.51428132660787,0.7173249688075655,0.6320390318331385
USDMXN,5,2025-11-24,VAR1,88,6,16.353755315655558,11.004351049218682,23.410507919012858,10.515035858313386
USDMXN,5,2025-11-24,ARHinc,88,6,0.6185594441566448,0.5013330961363349,0.6668108136912929,0.6294608998743763
USDMXN,5,2025-11-24,KernelARH,88,6,0.9581602278381156,0.7679006571567163,1.282981267706797,0.7716443931327779
USDMXN,10,2025-12-01,PM,88,6,0.6473129444688428,0.4393461538461537,1.047003847469546,0.37971201586438347
USDMXN,10,2025-12-01,PA,88,6,0.8565577406592987,0.6884148701452586,1.135842059423302,0.7495151934041336
USDMXN,10,2025-12-01,VAR1,88,6,14.412929295446224,9.639387378657762,21.04617768170507,8.824573821766602
USDMXN,10,2025-12-01,ARHinc,88,6,0.8227731883586371,0.6635566596843769,1.0625651936838971,0.7417474702526953
USDMXN,10,2025-12-01,KernelARH,88,6,1.2586168776968643,1.0053180952367469,1.747780128415577,0.9684774817442925
USDMXN,1,2025-11-19,PM,88,7,0.03843626092436859,0.02425384615384612,0.05039615251345632,0.0224110500874133
USDMXN,1,2025-11-19,PA,88,7,0.5691955818955973,0.45879933383548405,0.5133328005037578,0.6209020942764604
USDMXN,1,2025-11-19,VAR1,88,7,7.142295348119802,5.452416127615324,10.036972230192681,5.27605129130109
USDMXN,1,2025-11-19,ARHinc,88,7,0.5711518008336556,0.4604177482462056,0.5141273930964197,0.6221122912214807
USDMXN,1,2025-11-19,KernelARH,88,7,0.5972173451224861,0.4831682601419606,0.5736858667190251,0.6291285616405794
USDMXN,5,2025-11-25,PM,88,6,0.4664247713272658,0.30779999999999985,0.7511423631347153,0.30507290981370755
USDMXN,5,2025-11-25,PA,88,6,0.7471068914762546,0.6053416753133164,0.9255880180496372,0.7113166325018203
USDMXN,5,2025-11-25,VAR1,88,6,10.506297034485456,7.1969001925701965,15.052691725064774,6.739075684330574
USDMXN,5,2025-11-25,ARHinc,88,6,0.7217775643922684,0.5875035373031539,0.8700339131012292,0.7026465015612137
USDMXN,5,2025-11-25,KernelARH,88,6,0.6254303302883123,0.5044463223621042,0.6046019440072854,0.6769499043379752
USDMXN,10,2025-12-02,PM,88,6,0.6408141906380327,0.4447461538461537,0.9945084804084726,0.39328907171122135
USDMXN,10,2025-12-02,PA,88,6,0.8523303804551258,0.681023711787607,1.1080737761915769,0.753696832800418
USDMXN,10,2025-12-02,VAR1,88,6,8.913998004988056,6.0533762397870605,12.984314367863675,5.495271374215976
USDMXN,10,2025-12-02,ARHinc,88,6,0.8207788977081028,0.6603380284114262,1.047003604218798,0.741858460077234
USDMXN,10,2025-12-02,KernelARH,88,6,0.7195999258847363,0.5831706125143045,0.8217055192680696,0.7172815114997201
USDMXN,1,2025-11-20,PM,88,7,0.34410582283316904,0.2223000000000002,0.5778951135936591,0.1627299704213278
USDMXN,1,2025-11-20,PA,88,7,0.6618600508389282,0.5422292656238715,0.7761989389940711,0.6386231371613644
USDMXN,1,2025-11-20,VAR1,88,7,4.844015580229548,4.109661700051558,5.547453046106047,4.71035338856629
USDMXN,1,2025-11-20,ARHinc,88,7,0.6567152826636772,0.538376320734428,0.7610013225075464,0.6383884599417037
USDMXN,1,2025-11-20,KernelARH,88,7,0.6235068683673534,0.5093658102407594,0.6813533562236503,0.6300209725852396
USDMXN,5,2025-11-26,PM,88,6,0.5441564131047957,0.3584384615384616,0.8868008887814565,0.33435302789245935
USDMXN,5,2025-11-26,PA,88,6,0.8027281417125445,0.6424002151841542,1.0486312333120835,0.7232588450124358
USDMXN,5,2025-11-26,VAR1,88,6,13.637211335555492,9.30789458588578,19.31564838690492,9.393597104562232
USDMXN,5,2025-11-26,ARHinc,88,6,0.7977070835801026,0.6392827703129843,1.035479302994783,0.7233463831566413
USDMXN,5,2025-11-26,KernelARH,88,6,0.6842458656756614,0.556202543456413,0.7717963231817127,0.6948755576361848
USDMXN,10,2025-12-03,PM,88,6,0.7134099654799855,0.5133846153846156,1.1156684119638212,0.4307129629903667
USDMXN,10,2025-12-03,PA,88,6,0.9177057376318788,0.7282643583340294,1.233749905655725,0.7738500904429492
USDMXN,10,2025-12-03,VAR1,88,6,14.12140747486777,9.843969956471819,20.41619706013166,9.168845038984909
USDMXN,10,2025-12-03,ARHinc,88,6,0.9128292668312419,0.7247062288687995,1.2207936981452836,0.7741528308761962
USDMXN,10,2025-12-03,KernelARH,88,6,0.826998597210094,0.6670885075490686,1.0355914471913796,0.7569045033955503
USDMXN,1,2025-11-21,PM,88,7,0.38234467685986806,0.23457692307692316,0.6321308473794124,0.18007690003343535
USDMXN,1,2025-11-21,PA,88,7,0.6578969607792383,0.530543706323613,0.7408442830271943,0.6319175811883833
USDMXN,1,2025-11-21,VAR1,88,7,11.920979159359874,10.62958668818052,9.594164493844126,14.477548603887824
USDMXN,1,2025-11-21,ARHinc,88,7,0.6479226599694112,0.526536248480187,0.7121586671384695,0.6311946597175874
USDMXN,1,2025-11-21,KernelARH,88,7,0.6183541879734339,0.5027870411322475,0.6493406612972121,0.6226061939375855
USDMXN,5,2025-11-27,PM,88,6,0.19224873711698856,0.14630000000000012,0.18845293764100535,0.22710034832983694
USDMXN,5,2025-11-27,PA,88,6,0.617933440751834,0.4963130075328171,0.5541802650927004,0.6912748104385084
USDMXN,5,2025-11-27,VAR1,88,6,15.17545723193832,10.763472681710502,21.53595880966475,10.880523650048346
USDMXN,5,2025-11-27,ARHinc,88,6,0.6190647291643603,0.4990048630345855,0.5719118492287989,0.6846287944861408
USDMXN,5,2025-11-27,KernelARH,88,6,0.6704713890087052,0.5448414199785325,0.713063409387195,0.7028382666505993
USDMXN,10,2025-12-04,PM,88,6,0.3365703006916866,0.23558461538461542,0.3902469508804384,0.2833628921723224
USDMXN,10,2025-12-04,PA,88,6,0.6582867992770136,0.534197697865745,0.6110639978665018,0.7109655906620925
USDMXN,10,2025-12-04,VAR1,88,6,12.832138843148284,8.844337195271589,18.705867831642568,8.096749025995978
USDMXN,10,2025-12-04,ARHinc,88,6,0.6580163896653611,0.5378346057964696,0.6275948303970346,0.7021893389284504
USDMXN,10,2025-12-04,KernelARH,88,6,0.7336529093940716,0.6023893307704474,0.7793761604293693,0.7333821974683935
USDMXN,1,2025-11-24,PM,88,7,0.214821392717836,0.11796923076923069,0.36969283987076623,0.09749124705704258
USDMXN,1,2025-11-24,PA,88,7,0.6274248755301943,0.50237622985196,0.6977831326014375,0.6288763339882288
USDMXN,1,2025-11-24,VAR1,88,7,18.20717920125242,16.531179680872267,17.828069207131325,19.628771632024595
USDMXN,1,2025-11-24,ARHinc,88,7,0.628701254839436,0.5051277236952946,0.7026883896551052,0.6287093407416761
USDMXN,1,2025-11-24,KernelARH,88,7,0.6992460179839488,0.5652347952141306,0.8770993130940793,0.6442014517801932
USDMXN,5,2025-11-28,PM,88,6,0.4658964683604816,0.3307923076923075,0.7046093630257649,0.31101166902497906
USDMXN,5,2025-11-28,PA,88,6,0.7568521347885983,0.6145038932226439,0.924699057456046,0.716032075114767
USDMXN,5,2025-11-28,VAR1,88,6,20.79332563763857,16.384729590736306,29.97679486051693,13.582556602153174
USDMXN,5,2025-11-28,ARHinc,88,6,0.7470295828352147,0.6074038173478609,0.9016712927456165,0.7129281033651986
USDMXN,5,2025-11-28,KernelARH,88,6,1.1104559089466464,0.8914622377476952,1.500142104416981,0.8823616083998252
USDMXN,10,2025-12-05,PM,88,6,0.627583851277752,0.4644076923076923,0.9045929242986225,0.40755335036078094
USDMXN,10,2025-12-05,PA,88,6,0.8671213966953684,0.6989344078862707,1.0886913500922177,0.7673537085299201
USDMXN,10,2025-12-05,VAR1,88,6,27.939139843721765,20.786690336825394,41.07125356380029,17.155298260630918
USDMXN,10,2025-12-05,ARHinc,88,6,0.8587067387705043,0.6939421189882531,1.0671172927897432,0.7654922275856191
USDMXN,10,2025-12-05,KernelARH,88,6,1.3081107556909826,1.0556851259875644,1.7448675475646604,1.0037126064175157
USDMXN,1,2025-11-25,PM,88,7,0.3312804267593334,0.2449307692307692,0.4589992248024931,0.274059219547435
USDMXN,1,2025-11-25,PA,88,7,0.6888810342550054,0.5624954308389184,0.7784586870602925,0.6950461945650124
USDMXN,1,2025-11-25,VAR1,88,7,9.163755671963036,8.11788433439097,8.770805964430929,10.428109044264886
USDMXN,1,2025-11-25,ARHinc,88,7,0.680150905241644,0.5550497456476754,0.7609649508853927,0.6913441114017832
USDMXN,1,2025-11-25,KernelARH,88,7,0.7185529258057257,0.5848135875084124,0.8628644573823363,0.6992169870523567
USDMXN,5,2025-12-01,PM,88,6,0.4282501066504874,0.32313846153846143,0.5926081562357791,0.3223354185162972
USDMXN,5,2025-12-01,PA,88,6,0.7306840869332034,0.5911972034810086,0.8461555096676349,0.7243964632766033
USDMXN,5,2025-12-01,VAR1,88,6,11.251416749832687,8.03333649431326,16.17740320191356,7.726865937648878
USDMXN,5,2025-12-01,ARHinc,88,6,0.7196187301589093,0.5843658350038612,0.8266692447376478,0.7190261508243526
USDMXN,5,2025-12-01,KernelARH,88,6,1.1559723168347418,0.922052539270348,1.6055759381047845,0.9024094076408651
USDMXN,10,2025-12-08,PM,88,6,0.47881415015078177,0.3559,0.6298412092206673,0.3490257120977717
USDMXN,10,2025-12-08,PA,88,6,0.7527369344658705,0.6165345419736298,0.8510209128335199,0.7367837426958262
USDMXN,10,2025-12-08,VAR1,88,6,9.213364697250084,6.347842328585391,13.432265015404665,5.914729157274599
USDMXN,10,2025-12-08,ARHinc,88,6,0.74069857646381565,0.6070856147658006,0.8309174911571907,0.7308096891251573
USDMXN,10,2025-12-08,KernelARH,88,6,1.2872003415585338,1.0314860108410047,1.7562388512073561,0.9838956493530375
USDMXN,1,2025-11-26,PM,88,7,0.09926973742904124,0.06369230769230778,0.1581190308173538,0.04835035335479377
USDMXN,1,2025-11-26,PA,88,7,0.6070458185218482,0.4962366060628463,0.5896686433051868,0.6443458942168817
USDMXN,1,2025-11-26,VAR1,88,7,22.859911017940675,19.77629476901575,20.482463888418728,27.475232283648765
USDMXN,1,2025-11-26,ARHinc,88,7,0.6201420957511856,0.5073323295928241,0.5668936246251919,0.6561786013740407
USDMXN,1,2025-11-26,KernelARH,88,7,0.7669796941219459,0.625176476639605,0.8504967612545492,0.6988565210916905
USDMXN,5,2025-12-02,PM,88,6,0.22911231290150463,0.16542307692307678,0.30446150562311564,0.14040869236170958
USDMXN,5,2025-12-02,PA,88,6,0.6316048396725972,0.5254141834944468,0.627759654272447,0.6640047489316792
USDMXN,5,2025-12-02,VAR1,88,6,32.965524577212804,23.839838757723694,45.97405762444755,24.876245175613597
USDMXN,5,2025-12-02,ARHinc,88,6,0.6269476983408657,0.5143971615223083,0.5861417797026334,0.6687653590867504
USDMXN,5,2025-12-02,KernelARH,88,6,0.6940807478749323,0.5692363026251306,0.7316878002093835,0.6787875817438094
USDMXN,10,2025-12-09,PM,88,6,0.3216383241133767,0.2062307692307691,0.5311978553587057,0.15815232807195853
USDMXN,10,2025-12-09,PA,88,6,0.6446753463260984,0.5330973147733055,0.6648160438684594,0.6640134430271604
USDMXN,10,2025-12-09,VAR1,88,6,32.82699248262826,24.430087345945317,46.61016555080003,23.16082062383078
USDMXN,10,2025-12-09,ARHinc,88,6,0.7114573356264607,0.5855688690015082,0.8432927280300421,0.6787317479703328
USDMXN,10,2025-12-09,KernelARH,88,6,0.7590702696291836,0.6156537439342993,0.9378223062693863,0.6864653903346188
USDMXN,1,2025-11-27,PM,88,7,0.14430263337860466,0.06200000000000007,0.24375343360680257,0.061385952805391046
USDMXN,1,2025-11-27,PA,88,7,0.6025699851592997,0.4943064826812542,0.5492862736062077,0.6459099763584077
USDMXN,1,2025-11-27,VAR1,88,7,30.840278293207692,27.24104760279354,23.79169980001845,38.85225947300769
USDMXN,1,2025-11-27,ARHinc,88,7,0.6091497643407551,0.49970492999638955,0.5635262665900783,0.6476023121074468
USDMXN,1,2025-11-27,KernelARH,88,7,0.684386381896471,0.5626098226802577,0.72533666051704615,0.6758501885705757
USDMXN,5,2025-12-03,PM,88,6,0.23920790763877992,0.18383846153846153,0.3118406651570014,0.1532864105687518
USDMXN,5,2025-12-03,PA,88,6,0.6359347663150164,0.5293570836657383,0.626687301818919,0.665814777655388
USDMXN,5,2025-12-03,VAR1,88,6,51.608474378305374,38.78516019150535,68.66184805855914,44.058559083567935
USDMXN,5,2025-12-03,ARHinc,88,6,0.6327434064520678,0.5266562818982881,0.6204678323045323,0.6641756064730834
USDMXN,5,2025-12-03,KernelARH,88,6,0.6264086772637913,0.5190875514831675,0.6032557632463832,0.6611041699813106
USDMXN,10,2025-12-10,PM,88,6,0.21488744817837863,0.14409230769230752,0.33914144592986684,0.1161535201734159
USDMXN,10,2025-12-10,PA,88,6,0.6102804340781143,0.5014412607802465,0.56128120275887206,0.6555383154852861
USDMXN,10,2025-12-10,VAR1,88,6,57.81382755331287,43.715565106670965,81.38730452979455,42.407182796090794
USDMXN,10,2025-12-10,ARHinc,88,6,0.6102832843990119,0.501675139872118,0.563632039240942,0.6548511935903855
USDMXN,10,2025-12-10,KernelARH,88,6,0.6074425416387336,0.5003415377678011,0.5551423073195407,0.6547866536383842
USDMXN,1,2025-11-28,PM,88,7,0.06622695535342546,0.04719230769230765,0.10362297115511371,0.04143229020308027
USDMXN,1,2025-11-28,PA,88,7,0.5817774407136005,0.46972327630429933,0.5117475282553828,0.6378102560181956
USDMXN,1,2025-11-28,VAR1,88,7,11.795661943752313,10.833604977513394,10.382556298349959,14.079378560909088
USDMXN,1,2025-11-28,ARHinc,88,7,0.5822990082094337,0.47100043886094073,0.5129142846930138,0.6380187693091899
USDMXN,1,2025-11-28,KernelARH,88,7,0.584078732811525,0.4702810546858888,0.5123638253970377,0.6391220422354398
USDMXN,5,2025-12-04,PM,88,6,0.2365229497728091,0.16565384615384618,0.29578689970395883,0.14957121010089647
USDMXN,5,2025-12-04,PA,88,6,0.6238322133369186,0.5092674244755171,0.5758206590036005,0.6612865365998161
USDMXN,5,2025-12-04,VAR1,88,6,22.495108462768002,16.34117906870896,30.438204810331754,18.393254636258234
USDMXN,5,2025-12-04,ARHinc,88,6,0.626374375969208,0.5106683849443306,0.5783554410986204,0.6629624119845424
USDMXN,5,2025-12-04,KernelARH,88,6,0.6185439518036469,0.5052572185440675,0.5607337237539739,0.6610589939609003
USDMXN,10,2025-12-11,PM,88,6,0.2543796753492095,0.1735769230769231,0.3964078458309612,0.13806593162674113
USDMXN,10,2025-12-11,PA,88,6,0.6241427504901408,0.5126713117178165,0.5979785665773752,0.660508107356284
USDMXN,10,2025-12-11,VAR1,88,6,25.87255142590851,19.07791151212543,36.91882347361879,18.110200156671585
USDMXN,10,2025-12-11,ARHinc,88,6,0.625613008774067,0.5139942333147342,0.5983565969708309,0.6617389251253357
USDMXN,10,2025-12-11,KernelARH,88,6,0.6236594570422881,0.5159786036406103,0.5959535721495629,0.6625096366651069
USDMXN,1,2025-12-01,PM,88,7,0.14110007359753846,0.09209999999999995,0.23208110560282952,0.08401548622996577
USDMXN,1,2025-12-01,PA,88,7,0.6009590118953533,0.49003794107015053,0.5718544664821715,0.6468248295070637
USDMXN,1,2025-12-01,VAR1,88,7,9.48657117671697,8.65741708670167,9.051922423495208,10.83826960590817
USDMXN,1,2025-12-01,ARHinc,88,7,0.6083857929909959,0.49700614388915043,0.5994649458085358,0.6477044578350505
USDMXN,1,2025-12-01,KernelARH,88,7,0.599302858481094,0.4883548461351168,0.563475363613674,0.6473964948800223
USDMXN,5,2025-12-05,PM,88,6,0.23904773018728356,0.17711538461538467,0.30238540830134936,0.15572370186352588
USDMXN,5,2025-12-05,PA,88,6,0.6260089156609241,0.5165243496876183,0.5869099849011568,0.6617457785990126
USDMXN,5,2025-12-05,VAR1,88,6,17.515707168902704,12.606988094101801,23.90614934681691,13.979162615234245
USDMXN,5,2025-12-05,ARHinc,88,6,0.637689544541097,0.5269993134924871,0.6166931065018404,0.6651035640086014
USDMXN,5,2025-12-05,KernelARH,88,6,0.6280738657032228,0.5167682095246765,0.5846298558344479,0.6648768105631919
USDMXN,10,2025-12-12,PM,88,6,0.3024571012175498,0.186923076923077,0.4842989851380233,0.15912390727188744
USDMXN,10,2025-12-12,PA,88,6,0.6467299428013646,0.5245341550825235,0.676624314106583,0.6632644197379574
USDMXN,10,2025-12-12,VAR1,88,6,19.322651242033693,13.913735376224983,27.88286734233226,12.954084979235367
USDMXN,10,2025-12-12,ARHinc,88,6,0.6480487242018965,0.5314715534624711,0.6690183842748936,0.6650443151767484
USDMXN,10,2025-12-12,KernelARH,88,6,0.676932603896341,0.5561355135119812,0.6682373015954508,0.7047289547601145
USDMXN,1,2025-12-02,PM,88,7,0.11270349117519356,0.07099999999999995,0.15034283184698638,0.0667690543880882
USDMXN,1,2025-12-02,PA,88,7,0.6071778640291475,0.4950070610823405,0.5766310152289983,0.6490883870889591
USDMXN,1,2025-12-02,VAR1,88,7,15.462241457604213,13.958045981975253,15.22341748333965,17.454343202137377
USDMXN,1,2025-12-02,ARHinc,88,7,0.6128015139391157,0.49603025943112056,0.5993057598013664,0.6494512604623931
USDMXN,1,2025-12-02,KernelARH,88,7,0.6051626852504379,0.4937400314621892,0.5690271025600224,0.6489125392611113
USDMXN,5,2025-12-08,PM,88,6,0.1054520944826097,0.06673076923076916,0.1386582893531185,0.06219665499188129
USDMXN,5,2025-12-08,PA,88,6,0.605151823573333,0.4958464718157294,0.5454330692556332,0.6520110611793959
USDMXN,5,2025-12-08,VAR1,88,6,26.68124520629969,19.38625255447047,35.935248626513605,22.05613782089105
USDMXN,5,2025-12-08,ARHinc,88,6,0.6054028021764614,0.4962390072625561,0.5453166589791809,0.6518166040452357
USDMXN,5,2025-12-08,KernelARH,88,6,0.6063269601055287,0.4973705768193079,0.5493269552475376,0.652949485313553
USDMXN,10,2025-12-15,PM,88,6,0.3489814575193183,0.21830769230769237,0.5615181291997241,0.17244408102676292
USDMXN,10,2025-12-15,PA,88,6,0.6389774038977037,0.5112843604420931,0.6713078067321047,0.6530543764936887
USDMXN,10,2025-12-15,VAR1,88,6,27.884803799045958,20.497248478346954,40.10509708880524,18.957479411766666
USDMXN,10,2025-12-15,ARHinc,88,6,0.6358347848256363,0.50891376754797,0.6671993252940314,0.6514666431454439
USDMXN,10,2025-12-15,KernelARH,88,6,0.6522734635805274,0.5300995118944437,0.6855202557799611,0.6599084571584961
USDMXN,1,2025-12-03,PM,88,7,0.10362269761755136,0.08092307692307707,0.15255341556083496,0.06317902513837435
USDMXN,1,2025-12-03,PA,88,7,0.618200456181922,0.5039515429011748,0.618718740440771,0.6498711397930956
USDMXN,1,2025-12-03,VAR1,88,7,3.7855999281736388,3.2211424282112104,4.576575072645911,3.5762279741827294
USDMXN,1,2025-12-03,ARHinc,88,7,0.6183147340962938,0.5043423027995751,0.6191930311227667,0.6498604478867983
USDMXN,1,2025-12-03,KernelARH,88,7,0.6078109830139421,0.49645532610040416,0.5803370840239936,0.6482740982601769
USDMXN,5,2025-12-09,PM,88,6,0.3430464618677768,0.14800000000000002,0.632016550766007,0.13675497895754368
USDMXN,5,2025-12-09,PA,88,6,0.6530668073977746,0.5373660325266156,0.7056982572828665,0.6573464533073432
USDMXN,5,2025-12-09,VAR1,88,6,8.87092251431297,6.50775750762106,12.182407704677505,6.90482464170218
USDMXN,5,2025-12-09,ARHinc,88,6,0.6391838250036663,0.5275107832376427,0.6690399268216359,0.6542356964771197
USDMXN,5,2025-12-09,KernelARH,88,6,0.6507318492590447,0.5381732680567624,0.7011439272599681,0.6570317826523224
USDMXN,10,2025-12-16,PM,88,6,0.440692593015201,0.2317000000000001,0.6784757362874334,0.21507096922884505
USDMXN,10,2025-12-16,PA,88,6,0.6942533482828954,0.5643034999846656,0.8005942987437386,0.6618686432087005
USDMXN,10,2025-12-16,VAR1,88,6,11.343940944668978,8.132411524318636,16.371977861338035,7.757684965731286
USDMXN,10,2025-12-16,ARHinc,88,6,0.713691783405916,0.5805884899086322,0.8446574643378625,0.6661832690433342
USDMXN,10,2025-12-16,KernelARH,88,6,0.7328462971539583,0.5974326028163918,0.8722598683451821,0.6756287996007402
USDMXN,1,2025-12-04,PM,88,7,0.20051292400318657,0.08884615384615388,0.36900931196595743,0.08007387323005737
USDMXN,1,2025-12-04,PA,88,7,0.6112765295453053,0.5011324645079891,0.5681021567998145,0.6514396360570143
USDMXN,1,2025-12-04,VAR1,88,7,10.795826344197508,9.507784026907116,10.5000189127147,12.197342556482857
USDMXN,1,2025-12-04,ARHinc,88,7,0.5987235364817936,0.484560333734959,0.5337461254835277,0.6481728943575649
USDMXN,1,2025-12-04,KernelARH,88,7,0.6212208697844781,0.5071635052437606,0.5922482834976779,0.6551308804075705
USDMXN,5,2025-12-10,PM,88,6,0.24941099846206888,0.1309076923076923,0.44844950431360253,0.10839613887214529
USDMXN,5,2025-12-10,PA,88,6,0.635678995834216,0.526666859129085,0.6355506940711384,0.6562949858726146
USDMXN,5,2025-12-10,VAR1,88,6,22.322571161711867,16.10189526734371,30.796236636028326,17.355178177134505
USDMXN,5,2025-12-10,ARHinc,88,6,0.628785586561177,0.5199592709980999,0.6158584565346236,0.6548280271930138
USDMXN,5,2025-12-10,KernelARH,88,6,0.6095738312486387,0.4991785226163279,0.5709604727254444,0.6500186347619804
USDMXN,10,2025-12-17,PM,88,6,0.38954804927288195,0.1940846153846154,0.6020379806417681,0.18619806265943786
USDMXN,10,2025-12-17,PA,88,6,0.6517403075374434,0.5294872662260367,0.7018661219255381,0.6526128560542147
USDMXN,10,2025-12-17,VAR1,88,6,23.604944822455465,17.00099773564637,34.39831093219937,15.321019905517728
USDMXN,10,2025-12-17,ARHinc,88,6,0.6584583963510695,0.5352083975135986,0.7221393133792184,0.6527256250011078
USDMXN,10,2025-12-17,KernelARH,88,6,0.7230770214599215,0.5871121466060283,0.8576596464150575,0.6709659315125006
USDMXN,1,2025-12-05,PM,88,7,0.05727573321560027,0.03946153846153853,0.09009536606134205,0.03102165504322238
USDMXN,1,2025-12-05,PA,88,7,0.5989160237749279,0.48375341830125046,0.5410446416259028,0.6459872282751493
USDMXN,1,2025-12-05,VAR1,88,7,2.8660169456731674,2.528825794144218,2.17411736518418,3.406435741035015
USDMXN,1,2025-12-05,ARHinc,88,7,0.5992782477384528,0.48415052463775476,0.5420664811481548,0.6460725325416211
USDMXN,1,2025-12-05,KernelARH,88,7,0.6033637628292923,0.48541337858942196,0.5480779580205367,0.6481393259917848
USDMXN,5,2025-12-11,PM,88,6,0.16066732830484048,0.08862307692307703,0.27719636588948626,0.07218849592129505
USDMXN,5,2025-12-11,PA,88,6,0.6173725966996828,0.5035904363388942,0.6006215373360021,0.6529047338683192
USDMXN,5,2025-12-11,VAR1,88,6,4.289451778518676,2.88395089235343,6.225701812853128,2.760254732944315
USDMXN,5,2025-12-11,ARHinc,88,6,0.6134150831143484,0.5003831151922952,0.5897020595557121,0.6520433587145276
USDMXN,5,2025-12-11,KernelARH,88,6,0.6319074150330751,0.5136531946433666,0.6447413778906665,0.6557305076020993
USDMXN,10,2025-12-18,PM,88,6,0.6658125313653064,0.3641538461538463,1.1207845058829695,0.2961032983030288
USDMXN,10,2025-12-18,PA,88,6,0.8489827187165161,0.6635047945406792,1.1677483642765163,0.6947379724905907
USDMXN,10,2025-12-18,VAR1,88,6,2.455151223451039,1.8488900613759187,3.2883943021361435,1.8294475974563644
USDMXN,10,2025-12-18,ARHinc,88,6,0.8633175986544704,0.6739778560428605,1.1954776595124283,0.6987491234353834
USDMXN,10,2025-12-18,KernelARH,88,6,0.84002804987992,0.6624476599468524,1.1410394174597784,0.6955157372665158
USDMXN,1,2025-12-08,PM,88,7,0.09876545643399512,0.06523076923076926,0.12384662812935367,0.06021801994521327
USDMXN,1,2025-12-08,PA,88,7,0.6050447446118126,0.48840503226737786,0.5495954209883884,0.6495068277161736
USDMXN,1,2025-12-08,VAR1,88,7,6.004253556870317,5.220943759087107,6.827510907102964,5.77528749804465
USDMXN,1,2025-12-08,ARHinc,88,7,0.6055595450740109,0.4904790541269221,0.5467099684656437,0.6501790747261535
USDMXN,1,2025-12-08,KernelARH,88,7,0.6080780468371092,0.49348305568233675,0.5487820993972806,0.6513343878044835
USDMXN,5,2025-12-12,PM,88,6,0.28176783951440487,0.13565384615384626,0.503831481603304,0.11658624142354446
USDMXN,5,2025-12-12,PA,88,6,0.6346148352657432,0.5089135063936417,0.6719134044860919,0.6527276975784208
USDMXN,5,2025-12-12,VAR1,88,6,11.540509735266694,7.323430469106258,17.206220714955638,6.660608532336937
USDMXN,5,2025-12-12,ARHinc,88,6,0.6368715567044034,0.5109738748809639,0.6790773465853666,0.6531334113840727
USDMXN,5,2025-12-12,KernelARH,88,6,0.6444903126814594,0.5168758612040895,0.7035529686841027,0.6543058600463638
USDMXN,10,2025-12-19,PM,88,6,0.8474042491859841,0.44036923076923096,1.4461069789224412,0.36841148800569334
USDMXN,10,2025-12-19,PA,88,6,1.0056420751550839,0.7393891718336164,1.517247848206113,0.7261080501877896
USDMXN,10,2025-12-19,VAR1,88,6,6.763630525193614,4.560133281669656,9.859680815567584,4.038025951506517
USDMXN,10,2025-12-19,ARHinc,88,6,0.9944117843403549,0.7329128381503027,1.4954548419320077,0.7230730498388691
USDMXN,10,2025-12-19,KernelARH,88,6,0.9954248985703015,0.7381754901009521,1.490885253295356,0.7269109795030698
USDMXN,1,2025-12-09,PM,88,7,0.26356881308449454,0.11044615384615378,0.4858163024593648,0.1039126340944008
USDMXN,1,2025-12-09,PA,88,7,0.6389047737566529,0.5237400850673221,0.668079993856497,0.654486735959642
USDMXN,1,2025-12-09,VAR1,88,7,7.138986324101493,5.8459457352232755,8.94930438455684,6.416366215044902
USDMXN,1,2025-12-09,ARHinc,88,7,0.6443566128579239,0.5276615318452985,0.6827190419636454,0.6560267691464448
USDMXN,1,2025-12-09,KernelARH,88,7,0.6233068015473862,0.5130327112782688,0.6232690974978224,0.6512658123968906
USDMXN,5,2025-12-15,PM,88,6,0.32099387425259746,0.1834846153846156,0.5198950345272625,0.15376876043260215
USDMXN,5,2025-12-15,PA,88,6,0.6260299468014807,0.4979766457025477,0.6463952103200323,0.6467836427327476
USDMXN,5,2025-12-15,VAR1,88,6,16.672009297222615,11.677535227555554,24.1387348420632,11.072155897218357
USDMXN,5,2025-12-15,ARHinc,88,6,0.6253058967280739,0.4960818373705573,0.6498545984778771,0.6462957145419573
USDMXN,5,2025-12-15,KernelARH,88,6,0.6239268401195482,0.4986588143712238,0.6385783010470829,0.6462075750331221
USDMXN,10,2025-12-22,PM,88,6,0.8189788141807596,0.447346153846154,1.3996249256323963,0.36531745290896467
USDMXN,10,2025-12-22,PA,88,6,0.9903677084032098,0.7260455191317334,1.4917909426289342,0.7260749662864262
USDMXN,10,2025-12-22,VAR1,88,6,16.815192475440288,11.714013037862648,24.945308613999455,10.265738929367728
USDMXN,10,2025-12-22,ARHinc,88,6,0.9630311042225086,0.7078429560088728,1.4384895799276172,0.7190216088825461
USDMXN,10,2025-12-22,KernelARH,88,6,1.0052589519324817,0.7347664200868856,1.5241267670409213,0.7286994478083765
USDMXN,1,2025-12-10,PM,88,7,0.18547376965697668,0.09284615384615394,0.32780376231976394,0.0791386521979433
USDMXN,1,2025-12-10,PA,88,7,0.6125846367077548,0.4896625543125041,0.5829164425291438,0.6484455505283375
USDMXN,1,2025-12-10,VAR1,88,7,16.29518730636984,13.0824611191414,21.829314435750174,12.63853482859465
USDMXN,1,2025-12-10,ARHinc,88,7,0.6222028401868865,0.49808207450160574,0.6089474052332176,0.6510343521777814
USDMXN,1,2025-12-10,KernelARH,88,7,0.5926437190423854,0.47430383593050485,0.5219638803128829,0.6452026827532268
USDMXN,5,2025-12-16,PM,88,6,0.6222418139276723,0.341769230769231,1.032285204612611,0.2803156810249455
USDMXN,5,2025-12-16,PA,88,6,0.8194134839174023,0.643486025304917,1.0757842016961163,0.6883976610351468
USDMXN,5,2025-12-16,VAR1,88,6,32.977012410774734,20.65343173525623,49.326956847722236,18.457178909185224
USDMXN,5,2025-12-16,ARHinc,88,6,0.8606550681593731,0.6714671556923157,1.1547869365399839,0.7006892241593976
USDMXN,5,2025-12-16,KernelARH,88,6,0.7291437624825347,0.5864510210401421,0.8822203794776646,0.6676643150726695
USDMXN,10,2025-12-23,PM,88,6,0.8979889497349918,0.4831538461538463,1.5722797342459625,0.39074330659619083
USDMXN,10,2025-12-23,PA,88,6,1.0256917317484766,0.757532179151071,1.550686021681657,0.7411015687461349
USDMXN,10,2025-12-23,VAR1,88,6,20.57745287036018,13.396819385408694,30.83261614976648,11.305200614772117
USDMXN,10,2025-12-23,ARHinc,88,6,1.072030251105227,0.7865978107788086,1.6341142252570997,0.7562795743147359
USDMXN,10,2025-12-23,KernelARH,88,6,0.9215827094467779,0.6973586853816743,1.343986336418227,0.7155227085771251
USDMXN,1,2025-12-11,PM,88,7,0.10917584615937441,0.05819999999999993,0.1929322799310356,0.049057790951087005
USDMXN,1,2025-12-11,PA,88,7,0.6033855844599032,0.48903961255799244,0.5573999018784128,0.6499427281852549
USDMXN,1,2025-12-11,VAR1,88,7,2.1476982300958576,1.665300549637483,2.7079823052115035,1.7987863067557726
USDMXN,1,2025-12-11,ARHinc,88,7,0.6029907449803333,0.4875583649301295,0.5558693283487187,0.6498509585245397
USDMXN,1,2025-12-11,KernelARH,88,7,0.603313514506885,0.4879999942724008,0.5572432238162501,0.6498802321153538
USDMXN,5,2025-12-17,PM,88,6,0.49953485094404804,0.2909846153846153,0.8022347212236107,0.2369204249676603
USDMXN,5,2025-12-17,PA,88,6,0.7617543781616587,0.6044654180669284,0.9518293450946773,0.676148137143883
USDMXN,5,2025-12-17,VAR1,88,6,3.420013700104868,2.1000753746323593,5.023321047399185,1.948613140566632
USDMXN,5,2025-12-17,ARHinc,88,6,0.7563385544964374,0.6005697010185309,0.9432074873568632,0.6740744840625187
USDMXN,5,2025-12-17,KernelARH,88,6,0.7504430752258091,0.5991154295957625,0.9302857862756071,0.6723799671918567
USDMXN,10,2025-12-24,PM,88,6,0.6541115451217311,0.3706538461538461,1.1348598992910448,0.29897030329913965
USDMXN,10,2025-12-24,PA,88,6,0.8765666467272853,0.6710566858752776,1.244671113890862,0.7085298098996003
USDMXN,10,2025-12-24,VAR1,88,6,1.275409007083719,1.0441192361116747,1.3132229891918121,1.3216298330789384
USDMXN,10,2025-12-24,ARHinc,88,6,0.8713601646751965,0.6669041418821576,1.2363857268686975,0.7064140511458517
USDMXN,10,2025-12-24,KernelARH,88,6,0.8744954675786439,0.6700392962156179,1.240997188758843,0.7077847294778461
USDMXN,1,2025-12-12,PM,88,7,0.10036433629531961,0.04660000000000004,0.17246734286577636,0.04501172845794746
USDMXN,1,2025-12-12,PA,88,7,0.6138251185527877,0.4930570195533757,0.6014208113513593,0.649194290484641
USDMXN,1,2025-12-12,VAR1,88,7,8.306325679594366,7.066292192536254,10.505148332333913,7.0841424323298225
USDMXN,1,2025-12-12,ARHinc,88,7,0.6141297891829747,0.49230471154075406,0.5975368039005504,0.6495975547202608
USDMXN,1,2025-12-12,KernelARH,88,7,0.6202028054138986,0.4967054612113726,0.6289372999182079,0.6498934477060261
USDMXN,5,2025-12-18,PM,88,6,0.7505491002746434,0.42548461538461546,1.2904160827897377,0.3285824296250716
USDMXN,5,2025-12-18,PA,88,6,0.9295864499988471,0.7151194114498348,1.3276084685640723,0.7138181157123917
USDMXN,5,2025-12-18,VAR1,88,6,17.769568839761835,11.031118555130801,26.538849281596587,9.83426556719141
USDMXN,5,2025-12-18,ARHinc,88,6,0.9559777765980887,0.7324385926594557,1.3767454354191335,0.7216370995670326
USDMXN,5,2025-12-18,KernelARH,88,6,0.9183837901914984,0.7116705874177547,1.3006453917754845,0.7131632059739061
USDMXN,10,2025-12-25,PM,88,6,0.643363606966722,0.34561538461538455,1.1360598469786258,0.3087826749295436
USDMXN,10,2025-12-25,PA,88,6,0.8344928996839572,0.6422603820481687,1.162440740721596,0.7013909674941653
USDMXN,10,2025-12-25,VAR1,88,6,11.465346429935522,7.031103186192636,17.094160814734728,6.356178228408673
USDMXN,10,2025-12-25,ARHinc,88,6,0.8573885395068632,0.6580903942626262,1.2089535237960356,0.7072717949911823
USDMXN,10,2025-12-25,KernelARH,88,6,0.8301340725275015,0.6399775869809338,1.1493782043996499,0.7006386907797267
USDMXN,1,2025-12-15,PM,88,7,0.20806020301086678,0.1199230769230769,0.33585375257574385,0.10148738205234754
USDMXN,1,2025-12-15,PA,88,7,0.627267654007748,0.504497117233754,0.6383414706123773,0.6443315660637778
USDMXN,1,2025-12-15,VAR1,88,7,16.22388580885103,13.18579197072287,22.04227631662845,12.194450976196846
USDMXN,1,2025-12-15,ARHinc,88,7,0.6365763421819964,0.513412916393471,0.6595494033062655,0.6464104837169534
USDMXN,1,2025-12-15,KernelARH,88,7,0.6137704981913685,0.4929008816949827,0.6076125492754415,0.6419193091900619
USDMXN,5,2025-12-19,PM,88,6,0.9808298880186967,0.518923076923077,1.7347963843267393,0.4114822183779785
USDMXN,5,2025-12-19,PA,88,6,1.0942912622592627,0.7943106674042548,1.6848362438997795,0.7492773223025311
USDMXN,5,2025-12-19,VAR1,88,6,33.558779069628685,20.97810592037231,50.35612323958639,18.24742998050091
USDMXN,5,2025-12-19,ARHinc,88,6,1.1272646865505083,0.8141943827842699,1.7448290804756108,0.7594459717484925
USDMXN,5,2025-12-19,KernelARH,88,6,1.0894491870702265,0.796090258927397,1.6647292020376474,0.7548564591411692
USDMXN,10,2025-12-26,PM,88,6,0.6875360340207073,0.34323076923076934,1.2475751720113615,0.30788510114414724
USDMXN,10,2025-12-26,PA,88,6,0.8402621091064628,0.6396533203656172,1.1859884134200775,0.7021414651811819
USDMXN,10,2025-12-26,VAR1,88,6,19.774292814912272,12.52781319290309,29.32255793879286,11.601087662662389
USDMXN,10,2025-12-26,ARHinc,88,6,0.8668073182582317,0.6570798181549161,1.2408072323460837,0.7088996943480362
USDMXN,10,2025-12-26,KernelARH,88,6,0.8375136016197628,0.6404691523779196,1.1685475257615847,0.7073791325586324
USDMXN,1,2025-12-16,PM,88,7,0.3348302669895713,0.1638076923076923,0.5907601073350338,0.1373450871479524
USDMXN,1,2025-12-16,PA,88,7,0.6856352679509945,0.54382338768602,0.7874389093971709,0.6549120240003594
USDMXN,1,2025-12-16,VAR1,88,7,6.496588636097411,4.6922421634764175,9.2317583509808,4.256609457495413
USDMXN,1,2025-12-16,ARHinc,88,7,0.7426519449513072,0.583179163887869,0.9199340134919519,0.6662019016272415
USDMXN,1,2025-12-16,KernelARH,88,7,0.688847571379667,0.543727574708863,0.7965639364056164,0.6557303367087407
USDMXN,5,2025-12-22,PM,88,6,0.8028044713569855,0.3747307692307689,1.4568193229929016,0.32550256762360597
USDMXN,5,2025-12-22,PA,88,6,0.9522418195818128,0.6984282342981647,1.430685362337228,0.7084593755674692
USDMXN,5,2025-12-22,VAR1,88,6,12.79674638027658,7.904208648432035,19.02844247380121,7.139319853515499
USDMXN,5,2025-12-22,ARHinc,88,6,0.9921961710142787,0.7174440271253281,1.5115673239083538,0.7174405759601549
USDMXN,5,2025-12-22,KernelARH,88,6,1.0350934408393286,0.7474109030400082,1.5891168551332475,0.7318727669061924
USDMXN,10,2025-12-29,PM,88,6,0.5052136924114389,0.23986923076923075,0.906457231834187,0.26790736963556344
USDMXN,10,2025-12-29,PA,88,6,0.7093751450973924,0.5570982008073588,0.8639226486353191,0.6863213825122888
USDMXN,10,2025-12-29,VAR1,88,6,6.5878691907087585,4.800358084224384,8.75297284016367,5.501404238338871
USDMXN,10,2025-12-29,ARHinc,88,6,0.7336968810101794,0.5737602343149573,0.9287426202135799,0.6900278302509161
USDMXN,10,2025-12-29,KernelARH,88,6,0.7843338819399158,0.6082512373781169,1.0377941452325063,0.7074023537906953
USDMXN,1,2025-12-17,PM,88,7,0.05387663972161134,0.03710769230769232,0.08379879473026654,0.030653471656137087
USDMXN,1,2025-12-17,PA,88,7,0.6059993808005498,0.48028347080001954,0.5722330765693048,0.6435285103238428
USDMXN,1,2025-12-17,VAR1,88,7,19.182437504812285,14.099524742050463,26.90800591368811,13.868883056883712
USDMXN,1,2025-12-17,ARHinc,88,7,0.6052890221790477,0.4772723462940077,0.5700397479455979,0.6433224972798233
USDMXN,1,2025-12-17,KernelARH,88,7,0.7083910061033997,0.5712679094812835,0.8368447913569241,0.6624511844516238
USDMXN,5,2025-12-23,PM,88,6,0.36203326717093504,0.16483846153846174,0.6619625836858253,0.16298865041378643
USDMXN,5,2025-12-23,PA,88,6,0.6946708046400784,0.5527653869625693,0.8349900764059621,0.6660873804904196
USDMXN,5,2025-12-23,VAR1,88,6,34.17325132405114,22.972560785632222,49.82319687696369,21.92256665571165
USDMXN,5,2025-12-23,ARHinc,88,6,0.690545797353155,0.5505529465096493,0.8241393331973188,0.6648261888380141
USDMXN,5,2025-12-23,KernelARH,88,6,0.947010482090396,0.7156201564900958,1.3926700008894113,0.7229103978296813
USDMXN,10,2025-12-30,PM,88,6,0.3649475462836565,0.23976153846153855,0.5690144098742452,0.24520267978559218
USDMXN,10,2025-12-30,PA,88,6,0.6621803250042347,0.5444400463842916,0.6708745428143824,0.6908965684450985
USDMXN,10,2025-12-30,VAR1,88,6,27.575476697228506,18.620359117447265,41.21936576832613,15.89958055643372
USDMXN,10,2025-12-30,ARHinc,88,6,0.6623991706830312,0.5472144581864238,0.6691052576032793,0.6899974172955867
USDMXN,10,2025-12-30,KernelARH,88,6,0.7837521624834297,0.6093364615270338,1.028628014227103,0.7162229580382664
USDMXN,1,2025-12-18,PM,88,7,0.24430958449664453,0.12992307692307695,0.4367355817990226,0.104746457860136
USDMXN,1,2025-12-18,PA,88,7,0.665686295388829,0.5399058786417885,0.7461509243501194,0.6548707149562243
USDMXN,1,2025-12-18,VAR1,88,7,18.723795841042065,14.101042823910095,26.442516400558684,13.422082069474522
USDMXN,1,2025-12-18,ARHinc,88,7,0.6663492005214737,0.5403816320485013,0.7485422724728074,0.6547449194017332
USDMXN,1,2025-12-18,KernelARH,88,7,0.7091399893710273,0.5720573785577571,0.8644281595020095,0.6604215421116898
USDMXN,5,2025-12-24,PM,88,6,0.28152711988504636,0.1550461538461539,0.4955412568192623,0.15564016649620216
USDMXN,5,2025-12-24,PA,88,6,0.66061616549568,0.5318955466302445,0.7253854862303762,0.665243006034659
USDMXN,5,2025-12-24,VAR1,88,6,31.037106835117513,21.228064929509657,44.7173698346124,20.90507531237165
USDMXN,5,2025-12-24,ARHinc,88,6,0.6617749289912077,0.5326873829369048,0.7294842454771256,0.6652248053466118
USDMXN,5,2025-12-24,KernelARH,88,6,0.7761329460666333,0.607060518957545,1.036839063126957,0.6833484580881357
USDMXN,10,2025-12-31,PM,88,6,0.34720751387651116,0.23096153846153852,0.5211026349852512,0.2506428677527817
USDMXN,10,2025-12-31,PA,88,6,0.6560413895312175,0.5406786011500369,0.6520179825674223,0.690997953809234
USDMXN,10,2025-12-31,VAR1,88,6,25.759262362170713,17.730415570468455,38.31737624124745,15.281035699029381
USDMXN,10,2025-12-31,ARHinc,88,6,0.6556067640151025,0.540055724122992,0.6524559053703571,0.6905803158749255
USDMXN,10,2025-12-31,KernelARH,88,6,0.7675856922872669,0.6042623858574282,0.9751289527102455,0.7232253302092777
USDMXN,1,2025-12-19,PM,88,7,0.21653279641448522,0.1009230769230769,0.38589850127558034,0.09626472647745278
USDMXN,1,2025-12-19,PA,88,7,0.6767614044801492,0.5540008260239497,0.7690001842179297,0.661045638608798
USDMXN,1,2025-12-19,VAR1,88,7,35.37719885527147,29.281480524481264,49.13106628307245,26.632634410012624
USDMXN,1,2025-12-19,ARHinc,88,7,0.6771153099007049,0.5518182072051606,0.7724506890791883,0.6599785620081464
USDMXN,1,2025-12-19,KernelARH,88,7,0.7683367675912682,0.6035591846310313,1.0205502693123885,0.672779664646155
USDMXN,5,2025-12-25,PM,88,6,0.24629709623823132,0.18266153846153835,0.32665382536564114,0.20086348492693237
USDMXN,5,2025-12-25,PA,88,6,0.6564973290134385,0.5473268170238238,0.6209776521579418,0.6816824133064876
USDMXN,5,2025-12-25,VAR1,88,6,53.054318259742224,38.61640199696062,70.77884382968193,44.33398969243343
USDMXN,5,2025-12-25,ARHinc,88,6,0.6628972330002006,0.5510238506177269,0.6297638193169602,0.683890228658297
USDMXN,5,2025-12-25,KernelARH,88,6,0.7135192229851985,0.5653765882464807,0.8878565239454949,0.6744693820097459
USDMXN,10,2026-01-01,PM,88,6,0.5252603109228502,0.34025384615384596,0.8002735207166235,0.3284358023825451
USDMXN,10,2026-01-01,PA,88,6,0.7796436800297158,0.6383049703643976,0.8800925607335356,0.733272247413126
USDMXN,10,2026-01-01,VAR1,88,6,51.57523405916301,37.8500431365526,74.1426954754843,35.50021811475001
USDMXN,10,2026-01-01,ARHinc,88,6,0.791131903712817,0.6480634826965301,0.9025791297846549,0.7357304030640506
USDMXN,10,2026-01-01,KernelARH,88,6,0.6614680260076972,0.5280309230586466,0.6775485475177345,0.7058351366613486
USDMXN,1,2025-12-22,PM,88,7,0.08972130996334404,0.07465384615384611,0.10301874258735284,0.08080602233155
USDMXN,1,2025-12-22,PA,88,7,0.6720471125501634,0.5487301415017186,0.6745961180219744,0.6735288847454778
USDMXN,1,2025-12-22,VAR1,88,7,56.554343894775165,48.00981679901617,78.20314007347264,42.60120164030912
USDMXN,1,2025-12-22,ARHinc,88,7,0.6730851571269786,0.5511347222635647,0.6949413615278903,0.6724870232026467
USDMXN,1,2025-12-22,KernelARH,88,7,0.8042701909251774,0.6430635491016097,0.8374030508233159,0.7386504863074379
USDMXN,5,2025-12-26,PM,88,6,0.39055149616132084,0.2513846153846155,0.611005519203361,0.21740391587240487
USDMXN,5,2025-12-26,PA,88,6,0.7340758344918477,0.6000534258286033,0.7642319850490927,0.704472696864192
USDMXN,5,2025-12-26,VAR1,88,6,78.49043633324727,58.266996519276525,93.69152397271327,79.02525695694825
USDMXN,5,2025-12-26,ARHinc,88,6,0.7204476096960534,0.58961082691849,0.7387284249921203,0.7007251232351159
USDMXN,5,2025-12-26,KernelARH,88,6,0.7344179450777155,0.6005250446527013,0.7644444278231755,0.7037630069690941
USDMXN,10,2026-01-02,PM,88,6,0.7700042020364865,0.4174307692307692,1.3231912301157711,0.3562281725559551
USDMXN,10,2026-01-02,PA,88,6,0.9346417228024766,0.7574855762079501,1.2555299621842364,0.75357188774111
USDMXN,10,2026-01-02,VAR1,88,6,96.8080399668587,73.72937996389632,132.2164603881687,78.15476363171872
USDMXN,10,2026-01-02,ARHinc,88,6,0.9119798869092921,0.7427577422241721,1.2115958100548405,0.7479011508442259
USDMXN,10,2026-01-02,KernelARH,88,6,0.6805592798886327,0.5568712159781019,0.7168078123406091,0.6933064734117519
USDMXN,1,2025-12-23,PM,88,7,0.16405349151091878,0.08307692307692324,0.2772747047216456,0.0753330477709483
USDMXN,1,2025-12-23,PA,88,7,0.6578752718542779,0.5365062189937017,0.6060907149443905,0.6810833973521794
USDMXN,1,2025-12-23,VAR1,88,7,60.2137255592601,51.28350202657609,83.0030432389094,44.67527412844106
USDMXN,1,2025-12-23,ARHinc,88,7,0.6571658684788815,0.5362236653543577,0.6047118566734454,0.6811892373775947
USDMXN,1,2025-12-23,KernelARH,88,7,0.7183133546953139,0.5836203803885225,0.7055691816571302,0.709549669990296
USDMXN,5,2025-12-29,PM,88,6,0.43382543680077656,0.24760769230769228,0.7121029232445785,0.21857333729737438
USDMXN,5,2025-12-29,PA,88,6,0.7596214748658,0.6248302474543409,0.8157342219529367,0.7172370037638963
USDMXN,5,2025-12-29,VAR1,88,6,86.00419554363522,63.78517586156268,92.30435594650164,96.40908054703135
USDMXN,5,2025-12-29,ARHinc,88,6,0.7593165632504211,0.6247153574907749,0.8153772963721089,0.7174218055002755
USDMXN,5,2025-12-29,KernelARH,88,6,0.773059350588122,0.6366096098105634,0.8426344050062623,0.7206355347587743
USDMXN,10,2026-01-05,PM,88,6,0.929202320231217,0.4973307692307694,1.607643246640345,0.40557264177237373
USDMXN,10,2026-01-05,PA,88,6,1.079432995365918,0.8480399109894209,1.515726205905497,0.7990454294946451
USDMXN,10,2026-01-05,VAR1,88,6,125.9674443881802,97.57912983312691,162.4334497011373,115.01418142621357
USDMXN,10,2026-01-05,ARHinc,88,6,1.0784425850802752,0.8479593159653486,1.514219849002932,0.7989494424864796
USDMXN,10,2026-01-05,KernelARH,88,6,1.0626654757673815,0.8372174099715423,1.484133409712222,0.7936775876772023
USDMXN,1,2025-12-24,PM,88,7,0.07646045986702486,0.04938461538461533,0.12709800908778326,0.04184611476159671
USDMXN,1,2025-12-24,PA,88,7,0.6410517747660491,0.526237780390741,0.5894028202455724,0.6745924230521904
USDMXN,1,2025-12-24,VAR1,88,7,40.57562872512312,34.88480454667869,55.167033600568445,30.987012330215205
USDMXN,1,2025-12-24,ARHinc,88,7,0.6552665168535601,0.5359149452480516,0.6030191756943188,0.6804157768252729
USDMXN,1,2025-12-24,KernelARH,88,7,0.6352894753710666,0.5220165157372865,0.610256623602269,0.666774531264991
USDMXN,5,2025-12-30,PM,88,6,0.3140032306301226,0.18602307692307696,0.48954105010034193,0.17631588684623595
USDMXN,5,2025-12-30,PA,88,6,0.7151294018516074,0.5843925333624702,0.7282743149827716,0.7065885439361054
USDMXN,5,2025-12-30,VAR1,88,6,55.8140282487667,40.68312630991182,57.03608150644866,65.25719593199554
USDMXN,5,2025-12-30,ARHinc,88,6,0.7361845853098454,0.6014828979453505,0.7670862097405106,0.7131596005716357
USDMXN,5,2025-12-30,KernelARH,88,6,0.6796480501656216,0.5447765701929695,0.7273011551643896,0.7043877517797001
USDMXN,10,2026-01-06,PM,88,6,0.8695534552507175,0.4569923076923074,1.5238164815996105,0.37447506482743675
USDMXN,10,2026-01-06,PA,88,6,1.0212515031077969,0.8027711123216899,1.443838229950681,0.7733442608868024
USDMXN,10,2026-01-06,VAR1,88,6,85.21179673061756,65.21732676300786,109.95100609233566,77.71944631369841
USDMXN,10,2026-01-06,ARHinc,88,6,1.061320820023721,0.8276228594449868,1.5191625119747187,0.7848719478753137
USDMXN,10,2026-01-06,KernelARH,88,6,0.6496326148347303,0.5227934277924555,0.5648568829317455,0.723690553833115
USDMXN,1,2025-12-25,PM,88,7,0.10315965035583644,0.0722461538461536,0.13869262172963523,0.09780458991037858
USDMXN,1,2025-12-25,PA,88,7,0.6435425515337768,0.5315881956873129,0.5861912537411953,0.6845286955302033
USDMXN,1,2025-12-25,VAR1,88,7,34.14009443800868,29.318283924258406,44.95647309547487,28.055031378050874
USDMXN,1,2025-12-25,ARHinc,88,7,0.644910944195536,0.5338502001710808,0.5902766083326834,0.6843706199381576
USDMXN,1,2025-12-25,KernelARH,88,7,0.6366017960886231,0.5272127323956189,0.5913624753835784,0.6788705645850183
USDMXN,5,2025-12-31,PM,88,6,0.2396580095437279,0.14480769230769247,0.36396314486611064,0.14659627785295787
USDMXN,5,2025-12-31,PA,88,6,0.6823350887567429,0.5626419627105634,0.6724525397930231,0.6955780940211037
USDMXN,5,2025-12-31,VAR1,88,6,45.64826963426422,31.589129463991675,37.58918531082447,59.58415387327866
USDMXN,5,2025-12-31,ARHinc,88,6,0.6830428710644154,0.563709228080953,0.6744509131443833,0.6955766435936745
USDMXN,5,2025-12-31,KernelARH,88,6,0.7136025862415697,0.5633163313311881,0.8475024266201163,0.7041259042309549
USDMXN,10,2026-01-07,PM,88,6,0.8029621841847655,0.43842307692307714,1.4046307596646888,0.3666247930730913
USDMXN,10,2026-01-07,PA,88,6,0.9771545523008467,0.7720244081844576,1.3631224473074772,0.7652116336088325
USDMXN,10,2026-01-07,VAR1,88,6,77.41263007418782,59.330301575540105,98.13869740307054,72.74689591841944
USDMXN,10,2026-01-07,ARHinc,88,6,0.9785059268871136,0.7734442891219421,1.3657901110656403,0.7655709487119466
USDMXN,10,2026-01-07,KernelARH,88,6,0.6641972993986733,0.5370667821550585,0.6325903762650652,0.7216700598066775
USDMXN,1,2025-12-26,PM,88,7,0.10838202554639044,0.07707692307692302,0.13456766009849236,0.10826382586757997
USDMXN,1,2025-12-26,PA,88,7,0.6440032552420571,0.533947726853956,0.620974858361462,0.6710425802408183
USDMXN,1,2025-12-26,VAR1,88,7,29.094916643359312,23.43315288249379,37.86085804866459,24.505231841525905
USDMXN,1,2025-12-26,ARHinc,88,7,0.6415808269505604,0.5295721350137752,0.627366716960755,0.6694993824574115
USDMXN,1,2025-12-26,KernelARH,88,7,0.641189585226543,0.5265396877416143,0.6362586724568041,0.6678617745155433
USDMXN,5,2026-01-01,PM,88,6,0.3335738875594708,0.19858461538461528,0.5408063915723144,0.18484769738207588
USDMXN,5,2026-01-01,PA,88,6,0.7074536600783806,0.5844625728027507,0.7300276092773383,0.7084078891700275
USDMXN,5,2026-01-01,VAR1,88,6,36.721720693639064,23.826182948354035,23.596089218721158,51.28918756254456
USDMXN,5,2026-01-01,ARHinc,88,6,0.6891163951955002,0.5675877768992464,0.6889709492667614,0.7044591513050602
USDMXN,5,2026-01-01,KernelARH,88,6,0.6772763942363823,0.5375651761132337,0.7042374650247268,0.7158212741484008
USDMXN,10,2026-01-08,PM,88,6,0.7568313372719997,0.4258461538461538,1.3209883229759503,0.36521243821103183
USDMXN,10,2026-01-08,PA,88,6,0.9408828808755193,0.7456737612626231,1.3012149258526045,0.7518817645907546
USDMXN,10,2026-01-08,VAR1,88,6,69.80188890295307,53.56335546013612,89.42672423448545,64.33302017409525
USDMXN,10,2026-01-08,ARHinc,88,6,0.9086567548810723,0.7245212784937192,1.2361968001027595,0.7455424201805659
USDMXN,10,2026-01-08,KernelARH,88,6,0.6629908952520386,0.5309171528009773,0.6098822841226711,0.7332648509008659
USDMXN,1,2025-12-29,PM,88,7,0.08777938911752664,0.06011538461538479,0.13564115562245993,0.06253802004756247
USDMXN,1,2025-12-29,PA,88,7,0.6512515497275072,0.5415503228481595,0.6215483157935796,0.6779206043983269
USDMXN,1,2025-12-29,VAR1,88,7,27.802984759799333,22.200926103123322,36.59617127798259,23.066088463068443
USDMXN,1,2025-12-29,ARHinc,88,7,0.6639890281209408,0.5477799159316961,0.639317920960927,0.682293788502205
USDMXN,1,2025-12-29,KernelARH,88,7,0.679883227561053,0.5621482261005974,0.6678116761572271,0.6893484169198634
USDMXN,5,2026-01-02,PM,88,6,0.43747610923780295,0.20988461538461534,0.7929398903862259,0.17893835216993598
USDMXN,5,2026-01-02,PA,88,6,0.7351046423159954,0.6134794279471625,0.8477958690830005,0.7003927523356847
USDMXN,5,2026-01-02,VAR1,88,6,34.84757835397195,21.97096169133129,19.754992879677452,49.57532398133845
USDMXN,5,2026-01-02,ARHinc,88,6,0.7688514678076568,0.6393178892356363,0.9223141954495411,0.7083168851466397
USDMXN,5,2026-01-02,KernelARH,88,6,0.6738885259339015,0.5559520152412498,0.7108709466776432,0.6832670989603885
USDMXN,10,2026-01-09,PM,88,6,0.5853813517042347,0.310846153846154,1.0426165162370744,0.2602132688313615
USDMXN,10,2026-01-09,PA,88,6,0.8283904128128993,0.6757256732625893,1.0490412539980931,0.7212967209937109
USDMXN,10,2026-01-09,VAR1,88,6,62.890184320647975,48.38687561600368,74.93328004500152,64.51131430061733
USDMXN,10,2026-01-09,ARHinc,88,6,0.8684475177796819,0.7043105464414584,1.131319971315594,0.7310024643630928
USDMXN,10,2026-01-09,KernelARH,88,6,0.6355124721355409,0.5095608585666591,0.5454048500888372,0.7115093541414557
USDMXN,1,2025-12-30,PM,88,7,0.055426406508644895,0.03950000000000003,0.072003527708711,0.03639747551848006
USDMXN,1,2025-12-30,PA,88,7,0.6617312571086532,0.553121990861471,0.6480745518379306,0.6888025381459217
USDMXN,1,2025-12-30,VAR1,88,7,26.132380230026328,21.069658321682358,35.025647317479745,20.8032622688086
USDMXN,1,2025-12-30,ARHinc,88,7,0.6703972717103376,0.5589687995089372,0.6568093352984858,0.6915146500571545
USDMXN,1,2025-12-30,KernelARH,88,7,0.6659097888014885,0.557455374433948,0.657634340527847,0.6924180126624916
USDMXN,5,2026-01-05,PM,88,6,0.5331766015698162,0.2564153846153845,0.947503357533756,0.2194793980709092
USDMXN,5,2026-01-05,PA,88,6,0.819622929744883,0.6711943399028539,1.0136726969599874,0.7254079980287661
USDMXN,5,2026-01-05,VAR1,88,6,27.284993066328035,16.215824273642287,14.484433175910498,39.08688011735275
USDMXN,5,2026-01-05,ARHinc,88,6,0.849037522204676,0.6934283754086541,1.0747464204415733,0.732311503889492
USDMXN,5,2026-01-05,KernelARH,88,6,0.663360271204349,0.5514452167457196,0.6617002837263183,0.6877582409352565
USDMXN,10,2026-01-12,PM,88,6,0.3406768291549588,0.20897692307692303,0.5752815710626881,0.1880037843420671
USDMXN,10,2026-01-12,PA,88,6,0.694989056197093,0.5693239592044982,0.7197394389402696,0.6854072084646774
USDMXN,10,2026-01-12,VAR1,88,6,51.762649153593365,39.89511181139748,60.97122736507523,53.73983670464758
USDMXN,10,2026-01-12,ARHinc,88,6,0.7166116076621056,0.5857328433868892,0.7679078502495823,0.6905690304707123
USDMXN,10,2026-01-12,KernelARH,88,6,0.6395648595093225,0.5062321313353464,0.573262719651643,0.7098663691468625
USDMXN,1,2025-12-31,PM,88,7,0.03535207533892796,0.024192307692307763,0.04280946855713763,0.022974282749615677
USDMXN,1,2025-12-31,PA,88,7,0.64504117002088,0.5347490580161557,0.6266858926537443,0.6786427268736889
USDMXN,1,2025-12-31,VAR1,88,7,24.09239854318923,20.58753536600619,32.784797601116765,18.320100360831045
USDMXN,1,2025-12-31,ARHinc,88,7,0.6442292067434323,0.5341412978143641,0.6275748416723961,0.6778390220291781
USDMXN,1,2025-12-31,KernelARH,88,7,0.6484763243769485,0.5372511603438599,0.6275548995641136,0.6806828416477204
USDMXN,5,2026-01-06,PM,88,6,0.6203314948167135,0.27840769230769236,1.126946592141099,0.24705710384361584
USDMXN,5,2026-01-06,PA,88,6,0.8513321732254429,0.6836403361706739,1.1154121695234291,0.7239115039119961
USDMXN,5,2026-01-06,VAR1,88,6,29.16547947580263,21.669764260983364,29.34760989916952,34.19971900537331
USDMXN,5,2026-01-06,ARHinc,88,6,0.8413929514058288,0.6767580364016894,1.0955206052621738,0.7210815863098095
USDMXN,5,2026-01-06,KernelARH,88,6,0.786608689389652,0.6402247858086453,0.9830209708796201,0.7052536028443416
USDMXN,10,2026-01-13,PM,88,6,0.3518277004006802,0.20419230769230753,0.6148345596713428,0.17773961444765068
USDMXN,10,2026-01-13,PA,88,6,0.6910387312868768,0.5664826041978968,0.7222037254598671,0.6813833831348954
USDMXN,10,2026-01-13,VAR1,88,6,50.99453345476676,39.798814438583555,63.739112073844936,48.98293101786914
USDMXN,10,2026-01-13,ARHinc,88,6,0.6844096181317026,0.5615318498212377,0.7064459929528508,0.6801401165248051
USDMXN,10,2026-01-13,KernelARH,88,6,0.6417365607012924,0.5065785659449603,0.5596306617779314,0.7169780263731493
USDMXN,1,2026-01-01,PM,88,7,0.20066071153528317,0.11187692307692296,0.34533995616038776,0.1107831142964306
USDMXN,1,2026-01-01,PA,88,7,0.6689851831851521,0.5450012454071547,0.6524638698245513,0.6957241716536479
USDMXN,1,2026-01-01,VAR1,88,7,22.721809984928893,19.363055514413567,30.434854705480113,17.49615059103944
USDMXN,1,2026-01-01,ARHinc,88,7,0.679830156081592,0.5550309955705642,0.6759687179352959,0.6979199472042329
USDMXN,1,2026-01-01,KernelARH,88,7,0.6738429327778201,0.5496909438065412,0.6647081314598906,0.6955120973467912
USDMXN,5,2026-01-07,PM,88,6,0.6278161018103213,0.3083076923076922,1.1349690421096057,0.26038168123064204
USDMXN,5,2026-01-07,PA,88,6,0.8470055868411906,0.6796195718124739,1.1172068082124809,0.7164192230174108
USDMXN,5,2026-01-07,VAR1,88,6,27.225196616417467,20.280373375019426,29.879183740675227,29.9432759630391
USDMXN,5,2026-01-07,ARHinc,88,6,0.8651851782301634,0.692585405566066,1.1538605571751688,0.7208299234295324
USDMXN,5,2026-01-07,KernelARH,88,6,0.7585665083428828,0.622447624847221,0.9194437040840718,0.7057394577347034
USDMXN,10,2026-01-14,PM,88,6,0.361035916069728,0.22825384615384622,0.6171737601319967,0.19476163027143956
USDMXN,10,2026-01-14,PA,88,6,0.6851327704441925,0.5604530373159368,0.7225842066526617,0.6768919452223645
USDMXN,10,2026-01-14,VAR1,88,6,47.46883636299326,36.92375713223213,60.34303059456984,44.3988007983409
USDMXN,10,2026-01-14,ARHinc,88,6,0.6981044286170636,0.5710404432525051,0.7522559461078595,0.6795174937530097
USDMXN,10,2026-01-14,KernelARH,88,6,0.642235139663285,0.5025532889038903,0.5635258153160748,0.719018800743056
USDMXN,1,2026-01-02,PM,88,7,0.19324389233059064,0.10196923076923077,0.3448848328493495,0.10404778258067882
USDMXN,1,2026-01-02,PA,88,7,0.6171873383288823,0.5032341290497434,0.5682752508901521,0.6664414359061287
USDMXN,1,2026-01-02,VAR1,88,7,10.58540640200918,8.105241462344118,14.034714231990712,8.07904854623944
USDMXN,1,2026-01-02,ARHinc,88,7,0.6158588973613233,0.5015985850095379,0.564203619798051,0.6660713797712496
USDMXN,1,2026-01-02,KernelARH,88,7,0.6302678792199911,0.5156824352887784,0.6017890752079489,0.6696388940643749
USDMXN,5,2026-01-08,PM,88,6,0.467197475131481,0.24323076923076914,0.8379844123411327,0.21988231229194904
USDMXN,5,2026-01-08,PA,88,6,0.7440918702456627,0.6035035239879581,0.9098729547866486,0.685139491592588
USDMXN,5,2026-01-08,VAR1,88,6,16.052676979004325,12.36089039321588,21.801703035067042,13.10680467079978
USDMXN,5,2026-01-08,ARHinc,88,6,0.7350440160767363,0.5970604815937925,0.8896959562618556,0.6838604585743052
USDMXN,5,2026-01-08,KernelARH,88,6,0.7681205787906256,0.6231637599533896,0.9603760978916783,0.6938784021751611
USDMXN,10,2026-01-15,PM,88,6,0.34944755851750653,0.24656153846153853,0.5688926556576993,0.23945014818900304
USDMXN,10,2026-01-15,PA,88,6,0.6655168061385284,0.5442500192315152,0.7198378472476048,0.6553070127492774
USDMXN,10,2026-01-15,VAR1,88,6,25.94742603405271,19.170200371995318,35.73621750513779,20.556422612453677
USDMXN,10,2026-01-15,ARHinc,88,6,0.6594914291575343,0.5391709499598811,0.7031562060542988,0.6564141293022255
USDMXN,10,2026-01-15,KernelARH,88,6,0.6623136955006619,0.5411903155240086,0.6786271266251339,0.6813399384222633
USDMXN,1,2026-01-05,PM,88,7,0.23910307159497937,0.15040769230769221,0.3666002025122514,0.12592871577616338
USDMXN,1,2026-01-05,PA,88,7,0.6630298262595018,0.5413105221850918,0.6664679143526326,0.6733963358361451
USDMXN,1,2026-01-05,VAR1,88,7,14.101666886632046,10.71963676337457,18.597423458902927,10.755400430174188
USDMXN,1,2026-01-05,ARHinc,88,7,0.6665715215770485,0.5424964205261293,0.6751361646383441,0.6741787412693434
USDMXN,1,2026-01-05,KernelARH,88,7,0.6252111536995195,0.5091442561484296,0.5596305426283154,0.6784351443171921
USDMXN,5,2026-01-09,PM,88,6,0.19940927183134616,0.12943076923076918,0.31278197862237583,0.12917523085325472
USDMXN,5,2026-01-09,PA,88,6,0.6371777828038333,0.5222436973023998,0.6232124015180713,0.6642413016385799
USDMXN,5,2026-01-09,VAR1,88,6,12.636444341394624,8.72883747320743,18.30923924174841,8.254522666774209
USDMXN,5,2026-01-09,ARHinc,88,6,0.6416108989101028,0.5249446560478553,0.634585180488272,0.6649342281268126
USDMXN,5,2026-01-09,KernelARH,88,6,0.6429713124100974,0.50855946315653755,0.5307442989776918,0.7323582084418301
USDMXN,10,2026-01-16,PM,88,6,0.1887498344370132,0.16946153846153816,0.19981798541527557,0.18915240853384413
USDMXN,10,2026-01-16,PA,88,6,0.6032676807163472,0.4926143077845758,0.545456248158676,0.6498658872245651
USDMXN,10,2026-01-16,VAR1,88,6,5.271179202165019,3.718005066680721,7.475833204359676,3.7377056991277184
USDMXN,10,2026-01-16,ARHinc,88,6,0.6059306590737391,0.49526779619565386,0.5529702581275499,0.649851765868494
USDMXN,10,2026-01-16,KernelARH,88,6,0.667475673528568,0.5226183656615966,0.5682214509015614,0.7559435240089716
USDMXN,1,2026-01-06,PM,88,7,0.11355344387285045,0.057923076923076904,0.20504872909741326,0.050289127462254175
USDMXN,1,2026-01-06,PA,88,7,0.6117104588919676,0.4983057786892326,0.5711606834444237,0.6587605918889148
USDMXN,1,2026-01-06,VAR1,88,7,16.235038955521137,11.846595677703535,22.412529814246295,11.422922250042774
USDMXN,1,2026-01-06,ARHinc,88,7,0.6471170403024107,0.5333426174103222,0.6659827798734053,0.6671265270070075
USDMXN,1,2026-01-06,KernelARH,88,7,0.6964004261240699,0.5714430608490358,0.7704249794035486,0.6871488545497507
USDMXN,5,2026-01-12,PM,88,6,0.26067370186912575,0.17803846153846148,0.4236580827857864,0.16554720358651948
USDMXN,5,2026-01-12,PA,88,6,0.6124477675652488,0.48825371256434663,0.6131524632371742,0.6442873399164121
USDMXN,5,2026-01-12,VAR1,88,6,18.32849409149928,12.968951325873178,26.117639753932185,12.767169122374659
USDMXN,5,2026-01-12,ARHinc,88,6,0.5996640146728555,0.47883261180749337,0.5567990682350555,0.6456000538008986
USDMXN,5,2026-01-12,KernelARH,88,6,0.6118203765043423,0.49015358423971,0.5621123811289321,0.6469660833281593
USDMXN,10,2026-01-19,PM,88,6,0.18845495278917232,0.1507923076923075,0.21233280869365934,0.17157319578559935
USDMXN,10,2026-01-19,PA,88,6,0.5785891673321438,0.4591702905038656,0.5134610706214521,0.6323104406277011
USDMXN,10,2026-01-19,VAR1,88,6,9.41047385712561,6.7698469528922764,13.161099951070831,7.064961931048043
USDMXN,10,2026-01-19,ARHinc,88,6,0.588717062377891,0.472338326932522,0.5311517790187636,0.6365874665811065
USDMXN,10,2026-01-19,KernelARH,88,6,0.6134432809081269,0.4978436193621148,0.5684070084191374,0.656911545337295
USDMXN,1,2026-01-07,PM,88,7,0.062112568404841764,0.046953846153846075,0.04554707084803878,0.07864913730548588
USDMXN,1,2026-01-07,PA,88,7,0.595410170413378,0.4854017723578893,0.5293698788265174,0.6525626818271056
USDMXN,1,2026-01-07,VAR1,88,7,35.09653171458619,27.739060018403435,46.98217418985465,26.449561274879116
USDMXN,1,2026-01-07,ARHinc,88,7,0.5950012987336533,0.4850107748232386,0.5277193721651825,0.652979982019908
USDMXN,1,2026-01-07,KernelARH,88,7,0.5938154434564313,0.4786747766769853,0.5224083782702773,0.6521625789866866
USDMXN,5,2026-01-13,PM,88,6,0.3131226566010883,0.18588461538461537,0.5442145189149404,0.16027453422723462
USDMXN,5,2026-01-13,PA,88,6,0.6135556759339915,0.48805775314383987,0.6324635303075232,0.6401550564675436
USDMXN,5,2026-01-13,VAR1,88,6,61.994440690770915,44.52230827777954,88.70554734634644,42.989327757946164
USDMXN,5,2026-01-13,ARHinc,88,6,0.6153801782170589,0.4900316306292914,0.636502877311525,0.6412628517152524
USDMXN,5,2026-01-13,KernelARH,88,6,0.6037784592040365,0.4803820966535954,0.5958253372654838,0.6409064652189481
USDMXN,10,2026-01-20,PM,88,6,0.2201623090079053,0.1593307692307693,0.31285840613266297,0.14730312560230074
USDMXN,10,2026-01-20,PA,88,6,0.6119214174936226,0.5003934695001534,0.6244886713066219,0.6344693849266422
USDMXN,10,2026-01-20,VAR1,88,6,49.14561634294053,34.24654233667794,70.57484339845158,33.7291072210828
USDMXN,10,2026-01-20,ARHinc,88,6,0.6113283305048594,0.49955749834773466,0.6224268217021856,0.6347713664857011
USDMXN,10,2026-01-20,KernelARH,88,6,0.6955441789172719,0.5673788262816394,0.7992581999154258,0.6710189512072146
USDMXN,1,2026-01-08,PM,88,7,0.03641520709390931,0.024976923076923008,0.055956519198371316,0.02236627337663033
USDMXN,1,2026-01-08,PA,88,7,0.5902538341377017,0.4724825189591184,0.5282203397783979,0.6473787636888709
USDMXN,1,2026-01-08,VAR1,88,7,37.984688369566726,30.377377571511822,50.302707946646514,29.283364337866356
USDMXN,1,2026-01-08,ARHinc,88,7,0.5958728455281435,0.4783995910813592,0.5453036337051113,0.6485799288070739
USDMXN,1,2026-01-08,KernelARH,88,7,0.5905636797925148,0.47030798848228633,0.5270161312000539,0.64845036897109
USDMXN,5,2026-01-14,PM,88,6,0.30429222733317496,0.1708615384615385,0.5343150648658199,0.15274094887913797
USDMXN,5,2026-01-14,PA,88,6,0.6020728568899464,0.47649809012842914,0.6250791545815775,0.629164497812945
USDMXN,5,2026-01-14,VAR1,88,6,80.114872538099,57.25203043283662,114.65387720699559,55.57035978615582
USDMXN,5,2026-01-14,ARHinc,88,6,0.593419427554078,0.46872374361303104,0.5992517055700544,0.6274305863604723
USDMXN,5,2026-01-14,KernelARH,88,6,0.5968291400876367,0.4717165298990854,0.606265816659498,0.6291903761148498
USDMXN,10,2026-01-21,PM,88,6,0.17742251830024283,0.12180769230769235,0.24463223271143458,0.11557588347693239
USDMXN,10,2026-01-21,PA,88,6,0.5732085049529977,0.4609989988279692,0.5295619826986889,0.6188415126448744
USDMXN,10,2026-01-21,VAR1,88,6,76.39333186971785,51.769649482873014,110.22518400330868,51.50216891187812
USDMXN,10,2026-01-21,ARHinc,88,6,0.5796776250527371,0.46955798813751165,0.546533715907751,0.6199216944340037
USDMXN,10,2026-01-21,KernelARH,88,6,0.5806827933840086,0.47102735926657685,0.5445134140692377,0.6224470334672053
USDMXN,1,2026-01-09,PM,88,7,0.155631622503516,0.07824615384615384,0.2765951419565213,0.06469442126450704
USDMXN,1,2026-01-09,PA,88,7,0.5893195655613113,0.4673665808089684,0.5243356050945461,0.6458838257981492
USDMXN,1,2026-01-09,VAR1,88,7,35.53476205878642,28.85501842159144,45.89873743064722,28.5523769183751
USDMXN,1,2026-01-09,ARHinc,88,7,0.5934932101181175,0.4705076629148545,0.5381071546818144,0.64651544204710365
USDMXN,1,2026-01-09,KernelARH,88,7,0.5891819069225638,0.46671992538624385,0.5237366887443796,0.6459169973868063
USDMXN,5,2026-01-15,PM,88,6,0.18102815335657693,0.11260000000000006,0.3002270404507145,0.11780987160116901
USDMXN,5,2026-01-15,PA,88,6,0.5637178550838602,0.44638306152900364,0.5042217581540089,0.6203614951879485
USDMXN,5,2026-01-15,VAR1,88,6,86.75968229044919,59.593660236553525,125.088764518056,58.53707097865475
USDMXN,5,2026-01-15,ARHinc,88,6,0.5665682045040337,0.44964772820347654,0.5146046753391654,0.6209141407286642
USDMXN,5,2026-01-15,KernelARH,88,6,0.5636604974225178,0.44598549725192654,0.4993347297712259,0.6220867221724579
USDMXN,10,2026-01-22,PM,88,6,0.16114163025115524,0.13445384615384623,0.18000812090859225,0.14446725025105234
USDMXN,10,2026-01-22,PA,88,6,0.5769310870463122,0.45472715746378845,0.5361498969389349,0.6269319710873258
USDMXN,10,2026-01-22,VAR1,88,6,94.29455139058105,63.67504135419502,137.03755763597275,61.68614584859682
USDMXN,10,2026-01-22,ARHinc,88,6,0.5739726504445293,0.44947156353571216,0.5253694500947164,0.6267553797677261
USDMXN,10,2026-01-22,KernelARH,88,6,0.5846177771113596,0.4632868475526503,0.5542774514262866,0.630873843651308
USDMXN,1,2026-01-12,PM,88,7,0.2213699913649614,0.1197769230769229,0.39030573620015857,0.10652325642947238
USDMXN,1,2026-01-12,PA,88,7,0.6000806937393144,0.47875545659235286,0.5976214079467873,0.631146907966065
USDMXN,1,2026-01-12,VAR1,88,7,10.949285392775,9.119221725466797,13.403158213664955,9.36304377801888
USDMXN,1,2026-01-12,ARHinc,88,7,0.6101229310265329,0.48798959419411114,0.6328885533095877,0.6319300657002214
USDMXN,1,2026-01-12,KernelARH,88,7,0.6085456159453655,0.48740816851631336,0.6249064380214407,0.6328357919057191
USDMXN,5,2026-01-16,PM,88,6,0.1511070685105305,0.11289230769230757,0.21186611030021116,0.1169997625283843
USDMXN,5,2026-01-16,PA,88,6,0.5642473247219517,0.44810853881743407,0.4904936021780961,0.6252653561773386
USDMXN,5,2026-01-16,VAR1,88,6,27.008253094523937,18.495620452626408,38.959419291066304,18.259163002242918
USDMXN,5,2026-01-16,ARHinc,88,6,0.5642913220021355,0.4465504412439702,0.4951355670490964,0.624658145838584
USDMXN,5,2026-01-16,KernelARH,88,6,0.5703175842806605,0.4516874096458634,0.5147643118588513,0.6270688872752577
USDMXN,10,2026-01-23,PM,88,6,0.37815686610798876,0.25213076923076927,0.6094342963712481,0.20430247294189055
USDMXN,10,2026-01-23,PA,88,6,0.6804702444096562,0.5457447661717478,0.8062707848122844,0.6505050646216815
USDMXN,10,2026-01-23,VAR1,88,6,32.21731401181776,21.669486706245166,46.72854179025791,21.245073471975257
USDMXN,10,2026-01-23,ARHinc,88,6,0.6654975840980133,0.5319106444197326,0.7707190967279579,0.6472746794209792
USDMXN,10,2026-01-23,KernelARH,88,6,0.6422207205754089,0.5103020331614242,0.7083349267041099,0.6447287555266927
USDMXN,1,2026-01-13,PM,88,7,0.07351582770449462,0.05540000000000019,0.0965655439663235,0.05019916786166012
USDMXN,1,2026-01-13,PA,88,7,0.5828555011924592,0.4625762736337391,0.5108915014697997,0.6342476470954309
USDMXN,1,2026-01-13,VAR1,88,7,16.247586359549164,13.231837681090084,19.856179382589037,14.000059531859312
USDMXN,1,2026-01-13,ARHinc,88,7,0.5868844779732584,0.4679129531082554,0.5181783311165515,0.6353657851562948
USDMXN,1,2026-01-13,KernelARH,88,7,0.5787724776616561,0.4592393124089651,0.51601049711413,0.6308804926300806
USDMXN,5,2026-01-19,PM,88,6,0.23780597699029282,0.14466923076923077,0.3939833676252531,0.12132410843774558
USDMXN,5,2026-01-19,PA,88,6,0.597751338788989,0.48182066347019614,0.5885253845848096,0.6234620068026464
USDMXN,5,2026-01-19,VAR1,88,6,30.661972810490575,20.846091014097645,43.827873425410374,21.492680821630508
USDMXN,5,2026-01-19,ARHinc,88,6,0.6022149128066838,0.48596783914520847,0.6003248030129397,0.6236810661607957
USDMXN,5,2026-01-19,KernelARH,88,6,0.5588453812340141,0.4419272957895314,0.4989402501203253,0.6123056363825312
USDMXN,10,2026-01-26,PM,88,6,0.8573811142076785,0.47780769230769227,1.4632120883672917,0.38454892391312295
USDMXN,10,2026-01-26,PA,88,6,1.0115505581935549,0.7637957198371353,1.4871859866685,0.7275050268797866
USDMXN,10,2026-01-26,VAR1,88,6,38.10537338655718,25.2749846138035,55.103627657040114,25.795363193613607
USDMXN,10,2026-01-26,ARHinc,88,6,1.0243245671374415,0.7728155423541816,1.5093340247220082,0.7309220471915072
USDMXN,10,2026-01-26,KernelARH,88,6,0.8636844483121289,0.6674838544035571,1.2013544206121949,0.6862479303804124
USDMXN,1,2026-01-14,PM,88,7,0.06120418223517845,0.04719230769230773,0.08545659223261515,0.053793585826371317
USDMXN,1,2026-01-14,PA,88,7,0.5657113833172955,0.4518206556559699,0.5026609866909784,0.6186610525335996
USDMXN,1,2026-01-14,VAR1,88,7,5.059611842059187,4.160613053878015,5.906037043134197,4.666357078661878
USDMXN,1,2026-01-14,ARHinc,88,7,0.5656015477896249,0.45246465710919465,0.5048480185798154,0.6183708837143747
USDMXN,1,2026-01-14,KernelARH,88,7,0.564724565909768,0.44799508644855673,0.501071249137878,0.6177755608649672
USDMXN,5,2026-01-20,PM,88,6,0.44919443922511915,0.2508384615384616,0.7758276143314982,0.19841348100546446
USDMXN,5,2026-01-20,PA,88,6,0.7059334062717361,0.5679015620910915,0.8629293983715238,0.6451763670609775
USDMXN,5,2026-01-20,VAR1,88,6,9.448184474217577,6.466880675724548,13.6088490198126,6.50972583231701
USDMXN,5,2026-01-20,ARHinc,88,6,0.6992390645903601,0.5631053212646051,0.848772541785894,0.6432061959466748
USDMXN,5,2026-01-20,KernelARH,88,6,0.6560174349427572,0.5289370581273588,0.7515350426414318,0.6335327787181932
USDMXN,10,2026-01-27,PM,88,6,1.361293304743126,0.7844846153846157,2.3067148251482625,0.6073073776428913
USDMXN,10,2026-01-27,PA,88,6,1.4546849798629213,1.0304808598404624,2.2963618159024297,0.8606681645865839
USDMXN,10,2026-01-27,VAR1,88,6,11.58482833701895,7.586643463009621,17.109211243184763,7.412017534793373
USDMXN,10,2026-01-27,ARHinc,88,6,1.4450152860407477,1.0225589441893683,2.2799169927812803,0.856361757994049
USDMXN,10,2026-01-27,KernelARH,88,6,1.317969602868521,0.9413779070295417,2.0601448016974198,0.8118455051595976
USDMXN,1,2026-01-15,PM,88,7,0.19697310437253568,0.1233230769230768,0.32279879146256374,0.12253122500779458
USDMXN,1,2026-01-15,PA,88,7,0.588867502130837,0.4830218345137562,0.5609194978278248,0.6233745498039012
USDMXN,1,2026-01-15,VAR1,88,7,2.709806597121052,2.240440630148555,3.022226198595568,2.691570057942925
USDMXN,1,2026-01-15,ARHinc,88,7,0.5830290789553346,0.476344274879023,0.5477107189369496,0.62172228686664055
USDMXN,1,2026-01-15,KernelARH,88,7,0.5637558387618309,0.4514318553160337,0.48934673767748404,0.623694034516033
USDMXN,5,2026-01-21,PM,88,6,0.341160138915166,0.19002307692307702,0.5802231400593706,0.15315880556606948
USDMXN,5,2026-01-21,PA,88,6,0.6534348901538425,0.5293234121667026,0.7340408740565522,0.6315239245295269
USDMXN,5,2026-01-21,VAR1,88,6,5.861425928828254,3.9536569385275775,8.357682512246239,4.188752872537274
USDMXN,5,2026-01-21,ARHinc,88,6,0.6422366431827463,0.5193984862234845,0.7093112411958342,0.6289694525351005
USDMXN,5,2026-01-21,KernelARH,88,6,0.5818591961600681,0.47559289644186015,0.555235367266059,0.6198757311510544
USDMXN,10,2026-01-28,PM,88,6,0.933752855005418,0.5204538461538464,1.5675711483357642,0.4156015264728025
USDMXN,10,2026-01-28,PA,88,6,1.0904787764895547,0.8168595447344361,1.612637262502571,0.7507188220599972
USDMXN,10,2026-01-28,VAR1,88,6,7.2227590835313,4.724330390841574,10.524577147416107,4.863722181032809
USDMXN,10,2026-01-28,ARHinc,88,6,1.0740272898268723,0.8063444638542429,1.5837720224904426,0.7457011118223325
USDMXN,10,2026-01-28,KernelARH,88,6,0.9684191727887762,0.739232996349514,1.3852356446884533,0.717190489824279
USDMXN,1,2026-01-16,PM,88,7,0.10637863254215325,0.09361538461538468,0.14942587036468827,0.07772102622809383
USDMXN,1,2026-01-16,PA,88,7,0.5589412208198986,0.443316513716147,0.4912979457370608,0.6189660343462301
USDMXN,1,2026-01-16,VAR1,88,7,14.588597565685644,11.147470258666008,11.350748761147937,17.887777050797947
USDMXN,1,2026-01-16,ARHinc,88,7,0.5632248147670792,0.44724935788384673,0.5076676947849553,0.6196233654080493
USDMXN,1,2026-01-16,KernelARH,88,7,0.5634402291996701,0.4472269887904778,0.5029720002687486,0.6231781226410119
USDMXN,5,2026-01-22,PM,88,6,0.21328779311603305,0.13326923076923086,0.36721443835791806,0.11614412041106134
USDMXN,5,2026-01-22,PA,88,6,0.5830482886818554,0.470713865752487,0.5803849020240653,0.6175663803349959
USDMXN,5,2026-01-22,VAR1,88,6,19.640407749212788,13.62653064626719,28.120447026648172,13.529107871195032
USDMXN,5,2026-01-22,ARHinc,88,6,0.5755995521328914,0.4644139486079544,0.5579499201234783,0.6164271939071437
USDMXN,5,2026-01-22,KernelARH,88,6,0.5782957133315876,0.4656784306662653,0.5608191178415165,0.6193895687162768
USDMXN,10,2026-01-29,PM,88,6,1.2872128806067782,0.8462692307692308,2.109163748857348,0.6235412709587256
USDMXN,10,2026-01-29,PA,88,6,1.4198389200232975,1.059836108733251,2.1725534881585786,0.8829676127308842
USDMXN,10,2026-01-29,VAR1,88,6,23.834824128944128,16.323225782041952,34.408399309819885,15.852553105911928
USDMXN,10,2026-01-29,ARHinc,88,6,1.3958647745893964,1.0449441728093951,2.1313084890118192,0.8745391100073202
USDMXN,10,2026-01-29,KernelARH,88,6,1.406608725102795,1.0331169966447618,2.1608744183126367,0.863259934801451
USDMXN,1,2026-01-19,PM,88,7,0.06956271381887104,0.05516923076923071,0.09225480694036071,0.05927276165818488
USDMXN,1,2026-01-19,PA,88,7,0.5665335722893486,0.4533311164745573,0.5133173367389143,0.6105970700880243
USDMXN,1,2026-01-19,VAR1,88,7,9.248606268522904,6.149951497208535,5.780595222366773,12.646984913989304
USDMXN,1,2026-01-19,ARHinc,88,7,0.5594043032824546,0.44398340133155123,0.4973234420752607,0.6088433062591949
USDMXN,1,2026-01-19,KernelARH,88,7,0.5616373343911031,0.4500227668341642,0.5030946599916812,0.609329848292827
USDMXN,5,2026-01-23,PM,88,6,0.3813148053370481,0.20640769230769232,0.6657272431271444,0.1680696680186178
USDMXN,5,2026-01-23,PA,88,6,0.703143874616361,0.5709331249736789,0.8735840369015277,0.6460496994197387
USDMXN,5,2026-01-23,VAR1,88,6,9.562738405321848,6.746537780923768,13.559956183445635,6.703880998469969
USDMXN,5,2026-01-23,ARHinc,88,6,0.6927395336968449,0.5625744199377742,0.8509652554993994,0.6438734250686609
USDMXN,5,2026-01-23,KernelARH,88,6,0.6607606267481784,0.5309799255788318,0.7566935382287515,0.6481510861072044
USDMXN,10,2026-01-30,PM,88,6,1.9824039699314568,1.3708461538461538,3.2684615102470658,0.98219046468439275
USDMXN,10,2026-01-30,PA,88,6,2.1283408392397605,1.5447156803529114,3.395359757772585,1.1840897421840397
USDMXN,10,2026-01-30,VAR1,88,6,10.303887113541705,7.297231785144913,14.554941925261607,7.1271513015286105
USDMXN,10,2026-01-30,ARHinc,88,6,2.1110028999640345,1.5333676349647465,3.367502973229257,1.1775418023561317
USDMXN,10,2026-01-30,KernelARH,88,6,1.975694191103176,1.4070567763256323,3.171725645286734,1.0892273586986094
USDMXN,1,2026-01-20,PM,88,7,0.2895738579892344,0.17626923076923073,0.494586193739369,0.1339735442763852
USDMXN,1,2026-01-20,PA,88,7,0.6497276996692909,0.5246713433778742,0.7323405714018095,0.6305746773184774
USDMXN,1,2026-01-20,VAR1,88,7,11.71857510414466,8.050907501564756,8.636328981062045,15.746978776237086
USDMXN,1,2026-01-20,ARHinc,88,7,0.6414941118054032,0.5181453357894737,0.711578536925936,0.6287880936386885
USDMXN,1,2026-01-20,KernelARH,88,7,0.6341276004798496,0.511348897778714,0.6938209380583865,0.6270647593353946
USDMXN,5,2026-01-26,PM,88,6,0.6420452146790814,0.35959230769230743,1.090770188917471,0.2865285445204317
USDMXN,5,2026-01-26,PA,88,6,0.8768316317922217,0.68444545479426,1.2386268535260379,0.6788927693737338
USDMXN,5,2026-01-26,VAR1,88,6,14.025952407047575,9.831868307908536,19.92414057789296,9.811448190452177
USDMXN,5,2026-01-26,ARHinc,88,6,0.8713916642773286,0.6816210551838957,1.2266454184205677,0.6781023018891493
USDMXN,5,2026-01-26,KernelARH,88,6,0.8203834647037278,0.6443561570978373,1.1299701663235795,0.6646621947990612
USDMXN,10,2026-02-02,PM,88,6,1.1621144935650043,0.8503076923076925,1.8333877790018327,0.6068067190699403
USDMXN,10,2026-02-02,PA,88,6,1.3429179458961071,1.0568051754621977,1.9690600062483798,0.8807333026728527
USDMXN,10,2026-02-02,VAR1,88,6,17.902815262149584,12.328784997290237,25.793728968305015,12.035036438293066
USDMXN,10,2026-02-02,ARHinc,88,6,1.3374823017235091,1.05540649528949,1.9569234529233392,0.8801034318176401
USDMXN,10,2026-02-02,KernelARH,88,6,1.2458258805491385,0.9730566189318912,1.8207737918752707,0.8298848736182527
USDMXN,1,2026-01-21,PM,88,7,0.10919235849566657,0.07003846153846159,0.18000912097356908,0.07301891223305959
USDMXN,1,2026-01-21,PA,88,7,0.5501540594044086,0.43722111427318805,0.48272503389143695,0.6108665106318326
USDMXN,1,2026-01-21,VAR1,88,7,65.11498459217849,45.18544342755815,51.89011246508596,85.97082298048842
USDMXN,1,2026-01-21,ARHinc,88,7,0.5551153371234749,0.44435133518350295,0.49738294173470066,0.6133862371283911
USDMXN,1,2026-01-21,KernelARH,88,7,0.5671555429845819,0.45427525614135233,0.5327336082693734,0.6168067445436791
USDMXN,5,2026-01-27,PM,88,6,0.9201843826521525,0.5432153846153847,1.5375249729229212,0.4189466660427075
USDMXN,5,2026-01-27,PA,88,6,1.094591533727223,0.8142539151880036,1.6654079103564854,0.7383969978478724
USDMXN,5,2026-01-27,VAR1,88,6,91.13852652131789,63.88961081403733,129.30681497777948,64.4191414404784
USDMXN,5,2026-01-27,ARHinc,88,6,1.1020277943321357,0.8171958688260561,1.6804871821536846,0.7397861734251014
USDMXN,5,2026-01-27,KernelARH,88,6,1.241514818079088,0.8956698326393454,1.9321848944472761,0.7808316157599797
USDMXN,10,2026-02-03,PM,88,6,0.6932106115193829,0.4605153846153847,1.101793678615249,0.3454614810654501
USDMXN,10,2026-02-03,PA,88,6,0.9247629311385033,0.7433099949048411,1.271130140253287,0.7142438180723373
USDMXN,10,2026-02-03,VAR1,88,6,118.42903688186558,81.04077919303344,171.1164721678186,79.38453924764575
USDMXN,10,2026-02-03,ARHinc,88,6,0.9301922461485925,0.7464978804651626,1.2845074918344357,0.7145851055180126
USDMXN,10,2026-02-03,KernelARH,88,6,1.0814056025656307,0.8449922933272558,1.5754509697147383,0.7586814797550029
USDMXN,1,2026-01-22,PM,88,7,0.11901640158462966,0.09703846153846153,0.1786066926748574,0.07889990576648866
USDMXN,1,2026-01-22,PA,88,7,0.5514823674868445,0.4464140790031188,0.4842469793730362,0.6112604476936369
USDMXN,1,2026-01-22,VAR1,88,7,57.193932525204765,39.606754459857974,54.47317538733133,71.67473802202069
USDMXN,1,2026-01-22,ARHinc,88,7,0.5561437253558582,0.45027706755726377,0.5015108625077211,0.6123101245096759
USDMXN,1,2026-01-22,KernelARH,88,7,0.5578642735415694,0.452474083147278,0.5085989710137944,0.6119935302000057
USDMXN,5,2026-01-28,PM,88,6,0.6026284893314007,0.34906153846153815,0.9972528254075171,0.27794041109425777
USDMXN,5,2026-01-28,PA,88,6,0.8281131808732524,0.652182012187819,1.123001988483718,0.6743136430104673
USDMXN,5,2026-01-28,VAR1,88,6,72.55809367358994,50.6644169149207,103.28854298595768,50.82931244164111
USDMXN,5,2026-01-28,ARHinc,88,6,0.8428404366322818,0.6635692887558686,1.1512753219208396,0.6779689248993157
USDMXN,5,2026-01-28,KernelARH,88,6,0.9219241514690996,0.7168725177596426,1.3045552756926249,0.6991093804849509
USDMXN,10,2026-02-04,PM,88,6,1.1966321449738073,0.7760384615384616,1.974759355716998,0.5662550837318926
USDMXN,10,2026-02-04,PA,88,6,1.3398521311219218,0.9986807361142296,2.0497845707725935,0.8451250617390963
USDMXN,10,2026-02-04,VAR1,88,6,94.96517877703565,65.08106987474704,136.99194023175644,63.865606667195614
USDMXN,10,2026-02-04,ARHinc,88,6,1.3606702912301867,1.012055553345924,2.0846984380980316,0.8524930859765738
USDMXN,10,2026-02-04,KernelARH,88,6,1.458089095934515,1.0586965777896844,2.2735817909999017,0.8727644675852047
USDMXN,1,2026-01-23,PM,88,7,0.13944670887254598,0.08451538461538471,0.2198075592080133,0.0757333564094713
USDMXN,1,2026-01-23,PA,88,7,0.5722263571172994,0.46029644801048314,0.554126174946073,0.6170950744815519
USDMXN,1,2026-01-23,VAR1,88,7,80.10418762675826,57.23917116363495,91.6799206107298,89.6020715301281
USDMXN,1,2026-01-23,ARHinc,88,7,0.5643673722818752,0.4536564226422197,0.5297406059788902,0.6155718833910875
USDMXN,1,2026-01-23,KernelARH,88,7,0.5642731315854054,0.4542093808681849,0.5281234627833628,0.6169265943989294
USDMXN,5,2026-01-29,PM,88,6,1.136965643720161,0.8103076923076923,1.794333222972067,0.5838206582306168
USDMXN,5,2026-01-29,PA,88,6,1.3177708862874713,1.0160162981957046,1.9700090982228458,0.8592125454021845
USDMXN,5,2026-01-29,VAR1,88,6,103.63193660114086,71.9853735428117,148.17120150571319,71.80355303451014
USDMXN,5,2026-01-29,ARHinc,88,6,1.3139949183898172,1.01415641028972,1.9620107897158188,0.8581734279619028
USDMXN,5,2026-01-29,KernelARH,88,6,1.336204641192592,1.0081762781434631,2.022321198181471,0.8509700717141532
USDMXN,10,2026-02-05,PM,88,6,1.4790407234212524,1.036230769230769,2.3531182994688216,0.7490619070646174
USDMXN,10,2026-02-05,PA,88,6,1.6355269365111407,1.22563450349343,2.5155934438123304,0.9829538457779652
USDMXN,10,2026-02-05,VAR1,88,6,137.3131360518688,93.96944506818572,198.173853052985,92.36746312735596
USDMXN,10,2026-02-05,ARHinc,88,6,1.63217467742574,1.2241874469622378,2.5080380982848784,0.9823917128149446
USDMXN,10,2026-02-05,KernelARH,88,6,1.6657139214089711,1.2170160369180114,2.596412473092102,0.9727790856938101
USDMXN,1,2026-01-26,PM,88,7,0.33184662525375747,0.22428461538461553,0.5222671108624193,0.17151680346032488
USDMXN,1,2026-01-26,PA,88,7,0.6624919352478121,0.5418660851848022,0.7898929916513889,0.6265892216016575
USDMXN,1,2026-01-26,VAR1,88,7,90.6031397311074,70.2393647181588,118.35058214260587,84.87212440896545
USDMXN,1,2026-01-26,ARHinc,88,7,0.610989938772014,0.49563777263124803,0.6660454648700357,0.6158668613782581
USDMXN,1,2026-01-26,KernelARH,88,7,0.64950239421447,0.5265608424759685,0.7669320207070883,0.6223628326713706
USDMXN,5,2026-01-30,PM,88,6,1.642818538366304,1.203884615384615,2.6362184351052496,0.8599619074535638
USDMXN,5,2026-01-30,PA,88,6,1.821543034637286,1.3673046304665908,2.8539726319260694,1.075690112965054
USDMXN,5,2026-01-30,VAR1,88,6,128.98351841346624,89.8969981157817,184.3711990997698,89.28537434514452
USDMXN,5,2026-01-30,ARHinc,88,6,1.7302751862706756,1.3124335695708145,2.695251391558606,1.0443550051244417
USDMXN,5,2026-01-30,KernelARH,88,6,1.8299115527108631,1.3558796041605605,2.8926109495744052,1.0632062567875544
USDMXN,10,2026-02-06,PM,88,6,1.2007825172970141,0.8394,1.8820802079302887,0.6161857082543526
USDMXN,10,2026-02-06,PA,88,6,1.400630019724748,1.06659107255858,2.100977455564868,0.8883056717876671
USDMXN,10,2026-02-06,VAR1,88,6,165.62169339876047,113.99946983224827,239.09372387985167,111.41077174557036
USDMXN,10,2026-02-06,ARHinc,88,6,1.311064191962544,1.012494871604443,1.9415452547471355,0.8587922524984986
USDMXN,10,2026-02-06,KernelARH,88,6,1.433563356641408,1.07146061066996,2.185654311751747,0.8834201860260155
USDMXN,1,2026-01-27,PM,88,7,0.5697871988059023,0.3818384615384618,0.935962889521185,0.2777862438436388
USDMXN,1,2026-01-27,PA,88,7,0.8154240338811864,0.6495520005755037,1.1384159154807614,0.6651304418298275
USDMXN,1,2026-01-27,VAR1,88,7,94.43496991964405,74.54179143368123,126.40454243909494,82.15756125311779
USDMXN,1,2026-01-27,ARHinc,88,7,0.6981875552437259,0.5722814671317784,0.8842696459890018,0.6393649277368747
USDMXN,1,2026-01-27,KernelARH,88,7,0.7510866072003485,0.6081516665095337,1.0043226159524885,0.6534220567344151
USDMXN,5,2026-02-02,PM,88,6,0.6375383698860196,0.5199230769230772,0.8697783250435317,0.41729792356061174
USDMXN,5,2026-02-02,PA,88,6,0.8809735566122281,0.7230743875752681,1.0872329882233953,0.747656668971624
USDMXN,5,2026-02-02,VAR1,88,6,198.98879129655262,139.542744815796,283.2717306420786,139.699150027761
USDMXN,5,2026-02-02,ARHinc,88,6,0.7804253995953141,0.6457846850482338,0.8622632500367414,0.7221427727737304
USDMXN,5,2026-02-02,KernelARH,88,6,0.8453255202634068,0.6966053122717033,1.0197622699891984,0.7346832412262605
USDMXN,10,2026-02-09,PM,88,6,0.7381658467496939,0.5380846153846155,1.0829784190860137,0.4210945411454074
USDMXN,10,2026-02-09,PA,88,6,0.9496431065012186,0.7576730601924906,1.266337295966359,0.7402931382074297
USDMXN,10,2026-02-09,VAR1,88,6,286.733829960545,199.57919349608974,411.50347858934816,197.0260796558582
USDMXN,10,2026-02-09,ARHinc,88,6,0.828622835237724,0.669011799328653,1.016457849378265,0.7094661334669999
USDMXN,10,2026-02-09,KernelARH,88,6,1.0400719498598565,0.8279459070621971,1.4488941691375634,0.757957491624281
USDMXN,1,2026-01-28,PM,88,7,0.4304713204062586,0.2825076923076925,0.7259878483463991,0.20750871914147648
USDMXN,1,2026-01-28,PA,88,7,0.6725145026903846,0.5461075608211059,0.7273069683378389,0.6642473013212395
USDMXN,1,2026-01-28,VAR1,88,7,125.1858655090298,96.12765721556114,167.09295431834425,103.03818373504366
USDMXN,1,2026-01-28,ARHinc,88,7,0.7817904196300263,0.636060634517041,0.9526122991357127,0.6953007773274522
USDMXN,1,2026-01-28,KernelARH,88,7,0.7231762857170349,0.5862651710625583,0.7768107466831492,0.7098157450991466
USDMXN,5,2026-02-03,PM,88,6,0.3302381133946557,0.20210769230769224,0.5511941381505334,0.17611635789754515
USDMXN,5,2026-02-03,PA,88,6,0.6387431779010068,0.5275376754183757,0.6287677964544042,0.6616068562964798
USDMXN,5,2026-02-03,VAR1,88,6,340.18433924533815,240.58465391380147,484.25168719554745,236.6111970590186
USDMXN,5,2026-02-03,ARHinc,88,6,0.7064589905213573,0.5763681988202204,0.7820736425393015,0.6808881613338289
USDMXN,5,2026-02-03,KernelARH,88,6,0.8208144059729379,0.6516132768041414,0.7797460956099175,0.9376182559073344
USDMXN,10,2026-02-10,PM,88,6,0.3439399125741856,0.23421538461538455,0.5426821137190426,0.20253479588260961
USDMXN,10,2026-02-10,PA,88,6,0.6282233738058985,0.5217929692741112,0.622863675908961,0.6503594604606009
USDMXN,10,2026-02-10,VAR1,88,6,435.7669290779405,305.52685123783976,628.1809497267596,294.16140768297174
USDMXN,10,2026-02-10,ARHinc,88,6,0.6459480488773569,0.5385118019397209,0.67563505012986,0.6565485802410876
USDMXN,10,2026-02-10,KernelARH,88,6,0.9480591008414453,0.7601069171066056,1.1515890326659497,0.9283412821311178
USDMXN,1,2026-01-29,PM,88,7,0.5947286145797931,0.4337307692307695,0.9257821271431654,0.32618164423575
USDMXN,1,2026-01-29,PA,88,7,0.8299364380423393,0.6749674544174247,1.0833061846613548,0.7000510174471933
USDMXN,1,2026-01-29,VAR1,88,7,73.7334170230914,54.467094237658976,105.54407781880037,47.004592564526455
USDMXN,1,2026-01-29,ARHinc,88,7,0.9021410383287742,0.7212700192940337,1.2213358760513908,0.7204434479730754
USDMXN,1,2026-01-29,KernelARH,88,7,1.0649106606143222,0.8450159872044202,1.5246193086593463,0.774046469854213
USDMXN,5,2026-02-04,PM,88,6,0.6834068714339044,0.45307692307692343,1.0992338902358663,0.3503887663233787
USDMXN,5,2026-02-04,PA,88,6,0.9209638639930694,0.7233472501151906,1.2783723677343488,0.7228951427295183
USDMXN,5,2026-02-04,VAR1,88,6,229.75443099069957,161.18278472456365,328.8014375063142,156.95326697125392
USDMXN,5,2026-02-04,ARHinc,88,6,0.9996899438839526,0.7715825447815171,1.4237743542748025,0.7466969645431752
USDMXN,5,2026-02-04,KernelARH,88,6,1.164962852320163,0.8913869932599046,1.723595133057317,0.798590600770684
USDMXN,10,2026-02-11,PM,88,6,0.3879810289771317,0.2669769230769231,0.5366657807629132,0.23208374474867008
USDMXN,10,2026-02-11,PA,88,6,0.6694169287259804,0.5465585716353257,0.718370945101438,0.6489963657929847
USDMXN,10,2026-02-11,VAR1,88,6,305.5571619821984,212.05212119145648,442.51927662713314,202.85066943921163
USDMXN,10,2026-02-11,ARHinc,88,6,0.7281441530833086,0.5850898266371285,0.8405843004692968,0.665294402102496
USDMXN,10,2026-02-11,KernelARH,88,6,0.9147929174577957,0.7397790984487373,1.217121119662908,0.7097165801331456
USDMXN,1,2026-01-30,PM,88,7,0.628340251101142,0.4524999999999998,1.0404437768850447,0.33824780299883306
USDMXN,1,2026-01-30,PA,88,7,0.8860668403441183,0.6984087731424871,1.254726296103659,0.7113448083455425
USDMXN,1,2026-01-30,VAR1,88,7,121.02561296135758,89.64537677891911,168.95231461307412,85.00771490388496
USDMXN,1,2026-01-30,ARHinc,88,7,1.0574731202109289,0.8042351095383207,1.6092318665022616,0.7497871854236006
USDMXN,1,2026-01-30,KernelARH,88,7,1.034608164726587,0.7773600982240644,1.579961816355308,0.7285732171132517
USDMXN,5,2026-02-05,PM,88,6,0.40395276523185436,0.2626000000000001,0.6438769188313015,0.216550002992844
USDMXN,5,2026-02-05,PA,88,6,0.7211217738118265,0.5916215512813823,0.8752733800826988,0.6671088592403581
USDMXN,5,2026-02-05,VAR1,88,6,408.4137749909955,285.03927895694807,585.8023413106531,277.79531880298026
USDMXN,5,2026-02-05,ARHinc,88,6,0.8120735505916172,0.6480848694250437,1.1104665813191439,0.6756305596890072
USDMXN,5,2026-02-05,KernelARH,88,6,1.555319805722758,1.120474976119432,2.445648370964328,0.9320204867423921
USDMXN,10,2026-02-12,PM,88,6,0.2947331093875113,0.20509230769230774,0.4618802208852109,0.17859122763803448
USDMXN,10,2026-02-12,PA,88,6,0.6021713982917646,0.4974571474697304,0.5827597626701609,0.6311747149761492
USDMXN,10,2026-02-12,VAR1,88,6,484.9009549376089,335.605953165863,703.3672690624554,320.21631714719854
USDMXN,10,2026-02-12,ARHinc,88,6,0.5650005781148317,0.46169840878200485,0.4987912893630862,0.6161093151003313
USDMXN,10,2026-02-12,KernelARH,88,6,1.2599351814457258,0.9668034115874269,1.8305606733572588,0.8616372542277781
USDMXN,1,2026-02-02,PM,88,7,0.8008883349131761,0.46907692307692317,1.383769198473289,0.37452231896933125
USDMXN,1,2026-02-02,PA,88,7,0.9824790217873489,0.7793581856462547,1.3423669152863733,0.7492431272126989
USDMXN,1,2026-02-02,VAR1,88,7,200.03050690070583,142.73339202283765,285.8647424258545,137.19166895277266
USDMXN,1,2026-02-02,ARHinc,88,7,1.0876016925781513,0.84969833099106,1.525721727485305,0.7881833029209041
USDMXN,1,2026-02-02,KernelARH,88,7,2.0618082774133533,1.4810121353662025,3.1499258396198373,1.1881599723128065
USDMXN,5,2026-02-06,PM,88,6,0.5090167369169096,0.37142307692307697,0.8278439617507564,0.33388264700414494
USDMXN,5,2026-02-06,PA,88,6,0.770651634708645,0.6294942602602274,0.862071760860159,0.7203108349591917
USDMXN,5,2026-02-06,VAR1,88,6,709.7269825882324,487.8949822182052,1029.032263178384,468.3982978315545
USDMXN,5,2026-02-06,ARHinc,88,6,0.8812045191691962,0.7201703791174786,1.065590342887386,0.7632708893466351
USDMXN,5,2026-02-06,KernelARH,88,6,1.449853048029517,1.1199641866295384,2.0441767005070646,1.005625210097563
USDMXN,10,2026-02-13,PM,88,6,0.992606412625173,0.6483461538461539,1.6988975877392045,0.5097230606931077
USDMXN,10,2026-02-13,PA,88,6,1.1122716854297359,0.862743613988677,1.5970494877633168,0.8107941829510313
USDMXN,10,2026-02-13,VAR1,88,6,898.1135497125039,616.2316289655765,1307.5328652996002,586.8631296725714
USDMXN,10,2026-02-13,ARHinc,88,6,1.2523251039312124,0.9561062592547849,1.831537448709,0.8689754956037163
USDMXN,10,2026-02-13,KernelARH,88,6,1.535159035051275,1.1412207922176836,2.2919819989036894,1.00792294351238
USDMXN,1,2026-02-03,PM,88,7,0.2487950770907966,0.228923076923077,0.2869206049895611,0.20405076080191342
USDMXN,1,2026-02-03,PA,88,7,0.6419122371594927,0.5276949003714523,0.6275455688618147,0.6568828875274911
USDMXN,1,2026-02-03,VAR1,88,7,98.67821906836096,74.76404422390924,131.6330351168746,81.7406266231407
USDMXN,1,2026-02-03,ARHinc,88,7,0.6298596050176625,0.5178588304076747,0.6095470496654063,0.6521050564048642
USDMXN,1,2026-02-03,KernelARH,88,7,1.1072948278153942,0.8536088765593071,1.6364796893280589,0.7677265981606993
USDMXN,5,2026-02-09,PM,88,6,0.17839818794353965,0.13993846153846146,0.2498436261385005,0.13045979304227553
USDMXN,5,2026-02-09,PA,88,6,0.5627219098751344,0.45710762553481776,0.5113986843396902,0.6141731441193725
USDMXN,5,2026-02-09,VAR1,88,6,240.48000581876883,170.37580842879262,339.7713870257328,171.15907107619057
USDMXN,5,2026-02-09,ARHinc,88,6,0.5615736837869755,0.45737653835439807,0.49656268382024055,0.6162414373439175
USDMXN,5,2026-02-09,KernelARH,88,6,1.4221095202073637,1.0589446282301491,2.1484156407957973,0.8853726682004929
USDMXN,10,2026-02-16,PM,88,6,0.21358150128769976,0.17273076923076927,0.2888099750449663,0.17843688935172838
USDMXN,10,2026-02-16,PA,88,6,0.5807580109830925,0.4654058149734459,0.5569745315199779,0.6198799437037505
USDMXN,10,2026-02-16,VAR1,88,6,260.6955263759637,182.4065460830742,375.2457574190939,176.4447862353321
USDMXN,10,2026-02-16,ARHinc,88,6,0.6015328533040967,0.4837548092814006,0.6077828915059788,0.6278989205043759
USDMXN,10,2026-02-16,KernelARH,88,6,1.231996334337326,0.9512436245346054,1.7542980805110826,0.8460238850427104
USDMXN,1,2026-02-04,PM,88,7,0.43328120865002995,0.2618076923076926,0.7295844786728871,0.19995914930004152
USDMXN,1,2026-02-04,PA,88,7,0.7174654271974946,0.5727965870341265,0.9060333811361477,0.6527129290625412
USDMXN,1,2026-02-04,VAR1,88,7,93.68235871063303,69.45329492397425,127.25227029584667,73.07485360844251
USDMXN,1,2026-02-04,ARHinc,88,7,0.6355691667320255,0.5232607725069084,0.6855927377716481,0.6400485038552923
USDMXN,1,2026-02-04,KernelARH,88,7,0.7736923356036126,0.6380387613876591,0.9482021285544466,0.7095020816604178
USDMXN,5,2026-02-10,PM,88,6,0.1791293312321919,0.12816923076923084,0.24360797926749536,0.1072391314087385
USDMXN,5,2026-02-10,PA,88,6,0.5680045530555513,0.47297146921468497,0.5283473083362166,0.6103389229771716
USDMXN,5,2026-02-10,VAR1,88,6,260.5637908955659,182.02183815312543,373.07156151728935,179.35175434769806
USDMXN,5,2026-02-10,ARHinc,88,6,0.5666912157374258,0.46847040947397417,0.50801583310362175,0.6149624891204492
USDMXN,5,2026-02-10,KernelARH,88,6,0.5789285274102505,0.47989077007090497,0.5241954113818442,0.6191916966391622
USDMXN,10,2026-02-17,PM,88,6,0.21280426181388823,0.1319615384615387,0.3341129644443938,0.11356212485503275
USDMXN,10,2026-02-17,PA,88,6,0.5742536807052318,0.46947391932537114,0.536322437518864,0.6128543660733308
USDMXN,10,2026-02-17,VAR1,88,6,319.5778893058073,218.34218341726609,466.6335702931791,206.27970669591477
USDMXN,10,2026-02-17,ARHinc,88,6,0.5944707560785474,0.4906886913630365,0.5816512778258998,0.6211979347976928
USDMXN,10,2026-02-17,KernelARH,88,6,0.9653342735988476,0.7532372284057465,1.3593904008025672,0.7345204800368335
USDMXN,1,2026-02-05,PM,88,7,0.29888013741040326,0.21168461538461525,0.45461858849997056,0.16559442450554532
USDMXN,1,2026-02-05,PA,88,7,0.668271174046658,0.5541864747462656,0.7531100724521829,0.6517767654045944
USDMXN,1,2026-02-05,VAR1,88,7,194.9083937317111,141.32610266651642,269.18510186748875,145.83645831518788
USDMXN,1,2026-02-05,ARHinc,88,7,0.7250454682289437,0.5939166002018667,0.9077423754966819,0.6597505504516336
USDMXN,1,2026-02-05,KernelARH,88,7,0.6389044998413079,0.5168262758272776,0.6154632203261629,0.6515154971527557
USDMXN,5,2026-02-11,PM,88,6,0.4056023772878292,0.22422307692307697,0.7110215786762187,0.18562499387191975
USDMXN,5,2026-02-11,PA,88,6,0.6888042313305931,0.5584412618464413,0.8179179686429253,0.641048286430473
USDMXN,5,2026-02-11,VAR1,88,6,578.4264198048876,399.60660074546723,833.2868103693334,393.0271879924649
USDMXN,5,2026-02-11,ARHinc,88,6,0.6293652899865885,0.5136569520633034,0.680213436413187,0.6280789005677281
USDMXN,5,2026-02-11,KernelARH,88,6,0.6712674077042272,0.5434425571743748,0.7678770722420568,0.6446018770302204
USDMXN,10,2026-02-18,PM,88,6,0.4527306573194742,0.2349692307692309,0.8004649763554389,0.19258561646436187
USDMXN,10,2026-02-18,PA,88,6,0.7181167233423247,0.5849777387385707,0.8832986067833047,0.6510194152359592
USDMXN,10,2026-02-18,VAR1,88,6,726.3463025477748,493.20474240243885,1061.6971582330298,468.78612771242405
USDMXN,10,2026-02-18,ARHinc,88,6,0.6532189172575342,0.5339428453534152,0.7365691285764853,0.6359556160418527
USDMXN,10,2026-02-18,KernelARH,88,6,0.8263004580590769,0.6844430962946817,1.0385237725113199,0.6971792884262761
USDMXN,1,2026-02-06,PM,88,7,0.207309875826948,0.14492307692307693,0.3399235578688035,0.11235329634760487
USDMXN,1,2026-02-06,PA,88,7,0.6385822605778975,0.5188052412586982,0.6294585971463613,0.6447239927571473
USDMXN,1,2026-02-06,VAR1,88,7,220.54945305409774,162.73249371761761,302.78600727427886,167.17762807529382
USDMXN,1,2026-02-06,ARHinc,88,7,0.6186301645043604,0.5023258032886528,0.5909765740696581,0.6375836847311519
USDMXN,1,2026-02-06,KernelARH,88,7,0.6580165556682316,0.5354923283869941,0.6654889060493484,0.6512032487144565
USDMXN,5,2026-02-12,PM,88,6,0.5419137740097942,0.31066923076923075,0.941766829270339,0.24806911671530255
USDMXN,5,2026-02-12,PA,88,6,0.7519514327207147,0.6031153219645773,0.9374725393972625,0.6600563918105246
USDMXN,5,2026-02-12,VAR1,88,6,623.5081436311497,433.0876608373221,891.3047568025252,436.2190653955637
USDMXN,5,2026-02-12,ARHinc,88,6,0.6964610777401617,0.5603127102133932,0.8219028723254042,0.6438399151003091
USDMXN,5,2026-02-12,KernelARH,88,6,0.5806650247872303,0.4703983925385522,0.5543646064092417,0.6130566654157493
USDMXN,10,2026-02-19,PM,88,6,0.5390397266649989,0.32069230769230744,0.9373365007745103,0.250462954927205
USDMXN,10,2026-02-19,PA,88,6,0.7547671951625747,0.6037153219645772,0.9360836022910196,0.6687311133527051
USDMXN,10,2026-02-19,VAR1,88,6,712.535503272796,486.3777555184823,1035.1441797738833,472.5665304538932
USDMXN,10,2026-02-19,ARHinc,88,6,0.7000306898495945,0.563275192016551,0.8210178419569027,0.6524211452367958
USDMXN,10,2026-02-19,KernelARH,88,6,0.772263737308645,0.6448306400146822,0.9477171023710298,0.6722502884201627
USDMXN,1,2026-02-09,PM,88,7,0.22383922801868308,0.12708461538461546,0.3878998057181711,0.10199353795674863
USDMXN,1,2026-02-09,PA,88,7,0.6119421061576753,0.49631778227685847,0.6247081889137359,0.6208301766600016
USDMXN,1,2026-02-09,VAR1,88,7,197.51181933315004,148.29009989799414,265.2991575201447,158.24136062007358
USDMXN,1,2026-02-09,ARHinc,88,7,0.6591015518736693,0.5314411798962748,0.7309979991161806,0.6335354408811424
USDMXN,1,2026-02-09,KernelARH,88,7,0.7518156206872313,0.6022706281073763,0.9260576266053185,0.657553246752063
USDMXN,5,2026-02-13,PM,88,6,0.5122619991461701,0.2852384615384615,0.8895564131717891,0.2291375795626732
USDMXN,5,2026-02-13,PA,88,6,0.7355389530182106,0.5933175388306587,0.9196929012736157,0.6535698559836254
USDMXN,5,2026-02-13,VAR1,88,6,550.3850125507445,381.2339813671382,786.7219506560708,386.9228423365238
USDMXN,5,2026-02-13,ARHinc,88,6,0.7733192703595058,0.6214199351500167,0.9974973293918119,0.6643120792102725
USDMXN,5,2026-02-13,KernelARH,88,6,0.677707686121072,0.550161387241835,0.7931426084858777,0.6403307393547857
USDMXN,10,2026-02-20,PM,88,6,0.3657902798683336,0.19777692307692324,0.6449807761475137,0.16655298776700037
USDMXN,10,2026-02-20,PA,88,6,0.6413727657997946,0.5133216950877497,0.7145846994147925,0.6285325288174597
USDMXN,10,2026-02-20,VAR1,88,6,649.0420992092563,441.0474322454793,944.9093595201929,428.2549796967797
USDMXN,10,2026-02-20,ARHinc,88,6,0.6713573178025879,0.5363914888792521,0.7826174596084207,0.6367130732843811
USDMXN,10,2026-02-20,KernelARH,88,6,0.6176849025062362,0.5263387570210447,0.6231756445358555,0.6267436228739487
USDMXN,1,2026-02-10,PM,88,7,0.18315149782037327,0.139746153846154,0.277539603657748,0.11926931113023126
USDMXN,1,2026-02-10,PA,88,7,0.5896169981546739,0.47921422122440865,0.5772572720664452,0.6153800752389454
USDMXN,1,2026-02-10,VAR1,88,7,132.20724300061875,103.86865793220709,162.75784294160064,123.29221255311738
USDMXN,1,2026-02-10,ARHinc,88,7,0.6295455743603614,0.5077344085653875,0.6715254603762322,0.6257573465973539
USDMXN,1,2026-02-10,KernelARH,88,7,0.6405755568959143,0.5194396505295885,0.6976451088776158,0.6303217548862309
USDMXN,5,2026-02-16,PM,88,6,0.2476437228389577,0.15046923076923086,0.42512011067906275,0.12896125384173984
USDMXN,5,2026-02-16,PA,88,6,0.5907534732955063,0.4773914595059481,0.607998163805253,0.6100516226701245
USDMXN,5,2026-02-16,VAR1,88,6,354.89583512329983,246.24012629708182,505.7255625680177,252.7721909130374
USDMXN,5,2026-02-16,ARHinc,88,6,0.6275877030915785,0.50793390563669,0.6988252983443091,0.6191082913294602
USDMXN,5,2026-02-16,KernelARH,88,6,0.6156851095523842,0.49631777589417925,0.6593746577722734,0.6228346177053592
USDMXN,10,2026-02-23,PM,88,6,0.20200990074746333,0.13386923076923066,0.25601974176672476,0.13169385225282298
USDMXN,10,2026-02-23,PA,88,6,0.5907679874573986,0.4850046315871127,0.5528261291067158,0.6214489246651212
USDMXN,10,2026-02-23,VAR1,88,6,422.11676792437567,287.46184376252086,616.1372636285454,276.2799629144132
USDMXN,10,2026-02-23,ARHinc,88,6,0.5865901766966836,0.4780982148403169,0.5358388045307686,0.6219485401432053
USDMXN,10,2026-02-23,KernelARH,88,6,0.7288213011223229,0.6077217457836998,0.8500444025084463,0.6602087970477557
USDMXN,1,2026-02-11,PM,88,7,0.1004776094460852,0.0637923076923079,0.16147202177682074,0.05024826401684037
USDMXN,1,2026-02-11,PA,88,7,0.5531880830162551,0.44678070883085175,0.4963581968300699,0.6025719766568062
USDMXN,1,2026-02-11,VAR1,88,7,93.43601654454326,74.379875914965,106.91656284756472,95.06943732329171
USDMXN,1,2026-02-11,ARHinc,88,7,0.567873614049725,0.45561814566263925,0.5360685885078986,0.6061814755467956
USDMXN,1,2026-02-11,KernelARH,88,7,0.5584759330522203,0.45027136194421497,0.5099178504531112,0.604552798042817
USDMXN,5,2026-02-17,PM,88,6,0.23617063176375752,0.12846153846153868,0.4038875658782379,0.10376830837062895
USDMXN,5,2026-02-17,PA,88,6,0.5900546519725653,0.4717824112579809,0.5988644576638597,0.6117016017602284
USDMXN,5,2026-02-17,VAR1,88,6,261.2681746373473,183.4933582597063,368.25207425123466,192.51431925935455
USDMXN,5,2026-02-17,ARHinc,88,6,0.6011526022924856,0.4838091084800615,0.6239475846529914,0.6155094828680783
USDMXN,5,2026-02-17,KernelARH,88,6,0.7132244538338489,0.5747697157348916,0.8873492833243761,0.6400399537598368
USDMXN,10,2026-02-24,PM,88,6,0.22850999389018486,0.16220769230769225,0.2974055164824236,0.14809996871412215
USDMXN,10,2026-02-24,PA,88,6,0.5967908781778757,0.4845701403739409,0.5760167440237423,0.6182672914850045
USDMXN,10,2026-02-24,VAR1,88,6,300.6558678119257,204.8139890343148,438.103803090632,198.7375814686899
USDMXN,10,2026-02-24,ARHinc,88,6,0.6052064219368761,0.49165912587924315,0.5801505248668031,0.6248790217157217
USDMXN,10,2026-02-24,KernelARH,88,6,0.5820123249916369,0.4768034727920587,0.5442586654607673,0.6144859309492687
USDMXN,1,2026-02-12,PM,88,7,0.1567992040305544,0.1239615384615386,0.21718837597905483,0.09974889002746808
USDMXN,1,2026-02-12,PA,88,7,0.5701357141727615,0.4696502959516886,0.5359392152496086,0.607111486529816
USDMXN,1,2026-02-12,VAR1,88,7,89.0465067524882,70.96250510124592,100.84360465349293,91.80249621712022
USDMXN,1,2026-02-12,ARHinc,88,7,0.5699463144743934,0.46945599593131043,0.5374329986201304,0.6066184270950131
USDMXN,1,2026-02-12,KernelARH,88,7,0.5663815589936851,0.463095535199864,0.5199446704862601,0.6076058204442675
USDMXN,5,2026-02-18,PM,88,6,0.11045182555861524,0.07971538461538463,0.14596594067104268,0.07522507459664837
USDMXN,5,2026-02-18,PA,88,6,0.5666016764416231,0.4565468084214848,0.5081636565305299,0.613796621925021
USDMXN,5,2026-02-18,VAR1,88,6,255.21455336764015,179.55975579010777,358.4840603192894,189.89699531510814
USDMXN,5,2026-02-18,ARHinc,88,6,0.5653175746082992,0.4549706545206076,0.5062507331114989,0.613021196744625
USDMXN,5,2026-02-18,KernelARH,88,6,0.5733747383351724,0.46603952534904486,0.5335297785326113,0.614103683922329
USDMXN,10,2026-02-25,PM,88,6,0.2891370117063216,0.16386153846153861,0.4980285768800525,0.13310246793924413
USDMXN,10,2026-02-25,PA,88,6,0.6271836942896292,0.5147487814967936,0.6843093747689865,0.6282390975658033
USDMXN,10,2026-02-25,VAR1,88,6,294.1009191184674,199.62853298458433,426.37526564735384,198.28511632700193
USDMXN,10,2026-02-25,ARHinc,88,6,0.6243536692352049,0.5119963543129663,0.6782325549203249,0.6271447536973302
USDMXN,10,2026-02-25,KernelARH,88,6,0.6955401451186934,0.5805204973432476,0.7210135723154404,0.6684436782142428
USDMXN,1,2026-02-13,PM,88,7,0.16941905827766945,0.11396923076923088,0.28109656935226346,0.0842004186416756
USDMXN,1,2026-02-13,PA,88,7,0.5713539301347466,0.46640533472271645,0.5385199010459205,0.6100842497690531
USDMXN,1,2026-02-13,VAR1,88,7,65.81625101765742,52.771456255147974,75.08144838429581,66.65612517306762
USDMXN,1,2026-02-13,ARHinc,88,7,0.5695807636057146,0.46385838480843294,0.5342510323915093,0.6096051466456657
USDMXN,1,2026-02-13,KernelARH,88,7,0.6479327775903758,0.52346587111825,0.7267305515424083,0.6275893770913602
USDMXN,5,2026-02-19,PM,88,6,0.0764624090648471,0.05639230769230769,0.08506396245716116,0.06894724180221894
USDMXN,5,2026-02-19,PA,88,6,0.5655022765429359,0.45979998600620964,0.5087217658702325,0.6145179610475394
USDMXN,5,2026-02-19,VAR1,88,6,181.9747461690898,129.15661068408184,253.55677523035752,137.78263323360727
USDMXN,5,2026-02-19,ARHinc,88,6,0.5664461822976572,0.45925052116479037,0.5111074981790855,0.6146587449123713
USDMXN,5,2026-02-19,KernelARH,88,6,0.5672796673444815,0.459401631600792,0.5086090869864698,0.6152663230444534
USDMXN,10,2026-02-26,PM,88,6,0.30802993735624534,0.18285384615384637,0.5289603473265345,0.14102214281669928
USDMXN,10,2026-02-26,PA,88,6,0.612522256296281,0.4939413542845418,0.6684935357238495,0.6136748544646786
USDMXN,10,2026-02-26,VAR1,88,6,209.9384500571755,143.10793061684322,304.0402527288415,141.8295395619207
USDMXN,10,2026-02-26,ARHinc,88,6,0.6099203184212117,0.49157686113523086,0.6625387400935059,0.6127732262036215
USDMXN,10,2026-02-26,KernelARH,88,6,0.5929998254557228,0.48001905129691314,0.6143868973495331,0.6112490975141791
USDMXN,1,2026-02-16,PM,88,7,0.08331531856562938,0.060184615384615316,0.11262292390306987,0.05620748003376837
USDMXN,1,2026-02-16,PA,88,7,0.551206656680603,0.44197754379945153,0.5002127445860234,0.5976209955570162
USDMXN,1,2026-02-16,VAR1,88,7,44.92252184629961,35.96081545170812,52.56264669153981,44.30556302776688
USDMXN,1,2026-02-16,ARHinc,88,7,0.5565664498405809,0.45012820647004187,0.5142504812876536,0.5987936495403554
USDMXN,1,2026-02-16,KernelARH,88,7,0.5443264502093981,0.42979859383782915,0.48354916462394176,0.5963472537993749
USDMXN,5,2026-02-20,PM,88,6,0.17197428251385113,0.11376153846153846,0.268466420593534,0.09271556163287534
USDMXN,5,2026-02-20,PA,88,6,0.5858320274441704,0.4792554296127121,0.5848925235202077,0.6090900326626976
USDMXN,5,2026-02-20,VAR1,88,6,122.07839602539272,87.05059241224959,168.31907763013444,94.8290593146114
USDMXN,5,2026-02-20,ARHinc,88,6,0.590036461411185,0.48284299484867604,0.5962161882151307,0.6096961250120752
USDMXN,5,2026-02-20,KernelARH,88,6,0.5639032326900631,0.4585764735644042,0.5191215384881115,0.6056315506017292
USDMXN,10,2026-02-27,PM,88,6,0.10588487035091824,0.07266153846153846,0.14995234546931016,0.0648528978342779
USDMXN,10,2026-02-27,PA,88,6,0.5530028898627204,0.44227140121393316,0.4969612740298874,0.6013357374740564
USDMXN,10,2026-02-27,VAR1,88,6,141.48415966224596,97.41269197193624,202.95883912338397,98.78967364694294
USDMXN,10,2026-02-27,ARHinc,88,6,0.5515004619465822,0.441459137600409,0.49468633681977386,0.6004932037455736
USDMXN,10,2026-02-27,KernelARH,88,6,0.5571066013103881,0.4493722921468651,0.5058011432522631,0.6028811583168371
USDMXN,1,2026-02-17,PM,88,7,0.16790361818614874,0.10960769230769232,0.2555983766690284,0.09351323525510812
USDMXN,1,2026-02-17,PA,88,7,0.5657731357650347,0.45647321646508665,0.533033014071217,0.6056550425412559
USDMXN,1,2026-02-17,VAR1,88,7,42.954074880553605,34.30854985986309,50.89109279251313,41.833895921782755
USDMXN,1,2026-02-17,ARHinc,88,7,0.5731940021537438,0.4599340217821465,0.5534396835824873,0.6075914276532705
USDMXN,1,2026-02-17,KernelARH,88,7,0.5798001621989525,0.4646758966546525,0.5723064228188075,0.6083111702101064
USDMXN,5,2026-02-23,PM,88,6,0.3584315592861596,0.25715384615384623,0.5509098335128655,0.2052834558928217
USDMXN,5,2026-02-23,PA,88,6,0.6886005262733789,0.5502012600217993,0.7970185124513949,0.645150713151834
USDMXN,5,2026-02-23,VAR1,88,6,116.31003340911492,82.94239444155255,160.4380763220094,90.26877347281044
USDMXN,5,2026-02-23,ARHinc,88,6,0.6817883042395216,0.5461141886898239,0.7750659595438804,0.6454160155042765
USDMXN,5,2026-02-23,KernelARH,88,6,0.6603331590632545,0.5382269767870648,0.72174338068355115,0.6406943713543696
USDMXN,10,2026-03-02,PM,88,6,0.4539769246084245,0.3037000000000001,0.7280032032752616,0.2295140364075931
USDMXN,10,2026-03-02,PA,88,6,0.7499068102355575,0.6009630090532725,0.9364815868221739,0.6585746560302341
USDMXN,10,2026-03-02,VAR1,88,6,140.33907225507113,96.30875267955237,201.75141819821974,97.2569067844156
USDMXN,10,2026-03-02,ARHinc,88,6,0.74029844335544015,0.5947027943785054,0.9097595873132943,0.6582116515084099
USDMXN,10,2026-03-02,KernelARH,88,6,0.7621306595629478,0.6226458327161756,0.9472478382608781,0.6642815643319712
USDMXN,1,2026-02-18,PM,88,7,0.10454461690147855,0.07504615384615372,0.159800885027564,0.061673322216469255
USDMXN,1,2026-02-18,PA,88,7,0.568258360519886,0.4613583273089377,0.5269667814915444,0.610309416673194
USDMXN,1,2026-02-18,VAR1,88,7,19.13394295220601,14.730007091951794,23.865873654948764,17.008360135548966
USDMXN,1,2026-02-18,ARHinc,88,7,0.5656674597221474,0.4606040189898598,0.5211771265897555,0.609395879495347
USDMXN,1,2026-02-18,KernelARH,88,7,0.5605433317831188,0.4498396500858158,0.5048097277145698,0.6087193707255545
USDMXN,5,2026-02-24,PM,88,6,0.3114223572824928,0.21815384615384614,0.46424584434348226,0.17193099510793952
USDMXN,5,2026-02-24,PA,88,6,0.6533029411668285,0.5274710883707507,0.7271090230622784,0.6260994201806349
USDMXN,5,2026-02-24,VAR1,88,6,42.965098912313756,32.09946831064009,56.53454039514192,35.79911746242044
USDMXN,5,2026-02-24,ARHinc,88,6,0.6497437137682174,0.5233947985085019,0.7237394366303451,0.6241937051858841
USDMXN,5,2026-02-24,KernelARH,88,6,0.6251318101458039,0.5141888449338439,0.6516595623589261,0.6215017840452246
USDMXN,10,2026-03-03,PM,88,6,2.8327552519248282,2.0178846153846157,4.504288649669982,1.4639387394339378
USDMXN,10,2026-03-03,PA,88,6,2.9343116312402864,2.1194375806316708,4.602654679518227,1.6039453162449862
USDMXN,10,2026-03-03,VAR1,88,6,48.08407433884654,34.57619595898871,67.14957462167186,35.50280139071846
USDMXN,10,2026-03-03,ARHinc,88,6,2.9281355146154207,2.110640249178347,4.5989207256897275,1.5980809434182512
USDMXN,10,2026-03-03,KernelARH,88,6,2.8992991869563145,2.11164646922538,4.5241878368598645,1.5977653457887782
USDMXN,1,2026-02-19,PM,88,7,0.17346591329976943,0.10088461538461528,0.2857130506442541,0.0813287250835837
USDMXN,1,2026-02-19,PA,88,7,0.5904783828874264,0.486910352384422,0.5914417149236407,0.6144620464692405
USDMXN,1,2026-02-19,VAR1,88,7,44.0170438416377,33.78298891580238,54.821764980107396,39.714380955695695
USDMXN,1,2026-02-19,ARHinc,88,7,0.6134701288572838,0.5050135343851682,0.6538927061735557,0.6183157971626426
USDMXN,1,2026-02-19,KernelARH,88,7,0.5899879541330127,0.48458822086807257,0.588163161205452,0.6149910243682111
USDMXN,5,2026-02-25,PM,88,6,0.22294012217840717,0.11924615384615384,0.39573464330573527,0.0994725588347346
USDMXN,5,2026-02-25,PA,88,6,0.5957688477189306,0.48475356945183595,0.6121316165546448,0.6180040509827966
USDMXN,5,2026-02-25,VAR1,88,6,85.28303565619734,64.54581961946059,110.7899343265696,72.3349677972047
USDMXN,5,2026-02-25,ARHinc,88,6,0.5856317875949909,0.4768470662991628,0.5807507773337166,0.6158115785115438
USDMXN,5,2026-02-25,KernelARH,88,6,0.5944168636736896,0.48281354745321,0.6019797856030841,0.6183255509156833
USDMXN,10,2026-03-04,PM,88,6,1.6141499697983455,1.1396538461538466,2.4999791153817834,0.8514746397299665
USDMXN,10,2026-03-04,PA,88,6,1.7535321864352909,1.3179530236261514,2.616519722338078,1.070792224736652
USDMXN,10,2026-03-04,VAR1,88,6,90.67664764490938,65.67216675956782,125.6780915194639,68.53403027379895
USDMXN,10,2026-03-04,ARHinc,88,6,1.7864515653866422,1.3385778005297482,2.677735311718175,1.0815917769525027
USDMXN,10,2026-03-04,KernelARH,88,6,1.800295589583742,1.357352458849879,2.6735944497422555,1.1000262326878176
USDMXN,1,2026-02-20,PM,88,7,0.058290139686017095,0.04260769230769228,0.08590395059525305,0.04325336413837658
USDMXN,1,2026-02-20,PA,88,7,0.5497251474839037,0.43707138894441616,0.49038874739450394,0.5998540551608819
USDMXN,1,2026-02-20,VAR1,88,7,67.5131712363588,52.157358888526,84.6458453582527,61.24504800782753
USDMXN,1,2026-02-20,ARHinc,88,7,0.5498966366748358,0.4367452107352179,0.4890606857792536,0.6004217666346873
USDMXN,1,2026-02-20,KernelARH,88,7,0.5543177301617787,0.44549622526692984,0.5044514358331325,0.600901646159181
USDMXN,5,2026-02-26,PM,88,6,0.31309374364188824,0.1832538461538464,0.5343923290320826,0.15269614803796988
USDMXN,5,2026-02-26,PA,88,6,0.6028574577100032,0.4821255683517103,0.6456878665772694,0.6115511777398633
USDMXN,5,2026-02-26,VAR1,88,6,129.8303031789543,96.81642308204006,170.5317554500772,108.96231231404153
USDMXN,5,2026-02-26,ARHinc,88,6,0.5996916357992386,0.47930341212745003,0.6377828188680844,0.61073359116291015
USDMXN,5,2026-02-26,KernelARH,88,6,0.5643097708740535,0.4523978590404503,0.5379608325511127,0.603242780124456
USDMXN,10,2026-03-05,PM,88,6,2.5425089119426287,1.8472692307692302,3.9571179568242636,1.3792909938007214
USDMXN,10,2026-03-05,PA,88,6,2.6662372775246865,1.9590355096917957,4.102523905587495,1.5281035430535355
USDMXN,10,2026-03-05,VAR1,88,6,137.34971568726067,99.08579960389005,191.09416868612385,103.05103790654461
USDMXN,10,2026-03-05,ARHinc,88,6,2.6749209910608482,1.9652195555597798,4.1158870890179395,1.532074735166148
USDMXN,10,2026-03-05,KernelARH,88,6,2.820764902563931,2.0686588161904496,4.34079272917415,1.5999828841173407
USDMXN,1,2026-02-23,PM,88,7,0.26971496706993925,0.2089230769230769,0.3924336722187217,0.17332043929919136
USDMXN,1,2026-02-23,PA,88,7,0.6304181579944172,0.5087340872341853,0.6656528171029205,0.6299576881615532
USDMXN,1,2026-02-23,VAR1,88,7,64.38897550501338,49.06240081761396,82.8149906387801,56.06697259335318
USDMXN,1,2026-02-23,ARHinc,88,7,0.6234868064512479,0.5044979225931918,0.6452200044663675,0.6289505449086489
USDMXN,1,2026-02-23,KernelARH,88,7,0.6379744335592863,0.5146984447084565,0.6828391017812878,0.6330920677426554
USDMXN,5,2026-02-27,PM,88,6,0.24959418986704132,0.15807692307692328,0.3851483916343882,0.12457242540688346
USDMXN,5,2026-02-27,PA,88,6,0.5862510060601535,0.47041523992557444,0.5788288513967133,0.6093485215822151
USDMXN,5,2026-02-27,VAR1,88,6,119.30771330853523,89.04595610890746,157.11305545632322,99.51099980364533
USDMXN,5,2026-02-27,ARHinc,88,6,0.5923237664049517,0.47468719490765465,0.5949994911018178,0.6107218006936674
USDMXN,5,2026-02-27,KernelARH,88,6,0.5637943129876617,0.4525130110580859,0.5282256195415159,0.6024528177542922
USDMXN,10,2026-03-06,PM,88,6,3.445615089668875,2.4918461538461534,5.385589094160687,1.8528368691724997
USDMXN,10,2026-03-06,PA,88,6,3.5517819100014485,2.560042767163484,5.505375983570253,1.9735656950483444
USDMXN,10,2026-03-06,VAR1,88,6,127.92523967963321,92.21425097603931,179.2677600577317,94.06195523521141
USDMXN,10,2026-03-06,ARHinc,88,6,3.5380225453744876,2.5545577079462922,5.47745422122557,1.9701757874361276
USDMXN,10,2026-03-06,KernelARH,88,6,3.662914207095376,2.643419713316421,5.678702095718806,2.028150460413882
USDMXN,1,2026-02-24,PM,88,7,0.20699786323683486,0.14304615384615393,0.34207777293500663,0.11235058264391852
USDMXN,1,2026-02-24,PA,88,7,0.5842172918988425,0.4678465548049226,0.5855695944214352,0.6093933120021561
USDMXN,1,2026-02-24,VAR1,88,7,69.60929507531725,51.4926951462082,94.77869999839594,52.54018383539394
USDMXN,1,2026-02-24,ARHinc,88,7,0.5690506683575057,0.46003353231213723,0.541811201624143,0.6063202873873
USDMXN,1,2026-02-24,KernelARH,88,7,0.5521654952168308,0.43935239264330833,0.5002508839114308,0.6009471157737637
USDMXN,5,2026-03-02,PM,88,6,0.13319036405432294,0.0889692307692307,0.21247991710283418,0.08496104251676932
USDMXN,5,2026-03-02,PA,88,6,0.5889999023343072,0.484676963069911,0.5850094501363043,0.6167839828290902
USDMXN,5,2026-03-02,VAR1,88,6,115.98364187193472,89.5294620041425,149.5474512473192,97.88333271709686
USDMXN,5,2026-03-02,ARHinc,88,6,0.6113215240734002,0.5032343059077348,0.6515076263617615,0.6194348455149845
USDMXN,5,2026-03-02,KernelARH,88,6,0.776244972417076,0.6329262195256533,0.9874455377030694,0.6647016954590044
USDMXN,10,2026-03-09,PM,88,6,2.641778280016934,1.925115384615385,4.03215494167639,1.4419335431554463
USDMXN,10,2026-03-09,PA,88,6,2.7621988527612684,2.035386799850582,4.172050966935731,1.5984824506037778
USDMXN,10,2026-03-09,VAR1,88,6,105.52021441746201,78.61053778290876,144.963987551196,80.05385982358843
USDMXN,10,2026-03-09,ARHinc,88,6,2.824974460367939,2.0731642346978605,4.285390698330501,1.6232257661975882
USDMXN,10,2026-03-09,KernelARH,88,6,3.108183958042912,2.2922112720124588,4.6924261555223845,1.7771966309250913
USDMXN,1,2026-02-25,PM,88,7,0.3875204833295914,0.24480769230769217,0.6510627246251527,0.18512641994825677
USDMXN,1,2026-02-25,PA,88,7,0.6783172004753252,0.5519669616750279,0.8213129193001238,0.6346642217235077
USDMXN,1,2026-02-25,VAR1,88,7,35.96836501746335,26.656805915388528,49.3972334750131,26.19120376580058
USDMXN,1,2026-02-25,ARHinc,88,7,0.6714422037001297,0.5472120896458842,0.8108548703011995,0.6320934993157087
USDMXN,1,2026-02-25,KernelARH,88,7,0.7255399684481506,0.5815563795493622,0.9309568870004646,0.6431895855771722
USDMXN,5,2026-03-03,PM,88,6,2.5358646207950457,1.8019230769230767,4.06286738858542,1.3000462633584506
USDMXN,5,2026-03-03,PA,88,6,2.633318353289646,1.920605780189107,4.136694803769021,1.464656140637933
USDMXN,5,2026-03-03,VAR1,88,6,64.40288993525424,50.07628403982296,82.97719327318312,53.90302407172125
USDMXN,5,2026-03-03,ARHinc,88,6,2.6160690796586343,1.9117560775106919,4.102199769191548,1.4590007965541338
USDMXN,5,2026-03-03,KernelARH,88,6,2.649340675696465,1.9542505998607373,4.124041189526086,1.4963431154940887
USDMXN,10,2026-03-10,PM,88,6,1.9414652550428146,1.4476923076923072,2.8543724646692485,1.1139025897148207
USDMXN,10,2026-03-10,PA,88,6,2.067258470729268,1.5818519340352604,2.9598230283477585,1.300600509611335
USDMXN,10,2026-03-10,VAR1,88,6,60.22562213054588,45.00586895855293,82.81580342854036,45.48983690211918
USDMXN,10,2026-03-10,ARHinc,88,6,2.054605782215951,1.5730109913477477,2.9306917156095,1.2972347093406862
USDMXN,10,2026-03-10,KernelARH,88,6,2.163403284566973,1.6516386569205415,3.077746904338968,1.3584927306583268
USDMXN,1,2026-02-26,PM,88,7,0.10469355464695705,0.07401538461538466,0.1613591181364414,0.07294971788739472
USDMXN,1,2026-02-26,PA,88,7,0.5522200783059342,0.43930738017719706,0.49702067456558324,0.6014562183129611
USDMXN,1,2026-02-26,VAR1,88,7,27.44273665815727,19.88126593986257,37.78075537568908,19.038707438122756
USDMXN,1,2026-02-26,ARHinc,88,7,0.5615335378076656,0.4497354178121871,0.5163579031181293,0.6051694029150262
USDMXN,1,2026-02-26,KernelARH,88,7,0.5573247310847455,0.44418515163562555,0.5062988873557505,0.605418363225801
USDMXN,5,2026-03-04,PM,88,6,1.7826217943070433,1.238730769230769,2.8429558579686764,0.9077377161045238
USDMXN,5,2026-03-04,PA,88,6,1.896972951290317,1.406305656448171,2.885084610852929,1.1194633850186797
USDMXN,5,2026-03-04,VAR1,88,6,39.48425345837227,31.771018579862414,49.56223384560368,32.447906401460095
USDMXN,5,2026-03-04,ARHinc,88,6,1.9053285251313692,1.4177820762134663,2.892293709311643,1.1286210485485733
USDMXN,5,2026-03-04,KernelARH,88,6,2.1789646756735306,1.6165940019713987,3.291156956738479,1.25811788664085
USDMXN,10,2026-03-11,PM,88,6,2.6536010529235408,1.956307692307692,4.045265290433772,1.472973046777807
USDMXN,10,2026-03-11,PA,88,6,2.7380680368532184,2.0349944259421533,4.079837162631962,1.6072473667570517
USDMXN,10,2026-03-11,VAR1,88,6,20.915971386644774,17.265605792513064,26.663592126622145,17.193350343609513
USDMXN,10,2026-03-11,ARHinc,88,6,2.747981517915707,2.047933150044082,4.087503686324689,1.619765411113616
USDMXN,10,2026-03-11,KernelARH,88,6,3.527606325122632,2.5548564160436644,5.309999018255897,1.9532008479082812
USDMXN,1,2026-02-27,PM,88,7,0.10965540430050726,0.07166153846153842,0.18275137189470977,0.06661454727571037
USDMXN,1,2026-02-27,PA,88,7,0.5500701714961502,0.4420636109741283,0.49704069986102867,0.5993151731080906
USDMXN,1,2026-02-27,VAR1,88,7,5.261732444456567,4.223728299722576,6.516105544066842,4.327898314941352
USDMXN,1,2026-02-27,ARHinc,88,7,0.551446850165858,0.4459611683430957,0.4955999401909104,0.6002663411371749
USDMXN,1,2026-02-27,KernelARH,88,7,0.5498795428704678,0.4387273030603439,0.4949054887809168,0.5999125731635896
USDMXN,5,2026-03-05,PM,88,6,2.8167345950313023,2.0064230769230775,4.460930029852255,1.4749697347038555
USDMXN,5,2026-03-05,PA,88,6,2.9021296293356773,2.1069385704472534,4.504603772837329,1.6268005867402044
USDMXN,5,2026-03-05,VAR1,88,6,6.181216888357174,5.043433500999377,7.652668182280894,5.2826635006661435
USDMXN,5,2026-03-05,ARHinc,88,6,2.8848891528125034,2.095116448940802,4.4767062263057,1.6179882385131241
USDMXN,5,2026-03-05,KernelARH,88,6,2.7329241379470863,2.010882892119911,4.2068426921166,1.561063919874624
USDMXN,10,2026-03-12,PM,88,6,3.4638020337262567,2.5987692307692307,5.316137623217622,1.920168906553543
USDMXN,10,2026-03-12,PA,88,6,3.5324617546921595,2.637687081667858,5.351090843456921,2.034346628330139
USDMXN,10,2026-03-12,VAR1,88,6,4.0546206083816445,2.960489047515249,6.268658413582787,2.40867466716943
USDMXN,10,2026-03-12,ARHinc,88,6,3.515289924088267,2.625558393018464,5.323240458191494,2.0254189495726247
USDMXN,10,2026-03-12,KernelARH,88,6,3.3834737764641085,2.54692580694496,5.087625834595965,1.970088552155902
USDMXN,1,2026-03-02,PM,88,7,0.5894831340968252,0.4016923076923076,0.9284585318500094,0.2962922781492876
USDMXN,1,2026-03-02,PA,88,7,0.8135974926614229,0.6540135923918338,1.0607726646910922,0.6766931946736869
USDMXN,1,2026-03-02,VAR1,88,7,20.768040453649068,17.225207594285656,21.76046247055813,21.00304925607987
USDMXN,1,2026-03-02,ARHinc,88,7,0.847695393606184,0.6801238642561934,1.1278622116390613,0.6867647622086479
USDMXN,1,2026-03-02,KernelARH,88,7,0.7562729324130779,0.6185233018855264,0.9434877250940454,0.6611133725772674
USDMXN,5,2026-03-06,PM,88,6,3.6727982166713997,2.6471538461538464,5.748064482768228,1.956908643282526
USDMXN,5,2026-03-06,PA,88,6,3.742775764350897,2.693589704179347,5.8107550000472425,2.0649192637223037
USDMXN,5,2026-03-06,VAR1,88,6,40.65148978493856,32.82649854556149,51.269226836949294,33.466682054881744
USDMXN,5,2026-03-06,ARHinc,88,6,3.693318960666778,2.6561175569226583,5.736844083112818,2.0366690717229434
USDMXN,5,2026-03-06,KernelARH,88,6,3.6265526180622967,2.61050101423056,5.6362076048606244,1.9986226745961055
USDMXN,10,2026-03-13,PM,88,6,3.834615928265528,2.854653846153847,5.863185257840893,2.118675486827675
USDMXN,10,2026-03-13,PA,88,6,3.8929240933689857,2.87976478672169,5.917773740077475,2.2062169321790024
USDMXN,10,2026-03-13,VAR1,88,6,27.99777808594323,22.812485161567853,36.69324312163202,22.127455920737418
USDMXN,10,2026-03-13,ARHinc,88,6,3.8431335757107314,2.8411231184940773,5.843616382482244,2.1776051747435523
USDMXN,10,2026-03-13,KernelARH,88,6,3.8213545646957336,2.825721601298802,5.813996404065328,2.1610601436798147
USDMXN,1,2026-03-03,PM,88,7,2.2344531059506054,1.6218461538461535,3.539948598403621,1.1767496175678978
USDMXN,1,2026-03-03,PA,88,7,2.3388331312227995,1.7284347346555193,3.648498772507829,1.3409149817718813
USDMXN,1,2026-03-03,VAR1,88,7,58.258145435839104,47.469730970695664,55.12563473209471,63.56312277094343
USDMXN,1,2026-03-03,ARHinc,88,7,2.45506380617431,1.8039247994572134,3.840998582568566,1.3920538628129675
USDMXN,1,2026-03-03,KernelARH,88,7,2.668050890606289,1.9561852567135745,4.185892062239996,1.4942207117253707
USDMXN,5,2026-03-09,PM,88,6,2.549259651198906,1.8876538461538461,3.8581911775568662,1.4250854143574105
USDMXN,5,2026-03-09,PA,88,6,2.655392693778286,1.9752540786750876,3.984314765790112,1.5680211768123424
USDMXN,5,2026-03-09,VAR1,88,6,101.2287088555992,82.47594775361513,127.35348857371393,82.90086424347295
USDMXN,5,2026-03-09,ARHinc,88,6,2.7716040295832007,2.0572802243558863,4.173435747268704,1.6216402398067147
USDMXN,5,2026-03-09,KernelARH,88,6,3.021469035063187,2.239709715014916,4.5562068582236455,1.7439960236749903
USDMXN,10,2026-03-16,PM,88,6,2.594308363440126,2.008230769230769,3.749446886458528,1.5508488091401476
USDMXN,10,2026-03-16,PA,88,6,2.7035150388920934,2.0790617709827797,3.8798501831593075,1.6894637239532573
USDMXN,10,2026-03-16,VAR1,88,6,64.02487899201756,52.38463113769735,84.0162442106193,51.14448794714638
USDMXN,10,2026-03-16,ARHinc,88,6,2.816565558504396,2.1611918236969454,4.066093632449935,1.7414596717685953
USDMXN,10,2026-03-16,KernelARH,88,6,3.0898971947884313,2.3548288745555856,4.494435708905293,1.8662238745241646
USDMXN,1,2026-03-04,PM,88,7,1.1466566030789755,0.8073461538461537,1.879213474266366,0.5839752275480076
USDMXN,1,2026-03-04,PA,88,7,1.2908018002593145,1.0022331697239355,1.7831767389004078,0.8943978738457989
USDMXN,1,2026-03-04,VAR1,88,7,310.80812451004977,247.50172785383555,401.9505493803854,289.71958626424407
USDMXN,1,2026-03-04,ARHinc,88,7,2.0065271374329408,1.4985793954165074,2.899286174969244,1.2261415421380297
USDMXN,1,2026-03-04,KernelARH,88,7,2.844830700320292,2.065787955242152,4.204472863905962,1.614663601690461
USDMXN,5,2026-03-10,PM,88,6,0.822794113886429,0.4404846153846154,1.4518373701023217,0.3548789153385198
USDMXN,5,2026-03-10,PA,88,6,0.9826488211498053,0.773163998242375,1.3102005640149768,0.765189770775161
USDMXN,5,2026-03-10,VAR1,88,6,481.11334494265975,359.88853799229895,674.8737537493308,338.61300389861066
USDMXN,5,2026-03-10,ARHinc,88,6,1.8580010122442407,1.3684036885074382,2.7622384277682444,1.1179910683765137
USDMXN,5,2026-03-10,KernelARH,88,6,1.5109645498602482,1.1309977226263355,2.2370677102557663,0.9535237038021221
USDMXN,10,2026-03-17,PM,88,6,0.6251882408830652,0.4408846153846153,0.911702123317584,0.3963972787935548
USDMXN,10,2026-03-17,PA,88,6,0.8425719655702717,0.6814119563230293,0.8655110832942543,0.7875980868029571
USDMXN,10,2026-03-17,VAR1,88,6,255.4811579017801,213.5375296130392,322.6572763639273,207.92995432040834
USDMXN,10,2026-03-17,ARHinc,88,6,1.4238383542835278,1.076230669102735,2.0541050287705778,0.9349100934099206
USDMXN,10,2026-03-17,KernelARH,88,6,0.9954788915875836,0.8158395508457967,1.2066518073299712,0.8432695596073819
USDMXN,1,2026-03-05,PM,88,7,1.0959236971614401,0.7913461538461537,1.7347381190923923,0.6170135586128569
USDMXN,1,2026-03-05,PA,88,7,1.3077686870210228,0.9997603357572896,1.9649943303797954,0.9095485525458156
USDMXN,1,2026-03-05,VAR1,88,7,130.46672082992222,106.5908599014721,150.57354730987225,132.23079369330415
USDMXN,1,2026-03-05,ARHinc,88,7,1.1678209507246162,0.9123261759561929,1.6962865467087331,0.8606139020865753
USDMXN,1,2026-03-05,KernelARH,88,7,1.413557491636674,1.0722420732587088,2.131034808245654,0.9593769815750592
USDMXN,5,2026-03-11,PM,88,6,0.9221113992855243,0.7175769230769233,1.2544165895187886,0.612622126360677
USDMXN,5,2026-03-11,PA,88,6,1.118427437753577,0.8848153717825773,1.4676231186225506,0.8800440141501683
USDMXN,5,2026-03-11,VAR1,88,6,171.20947987330104,136.54762521396506,225.52512750819102,127.95036391511272
USDMXN,5,2026-03-11,ARHinc,88,6,1.0145896212898469,0.7977297856166595,1.2587887539130647,0.8418411978751217
USDMXN,5,2026-03-11,KernelARH,88,6,1.072798185651797,0.8474122243710029,1.3686740118570466,0.8687232320047831
USDMXN,10,2026-03-18,PM,88,6,1.431790739303005,1.179076923076923,1.9148185351111435,0.9612487121613809
USDMXN,10,2026-03-18,PA,88,6,1.5774159307176858,1.2767074375413254,2.0936997398940385,1.1592350198322607
USDMXN,10,2026-03-18,VAR1,88,6,82.88827690426949,70.51992704879278,97.77667074143537,73.98339061958464
USDMXN,10,2026-03-18,ARHinc,88,6,1.462847151823791,1.1790164844368607,1.8735170271348824,1.1134359947959145
USDMXN,10,2026-03-18,KernelARH,88,6,1.545660571379674,1.2504371524713236,2.027460367244317,1.1476931466163374
USDMXN,1,2026-03-06,PM,88,7,0.8997688164617192,0.6396153846153848,1.4090779714877721,0.4824764030387436
USDMXN,1,2026-03-06,PA,88,7,1.202818419300813,0.8988954925970851,1.7910215854400477,0.8511006214812448
USDMXN,1,2026-03-06,VAR1,88,7,211.66250605269784,163.01242694137872,256.55608990869945,215.501517620858
USDMXN,1,2026-03-06,ARHinc,88,7,1.3246464128647406,0.9870738928161019,2.0115035293551524,0.9012161201510968
USDMXN,1,2026-03-06,KernelARH,88,7,1.3879077911238569,1.0231792076503015,2.1544283054999966,0.9164553623060323
USDMXN,5,2026-03-12,PM,88,6,0.7107476426541713,0.5923461538461537,0.9106677636052866,0.49303406563232355
USDMXN,5,2026-03-12,PA,88,6,0.9962474967160609,0.8020726597619061,1.277464473468888,0.8244468644893077
USDMXN,5,2026-03-12,VAR1,88,6,368.8453324067455,268.698651704983,532.7963455227888,239.7539217009529
USDMXN,5,2026-03-12,ARHinc,88,6,1.1843010927491877,0.9441743354882871,1.6293273129706487,0.9031648643378402
USDMXN,5,2026-03-12,KernelARH,88,6,1.7136436670687447,1.3473307419335359,2.511944464055831,1.1503150896225398
USDMXN,10,2026-03-19,PM,88,6,0.6374544252185949,0.501330769230769,0.6523357807053001,0.5016502384583024
USDMXN,10,2026-03-19,PA,88,6,0.9202292185776775,0.7426448655460927,0.9623300899035041,0.8366540054011201
USDMXN,10,2026-03-19,VAR1,88,6,267.38715032050055,207.60039360115067,373.3809234091646,188.72704245008
USDMXN,10,2026-03-19,ARHinc,88,6,1.0524203292174932,0.8474375811419824,1.2182056882245476,0.9018987598066156
USDMXN,10,2026-03-19,KernelARH,88,6,0.9321434003480005,0.7512244466463937,0.9825937548554877,0.8441372983287864
USDMXN,1,2026-03-09,PM,88,7,0.5938811150778863,0.3615538461538459,1.0255040995595814,0.28350467641218163
USDMXN,1,2026-03-09,PA,88,7,0.8846474322528763,0.6996889053447154,1.043897286125278,0.7537109396591668
USDMXN,1,2026-03-09,VAR1,88,7,508.48428270231597,367.2953708404927,690.829268689349,429.0117256487604
USDMXN,1,2026-03-09,ARHinc,88,7,0.9109738948751727,0.7136371021806548,1.0856002416710153,0.7624889392547075
USDMXN,1,2026-03-09,KernelARH,88,7,2.0522694099922827,1.544391857098152,2.882880838733839,1.3322308214181282
USDMXN,5,2026-03-13,PM,88,6,0.3057724770026037,0.23546923076923112,0.311450497223598,0.23945014244631732
USDMXN,5,2026-03-13,PA,88,6,0.785045965690691,0.6312269653509803,0.8932538267613787,0.7206320619816586
USDMXN,5,2026-03-13,VAR1,88,6,876.8701504545604,624.3592785689725,1320.9586448428586,492.8545512393108
USDMXN,5,2026-03-13,ARHinc,88,6,0.8965554630393765,0.7187435185515759,1.187912696475114,0.7467372191894455
USDMXN,5,2026-03-13,KernelARH,88,6,1.2148029979156671,0.9482297820256668,1.7834918855193846,0.8631075812384716
USDMXN,10,2026-03-20,PM,88,6,0.8357507219445098,0.7038846153846153,0.920932507703084,0.6459821894816978
USDMXN,10,2026-03-20,PA,88,6,1.1401010737775197,0.9126953606894553,1.355603448991489,0.9575225788114142
USDMXN,10,2026-03-20,VAR1,88,6,1003.1131879313717,729.6658363469178,1510.182285703546,563.2642763469352
USDMXN,10,2026-03-20,ARHinc,88,6,1.3268804112685848,1.0590734759166314,1.7361458947058765,1.03318567037728
USDMXN,10,2026-03-20,KernelARH,88,6,2.16664355309281,1.719363510389046,3.089721467378986,1.4557491399145246
USDMXN,1,2026-03-10,PM,88,7,0.941389608095803,0.6200384615384618,1.5566180629131603,0.457017036768013
USDMXN,1,2026-03-10,PA,88,7,1.150297103491403,0.8871217139770349,1.605917990355899,0.8223258413047779
USDMXN,1,2026-03-10,VAR1,88,7,235.13487296959767,182.54399168601293,317.4734415011938,197.13745266886588
USDMXN,1,2026-03-10,ARHinc,88,7,1.3119164358724724,0.9933532526743292,1.8894240251571044,0.882469108801044
USDMXN,1,2026-03-10,KernelARH,88,7,1.0511319663291243,0.8206667837959453,1.4344397015116874,0.7819006999751892
USDMXN,5,2026-03-16,PM,88,6,0.30371776498787617,0.2526846153846154,0.3552024739545915,0.2395551358849852
USDMXN,5,2026-03-16,PA,88,6,0.7443079057809039,0.6092255186244545,0.7405621458210953,0.7249187578643165
USDMXN,5,2026-03-16,VAR1,88,6,464.728544856979,328.79654318532135,695.2975404841242,269.2660240793929
USDMXN,5,2026-03-16,ARHinc,88,6,0.7709166282676672,0.6318699925446677,0.7901721160260308,0.7343644335624482
USDMXN,5,2026-03-16,KernelARH,88,6,0.7722820352752503,0.62242743719554,0.8386430499556702,0.7171964254630095
USDMXN,10,2026-03-23,PM,88,6,0.8613084076432338,0.7482307692307689,1.048298660321974,0.6420798356294155
USDMXN,10,2026-03-23,PA,88,6,1.1269497540444142,0.9244452944444248,1.3563346440363562,0.9452534752946951
USDMXN,10,2026-03-23,VAR1,88,6,493.06978184359394,361.0512677375701,737.2062496007011,286.28325324195515
USDMXN,10,2026-03-23,ARHinc,88,6,1.0722034209035674,0.8790793837810409,1.2239092368310416,0.9310758149156605
USDMXN,10,2026-03-23,KernelARH,88,6,1.145009712270718,0.9407926628319856,1.3815457396560544,0.9587894323466366
USDMXN,1,2026-03-11,PM,88,7,0.38880310668670187,0.2855153846153846,0.6098034883147582,0.22884282583823018
USDMXN,1,2026-03-11,PA,88,7,0.7008637156641848,0.5732393691908213,0.8452636669879044,0.6519661241598681
USDMXN,1,2026-03-11,VAR1,88,7,43.37775167240001,36.222502203812034,58.726968681256245,34.64842353501689
USDMXN,1,2026-03-11,ARHinc,88,7,0.7868539957538537,0.6423355026766081,1.0115807351127033,0.6788753916793148
USDMXN,1,2026-03-11,KernelARH,88,7,0.7990130464182149,0.6601581151713922,0.971584510683255,0.7083446158719208
USDMXN,5,2026-03-17,PM,88,6,0.5523146660958911,0.44992307692307715,0.7868490106627336,0.3605475545629865
USDMXN,5,2026-03-17,PA,88,6,0.8220396426323365,0.6845631882531801,1.0010196988395534,0.7293894563438016
USDMXN,5,2026-03-17,VAR1,88,6,92.10198647392366,65.9567992363846,134.18960753608468,57.36470482990724
USDMXN,5,2026-03-17,ARHinc,88,6,0.7966261324119542,0.6591413012029534,0.937247754172104,0.7210449595661319
USDMXN,5,2026-03-17,KernelARH,88,6,0.7785760250274583,0.6275605396521735,0.7677099540027034,0.7475633572043308
USDMXN,10,2026-03-24,PM,88,6,1.4292211199165037,1.162423076923077,2.1056975698902236,0.9100856685531304
USDMXN,10,2026-03-24,PA,88,6,1.5699029339229267,1.2545963123994581,2.2329735605308385,1.1179118000481876
USDMXN,10,2026-03-24,VAR1,88,6,64.31005394429945,49.63537768473449,87.99767316303866,48.29511619930437
USDMXN,10,2026-03-24,ARHinc,88,6,1.5294172631864067,1.2226938394968208,2.1544221869067783,1.0984552879041882
USDMXN,10,2026-03-24,KernelARH,88,6,1.3907245451097048,1.1275063578706042,1.80789375071425,1.0856916798235872
USDMXN,1,2026-03-12,PM,88,7,0.886938939664004,0.6661153846153849,1.4178414676232385,0.4839021416257713
USDMXN,1,2026-03-12,PA,88,7,1.0952602645047678,0.8696766597495114,1.607799930473301,0.7971157061757277
USDMXN,1,2026-03-12,VAR1,88,7,92.04271136831665,74.91518940060304,123.70092017185921,74.30973507606775
USDMXN,1,2026-03-12,ARHinc,88,7,1.0426067644874708,0.8320466823635796,1.5289812065507136,0.7766332940009462
USDMXN,1,2026-03-12,KernelARH,88,7,1.6217858805647598,1.2030225168785322,2.5698218886404858,0.9721139836561524
USDMXN,5,2026-03-18,PM,88,6,0.5393672753257353,0.4658076923076925,0.6766312671719025,0.39364438771981874
USDMXN,5,2026-03-18,PA,88,6,0.8396552806684169,0.6963185813010754,0.9774705560088305,0.7521790709844889
USDMXN,5,2026-03-18,VAR1,88,6,185.40403849347211,130.95943548096122,273.7918928988885,111.75276990074342
USDMXN,5,2026-03-18,ARHinc,88,6,0.8758923643489357,0.7319505221756649,1.0510827544144696,0.7702940463839818
USDMXN,5,2026-03-18,KernelARH,88,6,1.018418874226276,0.8551311407906478,1.3228324787103305,0.8303299391503618
USDMXN,10,2026-03-25,PM,88,6,0.4251179926706322,0.3383000000000001,0.5112227014201561,0.3298339367450872
USDMXN,10,2026-03-25,PA,88,6,0.7861379443917192,0.6393923452822241,0.8855109916624075,0.729472682742279
USDMXN,10,2026-03-25,VAR1,88,6,152.6981197827996,114.73696728458611,219.63116394441477,101.61381117146392
USDMXN,10,2026-03-25,ARHinc,88,6,0.8104096085747986,0.6637870450355144,0.935336791918644,0.7466639984942293
USDMXN,10,2026-03-25,KernelARH,88,6,0.7760132088854491,0.6313524996720333,0.8471568720182289,0.7315660198730148
USDMXN,1,2026-03-13,PM,88,7,0.4207189359619119,0.27736153846153894,0.6762834479107839,0.21258892679047287
USDMXN,1,2026-03-13,PA,88,7,0.8303879119000593,0.6531377121992994,1.1308393762057838,0.6946515777234741
USDMXN,1,2026-03-13,VAR1,88,7,273.062800590556,210.65439501542392,373.7083402315513,211.69751229489964
USDMXN,1,2026-03-13,ARHinc,88,7,1.2372647431040116,0.9157353790921315,1.9282920626087976,0.8103566016533311
USDMXN,1,2026-03-13,KernelARH,88,7,1.3765480105136279,1.0101200051353676,2.148324005152204,0.8660156095274929
USDMXN,5,2026-03-19,PM,88,6,0.36122200450479425,0.2086615384615385,0.6247724894991095,0.16305134385732648
USDMXN,5,2026-03-19,PA,88,6,0.7461605390327755,0.597153039523421,0.8031321535764762,0.6939556204800337
USDMXN,5,2026-03-19,VAR1,88,6,506.3290242647903,359.84083239781893,760.4152521083428,287.11467421443933
USDMXN,5,2026-03-19,ARHinc,88,6,0.6975672840127944,0.5622604659757058,0.7137695699328527,0.6776397338196332
USDMXN,5,2026-03-19,KernelARH,88,6,0.6866812477427481,0.5645618455529814,0.6850580044058042,0.6779543767855352
USDMXN,10,2026-03-26,PM,88,6,0.27468079376166527,0.213523076923077,0.3406542083774677,0.20929309745544422
USDMXN,10,2026-03-26,PA,88,6,0.7299978262303012,0.5968181080643118,0.7557757463618332,0.7036365914169604
USDMXN,10,2026-03-26,VAR1,88,6,500.3226444277169,373.2504478622075,747.1007046803478,292.2179016362231
USDMXN,10,2026-03-26,ARHinc,88,6,0.7311436701309378,0.6017530428667565,0.7982686925562374,0.7009233458705805
USDMXN,10,2026-03-26,KernelARH,88,6,0.8112304588772978,0.6570264300936901,0.9573902247164507,0.7290407322827025
