moneda,window_dias,window_label,t_start,t_end,fecha_start,fecha_end,PC1,PC2,PC3,PC1_PC2,PC1_PC3,K95,K99,dist_global3,dist_prev3
USDMXN,22,1m,1,22,2025-02-04,2025-03-05,0.9952715302035795,0.003674008189854767,9.852298042064315e-4,0.9989455383934343,0.9999307681976407,1,1,0.7640613500913184,NA
USDMXN,22,1m,2,23,2025-02-05,2025-03-06,0.9952005763807007,0.003744929521893491,9.594839779278485e-4,0.9989455059025942,0.999904989880522,1,1,0.7288471285878962,0.05579700039209157
USDMXN,22,1m,3,24,2025-02-06,2025-03-07,0.9951593540569761,0.003741184058171323,9.886416674861548e-4,0.9989005381151475,0.9998891797826336,1,1,0.6942869910034674,0.06520274990036692
USDMXN,22,1m,4,25,2025-02-07,2025-03-10,0.9949319178445598,0.003944983990181585,9.885719106440879e-4,0.9988769018347414,0.9998654737453855,1,1,0.6250621318481752,0.10222709233624341
USDMXN,22,1m,5,26,2025-02-10,2025-03-11,0.994988175245804,0.0038789155632684797,9.881571046925907e-4,0.9988670908090724,0.999855247913765,1,1,0.5501402202461699,0.10761153371632778
USDMXN,22,1m,6,27,2025-02-11,2025-03-12,0.9949333906212863,0.003839162274672053,0.0010777272696047033,0.9987725528959583,0.999850280165563,1,1,0.4751314422275503,0.16226735272704265
USDMXN,22,1m,7,28,2025-02-12,2025-03-13,0.9945310919713252,0.004172236669213971,0.0011588264164106715,0.9987033286405391,0.9998621550569498,1,1,0.43438162732036406,0.12279360872528941
USDMXN,22,1m,8,29,2025-02-13,2025-03-14,0.993979064507946,0.004601226399008121,0.0012811969242721157,0.9985802909069542,0.9998614878312263,1,1,0.39699366933366587,0.11680673928987942
USDMXN,22,1m,9,30,2025-02-14,2025-03-17,0.993616278812206,0.004981935557844965,0.0012749812704655136,0.998598214370051,0.9998731956405166,1,1,0.409222396915316,0.12372714981389113
USDMXN,22,1m,10,31,2025-02-17,2025-03-18,0.9927898699018357,0.00548179467995842,0.0015996911880195557,0.9982716645817942,0.9998713557698137,1,1,0.46169495697479007,0.11954146501390654
USDMXN,22,1m,11,32,2025-02-18,2025-03-19,0.9917833178649729,0.006346868990379751,0.0016938882278637723,0.9981301868553526,0.9998240750832164,1,1,0.46525343259805985,0.09547185293393964
USDMXN,22,1m,12,33,2025-02-19,2025-03-20,0.9906026588443804,0.0073040454814076615,0.0018094482297395242,0.997906704325788,0.9997161525555276,1,1,0.4532412111507171,0.06969044422822664
USDMXN,22,1m,13,34,2025-02-20,2025-03-21,0.9912516802097535,0.006871974412671875,0.0015327228448064295,0.9981236546224254,0.9996563774672318,1,1,0.44122570941410516,0.06121299001465711
USDMXN,22,1m,14,35,2025-02-21,2025-03-24,0.9912285465808263,0.007138446772172996,0.0011999822395883965,0.9983669933529993,0.9995669755925877,1,1,0.4338037798222531,0.08573290769248801
USDMXN,22,1m,15,36,2025-02-24,2025-03-25,0.9913376876219794,0.007139890677763033,0.0010536453320188338,0.9984775782997424,0.9995312236317613,1,1,0.5007846542404851,0.2519230286908761
USDMXN,22,1m,16,37,2025-02-25,2025-03-26,0.9912981042960932,0.006928867163005711,0.0013343323276824484,0.9982269714590989,0.9995613037867814,1,1,0.4654815787737317,0.15021185127516123
USDMXN,22,1m,17,38,2025-02-26,2025-03-27,0.9922694764968784,0.0060202092300618995,0.0013467813077338024,0.9982896857269402,0.999636467034674,1,1,0.45151544932862103,0.08566575589583687
USDMXN,22,1m,18,39,2025-02-27,2025-03-28,0.9935979842034383,0.0041867593836026435,0.0019133494633127015,0.997784743587041,0.9996980930503536,1,1,0.44676546041962667,0.09518130890768407
USDMXN,22,1m,19,40,2025-02-28,2025-03-31,0.9944252020741461,0.0034604025982277755,0.0018472709615855291,0.9978856046723739,0.9997328756339594,1,1,0.4638006748932673,0.03680809451178792
USDMXN,22,1m,20,41,2025-03-03,2025-04-01,0.9948776182433481,0.00323429073621132,0.0016366402050632064,0.9981119089795594,0.9997485491846226,1,1,0.45944240464562935,0.019168937596260673
USDMXN,22,1m,21,42,2025-03-04,2025-04-02,0.9962043335612057,0.002333088582407678,0.0012272813015604355,0.9985374221436134,0.9997647034451739,1,1,0.4764237607979639,0.05898426794815355
USDMXN,22,1m,22,43,2025-03-05,2025-04-03,0.99608079956819,0.0026126880271292708,0.0010457845076734943,0.9986934875953192,0.9997392721029927,1,1,0.5675485341564135,0.13569212940678593
USDMXN,22,1m,23,44,2025-03-06,2025-04-04,0.9966990202125808,0.0022970559284341426,6.49778348361303e-4,0.9989960761410149,0.9996458544893763,1,1,0.3187894783254639,0.4152568163130597
USDMXN,22,1m,24,45,2025-03-07,2025-04-07,0.9969596100658323,0.002012903674118271,7.474946502889477e-4,0.9989725137399506,0.9997200083902396,1,1,0.5326841935855758,0.56496378493978
USDMXN,22,1m,25,46,2025-03-10,2025-04-08,0.9969817306065606,0.0017157016034598334,0.0010623774169713324,0.9986974322100204,0.9997598096269917,1,1,0.5780995120836608,0.10131530043254434
USDMXN,22,1m,26,47,2025-03-11,2025-04-09,0.9971659031797852,0.001642597332989128,9.64937033424432e-4,0.9988085005127743,0.9997734375461987,1,1,0.6022257981047374,0.08720075987036666
USDMXN,22,1m,27,48,2025-03-12,2025-04-10,0.9956068290436306,0.0032754215613805347,8.964569065354742e-4,0.9988822506050111,0.9997787075115466,1,1,0.6506282278272647,0.09873708796722722
USDMXN,22,1m,28,49,2025-03-13,2025-04-11,0.9944306221099595,0.004354385853176229,9.789697488259566e-4,0.9987850079631357,0.9997639777119617,1,1,0.6964754551744714,0.0691198456296443
USDMXN,22,1m,29,50,2025-03-14,2025-04-14,0.9941415778787396,0.004486422491540387,0.00114717152451786,0.99862800037028,0.9997751718947978,1,1,0.7374045315925981,0.07091792796321787
USDMXN,22,1m,30,51,2025-03-17,2025-04-15,0.9945254486423172,0.004078879732004908,0.0012096213706117983,0.9986043283743221,0.9998139497449339,1,1,0.7404313381946029,0.031754147834447896
USDMXN,22,1m,31,52,2025-03-18,2025-04-16,0.9952041196266879,0.003628200107728707,0.001032375991009093,0.9988323197344166,0.9998646957254257,1,1,0.7179093836933501,0.045787491471761664
USDMXN,22,1m,32,53,2025-03-19,2025-04-17,0.995959371841846,0.0030226745327313516,9.550717849521736e-4,0.9989820463745773,0.9999371181595296,1,1,0.7144702832854375,0.04616787080592546
USDMXN,22,1m,33,54,2025-03-20,2025-04-18,0.9960975407285103,0.002948789984686284,8.938890184389883e-4,0.9990463307131966,0.9999402197316356,1,1,0.701069724349747,0.018973144696302277
USDMXN,22,1m,34,55,2025-03-21,2025-04-21,0.9961663946325113,0.002906268573584236,8.709078615182828e-4,0.9990726632060956,0.9999435710676139,1,1,0.6943875596342691,0.009797276682662353
USDMXN,22,1m,35,56,2025-03-24,2025-04-22,0.9963421178260342,0.00277630082516706,8.302245776335657e-4,0.9991184186512013,0.9999486432288348,1,1,0.6851317043105638,0.013445128353343883
USDMXN,22,1m,36,57,2025-03-25,2025-04-23,0.9963634214811806,0.0027719190831745617,8.147319016928413e-4,0.9991353405643552,0.9999500724660481,1,1,0.6819738816818851,0.021525168952639874
USDMXN,22,1m,37,58,2025-03-26,2025-04-24,0.9962865175656309,0.0029186297845809686,7.434904872844829e-4,0.9992051473502119,0.9999486378374963,1,1,0.674980811579292,0.04871711052215929
USDMXN,22,1m,38,59,2025-03-27,2025-04-25,0.9964241113193766,0.0028761921039794957,6.422650441710139e-4,0.9993003034233561,0.999942568467527,1,1,0.6199378796021509,0.10465395200867757
USDMXN,22,1m,39,60,2025-03-28,2025-04-28,0.9964752333858825,0.0027919416646224405,6.732077413184488e-4,0.999267175050505,0.9999403827918234,1,1,0.5332412009183715,0.13978632084159764
USDMXN,22,1m,40,61,2025-03-31,2025-04-29,0.9968739092439219,0.002279411739186808,7.823040534063952e-4,0.9991533209831087,0.9999356250365151,1,1,0.5008953806638221,0.07107615325178084
USDMXN,22,1m,41,62,2025-04-01,2025-04-30,0.9970317394217965,0.0020283265856995,8.730976191997034e-4,0.999060066007496,0.9999331636266957,1,1,0.4811435442560984,0.055634452854733785
USDMXN,22,1m,42,63,2025-04-02,2025-05-01,0.9969786090265843,0.002056943497648157,9.004193736732041e-4,0.9990355525242325,0.9999359718979056,1,1,0.45186316752541605,0.06592539514682291
USDMXN,22,1m,43,64,2025-04-03,2025-05-02,0.9970617976530177,0.0019462669497944207,9.377002046185403e-4,0.9990080646028121,0.9999457648074307,1,1,0.44406375367254297,0.08053965551902276
USDMXN,22,1m,44,65,2025-04-04,2025-05-05,0.9971815187872503,0.001913124684485749,8.637971765496811e-4,0.999094643471736,0.9999584406482857,1,1,0.4306873564680258,0.07371553314650887
USDMXN,22,1m,45,66,2025-04-07,2025-05-06,0.9970543439234223,0.0018613029184305512,0.0010444797387057897,0.9989156468418529,0.9999601265805587,1,1,0.4368519031665593,0.04092247760872015
USDMXN,22,1m,46,67,2025-04-08,2025-05-07,0.9966659093769323,0.0018648076377738199,0.0014201883832076186,0.9985307170147062,0.9999509053979138,1,1,0.4198855543008996,0.049541423751876805
USDMXN,22,1m,47,68,2025-04-09,2025-05-08,0.9963390711666945,0.0020692587025380902,0.0015357392637652628,0.9984083298692326,0.9999440691329978,1,1,0.435316749585814,0.059612685021015376
USDMXN,22,1m,48,69,2025-04-10,2025-05-09,0.9941811564297574,0.003447226336454017,0.0022675474608142574,0.9976283827662114,0.9998959302270256,1,1,0.43661331902131556,0.03958224724047188
USDMXN,22,1m,49,70,2025-04-11,2025-05-12,0.9849128920919795,0.010016475606624227,0.004840303042214585,0.9949293676986037,0.9997696707408184,1,2,0.43921698089720623,0.050682768958461966
USDMXN,22,1m,50,71,2025-04-14,2025-05-13,0.9409288533349476,0.04338081171400679,0.014987170955773876,0.9843096650489543,0.9992968360047283,2,3,0.4396527018607415,0.0383123386078911
USDMXN,22,1m,51,72,2025-04-15,2025-05-14,0.9147990170419057,0.06496655597158563,0.01933673053127988,0.9797655730134913,0.9991023035447713,2,3,0.44510251165082043,0.03514984547669382
USDMXN,22,1m,52,73,2025-04-16,2025-05-15,0.9082622075133175,0.07222461955533586,0.0186066737919378,0.9804868270686534,0.9990935008605912,2,3,0.454216987892626,0.029789126573375117
USDMXN,22,1m,53,74,2025-04-17,2025-05-16,0.8974145796675476,0.07981791951634296,0.02172596007474634,0.9772324991838905,0.9989584592586369,2,3,0.46966722604661976,0.032978917601369534
USDMXN,22,1m,54,75,2025-04-18,2025-05-19,0.9030684016778127,0.07341607506258442,0.02238276755300277,0.9764844767403971,0.9988672442933999,2,3,0.47789253805412596,0.02529235625597581
USDMXN,22,1m,55,76,2025-04-21,2025-05-20,0.8928071557566053,0.07605069630092044,0.029934934515405857,0.9688578520575257,0.9987927865729316,2,3,0.4797645649658964,0.029609770233501243
USDMXN,22,1m,56,77,2025-04-22,2025-05-21,0.8708306871331468,0.08599381386986807,0.04177983537141314,0.9568245010030149,0.998604336374428,2,3,0.4832812519334109,0.028369133293889917
USDMXN,22,1m,57,78,2025-04-23,2025-05-22,0.8634963564007739,0.07977694457300222,0.05532030586580692,0.9432733009737762,0.9985936068395831,3,3,0.5048948120716542,0.032590297981169226
USDMXN,22,1m,58,79,2025-04-24,2025-05-23,0.8770692355567733,0.06999851935047234,0.0516485920310784,0.9470677549072456,0.998716346938324,3,3,0.5219849051518797,0.040588680237479406
USDMXN,22,1m,59,80,2025-04-25,2025-05-26,0.9082735078034293,0.058876152820280615,0.03192668457518146,0.9671496606237099,0.9990763451988913,2,3,0.5186254959635169,0.06942611251342079
USDMXN,22,1m,60,81,2025-04-28,2025-05-27,0.9070828638233396,0.0614394604645593,0.030594619023521064,0.9685223242878989,0.99911694331142,2,3,0.533761405212409,0.048657798303710594
USDMXN,22,1m,61,82,2025-04-29,2025-05-28,0.9173205178170157,0.053401829445853755,0.028480658210314855,0.9707223472628694,0.9992030054731843,2,3,0.5337519143493256,0.020666803650228542
USDMXN,22,1m,62,83,2025-04-30,2025-05-29,0.9195333112698616,0.053060511028242184,0.02664499429269157,0.9725938222981038,0.9992388165907954,2,3,0.5283724667575296,0.017295152365112552
USDMXN,22,1m,63,84,2025-05-01,2025-05-30,0.9386438304853024,0.041758762254407826,0.018981583126792472,0.9804025927397102,0.9993841758665027,2,3,0.5210617612213273,0.026890376430990248
USDMXN,22,1m,64,85,2025-05-02,2025-06-02,0.9453372347224086,0.03823162871639363,0.015767601116084277,0.9835688634388022,0.9993364645548866,2,3,0.5001595145741243,0.04642945765470223
USDMXN,22,1m,65,86,2025-05-05,2025-06-03,0.9557944373704761,0.033637959572035254,0.009912464587865797,0.9894323969425114,0.9993448615303772,1,3,0.5016427949319954,0.045960209929903406
USDMXN,22,1m,66,87,2025-05-06,2025-06-04,0.9643428467420165,0.028478549981929335,0.006646207392505835,0.9928213967239459,0.9994676041164517,1,2,0.4852235889788751,0.07708988395999869
USDMXN,22,1m,67,88,2025-05-07,2025-06-05,0.9700036983794172,0.0248161874493428,0.004726954146881719,0.99481988582876,0.9995468399756418,1,2,0.48434616792810636,0.07711724393975306
USDMXN,22,1m,68,89,2025-05-08,2025-06-06,0.9727575246754256,0.023353626419799416,0.003501353201986286,0.9961111510952251,0.9996125042972114,1,2,0.447295161929014,0.13882709494536627
USDMXN,22,1m,69,90,2025-05-09,2025-06-09,0.9650293672621154,0.02908750241498683,0.005470040342635963,0.9941168696771022,0.9995869100197382,1,2,0.5299001777710434,0.10513754175486383
USDMXN,22,1m,70,91,2025-05-12,2025-06-10,0.956667815017373,0.03618844705643921,0.006736145691005392,0.9928562620738122,0.9995924077648176,1,2,0.4931421597954223,0.06734825460737047
USDMXN,22,1m,71,92,2025-05-13,2025-06-11,0.9545718084482827,0.03646268939247251,0.00848539817692752,0.9910344978407553,0.9995198960176828,1,2,0.45192080933691325,0.0690608452821586
USDMXN,22,1m,72,93,2025-05-14,2025-06-12,0.955910282999843,0.03453353292479847,0.009087422860490671,0.9904438159246415,0.9995312387851322,1,2,0.44800623487080937,0.020653134457522846
USDMXN,22,1m,73,94,2025-05-15,2025-06-13,0.9618444076015478,0.030322535856824293,0.007411870926722674,0.9921669434583721,0.9995788143850948,1,2,0.44749752207128807,0.03923789169722346
USDMXN,22,1m,74,95,2025-05-16,2025-06-16,0.9648906670049474,0.026915441801401232,0.007700184043833562,0.9918061088063487,0.9995062928501822,1,2,0.44432759800174115,0.020670642283970482
USDMXN,22,1m,75,96,2025-05-19,2025-06-17,0.9719280025201354,0.02037687005925267,0.007244256382723185,0.9923048725793882,0.9995491289621113,1,2,0.45575157915835923,0.04243377001657065
USDMXN,22,1m,76,97,2025-05-20,2025-06-18,0.9738537616015898,0.01709681581098506,0.008460949910251496,0.9909505774125749,0.9994115273228263,1,2,0.4543639912991932,0.027712945501732186
USDMXN,22,1m,77,98,2025-05-21,2025-06-19,0.9754526447124141,0.015928995856710836,0.008046540101511996,0.9913816405691249,0.999428180670637,1,2,0.4548760728694458,0.013150158165917341
USDMXN,22,1m,78,99,2025-05-22,2025-06-20,0.9755434259545394,0.015489812040004134,0.00834951529253136,0.9910332379945435,0.9993827532870748,1,2,0.4601204851339753,0.021207314774861992
USDMXN,22,1m,79,100,2025-05-23,2025-06-23,0.970053954847651,0.020541735500198513,0.008646826750785498,0.9905956903478496,0.999242517098635,1,2,0.4861506204982474,0.05565631757718854
USDMXN,22,1m,80,101,2025-05-26,2025-06-24,0.9616217694051923,0.029880339571202324,0.007763660452869326,0.9915021089763946,0.9992657694292639,1,2,0.48293672701224655,0.04244583041227004
USDMXN,22,1m,81,102,2025-05-27,2025-06-25,0.9617819755153559,0.03134823073587653,0.006119001894095886,0.9931302062512325,0.9992492081453284,1,2,0.4863275850148588,0.0488305170460008
USDMXN,22,1m,82,103,2025-05-28,2025-06-26,0.9609286246228851,0.033774234412063786,0.004432864605082322,0.9947028590349489,0.9991357236400312,1,2,0.5035135425316589,0.06004673858966517
USDMXN,22,1m,83,104,2025-05-29,2025-06-27,0.967049897038526,0.030449525103981075,0.0016764490838603564,0.997499422142507,0.9991758712263674,1,2,0.6307833328504393,0.3332040215454376
USDMXN,22,1m,84,105,2025-05-30,2025-06-30,0.9708973886409377,0.026894782126464664,0.001491954745426238,0.9977921707674023,0.9992841255128285,1,2,0.7406630979552017,0.20313508857113158
USDMXN,22,1m,85,106,2025-06-02,2025-07-01,0.9709635603637805,0.02673696237780833,0.0015830449858410273,0.9977005227415888,0.9992835677274299,1,2,0.781671506774065,0.06086828691057873
USDMXN,22,1m,86,107,2025-06-03,2025-07-02,0.9728176010116537,0.02487396055311499,0.001583253889884041,0.9976915615647687,0.9992748154546527,1,2,0.8161029568699844,0.06542655005540347
USDMXN,22,1m,87,108,2025-06-04,2025-07-03,0.9740410580284775,0.023480723056362365,0.0016878671401928226,0.9975217810848399,0.9992096482250327,1,2,0.8643407507960366,0.09883340596758247
USDMXN,22,1m,88,109,2025-06-05,2025-07-04,0.9748846177816893,0.02241075435506795,0.001932818467814174,0.9972953721367572,0.9992281906045715,1,2,0.9659224606927581,0.14404857547077543
USDMXN,22,1m,89,110,2025-06-06,2025-07-07,0.9769794761163616,0.020225357690427517,0.0020061886003640123,0.9972048338067891,0.9992110224071531,1,2,0.9958481157630344,0.05441923618288198
USDMXN,22,1m,90,111,2025-06-09,2025-07-08,0.9779219470106045,0.019148523093721746,0.002103353829208924,0.9970704701043263,0.9991738239335352,1,2,1.0815241342576638,0.1488783805516915
USDMXN,22,1m,91,112,2025-06-10,2025-07-09,0.9763420337312902,0.02025253589944797,0.0024744873031372627,0.9965945696307382,0.9990690569338755,1,2,1.1382242201289892,0.10670441236522057
USDMXN,22,1m,92,113,2025-06-11,2025-07-10,0.9722668412434536,0.023558610650415802,0.0029393189351294394,0.9958254518938694,0.9987647708289988,1,2,1.172470289676659,0.07501392748426339
USDMXN,22,1m,93,114,2025-06-12,2025-07-11,0.9604237050671252,0.03444474835616682,0.003890318385345129,0.994868453423292,0.9987587718086371,1,2,1.2119903505303962,0.0849314333547573
USDMXN,22,1m,94,115,2025-06-13,2025-07-14,0.9560656763398534,0.03885529300238871,0.003916921504632224,0.9949209693422421,0.9988378908468744,1,2,1.177305397467374,0.12292252893138883
USDMXN,22,1m,95,116,2025-06-16,2025-07-15,0.9476164132675486,0.046232959926781496,0.004685461691587141,0.9938493731943301,0.9985348348859173,2,2,1.1793589151194508,0.019562640458347314
USDMXN,22,1m,96,117,2025-06-17,2025-07-16,0.9483237405684815,0.046045203318867425,0.004271281119231083,0.9943689438873489,0.99864022500658,2,2,1.1031618265593537,0.17023006804237412
USDMXN,22,1m,97,118,2025-06-18,2025-07-17,0.9428613253696986,0.05101311693905415,0.004487447944786265,0.9938744423087528,0.9983618902535389,2,2,1.0928975748835734,0.04130777240162679
USDMXN,22,1m,98,119,2025-06-19,2025-07-18,0.9444525291201755,0.050095846454178757,0.004011841166651828,0.9945483755743543,0.9985602167410061,2,2,1.0158792511578758,0.16913267582189298
USDMXN,22,1m,99,120,2025-06-20,2025-07-21,0.9268116135762046,0.06632900537900205,0.004940270331471886,0.9931406189552066,0.9980808892866785,2,2,1.0188210210082709,0.029933555178032065
USDMXN,22,1m,100,121,2025-06-23,2025-07-22,0.9490888376703993,0.043842346315778026,0.004308751960009539,0.9929311839861773,0.9972399359461869,2,2,0.7513420602038502,0.9918614751457584
USDMXN,22,1m,101,122,2025-06-24,2025-07-23,0.9648356368919069,0.02949405508426744,0.00416071816409719,0.9943296919761743,0.9984904101402715,1,2,0.9383471197583745,0.5020348167855972
USDMXN,22,1m,102,123,2025-06-25,2025-07-24,0.9774467623121655,0.015556268090459907,0.005684806520402167,0.9930030304026255,0.9986878369230276,1,2,0.9314367777197277,0.1313132457856451
USDMXN,22,1m,103,124,2025-06-26,2025-07-25,0.9753495438971853,0.014334755677799252,0.009047765286661824,0.9896842995749846,0.9987320648616463,1,3,0.8913480502880954,0.0818746825269743
USDMXN,22,1m,104,125,2025-06-27,2025-07-28,0.9742836378301385,0.013590221682516106,0.011079540277152218,0.9878738595126546,0.9989533997898068,1,3,0.9118125601416668,0.10167041491780042
USDMXN,22,1m,105,126,2025-06-30,2025-07-29,0.9747462024805248,0.015199906735828637,0.00917711262584324,0.9899461092163534,0.9991232218421967,1,3,0.90668448659969,0.03703227447094154
USDMXN,22,1m,106,127,2025-07-01,2025-07-30,0.9577915756355861,0.028656745001896532,0.012859427887597192,0.9864483206374827,0.9993077485250799,1,3,0.8931934822963992,0.10302634681657158
USDMXN,22,1m,107,128,2025-07-02,2025-07-31,0.9463724247795426,0.04023460530450014,0.012685448315829767,0.9866070300840428,0.9992924783998726,2,3,0.885235554290916,0.040281162782484774
USDMXN,22,1m,108,129,2025-07-03,2025-08-01,0.9522373195863568,0.03600883632961801,0.011167923527235212,0.9882461559159749,0.99941407944321,1,3,0.8836863620254907,0.018392738477718346
USDMXN,22,1m,109,130,2025-07-04,2025-08-04,0.9508331775275944,0.03747565267792586,0.011161635231069693,0.9883088302055203,0.99947046543659,1,3,0.8771310882920239,0.020781320846369238
USDMXN,22,1m,110,131,2025-07-07,2025-08-05,0.9531894112444287,0.03498328165022022,0.011273547021534186,0.9881726928946489,0.9994462399161831,1,3,0.8571486643870568,0.029713575093102528
USDMXN,22,1m,111,132,2025-07-08,2025-08-06,0.9571328812384892,0.031425304382028826,0.01088991549195398,0.988558185620518,0.999448101112472,1,3,0.8458421438245936,0.021332621401688456
USDMXN,22,1m,112,133,2025-07-09,2025-08-07,0.9618044113961133,0.026912016905372493,0.010737247707106233,0.9887164283014858,0.999453676008592,1,3,0.8381910901708566,0.021978687873176098
USDMXN,22,1m,113,134,2025-07-10,2025-08-08,0.9632647401187178,0.025779995191321254,0.010376633863091468,0.989044735310039,0.9994213691731305,1,3,0.8288137888289293,0.01677666034608749
USDMXN,22,1m,114,135,2025-07-11,2025-08-11,0.9640725160839859,0.02558674312687172,0.00975367642235569,0.9896592592108576,0.9994129356332133,1,3,0.8229122619641019,0.01662884195626791
USDMXN,22,1m,115,136,2025-07-14,2025-08-12,0.9653611945561621,0.025289810783592673,0.008753751496165467,0.9906510053397548,0.9994047568359202,1,2,0.8203960971985593,0.01696594423600858
USDMXN,22,1m,116,137,2025-07-15,2025-08-13,0.9665522664172264,0.025398297401060508,0.007456042289844682,0.9919505638182868,0.9994066061081316,1,2,0.8422337781376021,0.04227415149819885
USDMXN,22,1m,117,138,2025-07-16,2025-08-14,0.9679304262366764,0.0251239388238183,0.006285646725230061,0.9930543650604946,0.9993400117857247,1,2,0.859588583792665,0.03453103981162051
USDMXN,22,1m,118,139,2025-07-17,2025-08-15,0.9704513728318229,0.024114860795565313,0.004762322047545384,0.9945662336273883,0.9993285556749336,1,2,0.8808469012681029,0.04214954330615946
USDMXN,22,1m,119,140,2025-07-18,2025-08-18,0.9722163977453657,0.02397497268329532,0.0031035873545840775,0.996191370428661,0.9992949577832452,1,2,0.9126965623699799,0.0715342471907132
USDMXN,22,1m,120,141,2025-07-21,2025-08-19,0.9747318816045261,0.022819316554384222,0.0017120479787414316,0.9975511981589102,0.9992632461376517,1,2,0.8619450959609123,0.09268334145144488
USDMXN,22,1m,121,142,2025-07-22,2025-08-20,0.9727460823868628,0.026185292615502568,5.22509544994519e-4,0.9989313750023654,0.9994538845473598,1,2,0.5727020282770207,1.1877600453970856
USDMXN,22,1m,122,143,2025-07-23,2025-08-21,0.9657413553666693,0.03285040953961908,7.231504241786017e-4,0.9985917649062883,0.999314915330467,1,2,0.5455872907652379,0.19328775799194514
USDMXN,22,1m,123,144,2025-07-24,2025-08-22,0.9547000156202916,0.043551173771697066,9.461172494806154e-4,0.9982511893919886,0.9991973066414693,1,2,0.5461084210165572,0.013634459599289911
USDMXN,22,1m,124,145,2025-07-25,2025-08-25,0.9575937576899547,0.0408089078328296,9.112641139874815e-4,0.9984026655227843,0.9993139296367718,1,2,0.5489808496422518,0.020413099547754762
USDMXN,22,1m,125,146,2025-07-28,2025-08-26,0.9682270934297418,0.03059244848212401,6.97097916767001e-4,0.9988195419118658,0.9995166398286328,1,2,0.5556437183209917,0.023182747238945655
USDMXN,22,1m,126,147,2025-07-29,2025-08-27,0.9776495363705648,0.02132351791204765,5.871888792359303e-4,0.9989730542826125,0.9995602431618484,1,2,0.6020888219276225,0.1579545226780012
USDMXN,22,1m,127,148,2025-07-30,2025-08-28,0.9850481237814465,0.01411908359240938,5.712282161391099e-4,0.9991672073738559,0.999738435589995,1,2,0.6663192827586043,0.1835776147497267
USDMXN,22,1m,128,149,2025-07-31,2025-08-29,0.9900831720928853,0.008967735080277504,5.91888215214931e-4,0.9990509071731628,0.9996427953883777,1,1,0.6480252236485887,0.09216802652686194
USDMXN,22,1m,129,150,2025-08-01,2025-09-01,0.9948405656249524,0.004218894115930854,5.531936157381524e-4,0.9990594597408833,0.9996126533566214,1,1,0.7118504513528243,0.24871703638265788
USDMXN,22,1m,130,151,2025-08-04,2025-09-02,0.9936899449918987,0.005405152274332944,5.94552904306747e-4,0.9990950972662316,0.9996896501705383,1,1,0.6030957032975073,0.23995082801228187
USDMXN,22,1m,131,152,2025-08-05,2025-09-03,0.992928197194293,0.006308622829611718,5.298308834829984e-4,0.9992368200239048,0.9997666509073877,1,1,0.5527972168125641,0.14005958843220523
USDMXN,22,1m,132,153,2025-08-06,2025-09-04,0.9928137879687139,0.006548033280010423,4.4550593897798387e-4,0.9993618212487243,0.9998073271877023,1,1,0.5312644756142764,0.06843417001295118
USDMXN,22,1m,133,154,2025-08-07,2025-09-05,0.9914051837235143,0.007972077620151183,4.3297765724962785e-4,0.9993772613436654,0.999810239000915,1,1,0.5343117474498553,0.08514370365006486
USDMXN,22,1m,134,155,2025-08-08,2025-09-08,0.9892902305078365,0.010085419722213723,4.142098738127479e-4,0.9993756502300503,0.999789860103863,1,2,0.5947521910565278,0.15587627836692627
USDMXN,22,1m,135,156,2025-08-11,2025-09-09,0.9896842573228936,0.009753631051605358,3.6227322670713216e-4,0.9994378883744989,0.999800161601206,1,2,0.6981378366976981,0.19537398005215278
USDMXN,22,1m,136,157,2025-08-12,2025-09-10,0.9872209498211922,0.012226965553956371,3.82140941865799e-4,0.9994479153751487,0.9998300563170144,1,2,0.6931230041827625,0.055398860042855484
USDMXN,22,1m,137,158,2025-08-13,2025-09-11,0.9855643109454224,0.013785662272737911,4.6309657389228376e-4,0.9993499732181603,0.9998130697920526,1,2,0.6275483193159915,0.24204644173131803
USDMXN,22,1m,138,159,2025-08-14,2025-09-12,0.9839325941315674,0.015260938596429272,6.067669175637525e-4,0.9991935327279967,0.9998002996455605,1,2,0.6222641543648031,0.21578432381627524
USDMXN,22,1m,139,160,2025-08-15,2025-09-15,0.9839498719381765,0.015158754792062697,6.88292691646546e-4,0.9991086267302393,0.9997969194218858,1,2,0.6469723736975849,0.06972448083617665
USDMXN,22,1m,140,161,2025-08-18,2025-09-16,0.9825840011515223,0.01615715954494035,0.0010341507712168495,0.9987411606964627,0.9997753114676795,1,2,0.7017655271412298,0.24280388363896827
USDMXN,22,1m,141,162,2025-08-19,2025-09-17,0.9815897973635459,0.017100575170737327,0.0010325175851378836,0.9986903725342833,0.9997228901194211,1,2,0.7033794272539395,0.02932797768298835
USDMXN,22,1m,142,163,2025-08-20,2025-09-18,0.9787495808970629,0.019937888742483326,9.739629936949491e-4,0.9986874696395462,0.9996614326332411,1,2,0.6669478891559294,0.06741028079343901
USDMXN,22,1m,143,164,2025-08-21,2025-09-19,0.9786070173777707,0.020117539279776858,9.127378738405681e-4,0.9987245566575476,0.999637294531388,1,2,0.6676022817181184,0.056848288890393193
USDMXN,22,1m,144,165,2025-08-22,2025-09-22,0.9776542213059038,0.021120319922999998,8.513484903549766e-4,0.9987745412289039,0.9996258897192588,1,2,0.6625648844058635,0.07339259307093568
USDMXN,22,1m,145,166,2025-08-25,2025-09-23,0.9780069976500984,0.02076337216815816,8.590477209992126e-4,0.9987703698182565,0.9996294175392557,1,2,0.6484168582891041,0.03189807730341906
USDMXN,22,1m,146,167,2025-08-26,2025-09-24,0.977091546236457,0.0216756036543235,8.493129443182856e-4,0.9987671498907805,0.9996164628350988,1,2,0.6628177567628727,0.06529274987458725
USDMXN,22,1m,147,168,2025-08-27,2025-09-25,0.9780517265663446,0.020651554296703758,8.589346010384969e-4,0.9987032808630484,0.9995622154640869,1,2,0.7419440297259643,0.14363890529269982
USDMXN,22,1m,148,169,2025-08-28,2025-09-26,0.9790231360607133,0.019527285472586076,9.733483409582286e-4,0.9985504215332994,0.9995237698742576,1,2,0.8411899336845721,0.2906531536654584
USDMXN,22,1m,149,170,2025-08-29,2025-09-29,0.9760935469796975,0.02251586795591011,8.9649774233084e-4,0.9986094149356076,0.9995059126779384,1,2,0.9700592223034623,0.24900601806854344
USDMXN,22,1m,150,171,2025-09-01,2025-09-30,0.9771609535470032,0.02139274111859505,9.33710152988691e-4,0.9985536946655982,0.9994874048185869,1,2,0.9482076459349976,0.07084269149839839
USDMXN,22,1m,151,172,2025-09-02,2025-10-01,0.9781607653767342,0.020368960139064942,9.499525194825791e-4,0.9985297255157992,0.9994796780352818,1,2,0.9568879268305771,0.06221627780620407
USDMXN,22,1m,152,173,2025-09-03,2025-10-02,0.9741695676340628,0.024014063980309933,0.0011881217050627928,0.9981836316143727,0.9993717533194355,1,2,0.8775240319371848,0.13013844614605458
USDMXN,22,1m,153,174,2025-09-04,2025-10-03,0.9692898755591828,0.0280743943039679,0.0018336880256088401,0.9973642698631506,0.9991979578887595,1,2,0.74678249791182,0.21588722964424106
USDMXN,22,1m,154,175,2025-09-05,2025-10-06,0.9632148282885785,0.033167986401368185,0.0025616424589928483,0.9963828146899467,0.9989444571489395,1,2,0.6868690537028532,0.14878865942919614
USDMXN,22,1m,155,176,2025-09-08,2025-10-07,0.9655125045819807,0.031000266594142997,0.002538760804495103,0.9965127711761237,0.9990515319806188,1,2,0.6542793840373587,0.14281716991762053
USDMXN,22,1m,156,177,2025-09-09,2025-10-08,0.9667440934839173,0.02997991164073944,0.0025575890516357377,0.9967240051246568,0.9992815941762925,1,2,0.6554037261618364,0.23376811541420503
USDMXN,22,1m,157,178,2025-09-10,2025-10-09,0.9694329026347824,0.02766917769676954,0.0022090606290669956,0.997102080331552,0.999311140960619,1,2,0.7740337361082865,0.195115730140935
USDMXN,22,1m,158,179,2025-09-11,2025-10-10,0.977050713675039,0.020852566155115087,0.0014717804396918157,0.9979032798301541,0.9993750602698459,1,2,0.7983242279283161,0.10845444062513719
USDMXN,22,1m,159,180,2025-09-12,2025-10-13,0.9748983132913264,0.022656005901036825,0.0016682559109972889,0.9975543191923631,0.9992225751033604,1,2,0.6854855060974736,0.21280020993790164
USDMXN,22,1m,160,181,2025-09-15,2025-10-14,0.9763460801150131,0.02121743048252307,0.0017070590984863175,0.9975635105975362,0.9992705696960225,1,2,0.6452289153887356,0.1461836554393281
USDMXN,22,1m,161,182,2025-09-16,2025-10-15,0.9756884183184438,0.0215636977775745,0.0019577212923769165,0.9972521160960183,0.9992098373883952,1,2,0.57757036980657,0.22086698076178285
USDMXN,22,1m,162,183,2025-09-17,2025-10-16,0.9722843939862372,0.024591074515581617,0.0024723515435298117,0.9968754685018189,0.9993478200453486,1,2,0.5702648091226246,0.09922923793085456
USDMXN,22,1m,163,184,2025-09-18,2025-10-17,0.9673400443504101,0.02954552674454935,0.002428383495053448,0.9968855710949595,0.9993139545900129,1,2,0.5613672803167913,0.0707133304065751
USDMXN,22,1m,164,185,2025-09-19,2025-10-20,0.9679307813599345,0.029049408064424926,0.002307739342561115,0.9969801894243594,0.9992879287669205,1,2,0.5558198002292516,0.06603621610051694
USDMXN,22,1m,165,186,2025-09-22,2025-10-21,0.9653413382606051,0.03185290608562008,0.0021354521378622125,0.9971942443462252,0.9993296964840874,1,2,0.5658312475186464,0.06659964699019431
USDMXN,22,1m,166,187,2025-09-23,2025-10-22,0.9639356152218476,0.033362914974365845,0.0020121571915762094,0.9972985301962134,0.9993106873877896,1,2,0.5729107937078476,0.0686107040692827
USDMXN,22,1m,167,188,2025-09-24,2025-10-23,0.9637436313350449,0.03368061054349911,0.001887155492187279,0.9974242418785441,0.9993113973707313,1,2,0.6123779674953458,0.09762793704698566
USDMXN,22,1m,168,189,2025-09-25,2025-10-24,0.9682920499892644,0.0290237820644268,0.0019507431404365116,0.9973158320536912,0.9992665751941278,1,2,0.6457899686856462,0.09266624960306992
USDMXN,22,1m,169,190,2025-09-26,2025-10-27,0.9682589173231021,0.02888855105559882,0.0020872130225019266,0.9971474683787009,0.9992346814012029,1,2,0.6443841592828105,0.0791771602576507
USDMXN,22,1m,170,191,2025-09-29,2025-10-28,0.9611012483890772,0.03531967994426433,0.0026553959521779342,0.9964209283333415,0.9990763242855194,1,2,0.6087695106187336,0.2587955806576795
USDMXN,22,1m,171,192,2025-09-30,2025-10-29,0.9627416606554959,0.03299355601562918,0.003434972189154706,0.9957352166711251,0.9991701888602799,1,2,0.6189004449696244,0.1520255746888713
USDMXN,22,1m,172,193,2025-10-01,2025-10-30,0.959091248303308,0.036226431304483796,0.003876029837682363,0.9953176796077918,0.9991937094454743,1,2,0.633225550528154,0.09652234113108489
USDMXN,22,1m,173,194,2025-10-02,2025-10-31,0.9535902169400396,0.041627047992534784,0.004046510629668025,0.9952172649325745,0.9992637755622424,1,2,0.6472602488897264,0.05316431814615149
USDMXN,22,1m,174,195,2025-10-03,2025-11-03,0.9495323690237453,0.0456908432687324,0.004081805721271158,0.9952232122924777,0.9993050180137488,2,2,0.6524417268772571,0.024801745677385606
USDMXN,22,1m,175,196,2025-10-06,2025-11-04,0.9578607394645181,0.038078873512901,0.0034791140833897215,0.9959396129774191,0.9994187270608088,1,2,0.6535123588396117,0.0442188960743059
USDMXN,22,1m,176,197,2025-10-07,2025-11-05,0.955591179380715,0.03988326089055849,0.0037798503374523846,0.9954744402712735,0.999254290608726,1,2,0.6433311727981579,0.05368224516260858
USDMXN,22,1m,177,198,2025-10-08,2025-11-06,0.9459290922103489,0.048197694961149166,0.004808678808758638,0.994126787171498,0.9989354659802567,2,2,0.6433016015295521,0.053411636194265776
USDMXN,22,1m,178,199,2025-10-09,2025-11-07,0.9386105183218766,0.053719161200208344,0.005947085244655185,0.992329679522085,0.9982767647667401,2,2,0.5794802286719108,0.1422963292047293
USDMXN,22,1m,179,200,2025-10-10,2025-11-10,0.9501923251951268,0.04328204216053938,0.004961402745839977,0.9934743673556661,0.9984357701015061,1,2,0.55659743397144,0.07854102059755308
USDMXN,22,1m,180,201,2025-10-13,2025-11-11,0.9460960364760302,0.045734383523068425,0.006172232150941207,0.9918304199990987,0.9980026521500399,2,2,0.5223767410968513,0.09992913357356503
USDMXN,22,1m,181,202,2025-10-14,2025-11-12,0.9494625188664004,0.04229215176563484,0.006125054446455158,0.9917546706320353,0.9978797250784904,2,2,0.5054353799340803,0.08769109139295493
USDMXN,22,1m,182,203,2025-10-15,2025-11-13,0.9503566528683011,0.04181352267273429,0.005770252090612768,0.9921701755410354,0.9979404276316481,1,2,0.48893868092343284,0.1512425030658999
USDMXN,22,1m,183,204,2025-10-16,2025-11-14,0.9512966100418526,0.04189069789042464,0.004922962455253031,0.9931873079322773,0.9981102703875303,1,2,0.5789841704157475,0.22507375642090402
USDMXN,22,1m,184,205,2025-10-17,2025-11-17,0.9584101043939861,0.03587265948890431,0.0037871784150463844,0.9942827638828904,0.9980699422979368,1,2,0.6690988382651146,0.18114432328159982
USDMXN,22,1m,185,206,2025-10-20,2025-11-18,0.961480828118152,0.03375168852344478,0.003033070007041396,0.9952325166415968,0.9982655866486382,1,2,0.9275880559205485,0.39416439567435396
USDMXN,22,1m,186,207,2025-10-21,2025-11-19,0.964747245554069,0.0314476518077461,0.002344079693851711,0.9961948973618151,0.9985389770556667,1,2,1.3046254517781026,0.6651120043140786
USDMXN,22,1m,187,208,2025-10-22,2025-11-20,0.964296562642843,0.031849627517285796,0.002355749740505017,0.9961461901601288,0.9985019399006339,1,2,1.351050869861134,0.14866657115214066
USDMXN,22,1m,188,209,2025-10-23,2025-11-21,0.9699419978909721,0.02629645727747821,0.00223234595759085,0.9962384551684503,0.9984708011260411,1,2,1.3401406060432293,0.15600757920426356
USDMXN,22,1m,189,210,2025-10-24,2025-11-24,0.9718298906794508,0.024531775613352198,0.0020272276274064167,0.996361666292803,0.9983888939202095,1,2,1.3570868099203237,0.11873105474370622
USDMXN,22,1m,190,211,2025-10-27,2025-11-25,0.9787306197350628,0.018095296276957027,0.0017803977832756004,0.9968259160120199,0.9986063137952954,1,2,1.3804780319518293,0.19731090379844504
USDMXN,22,1m,191,212,2025-10-28,2025-11-26,0.9821533368871115,0.015377883321231035,0.001348574753476568,0.9975312202083425,0.9988797949618191,1,2,1.4055586822779098,0.20602041441182373
USDMXN,22,1m,192,213,2025-10-29,2025-11-27,0.9818801921523445,0.015747611780635554,0.0012435492465953759,0.99762780393298,0.9988713531795754,1,2,1.3997595833347587,0.14572788341087342
USDMXN,22,1m,193,214,2025-10-30,2025-11-28,0.9812335041014532,0.016506627717942462,0.0011589448106172715,0.9977401318193956,0.9988990766300129,1,2,1.3673199594107275,0.25635766253544134
USDMXN,22,1m,194,215,2025-10-31,2025-12-01,0.9802682364831193,0.017569520684682375,0.0010602543032689061,0.9978377571678018,0.9988980114710706,1,2,1.2969202742475654,0.2933970594718698
USDMXN,22,1m,195,216,2025-11-03,2025-12-02,0.9773013297492935,0.020452801595890534,0.0011711290457249422,0.9977541313451841,0.998925260390909,1,2,1.1483251947908486,0.4037275492833211
USDMXN,22,1m,196,217,2025-11-04,2025-12-03,0.9783975058486544,0.019628122069201028,0.0011023357175083538,0.9980256279178554,0.9991279636353637,1,2,0.9983959606267305,0.37912852752925796
USDMXN,22,1m,197,218,2025-11-05,2025-12-04,0.961556317686713,0.036100139588809005,0.0013952510327328348,0.997656457275522,0.9990517083082548,1,2,0.9515352609452118,0.10993685928458907
USDMXN,22,1m,198,219,2025-11-06,2025-12-05,0.9429211553298118,0.05471361199064338,0.0013722354852557682,0.9976347673204552,0.999007002805711,2,2,0.9666014717334329,0.16177960489240206
USDMXN,22,1m,199,220,2025-11-07,2025-12-08,0.9352772565585936,0.06281127229799713,0.0010878524182815293,0.9980885288565907,0.9991763812748723,2,2,0.9956437415100589,0.403157598410426
USDMXN,22,1m,200,221,2025-11-10,2025-12-09,0.9358175538614864,0.0625695749789615,9.328396302132329e-4,0.9983871288404479,0.9993199684706611,2,2,1.0005097626527744,0.012513032491257913
USDMXN,22,1m,201,222,2025-11-11,2025-12-10,0.9251866515661685,0.07304675817246978,0.0010162468948478967,0.9982334097386383,0.9992496566334862,2,2,0.9734274708465187,0.05828592313586619
USDMXN,22,1m,202,223,2025-11-12,2025-12-11,0.9209766821485633,0.0773416103329995,9.768809743465555e-4,0.9983182924815628,0.9992951734559093,2,2,0.9828661995730595,0.02820846126140796
USDMXN,22,1m,203,224,2025-11-13,2025-12-12,0.9245514490893548,0.0740024528562038,8.430189090154324e-4,0.9985539019455586,0.9993969208545741,2,2,1.028663132879817,0.11773615324615991
USDMXN,22,1m,204,225,2025-11-14,2025-12-15,0.917878967676553,0.08077044416901522,8.458601925821393e-4,0.9986494118455682,0.9994952720381504,2,2,1.0534746553229457,0.05804633396860134
USDMXN,22,1m,205,226,2025-11-17,2025-12-16,0.9265313097650505,0.0722592783711708,7.566910312517796e-4,0.9987905881362213,0.9995472791674731,2,2,1.1490928372152989,0.18920502974153436
USDMXN,22,1m,206,227,2025-11-18,2025-12-17,0.9367538271678477,0.06196545847843696,7.639063054580611e-4,0.9987192856462846,0.9994831919517427,2,2,1.216731918400673,0.14249831375597358
USDMXN,22,1m,207,228,2025-11-19,2025-12-18,0.963609435739607,0.03539000629935838,5.7088233076248e-4,0.9989994420389654,0.9995703243697278,1,2,1.2896773768831005,0.16187237874978452
USDMXN,22,1m,208,229,2025-11-20,2025-12-19,0.9771958056615625,0.02207165026921685,4.389378993493511e-4,0.9992674559307794,0.9997063938301287,1,2,1.1356165563921135,0.34231302901658595
USDMXN,22,1m,209,230,2025-11-21,2025-12-22,0.9840508365870624,0.015451846242493373,2.850805601976127e-4,0.9995026828295558,0.9997877633897534,1,2,0.9139872210180242,0.40697121382426993
USDMXN,22,1m,210,231,2025-11-24,2025-12-23,0.9853748317215183,0.014211421476300565,2.3957063103994877e-4,0.9995862531978189,0.9998258238288588,1,2,0.654415230370618,0.5782481629449879
USDMXN,22,1m,211,232,2025-11-25,2025-12-24,0.986370953642568,0.01340301510599843,1.5909252007544509e-4,0.9997739687485664,0.9999330612686419,1,2,1.0969287430599537,1.0630093835588523
USDMXN,22,1m,212,233,2025-11-26,2025-12-25,0.9893434051102222,0.010431292922326365,1.4883163437030982e-4,0.9997746980325486,0.9999235296669189,1,2,1.129182119256773,0.08058363335933738
USDMXN,22,1m,213,234,2025-11-27,2025-12-26,0.9910682279785805,0.008698541708722213,1.4938974952386302e-4,0.9997667696873027,0.9999161594368265,1,1,1.2209748740518394,0.19779494030180897
USDMXN,22,1m,214,235,2025-11-28,2025-12-29,0.9921924366039258,0.00754391564345213,1.531860338280653e-4,0.9997363522473779,0.999889538281206,1,1,1.3718707804391987,0.46578586354012486
USDMXN,22,1m,215,236,2025-12-01,2025-12-30,0.9937267054273811,0.005983810819208284,1.722652446209852e-4,0.9997105162465894,0.9998827814912103,1,1,1.4231895146508193,0.5118416456624533
USDMXN,22,1m,216,237,2025-12-02,2025-12-31,0.9946762598827978,0.005019373458470898,1.9099013220248793e-4,0.9996956333412688,0.9998866234734712,1,1,1.354531292470106,0.3832097431068264
USDMXN,22,1m,217,238,2025-12-03,2026-01-01,0.9950862667965048,0.004532260164910552,2.707261930268815e-4,0.9996185269614154,0.9998892531544422,1,1,1.2509322243888337,0.31359633031766865
USDMXN,22,1m,218,239,2025-12-04,2026-01-02,0.9944557355945409,0.00516609919605603,2.5698634315179177e-4,0.999621834790597,0.9998788211337487,1,1,1.2279479828950266,0.06515995813404526
USDMXN,22,1m,219,240,2025-12-05,2026-01-05,0.99410187302432,0.005340035716341645,4.349615206361469e-4,0.9994419087406616,0.9998768702612978,1,1,1.2118776379009626,0.11134324791605071
USDMXN,22,1m,220,241,2025-12-08,2026-01-06,0.9940383788672215,0.005299460421856156,5.404267512867993e-4,0.9993378392890776,0.9998782660403644,1,1,1.1674932144628243,0.09450967937803793
USDMXN,22,1m,221,242,2025-12-09,2026-01-07,0.9946112961944619,0.004644265383747503,6.400952673962607e-4,0.9992555615782094,0.9998956568456057,1,1,1.1445416626937022,0.06418204396969725
USDMXN,22,1m,222,243,2025-12-10,2026-01-08,0.9945706334803872,0.00466805988038317,6.610701939807925e-4,0.9992386933607704,0.9998997635547512,1,1,1.153304219983021,0.03492226764307378
USDMXN,22,1m,223,244,2025-12-11,2026-01-09,0.9944512200537773,0.004805875335297489,6.560865465759677e-4,0.9992570953890748,0.9999131819356507,1,1,1.1770615754092173,0.0733373277504546
USDMXN,22,1m,224,245,2025-12-12,2026-01-12,0.9919404871465183,0.0072877879630155575,6.906546449270605e-4,0.9992282751095338,0.999918929754461,1,1,1.2175764428734135,0.08639122134187291
USDMXN,22,1m,225,246,2025-12-15,2026-01-13,0.9880216386226672,0.011264901185697757,6.324109647196898e-4,0.999286539808365,0.9999189507730847,1,2,1.2484823344667493,0.08537921993467613
USDMXN,22,1m,226,247,2025-12-16,2026-01-14,0.9880385343777142,0.01130495208917564,5.572982416269271e-4,0.9993434864668898,0.9999007847085167,1,2,1.2352049250982027,0.08204644835446895
USDMXN,22,1m,227,248,2025-12-17,2026-01-15,0.9886371233978097,0.010792068875768777,4.585709750618517e-4,0.9994291922735785,0.9998877632486404,1,2,1.2277187685366093,0.12146688015585776
USDMXN,22,1m,228,249,2025-12-18,2026-01-16,0.9890606358613249,0.010501640966933195,3.103811654254191e-4,0.999562276828258,0.9998726579936835,1,2,1.1495866651072508,0.2023729451847573
USDMXN,22,1m,229,250,2025-12-19,2026-01-19,0.9903349799514298,0.009281183844321132,2.511953980898438e-4,0.9996161637957509,0.9998673591938408,1,1,1.0437279999585234,0.4314765723297303
USDMXN,22,1m,230,251,2025-12-22,2026-01-20,0.9897536376402972,0.00985105561728715,2.610426892275446e-4,0.9996046932575844,0.9998657359468119,1,2,1.0525474325257453,0.11816246621488724
USDMXN,22,1m,231,252,2025-12-23,2026-01-21,0.9878401464312682,0.011683283436555345,3.190011668599719e-4,0.9995234298678235,0.9998424310346835,1,2,1.0746865119000215,0.052995497672775935
USDMXN,22,1m,232,253,2025-12-24,2026-01-22,0.9868518123758077,0.012622114590708894,3.762266502743132e-4,0.9994739269665166,0.9998501536167909,1,2,1.063151882189084,0.07174530050968185
USDMXN,22,1m,233,254,2025-12-25,2026-01-23,0.9849182042225038,0.014491608736813818,4.216855799594948e-4,0.9994098129593175,0.9998314985392771,1,2,1.0490451732224695,0.09402641778033259
USDMXN,22,1m,234,255,2025-12-26,2026-01-26,0.9828119830679762,0.016546769150328034,4.589481066673999e-4,0.9993587522183043,0.9998177003249716,1,2,1.1709961173825094,0.23598853952790647
USDMXN,22,1m,235,256,2025-12-29,2026-01-27,0.9835093723235591,0.01585294965752479,4.105229110191505e-4,0.9993623219810839,0.999772844892103,1,2,1.0899686413259593,0.2194931406035549
USDMXN,22,1m,236,257,2025-12-30,2026-01-28,0.9847191795737613,0.014597196011006197,4.2550495389229235e-4,0.9993163755847675,0.9997418805386598,1,2,1.0887062489103636,0.019062339029667526
USDMXN,22,1m,237,258,2025-12-31,2026-01-29,0.9873383014205964,0.011872154734501752,4.972526578956398e-4,0.9992104561550982,0.9997077088129939,1,2,0.8306140115955083,0.38180564521827104
USDMXN,22,1m,238,259,2026-01-01,2026-01-30,0.991594095446841,0.00765593216178726,5.084196977237789e-4,0.9992500276086282,0.999758447306352,1,1,0.6908598568940383,0.2715226821498577
USDMXN,22,1m,239,260,2026-01-02,2026-02-02,0.9884099622162064,0.010848988328496794,4.732688559295123e-4,0.9992589505447032,0.9997322194006326,1,2,0.7181248683529626,0.09093766429065994
USDMXN,22,1m,240,261,2026-01-05,2026-02-03,0.9876628560406724,0.011681614226606072,3.961961948747344e-4,0.9993444702672785,0.9997406664621532,1,2,0.8091164839061316,0.18688616635600594
USDMXN,22,1m,241,262,2026-01-06,2026-02-04,0.982923733638072,0.016468300252207444,3.4379826055196225e-4,0.9993920338902794,0.9997358321508314,1,2,0.5727473121312482,0.30813266664579353
USDMXN,22,1m,242,263,2026-01-07,2026-02-05,0.9828907750841369,0.016602680134308382,2.8492033944969787e-4,0.9994934552184453,0.999778375557895,1,2,0.4547958561357888,0.1922231300836173
USDMXN,22,1m,243,264,2026-01-08,2026-02-06,0.9815104008227842,0.018025986218028183,2.711141206534729e-4,0.9995363870408124,0.9998075011614659,1,2,0.4182136160984528,0.06057548095949024
USDMXN,22,1m,244,265,2026-01-09,2026-02-09,0.977201379610909,0.022337834570074714,2.680031320518239e-4,0.9995392141809838,0.9998072173130356,1,2,0.3950904784796024,0.047044466899713075
USDMXN,22,1m,245,266,2026-01-12,2026-02-10,0.9738785907033244,0.025657583508497197,2.6788487542239844e-4,0.9995361742118216,0.999804059087244,1,2,0.3637126027847731,0.10399105795669787
USDMXN,22,1m,246,267,2026-01-13,2026-02-11,0.9677806915026103,0.03170786686816016,2.8068101577922674e-4,0.9994885583707704,0.9997692393865496,1,2,0.3631718550737046,0.09493908657252323
USDMXN,22,1m,247,268,2026-01-14,2026-02-12,0.9599187093653954,0.03951072073418291,3.237996217084119e-4,0.9994294300995783,0.9997532297212867,1,2,0.3706367469936985,0.16760455368953397
USDMXN,22,1m,248,269,2026-01-15,2026-02-13,0.9498522852349711,0.04949935217813921,3.636807194069408e-4,0.9993516374131103,0.9997153181325172,2,2,0.39129896046091933,0.12129864946758843
USDMXN,22,1m,249,270,2026-01-16,2026-02-16,0.9429605989876645,0.05632484796946557,4.0843015364840004e-4,0.9992854469571301,0.9996938771107785,2,2,0.44992149847683577,0.13263604459102216
USDMXN,22,1m,250,271,2026-01-19,2026-02-17,0.9380106352868348,0.06121874430386798,4.6261061605936717e-4,0.9992293795907028,0.9996919902067621,2,2,0.4847105181908789,0.06525865826667628
USDMXN,22,1m,251,272,2026-01-20,2026-02-18,0.9349782185389413,0.06415145995843989,5.346497271678728e-4,0.9991296784973811,0.999664328224549,2,2,0.5073514168066493,0.09820993554095087
USDMXN,22,1m,252,273,2026-01-21,2026-02-19,0.9385523400293914,0.060543870816794486,5.786790930548618e-4,0.9990962108461858,0.9996748899392407,2,2,0.528390563496567,0.055714353157017116
USDMXN,22,1m,253,274,2026-01-22,2026-02-20,0.9404371380230245,0.058636809237196004,6.163371710741667e-4,0.9990739472602206,0.9996902844312947,2,2,0.5185177649034416,0.03903029080880854
USDMXN,22,1m,254,275,2026-01-23,2026-02-23,0.9442911917958406,0.05470788559007737,7.030951835391971e-4,0.998999077385918,0.9997021725694573,2,2,0.510630350392353,0.199523671562946
USDMXN,22,1m,255,276,2026-01-26,2026-02-24,0.9565454906874146,0.04253644443544293,6.581793028859186e-4,0.9990819351228575,0.9997401144257434,1,2,0.5360833420925063,0.1457069567545124
USDMXN,22,1m,256,277,2026-01-27,2026-02-25,0.9681383433578239,0.031107943418506194,5.487949743454498e-4,0.9992462867763301,0.9997950817506756,1,2,0.5775645514759458,0.1616468518506747
USDMXN,22,1m,257,278,2026-01-28,2026-02-26,0.9776451571403602,0.021663969689529702,5.095375633161879e-4,0.9993091268298898,0.999818664393206,1,2,0.6062130416771128,0.1016196116493227
USDMXN,22,1m,258,279,2026-01-29,2026-02-27,0.9822009046733825,0.017340304906580024,2.775757983331598e-4,0.9995412095799625,0.9998187853782957,1,2,0.6064754446317779,0.12540446530228969
USDMXN,22,1m,259,280,2026-01-30,2026-03-02,0.9831340365325103,0.016351846255536647,2.940675376065534e-4,0.999485882788047,0.9997799503256535,1,2,0.7066854257516451,0.1587400166769277
USDMXN,22,1m,260,281,2026-02-02,2026-03-03,0.9890283281895929,0.009387606427686076,0.001415660441925049,0.998415934617279,0.9998315950592039,1,2,0.769554841040962,0.27811659153308255
USDMXN,22,1m,261,282,2026-02-03,2026-03-04,0.9889791296114188,0.008964332600239494,0.0019183413251199649,0.9979434622116583,0.9998618035367782,1,2,0.7825431342923985,0.0811595813294956
USDMXN,22,1m,262,283,2026-02-04,2026-03-05,0.9894865339716847,0.008601852387328418,0.0017793215140168078,0.9980883863590132,0.9998677078730299,1,2,0.7532715077932948,0.09577964076993035
USDMXN,22,1m,263,284,2026-02-05,2026-03-06,0.9896289932617146,0.009091524713199054,0.001164229061422539,0.9987205179749137,0.9998847470363362,1,2,0.7478994824725042,0.06106009748586104
USDMXN,22,1m,264,285,2026-02-06,2026-03-09,0.9886145169349517,0.010360420531406086,9.05086640259856e-4,0.9989749374663578,0.9998800241066177,1,2,0.7515364011587571,0.0670954472520347
USDMXN,22,1m,265,286,2026-02-09,2026-03-10,0.98802278610512,0.010225040209394241,0.0016315231708215626,0.9982478263145141,0.9998793494853357,1,2,0.7602167166506789,0.12508045943748378
USDMXN,22,1m,266,287,2026-02-10,2026-03-11,0.9809541645769778,0.01733029784312358,0.001607210829237753,0.9982844624201014,0.9998916732493391,1,2,0.7585708283794281,0.04292394093213883
USDMXN,22,1m,267,288,2026-02-11,2026-03-12,0.9734676891699601,0.024954162780633348,0.0014680493786412728,0.9984218519505934,0.9998899013292347,1,2,0.7843618033312858,0.05171162998992051
USDMXN,22,1m,268,289,2026-02-12,2026-03-13,0.976631926498612,0.022098360521506086,0.0011642374549794034,0.998730287020118,0.9998945244750974,1,2,0.788993409926043,0.025506432903471786
USDMXN,22,1m,269,290,2026-02-13,2026-03-16,0.9747108586235826,0.023664869762720947,0.0015116964011616886,0.9983757283863036,0.9998874247874653,1,2,0.7682437838209735,0.07216447419916658
USDMXN,22,1m,270,291,2026-02-16,2026-03-17,0.9703773421804477,0.027872680423292925,0.0016241422130308183,0.9982500226037406,0.9998741648167714,1,2,0.7643690221623767,0.03218589455010604
USDMXN,22,1m,271,292,2026-02-17,2026-03-18,0.968457232373026,0.029454845419088757,0.0019390977206951805,0.9979120777921147,0.9998511755128099,1,2,0.7193315448270717,0.06522902412840624
USDMXN,22,1m,272,293,2026-02-18,2026-03-19,0.9630721951820362,0.034644571980782544,0.002109705204374741,0.9977167671628188,0.9998264723671936,1,2,0.7067401371391425,0.031279651207069
USDMXN,22,1m,273,294,2026-02-19,2026-03-20,0.9630926033676181,0.03443760109647428,0.002258053669579186,0.9975302044640925,0.9997882581336716,1,2,0.6644248715112976,0.06668971102843459
USDMXN,22,1m,274,295,2026-02-20,2026-03-23,0.9606122136887745,0.03671030777836829,0.002420689660900401,0.9973225214671427,0.9997432111280432,1,2,0.6508634770184618,0.05105477281565326
USDMXN,22,1m,275,296,2026-02-23,2026-03-24,0.9546609419448769,0.0425739368708881,0.0024755690229169153,0.997234878815765,0.9997104478386819,1,2,0.6457868999071554,0.02239281650929845
USDMXN,22,1m,276,297,2026-02-24,2026-03-25,0.9553028812291833,0.04146475372651809,0.0029071028449478456,0.9967676349557013,0.9996747378006492,1,2,0.6390314626010684,0.0803284182429956
USDMXN,22,1m,277,298,2026-02-25,2026-03-26,0.9538715791391447,0.042652507207461506,0.0031054404476669427,0.9965240863466062,0.9996295267942731,1,2,0.6404617257128732,0.015339890881335567
USDMXN,22,1m,278,299,2026-02-26,2026-03-27,0.9377318087691437,0.05824215558673097,0.0035463534499231225,0.9959739643558747,0.9995203178057979,2,2,0.6322661210566889,0.030621969012625594
USDMXN,44,2m,1,44,2025-02-04,2025-04-04,0.9938867617976989,0.0035202809399067793,0.002199619083041617,0.9974070427376056,0.9996066618206473,1,1,0.3124415531381197,NA
USDMXN,44,2m,2,45,2025-02-05,2025-04-07,0.9944353761509087,0.003105095047571501,0.0020385401066237863,0.9975404711984802,0.999579011305104,1,1,0.2986608487520358,0.03918093884712178
USDMXN,44,2m,3,46,2025-02-06,2025-04-08,0.9947816870932551,0.002749451359258709,0.0020277012539898654,0.9975311384525138,0.9995588397065037,1,1,0.28448404371770697,0.051167557079634704
USDMXN,44,2m,4,47,2025-02-07,2025-04-09,0.9951870619292059,0.0024308933327076114,0.001965406433792052,0.9976179552619135,0.9995833616957056,1,1,0.28003116123788985,0.04512591512131781
USDMXN,44,2m,5,48,2025-02-10,2025-04-10,0.9948449367452663,0.0028231934838402915,0.0019314614894253295,0.9976681302291066,0.999599591718532,1,1,0.2736093181878522,0.049718321914491256
USDMXN,44,2m,6,49,2025-02-11,2025-04-11,0.9946825115360443,0.0031005119762963942,0.0018066573871884676,0.9977830235123406,0.9995896808995292,1,1,0.27069312405448015,0.0447408797671965
USDMXN,44,2m,7,50,2025-02-12,2025-04-14,0.994672813613997,0.003177993058181467,0.0016964754796937815,0.9978508066721784,0.9995472821518722,1,1,0.275284809183795,0.07073028106878998
USDMXN,44,2m,8,51,2025-02-13,2025-04-15,0.9945803116351519,0.0032702890857118925,0.0016283569463539922,0.9978506007208638,0.9994789576672178,1,1,0.27663572927956764,0.04300204778462786
USDMXN,44,2m,9,52,2025-02-14,2025-04-16,0.9946773712738405,0.003278815955614914,0.0014867544200945282,0.9979561872294554,0.9994429416495499,1,1,0.2875970370504598,0.03933649097179573
USDMXN,44,2m,10,53,2025-02-17,2025-04-17,0.9946590956007525,0.0032699547025527953,0.0014534283933372782,0.9979290503033053,0.9993824786966425,1,1,0.29010621925759655,0.013231040937626483
USDMXN,44,2m,11,54,2025-02-18,2025-04-18,0.994458292585702,0.0034186812155480857,0.0014569533024568412,0.9978769738012501,0.9993339271037068,1,1,0.2965734865550194,0.018293142152273716
USDMXN,44,2m,12,55,2025-02-19,2025-04-21,0.9942093951310307,0.0035877591580256887,0.0014916133989646134,0.9977971542890564,0.999288767688021,1,1,0.3016553806935031,0.02567439254327299
USDMXN,44,2m,13,56,2025-02-20,2025-04-22,0.9944031571122295,0.003446568404569432,0.0014666553702361172,0.997849725516799,0.999316380887035,1,1,0.33405500636785834,0.08270172771947608
USDMXN,44,2m,14,57,2025-02-21,2025-04-23,0.9944017848350423,0.0034535015832942006,0.0014446343330016406,0.9978552864183364,0.9992999207513381,1,1,0.3373453753482406,0.031281945859002534
USDMXN,44,2m,15,58,2025-02-24,2025-04-24,0.9944649414134432,0.003451560450098523,0.0013550481126397417,0.9979165018635417,0.9992715499761815,1,1,0.3011010969849975,0.06700433671345044
USDMXN,44,2m,16,59,2025-02-25,2025-04-25,0.994599454158559,0.0033508336474280948,0.0013408377697724007,0.997950287805987,0.9992911255757595,1,1,0.30208273716543205,0.0206273153951722
USDMXN,44,2m,17,60,2025-02-26,2025-04-28,0.9947393626366345,0.0032876755762439925,0.0013189950334279086,0.9980270382128785,0.9993460332463064,1,1,0.32664070317951915,0.05329563897878652
USDMXN,44,2m,18,61,2025-02-27,2025-04-29,0.9952147627283815,0.002881406776636104,0.0012685436836781592,0.9980961695050176,0.9993647131886958,1,1,0.3243857462291449,0.03167959054261752
USDMXN,44,2m,19,62,2025-02-28,2025-04-30,0.9954510303187883,0.0027117151701125325,0.0012271113008900736,0.9981627454889008,0.999389856789791,1,1,0.327572273151543,0.030470912470819084
USDMXN,44,2m,20,63,2025-03-03,2025-05-01,0.9955409194567983,0.002652002291327207,0.0012224815851879546,0.9981929217481256,0.9994154033333135,1,1,0.3325496723816729,0.03886286859962401
USDMXN,44,2m,21,64,2025-03-04,2025-05-02,0.9959577554652161,0.0024074087372268895,0.0010523700172706324,0.998365164202443,0.9994175342197137,1,1,0.34707385250415057,0.0944682075144219
USDMXN,44,2m,22,65,2025-03-05,2025-05-05,0.9958975222114373,0.0024481647625071803,0.001078875815499596,0.9983456869739445,0.9994245627894441,1,1,0.3728450988127043,0.0425568182953419
USDMXN,44,2m,23,66,2025-03-06,2025-05-06,0.9958540342639576,0.0024597322303947003,0.0011451192627372749,0.9983137664943523,0.9994588857570895,1,1,0.39547657966131444,0.04634851723393289
USDMXN,44,2m,24,67,2025-03-07,2025-05-07,0.9958928123536612,0.0024252146109935225,0.0011887265829931288,0.9983180269646548,0.9995067535476478,1,1,0.410124984672396,0.0432029102051107
USDMXN,44,2m,25,68,2025-03-10,2025-05-08,0.9961413966157485,0.002299207475138939,0.0011167535829582382,0.9984406040908874,0.9995573576738457,1,1,0.45360652081772157,0.09104434055236012
USDMXN,44,2m,26,69,2025-03-11,2025-05-09,0.9962777260355811,0.0022598068213077827,0.0010513535192715321,0.9985375328568888,0.9995888863761604,1,1,0.48938424082604065,0.09303980716248941
USDMXN,44,2m,27,70,2025-03-12,2025-05-12,0.9961123236576457,0.0024770187188855597,0.001043795644156865,0.9985893423765313,0.9996331380206881,1,1,0.5200068920012632,0.06456890206840439
USDMXN,44,2m,28,71,2025-03-13,2025-05-13,0.9958614233050114,0.00273984995083319,0.0010732870590423771,0.9986012732558446,0.999674560314887,1,1,0.5252112226555966,0.04716251122459264
USDMXN,44,2m,29,72,2025-03-14,2025-05-14,0.995679229111413,0.002892074164044583,0.0011483976828504515,0.9985713032754576,0.9997197009583081,1,1,0.4736686321999009,0.10309865742238541
USDMXN,44,2m,30,73,2025-03-17,2025-05-15,0.9954826741043847,0.0031083769224061614,0.001160003204600295,0.9985910510267909,0.9997510542313912,1,1,0.4561472300146957,0.04412367619346685
USDMXN,44,2m,31,74,2025-03-18,2025-05-16,0.9952977110307863,0.003315275818264709,0.001170933100165718,0.9986129868490511,0.9997839199492168,1,1,0.4513124727504866,0.031612777415196844
USDMXN,44,2m,32,75,2025-03-19,2025-05-19,0.9952634968296667,0.0034235473020701,0.0011417172078644934,0.9986870441317368,0.9998287613396013,1,1,0.46226015664214454,0.03701002515504214
USDMXN,44,2m,33,76,2025-03-20,2025-05-20,0.9951937825359415,0.0033908214697859133,0.0012631995413271639,0.9985846040057273,0.9998478035470546,1,1,0.4592707860642558,0.023807958640260685
USDMXN,44,2m,34,77,2025-03-21,2025-05-21,0.9951074763967156,0.003378144766619901,0.0013751905919462265,0.9984856211633355,0.9998608117552817,1,1,0.4593064721750291,0.01400290670840438
USDMXN,44,2m,35,78,2025-03-24,2025-05-22,0.9949889297658367,0.003359764541771654,0.0015242613052268979,0.9983486943076084,0.9998729556128353,1,1,0.4634386568675649,0.010209557120267226
USDMXN,44,2m,36,79,2025-03-25,2025-05-23,0.9948313326003578,0.003354705130287394,0.0016974595287655235,0.9981860377306452,0.9998834972594107,1,1,0.4665148340332762,0.011768382133073156
USDMXN,44,2m,37,80,2025-03-26,2025-05-26,0.994630212574034,0.003357187017416675,0.001909486191472551,0.9979873995914507,0.9998968857829231,1,1,0.46725712837278677,0.013431007294321413
USDMXN,44,2m,38,81,2025-03-27,2025-05-27,0.9943249148168004,0.00340810188606772,0.002176848084842351,0.9977330167028682,0.9999098647877105,1,1,0.46797315810449736,0.0160378415202615
USDMXN,44,2m,39,82,2025-03-28,2025-05-28,0.993625202991115,0.0035553825935828107,0.002737114411588456,0.9971805855846978,0.9999176999962863,1,1,0.46788048890377726,0.014404591484585543
USDMXN,44,2m,40,83,2025-03-31,2025-05-29,0.9933579542790861,0.00376383747670085,0.0027935544410166786,0.997121791755787,0.9999153461968037,1,1,0.4686436697931146,0.022454548812894718
USDMXN,44,2m,41,84,2025-04-01,2025-05-30,0.9927258150094346,0.004267810169205178,0.002916696558289628,0.9969936251786398,0.9999103217369294,1,1,0.4632048012826749,0.020001371424060516
USDMXN,44,2m,42,85,2025-04-02,2025-06-02,0.9916488179249336,0.004924721379384875,0.0033344515180149603,0.9965735393043185,0.9999079908223335,1,1,0.45593238230391847,0.022072425881878546
USDMXN,44,2m,43,86,2025-04-03,2025-06-03,0.9905797488495252,0.005906993910005027,0.0034203822929822227,0.9964867427595302,0.9999071250525124,1,1,0.4545197616708026,0.028384938078349325
USDMXN,44,2m,44,87,2025-04-04,2025-06-04,0.9897746404446549,0.006651131497017542,0.0034894478167324106,0.9964257719416725,0.9999152197584048,1,2,0.4495885031786556,0.00971115865199448
USDMXN,44,2m,45,88,2025-04-07,2025-06-05,0.9876999254228145,0.008419322708149412,0.003786702949511532,0.9961192481309639,0.9999059510804754,1,2,0.4513736087930424,0.017401630653736566
USDMXN,44,2m,46,89,2025-04-08,2025-06-06,0.9845771585888684,0.011056364524260636,0.004249852521172521,0.995633523113129,0.9998833756343015,1,2,0.4469715805877853,0.016250118288142847
USDMXN,44,2m,47,90,2025-04-09,2025-06-09,0.9813543422907379,0.013579602106001364,0.004925981077986703,0.9949339443967393,0.999859925474726,1,2,0.45235242745345644,0.023370994829746777
USDMXN,44,2m,48,91,2025-04-10,2025-06-10,0.9705578834962382,0.02211817695590957,0.007102066964459968,0.9926760604521477,0.9997781274166078,1,2,0.450294246865393,0.009728201734554971
USDMXN,44,2m,49,92,2025-04-11,2025-06-11,0.9453164027607349,0.04104699342970676,0.01321850401400252,0.9863633961904417,0.9995819002044442,2,3,0.4505230023279989,0.004426341258795445
USDMXN,44,2m,50,93,2025-04-14,2025-06-12,0.9128284384443883,0.06242703355465901,0.024008820777820995,0.9752554719990474,0.9992642927768683,2,3,0.4528918377405622,0.015931725778143502
USDMXN,44,2m,51,94,2025-04-15,2025-06-13,0.9267202418130357,0.04945686982828248,0.023120355739849666,0.9761771116413182,0.9992974673811679,2,3,0.452895450655317,0.014182543177519352
USDMXN,44,2m,52,95,2025-04-16,2025-06-16,0.9307929361943574,0.045236941478115716,0.023256789779778592,0.9760298776724732,0.9992866674522517,2,3,0.45236279898097803,0.012507695352622824
USDMXN,44,2m,53,96,2025-04-17,2025-06-17,0.9325460789675263,0.04567732806840642,0.021048726161290728,0.9782234070359327,0.9992721331972234,2,3,0.45615865899328756,0.019446960909172653
USDMXN,44,2m,54,97,2025-04-18,2025-06-18,0.9321125468610428,0.04606294475454015,0.021062730799201172,0.9781754916155829,0.9992382224147841,2,3,0.4546504329072993,0.010379460812741008
USDMXN,44,2m,55,98,2025-04-21,2025-06-19,0.9446876158892852,0.03630589183091321,0.01834567714061241,0.9809935077201984,0.9993391848608109,2,3,0.45787531511334073,0.011812442910132972
USDMXN,44,2m,56,99,2025-04-22,2025-06-20,0.9518418335533559,0.030870561281953045,0.016644784194876854,0.982712394835309,0.9993571790301858,1,3,0.4659471558257522,0.01628745990775133
USDMXN,44,2m,57,100,2025-04-23,2025-06-23,0.9568895503247369,0.02778887823223522,0.014644934836600674,0.9846784285569721,0.99932336339357275,1,3,0.4803125824288123,0.02269892882753481
USDMXN,44,2m,58,101,2025-04-24,2025-06-24,0.9608479655708491,0.024618466612435913,0.013860613515447831,0.985466432183285,0.9993270456987328,1,3,0.4903382221653886,0.0305111257917533
USDMXN,44,2m,59,102,2025-04-25,2025-06-25,0.9614220788095355,0.023341475384927746,0.014586683951232441,0.9847635541944632,0.9993502381456957,1,3,0.49149170137827924,0.030707615199336714
USDMXN,44,2m,60,103,2025-04-28,2025-06-26,0.9633557176288688,0.022221099614305368,0.013781454524532185,0.9855768172431743,0.9993582717677064,1,3,0.49573610844530613,0.01663188241512624
USDMXN,44,2m,61,104,2025-04-29,2025-06-27,0.9634908539137551,0.02266813460146303,0.013176536216914232,0.9861589885152181,0.9993355247321324,1,3,0.49465953500739407,0.007553744287721226
USDMXN,44,2m,62,105,2025-04-30,2025-06-30,0.9631575539277648,0.02338947047522515,0.012778759410383884,0.9865470244029899,0.9993257838133739,1,3,0.49136629572978835,0.014729187728172406
USDMXN,44,2m,63,106,2025-05-01,2025-07-01,0.9639091949350825,0.023648058004764987,0.011766254155648904,0.9875572529398475,0.9993235070954964,1,3,0.48792734774811086,0.017744817347830684
USDMXN,44,2m,64,107,2025-05-02,2025-07-02,0.9662937420383068,0.022926132560128862,0.01010259019869495,0.9892198745984356,0.9993224647971306,1,3,0.48513571711589787,0.017605607117253445
USDMXN,44,2m,65,108,2025-05-05,2025-07-03,0.969153375518012,0.021275281908203804,0.00887457047540465,0.9904286574262158,0.9993032279016204,1,2,0.48942643977131584,0.026894205858306985
USDMXN,44,2m,66,109,2025-05-06,2025-07-04,0.9706629143896234,0.021364597047640307,0.007266496281563526,0.9920275114372636,0.9992940077188273,1,2,0.4875074145706085,0.041557572083739364
USDMXN,44,2m,67,110,2025-05-07,2025-07-07,0.9712305376620359,0.02207631418192789,0.005974702703225487,0.9933068518439638,0.9992815545471893,1,2,0.4903581599398068,0.043618287023331884
USDMXN,44,2m,68,111,2025-05-08,2025-07-08,0.971593567900778,0.02271366112042574,0.004946200461606214,0.9943072290212037,0.9992534294828099,1,2,0.47438691246083226,0.055152917392522885
USDMXN,44,2m,69,112,2025-05-09,2025-07-09,0.9676247926071444,0.026448515600022218,0.005048370353658156,0.9940733082071667,0.9991216785608248,1,2,0.506246080200187,0.05726304350496077
USDMXN,44,2m,70,113,2025-05-12,2025-07-10,0.9647058070298797,0.02919740231624541,0.005088968021445534,0.9939032093461252,0.9989921773675707,1,2,0.5129837624029177,0.044133828886718914
USDMXN,44,2m,71,114,2025-05-13,2025-07-11,0.964356671584206,0.029275789862067282,0.005266897954738036,0.9936324614462733,0.9988993594010114,1,2,0.5234839170596614,0.031969774648859486
USDMXN,44,2m,72,115,2025-05-14,2025-07-14,0.9623886361742124,0.030776838866305476,0.005661464638292881,0.9931654750405179,0.9988269396788108,1,2,0.5291454529464789,0.021600323228751342
USDMXN,44,2m,73,116,2025-05-15,2025-07-15,0.9626015866336461,0.03037108340235061,0.005811862886774007,0.9929726700359968,0.9987845329227708,1,2,0.5336559680620938,0.013931018092144807
USDMXN,44,2m,74,117,2025-05-16,2025-07-16,0.9643699964301755,0.028296297612335684,0.006010445183616628,0.9926662940425112,0.9986767392261279,1,2,0.5399732300129222,0.018011185025427704
USDMXN,44,2m,75,118,2025-05-19,2025-07-17,0.9665434663990545,0.025795874212464452,0.006244763965985559,0.992339340611519,0.9985841045775046,1,2,0.5499115475539588,0.03040817369294416
USDMXN,44,2m,76,119,2025-05-20,2025-07-18,0.9648981987333346,0.025712769223296166,0.007635320717767798,0.9906109679566307,0.9982462886743986,1,2,0.5596151421382156,0.028059431680982547
USDMXN,44,2m,77,120,2025-05-21,2025-07-21,0.9621668009022788,0.027570728484383897,0.008355103950667145,0.9897375293866627,0.9980926333373299,1,3,0.5596165737448004,0.008559830705727293
USDMXN,44,2m,78,121,2025-05-22,2025-07-22,0.963944075964416,0.0252723986374318,0.008189465641637207,0.9892164746018478,0.9974059402434851,1,3,0.47531023580674914,0.17940234764046012
USDMXN,44,2m,79,122,2025-05-23,2025-07-23,0.9653325103709668,0.02393673719965194,0.0076844156355220915,0.9892692475706187,0.9969536632061409,1,3,0.4335375854506697,0.1543217689761153
USDMXN,44,2m,80,123,2025-05-26,2025-07-24,0.9660494117255735,0.023325559587844463,0.007351838420652846,0.9893749713134179,0.9967268097340708,1,3,0.42810443419775185,0.17885285370766218
USDMXN,44,2m,81,124,2025-05-27,2025-07-25,0.9651963559950567,0.023835023451649583,0.007684443683160391,0.9890313794467063,0.9967158231298667,1,3,0.5321418683073057,0.2332977664802726
USDMXN,44,2m,82,125,2025-05-28,2025-07-28,0.9659692958887192,0.02313705846836815,0.007860707116035754,0.9891063543570873,0.9969670614731231,1,3,0.6903088259329745,0.23510818468376474
USDMXN,44,2m,83,126,2025-05-29,2025-07-29,0.9689177830771558,0.020403726104835592,0.00826404107807943,0.9893215091819914,0.9975855502600708,1,3,0.823974128032808,0.1808939532552975
USDMXN,44,2m,84,127,2025-05-30,2025-07-30,0.9603517560942529,0.029429112214785006,0.008000005192714476,0.989780868309038,0.9977808735017524,1,3,0.845454892202484,0.09739485214865956
USDMXN,44,2m,85,128,2025-06-02,2025-07-31,0.9522392801436349,0.037393386920869166,0.0081660037232618235,0.989632667064504,0.9977986707877659,1,3,0.8429448452420456,0.0176626779624407
USDMXN,44,2m,86,129,2025-06-03,2025-08-01,0.95348023673108,0.03669492905743504,0.007822704132138683,0.9901751657885149,0.9979978699206536,1,2,0.8387315340823422,0.022579564686142767
USDMXN,44,2m,87,130,2025-06-04,2025-08-04,0.9509752991273605,0.03916129165025384,0.007895361041891442,0.9901365907776143,0.9980319518195058,1,2,0.8359332485944179,0.01479091664630401
USDMXN,44,2m,88,131,2025-06-05,2025-08-05,0.9502388211954194,0.03957115119985294,0.008226030685109933,0.9898099723952722,0.9980360030803822,1,3,0.8152377997100577,0.029165282110263487
USDMXN,44,2m,89,132,2025-06-06,2025-08-06,0.9507220378425428,0.03912489671859751,0.008224894115909464,0.9898469345611404,0.9980718286770498,1,3,0.7939779640812289,0.03039783822616155
USDMXN,44,2m,90,133,2025-06-09,2025-08-07,0.9508607671971646,0.039056720293382516,0.00821594954205389,0.9899174874905471,0.998133437032601,1,3,0.7781659840299419,0.021262789290973666
USDMXN,44,2m,91,134,2025-06-10,2025-08-08,0.9484790505412772,0.0410948691306802,0.008512119528280189,0.9895739196719574,0.9980860392002376,2,3,0.7618689067753881,0.0235412322326151
USDMXN,44,2m,92,135,2025-06-11,2025-08-11,0.9446363119615592,0.044310019086920664,0.00904095474187083,0.9889463310484798,0.9979872857903507,2,3,0.7577440488961729,0.016223443650517755
USDMXN,44,2m,93,136,2025-06-12,2025-08-12,0.9392476908877775,0.048869818152178265,0.009836103614149605,0.9881175090399558,0.9979536126541053,2,3,0.7612515300638898,0.011410443191580437
USDMXN,44,2m,94,137,2025-06-13,2025-08-13,0.9386275972635163,0.04910846074315714,0.010225951959699933,0.9877360580066734,0.9979620099663734,2,3,0.7491817143810525,0.022436652590898075
USDMXN,44,2m,95,138,2025-06-16,2025-08-14,0.9375110469883507,0.04964658012551056,0.010694486715019682,0.9871576271138613,0.997852113828881,2,3,0.7519937662119692,0.01561242080005756
USDMXN,44,2m,96,139,2025-06-17,2025-08-15,0.937282084221382,0.050166178865365764,0.010506757392345559,0.9874482630867478,0.9979550204790933,2,3,0.7666736849231226,0.031002319629935014
USDMXN,44,2m,97,140,2025-06-18,2025-08-18,0.9368796392811629,0.05045660825800529,0.01063890229104609,0.9873362475391682,0.9979751498302143,2,3,0.7727429031353295,0.018337710890997613
USDMXN,44,2m,98,141,2025-06-19,2025-08-19,0.9368207809129327,0.05112338643694709,0.010170597956443381,0.9879441673498799,0.9981147653063233,2,3,0.7986654265602591,0.04469691132427291
USDMXN,44,2m,99,142,2025-06-20,2025-08-20,0.9330770776238759,0.05371984980898381,0.011262970883293727,0.9867969274328597,0.9980598983161535,2,3,0.8132033470761494,0.03691847513308873
USDMXN,44,2m,100,143,2025-06-23,2025-08-21,0.9338856499121246,0.05312762402647814,0.011262187801870849,0.9870132739386028,0.9982754617404737,2,3,0.8316900428537654,0.03729778105838929
USDMXN,44,2m,101,144,2025-06-24,2025-08-22,0.9358775204176064,0.05166445525248446,0.011136692348544724,0.9875419756700908,0.9986786680186356,2,3,0.8336636128935756,0.034352132533111264
USDMXN,44,2m,102,145,2025-06-25,2025-08-25,0.9421236767801283,0.0464464474346693,0.010237639478896535,0.9885701242147976,0.9988077636936942,2,3,0.820070591296957,0.03604241339963571
USDMXN,44,2m,103,146,2025-06-26,2025-08-26,0.9475516997749571,0.04201776809168559,0.009375682722912813,0.9895694678666427,0.9989451505895556,2,3,0.8165653644520567,0.01291909838385972
USDMXN,44,2m,104,147,2025-06-27,2025-08-27,0.9509532935989877,0.03928070093076357,0.008796302327953733,0.9902339945297512,0.9990302968577051,1,2,0.8140394328645271,0.00947672528315921
USDMXN,44,2m,105,148,2025-06-30,2025-08-28,0.9545488685730317,0.036134887356471086,0.00841036501024934,0.9906837559295028,0.9990941209397521,1,2,0.8075704065056803,0.010717945863734101
USDMXN,44,2m,106,149,2025-07-01,2025-08-29,0.9564835658252194,0.03425646855497763,0.008339750638388835,0.9907400343801971,0.9990797850185859,1,2,0.8051793359591777,0.01731642945426587
USDMXN,44,2m,107,150,2025-07-02,2025-09-01,0.9589233627565604,0.03198382588657054,0.008156791422589958,0.990907188643131,0.999063980065721,1,2,0.8048370360595042,0.011089722954914099
USDMXN,44,2m,108,151,2025-07-03,2025-09-02,0.9619265222890278,0.029450153839200698,0.007720850059090211,0.9913766761282284,0.9990975261873186,1,2,0.8160449624825217,0.03607507346707302
USDMXN,44,2m,109,152,2025-07-04,2025-09-03,0.9635401816618785,0.02804634241059465,0.007576431478493146,0.9915865240724732,0.9991629555509662,1,2,0.8165923936914349,0.022929136158520564
USDMXN,44,2m,110,153,2025-07-07,2025-09-04,0.9661941316655207,0.025991103342584955,0.007046045343492116,0.9921852350081056,0.9992312803515978,1,2,0.812936318952599,0.017633080071898732
USDMXN,44,2m,111,154,2025-07-08,2025-09-05,0.966831223271955,0.025353821488868198,0.007055902132234045,0.9921850447608233,0.9992409468930573,1,2,0.8086837747194211,0.01687576124212538
USDMXN,44,2m,112,155,2025-07-09,2025-09-08,0.9678797142860236,0.02422249169683707,0.007131082083209225,0.9921022059828607,0.9992332880660699,1,2,0.8013029092236101,0.0293150461404668
USDMXN,44,2m,113,156,2025-07-10,2025-09-09,0.9696208851999254,0.023007174838557982,0.0066143246765913944,0.9926280600384834,0.9992423847150748,1,2,0.7909758495733938,0.022891097406843926
USDMXN,44,2m,114,157,2025-07-11,2025-09-10,0.9706203739135629,0.022562689204004813,0.006033224268266213,0.9931830631175678,0.9992162873858339,1,2,0.7516080468306318,0.058367896161085044
USDMXN,44,2m,115,158,2025-07-14,2025-09-11,0.9709971627672962,0.022698428339220075,0.005448489955505001,0.9936955911065163,0.9991440810620212,1,2,0.7139577916778208,0.06202501701857506
USDMXN,44,2m,116,159,2025-07-15,2025-09-12,0.9713312536228086,0.023035454152873325,0.004687577277308383,0.9943667077756819,0.9990542850529903,1,2,0.679968740896916,0.06639178887194193
USDMXN,44,2m,117,160,2025-07-16,2025-09-15,0.9722709939816722,0.022803581816706248,0.003923800457366851,0.9950745757983784,0.9989983762557453,1,2,0.6370566254751621,0.06616498303253829
USDMXN,44,2m,118,161,2025-07-17,2025-09-16,0.9729918192995727,0.0228729466279832,0.0030491309841440975,0.9958647659275559,0.9989138969117,1,2,0.5917332037536666,0.06428061369637453
USDMXN,44,2m,119,162,2025-07-18,2025-09-17,0.972741975962518,0.024032507117181696,0.0021278020013615474,0.9967744830796997,0.9989022850810613,1,2,0.4899482637926047,0.13887561390894732
USDMXN,44,2m,120,163,2025-07-21,2025-09-18,0.9716105465512689,0.025871109041165297,0.0015259580375657077,0.9974816555924342,0.9990076136299999,1,2,0.3668962390334119,0.33444562251721877
USDMXN,44,2m,121,164,2025-07-22,2025-09-19,0.9701202373263794,0.02813930137986015,0.0010937097938587164,0.9982595387062396,0.9993532485000983,1,2,0.6824849443137314,0.6259108971975652
USDMXN,44,2m,122,165,2025-07-23,2025-09-22,0.9663614035979728,0.031839470161205086,0.001090296773824436,0.9982008737591779,0.9992911705330023,1,2,0.6832693695442147,0.08242718761854674
USDMXN,44,2m,123,166,2025-07-24,2025-09-23,0.9622452496303616,0.03592459843814764,0.0010907521640944621,0.9981698480685093,0.9992606002326038,1,2,0.6795264174881043,0.09813163852674228
USDMXN,44,2m,124,167,2025-07-25,2025-09-24,0.9579082840607355,0.04026226076905109,0.001085248631883753,0.9981705448297865,0.9992557934616703,1,2,0.6875629019300242,0.06975686534221162
USDMXN,44,2m,125,168,2025-07-28,2025-09-25,0.9577770083477268,0.04038860295074455,0.0010939750339929789,0.9981656112984714,0.9992595863324644,1,2,0.7095653329237828,0.03595453033159122
USDMXN,44,2m,126,169,2025-07-29,2025-09-26,0.9591029974972011,0.03896624426414441,0.001168175547261734,0.9980692417613455,0.9992374173086073,1,2,0.7092185198939372,0.09914510901114361
USDMXN,44,2m,127,170,2025-07-30,2025-09-29,0.9587402795324382,0.03925954972941554,0.0012628375883111382,0.9979998292618538,0.999262666850165,1,2,0.7017334009570982,0.05648596907999602
USDMXN,44,2m,128,171,2025-07-31,2025-09-30,0.9628121941902235,0.03501095879178378,0.0014223737479106022,0.9978231529820072,0.9992455267299178,1,2,0.6823043281050712,0.08169293518439005
USDMXN,44,2m,129,172,2025-08-01,2025-10-01,0.9669433782025214,0.030775649798521126,0.0015411051910696623,0.9977190280010425,0.9992601331921122,1,2,0.6689503673183731,0.06428007641434628
USDMXN,44,2m,130,173,2025-08-04,2025-10-02,0.9658034652849768,0.031755635400349216,0.0017424917612465908,0.997559100685326,0.9993015924465727,1,2,0.6624914997496942,0.07887647490538807
USDMXN,44,2m,131,174,2025-08-05,2025-10-03,0.9655623456839895,0.031873967532049255,0.0019112479187689182,0.9974363132160388,0.9993475611348076,1,2,0.650307745027166,0.045591777117534205
USDMXN,44,2m,132,175,2025-08-06,2025-10-06,0.9656342512071849,0.031727209529104135,0.0019946749291841147,0.9973614607362891,0.9993561356654732,1,2,0.6435299940694998,0.05343237182719889
USDMXN,44,2m,133,176,2025-08-07,2025-10-07,0.9654280377128147,0.03188813118228874,0.0020548759462637287,0.9973161688951034,0.9993710448413672,1,2,0.6465698162117456,0.036112842668241975
USDMXN,44,2m,134,177,2025-08-08,2025-10-08,0.9648194364315141,0.03232065971517489,0.002220615130018841,0.997140096146689,0.9993607112767079,1,2,0.6570514239853255,0.047896629625195586
USDMXN,44,2m,135,178,2025-08-11,2025-10-09,0.9644053903311719,0.03253641180789719,0.002413419693328136,0.9969418021390691,0.9993552218323972,1,2,0.6733389833882323,0.03775594037596995
USDMXN,44,2m,136,179,2025-08-12,2025-10-10,0.9676038927169796,0.029539517267058984,0.002257793392256938,0.9971434099840385,0.9994012033762955,1,2,0.6823261948721464,0.032566579526815104
USDMXN,44,2m,137,180,2025-08-13,2025-10-13,0.96758760245577,0.029523774987944878,0.0022657096674293196,0.9971113774437149,0.9993770871111443,1,2,0.6845204739385525,0.01245834343597471
USDMXN,44,2m,138,181,2025-08-14,2025-10-14,0.9684718307927295,0.028691894259049236,0.0022016393875322745,0.9971637250517787,0.999365364439311,1,2,0.6778652205230953,0.015172960530919724
USDMXN,44,2m,139,182,2025-08-15,2025-10-15,0.9689308169620978,0.028154798891995583,0.0022314546433142603,0.9970856158540934,0.9993170704974077,1,2,0.6693010562061601,0.023625081377637774
USDMXN,44,2m,140,183,2025-08-18,2025-10-16,0.9682054427130653,0.028802497729692123,0.0022689001337304108,0.9970079404427574,0.9992768405764878,1,2,0.6738236460151301,0.015742908809713116
USDMXN,44,2m,141,184,2025-08-19,2025-10-17,0.9672111607158684,0.029830606339365195,0.0022145902029293766,0.9970417670552336,0.999256357258163,1,2,0.6705230433665469,0.019890530884582352
USDMXN,44,2m,142,185,2025-08-20,2025-10-20,0.9667755144456319,0.030345339709154453,0.0021136838121273522,0.9971208541547864,0.9992345379669137,1,2,0.6633347002454373,0.02339699933182943
USDMXN,44,2m,143,186,2025-08-21,2025-10-21,0.9675559924179247,0.02961871336621452,0.002051534621046963,0.9971747057841391,0.9992262404051862,1,2,0.67352019993642,0.03217823074878566
USDMXN,44,2m,144,187,2025-08-22,2025-10-22,0.9674302940019941,0.029709386547540326,0.0020727177893336583,0.9971396805495344,0.9992123983388681,1,2,0.6878699798953672,0.06167699068649047
USDMXN,44,2m,145,188,2025-08-25,2025-10-23,0.9682909791249571,0.02870720627935779,0.0021987926536877213,0.9969981854043148,0.9991969780580026,1,2,0.6998254747729505,0.047934705120444086
USDMXN,44,2m,146,189,2025-08-26,2025-10-24,0.9690526875687073,0.02784396067199092,0.0022558007510298057,0.9968966482406982,0.9991524489917281,1,2,0.7131843884400019,0.034170281438838476
USDMXN,44,2m,147,190,2025-08-27,2025-10-27,0.9691578118379968,0.027621822319260494,0.002296103661998837,0.9967796341572572,0.9990757378192561,1,2,0.7205697215310083,0.0391423514821022
USDMXN,44,2m,148,191,2025-08-28,2025-10-28,0.9696159021154748,0.026997558519759962,0.0023889272170084636,0.9966134606352347,0.9990023878522432,1,2,0.7164023167643165,0.07603943196273642
USDMXN,44,2m,149,192,2025-08-29,2025-10-29,0.9688992822734455,0.027328166906159208,0.00270606569876969,0.9962274491796047,0.9989335148783743,1,2,0.725502613242572,0.11522486360545758
USDMXN,44,2m,150,193,2025-09-01,2025-10-30,0.9680112398360206,0.02763045092971469,0.003266193000344811,0.9956416907657353,0.9989078837660801,1,2,0.7315677513324288,0.08290125653380609
USDMXN,44,2m,151,194,2025-09-02,2025-10-31,0.9664245008743649,0.028678472096035825,0.003786817129304288,0.9951029729704007,0.998889790099705,1,2,0.7339413107897594,0.054676211971479365
USDMXN,44,2m,152,195,2025-09-03,2025-11-03,0.9615914460990946,0.03283531851223665,0.004360416161274695,0.9944267646113313,0.998787180772606,1,2,0.7289450515560999,0.0357600155280044
USDMXN,44,2m,153,196,2025-09-04,2025-11-04,0.9619252562730608,0.0323613116688108,0.004409277106807333,0.9942865679418716,0.9986958450486789,1,2,0.7281767638070674,0.06120374219392422
USDMXN,44,2m,154,197,2025-09-05,2025-11-05,0.9598895161811654,0.03407257473537042,0.004569414192326408,0.9939620909165358,0.9985315051088622,1,2,0.7051664361126408,0.06987638782275467
USDMXN,44,2m,155,198,2025-09-08,2025-11-06,0.9601271545908582,0.03398464826716871,0.004371972297034459,0.9941118028580269,0.9984837751550614,1,2,0.69268709991073385,0.07415986488524658
USDMXN,44,2m,156,199,2025-09-09,2025-11-07,0.9602797949806295,0.033768328062543436,0.0043474572427802,0.994048123043173,0.9983955802859532,1,2,0.6540344593584304,0.1452630368620248
USDMXN,44,2m,157,200,2025-09-10,2025-11-10,0.9619094105970812,0.03202819456594786,0.004388344643065106,0.9939376051630291,0.9983259498060942,1,2,0.6569352552724929,0.09646757863794513
USDMXN,44,2m,158,201,2025-09-11,2025-11-11,0.9590031136641927,0.03419083355949688,0.004955344642712297,0.9931939472236896,0.9981492918664019,1,2,0.6462991519313681,0.07279945316725382
USDMXN,44,2m,159,202,2025-09-12,2025-11-12,0.9572257196776701,0.035292241091767575,0.005509379557589792,0.9925179607694377,0.9980273403270274,1,2,0.639917324067638,0.06144174002974523
USDMXN,44,2m,160,203,2025-09-15,2025-11-13,0.9561864420321375,0.0358554520374521,0.005988177588941553,0.9920418940695896,0.9980300716585312,1,2,0.6320374787073321,0.03101120005002008
USDMXN,44,2m,161,204,2025-09-16,2025-11-14,0.9539000248166093,0.03740211299240598,0.006682872294280507,0.9913021378090152,0.9979850101032958,1,2,0.6209169186859661,0.03735087771404943
USDMXN,44,2m,162,205,2025-09-17,2025-11-17,0.9548910586613454,0.03644468110180187,0.0066682143105824855,0.9913357397631473,0.9980039540737298,1,2,0.6113702185913773,0.049403913131637424
USDMXN,44,2m,163,206,2025-09-18,2025-11-18,0.9546775180092375,0.036925669731046676,0.0063798571591466985,0.9916031877402842,0.9979830448994309,1,2,0.6092127349251332,0.043832540987892896
USDMXN,44,2m,164,207,2025-09-19,2025-11-19,0.9553620175334356,0.03653489181104396,0.006000974591389714,0.9918969093444796,0.9978978839358693,1,2,0.6119908599087861,0.033902223904003666
USDMXN,44,2m,165,208,2025-09-22,2025-11-20,0.9558597297270975,0.036233374136923464,0.005782278096700431,0.992093103864021,0.9978753819607215,1,2,0.6113598819981689,0.0516912182333327
USDMXN,44,2m,166,209,2025-09-23,2025-11-21,0.9590998183740042,0.03364041547390385,0.005208448155983441,0.992740233847908,0.9979486820038914,1,2,0.611473014229266,0.053342053596067585
USDMXN,44,2m,167,210,2025-09-24,2025-11-24,0.9576232592331144,0.03534356473473292,0.00488922904653371,0.9929668239678473,0.9978560530143811,1,2,0.632216194479354,0.0868197398353078
USDMXN,44,2m,168,211,2025-09-25,2025-11-25,0.961390023580022,0.031926788735459934,0.004466259774288053,0.993316812315482,0.99778307208977,1,2,0.6632688171743325,0.11063943812580802
USDMXN,44,2m,169,212,2025-09-26,2025-11-26,0.96321536986891,0.03042242743879931,0.004212788063479935,0.9936377973077093,0.9978505853711892,1,2,0.6899262972611885,0.08256433796396302
USDMXN,44,2m,170,213,2025-09-29,2025-11-27,0.9619509477187215,0.03101126686418373,0.004813781513984858,0.9929622145829052,0.99777599609689,1,2,0.70299432589513,0.06915619245480202
USDMXN,44,2m,171,214,2025-09-30,2025-11-28,0.9631872806069398,0.029595260014737598,0.0050286736395529575,0.9927825406216774,0.9978112142612303,1,2,0.7020457036368468,0.046455608828767404
USDMXN,44,2m,172,215,2025-10-01,2025-12-01,0.9619678750428374,0.030670470929409985,0.005220409898077711,0.9926383459722474,0.9978587558703251,1,2,0.6841509087265774,0.04544551619709594
USDMXN,44,2m,173,216,2025-10-02,2025-12-02,0.9589885013995547,0.03321769725707168,0.005662168539870214,0.9922061986566264,0.9978683671964966,1,2,0.6541158669021215,0.057228325949694014
USDMXN,44,2m,174,217,2025-10-03,2025-12-03,0.9562725370707836,0.03576830426157817,0.005863785663569455,0.9920408413323618,0.9979046269959313,1,2,0.6247549560509398,0.05288732421607769
USDMXN,44,2m,175,218,2025-10-06,2025-12-04,0.9517895075163948,0.03990451518778606,0.006235171550973166,0.9916940227041808,0.997929194255154,1,2,0.5994349841233652,0.052714054350427725
USDMXN,44,2m,176,219,2025-10-07,2025-12-05,0.9443971977842787,0.04670548474560809,0.00674821375424852,0.9911026825298868,0.9978508962841353,2,2,0.5753064334358017,0.04113327829812287
USDMXN,44,2m,177,220,2025-10-08,2025-12-08,0.9394219799443942,0.05109573291762763,0.007215848650526708,0.9905177128620218,0.9977335615125486,2,2,0.5632273114447057,0.022214143152065872
USDMXN,44,2m,178,221,2025-10-09,2025-12-09,0.9359540490716152,0.054544811343013366,0.0073356814525285,0.9904988604146285,0.997834541867157,2,2,0.5506305015147942,0.027704850016375186
USDMXN,44,2m,179,222,2025-10-10,2025-12-10,0.9323182701494213,0.058158654038066276,0.007425350300538856,0.9904769241874876,0.9979022744880264,2,2,0.5402360925067611,0.02104282945425149
USDMXN,44,2m,180,223,2025-10-13,2025-12-11,0.9196917361516258,0.07032363487576189,0.007724454087736573,0.9900153710273877,0.9977398251151243,2,2,0.5459308821982282,0.04340414632797691
USDMXN,44,2m,181,224,2025-10-14,2025-12-12,0.9165327469710213,0.074891267788412,0.0064409542103981135,0.9914240147594333,0.9978649689698313,2,2,0.5528223172534267,0.03466429158452682
USDMXN,44,2m,182,225,2025-10-15,2025-12-15,0.9057867222659411,0.08668394443393473,0.005475113992665154,0.9924706666998759,0.997945780692541,2,2,0.6194111835681462,0.11971019232173356
USDMXN,44,2m,183,226,2025-10-16,2025-12-16,0.9090194196800183,0.08463566668771536,0.0044814544592553015,0.9936550863677337,0.998136540826989,2,2,0.689883046173838,0.10025253563628159
USDMXN,44,2m,184,227,2025-10-17,2025-12-17,0.9119468321224162,0.08309021503937043,0.0032029363473363532,0.9950370471617866,0.998239983509123,2,2,0.7846636312243928,0.13768448765962688
USDMXN,44,2m,185,228,2025-10-20,2025-12-18,0.9329955275227235,0.06303465222650059,0.0025316264274672967,0.9960301797492241,0.9985618061766914,2,2,0.7905753977301782,0.029222433172206748
USDMXN,44,2m,186,229,2025-10-21,2025-12-19,0.9522505279220245,0.04488525262485281,0.0018128274600989077,0.9971357805468772,0.9989486080069762,1,2,0.8329573861644051,0.06452992568520294
USDMXN,44,2m,187,230,2025-10-22,2025-12-22,0.963920269678429,0.0341400874310303,0.001158348635200933,0.9980603571094593,0.9992187057446603,1,2,0.8982932054042451,0.11344796663296439
USDMXN,44,2m,188,231,2025-10-23,2025-12-23,0.9678027291242569,0.030675893532822626,8.357542916771471e-4,0.9984786226570795,0.9993143769487567,1,2,0.9570878996253127,0.09053896777231868
USDMXN,44,2m,189,232,2025-10-24,2025-12-24,0.9701494814774353,0.028621566316039404,6.136628456589777e-4,0.9987710477934747,0.9993847106391337,1,2,1.0791758010395998,0.211794036652454
USDMXN,44,2m,190,233,2025-10-27,2025-12-25,0.9720749160195161,0.026919826554750646,4.678350585399981e-4,0.9989947425742668,0.9994625776328068,1,2,1.3011210512963771,0.4936255177299862
USDMXN,44,2m,191,234,2025-10-28,2025-12-26,0.9729406720817805,0.02617235994540249,4.007350326677815e-4,0.9991130320271829,0.9995137670598507,1,2,1.3899216291211145,0.32566733202957665
USDMXN,44,2m,192,235,2025-10-29,2025-12-29,0.9733869105083363,0.02575704383415577,3.7477964420427114e-4,0.999143954342492,0.9995187339866963,1,2,1.3884851555059616,0.08660970941383421
USDMXN,44,2m,193,236,2025-10-30,2025-12-30,0.9730283740025099,0.02613381107800385,3.593560533107564e-4,0.9991621850805137,0.9995215411338244,1,2,1.336949136463698,0.2609417752230546
USDMXN,44,2m,194,237,2025-10-31,2025-12-31,0.9729138651895514,0.026268361612829055,3.5978803167560094e-4,0.9991822268023804,0.999542014834056,1,2,1.2188016739144139,0.3464221391765193
USDMXN,44,2m,195,238,2025-11-03,2026-01-01,0.9725834853115867,0.02658041352537153,4.135294918252198e-4,0.9991638988369582,0.9995774283287834,1,2,1.1456316030432179,0.2082717177491271
USDMXN,44,2m,196,239,2025-11-04,2026-01-02,0.9711774285640551,0.02803556311240471,4.146427956627872e-4,0.9992129916764598,0.9996276344721226,1,2,1.1054543501329512,0.09566553566639999
USDMXN,44,2m,197,240,2025-11-05,2026-01-05,0.9694033842655911,0.02969872483365591,5.186064610745921e-4,0.999102109099247,0.9996207155603216,1,2,1.0682767677378826,0.19272255760594093
USDMXN,44,2m,198,241,2025-11-06,2026-01-06,0.9685532018723426,0.03048458791521711,5.863610550416263e-4,0.9990377897875597,0.9996241508426014,1,2,1.0540391406416478,0.13033280917271858
USDMXN,44,2m,199,242,2025-11-07,2026-01-07,0.9687078147312738,0.030281159399341846,6.629755382016797e-4,0.9989889741306156,0.9996519496688173,1,2,1.0376186106008276,0.1197154753545587
USDMXN,44,2m,200,243,2025-11-10,2026-01-08,0.969551321428332,0.029358462219533647,7.559997043573027e-4,0.9989097836478656,0.999665783352223,1,2,1.0212551229707536,0.03952409706337091
USDMXN,44,2m,201,244,2025-11-11,2026-01-09,0.9714579667566973,0.027323954520115826,8.788109695836101e-4,0.9987819212768131,0.9996607322463967,1,2,0.9961746121618285,0.05960149323738381
USDMXN,44,2m,202,245,2025-11-12,2026-01-12,0.9722007568740609,0.026236852269886347,0.0012246167352371734,0.9984376091439473,0.9996622258791844,1,2,0.9726716036824883,0.06684729822313352
USDMXN,44,2m,203,246,2025-11-13,2026-01-13,0.9723123015355639,0.025731083093551654,0.0016213581496782486,0.9980433846291156,0.9996647427787938,1,2,0.9280937855914342,0.07497821555604586
USDMXN,44,2m,204,247,2025-11-14,2026-01-14,0.973524502565388,0.024298315256974835,0.0018474505570343965,0.9978228178223628,0.9996702683793972,1,2,0.9168259019189963,0.04291559119171198
USDMXN,44,2m,205,248,2025-11-17,2026-01-15,0.9745026293327939,0.023145048730284737,0.0020252093034292128,0.9976476780630786,0.9996728873665078,1,2,0.9231851315079731,0.044192493416631
USDMXN,44,2m,206,249,2025-11-18,2026-01-16,0.9754990394006463,0.021954089881987396,0.0022054172502389106,0.9974531292826337,0.9996585465328726,1,2,0.9178365847436518,0.03230388588733481
USDMXN,44,2m,207,250,2025-11-19,2026-01-19,0.9774670598803918,0.019833407093286723,0.0023334015872325956,0.9973004669736786,0.9996338685609112,1,2,0.9210139785527485,0.04277129812063796
USDMXN,44,2m,208,251,2025-11-20,2026-01-20,0.9803164234352768,0.017034015869991606,0.002288644856414682,0.9973504393052685,0.9996390841616831,1,2,0.9309852194274206,0.04767351249526553
USDMXN,44,2m,209,252,2025-11-21,2026-01-21,0.9820524801255065,0.015333540044505595,0.002267797784143808,0.9973860201700121,0.9996538179541559,1,2,0.9310477159003229,0.03460733142987709
USDMXN,44,2m,210,253,2025-11-24,2026-01-22,0.9831180344952366,0.014343289051428218,0.002205910472826562,0.9974613235466648,0.9996672340194914,1,2,0.9240275725258718,0.055276997831948345
USDMXN,44,2m,211,254,2025-11-25,2026-01-23,0.9841573556649561,0.013622399602900338,0.0019330271192843384,0.9977797552678564,0.9997127823871408,1,2,0.9503102817901538,0.07636527427297572
USDMXN,44,2m,212,255,2025-11-26,2026-01-26,0.9860915483385849,0.01182949147495714,0.001771786151657986,0.9979210398135421,0.9996928259652,1,2,0.9713944927616761,0.05469764615456968
USDMXN,44,2m,213,256,2025-11-27,2026-01-27,0.9875572793671042,0.01066655324979543,0.0014813734963970327,0.9982238326168997,0.9997052061132967,1,2,0.9714694523601002,0.05883342465366558
USDMXN,44,2m,214,257,2025-11-28,2026-01-28,0.9892259979759006,0.00916005768481445,0.0013429776285868002,0.998386055660715,0.9997290332893018,1,2,0.9986871510957334,0.051216970671018026
USDMXN,44,2m,215,258,2025-12-01,2026-01-29,0.9913430637168057,0.0072769827339055964,0.0011201670981954264,0.9986200464507113,0.9997402135489067,1,1,1.0041750475978923,0.03228144850953489
USDMXN,44,2m,216,259,2025-12-02,2026-01-30,0.9931675492982535,0.005630830194759721,9.384893134594944e-4,0.9987983794930132,0.9997368688064727,1,1,0.9450311671540756,0.09025317274858667
USDMXN,44,2m,217,260,2025-12-03,2026-02-02,0.9925403191851229,0.0062735716763199605,8.729104334109813e-4,0.9988138908614428,0.9996868012948538,1,1,0.9190424661583227,0.08005766465596119
USDMXN,44,2m,218,261,2025-12-04,2026-02-03,0.9917985156170693,0.007064576926391173,8.14993623694964e-4,0.9988630925434605,0.9996780861671555,1,1,0.9145286710773328,0.035342099540908126
USDMXN,44,2m,219,262,2025-12-05,2026-02-04,0.9911420771030176,0.007855329092157708,7.127714572008502e-4,0.9989974061951753,0.9997101776523761,1,1,0.887874464536247,0.044200943184543186
USDMXN,44,2m,220,263,2025-12-08,2026-02-05,0.9914763832656028,0.0076214324983258416,6.346972030809996e-4,0.9990978157639286,0.9997325129670097,1,1,0.8412000297734119,0.07724756116253785
USDMXN,44,2m,221,264,2025-12-09,2026-02-06,0.9912871943379452,0.007890229323704765,5.674840636844315e-4,0.99917742366165,0.9997449077253344,1,1,0.8256867836195845,0.0384340147528254
USDMXN,44,2m,222,265,2025-12-10,2026-02-09,0.989926406272694,0.009307585233253132,5.160711335673167e-4,0.9992339915059472,0.9997500626395145,1,2,0.7693008639186664,0.09517045262014572
USDMXN,44,2m,223,266,2025-12-11,2026-02-10,0.9891563712165549,0.010123393056234456,4.7557708251162555e-4,0.9992797642727893,0.999755341355301,1,2,0.7368381702215474,0.062232075189818936
USDMXN,44,2m,224,267,2025-12-12,2026-02-11,0.9885717801910121,0.010752786391402995,4.409271474356483e-4,0.9993245665824151,0.9997654937298508,1,2,0.6929466444806549,0.07408612534102861
USDMXN,44,2m,225,268,2025-12-15,2026-02-12,0.9874583661910608,0.011904510213645735,4.12483871663917e-4,0.9993628764047064,0.9997753602763704,1,2,0.628929937401606,0.10930809185028698
USDMXN,44,2m,226,269,2025-12-16,2026-02-13,0.9864726390910846,0.012923300624911578,3.9267530633810754e-4,0.9993959397159962,0.9997886150223343,1,2,0.573525736544316,0.0932971315711923
USDMXN,44,2m,227,270,2025-12-17,2026-02-16,0.9851633222979184,0.01424752002229442,3.811267081370532e-4,0.9994108423202128,0.9997919690283499,1,2,0.5320349804290431,0.0798492878789169
USDMXN,44,2m,228,271,2025-12-18,2026-02-17,0.9836428619856155,0.015795979789201244,3.71332316627834e-4,0.9994388417748167,0.9998101740914446,1,2,0.4902025437683624,0.09832160740791224
USDMXN,44,2m,229,272,2025-12-19,2026-02-18,0.9823012538139665,0.01714256043945947,3.797167944794779e-4,0.999443814253426,0.9998235310479054,1,2,0.4653173600577894,0.07779161970111079
USDMXN,44,2m,230,273,2025-12-22,2026-02-19,0.9802184857761216,0.019193227797965343,3.9918988580120776e-4,0.999411713574087,0.9998109034598881,1,2,0.4483834532749996,0.0493075666163616
USDMXN,44,2m,231,274,2025-12-23,2026-02-20,0.9770814290456747,0.022281059028919175,4.248121815957903e-4,0.9993624880745939,0.9997873002561897,1,2,0.4340964543145639,0.040717211575047846
USDMXN,44,2m,232,275,2025-12-24,2026-02-23,0.9744667290689809,0.024834037913229523,4.6539171420118377e-4,0.9993007669822105,0.9997661586964116,1,2,0.4273883451186455,0.08777807559228398
USDMXN,44,2m,233,276,2025-12-25,2026-02-24,0.9706239428513042,0.028635029874071585,4.819926715607657e-4,0.9992589727253758,0.9997409653969365,1,2,0.4299829124464134,0.056028057571438354
USDMXN,44,2m,234,277,2025-12-26,2026-02-25,0.9677067385896388,0.031498827307546544,4.984534363935903e-4,0.9992055658971853,0.999704019333579,1,2,0.46968683182664,0.14934343985601176
USDMXN,44,2m,235,278,2025-12-29,2026-02-26,0.9649051846106098,0.03423684929073813,5.16238440967382e-4,0.9991420339013479,0.9996582723423153,1,2,0.5253324216275072,0.12470697448268192
USDMXN,44,2m,236,279,2025-12-30,2026-02-27,0.9620947730188936,0.03699616114139343,5.257895646748885e-4,0.999090934160287,0.9996167237249619,1,2,0.5570908223353442,0.06355048503317151
USDMXN,44,2m,237,280,2025-12-31,2026-03-02,0.9594206969556673,0.039544768337339956,6.057101100944498e-4,0.9989654652930073,0.9995711754031017,1,2,0.6855537575845838,0.19616258917956558
USDMXN,44,2m,238,281,2026-01-01,2026-03-03,0.96394036027323,0.034555835242925076,0.0011041520992845103,0.9984961955161551,0.9996003476154396,1,2,0.72374162140550935,0.27658721511482953
USDMXN,44,2m,239,282,2026-01-02,2026-03-04,0.962971062898982,0.03521527914236746,0.0014074935967519932,0.9981863420413495,0.9995938356381014,1,2,0.7793880053924455,0.085310777039868
USDMXN,44,2m,240,283,2026-01-05,2026-03-05,0.9677719673531049,0.0300217044995958,0.0018369240653349488,0.9977936718527007,0.9996305959180356,1,2,0.7862755934663629,0.06782330661386592
USDMXN,44,2m,241,284,2026-01-06,2026-03-06,0.9714658515603525,0.026013094953733225,0.002218502615205299,0.9974789465140858,0.999697449129291,1,2,0.790854482584945,0.06620734076805747
USDMXN,44,2m,242,285,2026-01-07,2026-03-09,0.9721714019487336,0.0247786792828944,0.0027798611300691124,0.9969500812316281,0.9997299423616971,1,2,0.7966969318298697,0.04155943966885077
USDMXN,44,2m,243,286,2026-01-08,2026-03-10,0.9714596605974639,0.024589359897145283,0.0036911774138700384,0.9960490204946092,0.9997401979084792,1,2,0.7923875556168768,0.02363793857906102
USDMXN,44,2m,244,287,2026-01-09,2026-03-11,0.9683793240451414,0.026684426806707955,0.004686861583527624,0.9950637508518493,0.999750612435377,1,2,0.7921922526569518,0.024781843931782014
USDMXN,44,2m,245,288,2026-01-12,2026-03-12,0.9632759905390644,0.03144695892740579,0.005049410059937292,0.9947229494664702,0.9997723595264075,1,2,0.7827059736875751,0.024958833174956
USDMXN,44,2m,246,289,2026-01-13,2026-03-13,0.9625876933672387,0.03196288322743485,0.0052289543475615525,0.9945505765946736,0.9997795309422352,1,2,0.7831667879362371,0.01640945048684655
USDMXN,44,2m,247,290,2026-01-14,2026-03-16,0.958534984507046,0.03483835525721871,0.00640744297769277,0.9933733397642647,0.9997807827419575,1,2,0.7780650049184685,0.020407832919165647
USDMXN,44,2m,248,291,2026-01-15,2026-03-17,0.9536513292394991,0.03872214971948765,0.007391938108878834,0.9923734789589868,0.9997654170678656,1,2,0.7744740170289195,0.019879038548875693
USDMXN,44,2m,249,292,2026-01-16,2026-03-18,0.9510217376490221,0.04036200130347705,0.00836113330610532,0.9913837389524991,0.9997448722586044,1,2,0.7598099416889593,0.023978052904151118
USDMXN,44,2m,250,293,2026-01-19,2026-03-19,0.9462734225954358,0.04430388803471577,0.009142918108935449,0.9905773106301515,0.9997202287390871,2,2,0.7517029150238967,0.01931091295955543
USDMXN,44,2m,251,294,2026-01-20,2026-03-20,0.9457412450438557,0.04443452232904329,0.009513798300332867,0.990175767372899,0.9996895656732319,2,2,0.7365758489218148,0.0249245283446748
USDMXN,44,2m,252,295,2026-01-21,2026-03-23,0.9434460144425509,0.04669371453592067,0.009525716967849842,0.9901397289784716,0.9996654459463215,2,2,0.7284593167826449,0.021733157303211084
USDMXN,44,2m,253,296,2026-01-22,2026-03-24,0.9368873281501255,0.05332588075608559,0.00943086040993843,0.9902132089062111,0.9996440693161496,2,2,0.7234170579320085,0.01691007855187844
USDMXN,44,2m,254,297,2026-01-23,2026-03-25,0.9343052580848316,0.05586509444436396,0.009442969504198328,0.9901703525291955,0.9996133220333938,2,2,0.7225591633990507,0.024926188498807254
USDMXN,44,2m,255,298,2026-01-26,2026-03-26,0.9317213563623908,0.059478592106184815,0.008398854004907272,0.9911999484685756,0.9995988024734829,2,2,0.727332491612698,0.017150767012122002
USDMXN,44,2m,256,299,2026-01-27,2026-03-27,0.9246407467132794,0.06794943284530557,0.006997942282226559,0.992590179558585,0.9995881218408116,2,2,0.7337857561784258,0.020713311232545408
USDMXN,66,3m,1,66,2025-02-04,2025-05-06,0.9936927462596946,0.0031124834096149957,0.002540589566704284,0.9968052296693096,0.9993458192360138,1,1,0.3711633121976801,NA
USDMXN,66,3m,2,67,2025-02-05,2025-05-07,0.9937030062328764,0.003104808272315776,0.0025442312454975443,0.9968078145051922,0.9993520457506898,1,1,0.37566066378603946,0.014352249183836832
USDMXN,66,3m,3,68,2025-02-06,2025-05-08,0.993900389325273,0.00294043345195636,0.0025296519420018276,0.9968408227772294,0.9993704747192312,1,1,0.38871974761056893,0.018887359709675065
USDMXN,66,3m,4,69,2025-02-07,2025-05-09,0.9939419934251261,0.0028783562064298163,0.0025620195436573834,0.996820349631556,0.9993823691752133,1,1,0.3923958815151117,0.00986117214081414
USDMXN,66,3m,5,70,2025-02-10,2025-05-12,0.993835867814813,0.002938677679158063,0.002616221184260489,0.996774545493971,0.9993907666782316,1,1,0.39521798888099574,0.008618783687880978
USDMXN,66,3m,6,71,2025-02-11,2025-05-13,0.9937018043682244,0.003116680291938055,0.0025812140253653744,0.9968184846601624,0.9993996986855278,1,1,0.40332636074232275,0.012945977036643519
USDMXN,66,3m,7,72,2025-02-12,2025-05-14,0.9935695523052276,0.003354764799425372,0.0024788914678860892,0.996924317104653,0.9994032085725391,1,1,0.41735149559717943,0.023239577424066835
USDMXN,66,3m,8,73,2025-02-13,2025-05-15,0.993404871130029,0.00350807450032375,0.0024821564593662062,0.9969129456303527,0.9993951020897189,1,1,0.42439622498796403,0.01027405330554251
USDMXN,66,3m,9,74,2025-02-14,2025-05-16,0.9932965770765573,0.0036008062346253667,0.00249042504098843,0.9968973833111826,0.9993878083521711,1,1,0.4254429854424591,0.016902469871661937
USDMXN,66,3m,10,75,2025-02-17,2025-05-19,0.9932143099417365,0.003674261715059638,0.0024992042845785913,0.9968885716567962,0.9993877759413747,1,1,0.4253482591556263,0.015556372339448543
USDMXN,66,3m,11,76,2025-02-18,2025-05-20,0.9931630562797201,0.0036083468109583765,0.002609934574808384,0.9967714030906785,0.9993813376654869,1,1,0.41178272827571866,0.030984225200950583
USDMXN,66,3m,12,77,2025-02-19,2025-05-21,0.9930581225990462,0.0036021704997561054,0.0027218920415397773,0.9966602930988023,0.9993821851403422,1,1,0.3968420451939234,0.03417541761457646
USDMXN,66,3m,13,78,2025-02-20,2025-05-22,0.9931302690328709,0.0035053673161761054,0.0027799536563354412,0.9966356363490471,0.9994155900053825,1,1,0.3957224112899843,0.047125353233662855
USDMXN,66,3m,14,79,2025-02-21,2025-05-23,0.9930490342819046,0.0035032327645046148,0.0028761830596785868,0.9965522670464092,0.9994284501060878,1,1,0.38717895525128654,0.03841684270544097
USDMXN,66,3m,15,80,2025-02-24,2025-05-26,0.9929506703888812,0.0035166371451319962,0.002970057412679838,0.9964673075340131,0.999437364946693,1,1,0.38093976761953297,0.035312882261897556
USDMXN,66,3m,16,81,2025-02-25,2025-05-27,0.9928726870306656,0.0035471190206317646,0.003026637813737101,0.9964198060512973,0.9994464438650345,1,1,0.3759500076796317,0.03603513463369217
USDMXN,66,3m,17,82,2025-02-26,2025-05-28,0.9925392615308941,0.003880533634833574,0.0030406238746752616,0.9964197951657277,0.999460419040403,1,1,0.3757460099637102,0.03667686560505158
USDMXN,66,3m,18,83,2025-02-27,2025-05-29,0.9928463422491904,0.003591022711862752,0.003035330597276376,0.9964373649610532,0.9994726955583295,1,1,0.3743086636852153,0.02917030257326355
USDMXN,66,3m,19,84,2025-02-28,2025-05-30,0.9927349949630877,0.003737355339706881,0.003011661236762845,0.9964723503027946,0.9994840115395575,1,1,0.3738748314835746,0.023060019292875197
USDMXN,66,3m,20,85,2025-03-03,2025-06-02,0.9923456598783841,0.004078885327764401,0.0030719935025106,0.9964245452061484,0.9994965387086591,1,1,0.37448747090892004,0.02798161202830468
USDMXN,66,3m,21,86,2025-03-04,2025-06-03,0.9922392375515184,0.004310643133309933,0.0029519674530290767,0.9965498806848284,0.9995018481378575,1,1,0.3800004839653676,0.040926145906435174
USDMXN,66,3m,22,87,2025-03-05,2025-06-04,0.9914401948005576,0.0049468708192580355,0.003107927859691348,0.9963870656198156,0.999494993479507,1,1,0.3833767268355897,0.014290409053759726
USDMXN,66,3m,23,88,2025-03-06,2025-06-05,0.9905581559272509,0.005687547744706147,0.003257100953241636,0.9962457036719571,0.9995028046251987,1,1,0.3902213295978379,0.021176112343434667
USDMXN,66,3m,24,89,2025-03-07,2025-06-06,0.9901616763814365,0.006093824615210162,0.003275983171387284,0.9962555009966466,0.999531484168034,1,1,0.396582578766527,0.01953185176978274
USDMXN,66,3m,25,90,2025-03-10,2025-06-09,0.9901525119615112,0.00615595434761801,0.0032543438411611614,0.9963084663091293,0.9995628101502904,1,1,0.40866985551435775,0.030159429029650863
USDMXN,66,3m,26,91,2025-03-11,2025-06-10,0.9902204634411674,0.006151326725956851,0.0032128173167435075,0.9963717901671243,0.9995846074838678,1,1,0.4133942283490563,0.022990132181677694
USDMXN,66,3m,27,92,2025-03-12,2025-06-11,0.9902222966543391,0.006186425767860263,0.0032081884162899503,0.9964087224221994,0.9996169108384894,1,1,0.4186783132897692,0.017274927186166047
USDMXN,66,3m,28,93,2025-03-13,2025-06-12,0.9900459705256965,0.006388088069479695,0.0032170797912744213,0.9964340585951762,0.9996511383864507,1,1,0.4229599214147978,0.015659548201949456
USDMXN,66,3m,29,94,2025-03-14,2025-06-13,0.989967937075322,0.006551253681951175,0.003178915868288779,0.9965191907572732,0.999698106625562,1,2,0.42883324986793003,0.022588078284053386
USDMXN,66,3m,30,95,2025-03-17,2025-06-16,0.9897809916142616,0.0067564219600795734,0.003192853129475159,0.9965374135743411,0.9997302667038164,1,2,0.42886291149852357,0.007696273176179961
USDMXN,66,3m,31,96,2025-03-18,2025-06-17,0.9896547487012436,0.006916473872588357,0.0031884066623381526,0.9965712225738319,0.9997596292361701,1,2,0.43007415469826865,0.00615198316486292
USDMXN,66,3m,32,97,2025-03-19,2025-06-18,0.9895366934348034,0.007085075983313366,0.0031752567997379217,0.9966217694181168,0.9997970262178547,1,2,0.4297531437945811,0.017739780827601102
USDMXN,66,3m,33,98,2025-03-20,2025-06-19,0.989428865581837,0.007209460766222748,0.003172250839979981,0.9966383263480597,0.9998105771880397,1,2,0.42994155312488924,0.0022650093617741186
USDMXN,66,3m,34,99,2025-03-21,2025-06-20,0.9893968921738273,0.007250395540478592,0.0031719106838477523,0.9966472877143059,0.9998191983981537,1,2,0.43019126640390193,0.003878481559470147
USDMXN,66,3m,35,100,2025-03-24,2025-06-23,0.9894068328125564,0.007209902025973639,0.0032055941297510766,0.99661673483853,0.999822328968281,1,2,0.4310881640797017,0.0079213197004444
USDMXN,66,3m,36,101,2025-03-25,2025-06-24,0.9893630367938442,0.007126330221849029,0.0033382902132058838,0.9964893670156932,0.9998276572288991,1,2,0.4321606625125228,0.01295576184229916
USDMXN,66,3m,37,102,2025-03-26,2025-06-25,0.9893936773596235,0.007097598934651987,0.003348484973568177,0.9964912762942755,0.9998397612678437,1,2,0.435381804882937,0.009861813972503956
USDMXN,66,3m,38,103,2025-03-27,2025-06-26,0.988993133205047,0.0074214857274662056,0.003437917617798698,0.9964146189325133,0.9998525365503119,1,2,0.4369136762963898,0.002789555703587507
USDMXN,66,3m,39,104,2025-03-28,2025-06-27,0.9882188205344669,0.008006822216631418,0.0036338126029319224,0.9962256427510983,0.9998594553540302,1,2,0.438765660124063,0.006960264560584751
USDMXN,66,3m,40,105,2025-03-31,2025-06-30,0.9875064734229049,0.008795187992069825,0.0035530951456860583,0.9963016614149747,0.9998547565606608,1,2,0.4425476142973527,0.02205237246753539
USDMXN,66,3m,41,106,2025-04-01,2025-07-01,0.9865326918511557,0.00969044255237498,0.0036260856491175286,0.9962231344035306,0.9998492200526482,1,2,0.44540987997016007,0.015982196444844356
USDMXN,66,3m,42,107,2025-04-02,2025-07-02,0.9852838598016196,0.010696755377394293,0.003867950340483167,0.9959806151790139,0.9998485655194971,1,2,0.4472367743728752,0.01015304205618402
USDMXN,66,3m,43,108,2025-04-03,2025-07-03,0.9840299246983892,0.011906458527265584,0.003909727870427911,0.9959363832256548,0.9998461110960827,1,2,0.45202240215148803,0.026104968538408234
USDMXN,66,3m,44,109,2025-04-04,2025-07-04,0.9835628714291021,0.012320216952802311,0.003969304742510435,0.9958830883819044,0.9998523931244149,1,2,0.4522304715928227,0.00723320719006198
USDMXN,66,3m,45,110,2025-04-07,2025-07-07,0.9813121396522225,0.014199415436922451,0.004322373794089913,0.995511555089145,0.9998339288832349,1,2,0.45546704535684074,0.013678156112906582
USDMXN,66,3m,46,111,2025-04-08,2025-07-08,0.9778348083718121,0.017019049469856457,0.0049384724304046565,0.9948538578416686,0.9997923302720733,1,2,0.45252127553585864,0.012690881554949645
USDMXN,66,3m,47,112,2025-04-09,2025-07-09,0.9746066988597174,0.01952757693073142,0.005615945433836238,0.9941342757904488,0.999750221224285,1,2,0.455421723430727,0.013799515166330696
USDMXN,66,3m,48,113,2025-04-10,2025-07-10,0.9639084356990939,0.02789261374065875,0.007818800823664455,0.9918010494397527,0.9996198502634172,1,2,0.4591599518152048,0.016836399073724733
USDMXN,66,3m,49,114,2025-04-11,2025-07-11,0.9480940957132843,0.03888913209462912,0.012405872993402966,0.9869832278079134,0.9993891008013164,2,3,0.46575198154529107,0.012723986018052304
USDMXN,66,3m,50,115,2025-04-14,2025-07-14,0.9402420957488512,0.040592400456320614,0.018299529240564612,0.9808344962051718,0.9991340254457364,2,3,0.47454925168457646,0.02044216171106835
USDMXN,66,3m,51,116,2025-04-15,2025-07-15,0.9451052521650817,0.03545327516197066,0.018547798755914172,0.9805585273270523,0.9991063260829665,2,3,0.4756029696017203,0.0081084187247575
USDMXN,66,3m,52,117,2025-04-16,2025-07-16,0.948763019937263,0.031937658682408054,0.018389794020244373,0.980700678619671,0.9990904726399154,2,3,0.47991649815907167,0.009354879757445625
USDMXN,66,3m,53,118,2025-04-17,2025-07-17,0.9461762521360888,0.03462316355192409,0.018196420192712177,0.9807994156880129,0.998995835880725,2,3,0.48540366692077297,0.017972053289365894
USDMXN,66,3m,54,119,2025-04-18,2025-07-18,0.9435536084375783,0.0363819083550663,0.018973177748782353,0.9799355167926446,0.998908694541427,2,3,0.4866042164349889,0.008540661848676167
USDMXN,66,3m,55,120,2025-04-21,2025-07-21,0.946640515471765,0.03403281853559284,0.018245203538693227,0.9806733340073578,0.9989185375460511,2,3,0.49099001603024356,0.012941039203624948
USDMXN,66,3m,56,121,2025-04-22,2025-07-22,0.9504127321167252,0.03158966998039163,0.016588798978385545,0.9820024020971168,0.9985912010755024,1,3,0.4637719367790208,0.0404718734464512
USDMXN,66,3m,57,122,2025-04-23,2025-07-23,0.9534062327972004,0.030461130070213303,0.01440924619003274,0.9838673628674137,0.9982766090574464,1,3,0.43262421575000837,0.049880881020137796
USDMXN,66,3m,58,123,2025-04-24,2025-07-24,0.9568314427737659,0.027694273705664817,0.013532541064391562,0.9845257164794307,0.9980582575438223,1,3,0.3944729879106195,0.06636748783448514
USDMXN,66,3m,59,124,2025-04-25,2025-07-25,0.9567875144703325,0.02678990353611791,0.014203441321890376,0.9835774180064504,0.9977808593283408,1,3,0.37503181239029904,0.04790663382947536
USDMXN,66,3m,60,125,2025-04-28,2025-07-28,0.9596163630325776,0.024189402594800496,0.013777276420488446,0.9838057656273781,0.9975830420478665,1,3,0.3544116013354894,0.05478031120776201
USDMXN,66,3m,61,126,2025-04-29,2025-07-29,0.9605198088740565,0.023804899332745384,0.013037275058768838,0.984324708206802,0.9973619832655708,1,3,0.33730181767921674,0.06181342265479422
USDMXN,66,3m,62,127,2025-04-30,2025-07-30,0.9581850077513278,0.026770093590534432,0.0122653877952657,0.9849551013418621,0.9972204891371279,1,3,0.3178401241932334,0.06131848120192542
USDMXN,66,3m,63,128,2025-05-01,2025-07-31,0.9547294288806478,0.030925000132525186,0.011480094227874132,0.985654429013173,0.9971345232410471,1,3,0.30175545817687516,0.04643369381858156
USDMXN,66,3m,64,129,2025-05-02,2025-08-01,0.9579419959295559,0.029281564007564688,0.009994067701649451,0.9872235599371205,0.99721762763877,1,3,0.2919570811379008,0.05870218814837448
USDMXN,66,3m,65,130,2025-05-05,2025-08-04,0.9594954766762044,0.028364885356025934,0.009435273554091303,0.9878603620322303,0.9972956355863216,1,3,0.2943489113562338,0.07498780029807965
USDMXN,66,3m,66,131,2025-05-06,2025-08-05,0.9603146648128428,0.028531205561252458,0.008583955701645425,0.9888458703740952,0.9974298260757407,1,3,0.32524957952691463,0.10504744527534662
USDMXN,66,3m,67,132,2025-05-07,2025-08-06,0.9610546136132916,0.028744399926121426,0.007799551549775704,0.989799013539413,0.9975985650891888,1,3,0.39013919888064713,0.1175350182702362
USDMXN,66,3m,68,133,2025-05-08,2025-08-07,0.9616428827255777,0.028845354142618913,0.007367258935127552,0.9904882368681966,0.9978554958033242,1,2,0.46299536798020835,0.10720331364361659
USDMXN,66,3m,69,134,2025-05-09,2025-08-08,0.9578042305851948,0.032013834207114567,0.00797737087320028,0.9898180647923094,0.9977954356655097,1,3,0.5046883568384606,0.055215587013502494
USDMXN,66,3m,70,135,2025-05-12,2025-08-11,0.9547533290014372,0.03444517093480257,0.008618992826348561,0.9891984999362398,0.9978174927625884,1,3,0.5245768992094243,0.03036572366272524
USDMXN,66,3m,71,136,2025-05-13,2025-08-12,0.9526293328174138,0.035817250890426554,0.009349721614100727,0.9884465837078403,0.9977963053219411,1,3,0.5244949552366697,0.019027053072765428
USDMXN,66,3m,72,137,2025-05-14,2025-08-13,0.9511671269149317,0.03642099621808707,0.010128335063313964,0.9875881231330187,0.9977164581963327,1,3,0.5216626803237201,0.02109264130306722
USDMXN,66,3m,73,138,2025-05-15,2025-08-14,0.9511227324870198,0.03635930158194768,0.010183699697130373,0.9874820340689675,0.9976657337660979,1,3,0.5258384607059461,0.01312132978751862
USDMXN,66,3m,74,139,2025-05-16,2025-08-15,0.9518211520183929,0.03547092013537904,0.010329672063063016,0.9872920721537719,0.9976217442168349,1,3,0.527790727185188,0.013857411257212989
USDMXN,66,3m,75,140,2025-05-19,2025-08-18,0.9524621778239115,0.03467219468862746,0.010434502796173152,0.987134372512539,0.9975688753087121,1,3,0.5314118760607239,0.016575430471973848
USDMXN,66,3m,76,141,2025-05-20,2025-08-19,0.9485426070398915,0.03753920216922515,0.01120747565532886,0.9860818092091166,0.9972892848644455,2,3,0.5339650274166258,0.01732231228545589
USDMXN,66,3m,77,142,2025-05-21,2025-08-20,0.9430160154803268,0.04170142318484921,0.012306746979863344,0.984717438665176,0.9970241856450394,2,3,0.540769248843841,0.01130005487147257
USDMXN,66,3m,78,143,2025-05-22,2025-08-21,0.9407200685671299,0.04351303073448874,0.012738474242419274,0.9842330993016186,0.9969715735440379,2,3,0.5555164830915181,0.020872752334534245
USDMXN,66,3m,79,144,2025-05-23,2025-08-22,0.9374800013955112,0.046638763942075924,0.012849763685726982,0.9841187653375871,0.9969685290233141,2,3,0.5711402285658601,0.02251625366468325
USDMXN,66,3m,80,145,2025-05-26,2025-08-25,0.9379892427556409,0.04721780508679778,0.01196948581000006,0.9852070478424386,0.9971765336524387,2,3,0.595683305070139,0.037499070796312046
USDMXN,66,3m,81,146,2025-05-27,2025-08-26,0.9411827024511785,0.045924396038227885,0.010431648761763211,0.9871070984894064,0.9975387472511696,2,3,0.6441542280023593,0.0649106860984671
USDMXN,66,3m,82,147,2025-05-28,2025-08-27,0.9421023214346165,0.046343481179871755,0.009314909264736581,0.9884458026144882,0.9977607118792248,2,3,0.6992395042571262,0.07334855410753378
USDMXN,66,3m,83,148,2025-05-29,2025-08-28,0.9454833560742261,0.04494774817485628,0.0076563524712559726,0.9904311042490823,0.9980874567203383,2,2,0.7859647258601047,0.11744282404273815
USDMXN,66,3m,84,149,2025-05-30,2025-08-29,0.9477461343358478,0.042592311162671426,0.007781110191124592,0.9903384454985191,0.9981195556896437,2,2,0.7800410387873934,0.024408892871403295
USDMXN,66,3m,85,150,2025-06-02,2025-09-01,0.9489509461742789,0.04138529194845754,0.007783905463043398,0.9903362381227364,0.9981201435857798,2,2,0.7788723866538271,0.013127534163300869
USDMXN,66,3m,86,151,2025-06-03,2025-09-02,0.9516518999541226,0.038951581250491134,0.007615961207437488,0.9906034812046137,0.9982194424120512,1,2,0.7805243951114019,0.022026504024272024
USDMXN,66,3m,87,152,2025-06-04,2025-09-03,0.9530556398210412,0.037489926063733935,0.007741383750279399,0.9905455658847752,0.9982869496350546,1,2,0.7748832718549757,0.022374410240947218
USDMXN,66,3m,88,153,2025-06-05,2025-09-04,0.9551293770822974,0.03559573432050055,0.007653042604202767,0.990725111402798,0.9983781540070007,1,2,0.7686784348692742,0.020275439141180813
USDMXN,66,3m,89,154,2025-06-06,2025-09-05,0.954941200946255,0.035607235806986846,0.007833685509135203,0.9905484367532419,0.9983821222623771,1,2,0.7577487573925451,0.021501830805356132
USDMXN,66,3m,90,155,2025-06-09,2025-09-08,0.9543662107121804,0.03581317870278708,0.008204709246048337,0.9901793894149675,0.9983840986610159,1,2,0.7454389513789359,0.024691925195052124
USDMXN,66,3m,91,156,2025-06-10,2025-09-09,0.9540423254843968,0.03606844754770892,0.008289356414257145,0.9901107730321057,0.9984001294463629,1,2,0.7344919759928822,0.016612494492128052
USDMXN,66,3m,92,157,2025-06-11,2025-09-10,0.9537403679973192,0.035809218341842565,0.008844964053698726,0.9895495863391618,0.9983945503928605,1,3,0.7100759475558385,0.033467304599054996
USDMXN,66,3m,93,158,2025-06-12,2025-09-11,0.9524698256007288,0.03618924739169713,0.009701162581395348,0.988659072992426,0.9983602355738213,1,3,0.6885451105231278,0.032270554573833425
USDMXN,66,3m,94,159,2025-06-13,2025-09-12,0.952368247132517,0.035747306319349775,0.010200286552397003,0.9881155534518667,0.9983158400042638,1,3,0.6588260749929105,0.04075378621533196
USDMXN,66,3m,95,160,2025-06-16,2025-09-15,0.9522995609583076,0.03522351501138115,0.010746611708070722,0.9875230759696887,0.9982696876777595,1,3,0.6424113092044682,0.02421246290326894
USDMXN,66,3m,96,161,2025-06-17,2025-09-16,0.9520355007626983,0.03584822124045479,0.010354901272726931,0.9878837220031531,0.99823862327588,1,3,0.6440709902965922,0.017735168352559692
USDMXN,66,3m,97,162,2025-06-18,2025-09-17,0.951299647428543,0.03608361844115666,0.010835928893240851,0.9873832658696997,0.9982191947629405,1,3,0.6420725292609759,0.01927778810400599
USDMXN,66,3m,98,163,2025-06-19,2025-09-18,0.9503147267772353,0.036811028524901014,0.01110454856763803,0.9871257553021363,0.9982303038697743,1,3,0.6474064009760986,0.02223240649402001
USDMXN,66,3m,99,164,2025-06-20,2025-09-19,0.9476251888519315,0.038644976467147873,0.011890473712717424,0.9862701653190793,0.9981606390317967,2,3,0.6518573689872075,0.019865284778009158
USDMXN,66,3m,100,165,2025-06-23,2025-09-22,0.9470690850903842,0.03907591347114099,0.012068030285055332,0.9861449985615253,0.9982130288465806,2,3,0.6606649242802607,0.02577457726509665
USDMXN,66,3m,101,166,2025-06-24,2025-09-23,0.9485469500874231,0.03776456105007092,0.012086740893840195,0.986311511137494,0.9983982520313341,2,3,0.6751800337764521,0.03731686883445321
USDMXN,66,3m,102,167,2025-06-25,2025-09-24,0.9498365733170122,0.036092900359513444,0.01253849943284235,0.9859294736765256,0.998467973109368,2,3,0.6721349548228608,0.03205795199306984
USDMXN,66,3m,103,168,2025-06-26,2025-09-25,0.951206563925212,0.034952960062879845,0.012327700818072922,0.9861595239880918,0.9984872248061647,1,3,0.6687385021605892,0.013965582120455653
USDMXN,66,3m,104,169,2025-06-27,2025-09-26,0.9532111259030915,0.03363010879359062,0.011654472338175684,0.9868412346966822,0.9984957070348578,1,3,0.661226409808022,0.011135931722946113
USDMXN,66,3m,105,170,2025-06-30,2025-09-29,0.9533296765133866,0.0337708758945436,0.011358720469367978,0.9871005524079303,0.9984592728772982,1,3,0.6540105189242045,0.011950948694045005
USDMXN,66,3m,106,171,2025-07-01,2025-09-30,0.953960755636103,0.03337003802773949,0.011108029281561826,0.9873307936638426,0.9984388229454043,1,3,0.650156735705631,0.011178756656289585
USDMXN,66,3m,107,172,2025-07-02,2025-10-01,0.9546221703286113,0.032901202164726945,0.010878601340199858,0.9875233724933382,0.9984019738335381,1,3,0.6405841984789009,0.01508979366191305
USDMXN,66,3m,108,173,2025-07-03,2025-10-02,0.9546861909380249,0.033063221149223554,0.010618980415044344,0.9877494120872484,0.9983683925022928,1,3,0.6315738208288166,0.012858618061128363
USDMXN,66,3m,109,174,2025-07-04,2025-10-03,0.9540265907625602,0.03377935006998107,0.01054541507795676,0.9878059408325414,0.9983513559104981,1,3,0.6144102209722074,0.027898069318958076
USDMXN,66,3m,110,175,2025-07-07,2025-10-06,0.955011986525268,0.03319998575019801,0.010146283100300219,0.988211972275466,0.9983582553757662,1,3,0.5936334119236438,0.029894394051840564
USDMXN,66,3m,111,176,2025-07-08,2025-10-07,0.9566085012299088,0.03231141602861278,0.009460946056489197,0.9889199172585216,0.9983808633150107,1,3,0.579803957842352,0.020627115844422013
USDMXN,66,3m,112,177,2025-07-09,2025-10-08,0.957910787668092,0.03159119814861872,0.008856370762571912,0.9895019858167108,0.9983583565792826,1,3,0.5664900971948476,0.032800936940518034
USDMXN,66,3m,113,178,2025-07-10,2025-10-09,0.9582924100187965,0.0317531055961609,0.008284673254681758,0.9900455156149575,0.9983301888696392,1,2,0.5513212636307054,0.037356812075349084
USDMXN,66,3m,114,179,2025-07-11,2025-10-10,0.9612228845619081,0.030063744917361163,0.007163909507646925,0.9912866294792693,0.9984505389869162,1,2,0.5404934948584372,0.035373203183019154
USDMXN,66,3m,115,180,2025-07-14,2025-10-13,0.9617500053498438,0.030250719392827603,0.00646381192850367,0.9920007247426714,0.9984645366711751,1,2,0.5304753073902422,0.038597503405627336
USDMXN,66,3m,116,181,2025-07-15,2025-10-14,0.9635123321309875,0.029481201914169513,0.005499423744729152,0.992993534045157,0.9984929577898862,1,2,0.5228576927614681,0.045433439154307774
USDMXN,66,3m,117,182,2025-07-16,2025-10-15,0.9642185311032422,0.02964383314075478,0.004624720880393144,0.993862364243997,0.9984870851243901,1,2,0.5066384843323889,0.05464097558869187
USDMXN,66,3m,118,183,2025-07-17,2025-10-16,0.9646220050937093,0.030014499173855836,0.003888095202305186,0.9946365042675651,0.9985245994698704,1,2,0.49157262052313827,0.09236506361177213
USDMXN,66,3m,119,184,2025-07-18,2025-10-17,0.9638174150342728,0.03175198669981081,0.003062905775678356,0.9955694017340836,0.998632307509762,1,2,0.4906126097265195,0.16035590549087367
USDMXN,66,3m,120,185,2025-07-21,2025-10-20,0.963555046069543,0.03273133529414798,0.0025372905121621068,0.996286381363691,0.9988236718758531,1,2,0.5481586144434458,0.20864504838953418
USDMXN,66,3m,121,186,2025-07-22,2025-10-21,0.9633116703139528,0.033659821231734645,0.002161140577094876,0.9969714915456874,0.9991326321227824,1,2,0.7223724813229007,0.3006139485620093
USDMXN,66,3m,122,187,2025-07-23,2025-10-22,0.960994548861466,0.03586617985818107,0.002219585004985025,0.996860728719647,0.999080313724632,1,2,0.7285461433232809,0.04435329829549679
USDMXN,66,3m,123,188,2025-07-24,2025-10-23,0.9587039019209918,0.037999541727130985,0.0023392111336246716,0.9967034436481227,0.9990426547817474,1,2,0.7357333948889445,0.051828152782147696
USDMXN,66,3m,124,189,2025-07-25,2025-10-24,0.9575956088984823,0.03896958256644274,0.0024549141533871297,0.9965651914649251,0.9990201056183121,1,2,0.7506623136832224,0.04318584556549124
USDMXN,66,3m,125,190,2025-07-28,2025-10-27,0.9575968920389858,0.0388195722657133,0.002604556330756453,0.9964164643046991,0.9990210206354555,1,2,0.76014928635937,0.03786986803365701
USDMXN,66,3m,126,191,2025-07-29,2025-10-28,0.9570186020451394,0.03916139751822854,0.002814851653232473,0.996179999563368,0.9989948512166005,1,2,0.7499071529916249,0.059943193241911656
USDMXN,66,3m,127,192,2025-07-30,2025-10-29,0.9563492768355852,0.03950442650636474,0.00315878721754818,0.99585370334195,0.9990124905594981,1,2,0.7504276651516408,0.07840806380868462
USDMXN,66,3m,128,193,2025-07-31,2025-10-30,0.9580313671262773,0.03744985367108822,0.0034707282949835946,0.9954812207973656,0.9989519490923492,1,2,0.744490340694725,0.05311040418626403
USDMXN,66,3m,129,194,2025-08-01,2025-10-31,0.9596271950672328,0.03569604595784278,0.003594781601814241,0.9953232410250756,0.9989180226268899,1,2,0.737252858063816,0.04320515361723516
USDMXN,66,3m,130,195,2025-08-04,2025-11-03,0.9568771419141556,0.03815458630100018,0.003849198619757982,0.9950317282151558,0.9988809268349138,1,2,0.7341699550223691,0.02301891308818558
USDMXN,66,3m,131,196,2025-08-05,2025-11-04,0.9596496068504677,0.03544869557068077,0.0037735975576122377,0.9950983024211485,0.9988718999787607,1,2,0.7347027716766985,0.043607530766808705
USDMXN,66,3m,132,197,2025-08-06,2025-11-05,0.9603898267886142,0.03461982964505224,0.0038443398439263823,0.9950096564336665,0.9988539962775927,1,2,0.7315672191438843,0.03185998342120719
USDMXN,66,3m,133,198,2025-08-07,2025-11-06,0.9599778987415328,0.034781481211614215,0.0040416195625487825,0.994759379953147,0.9988009995156958,1,2,0.7312952841405664,0.02995204268191679
USDMXN,66,3m,134,199,2025-08-08,2025-11-07,0.9595092565403904,0.03480388715861811,0.004351751086854809,0.9943131436990086,0.9986648947858634,1,2,0.7015167320802211,0.06306786583197319
USDMXN,66,3m,135,200,2025-08-11,2025-11-10,0.9608163702018954,0.0333829690336944,0.004405781726212623,0.9941993392355898,0.9986051209618024,1,2,0.6835927116616165,0.04808138875580353
USDMXN,66,3m,136,201,2025-08-12,2025-11-11,0.9612314181142136,0.032696742556084936,0.004608506769941614,0.9939281606702985,0.9985366674402402,1,2,0.660708993661449,0.04930355033703549
USDMXN,66,3m,137,202,2025-08-13,2025-11-12,0.961069177138961,0.032534951120972336,0.004863837471477589,0.9936041282599334,0.998467965731411,1,2,0.6435443095519102,0.04707083946465927
USDMXN,66,3m,138,203,2025-08-14,2025-11-13,0.9609002002038648,0.03246591116651696,0.005086355405207298,0.9933661113703818,0.9984524667755891,1,2,0.6262017614922413,0.03320119374611368
USDMXN,66,3m,139,204,2025-08-15,2025-11-14,0.9611603666850125,0.03189380030315002,0.005351937565784944,0.9930541669881625,0.9984061045539474,1,2,0.6098357408588164,0.03626483261474509
USDMXN,66,3m,140,205,2025-08-18,2025-11-17,0.9613581615067004,0.03172086945027083,0.005291792511412757,0.9930790309569713,0.998370823468384,1,2,0.6040997218366375,0.021952633695101628
USDMXN,66,3m,141,206,2025-08-19,2025-11-18,0.9617179053450229,0.03139726521363084,0.00521313921035824,0.9931151705586537,0.998328309769012,1,2,0.600804367880443,0.023102774015261878
USDMXN,66,3m,142,207,2025-08-20,2025-11-19,0.9621488037947198,0.031028857248381725,0.005125489936823841,0.9931776610431016,0.9983031509799254,1,2,0.6018957160869879,0.031822140341349406
USDMXN,66,3m,143,208,2025-08-21,2025-11-20,0.9628423878833532,0.030232121915200756,0.0052310117821371,0.9930745097985539,0.9983055215806911,1,2,0.6021326672886228,0.042397613777399146
USDMXN,66,3m,144,209,2025-08-22,2025-11-21,0.9644479240629416,0.028750531082577996,0.005134610060519939,0.9931984551455195,0.9983330652060395,1,2,0.6055910252344616,0.045116944252773156
USDMXN,66,3m,145,210,2025-08-25,2025-11-24,0.9648199740054348,0.028190302449563293,0.005289311142486041,0.9930102764549982,0.9982995875974842,1,2,0.6056351394254708,0.03212221417650212
USDMXN,66,3m,146,211,2025-08-26,2025-11-25,0.9659215671292855,0.02679296875262449,0.005456795338388121,0.9927145358819099,0.9981713312202981,1,2,0.6052341410239166,0.06062311518977183
USDMXN,66,3m,147,212,2025-08-27,2025-11-26,0.9663613626236202,0.026118705691098153,0.005585832529231452,0.9924800683147184,0.9980659008439497,1,2,0.6132356520733175,0.057672199010231476
USDMXN,66,3m,148,213,2025-08-28,2025-11-27,0.9660299415572685,0.026136639284190192,0.005777354346783207,0.9921665808414587,0.9979439351882419,1,2,0.6259462322935628,0.056512010301342924
USDMXN,66,3m,149,214,2025-08-29,2025-11-28,0.9648805259905194,0.02705562842546535,0.0059165905716574135,0.9919361544159848,0.9978527449876422,1,2,0.6402710237921392,0.0499620002790834
USDMXN,66,3m,150,215,2025-09-01,2025-12-01,0.9642077581552376,0.027612360872696525,0.006015598888904859,0.9918201190279341,0.997835717916839,1,2,0.6369493603557728,0.03401764704140058
USDMXN,66,3m,151,216,2025-09-02,2025-12-02,0.9624567993813637,0.029087168131579955,0.0062578516876850175,0.9915439675129437,0.9978018192006287,1,2,0.6363189928040068,0.03349073385300631
USDMXN,66,3m,152,217,2025-09-03,2025-12-03,0.9575822180945848,0.033393110001737614,0.006752640669369168,0.9909753280963224,0.9977279687656916,1,2,0.6328320698291479,0.031235030731415564
USDMXN,66,3m,153,218,2025-09-04,2025-12-04,0.9511158301512834,0.039253876289093347,0.007274832380443798,0.9903697064403768,0.9976445388208206,1,2,0.6308834509181763,0.02555840692595026
USDMXN,66,3m,154,219,2025-09-05,2025-12-05,0.9422571629742541,0.04726761295070314,0.008014080953885089,0.9895247759249572,0.9975388568788424,2,3,0.6294944460530568,0.023534034908472386
USDMXN,66,3m,155,220,2025-09-08,2025-12-08,0.9388425894156032,0.05072939384052689,0.008018797714418513,0.98957198325613,0.9975907809705485,2,3,0.6349237188805515,0.02731018972925932
USDMXN,66,3m,156,221,2025-09-09,2025-12-09,0.9387554651961116,0.05140552069049325,0.007625770964178271,0.9901609858866048,0.9977867568507831,2,2,0.6391503800642437,0.03017798434549932
USDMXN,66,3m,157,222,2025-09-10,2025-12-10,0.9345906678853986,0.055728512734012255,0.007433314732552682,0.9903191806194108,0.9977524953519635,2,2,0.6504484643282965,0.026014103883908967
USDMXN,66,3m,158,223,2025-09-11,2025-12-11,0.9281343914294133,0.061952583472265656,0.007608906117712745,0.990086974901679,0.9976958810193918,2,2,0.6483981390795046,0.011069535900887634
USDMXN,66,3m,159,224,2025-09-12,2025-12-12,0.9250736515252836,0.06519276443146721,0.007469751436719359,0.9902664159567509,0.9977361673934703,2,2,0.6432392526140325,0.011088578082617907
USDMXN,66,3m,160,225,2025-09-15,2025-12-15,0.9182735299987395,0.07195847936165566,0.007485781185875174,0.9902320093603951,0.9977177905462703,2,2,0.6378731372831608,0.0166274120982047
USDMXN,66,3m,161,226,2025-09-16,2025-12-16,0.9142500289544384,0.0762077744463545,0.007309274294281684,0.9904578034007929,0.9977670776950746,2,2,0.6316026667207912,0.019178291639831164
USDMXN,66,3m,162,227,2025-09-17,2025-12-17,0.9125356492461114,0.0785970012959973,0.006712778360243865,0.9911326505421088,0.9978454289023526,2,2,0.6124752540585372,0.040895343335446574
USDMXN,66,3m,163,228,2025-09-18,2025-12-18,0.924978901734832,0.06756332130458147,0.005621830089412709,0.9925422230394134,0.9981640531288262,2,2,0.606744975361858,0.015485453036320719
USDMXN,66,3m,164,229,2025-09-19,2025-12-19,0.9383400649341574,0.05579107101179649,0.0044337148742305795,0.9941311359459539,0.9985648508201845,2,2,0.6106090087640942,0.02451899803696027
USDMXN,66,3m,165,230,2025-09-22,2025-12-22,0.9502643984540327,0.04515713396648368,0.0034544593719847564,0.9954215324205163,0.9988759917925011,1,2,0.6107954402450437,0.014930330430810452
USDMXN,66,3m,166,231,2025-09-23,2025-12-23,0.9551008339929021,0.04085601629672742,0.003046325197086675,0.9959568502896295,0.9990031754867162,1,2,0.6121027269613042,0.017512397978967382
USDMXN,66,3m,167,232,2025-09-24,2025-12-24,0.958913387684219,0.0374271706607566,0.0027481152151771376,0.9963405583449756,0.9990886735601527,1,2,0.6146975643714275,0.017006415591361564
USDMXN,66,3m,168,233,2025-09-25,2025-12-25,0.9629033436498883,0.0336845026309786,0.002558599441805827,0.9965878462808668,0.9991464457226727,1,2,0.6146200434858906,0.011470367768287928
USDMXN,66,3m,169,234,2025-09-26,2025-12-26,0.9634983658995525,0.03332056561239516,0.00236228076284207,0.9968189315119477,0.9991812122747897,1,2,0.6116599867239927,0.015505308074002962
USDMXN,66,3m,170,235,2025-09-29,2025-12-29,0.9630440179560298,0.033868413645858804,0.0022713275922184306,0.9969124316018886,0.9991837591941071,1,2,0.5959568464298637,0.02929401667011544
USDMXN,66,3m,171,236,2025-09-30,2025-12-30,0.9630014512615396,0.03408913875922605,0.0021025620759679248,0.9970905900207656,0.9991931520967335,1,2,0.5815999081849837,0.03411105709561714
USDMXN,66,3m,172,237,2025-10-01,2025-12-31,0.9630331365177298,0.03413744226664663,0.0020316756033767645,0.9971705787843764,0.9992022543877532,1,2,0.570450295905578,0.023369603947228503
USDMXN,66,3m,173,238,2025-10-02,2026-01-01,0.9622705839702071,0.03488659209875323,0.0020234168674071024,0.9971571760689604,0.9991805929363675,1,2,0.55356605225816,0.038690479453852386
USDMXN,66,3m,174,239,2025-10-03,2026-01-02,0.9586871191159594,0.03849335253191376,0.001999064603984231,0.9971804716478732,0.9991795362518574,1,2,0.5380357268344682,0.028810311442081325
USDMXN,66,3m,175,240,2025-10-06,2026-01-05,0.9590853893185748,0.037974481868071924,0.002096578152324176,0.9970598711866467,0.9991564493389709,1,2,0.5398127351027944,0.057256824320002356
USDMXN,66,3m,176,241,2025-10-07,2026-01-06,0.9600749853963608,0.03685784989141951,0.002210422362393748,0.9969328352877803,0.9991432576501741,1,2,0.5370563878773411,0.05656493668790111
USDMXN,66,3m,177,242,2025-10-08,2026-01-07,0.9612734089808741,0.03548222530054466,0.002369776110911432,0.9967556342814188,0.9991254103923302,1,2,0.5434803521792707,0.06439362269602096
USDMXN,66,3m,178,243,2025-10-09,2026-01-08,0.9619268226594889,0.03473548140320347,0.0024687408426135797,0.9966623040626924,0.999131044905306,1,2,0.5497675154258963,0.045454088962622624
USDMXN,66,3m,179,244,2025-10-10,2026-01-09,0.9622117953589105,0.034324105115261384,0.0025988507541048894,0.996535900474172,0.9991347512282768,1,2,0.5544840827894656,0.041019090354853065
USDMXN,66,3m,180,245,2025-10-13,2026-01-12,0.9611005818906081,0.03523792680063006,0.0027306262515337932,0.9963385086912382,0.9990691349427719,1,2,0.6101856909662892,0.12038683225771744
USDMXN,66,3m,181,246,2025-10-14,2026-01-13,0.9605444701158222,0.03557329843410738,0.00295809803913241,0.9961177685499296,0.999075866589062,1,2,0.6639552106810942,0.10731884009971555
USDMXN,66,3m,182,247,2025-10-15,2026-01-14,0.9598620287515818,0.03628707470681673,0.002971053857130336,0.9961491034583985,0.9991201573155288,1,2,0.7336146826389509,0.11275557397489469
USDMXN,66,3m,183,248,2025-10-16,2026-01-15,0.9596937288211128,0.036479638804666203,0.0029955143880605766,0.996173367625779,0.9991688820138396,1,2,0.7897686912969493,0.08843126787285101
USDMXN,66,3m,184,249,2025-10-17,2026-01-16,0.9592093868227614,0.03718334295158079,0.0028353174917747047,0.9963927297743421,0.9992280472661168,1,2,0.8406015035192016,0.08950294578469421
USDMXN,66,3m,185,250,2025-10-20,2026-01-19,0.9596877135638994,0.036594434203798286,0.002943843482599947,0.9962821477676976,0.9992259912502977,1,2,0.84858714798853,0.036725415435218046
USDMXN,66,3m,186,251,2025-10-21,2026-01-20,0.9615514818454483,0.03478509385480386,0.0029038270180576963,0.9963365757002521,0.9992404027183098,1,2,0.856306203859343,0.02925419253836978
USDMXN,66,3m,187,252,2025-10-22,2026-01-21,0.96204880723806,0.034343644921296844,0.002882878034732106,0.9963924521593568,0.9992753301940889,1,2,0.8762413974601763,0.05544531164121147
USDMXN,66,3m,188,253,2025-10-23,2026-01-22,0.9624449519662766,0.034051639140041674,0.0028105416065305625,0.9964965911063183,0.9993071327128488,1,2,0.8855526936553415,0.05046304626301283
USDMXN,66,3m,189,254,2025-10-24,2026-01-23,0.9619900722937873,0.03478248403165822,0.0025668635899271995,0.9967725563254455,0.9993394199153727,1,2,0.9026257653587676,0.04988548988182847
USDMXN,66,3m,190,255,2025-10-27,2026-01-26,0.9619880626714967,0.035078939993754575,0.002281896541779232,0.9970670026652513,0.9993488992070305,1,2,0.9237829447005744,0.05551822855527756
USDMXN,66,3m,191,256,2025-10-28,2026-01-27,0.9634321520569663,0.033955660798254315,0.0020078581471207092,0.9973878128552206,0.9993956710023413,1,2,0.9095810669524013,0.04357796731291143
USDMXN,66,3m,192,257,2025-10-29,2026-01-28,0.9658564029187097,0.031655950309785866,0.0019158926526648776,0.9975123532284955,0.9994282458811604,1,2,0.9132431958193508,0.02567530794519565
USDMXN,66,3m,193,258,2025-10-30,2026-01-29,0.9697944415142067,0.027983095197791304,0.0016989531581128882,0.997777536711998,0.9994764898701108,1,2,0.9045258355511784,0.021017783792165616
USDMXN,66,3m,194,259,2025-10-31,2026-01-30,0.9754154857339987,0.022647215373803282,0.0014737845568016373,0.998062701107802,0.9995364856646036,1,2,0.8522961623780746,0.07671644025774195
USDMXN,66,3m,195,260,2025-11-03,2026-02-02,0.9769435339550694,0.021114452387722173,0.0014759219908479343,0.9980579863427915,0.9995339083336395,1,2,0.8863256490644548,0.04948722569880118
USDMXN,66,3m,196,261,2025-11-04,2026-02-03,0.978491107554443,0.019530957886090914,0.0015392138922599096,0.998022065440534,0.9995612793327938,1,2,0.9063207102755357,0.04050726454565255
USDMXN,66,3m,197,262,2025-11-05,2026-02-04,0.979815928757025,0.018358079350184985,0.0014330751598245954,0.9981740081072099,0.9996070832670345,1,2,0.8988426741651229,0.03556630069880389
USDMXN,66,3m,198,263,2025-11-06,2026-02-05,0.9815348527984524,0.016842723220587646,0.0012511220756780982,0.9983775760190401,0.9996286980947182,1,2,0.9018398804705345,0.019411925068887573
USDMXN,66,3m,199,264,2025-11-07,2026-02-06,0.9824741523425079,0.01604291242597329,0.001134104489017734,0.9985170647684812,0.999651169257499,1,2,0.9058774359320373,0.026074363102715544
USDMXN,66,3m,200,265,2025-11-10,2026-02-09,0.9820643280430053,0.016442698588667613,0.001144707034349542,0.9985070266316729,0.9996517336660224,1,2,0.9236219351750846,0.03573454169346218
USDMXN,66,3m,201,266,2025-11-11,2026-02-10,0.9821440650096975,0.01631477654846703,0.0011910587275971848,0.9984588415581646,0.9996499002857617,1,2,0.941859678851405,0.03128267514660849
USDMXN,66,3m,202,267,2025-11-12,2026-02-11,0.9822398934208975,0.016198916076813175,0.0012153910711731144,0.9984388094977106,0.9996542005688838,1,2,0.9499956151612438,0.018168052241905742
USDMXN,66,3m,203,268,2025-11-13,2026-02-12,0.981754171187471,0.016662513104602015,0.0012372639990451998,0.998416684292073,0.9996539482911182,1,2,0.9653008930026619,0.027278679648265216
USDMXN,66,3m,204,269,2025-11-14,2026-02-13,0.9811867143176513,0.017210519968142633,0.0012579768819986176,0.9983972342857939,0.9996552111677925,1,2,0.9710142605621528,0.02138838779634258
USDMXN,66,3m,205,270,2025-11-17,2026-02-16,0.9806588721688585,0.01773603321639783,0.0012616199691283683,0.9983949053852563,0.9996565253543847,1,2,0.9756911806479488,0.023443553349571673
USDMXN,66,3m,206,271,2025-11-18,2026-02-17,0.9801232337394735,0.018309681516100705,0.001222021823017815,0.9984329152555742,0.999654937078592,1,2,0.975868620013965,0.020170978245033378
USDMXN,66,3m,207,272,2025-11-19,2026-02-18,0.9801418093488801,0.018359445573916174,0.0011523895696643062,0.9985012549227963,0.9996536444924605,1,2,0.9721365608682357,0.019102818442289365
USDMXN,66,3m,208,273,2025-11-20,2026-02-19,0.9803748722392199,0.018214902610836272,0.0010648839694789327,0.9985897748500562,0.9996546588195351,1,2,0.9666613183704037,0.030491987333216813
USDMXN,66,3m,209,274,2025-11-21,2026-02-20,0.9801401048913176,0.018508900310783755,0.001004846612654826,0.9986490052021014,0.9996538518147562,1,2,0.9627387041048724,0.028541018925392576
USDMXN,66,3m,210,275,2025-11-24,2026-02-23,0.9800003371915826,0.01875055377407101,8.944476835158657e-4,0.9987508909656536,0.9996453386491695,1,2,0.927916711246831,0.06196492647345035
USDMXN,66,3m,211,276,2025-11-25,2026-02-24,0.9791717456223681,0.019664005054403508,8.083441984394279e-4,0.9988357506767715,0.999644094875211,1,2,0.948046620821134,0.05388903845273586
USDMXN,66,3m,212,277,2025-11-26,2026-02-25,0.9791337200813625,0.019698142549036665,7.858197931084978e-4,0.9988318626303991,0.9996176824235076,1,2,0.9731790193750661,0.0377113501850193
USDMXN,66,3m,213,278,2025-11-27,2026-02-26,0.9790401070503009,0.01978459165530443,7.701648105133983e-4,0.9988246987056053,0.9995948635161187,1,2,1.000242884192133,0.043321804922912883
USDMXN,66,3m,214,279,2025-11-28,2026-02-27,0.9789881365964352,0.019864213454477073,7.37316474162135e-4,0.9988523500509123,0.9995896665250744,1,2,1.010227366830456,0.025362222227496692
USDMXN,66,3m,215,280,2025-12-01,2026-03-02,0.9792380541368433,0.019631873611495317,6.843990707673615e-4,0.9988699277483386,0.9995543268191059,1,2,1.0035607774348603,0.03333890929048194
USDMXN,66,3m,216,281,2025-12-02,2026-03-03,0.9809957856820903,0.01763619182486232,8.028855002702358e-4,0.9986319775069527,0.9994348630072228,1,2,0.5289961113613353,0.7724391689086265
USDMXN,66,3m,217,282,2025-12-03,2026-03-04,0.9810670198023993,0.017461637870973892,8.974403335012225e-4,0.9985286576733732,0.9994260980068744,1,2,0.5234932754144873,0.27607969935327614
USDMXN,66,3m,218,283,2025-12-04,2026-03-05,0.9817496376601358,0.01654184125479794,0.0011702240096938925,0.9982914789149337,0.9994617029246277,1,2,0.5951385889430634,0.17699177421699067
USDMXN,66,3m,219,284,2025-12-05,2026-03-06,0.9820623820168384,0.015989348448760522,0.0014795547268281514,0.9980517304655989,0.9995312851924271,1,2,0.6511884630201005,0.10234091152678393
USDMXN,66,3m,220,285,2025-12-08,2026-03-09,0.982177359326994,0.015629369013418656,0.0017533815211424374,0.9978067283404126,0.9995601098615551,1,2,0.6884365838455272,0.07300569275219379
USDMXN,66,3m,221,286,2025-12-09,2026-03-10,0.9816480099329351,0.015792650413878048,0.0021301097114679577,0.9974406603468131,0.9995707700582811,1,2,0.7216056522139673,0.05501808159197268
USDMXN,66,3m,222,287,2025-12-10,2026-03-11,0.9804458218161283,0.01668261131475012,0.002458326253172477,0.9971284331308784,0.9995867593840508,1,2,0.7472716188086765,0.05696455307034033
USDMXN,66,3m,223,288,2025-12-11,2026-03-12,0.977480809924607,0.01955064972694035,0.0025924452154345305,0.9970314596515473,0.9996239048669818,1,2,0.752823003539011,0.029732157450949148
USDMXN,66,3m,224,289,2025-12-12,2026-03-13,0.9773979554700426,0.019659953561833265,0.002608297597466242,0.9970579090318759,0.9996662066293421,1,2,0.7479730909680741,0.017186294420770677
USDMXN,66,3m,225,290,2025-12-15,2026-03-16,0.9769413863879649,0.01984297045588085,0.0029049340671700938,0.9967843568438457,0.9996892909110159,1,2,0.7462299950880944,0.018474263172809587
USDMXN,66,3m,226,291,2025-12-16,2026-03-17,0.9761835659962538,0.020437858299289534,0.0030848154102444815,0.9966214242955433,0.9997062397057878,1,2,0.7462974895375722,0.01676877448991438
USDMXN,66,3m,227,292,2025-12-17,2026-03-18,0.9753343349555158,0.020989569920754122,0.0033988205077174686,0.9963239048762699,0.9997227253839874,1,2,0.7394522542969687,0.012579615610283685
USDMXN,66,3m,228,293,2025-12-18,2026-03-19,0.9738060750500742,0.022291164474409122,0.003643776835310065,0.9960972395244834,0.9997410163597934,1,2,0.7376977447530427,0.016249112430812524
USDMXN,66,3m,229,294,2025-12-19,2026-03-20,0.9722654192443515,0.023634353165595243,0.003851580799858317,0.9958997724099468,0.999751353209805,1,2,0.731479617954476,0.014649457114531637
USDMXN,66,3m,230,295,2025-12-22,2026-03-23,0.9696506205319381,0.02584564988893871,0.004244537595004396,0.9954962704208767,0.9997408080158812,1,2,0.7307050076793841,0.017701041288791713
USDMXN,66,3m,231,296,2025-12-23,2026-03-24,0.9652519134074073,0.02983163436112429,0.00463975750066726,0.9950835477685316,0.999723305269199,1,2,0.7321365839077558,0.006313022437594534
USDMXN,66,3m,232,297,2025-12-24,2026-03-25,0.9626406552811589,0.031698763467058126,0.005360459468286124,0.9943394187482171,0.9996998782165032,1,2,0.7337267343485808,0.02097964304730348
USDMXN,66,3m,233,298,2025-12-25,2026-03-26,0.9594180078064785,0.03445484717944639,0.005809101476557333,0.9938728549859248,0.9996819564624821,1,2,0.735082035211179,0.010621106049889847
USDMXN,66,3m,234,299,2025-12-26,2026-03-27,0.9536585118725182,0.039649071505838844,0.006359375730630528,0.993307583378357,0.9996669591089875,1,2,0.7371076203262303,0.013931604730580029
USDMXN,88,4m,1,88,2025-02-04,2025-06-05,0.9874291553175684,0.008646445799897737,0.0032963274778470496,0.9960756011174661,0.9993719285953131,1,2,0.3639376727853201,NA
USDMXN,88,4m,2,89,2025-02-05,2025-06-06,0.9870061413828487,0.009022002337236894,0.0033332986515752943,0.9960281437200856,0.9993614423716609,1,2,0.363915097371597,0.00908407241377396
USDMXN,88,4m,3,90,2025-02-06,2025-06-09,0.9868688256290434,0.009144085645459337,0.003341993052102166,0.9960129112745028,0.9993549043266049,1,2,0.36696023763495694,0.008776480287588762
USDMXN,88,4m,4,91,2025-02-07,2025-06-10,0.9867649431584196,0.009245267996081151,0.0033453029062824585,0.9960102111545007,0.9993555140607832,1,2,0.36697435918425997,0.00432176764280854
USDMXN,88,4m,5,92,2025-02-10,2025-06-11,0.9867245471823279,0.009317217998203535,0.003315396706802603,0.9960417651805314,0.999357161887334,1,2,0.3664035461518781,0.0036924343169955957
USDMXN,88,4m,6,93,2025-02-11,2025-06-12,0.9866929782592756,0.009355951121021472,0.0033079982544989887,0.9960489293802971,0.9993569276347961,1,2,0.36733443450552605,0.003782291070083888
USDMXN,88,4m,7,94,2025-02-12,2025-06-13,0.9868315105545068,0.00918460715348214,0.003338051217697356,0.9960161177079889,0.9993541689256863,1,2,0.3712831368777551,0.007642125300270802
USDMXN,88,4m,8,95,2025-02-13,2025-06-16,0.9868144778463116,0.00917215397543291,0.0033582818667837406,0.9959866318217445,0.9993449136885283,1,2,0.3714700224877871,0.0034917347953441593
USDMXN,88,4m,9,96,2025-02-14,2025-06-17,0.986851563523977,0.009167955724665262,0.003320051167062399,0.9960195192486422,0.9993395704157046,1,2,0.37172629099164906,0.005281123676404247
USDMXN,88,4m,10,97,2025-02-17,2025-06-18,0.9867188009178987,0.009302526535628191,0.003314179866384821,0.9960213274535269,0.9993355073199117,1,2,0.37098972657969626,0.01325331054491887
USDMXN,88,4m,11,98,2025-02-18,2025-06-19,0.9866465620466742,0.009355087758100065,0.00333030173304343,0.9960016498047742,0.9993319515378177,1,2,0.37133539951370975,0.00971109335885112
USDMXN,88,4m,12,99,2025-02-19,2025-06-20,0.9865726712155968,0.00940707655185626,0.00335733692859201,0.995979747767453,0.9993370846960451,1,2,0.37059486957796517,0.012731512550707298
USDMXN,88,4m,13,100,2025-02-20,2025-06-23,0.9867430794156321,0.009397147783865628,0.0032213183937489184,0.9961402271994977,0.9993615455932466,1,2,0.3734084038918246,0.03140202168324139
USDMXN,88,4m,14,101,2025-02-21,2025-06-24,0.9868064234557238,0.0092702496068519,0.0033011812057197358,0.9960766730625756,0.9993778542682954,1,2,0.3753555205471204,0.011608474902643868
USDMXN,88,4m,15,102,2025-02-24,2025-06-25,0.9869848698916498,0.009088255734561295,0.003320847543238567,0.9960731256262111,0.9993939731694497,1,2,0.37948701842883276,0.013283369291903626
USDMXN,88,4m,16,103,2025-02-25,2025-06-26,0.9870513850202279,0.00903217691379183,0.003324370432974958,0.9960835619340198,0.9994079323669948,1,2,0.3828391584861799,0.012096200274617592
USDMXN,88,4m,17,104,2025-02-26,2025-06-27,0.9869755155364038,0.009146573805618483,0.0033043394482812276,0.9961220893420223,0.9994264287903035,1,2,0.38791908667049363,0.018960797143948428
USDMXN,88,4m,18,105,2025-02-27,2025-06-30,0.9874416199550043,0.008781858205660294,0.0032190008088801895,0.9962234781606646,0.9994424789695449,1,2,0.3890349463368363,0.02320867661903176
USDMXN,88,4m,19,106,2025-02-28,2025-07-01,0.9874765430039043,0.00876295882112692,0.003216060701569937,0.9962395018250312,0.9994555625266012,1,2,0.3907464592316078,0.01576970425021654
USDMXN,88,4m,20,107,2025-03-03,2025-07-02,0.9873003521852326,0.008915690612597473,0.003251928170226233,0.99621604279783,0.9994679709680563,1,2,0.392355987963066,0.013233077166666104
USDMXN,88,4m,21,108,2025-03-04,2025-07-03,0.9874375404984477,0.00887912796227422,0.0031570442900769923,0.9963166684607219,0.9994737127507989,1,2,0.395357558803989,0.029552236420639453
USDMXN,88,4m,22,109,2025-03-05,2025-07-04,0.9866649599743864,0.009484495272899266,0.0033127538402592865,0.9961494552472857,0.999462209087545,1,2,0.3988765509744386,0.011947974278532598
USDMXN,88,4m,23,110,2025-03-06,2025-07-07,0.9858831411342687,0.01012922850615302,0.003453477024218456,0.9960123696404217,0.9994658466646401,1,2,0.40226015152548855,0.019872272015448375
USDMXN,88,4m,24,111,2025-03-07,2025-07-08,0.9858367801698097,0.010162052440825442,0.003493241603002427,0.9959988326106352,0.9994920742136375,1,2,0.40598593488927803,0.015487002700779825
USDMXN,88,4m,25,112,2025-03-10,2025-07-09,0.9860692553253723,0.009980099604648561,0.0034705203737513423,0.9960493549300208,0.9995198753037722,1,2,0.4119621704361437,0.02268025877682922
USDMXN,88,4m,26,113,2025-03-11,2025-07-10,0.98633029767807,0.009765584358761183,0.0034383058084051133,0.9960958820368312,0.9995341878452363,1,2,0.4171693057518914,0.0249315947847229
USDMXN,88,4m,27,114,2025-03-12,2025-07-11,0.9864035742523256,0.009686497623757414,0.0034703179231178605,0.996090071876083,0.9995603897992009,1,2,0.4238089835582259,0.02029045368494046
USDMXN,88,4m,28,115,2025-03-13,2025-07-14,0.986413031498364,0.009640274078772207,0.0035392138862739854,0.9960533055771362,0.9995925194634102,1,2,0.43076747646970387,0.02121732427525546
USDMXN,88,4m,29,116,2025-03-14,2025-07-15,0.9864938972981895,0.009663728298620177,0.00348250122755429,0.9961576255968096,0.999640126824364,1,2,0.4361114420363172,0.02561099038968786
USDMXN,88,4m,30,117,2025-03-17,2025-07-16,0.9864020089422431,0.009778240526424738,0.003489628334108673,0.9961802494686678,0.9996698778027765,1,2,0.43883356521298095,0.01026269969996248
USDMXN,88,4m,31,118,2025-03-18,2025-07-17,0.9864018322891319,0.009810811140142426,0.003485316473719461,0.9962126434292743,0.9996979599029938,1,2,0.4425417656317091,0.0117837600811125
USDMXN,88,4m,32,119,2025-03-19,2025-07-18,0.9864123205979716,0.00985523792486244,0.003468416300777179,0.996267558522834,0.9997359748236112,1,2,0.446030033724015,0.01872681609468533
USDMXN,88,4m,33,120,2025-03-20,2025-07-21,0.9865240206750959,0.009773917581414384,0.0034540237738298414,0.9962979382565104,0.9997519620303401,1,2,0.4482711568450392,0.008473602555237702
USDMXN,88,4m,34,121,2025-03-21,2025-07-22,0.9866765169786915,0.00962931729381598,0.003425691714543602,0.9963058342725075,0.9997315259870511,1,2,0.4421565068690641,0.011071157730915299
USDMXN,88,4m,35,122,2025-03-24,2025-07-23,0.9867227347298048,0.009573639495519802,0.0034083480534178126,0.9962963742253246,0.9997047222787424,1,2,0.4357235665411087,0.012296247346910514
USDMXN,88,4m,36,123,2025-03-25,2025-07-24,0.9867618136014625,0.00952187311665016,0.003398581260083499,0.9962836867181127,0.9996822679781961,1,2,0.4283815858823839,0.013688117161737363
USDMXN,88,4m,37,124,2025-03-26,2025-07-25,0.9866608293813512,0.009610040584856608,0.0033955233822711055,0.9962708699662078,0.999666393348479,1,2,0.4216497530383456,0.018475792310936545
USDMXN,88,4m,38,125,2025-03-27,2025-07-28,0.9860378628834159,0.010066524658823264,0.0035390837576139518,0.9961043875422392,0.9996434712998531,1,2,0.4095524482315104,0.01995826929939442
USDMXN,88,4m,39,126,2025-03-28,2025-07-29,0.9848832689317681,0.010933987836424646,0.0037843765604399235,0.9958172567681928,0.9996016333286327,1,2,0.39845085126842006,0.019896677637884795
USDMXN,88,4m,40,127,2025-03-31,2025-07-30,0.9829068143201372,0.012565477980578624,0.004072161658197563,0.9954722923007158,0.9995444539589133,1,2,0.3975096404256675,0.05306496083942897
USDMXN,88,4m,41,128,2025-04-01,2025-07-31,0.9808493584310722,0.014219579617728219,0.004424522722577058,0.9950689380488005,0.9994934607713775,1,2,0.4004044755168357,0.03614664554172937
USDMXN,88,4m,42,129,2025-04-02,2025-08-01,0.9788170535625448,0.015895349520915217,0.0047278151691601865,0.99471240308346,0.9994402182526202,1,2,0.397899928808247,0.01747880325667638
USDMXN,88,4m,43,130,2025-04-03,2025-08-04,0.9766735056756067,0.01779616885326153,0.004913369629562252,0.9944696745288683,0.9993830441584305,1,2,0.4015724399398663,0.026705446916724024
USDMXN,88,4m,44,131,2025-04-04,2025-08-05,0.9759547114611737,0.018436281396580448,0.004973748622037303,0.9943909928577542,0.9993647414797915,1,2,0.3964276095641445,0.008770311029104609
USDMXN,88,4m,45,132,2025-04-07,2025-08-06,0.9727646980414749,0.021017468775130502,0.005475338776865352,0.9937821668166055,0.9992575055934708,1,2,0.3939560402226859,0.01168901945656283
USDMXN,88,4m,46,133,2025-04-08,2025-08-07,0.9682088552715097,0.024588116481802865,0.006293546373272843,0.9927969717533125,0.9990905181265853,1,2,0.3881771591688143,0.013837379027406317
USDMXN,88,4m,47,134,2025-04-09,2025-08-08,0.9644907304136107,0.027248277444558017,0.007183849638204387,0.9917390078581687,0.9989228574963731,1,2,0.38400416358253703,0.012255895143101582
USDMXN,88,4m,48,135,2025-04-10,2025-08-11,0.9535121391204072,0.035228934849879295,0.00973460256509101,0.9887410739702865,0.9984756765353775,1,3,0.3826206338045599,0.015687847850417186
USDMXN,88,4m,49,136,2025-04-11,2025-08-12,0.9406464525247626,0.04333029982039563,0.013798665779606535,0.9839767523451582,0.9977754181247648,2,3,0.38594904901593763,0.011686989268597658
USDMXN,88,4m,50,137,2025-04-14,2025-08-13,0.938591133021998,0.04144879840070458,0.017059072218495574,0.9800399314227026,0.9970990036411982,2,3,0.37961891708063367,0.015309477222257306
USDMXN,88,4m,51,138,2025-04-15,2025-08-14,0.9434606594933962,0.03707525128393751,0.01652999042398343,0.9805359107773337,0.9970659012013171,2,3,0.3698109763003261,0.016649614197915538
USDMXN,88,4m,52,139,2025-04-16,2025-08-15,0.9462476281170304,0.034692853120466785,0.016114019055155988,0.9809404812374972,0.9970545002926532,2,3,0.36197603793294736,0.015609523044395385
USDMXN,88,4m,53,140,2025-04-17,2025-08-18,0.943973628641794,0.037265702793832456,0.015597379475730339,0.9812393314356265,0.9968367109113568,2,3,0.35898113693747274,0.01599629422249965
USDMXN,88,4m,54,141,2025-04-18,2025-08-19,0.9408023173160838,0.03993332205731086,0.015900662796664945,0.9807356393733946,0.9966363021700596,2,3,0.34729523487229425,0.01995397759322601
USDMXN,88,4m,55,142,2025-04-21,2025-08-20,0.9433289148904119,0.038279267137710474,0.014999447084955545,0.9816081820281224,0.996607629113078,2,3,0.33394403930868155,0.025472800262707214
USDMXN,88,4m,56,143,2025-04-22,2025-08-21,0.9466973303634009,0.03632490065423683,0.013564790315692127,0.9830222310176377,0.9965870213333299,2,3,0.31651923831607925,0.03520229796518829
USDMXN,88,4m,57,144,2025-04-23,2025-08-22,0.9487860403327187,0.03597595091009913,0.011858267884454049,0.9847619912428178,0.9966202591272719,2,3,0.29477883940744265,0.051535488712921816
USDMXN,88,4m,58,145,2025-04-24,2025-08-25,0.9506622565018298,0.03522615859268383,0.01090172742395358,0.9858884150945136,0.9967901425184672,1,3,0.27487379488809555,0.07265265748566309
USDMXN,88,4m,59,146,2025-04-25,2025-08-26,0.9486200355289715,0.03705393162425697,0.011216669132226013,0.9856739671532284,0.9968906362854544,2,3,0.27597031302872854,0.03107242173113894
USDMXN,88,4m,60,147,2025-04-28,2025-08-27,0.948519661606693,0.03747831745937687,0.010993044347930001,0.9859979790660699,0.9969910234139998,2,3,0.2736160960668279,0.03146121333493621
USDMXN,88,4m,61,148,2025-04-29,2025-08-28,0.9473395138692767,0.03907745484468881,0.01057670180127946,0.9864169687139656,0.996993670515245,2,3,0.2694659796067247,0.03660126307172038
USDMXN,88,4m,62,149,2025-04-30,2025-08-29,0.9471793017220994,0.0394847505591811,0.010313346855917366,0.9866640522812805,0.9969773991371979,2,3,0.26920606828223753,0.0347958073884308
USDMXN,88,4m,63,150,2025-05-01,2025-09-01,0.9476732683254462,0.03953107538187256,0.009795283400112976,0.9872043437073188,0.9969996271074317,2,3,0.27543131987299585,0.04526829873029521
USDMXN,88,4m,64,151,2025-05-02,2025-09-02,0.9504615453254808,0.03761695702135379,0.009086082831074274,0.9880785023468346,0.9971645851779088,1,3,0.30091895129943697,0.07484099551832711
USDMXN,88,4m,65,152,2025-05-05,2025-09-03,0.9535598850080648,0.03492097882780211,0.00889183144709539,0.9884808638358669,0.9973726952829622,1,3,0.33896372404247777,0.06738112628962502
USDMXN,88,4m,66,153,2025-05-06,2025-09-04,0.9551940591948851,0.03421074189011491,0.008216384043998819,0.989404801085,0.9976211851289988,1,3,0.4051197811335217,0.09759898863692669
USDMXN,88,4m,67,154,2025-05-07,2025-09-05,0.955064735821771,0.034722012821291635,0.00802534376400942,0.9897867486430626,0.997812092407072,1,3,0.47842795476018124,0.0938089414959379
USDMXN,88,4m,68,155,2025-05-08,2025-09-08,0.9548848719829759,0.035035620490495134,0.008104672975550056,0.989920492473471,0.9980251654490211,1,3,0.5353179629562864,0.07115027503099838
USDMXN,88,4m,69,156,2025-05-09,2025-09-09,0.951354513201121,0.03790899417187751,0.008755441457329264,0.9892635073729985,0.9980189488303277,1,3,0.5610658448842912,0.03109341935365365
USDMXN,88,4m,70,157,2025-05-12,2025-09-10,0.9500644179044712,0.038378377001428536,0.009640251556779424,0.9884427949058997,0.9980830464626791,1,3,0.5590623453982383,0.01678053949963478
USDMXN,88,4m,71,158,2025-05-13,2025-09-11,0.9500170059680744,0.03753353532260466,0.01052332561511134,0.987550541290679,0.9980738669057904,1,3,0.5469958160114933,0.026043015217603962
USDMXN,88,4m,72,159,2025-05-14,2025-09-12,0.9498481437639759,0.0367147174210854,0.011449848387955007,0.9865628611850612,0.9980127095730162,2,3,0.53100901550369906,0.027477888916319318
USDMXN,88,4m,73,160,2025-05-15,2025-09-15,0.950300890307265,0.035678070143106574,0.01200836203009649,0.9859789604503715,0.9979873224804681,1,3,0.520256687667911,0.017684825669978876
USDMXN,88,4m,74,161,2025-05-16,2025-09-16,0.9513390089134103,0.03455823951003559,0.012038465462911613,0.9858972484234458,0.9979357138863575,1,3,0.5192140475378139,0.00992906184441929
USDMXN,88,4m,75,162,2025-05-19,2025-09-17,0.9521626707171648,0.03300689243165234,0.012716128711175915,0.9851695631488171,0.997885691859993,1,3,0.5181536154626519,0.016522677868941644
USDMXN,88,4m,76,163,2025-05-20,2025-09-18,0.9502746938889324,0.033121631241634024,0.014327953969247015,0.9833963251305664,0.9977242790998134,1,3,0.5186380468576232,0.02037758925006608
USDMXN,88,4m,77,164,2025-05-21,2025-09-19,0.9474189025438052,0.03457715764332894,0.01559415345679829,0.9819960601871341,0.9975902136439324,2,3,0.5229573487101551,0.013288761822266775
USDMXN,88,4m,78,165,2025-05-22,2025-09-22,0.946123552745666,0.035014668585613334,0.016434701542903916,0.9811382213312793,0.9975729228741832,2,3,0.5346552611316979,0.020368067036010757
USDMXN,88,4m,79,166,2025-05-23,2025-09-23,0.9449527142223136,0.03567070493955483,0.016954118981613284,0.9806234191618685,0.9975775381434817,2,3,0.5484726745162946,0.021233508018103375
USDMXN,88,4m,80,167,2025-05-26,2025-09-24,0.943974236397317,0.03646921569882324,0.01720014037490514,0.9804434520961403,0.9976435924710454,2,3,0.5651362657342524,0.02764300283451355
USDMXN,88,4m,81,168,2025-05-27,2025-09-25,0.9449652351676291,0.03632622694832829,0.01646609718525341,0.9812914621159574,0.9977575593012108,2,3,0.5896803549176974,0.03129626819220449
USDMXN,88,4m,82,169,2025-05-28,2025-09-26,0.9459546671835216,0.036457784105567465,0.015443820034658004,0.982412451289089,0.9978562713237471,2,3,0.6152945956372192,0.034319272450336544
USDMXN,88,4m,83,170,2025-05-29,2025-09-29,0.9466969969497457,0.03697521774916829,0.014273285866704129,0.9836722146989141,0.9979455005656181,2,3,0.6448291475993474,0.04111430550378533
USDMXN,88,4m,84,171,2025-05-30,2025-09-30,0.9478894741935339,0.03549906570294374,0.014589418417104812,0.9833885398964776,0.9979779583135824,2,3,0.6515103023237808,0.017012702090067562
USDMXN,88,4m,85,172,2025-06-02,2025-10-01,0.9481984122831255,0.03490067943956046,0.014865058129915641,0.983099091722686,0.9979641498526016,2,3,0.6513837073960894,0.00966979459807761
USDMXN,88,4m,86,173,2025-06-03,2025-10-02,0.9480584973668454,0.03487635669214104,0.015020117405335988,0.9829348540589865,0.9979549714643224,2,3,0.6481144676971331,0.010956560131154062
USDMXN,88,4m,87,174,2025-06-04,2025-10-03,0.9472252981721186,0.035116538014756546,0.015596236296302808,0.9823418361868752,0.997938072483178,2,3,0.6384891739110251,0.018878781524217413
USDMXN,88,4m,88,175,2025-06-05,2025-10-06,0.9475202529263342,0.03461450134752983,0.0158258095844439,0.9821347542738641,0.997960563858308,2,3,0.6306563683741355,0.015919224937108945
USDMXN,88,4m,89,176,2025-06-06,2025-10-07,0.9482814090746203,0.03391085810674942,0.015812621169788287,0.9821922671813698,0.9980048883511581,2,3,0.6223980218107275,0.017066773431314616
USDMXN,88,4m,90,177,2025-06-09,2025-10-08,0.9483429610568161,0.03363542463996066,0.01604352040566824,0.9819783856967768,0.998021906102445,2,3,0.6137415054784158,0.019242162260717156
USDMXN,88,4m,91,178,2025-06-10,2025-10-09,0.9474273434446238,0.03420741205758085,0.01635583188027867,0.9816347555022046,0.9979905873824833,2,3,0.6042945871326324,0.020560729449377993
USDMXN,88,4m,92,179,2025-06-11,2025-10-10,0.9487066777348729,0.03365602252108205,0.015681818312600425,0.982362700255955,0.9980445185685554,2,3,0.601323306964721,0.006270390384895105
USDMXN,88,4m,93,180,2025-06-12,2025-10-13,0.9472065069279562,0.034754303727382106,0.016055351045705452,0.9819608106553382,0.9980161617010437,2,3,0.5984831904374889,0.005459424333650903
USDMXN,88,4m,94,181,2025-06-13,2025-10-14,0.9480797246872495,0.03433222194157211,0.015619221259811118,0.9824119466288217,0.9980311678886328,2,3,0.5971696225420854,0.003972459534826278
USDMXN,88,4m,95,182,2025-06-16,2025-10-15,0.9476839667688296,0.03444266513074919,0.015842830053857938,0.9821266318995788,0.9979694619534367,2,3,0.5996986218101582,0.010115050695700656
USDMXN,88,4m,96,183,2025-06-17,2025-10-16,0.9475732351616247,0.03498013183438472,0.015410814476103667,0.9825533669960095,0.9979641814721131,2,3,0.6017938978847276,0.009674397399965957
USDMXN,88,4m,97,184,2025-06-18,2025-10-17,0.9464319692527746,0.03596451851769667,0.015568590325532846,0.9823964877704713,0.9979650780960041,2,3,0.603499443535944,0.013672709835590893
USDMXN,88,4m,98,185,2025-06-19,2025-10-20,0.9461594851092688,0.036534341469740064,0.015282580441662362,0.9826938265790089,0.9979764070206713,2,3,0.6048243847193044,0.012289041376843415
USDMXN,88,4m,99,186,2025-06-20,2025-10-21,0.9446630929440181,0.03774238788726484,0.015496595924639936,0.9824054808312829,0.9979020767559228,2,3,0.6048924981090381,0.009140442136839576
USDMXN,88,4m,100,187,2025-06-23,2025-10-22,0.9446739885791292,0.03810863361224892,0.015118485057062326,0.9827826221913781,0.9979011072484405,2,3,0.6068416096858599,0.012207353959627984
USDMXN,88,4m,101,188,2025-06-24,2025-10-23,0.9462565655853393,0.03717330271913611,0.014553575447946707,0.9834298683044754,0.9979834437524221,2,3,0.6150770716585849,0.02605402453862741
USDMXN,88,4m,102,189,2025-06-25,2025-10-24,0.9486221447533523,0.034952582123608786,0.014403589808431767,0.983574726876961,0.9979783166853928,2,3,0.6109982009415263,0.017485517043483077
USDMXN,88,4m,103,190,2025-06-26,2025-10-27,0.9495446314102762,0.03422970235560359,0.01415937376835021,0.9837743337658799,0.99793370753423,2,3,0.6020356478082562,0.01392334208671851
USDMXN,88,4m,104,191,2025-06-27,2025-10-28,0.9497075564744353,0.03416741703733299,0.014021919398556546,0.9838749735117682,0.9978968929103248,2,3,0.5891529164169894,0.020745733106575306
USDMXN,88,4m,105,192,2025-06-30,2025-10-29,0.9500235706560051,0.03404657832868372,0.013769460743313729,0.9840701489846888,0.9978396097280026,1,3,0.5764263376026817,0.02343696440139425
USDMXN,88,4m,106,193,2025-07-01,2025-10-30,0.9498769548811102,0.034559440211011816,0.013333830563696572,0.984436395092122,0.9977702256558186,2,3,0.5670411395778409,0.021177535448242295
USDMXN,88,4m,107,194,2025-07-02,2025-10-31,0.9492217938607659,0.03561658573417009,0.012884967389466137,0.984838379594936,0.9977233469844021,2,3,0.5567619466167367,0.026090078511746714
USDMXN,88,4m,108,195,2025-07-03,2025-11-03,0.9482090424985795,0.0370084980256251,0.012457132052383241,0.9852175405242046,0.9976746725765878,2,3,0.5466071833070356,0.023686030969643307
USDMXN,88,4m,109,196,2025-07-04,2025-11-04,0.9501131536217158,0.03604322588573208,0.01154453497100189,0.9861563795074478,0.9977009144784498,1,3,0.5367864977768976,0.02918751373072855
USDMXN,88,4m,110,197,2025-07-07,2025-11-05,0.951375260525161,0.0354479319691051,0.01088283349927116,0.9868231924942661,0.9977060259935372,1,3,0.5221808056490638,0.027016959316844953
USDMXN,88,4m,111,198,2025-07-08,2025-11-06,0.9521698860170543,0.03524288286668706,0.010248552798930052,0.9874127688837414,0.9976613216826714,1,3,0.5090663055444731,0.024190641982535004
USDMXN,88,4m,112,199,2025-07-09,2025-11-07,0.9529404406114182,0.034938870122184655,0.009742511684755465,0.9878793107336029,0.9976218224183584,1,3,0.5005362354260322,0.035213617818980025
USDMXN,88,4m,113,200,2025-07-10,2025-11-10,0.954497402967832,0.03409055837758294,0.009087700944798539,0.9885879613454149,0.9976756622902135,1,3,0.4951005349295831,0.035910102337423935
USDMXN,88,4m,114,201,2025-07-11,2025-11-11,0.9550182044569282,0.034000544698322234,0.008687452409103054,0.9890187491552505,0.9977062015643535,1,3,0.48755627410460917,0.042257431886980786
USDMXN,88,4m,115,202,2025-07-14,2025-11-12,0.9553077693456306,0.034125931402502536,0.008288023802080687,0.9894337007481331,0.9977217245502138,1,3,0.4827823586277988,0.04743028191381629
USDMXN,88,4m,116,203,2025-07-15,2025-11-13,0.9562043105255661,0.03376238911982658,0.0078025352679049675,0.9899666996453926,0.9977692349132976,1,3,0.4812049746121409,0.05274505093667272
USDMXN,88,4m,117,204,2025-07-16,2025-11-14,0.956589254310924,0.03401211241623957,0.007210523990415938,0.9906013667271636,0.9978118907175795,1,2,0.4794754320629003,0.059794636436747796
USDMXN,88,4m,118,205,2025-07-17,2025-11-17,0.9568795407048358,0.03459379006878523,0.006436364177243406,0.9914733307736211,0.9979096949508645,1,2,0.48953831947734094,0.065479525033341
USDMXN,88,4m,119,206,2025-07-18,2025-11-18,0.9570922629876083,0.035260266041282746,0.005690729699498927,0.992352529028891,0.99804325872839,1,2,0.5162051461396009,0.09256987875520217
USDMXN,88,4m,120,207,2025-07-21,2025-11-19,0.9572948159733005,0.03578804534583819,0.005133018142175807,0.9930828613191387,0.9982158794613144,1,2,0.5557460004511351,0.09883768842638063
USDMXN,88,4m,121,208,2025-07-22,2025-11-20,0.9567926765682823,0.03668524186229269,0.004937043064595609,0.993477918430575,0.9984149614951705,1,2,0.611032464480147,0.10802353067916982
USDMXN,88,4m,122,209,2025-07-23,2025-11-21,0.9554807736063515,0.037861915423900126,0.005012081347390043,0.9933426890302517,0.9983547703776418,1,2,0.6074377480573143,0.04567836499417907
USDMXN,88,4m,123,210,2025-07-24,2025-11-24,0.9530818893117774,0.039945399486088724,0.0052615831381102336,0.9930272887978662,0.9982888719359764,1,2,0.6034519097640363,0.040790554262854384
USDMXN,88,4m,124,211,2025-07-25,2025-11-25,0.9528654643356224,0.03997888734608407,0.005353548410825724,0.9928443516817065,0.9981979000925322,1,2,0.5966054338043145,0.05438027777403247
USDMXN,88,4m,125,212,2025-07-28,2025-11-26,0.9540898992830832,0.03870435229370502,0.005380752711506868,0.9927942515767882,0.9981750042882951,1,2,0.59487851315963,0.04540182664192061
USDMXN,88,4m,126,213,2025-07-29,2025-11-27,0.9536371967548186,0.03888916673963623,0.005572532996331387,0.9925263634944549,0.9980988964907862,1,2,0.5921592395774511,0.05598138687804912
USDMXN,88,4m,127,214,2025-07-30,2025-11-28,0.9530122687090805,0.03920062566651976,0.005861529177933346,0.9922128943756002,0.9980744235535336,1,2,0.5962263367986941,0.04153849390984038
USDMXN,88,4m,128,215,2025-07-31,2025-12-01,0.9555627841769966,0.03610893037524034,0.006356237321310803,0.9916717145522369,0.9980279518735478,1,2,0.5877354549199691,0.03967577191978948
USDMXN,88,4m,129,216,2025-08-01,2025-12-02,0.9571987486116164,0.03385151865549101,0.00697660605064785,0.9910502672671073,0.9980268733177552,1,2,0.5848079337631652,0.035620665360160335
USDMXN,88,4m,130,217,2025-08-04,2025-12-03,0.9553546766205852,0.03478833738415936,0.007845854123961726,0.9901430140047445,0.9979888681287062,1,2,0.5786452004340313,0.024077241588683566
USDMXN,88,4m,131,218,2025-08-05,2025-12-04,0.9538058368572377,0.03562465430979948,0.008573507463256278,0.9894304911670372,0.9980039986302935,1,3,0.5751813315483981,0.022335451322758354
USDMXN,88,4m,132,219,2025-08-06,2025-12-05,0.950926925776654,0.03784028222886419,0.009234703973724483,0.9887672080055182,0.9980019119792427,1,3,0.571093982732418,0.012318135190168302
USDMXN,88,4m,133,220,2025-08-07,2025-12-08,0.9486980766287583,0.039570709307324106,0.009703199260790092,0.9882687859360824,0.9979719851968725,2,3,0.5690764661499123,0.009660495890313257
USDMXN,88,4m,134,221,2025-08-08,2025-12-09,0.9472021289485619,0.040820281094602416,0.009969687816169059,0.9880224100431644,0.9979920978593334,2,3,0.5654773080922769,0.011622288374377182
USDMXN,88,4m,135,222,2025-08-11,2025-12-10,0.9451127187753711,0.042588049006744844,0.010272145804359888,0.9877007677821159,0.9979729135864758,2,3,0.5631676795787397,0.011950720053621477
USDMXN,88,4m,136,223,2025-08-12,2025-12-11,0.9429379075527374,0.04476852456154466,0.010288566977290267,0.9877064321142821,0.9979949990915724,2,3,0.5580574953306385,0.010214250559522162
USDMXN,88,4m,137,224,2025-08-13,2025-12-12,0.9410485528058682,0.046850943319078735,0.010138319681756757,0.9878994961249469,0.9980378158067037,2,3,0.5542318250786988,0.010110533180941015
USDMXN,88,4m,138,225,2025-08-14,2025-12-15,0.9371237941473181,0.05079086667794939,0.010119106858247765,0.9879146608252675,0.9980337676835153,2,3,0.5484873068662997,0.015331396847319158
USDMXN,88,4m,139,226,2025-08-15,2025-12-16,0.9361348061677757,0.052162664244631604,0.009765410074780443,0.9882974704124072,0.9980628804871877,2,3,0.5465917748546851,0.009488344501223978
USDMXN,88,4m,140,227,2025-08-18,2025-12-17,0.9349417621950591,0.05361271773168607,0.009530018276784971,0.9885544799267452,0.9980844982035302,2,3,0.5443332022458143,0.009364302053007737
USDMXN,88,4m,141,228,2025-08-19,2025-12-18,0.9404805276176376,0.04933028968639989,0.008452602464485906,0.9898108173040374,0.9982634197685234,2,3,0.5418809831174769,0.009011383647186833
USDMXN,88,4m,142,229,2025-08-20,2025-12-19,0.9465209848098867,0.0451482913129553,0.006863960683963624,0.991669276122842,0.9985332368068056,2,2,0.5479659441195875,0.019182120617208233
USDMXN,88,4m,143,230,2025-08-21,2025-12-22,0.9536074036733341,0.03964397154828294,0.005523584545982289,0.993251375221617,0.9987749597675993,1,2,0.5551736633422052,0.017447173131239096
USDMXN,88,4m,144,231,2025-08-22,2025-12-23,0.9561456099266711,0.037888268458214615,0.0048475152618140845,0.9940338783848857,0.9988813936466998,1,2,0.563817198442409,0.01972290782211501
USDMXN,88,4m,145,232,2025-08-25,2025-12-24,0.9578980020118304,0.0367270860467883,0.004329492523892182,0.9946250880586187,0.9989545805825109,1,2,0.5678109827696042,0.014176482078446307
USDMXN,88,4m,146,233,2025-08-26,2025-12-25,0.9594939330433727,0.035665989992691716,0.0038414996478229953,0.9951599230360644,0.9990014226838875,1,2,0.5753040169304314,0.022222700502306066
USDMXN,88,4m,147,234,2025-08-27,2025-12-26,0.9595414663861138,0.03602908881245788,0.003463520994326943,0.9955705551985717,0.9990340761928986,1,2,0.586101439197288,0.026648098522572102
USDMXN,88,4m,148,235,2025-08-28,2025-12-29,0.9591961692220229,0.036694798915920326,0.0031550826019142155,0.9958909681379432,0.9990460507398574,1,2,0.599349566043376,0.02847438450050861
USDMXN,88,4m,149,236,2025-08-29,2025-12-30,0.9588709355483088,0.03722606693528648,0.002952663840469742,0.9960970024835953,0.999049666324065,1,2,0.608347703837328,0.024669374638001257
USDMXN,88,4m,150,237,2025-09-01,2025-12-31,0.9584523195864174,0.0377706421029211,0.002825871500144536,0.9962229616893385,0.999048833189483,1,2,0.6056885536206295,0.015664709435816354
USDMXN,88,4m,151,238,2025-09-02,2026-01-01,0.9572847065633532,0.038992094690910264,0.0027373866497686873,0.9962768012542634,0.9990141879040322,1,2,0.5998771796513405,0.029092461793319917
USDMXN,88,4m,152,239,2025-09-03,2026-01-02,0.952363523933056,0.04387694509311799,0.0027548874844889205,0.996240469026174,0.998995356510663,1,2,0.5952863707402574,0.027744434617779156
USDMXN,88,4m,153,240,2025-09-04,2026-01-05,0.9503186981183247,0.04574127318583073,0.0028757464313850967,0.9960599713041555,0.9989357177355406,1,2,0.5885225521220182,0.055634593242949254
USDMXN,88,4m,154,241,2025-09-05,2026-01-06,0.9477045025390938,0.048152018008389134,0.003031617022845319,0.9958565205474829,0.9988881375703282,2,2,0.5821773250457402,0.05833569813395744
USDMXN,88,4m,155,242,2025-09-08,2026-01-07,0.9468771309887474,0.048879091540494864,0.0031073524461386376,0.9957562225292422,0.9988635749753809,2,2,0.578561073184978,0.0678591578717727
USDMXN,88,4m,156,243,2025-09-09,2026-01-08,0.9467460691993137,0.04900269123246618,0.0031253472849215188,0.9957487604317798,0.9988741077167014,2,2,0.5793852360148352,0.057146392177084254
USDMXN,88,4m,157,244,2025-09-10,2026-01-09,0.9462976364935128,0.04941512267344221,0.0031449945818827684,0.995712759166955,0.9988577537488378,2,2,0.5874007001199938,0.052560519801141806
USDMXN,88,4m,158,245,2025-09-11,2026-01-12,0.9468688956457375,0.04849881413477842,0.003436709868778852,0.9953677097805159,0.9988044196492948,2,2,0.5993015471674946,0.07250104622357219
USDMXN,88,4m,159,246,2025-09-12,2026-01-13,0.9469108605115529,0.047985118650481884,0.0038706298835284683,0.9948959791620349,0.9987666090455632,2,2,0.6074824216607542,0.061645118320722676
USDMXN,88,4m,160,247,2025-09-15,2026-01-14,0.9470656190251375,0.047577836971119385,0.0040897833882101685,0.9946434559962569,0.9987332393844671,2,2,0.6075760337319004,0.0393677758848833
USDMXN,88,4m,161,248,2025-09-16,2026-01-15,0.9467137510094469,0.047734280394278295,0.004243647587553401,0.9944480314037252,0.9986916789912785,2,2,0.6086662131699928,0.039361840398452544
USDMXN,88,4m,162,249,2025-09-17,2026-01-16,0.9456353237328881,0.04887559473478989,0.004172682266589153,0.9945109184676779,0.9986836007342671,2,2,0.6018993471791098,0.052283991983950964
USDMXN,88,4m,163,250,2025-09-18,2026-01-19,0.9453842768991689,0.04904155446358641,0.004237550119406177,0.9944258313627553,0.9986633814821615,2,2,0.6033772918428926,0.03463754860353349
USDMXN,88,4m,164,251,2025-09-19,2026-01-20,0.9464823499955829,0.04799482594402524,0.004201300347798336,0.9944771759396082,0.9986784762874065,2,2,0.6055917700870281,0.025028123582464378
USDMXN,88,4m,165,252,2025-09-22,2026-01-21,0.9470777369478254,0.04734964777849738,0.004260521896636749,0.9944273847263227,0.9986879066229595,2,2,0.6139318293381913,0.03499624739996104
USDMXN,88,4m,166,253,2025-09-23,2026-01-22,0.9483119948582537,0.04606375780766476,0.0043371747227233665,0.9943757526659185,0.9987129273886418,2,2,0.6168196880906993,0.03137234226765732
USDMXN,88,4m,167,254,2025-09-24,2026-01-23,0.9492957396802891,0.045209484307772635,0.004238923027367093,0.9945052239880617,0.9987441470154289,2,2,0.6161045784975134,0.020274170590068735
USDMXN,88,4m,168,255,2025-09-25,2026-01-26,0.9511784648460146,0.043536624962252704,0.00404219887238958,0.9947150898082674,0.9987572886806569,1,2,0.6165214774080239,0.01950462265161981
USDMXN,88,4m,169,256,2025-09-26,2026-01-27,0.9532544198606974,0.04204195941413543,0.0035783012866998708,0.9952963792748328,0.9988746805615326,1,2,0.6217026595347409,0.01836013232121664
USDMXN,88,4m,170,257,2025-09-29,2026-01-28,0.9545417905471298,0.041001884177290775,0.003359339508629474,0.9955436747244206,0.9989030142330501,1,2,0.6260547089929247,0.031955419652123195
USDMXN,88,4m,171,258,2025-09-30,2026-01-29,0.9589004387055738,0.03719250151786154,0.0029209495926546575,0.9960929402234354,0.9990138898160901,1,2,0.634262027636974,0.025289710344813483
USDMXN,88,4m,172,259,2025-10-01,2026-01-30,0.9653470795928806,0.03132689331662559,0.0024909836838361782,0.9966739729095062,0.9991649565933424,1,2,0.6182097408619314,0.023475869014600692
USDMXN,88,4m,173,260,2025-10-02,2026-02-02,0.9663004122314606,0.030383475385616487,0.0024665874466375678,0.996683887617077,0.9991504750637146,1,2,0.6491730160065857,0.04517829555888893
USDMXN,88,4m,174,261,2025-10-03,2026-02-03,0.9671933803618994,0.02943503504677614,0.002532199467256716,0.9966284154086755,0.9991606148759322,1,2,0.678380633587128,0.04926611486643143
USDMXN,88,4m,175,262,2025-10-06,2026-02-04,0.9698582911154949,0.026900655219723783,0.0024714326436187546,0.9967589463352187,0.9992303789788375,1,2,0.6983566870834561,0.02587749631480372
USDMXN,88,4m,176,263,2025-10-07,2026-02-05,0.9726043972609494,0.024358752419472968,0.002317625865030313,0.9969631496804223,0.9992807755454527,1,2,0.7124841095183683,0.019377643106173723
USDMXN,88,4m,177,264,2025-10-08,2026-02-06,0.9743294819624607,0.022707083816571567,0.002278657110501338,0.9970365657790323,0.9993152228895337,1,2,0.729114281640962,0.02410964031027638
USDMXN,88,4m,178,265,2025-10-09,2026-02-09,0.9744700615775602,0.022476813570319887,0.0023717510735680684,0.99694687514788,0.9993186262214482,1,2,0.7556507333528086,0.041854488978399496
USDMXN,88,4m,179,266,2025-10-10,2026-02-10,0.9746754550595311,0.02219055069118015,0.002458718595171998,0.9968660057507113,0.9993247243458833,1,2,0.7757831625459514,0.0351780761843367
USDMXN,88,4m,180,267,2025-10-13,2026-02-11,0.9745836950060858,0.022360017181470977,0.0023863133652552875,0.9969437121875567,0.999330025552812,1,2,0.8098106538334823,0.049648733522730165
USDMXN,88,4m,181,268,2025-10-14,2026-02-12,0.9741075254599775,0.022849849084925183,0.00238455901756868,0.9969573745449026,0.9993419335624714,1,2,0.8568426674350801,0.06862960176745563
USDMXN,88,4m,182,269,2025-10-15,2026-02-13,0.9735612947242729,0.023441098010658586,0.002367395990441865,0.9970023927349315,0.9993697887253733,1,2,0.9107203166704996,0.07684050093498582
USDMXN,88,4m,183,270,2025-10-16,2026-02-16,0.9732143928592777,0.02378906660463174,0.002390570578853808,0.9970034594639094,0.9993940300427633,1,2,0.9527673243872746,0.062078817277154905
USDMXN,88,4m,184,271,2025-10-17,2026-02-17,0.9725232048621487,0.024524414997836114,0.0023816832549730703,0.9970476198599848,0.9994293031149579,1,2,0.9945489473263414,0.06580317857542481
USDMXN,88,4m,185,272,2025-10-20,2026-02-18,0.9728000217660698,0.024240633678015728,0.0023920810988478356,0.9970406554440856,0.9994327365429334,1,2,1.0113639178085625,0.02682579047723093
USDMXN,88,4m,186,273,2025-10-21,2026-02-19,0.9733489339798831,0.02369863784456181,0.0023856954533130518,0.9970475718244449,0.9994332672777579,1,2,1.0259030187384826,0.02497802603251849
USDMXN,88,4m,187,274,2025-10-22,2026-02-20,0.9731457351867542,0.02393536578840644,0.0023674837841781717,0.9970811009751607,0.9994485847593388,1,2,1.0460837406801056,0.0370601990024433
USDMXN,88,4m,188,275,2025-10-23,2026-02-23,0.9731167590521984,0.024036422949280892,0.002289217252911836,0.9971531820014793,0.9994423992543912,1,2,1.0672991354578443,0.03658580396078927
USDMXN,88,4m,189,276,2025-10-24,2026-02-24,0.9725993488960715,0.024612860061388537,0.002234345652159029,0.99721220895746,0.9994465546096191,1,2,1.0909185104520422,0.040116017662728314
USDMXN,88,4m,190,277,2025-10-27,2026-02-25,0.9725787814438571,0.024670891021210024,0.0021900394158365717,0.9972496724650671,0.9994397118809037,1,2,1.1170558453779034,0.04746088046147935
USDMXN,88,4m,191,278,2025-10-28,2026-02-26,0.9726061177225983,0.024648836439531235,0.0021761702864356467,0.9972549541621295,0.9994311244485652,1,2,1.1331851988307935,0.03258498944793038
USDMXN,88,4m,192,279,2025-10-29,2026-02-27,0.9728307702103997,0.024442909699582103,0.0021595881117383053,0.9972736799099817,0.9994332680217201,1,2,1.1362423382064104,0.01743082092395245
USDMXN,88,4m,193,280,2025-10-30,2026-03-02,0.9732503076007037,0.024078991069909874,0.0020817205161119544,0.9973292986706136,0.9994110191867256,1,2,1.1392979374234555,0.015364198370790035
USDMXN,88,4m,194,281,2025-10-31,2026-03-03,0.9760512289762554,0.021280583942355193,0.0018589779859589795,0.9973318129186106,0.9991907909045695,1,2,1.040097957382581,0.16768150460562004
USDMXN,88,4m,195,282,2025-11-03,2026-03-04,0.9768324619622489,0.020492924367548515,0.0017681362406520898,0.9973253863297975,0.9990935225704496,1,2,1.0093210739497398,0.06036839537417665
USDMXN,88,4m,196,283,2025-11-04,2026-03-05,0.9785049750771246,0.018737370752303462,0.0017216974266371359,0.9972423458294281,0.9989640432560652,1,2,0.837176330972832,0.268014623782283
USDMXN,88,4m,197,284,2025-11-05,2026-03-06,0.9794223609187962,0.017724632179608565,0.0018262912055524488,0.9971469930984047,0.9989732843039573,1,2,0.5691779051816215,0.43450944415350917
USDMXN,88,4m,198,285,2025-11-06,2026-03-09,0.9797594851437891,0.01724566135691395,0.0019702215857116383,0.997005146500703,0.9989753680864146,1,2,0.4970301936671074,0.2607620150002232
USDMXN,88,4m,199,286,2025-11-07,2026-03-10,0.9795533841579134,0.017216132704611684,0.002174834956479315,0.996769516862525,0.9989443518190044,1,2,0.531393390709068,0.21368154116139537
USDMXN,88,4m,200,287,2025-11-10,2026-03-11,0.978472345370914,0.01799200224444127,0.00247133374460886,0.9964643476153553,0.9989356813599641,1,2,0.5783543414609519,0.13104192283570107
USDMXN,88,4m,201,288,2025-11-11,2026-03-12,0.9760299534719065,0.020303597320724075,0.0026473450610116113,0.9963335507926305,0.9989808958536421,1,2,0.5947896115179522,0.04922801027653215
USDMXN,88,4m,202,289,2025-11-12,2026-03-13,0.9762146905201555,0.020156307347071373,0.0026854090020945855,0.9963709978672269,0.9990564068693215,1,2,0.6084411857520254,0.0270229292930124
USDMXN,88,4m,203,290,2025-11-13,2026-03-16,0.9758228888549498,0.020270142040804597,0.002980207894398632,0.9960930308957544,0.9990732387901531,1,2,0.641730636375443,0.06351690100257058
USDMXN,88,4m,204,291,2025-11-14,2026-03-17,0.9750831022064543,0.020826445782889624,0.0031844607701189327,0.995909547989344,0.9990940087594629,1,2,0.6681104469002743,0.04255459562620024
USDMXN,88,4m,205,292,2025-11-17,2026-03-18,0.9748233479501034,0.020866178561164274,0.0034435178959484262,0.9956895265112676,0.9991330444072161,1,2,0.676660257678498,0.019500658450550774
USDMXN,88,4m,206,293,2025-11-18,2026-03-19,0.9742118526177604,0.021343217145047715,0.0036273909935049006,0.9955550697628082,0.999182460756313,1,2,0.6919912168799721,0.030115990353899433
USDMXN,88,4m,207,294,2025-11-19,2026-03-20,0.9742909563191999,0.021256277548810817,0.0037048850182817895,0.9955472338680107,0.9992521188862925,1,2,0.6919731205629569,0.01755511291045763
USDMXN,88,4m,208,295,2025-11-20,2026-03-23,0.9738879088567647,0.0216061464505249,0.0038156778524878325,0.9954940553072896,0.9993097331597774,1,2,0.7037785672388978,0.027755961716745933
USDMXN,88,4m,209,296,2025-11-21,2026-03-24,0.9723056085544485,0.023167962663050493,0.003872456523051738,0.995473571217499,0.9993460277405507,1,2,0.7126345765699276,0.014514322003516251
USDMXN,88,4m,210,297,2025-11-24,2026-03-25,0.9719882272661559,0.023244271978941605,0.004164811920661877,0.9952324992450975,0.9993973111657594,1,2,0.722483314729938,0.02146053945901711
USDMXN,88,4m,211,298,2025-11-25,2026-03-26,0.9711084683066519,0.02409518544950504,0.004225048780942551,0.9952036537561569,0.9994287025370995,1,2,0.7309395416929487,0.014690951764150311
USDMXN,88,4m,212,299,2025-11-26,2026-03-27,0.9689398166950548,0.02617480778818438,0.004322065993167773,0.9951146244832392,0.9994366904764069,1,2,0.7406287758104897,0.02012737688829657
USDMXN,110,5m,1,110,2025-02-04,2025-07-07,0.981557411038705,0.014350279099880703,0.0034340849618050054,0.9959076901385857,0.9993417751003907,1,2,0.378218921662984,NA
USDMXN,110,5m,2,111,2025-02-05,2025-07-08,0.9814626629359534,0.014392802765736781,0.0034773358782450047,0.9958554657016901,0.9993328015799352,1,2,0.3778189674275777,0.0042951374119980104
USDMXN,110,5m,3,112,2025-02-06,2025-07-09,0.9815039366076055,0.01433555027268524,0.0034846238092804253,0.9958394868802908,0.9993241106895712,1,2,0.3781895612217989,0.0032215970183808377
USDMXN,110,5m,4,113,2025-02-07,2025-07-10,0.9815559085687772,0.014257471287596973,0.0035028430255885906,0.9958133798563742,0.9993162228819628,1,2,0.3787478656261599,0.00616143721998434
USDMXN,110,5m,5,114,2025-02-10,2025-07-11,0.9815913081602838,0.014206209263824859,0.0035120652305013107,0.9957975174241087,0.99930958265461,1,2,0.3793401693569218,0.0068355342094045006
USDMXN,110,5m,6,115,2025-02-11,2025-07-14,0.9818137984021885,0.013938368901166155,0.00355410630319383,0.9957521673033547,0.9993062736065486,1,2,0.3816587172384717,0.008386436411252515
USDMXN,110,5m,7,116,2025-02-12,2025-07-15,0.9822025570560425,0.01352601875200378,0.0035733782401590544,0.9957285758080463,0.9993019540482053,1,2,0.38346352412501544,0.0032292775411748337
USDMXN,110,5m,8,117,2025-02-13,2025-07-16,0.9823790090349298,0.013317321959002173,0.0035913122853770984,0.995696330993932,0.9992876432793091,1,2,0.38417759107092064,0.004748955643731702
USDMXN,110,5m,9,118,2025-02-14,2025-07-17,0.982634298117427,0.013088454348566467,0.0035561101282886596,0.9957227524659934,0.9992788625942821,1,2,0.38431893038665316,0.006954883005923772
USDMXN,110,5m,10,119,2025-02-17,2025-07-18,0.9827128362003462,0.01301267512376737,0.003546895110843226,0.9957255113241136,0.9992724064349569,1,2,0.38385410482513155,0.013777666842525488
USDMXN,110,5m,11,120,2025-02-18,2025-07-21,0.9829802947079234,0.012746914729179135,0.0035439680394006626,0.9957272094371025,0.9992711774765032,1,2,0.3837566593797384,0.010874498720993329
USDMXN,110,5m,12,121,2025-02-19,2025-07-22,0.9831945181077585,0.01252650178423077,0.003539060157215181,0.9957210198919892,0.9992600800492044,1,2,0.3771584689439159,0.014204309637254654
USDMXN,110,5m,13,122,2025-02-20,2025-07-23,0.9834505298075331,0.012462839375939037,0.0033511035376775976,0.9959133691834722,0.9992644727211497,1,2,0.3717910255625145,0.03587671377368539
USDMXN,110,5m,14,123,2025-02-21,2025-07-24,0.9836077143230775,0.012355622459613252,0.0032989373964100585,0.9959633367826908,0.9992622741791007,1,2,0.36659915446933705,0.020415406250416757
USDMXN,110,5m,15,124,2025-02-24,2025-07-25,0.9836759769542105,0.012286681036530116,0.0032942061908369166,0.9959626579907406,0.9992568641815776,1,2,0.3620681109518195,0.015509987017622186
USDMXN,110,5m,16,125,2025-02-25,2025-07-28,0.9836586240429428,0.012242734858846775,0.00334897049567093,0.9959013589017895,0.9992503293974605,1,2,0.35258983491968754,0.017962112425358247
USDMXN,110,5m,17,126,2025-02-26,2025-07-29,0.9833954321161181,0.012469293380892558,0.0033769636057543687,0.9958647254970107,0.999241689102765,1,2,0.3445261657565615,0.020702103248530723
USDMXN,110,5m,18,127,2025-02-27,2025-07-30,0.9831378359899328,0.012600101824084452,0.0034975185671050064,0.9957379378140172,0.9992354563811222,1,2,0.34278115172950385,0.04922496995453345
USDMXN,110,5m,19,128,2025-02-28,2025-07-31,0.9826448004380575,0.012955540571960484,0.0036314788258207417,0.9956003410100179,0.9992318198358386,1,2,0.344194001898766,0.030821679791702417
USDMXN,110,5m,20,129,2025-03-03,2025-08-01,0.9820990549332125,0.013440169208959433,0.0036873781779473893,0.9955392241421719,0.9992266023201193,1,2,0.34184703849888887,0.016475278403957263
USDMXN,110,5m,21,130,2025-03-04,2025-08-04,0.9818837189894493,0.013652210730218049,0.0036818639229873724,0.9955359297196673,0.9992177936426547,1,2,0.34300534078009426,0.02474475034423145
USDMXN,110,5m,22,131,2025-03-05,2025-08-05,0.9806583796504531,0.01466688799434843,0.003857005365804966,0.9953252676448016,0.9991822730106065,1,2,0.3408319795371732,0.010051766698164263
USDMXN,110,5m,23,132,2025-03-06,2025-08-06,0.9792850474796375,0.01585210188773887,0.004018612066617745,0.9951371493673764,0.9991557614339941,1,2,0.33876481874645425,0.017309206979202855
USDMXN,110,5m,24,133,2025-03-07,2025-08-07,0.9789552139469745,0.01617926611408703,0.004033924020706628,0.9951344800610615,0.9991684040817681,1,2,0.3374049796268661,0.01321704237346022
USDMXN,110,5m,25,134,2025-03-10,2025-08-08,0.9790577708119308,0.01610003385549763,0.004030586527324394,0.9951578046674284,0.9991883911947528,1,2,0.33772846298963166,0.012728597246470425
USDMXN,110,5m,26,135,2025-03-11,2025-08-11,0.9792932055314509,0.0158813056143795,0.004025228641745679,0.9951745111458304,0.9991997397875761,1,2,0.3380503614034207,0.013905213039278696
USDMXN,110,5m,27,136,2025-03-12,2025-08-12,0.9794444408367599,0.015739189942919722,0.004034096546391393,0.9951836307796795,0.999217727326071,1,2,0.3387214079298304,0.011671568832390926
USDMXN,110,5m,28,137,2025-03-13,2025-08-13,0.9795374082660251,0.01564977514042308,0.004049326210349549,0.9951871834064482,0.9992365096167977,1,2,0.33768077388937023,0.011074065422845107
USDMXN,110,5m,29,138,2025-03-14,2025-08-14,0.9794628733298274,0.01582196818080182,0.0039875864210475375,0.9952848415106292,0.9992724279316768,1,2,0.3407384283327083,0.024604875105162297
USDMXN,110,5m,30,139,2025-03-17,2025-08-15,0.9792859323419644,0.016019426661608133,0.003989139474966817,0.9953053590035725,0.9992944984785394,1,2,0.34063967201458845,0.008682243884664436
USDMXN,110,5m,31,140,2025-03-18,2025-08-18,0.9792197707744404,0.016115445693275936,0.003982152952236752,0.9953352164677164,0.9993173694199531,1,2,0.3421560017567094,0.010789884707197524
USDMXN,110,5m,32,141,2025-03-19,2025-08-19,0.9792240861112141,0.01612864262262842,0.003990052185183386,0.9953527287338426,0.999342780919026,1,2,0.3435159974743641,0.012317057386122892
USDMXN,110,5m,33,142,2025-03-20,2025-08-20,0.9792442371078923,0.01612394039942122,0.003981821223741443,0.9953681775073135,0.999349998731055,1,2,0.3437166888472834,0.008810053968339058
USDMXN,110,5m,34,143,2025-03-21,2025-08-21,0.9793389156336071,0.016039482818271746,0.003975287299469178,0.9953783984518788,0.999353685751348,1,2,0.3434482861036052,0.008331429783881388
USDMXN,110,5m,35,144,2025-03-24,2025-08-22,0.9792946992533363,0.016064059681030612,0.004000179806488309,0.995358758934367,0.9993589387408552,1,2,0.3452947584353172,0.008252233351421426
USDMXN,110,5m,36,145,2025-03-25,2025-08-25,0.9794162889816397,0.01592114627379885,0.00402993456892531,0.9953374352554385,0.9993673698243638,1,2,0.34739578984865777,0.009359159670788576
USDMXN,110,5m,37,146,2025-03-26,2025-08-26,0.979640133129982,0.015700688943973348,0.004040895064550315,0.9953408220739554,0.9993817171385057,1,2,0.35081671904701694,0.009491562068192691
USDMXN,110,5m,38,147,2025-03-27,2025-08-27,0.9790193905447555,0.016198686282244662,0.004158822027744179,0.9952180768270001,0.9993768988547443,1,2,0.35267208524162214,0.005601352346234042
USDMXN,110,5m,39,148,2025-03-28,2025-08-28,0.9777337403956488,0.01722822904759142,0.004384896539723559,0.9949619694432402,0.9993468659829637,1,2,0.3532297635260065,0.006080833465831368
USDMXN,110,5m,40,149,2025-03-31,2025-08-29,0.9760795473252056,0.018772929329769397,0.0044453567632842155,0.994852476654975,0.9992978334182593,1,2,0.36175626346933604,0.021610252235561386
USDMXN,110,5m,41,150,2025-04-01,2025-09-01,0.9742552438666103,0.02036526188150563,0.004623707465181941,0.994620505748116,0.9992442132132979,1,2,0.3665959182538655,0.014487884976490863
USDMXN,110,5m,42,151,2025-04-02,2025-09-02,0.9723267097301571,0.02185075129493265,0.005005743284151493,0.9941774610250897,0.9991832043092412,1,2,0.358728145572468,0.014758945852709048
USDMXN,110,5m,43,152,2025-04-03,2025-09-03,0.9702686640315908,0.02350241236221893,0.00533895628475551,0.9937710763938098,0.9991100326785652,1,2,0.353394190112252,0.017928511814181272
USDMXN,110,5m,44,153,2025-04-04,2025-09-04,0.9699393793636901,0.023616622595410537,0.005537154024597866,0.9935560019591007,0.9990931559836985,1,2,0.34304450034866046,0.018839701498358456
USDMXN,110,5m,45,154,2025-04-07,2025-09-05,0.9666227369003214,0.026065363968564036,0.006271634379858166,0.9926881008688855,0.9989597352487436,1,2,0.338214084407517,0.013613294131775542
USDMXN,110,5m,46,155,2025-04-08,2025-09-08,0.9618844970055643,0.029456299110086875,0.007415383546377244,0.9913407961156512,0.9987561796620285,1,2,0.3315876278380002,0.010895861363270379
USDMXN,110,5m,47,156,2025-04-09,2025-09-09,0.9583117519855349,0.031790493151183576,0.008466646237972355,0.9901022451367184,0.9985688913746908,1,2,0.3295360523395123,0.008490949735760615
USDMXN,110,5m,48,157,2025-04-10,2025-09-10,0.9475122384840753,0.03922656527467839,0.011334709334298794,0.9867388037587537,0.9980735130930525,2,3,0.3241067401619122,0.009793226821989555
USDMXN,110,5m,49,158,2025-04-11,2025-09-11,0.9360358608532474,0.046733722885612984,0.014602145286938232,0.9827695837388604,0.9973717290257986,2,3,0.32001215139601247,0.010799820998403287
USDMXN,110,5m,50,159,2025-04-14,2025-09-12,0.9332944216991826,0.04698289720722873,0.016528229449493677,0.9802773189064113,0.9968055483559051,2,3,0.30458315594745766,0.02689898531190542
USDMXN,110,5m,51,160,2025-04-15,2025-09-15,0.9364085320838496,0.04432770017846827,0.01607978473258027,0.9807362322623179,0.9968160169948981,2,3,0.287642778059446,0.029121598491961793
USDMXN,110,5m,52,161,2025-04-16,2025-09-16,0.9390698168353597,0.042085127525425356,0.015696184841764025,0.9811549443607851,0.9968511292025491,2,3,0.28119495572471376,0.01748393764299345
USDMXN,110,5m,53,162,2025-04-17,2025-09-17,0.9365683670816508,0.04424380224905799,0.01584124024716871,0.9808121693307088,0.9966534095778775,2,3,0.2685280344571443,0.029004398029114437
USDMXN,110,5m,54,163,2025-04-18,2025-09-18,0.9342460813598902,0.04543394709499251,0.016827300438376255,0.9796800284548827,0.996507328893259,2,3,0.25249713397220247,0.03762816872454962
USDMXN,110,5m,55,164,2025-04-21,2025-09-19,0.9368857462340339,0.04329812829218748,0.016354711849426804,0.9801838745262214,0.9965385863756482,2,3,0.24247008142333135,0.03866761379436817
USDMXN,110,5m,56,165,2025-04-22,2025-09-22,0.9399089545940355,0.0409978680822394,0.015683888929938477,0.9809068226762748,0.9965907116062134,2,3,0.23691606264859907,0.05340555057230557
USDMXN,110,5m,57,166,2025-04-23,2025-09-23,0.9426646939825553,0.03910230148928384,0.014934774751838123,0.9817669954718391,0.9967017702236772,2,3,0.24597776579695138,0.06299133716173207
USDMXN,110,5m,58,167,2025-04-24,2025-09-24,0.9452695862217055,0.03646614266848219,0.015146689449510366,0.9817357288901878,0.9968824183396982,2,3,0.2670010781706795,0.06119970243546583
USDMXN,110,5m,59,168,2025-04-25,2025-09-25,0.9455926697034596,0.03554149305539399,0.015791347311515505,0.9811341627588536,0.9969255100703691,2,3,0.2750451849260459,0.02644300017881418
USDMXN,110,5m,60,169,2025-04-28,2025-09-26,0.9479149412383757,0.03374524361175592,0.015366014322359898,0.9816601848501316,0.9970261991724916,2,3,0.28676582437245274,0.024779881702846233
USDMXN,110,5m,61,170,2025-04-29,2025-09-29,0.9471389561607768,0.03478861874686504,0.015101490408754217,0.9819275749076418,0.9970290653163961,2,3,0.3009184135194797,0.027582185136238935
USDMXN,110,5m,62,171,2025-04-30,2025-09-30,0.9461693599471972,0.035552613434504596,0.015310889992072549,0.9817219733817018,0.9970328633737744,2,3,0.3147878201951489,0.026089262524366438
USDMXN,110,5m,63,172,2025-05-01,2025-10-01,0.945546852386925,0.03619699905196014,0.015329030797391669,0.9817438514388852,0.9970728822362769,2,3,0.33361746603789655,0.03097343924350126
USDMXN,110,5m,64,173,2025-05-02,2025-10-02,0.9463691198066561,0.03561757126688592,0.015197756114659199,0.981986691073542,0.9971844471882012,2,3,0.35835300644673374,0.03710415511801715
USDMXN,110,5m,65,174,2025-05-05,2025-10-03,0.9477466410604166,0.033804583332367744,0.015776679139380252,0.9815512243927844,0.9973279035321646,2,3,0.3805240168832519,0.03515435383875145
USDMXN,110,5m,66,175,2025-05-06,2025-10-06,0.9479418377707597,0.03371068302966914,0.015859678430484372,0.9816525208004289,0.9975121992309132,2,3,0.411621757363998,0.041124567988819916
USDMXN,110,5m,67,176,2025-05-07,2025-10-07,0.9479171127850328,0.03384289032369234,0.01592756669052913,0.9817600031087251,0.9976875697992542,2,3,0.4430011358967833,0.039945382430663735
USDMXN,110,5m,68,177,2025-05-08,2025-10-08,0.9478742604407909,0.033884067006799815,0.01609796524563924,0.9817583274475907,0.99785629269323,2,3,0.4695546699517002,0.03433662425851972
USDMXN,110,5m,69,178,2025-05-09,2025-10-09,0.9443894897548701,0.0361320506749582,0.017285063312513664,0.9805215404298283,0.997806603742342,2,3,0.4880145323671888,0.02277046510324087
USDMXN,110,5m,70,179,2025-05-12,2025-10-10,0.9450596788207078,0.03563749948046861,0.01721411472898052,0.9806971783011764,0.997911293030157,2,3,0.5026497610224233,0.020208393872572363
USDMXN,110,5m,71,180,2025-05-13,2025-10-13,0.9448362142285412,0.03530539513674125,0.01775822736216372,0.9801416093652825,0.9978998367274462,2,3,0.5098192954904601,0.01554472777796739
USDMXN,110,5m,72,181,2025-05-14,2025-10-14,0.9454712918585774,0.034321202294688866,0.018075182578401794,0.9797924941532662,0.997867676731668,2,3,0.5130251034633859,0.009422346523331081
USDMXN,110,5m,73,182,2025-05-15,2025-10-15,0.9457176580088262,0.033704207965991384,0.01840297441921022,0.9794218659748176,0.9978248403940279,2,3,0.5168757158696202,0.005657245435257999
USDMXN,110,5m,74,183,2025-05-16,2025-10-16,0.9460686539825583,0.032992771662916955,0.01872238016170029,0.9790614256454753,0.9977838058071756,2,3,0.5205260246746882,0.008578080475429605
USDMXN,110,5m,75,184,2025-05-19,2025-10-17,0.9461855317682597,0.03208019874506778,0.019495339739144704,0.9782657305133274,0.9977610702524722,2,3,0.5229688818959232,0.009242885395219776
USDMXN,110,5m,76,185,2025-05-20,2025-10-20,0.9442206898002289,0.03230721075995984,0.021107958592078646,0.9765279005601887,0.9976358591522674,2,3,0.5241472437505774,0.01050185447909759
USDMXN,110,5m,77,186,2025-05-21,2025-10-21,0.9420897676118787,0.0336785010905311,0.02177359571881849,0.9757682687024097,0.9975418644212283,2,3,0.528464904109171,0.007140346923567581
USDMXN,110,5m,78,187,2025-05-22,2025-10-22,0.9412915845262444,0.034400915459396726,0.021833439476625683,0.9756924999856411,0.9975259394622668,2,3,0.5380621134749572,0.011454581203060352
USDMXN,110,5m,79,188,2025-05-23,2025-10-23,0.9406242073053411,0.035216978896981055,0.02166917119003132,0.9758411862023222,0.9975103573923535,2,3,0.5492142644357152,0.013839453027044483
USDMXN,110,5m,80,189,2025-05-26,2025-10-24,0.9409626899965118,0.03548335834777313,0.02108856123301697,0.976446048344285,0.9975346095773019,2,3,0.5619254063058267,0.01777822628860484
USDMXN,110,5m,81,190,2025-05-27,2025-10-27,0.9416684008336251,0.03554301750626323,0.020379558419176696,0.9772114183398883,0.997590976759065,2,3,0.578332714900916,0.019694450583199883
USDMXN,110,5m,82,191,2025-05-28,2025-10-28,0.9414289748114032,0.03610650412660951,0.020081590632861968,0.9775354789380127,0.9976170695708747,2,3,0.5942896608626526,0.0219245971596862
USDMXN,110,5m,83,192,2025-05-29,2025-10-29,0.9424738246360197,0.03586941963801847,0.019308166841166118,0.9783432442740382,0.9976514111152043,2,3,0.6092834687898337,0.02487486270585879
USDMXN,110,5m,84,193,2025-05-30,2025-10-30,0.9429742673139982,0.03483321888867132,0.019817506201043455,0.9778074862026696,0.997624992403713,2,3,0.6121841090165497,0.021522353088455192
USDMXN,110,5m,85,194,2025-06-02,2025-10-31,0.9423423351508836,0.03492286792478115,0.020311656181209312,0.9772652030756648,0.9975768592568741,2,3,0.6096501610098272,0.019504810095639143
USDMXN,110,5m,86,195,2025-06-03,2025-11-03,0.9414407733847607,0.03553644173967671,0.02056518798857922,0.9769772151244375,0.9975424031130167,2,3,0.6049078342351456,0.017666747310518992
USDMXN,110,5m,87,196,2025-06-04,2025-11-04,0.9429967269595927,0.03457314667769188,0.019979957380707177,0.9775698736372845,0.9975498310179918,2,3,0.5984763531590873,0.01705332528616812
USDMXN,110,5m,88,197,2025-06-05,2025-11-05,0.9436186859930213,0.03414515387656545,0.019777265019993304,0.9777638398695868,0.9975411048895801,2,3,0.5920298414353762,0.011590068019022551
USDMXN,110,5m,89,198,2025-06-06,2025-11-06,0.9437397353506314,0.03406740789109721,0.01970091403211147,0.9778071432417286,0.9975080572738401,2,3,0.5847276648550326,0.013388801923682643
USDMXN,110,5m,90,199,2025-06-09,2025-11-07,0.9434940249305024,0.03404791889732073,0.01994011906165371,0.9775419438278231,0.9974820628894768,2,3,0.5772000433583784,0.014401016909873488
USDMXN,110,5m,91,200,2025-06-10,2025-11-10,0.9437494612397959,0.03382804586840965,0.019913493415877608,0.9775775071082056,0.9974910005240831,2,3,0.5707994703894805,0.013804279827021183
USDMXN,110,5m,92,201,2025-06-11,2025-11-11,0.9426934686712668,0.03433179814316743,0.02039764231439436,0.9770252668144342,0.9974229091288286,2,3,0.5642979218401268,0.013002041580049487
USDMXN,110,5m,93,202,2025-06-12,2025-11-12,0.9409941994213399,0.03508534833273724,0.021269235969108107,0.9760795477540771,0.9973487837231853,2,3,0.5574525807779087,0.01386662055800818
USDMXN,110,5m,94,203,2025-06-13,2025-11-13,0.9410037199286322,0.03497972673643449,0.021354085206562318,0.9759834466650666,0.997337531871629,2,3,0.5500750859921901,0.011660602530078987
USDMXN,110,5m,95,204,2025-06-16,2025-11-14,0.9401358309059503,0.03533268412933679,0.021791588100199665,0.9754685150352871,0.9972601031354867,2,3,0.5450535339630097,0.011090812441206091
USDMXN,110,5m,96,205,2025-06-17,2025-11-17,0.9402484391909626,0.035610893535175187,0.021409874205409588,0.9758593327261378,0.9972692069315473,2,3,0.5436826157720064,0.01325623350058797
USDMXN,110,5m,97,206,2025-06-18,2025-11-18,0.9398714367883774,0.03620021302079836,0.02117376969495202,0.9760716498091757,0.9972454195041277,2,3,0.5425515223255967,0.01302384806719028
USDMXN,110,5m,98,207,2025-06-19,2025-11-19,0.9400588807226498,0.03652228705460629,0.02065665682062487,0.976581167777256,0.9972378245978809,2,3,0.5419504628171886,0.014049031982071844
USDMXN,110,5m,99,208,2025-06-20,2025-11-20,0.9385292447261789,0.03772129744777471,0.020880438185099978,0.9762505421739537,0.9971309803590536,2,3,0.5375321083906895,0.014168244234260875
USDMXN,110,5m,100,209,2025-06-23,2025-11-21,0.94009185406549,0.03712444721263783,0.019946478893756024,0.9772163012781279,0.9971627801718839,2,3,0.5351023363281726,0.016308639413835698
USDMXN,110,5m,101,210,2025-06-24,2025-11-24,0.941244748912457,0.03694262536867277,0.019031846033105176,0.9781873742811298,0.9972192203142349,2,3,0.5365830045620066,0.029195756149411303
USDMXN,110,5m,102,211,2025-06-25,2025-11-25,0.9437305656955998,0.035041919133102936,0.018473212082171273,0.9787724848287027,0.997245696910874,2,3,0.536564028717868,0.031665813942300884
USDMXN,110,5m,103,212,2025-06-26,2025-11-26,0.9454788747922863,0.03404416509128264,0.017753541928130882,0.9795230398835689,0.9972765818116999,2,3,0.5337512054861284,0.022227753309606055
USDMXN,110,5m,104,213,2025-06-27,2025-11-27,0.9458731566640023,0.03392424831193436,0.017468657063732865,0.9797974049759366,0.9972660620396695,2,3,0.5306783284356107,0.01856270999713527
USDMXN,110,5m,105,214,2025-06-30,2025-11-28,0.9462233451431358,0.03388344787347189,0.017154017693200796,0.9801067930166076,0.9972608107098084,2,3,0.5275640150217017,0.017796551784058194
USDMXN,110,5m,106,215,2025-07-01,2025-12-01,0.9465169351646865,0.03397095730120585,0.01678449095798202,0.9804878924658923,0.9972723834238744,2,3,0.5259156586983489,0.01715806976818587
USDMXN,110,5m,107,216,2025-07-02,2025-12-02,0.9460967127580229,0.034411913402247786,0.016753453191773647,0.9805086261602707,0.9972620793520444,2,3,0.5234791482558842,0.01745232811148321
USDMXN,110,5m,108,217,2025-07-03,2025-12-03,0.9453640623051736,0.035162036410876465,0.016750070929406335,0.98052609871605,0.9972761696454564,2,3,0.5195218702775871,0.01787912748610401
USDMXN,110,5m,109,218,2025-07-04,2025-12-04,0.944030382084871,0.03647628955954191,0.016790071090470385,0.9805066716444129,0.9972967427348833,2,3,0.5153370517289464,0.02185762096709922
USDMXN,110,5m,110,219,2025-07-07,2025-12-05,0.9425464209245558,0.03798830573933327,0.016786331953735946,0.9805347266638891,0.997321058617625,2,3,0.5097057813493715,0.02251995883891262
USDMXN,110,5m,111,220,2025-07-08,2025-12-08,0.9420845146458663,0.038800332927270975,0.016459771660073435,0.9808848475731373,0.9973446192332107,2,3,0.507053621191954,0.015927984979817348
USDMXN,110,5m,112,221,2025-07-09,2025-12-09,0.9427183107000406,0.03876833969444953,0.01593563839786264,0.9814866503944901,0.9974222887923528,2,3,0.5088451951303274,0.020744437662809458
USDMXN,110,5m,113,222,2025-07-10,2025-12-10,0.9420299079702448,0.03986548132249794,0.01557046558733071,0.9818953892927427,0.9974658548800734,2,3,0.5110686520192117,0.02063250289736141
USDMXN,110,5m,114,223,2025-07-11,2025-12-11,0.941131017881579,0.04136859706744283,0.01504313663582506,0.9824996149490218,0.997542751584847,2,3,0.511172367483327,0.024176449314275376
USDMXN,110,5m,115,224,2025-07-14,2025-12-12,0.9406917031414331,0.042686654089642284,0.014252613602784747,0.9833783572310755,0.9976309708338602,2,3,0.5117836659058992,0.026505421180164707
USDMXN,110,5m,116,225,2025-07-15,2025-12-15,0.9389159156541467,0.04541865045456081,0.013342569892030642,0.9843345661087075,0.9976771360007382,2,3,0.5130825437171685,0.03211367666511733
USDMXN,110,5m,117,226,2025-07-16,2025-12-16,0.9386488504259934,0.046631628971046925,0.012484396035756651,0.9852804793970403,0.997764875432797,2,3,0.5147657706633443,0.03066067340503624
USDMXN,110,5m,118,227,2025-07-17,2025-12-17,0.9384248307143587,0.04769706487140734,0.011749114164052573,0.986121895585766,0.9978710097498186,2,3,0.5194848130554797,0.03487079031534847
USDMXN,110,5m,119,228,2025-07-18,2025-12-18,0.9428270587796292,0.04498874601627184,0.01031301560726882,0.9878158047959011,0.9981288204031699,2,3,0.5259490555177503,0.04041746208773516
USDMXN,110,5m,120,229,2025-07-21,2025-12-19,0.9471859007160863,0.04266086580310342,0.008601450953708087,0.9898467665191898,0.9984482174728978,2,3,0.5320197860006816,0.037793196013832867
USDMXN,110,5m,121,230,2025-07-22,2025-12-22,0.9522767468706802,0.039460754791883455,0.006994216544970756,0.9917375016625637,0.9987317182075344,1,2,0.5454604023883618,0.04953922287004505
USDMXN,110,5m,122,231,2025-07-23,2025-12-23,0.9537710567511889,0.03853039315498354,0.006506147530059323,0.9923014499061724,0.9988075974362317,1,2,0.546515426175763,0.012643942515876052
USDMXN,110,5m,123,232,2025-07-24,2025-12-24,0.9547692734506424,0.038022088741648516,0.006083629070689613,0.9927913621922909,0.9988749912629805,1,2,0.5480054343522391,0.015355788780893713
USDMXN,110,5m,124,233,2025-07-25,2025-12-25,0.9564254006081149,0.03678713335536458,0.00571504684373542,0.9932125339634794,0.9989275808072149,1,2,0.5487022406521351,0.01084215001530099
USDMXN,110,5m,125,234,2025-07-28,2025-12-26,0.9569675465185414,0.03657255697660147,0.005425619082092292,0.9935401034951429,0.9989657225772351,1,2,0.5492274820296402,0.0064216793358626385
USDMXN,110,5m,126,235,2025-07-29,2025-12-29,0.956516554022556,0.037118662541434054,0.005338514940967919,0.99363521656399,0.9989737315049579,1,2,0.5470354351552357,0.012083747142704382
USDMXN,110,5m,127,236,2025-07-30,2025-12-30,0.9559263871565515,0.03774214063759743,0.005313115317948755,0.9936685277941489,0.9989816431120977,1,2,0.5451218167343675,0.010880898150948183
USDMXN,110,5m,128,237,2025-07-31,2025-12-31,0.9570983062132268,0.03668390110058718,0.0051966690120301105,0.993782207313814,0.998978876325844,1,2,0.5446051846129538,0.013445149485502881
USDMXN,110,5m,129,238,2025-08-01,2026-01-01,0.9571067256931307,0.0367255535531782,0.005131852872582436,0.9938322792463089,0.9989641321188913,1,2,0.541304107462037,0.01380083162304585
USDMXN,110,5m,130,239,2025-08-04,2026-01-02,0.9540080856790196,0.039724489493977756,0.0052177175754997964,0.9937325751729974,0.9989502927484972,1,2,0.5375397524395394,0.013441980578276941
USDMXN,110,5m,131,240,2025-08-05,2026-01-05,0.9536102083300719,0.04004691011176466,0.005258981038103727,0.9936571184418366,0.9989160994799403,1,2,0.5304240306173827,0.022820389113206555
USDMXN,110,5m,132,241,2025-08-06,2026-01-06,0.9528379970887517,0.04068110195280164,0.0053640925882759895,0.9935190990415533,0.9988831916298293,1,2,0.520119402165167,0.026106869582539834
USDMXN,110,5m,133,242,2025-08-07,2026-01-07,0.9518497390714482,0.0414798660865408,0.0055039581526288685,0.993329605157989,0.9988335633106179,1,2,0.5093084883165435,0.030743777721824572
USDMXN,110,5m,134,243,2025-08-08,2026-01-08,0.9509551587221206,0.04228060095798504,0.005563305927717253,0.9932357596801056,0.9987990656078228,1,2,0.4994299805249169,0.025182256275251873
USDMXN,110,5m,135,244,2025-08-11,2026-01-09,0.9501899520719348,0.04291251413835216,0.005655907689981021,0.993102466210287,0.998758373900268,1,2,0.4912157578885078,0.02280937250238523
USDMXN,110,5m,136,245,2025-08-12,2026-01-12,0.9501424065901276,0.0427493368450983,0.005788657919353714,0.9928917434352259,0.9986804013545796,1,2,0.4846246018742231,0.04566060160397681
USDMXN,110,5m,137,246,2025-08-13,2026-01-13,0.9497591993720419,0.04274796709773661,0.0061112061592709654,0.9925071664697785,0.9986183726290495,2,2,0.4825923388324377,0.047753297485904844
USDMXN,110,5m,138,247,2025-08-14,2026-01-14,0.9494127615867429,0.04289046818672333,0.006266999330740226,0.9923032297734663,0.9985702291042065,2,2,0.47698482368391315,0.0310496617186997
USDMXN,110,5m,139,248,2025-08-15,2026-01-15,0.9486036577054274,0.04367851933172543,0.006229826451462252,0.9922821770371528,0.9985120034886151,2,2,0.4757403264154093,0.03387526205829072
USDMXN,110,5m,140,249,2025-08-18,2026-01-16,0.9474948478872194,0.04475571786558137,0.006225315699590577,0.9922505657528008,0.9984758814523913,2,2,0.4705258097970785,0.02397098554521475
USDMXN,110,5m,141,250,2025-08-19,2026-01-19,0.946668136633814,0.045669889033379055,0.006099236278384791,0.9923380256671931,0.9984372619455778,2,2,0.4679242783771504,0.027190747773793128
USDMXN,110,5m,142,251,2025-08-20,2026-01-20,0.9463886137776454,0.04622500408923571,0.005838365335368162,0.9926136178668811,0.9984519832022493,2,2,0.4737393187096236,0.027568506001379733
USDMXN,110,5m,143,252,2025-08-21,2026-01-21,0.9463860976553736,0.04635589526208409,0.005709562054662947,0.9927419929174577,0.9984515549721207,2,2,0.482390982898461,0.032315642469217774
USDMXN,110,5m,144,253,2025-08-22,2026-01-22,0.9464768828848494,0.046414500682894266,0.005572372037538224,0.9928913835677438,0.9984637556052819,2,2,0.48932142809533896,0.03324453925412443
USDMXN,110,5m,145,254,2025-08-25,2026-01-23,0.9460202833588355,0.047204238545364485,0.00525691428334404,0.9932245219042,0.998481436187544,2,2,0.4894859720022515,0.01995332825690229
USDMXN,110,5m,146,255,2025-08-26,2026-01-26,0.9458612984069683,0.04780224842813643,0.004830562856302237,0.9936635468351047,0.998494109691407,2,2,0.4976154084274742,0.0279291329706867
USDMXN,110,5m,147,256,2025-08-27,2026-01-27,0.9471748332962782,0.04715785994960303,0.004277951610282039,0.9943326932458811,0.9986106448561632,2,2,0.5109675208546872,0.02636759632713294
USDMXN,110,5m,148,257,2025-08-28,2026-01-28,0.9484787129682272,0.04616262941043249,0.0040082568837204605,0.9946413423786596,0.9986495992623802,2,2,0.5206457131747854,0.03330877435812458
USDMXN,110,5m,149,258,2025-08-29,2026-01-29,0.9523139348223999,0.04284389066340209,0.003605889656519444,0.995157825485802,0.9987637151423214,1,2,0.5304752116452793,0.022065017367264593
USDMXN,110,5m,150,259,2025-09-01,2026-01-30,0.9587258884039433,0.03718036560264309,0.003031019404696098,0.9959062540065864,0.9989372734112826,1,2,0.5278971430840397,0.007294328561981993
USDMXN,110,5m,151,260,2025-09-02,2026-02-02,0.9596037329856341,0.036391146207350976,0.002928394405690457,0.995994879192985,0.9989232735986755,1,2,0.5586936855399112,0.05104693729809284
USDMXN,110,5m,152,261,2025-09-03,2026-02-03,0.9601196806064266,0.03579622336443006,0.003007165150278725,0.9959159039708567,0.9989230691211354,1,2,0.5884106063601404,0.0568565550454165
USDMXN,110,5m,153,262,2025-09-04,2026-02-04,0.9626234470402871,0.03341872304715186,0.002954187476717883,0.996042170087439,0.9989963575641568,1,2,0.6153248619810678,0.03641931496836233
USDMXN,110,5m,154,263,2025-09-05,2026-02-05,0.9653087545992812,0.030993354664641454,0.002752102718472345,0.9963021092639227,0.9990542119823951,1,2,0.6381133028351065,0.029810310002630003
USDMXN,110,5m,155,264,2025-09-08,2026-02-06,0.9672148287200505,0.029234915252155647,0.002655135351935858,0.9964497439722061,0.999104879324142,1,2,0.6614335910044766,0.0349445730603551
USDMXN,110,5m,156,265,2025-09-09,2026-02-09,0.96757034544276,0.02882962600269492,0.0027247673530779496,0.9963999714454549,0.9991247387985329,1,2,0.6919851675458658,0.052701120400176424
USDMXN,110,5m,157,266,2025-09-10,2026-02-10,0.9676589405774084,0.028682660410023573,0.0027983435082191283,0.996341600987432,0.9991399444956511,1,2,0.721105462386179,0.04912098599370433
USDMXN,110,5m,158,267,2025-09-11,2026-02-11,0.9678589488170959,0.028376035830928938,0.0029127867416912645,0.9962349846480248,0.9991477713897161,1,2,0.734272897794583,0.024520853253856903
USDMXN,110,5m,159,268,2025-09-12,2026-02-12,0.967557881473305,0.028526494509939264,0.0030517552475498224,0.9960843759832443,0.9991361312307941,1,2,0.7554746730628787,0.03353256964213647
USDMXN,110,5m,160,269,2025-09-15,2026-02-13,0.9671901073174205,0.028722458348077608,0.0032133554823917236,0.9959125656654981,0.9991259211478898,1,2,0.7727058837637817,0.02834423130998539
USDMXN,110,5m,161,270,2025-09-16,2026-02-16,0.9667737025535107,0.02898268325829517,0.0033574335179545386,0.9957563858118058,0.9991138193297604,1,2,0.7890668236617988,0.029800955731509444
USDMXN,110,5m,162,271,2025-09-17,2026-02-17,0.9662387165735291,0.029491232729513452,0.0033902996316697346,0.9957299493030426,0.9991202489347123,1,2,0.8106447125951264,0.042637226650893575
USDMXN,110,5m,163,272,2025-09-18,2026-02-18,0.9662889592755912,0.029388261895417756,0.003445705272057979,0.995677221171009,0.999122926443067,1,2,0.8250106608631845,0.02288741686868194
USDMXN,110,5m,164,273,2025-09-19,2026-02-19,0.9667852569633089,0.02885770571454903,0.003479866014573476,0.9956429626778579,0.9991228286924314,1,2,0.8373604660817263,0.020130572088114203
USDMXN,110,5m,165,274,2025-09-22,2026-02-20,0.9669996989851459,0.028642272464502808,0.003484009173269221,0.9956419714496487,0.9991259806229179,1,2,0.850490740508188,0.02302858663910987
USDMXN,110,5m,166,275,2025-09-23,2026-02-23,0.9674880359749881,0.02817501650992797,0.003452887471385747,0.995663052484916,0.9991159399563019,1,2,0.8644236224125533,0.020779154879181312
USDMXN,110,5m,167,276,2025-09-24,2026-02-24,0.9674932718573905,0.028111970960404898,0.0035041106652247307,0.9956052428177954,0.9991093534830202,1,2,0.8816584138157285,0.025088304458236267
USDMXN,110,5m,168,277,2025-09-25,2026-02-25,0.9680752217728649,0.027456201197187172,0.0035509128109143034,0.995531422970052,0.9990823357809664,1,2,0.8979544677824437,0.024930352790174644
USDMXN,110,5m,169,278,2025-09-26,2026-02-26,0.9681702943906747,0.02736906972420811,0.0035264364293568873,0.9955393641148829,0.9990658005442397,1,2,0.9160658883946624,0.02985846315464649
USDMXN,110,5m,170,279,2025-09-29,2026-02-27,0.9681849844990743,0.027400231838842815,0.0034797050636367365,0.9955852163379171,0.9990649214015539,1,2,0.9288847994292513,0.024787192514206087
USDMXN,110,5m,171,280,2025-09-30,2026-03-02,0.9685357376098951,0.02713388810664641,0.0033870832714079373,0.9956696257165415,0.9990567089879494,1,2,0.9453905527036002,0.027699866245242833
USDMXN,110,5m,172,281,2025-10-01,2026-03-03,0.9715967907847529,0.02422675814920645,0.0031066228597048736,0.9958235489339594,0.9989301717936643,1,2,0.8825872548974776,0.08735217148743242
USDMXN,110,5m,173,282,2025-10-02,2026-03-04,0.972097922093716,0.023713892676195055,0.003012112328473476,0.9958118147699111,0.9988239270983845,1,2,0.8844980876529677,0.010769230936142939
USDMXN,110,5m,174,283,2025-10-03,2026-03-05,0.9736429067304284,0.02217390233480521,0.00289161829711207,0.9958168090652336,0.9987084273623457,1,2,0.8153624049631448,0.09828917068328119
USDMXN,110,5m,175,284,2025-10-06,2026-03-06,0.9753378675074552,0.02042767434943217,0.00290060987763597,0.9957655418568874,0.9986661517345233,1,2,0.670671926758454,0.19937787012853375
USDMXN,110,5m,176,285,2025-10-07,2026-03-09,0.9759391690680504,0.019667019906359492,0.00295299299498927,0.9956061889744099,0.9985591819693992,1,2,0.5750733415189281,0.13623587923087538
USDMXN,110,5m,177,286,2025-10-08,2026-03-10,0.9758385533274623,0.019466319732038113,0.0030333985758765995,0.9953048730595004,0.998338271635377,1,2,0.5092713282864642,0.11094811035823299
USDMXN,110,5m,178,287,2025-10-09,2026-03-11,0.9748354204249451,0.020158522820401988,0.003230622749300903,0.9949939432453471,0.9982245659946479,1,2,0.4290891432669583,0.1573866600393831
USDMXN,110,5m,179,288,2025-10-10,2026-03-12,0.97271565601851,0.022179641704846206,0.0033895452465262784,0.9948952977233562,0.9982848429698824,1,2,0.39499723293288164,0.09725489614094145
USDMXN,110,5m,180,289,2025-10-13,2026-03-13,0.9731038562613769,0.021926718342626363,0.003366120595781125,0.9950305746040032,0.9983966951997844,1,2,0.38800454970810205,0.07531406777202604
USDMXN,110,5m,181,290,2025-10-14,2026-03-16,0.9726991068105427,0.02212761649071556,0.003528773872116717,0.9948267233012583,0.998355497173375,1,2,0.3993759512323257,0.11485960589369729
USDMXN,110,5m,182,291,2025-10-15,2026-03-17,0.97198454108372,0.022727908304613062,0.0036424586826390463,0.994712449388333,0.9983549080709722,1,2,0.4309086716271691,0.08152106259178651
USDMXN,110,5m,183,292,2025-10-16,2026-03-18,0.9717657708503008,0.0228053439542655,0.003798976475750966,0.9945711148045663,0.9983700912803173,1,2,0.4616884953031115,0.06304458670677988
USDMXN,110,5m,184,293,2025-10-17,2026-03-19,0.970857498928149,0.02358939276436533,0.003952284474882573,0.9944468916925143,0.9983991761673969,1,2,0.4896821543781317,0.05152637127081902
USDMXN,110,5m,185,294,2025-10-20,2026-03-20,0.9711524339953737,0.0232892593495594,0.004037839416085052,0.994441693344933,0.9984795327610181,1,2,0.4981099363273201,0.016033365938708005
USDMXN,110,5m,186,295,2025-10-21,2026-03-23,0.9707709833534045,0.023625278646672965,0.004115807483110388,0.9943962620000775,0.9985120694831878,1,2,0.5165649749584589,0.03795028610023723
USDMXN,110,5m,187,296,2025-10-22,2026-03-24,0.9691976580245653,0.02516632738125239,0.004178711864875635,0.9943639854058176,0.9985426972706933,1,2,0.5285692514048145,0.015024954017911388
USDMXN,110,5m,188,297,2025-10-23,2026-03-25,0.9686814231683649,0.025437907256998557,0.004432568266733122,0.9941193304253635,0.9985518986920966,1,2,0.5579338002800387,0.04257265660614379
USDMXN,110,5m,189,298,2025-10-24,2026-03-26,0.9679554820708925,0.026145386144334683,0.0044999843864312215,0.9941008682152273,0.9986008526016584,1,2,0.5677227171158702,0.014650660857848224
USDMXN,110,5m,190,299,2025-10-27,2026-03-27,0.966000395932714,0.028012126790168384,0.0046332148736335415,0.9940125227228824,0.998645737596516,1,2,0.576211144864688,0.018192220843823784
USDMXN,132,6m,1,132,2025-02-04,2025-08-06,0.974305107734429,0.02080194622762353,0.003982181994804539,0.9951070539620526,0.9990892359568571,1,2,0.34112206925353283,NA
USDMXN,132,6m,2,133,2025-02-05,2025-08-07,0.9739244334345641,0.021121116497966975,0.004025688846706505,0.9950455499325311,0.9990712387792376,1,2,0.3384812450727373,0.006207501667532994
USDMXN,132,6m,3,134,2025-02-06,2025-08-08,0.9737729809182097,0.021233099575708864,0.004051406040737009,0.9950060804939186,0.9990574865346556,1,2,0.3361974172122251,0.006509004942055305
USDMXN,132,6m,4,135,2025-02-07,2025-08-11,0.9737497526277091,0.021231096139110766,0.004067649172231873,0.9949808487668199,0.9990484979390518,1,2,0.3339226851479925,0.0055438056228501904
USDMXN,132,6m,5,136,2025-02-10,2025-08-12,0.9738323154183595,0.02116253347454129,0.004044846462214555,0.9949948488929008,0.9990396953551153,1,2,0.33128994434547443,0.004898894287607409
USDMXN,132,6m,6,137,2025-02-11,2025-08-13,0.9741484607171393,0.020861247360461316,0.004020745835610253,0.9950097080776007,0.9990304539132109,1,2,0.32742163706800304,0.0053890941546276185
USDMXN,132,6m,7,138,2025-02-12,2025-08-14,0.9744615844280242,0.0205063219612624,0.004051880356163652,0.9949679063892867,0.9990197867454502,1,2,0.32520675998064974,0.006539154090926526
USDMXN,132,6m,8,139,2025-02-13,2025-08-15,0.9745809894331493,0.020376254349051562,0.004043893134602916,0.9949572437822009,0.9990011369168038,1,2,0.3214708910616975,0.005282310677160109
USDMXN,132,6m,9,140,2025-02-14,2025-08-18,0.974788117993197,0.02021657900104095,0.003985363519326858,0.9950046969942379,0.9989900605135648,1,2,0.3175508691960479,0.006889049480875497
USDMXN,132,6m,10,141,2025-02-17,2025-08-19,0.9748579257278818,0.020156627728142997,0.003962159327725473,0.9950145534560247,0.9989767127837502,1,2,0.31374806957148454,0.012486667822279602
USDMXN,132,6m,11,142,2025-02-18,2025-08-20,0.975002003339356,0.02001071932627966,0.0039531645669015365,0.9950127226656357,0.9989658872325372,1,2,0.3090693351009614,0.011544267246522018
USDMXN,132,6m,12,143,2025-02-19,2025-08-21,0.9750972545888632,0.01990895338074997,0.003959838022059812,0.9950062079696131,0.9989660459916729,1,2,0.3043771978397671,0.013974151806168374
USDMXN,132,6m,13,144,2025-02-20,2025-08-22,0.9752318776048363,0.01996073529072591,0.003794249325749257,0.9951926128955623,0.9989868622213115,1,2,0.30328377127352774,0.030149132376265868
USDMXN,132,6m,14,145,2025-02-21,2025-08-25,0.9754818583007586,0.01976109648893453,0.0037623666955892057,0.9952429547896932,0.9990053214852823,1,2,0.3032658484056574,0.018365381892085655
USDMXN,132,6m,15,146,2025-02-24,2025-08-26,0.9759366135135382,0.019332936914601678,0.003755590813024034,0.9952695504281399,0.9990251412411639,1,2,0.3050500323233543,0.01121257584487512
USDMXN,132,6m,16,147,2025-02-25,2025-08-27,0.976230348616966,0.019053439621954847,0.0037559563738204507,0.9952837882389208,0.9990397446127413,1,2,0.30680224390257305,0.0085973373414853
USDMXN,132,6m,17,148,2025-02-26,2025-08-28,0.9762520134535615,0.01907891460956135,0.0037192663681370392,0.9953309280631228,0.9990501944312599,1,2,0.3085189745680256,0.0154311364228267
USDMXN,132,6m,18,149,2025-02-27,2025-08-29,0.9767813432929795,0.018603255755719018,0.003683997653859575,0.9953845990486985,0.9990685967025581,1,2,0.3101569902900863,0.017933833579229903
USDMXN,132,6m,19,150,2025-02-28,2025-09-01,0.9767690922877759,0.018604875533521664,0.003702448347147768,0.9953739678212975,0.9990764161684453,1,2,0.3102778705675317,0.009933461133669209
USDMXN,132,6m,20,151,2025-03-03,2025-09-02,0.9765594553004302,0.018716595651837854,0.0038011462307668523,0.995276050952268,0.9990771971830349,1,2,0.30391686641032784,0.0121964473141405
USDMXN,132,6m,21,152,2025-03-04,2025-09-03,0.9765937168191456,0.01859818310524354,0.00387668861622536,0.9951918999243892,0.9990685885406145,1,2,0.29827360529586505,0.021595341434863243
USDMXN,132,6m,22,153,2025-03-05,2025-09-04,0.9753607956332697,0.019532811348904208,0.004134737245033368,0.9948936069821739,0.9990283442272073,1,2,0.2926526461909499,0.013189867921506912
USDMXN,132,6m,23,154,2025-03-06,2025-09-05,0.9739953069294961,0.020639981174189578,0.004360252904376747,0.9946352881036856,0.9989955410080624,1,2,0.2899457600477234,0.016564157098957855
USDMXN,132,6m,24,155,2025-03-07,2025-09-08,0.9739622947859892,0.020610412441399214,0.004434194126717412,0.9945727072273883,0.9990069013541057,1,2,0.2872407209495517,0.014188969138540296
USDMXN,132,6m,25,156,2025-03-10,2025-09-09,0.974509561841035,0.020101334382976444,0.004420289011452467,0.9946108962240114,0.9990311852354639,1,2,0.2887697742827111,0.010310866062024955
USDMXN,132,6m,26,157,2025-03-11,2025-09-10,0.9752060758679375,0.019412228273991472,0.004429764609601942,0.994618304141929,0.999048068751531,1,2,0.28700000031965345,0.01239349604884677
USDMXN,132,6m,27,158,2025-03-12,2025-09-11,0.9756101877376459,0.018991364405469266,0.004466879084414426,0.9946015521431151,0.9990684312275295,1,2,0.28511840136626015,0.012108629675039681
USDMXN,132,6m,28,159,2025-03-13,2025-09-12,0.9758839593813946,0.018685289216350175,0.004521859941741375,0.9945692485977448,0.9990911085394861,1,2,0.2835565460365988,0.011866233923982387
USDMXN,132,6m,29,160,2025-03-14,2025-09-15,0.9760985658850644,0.018563688259352732,0.004468886293109403,0.9946622541444171,0.9991311404375265,1,2,0.28517078365189485,0.020094507668993223
USDMXN,132,6m,30,161,2025-03-17,2025-09-16,0.9759151772518141,0.018759384066063534,0.0044800780823382805,0.9946745613178776,0.9991546394002159,1,2,0.28789736033255514,0.008523087300510043
USDMXN,132,6m,31,162,2025-03-18,2025-09-17,0.9760003360806734,0.01863453650922388,0.004538823248337377,0.9946348725898972,0.9991736958382347,1,2,0.285306984453531,0.01259506771915582
USDMXN,132,6m,32,163,2025-03-19,2025-09-18,0.9760548799310701,0.018478752210175618,0.0046602494613639375,0.9945336321412457,0.9991938816026097,1,2,0.27945660522084825,0.01820184990193983
USDMXN,132,6m,33,164,2025-03-20,2025-09-19,0.9761736072096494,0.01832086668566525,0.004706719597009745,0.9944944738953146,0.9992011934923244,1,2,0.27626355972759564,0.011180335307509585
USDMXN,132,6m,34,165,2025-03-21,2025-09-22,0.9763640051819734,0.018051357198900685,0.00478850981713275,0.9944153623808741,0.9992038721980069,1,2,0.2713078207878709,0.013269558365512071
USDMXN,132,6m,35,166,2025-03-24,2025-09-23,0.9765123893046747,0.017818724249926733,0.004874927646296225,0.9943311135546014,0.9992060412008976,1,2,0.2680371208025414,0.011033992276603843
USDMXN,132,6m,36,167,2025-03-25,2025-09-24,0.9766835784958324,0.017493931101239587,0.005031425601841002,0.994177509597072,0.999208935198913,1,2,0.2634901408501739,0.014874013086354833
USDMXN,132,6m,37,168,2025-03-26,2025-09-25,0.9768893585478068,0.017274823587676954,0.005054516873059909,0.9941641821354837,0.9992186990085437,1,2,0.26411929906351905,0.007784840937650779
USDMXN,132,6m,38,169,2025-03-27,2025-09-26,0.9760452938156994,0.017973626452284855,0.005185598123974001,0.9940189202679842,0.9992045183919582,1,2,0.2647702510818594,0.005653080776763206
USDMXN,132,6m,39,170,2025-03-28,2025-09-29,0.9744273260643311,0.019242256666639115,0.005492764040498232,0.9936695827309703,0.9991623467714685,1,2,0.26581823120258524,0.006093123172773197
USDMXN,132,6m,40,171,2025-03-31,2025-09-30,0.9726898686152189,0.02075816320150497,0.005643623070515861,0.9934480318167238,0.9990916548872397,1,2,0.26719168234395857,0.01171068669059296
USDMXN,132,6m,41,172,2025-04-01,2025-10-01,0.970785358701009,0.022315117120777078,0.005917365395169799,0.9931004758217861,0.9990178412169559,1,2,0.26783327087527703,0.008015676977867103
USDMXN,132,6m,42,173,2025-04-02,2025-10-02,0.9686083411657309,0.023985907643665285,0.0063495272925601165,0.9925942488093962,0.9989437761019563,1,2,0.26656171924875144,0.007041839098977306
USDMXN,132,6m,43,174,2025-04-03,2025-10-03,0.9661984345514245,0.025861464007322928,0.006791103393848757,0.9920598985587474,0.9988510019525962,1,2,0.26452371288359583,0.013219941479591515
USDMXN,132,6m,44,175,2025-04-04,2025-10-06,0.9658600096335074,0.02605026437966958,0.006921865585819187,0.991910274013177,0.9988321395989962,1,2,0.26233448633067846,0.009685750893188697
USDMXN,132,6m,45,176,2025-04-07,2025-10-07,0.9622831404947273,0.028663986789154668,0.007724152921911041,0.990947127283882,0.998671280205793,1,2,0.2611006053163519,0.00943411264324179
USDMXN,132,6m,46,177,2025-04-08,2025-10-08,0.9569859918230582,0.03247158968406151,0.008967512351890616,0.9894575815071197,0.9984250938590103,1,3,0.2558219537190266,0.009571983723088356
USDMXN,132,6m,47,178,2025-04-09,2025-10-09,0.9527775491270062,0.035187938085367194,0.010225514014133727,0.9879654872123734,0.9981910012265071,1,3,0.25268577251702184,0.008745180788147565
USDMXN,132,6m,48,179,2025-04-10,2025-10-10,0.9418556726861911,0.04258523683873311,0.013203323525395739,0.9844409095249242,0.9976442330503199,2,3,0.25154651564054425,0.010385688102140975
USDMXN,132,6m,49,180,2025-04-11,2025-10-13,0.930496539019985,0.04931965507636102,0.01708031875961419,0.979816194096346,0.9968965128559601,2,3,0.24934366560663032,0.014714671853640759
USDMXN,132,6m,50,181,2025-04-14,2025-10-14,0.9293162981035643,0.04763001870386115,0.01944686860574532,0.9769463168074255,0.9963931854131708,2,3,0.2412799059815463,0.028159328717411204
USDMXN,132,6m,51,182,2025-04-15,2025-10-15,0.9330824926808382,0.044139378222178685,0.01920069408068864,0.9772218709030169,0.9964225649837055,2,3,0.236087001565463,0.026088098958790013
USDMXN,132,6m,52,183,2025-04-16,2025-10-16,0.9349228565306175,0.04232561199930985,0.019200245880166347,0.9772484685299273,0.9964487144100936,2,3,0.23650041228041702,0.01827654271075365
USDMXN,132,6m,53,184,2025-04-17,2025-10-17,0.9324852843844617,0.04398829771264686,0.019836765538415718,0.97647358209710855,0.9963103476355243,2,3,0.23681192940359916,0.03216051707790106
USDMXN,132,6m,54,185,2025-04-18,2025-10-20,0.9304104643970541,0.04492574456502335,0.02090062702472596,0.9753362089620774,0.9962368359868035,2,3,0.23990645313277684,0.024218097769570155
USDMXN,132,6m,55,186,2025-04-21,2025-10-21,0.9325831765779131,0.0434212639549266,0.02033136200189709,0.9760044405328397,0.9963358025347369,2,3,0.2490278210780071,0.028923748325395834
USDMXN,132,6m,56,187,2025-04-22,2025-10-22,0.9353683572417525,0.04157768761958934,0.01950830024711585,0.9769460448613418,0.9964543451084577,2,3,0.26475961085768013,0.037896063279010656
USDMXN,132,6m,57,188,2025-04-23,2025-10-23,0.9384055160046088,0.039704675455991184,0.018506914940975772,0.9781101914606,0.9966171064015757,2,3,0.2878643419657009,0.04564795243591034
USDMXN,132,6m,58,189,2025-04-24,2025-10-24,0.9415650229238561,0.03714383749163148,0.018108490414205522,0.9787088604154877,0.9968173508296931,2,3,0.31283677390894143,0.0434520824273375
USDMXN,132,6m,59,190,2025-04-25,2025-10-27,0.9412052557985358,0.0367603077268904,0.0188830753341354,0.9779655635254262,0.9968486388595615,2,3,0.32268744206764793,0.024234362698018975
USDMXN,132,6m,60,191,2025-04-28,2025-10-28,0.9419647456248824,0.035618028655425654,0.01933353952548578,0.977582774280308,0.9969163138057938,2,3,0.33576704994342393,0.02094548907274534
USDMXN,132,6m,61,192,2025-04-29,2025-10-29,0.9416517171803908,0.03583039403188566,0.01945226301178882,0.9774821112122765,0.9969343742240653,2,3,0.3501862194494576,0.023188193015682163
USDMXN,132,6m,62,193,2025-04-30,2025-10-30,0.9408916022543697,0.036000384435732745,0.02005054550434444,0.9768919866901025,0.996942532194447,2,3,0.36139615307329387,0.02008590890524867
USDMXN,132,6m,63,194,2025-05-01,2025-10-31,0.9402031206001061,0.03610609050958292,0.02067556758891778,0.976309211109689,0.9969847786986068,2,3,0.37558422797835256,0.0232969724973826
USDMXN,132,6m,64,195,2025-05-02,2025-11-03,0.9404670531600285,0.03548374393970199,0.02112769208167373,0.9759507970997305,0.9970784891814043,2,3,0.3921266122688552,0.024191823681466926
USDMXN,132,6m,65,196,2025-05-05,2025-11-04,0.9435147851744486,0.033039477166830006,0.02069257325061345,0.9765542623412786,0.9972468355918921,2,3,0.4086036345203594,0.028354093740072004
USDMXN,132,6m,66,197,2025-05-06,2025-11-05,0.9446060032847274,0.03268740509385326,0.02010903297317965,0.9772934083785807,0.9974024413517604,2,3,0.4312740352325328,0.030253836721578376
USDMXN,132,6m,67,198,2025-05-07,2025-11-06,0.9446214060253647,0.0330586603749071,0.01982603242316789,0.9776800664002718,0.9975060988234397,2,3,0.4538649422188681,0.02876901713386452
USDMXN,132,6m,68,199,2025-05-08,2025-11-07,0.9444532218739546,0.03329124031573377,0.019867931753000268,0.9777444621896885,0.9976123939426886,2,3,0.4729586955867839,0.028300630953631948
USDMXN,132,6m,69,200,2025-05-09,2025-11-10,0.9414356386737532,0.035037624401184866,0.021084929410668318,0.9764732630749381,0.9975581924856064,2,3,0.4842491423526575,0.017891048510978332
USDMXN,132,6m,70,201,2025-05-12,2025-11-11,0.9395174393187552,0.035776519417499236,0.02225009702777845,0.9752939587362545,0.9975440557640329,2,3,0.4928425566164506,0.017462873013414426
USDMXN,132,6m,71,202,2025-05-13,2025-11-12,0.9388394391196613,0.03521845941424176,0.023438121906589178,0.974057898533903,0.9974960204404922,2,3,0.496900661477706,0.015453886611991888
USDMXN,132,6m,72,203,2025-05-14,2025-11-13,0.9381985234676529,0.03462937966526265,0.024603103790838594,0.9728279031329156,0.9974310069237541,2,3,0.49620386986906045,0.01022433000460186
USDMXN,132,6m,73,204,2025-05-15,2025-11-14,0.9379328418978059,0.03402483098637367,0.02542825930835494,0.9719576728841796,0.9973859321925345,2,3,0.4952503770295718,0.007441405579416062
USDMXN,132,6m,74,205,2025-05-16,2025-11-17,0.9384143541547463,0.03288651287746514,0.026058873298578058,0.9713008670322114,0.9973597403307894,2,3,0.497732614278068,0.008444232811284706
USDMXN,132,6m,75,206,2025-05-19,2025-11-18,0.938847698206126,0.031822045346943245,0.026652492509852136,0.9706697435530692,0.9973222360629214,2,3,0.49949113593853717,0.009013972630426139
USDMXN,132,6m,76,207,2025-05-20,2025-11-19,0.9371448794036391,0.0320458089972311,0.02798552896527466,0.9691906884008702,0.9971762173661449,2,3,0.5012732326271568,0.009243157931616612
USDMXN,132,6m,77,208,2025-05-21,2025-11-20,0.9347433932349671,0.03322440900061368,0.02908318243265965,0.9679678022355808,0.9970509846682405,2,3,0.502389944742963,0.00634468087520267
USDMXN,132,6m,78,209,2025-05-22,2025-11-21,0.9352265795444278,0.033183434560753636,0.028640688623402542,0.9684100141051815,0.997050702728584,2,3,0.5079096498971037,0.009020271341125145
USDMXN,132,6m,79,210,2025-05-23,2025-11-24,0.9344019371591312,0.03402795791998746,0.0285849706298621,0.9684298950791187,0.9970148657089808,2,3,0.5133085376011651,0.011004776297442157
USDMXN,132,6m,80,211,2025-05-26,2025-11-25,0.9353096323660645,0.033789125964408286,0.02793069892798743,0.9690987583304728,0.99702945725846015,2,3,0.52313681953851,0.01854943546355113
USDMXN,132,6m,81,212,2025-05-27,2025-11-26,0.9370257052291942,0.033253366138137064,0.026811026530792776,0.9702790713673313,0.997090097898124,2,3,0.5348478995337276,0.01930718846658238
USDMXN,132,6m,82,213,2025-05-28,2025-11-27,0.937035249573161,0.033702277004104095,0.02633898566167112,0.9707375265772651,0.9970765122389362,2,3,0.547283569707925,0.019939728223797876
USDMXN,132,6m,83,214,2025-05-29,2025-11-28,0.9380528509652856,0.03363980838872342,0.025410739574389798,0.971692659354009,0.9971033989283988,2,3,0.5591245585583842,0.01929038451213158
USDMXN,132,6m,84,215,2025-05-30,2025-12-01,0.9387825590316334,0.03311886316211121,0.02522306923100566,0.9719014221937446,0.9971244914247503,2,3,0.565883020507557,0.01735416304378903
USDMXN,132,6m,85,216,2025-06-02,2025-12-02,0.938117778117254,0.03365024405476651,0.02533558792911095,0.9717680221720205,0.9971036101011315,2,3,0.5674456107570446,0.01203048856911967
USDMXN,132,6m,86,217,2025-06-03,2025-12-03,0.9373522757281452,0.03469282137229257,0.02506776556520634,0.9720450971004377,0.997112862665644,2,3,0.5647245215034051,0.009848756000421026
USDMXN,132,6m,87,218,2025-06-04,2025-12-04,0.9357647117059417,0.03653750831340877,0.024809417568655127,0.9723022200193504,0.9971116375880056,2,3,0.5608430597891962,0.010166075439379097
USDMXN,132,6m,88,219,2025-06-05,2025-12-05,0.9338093057026796,0.03867322771151325,0.024626165513467527,0.9724825334141929,0.9971086989276604,2,3,0.556623598418222,0.010481228852090909
USDMXN,132,6m,89,220,2025-06-06,2025-12-08,0.9326499248190582,0.040165608408079256,0.02429929382697568,0.9728155332271374,0.9971148270541131,2,3,0.5523255632824322,0.00830123841947678
USDMXN,132,6m,90,221,2025-06-09,2025-12-09,0.9322390291239878,0.04123181872137954,0.02370461200612536,0.9734708478453673,0.9971754598514927,2,3,0.5484436292062027,0.009071047592414899
USDMXN,132,6m,91,222,2025-06-10,2025-12-10,0.9301941736759521,0.04339136550198655,0.023582389600577663,0.9735855391779387,0.9971679287785163,2,3,0.54410919816385,0.010919804926974409
USDMXN,132,6m,92,223,2025-06-11,2025-12-11,0.9276184113152179,0.04608406713131527,0.023445568180794147,0.9737024784465332,0.9971480466273274,2,3,0.5403774780892494,0.007417655943614563
USDMXN,132,6m,93,224,2025-06-12,2025-12-12,0.9251362203737716,0.04855087768030825,0.02346910552530695,0.9736870980540799,0.9971562035793868,2,3,0.5364743554093055,0.008141622209970794
USDMXN,132,6m,94,225,2025-06-13,2025-12-15,0.9225744521856828,0.051610340948425155,0.02297995867700109,0.974184793134108,0.9971647518111091,2,3,0.5330445879398413,0.00891452895513664
USDMXN,132,6m,95,226,2025-06-16,2025-12-16,0.9212834095320159,0.05313664971265459,0.022746220482197564,0.9744200592446706,0.9971662797268681,2,3,0.5316490347228952,0.007757563518271337
USDMXN,132,6m,96,227,2025-06-17,2025-12-17,0.9207924741015511,0.054527408979804265,0.021883759664762102,0.9753198830813553,0.9972036427461174,2,3,0.5304883199312559,0.00794956546418987
USDMXN,132,6m,97,228,2025-06-18,2025-12-18,0.9253732148078214,0.05179554812394494,0.02022205506248492,0.9771687629317664,0.9973908179942513,2,3,0.5287866730983666,0.007622711342152497
USDMXN,132,6m,98,229,2025-06-19,2025-12-19,0.9311099755467723,0.04915050386328547,0.01744262773337476,0.9802604794100578,0.9977031071434326,2,3,0.5293669117742584,0.01000094603834135
USDMXN,132,6m,99,230,2025-06-20,2025-12-22,0.936490253056457,0.04608347534831103,0.015382715815586532,0.982573728404768,0.9979564442203545,2,3,0.5284117553521378,0.00861313603850804
USDMXN,132,6m,100,231,2025-06-23,2025-12-23,0.9393597586042958,0.04467235340784762,0.014071634853614826,0.9840321120121434,0.9981037468657582,2,3,0.5284027779944425,0.010257043232157467
USDMXN,132,6m,101,232,2025-06-24,2025-12-24,0.9423929466278395,0.04281381053246112,0.013047595400295584,0.9852067571603006,0.9982543525605961,2,3,0.5313073315649576,0.015423315892100047
USDMXN,132,6m,102,233,2025-06-25,2025-12-25,0.9459444393948484,0.03998385204672033,0.012428262532368098,0.9859282914415687,0.9983565539739369,2,3,0.5297761530037446,0.010449751627405529
USDMXN,132,6m,103,234,2025-06-26,2025-12-26,0.9473970485406261,0.039221717548085615,0.011808495472528551,0.9866187660887117,0.9984272615612403,2,3,0.5266888183318309,0.008430691109116125
USDMXN,132,6m,104,235,2025-06-27,2025-12-29,0.9478441850387118,0.039339838633650634,0.011286905038461765,0.9871840236723625,0.9984709287108242,2,3,0.5229641311725455,0.008606078207632227
USDMXN,132,6m,105,236,2025-06-30,2025-12-30,0.9482218306009281,0.0394487701379111,0.010832283744184637,0.9876706007388393,0.9985028844830238,2,3,0.519463971270949,0.008284521160121173
USDMXN,132,6m,106,237,2025-07-01,2025-12-31,0.9486137981759462,0.039529817016024225,0.010381492472528378,0.9881436151919704,0.9985251076644988,2,3,0.5175619469193428,0.007898214987164425
USDMXN,132,6m,107,238,2025-07-02,2026-01-01,0.9480502374429802,0.04028451317571562,0.01018518991503848,0.9883347506186958,0.9985199405337343,2,3,0.5146681967194867,0.0074104221027798236
USDMXN,132,6m,108,239,2025-07-03,2026-01-02,0.9455266364898199,0.043076648727135514,0.009920835775696659,0.9886032852169555,0.9985241209926521,2,3,0.5103136495690541,0.009586813337335
USDMXN,132,6m,109,240,2025-07-04,2026-01-05,0.9454138586943365,0.043256044939548176,0.009849104283524526,0.9886699036338846,0.9985190079174092,2,3,0.5070524154208091,0.008573654004595805
USDMXN,132,6m,110,241,2025-07-07,2026-01-06,0.9451457228822625,0.043586993804874304,0.009794238878495017,0.9887327166871368,0.9985269555656319,2,3,0.5025578588978262,0.008664064706270316
USDMXN,132,6m,111,242,2025-07-08,2026-01-07,0.9452520936129524,0.043575159793052466,0.009695987272336422,0.9888272534060049,0.9985232406783413,2,3,0.499059398609328,0.01268326539576101
USDMXN,132,6m,112,243,2025-07-09,2026-01-08,0.9456022683141913,0.04331164943304885,0.009614964974365842,0.9889139177472401,0.9985288827216059,2,3,0.4976996062448254,0.008198132393885872
USDMXN,132,6m,113,244,2025-07-10,2026-01-09,0.9455698406401832,0.04346579604612225,0.00949008983263873,0.9890356366863055,0.9985257265189442,2,3,0.49591560396277984,0.006046803093112101
USDMXN,132,6m,114,245,2025-07-11,2026-01-12,0.9459735326895385,0.043138972857360125,0.009387073021885042,0.9891125055468987,0.9984995785687837,2,3,0.4953276795180999,0.01228529259855732
USDMXN,132,6m,115,246,2025-07-14,2026-01-13,0.9458750581946026,0.04318366593285635,0.009413959844770257,0.989058724127459,0.9984726839722292,2,3,0.49516688781485774,0.014235323626113974
USDMXN,132,6m,116,247,2025-07-15,2026-01-14,0.9460590098440623,0.0433733743750244,0.009010852250288446,0.9894323842190867,0.9984432364693752,2,3,0.49147164667774274,0.012669529784117789
USDMXN,132,6m,117,248,2025-07-16,2026-01-15,0.9459981590128488,0.043669892725380584,0.008740125942205329,0.9896680517382294,0.9984081776804347,2,3,0.48750014173395717,0.018185778719141853
USDMXN,132,6m,118,249,2025-07-17,2026-01-16,0.9455322945618839,0.04437632454834512,0.008491116032534463,0.9899086191102291,0.9983997351427635,2,3,0.4812666298481117,0.017833385121743647
USDMXN,132,6m,119,250,2025-07-18,2026-01-19,0.9453625193659071,0.04486083368581477,0.008167352044374455,0.9902233530517218,0.9983907050960963,2,2,0.4756183822587146,0.024622106489800226
USDMXN,132,6m,120,251,2025-07-21,2026-01-20,0.9456693585755398,0.044873356351306126,0.007864243796561494,0.990542714926846,0.9984069587234075,2,2,0.46773847573621086,0.018943508014038837
USDMXN,132,6m,121,252,2025-07-22,2026-01-21,0.9458377292714206,0.04489354276484167,0.0076655630065141315,0.9907312720362623,0.9983968350427764,2,2,0.4621303077514132,0.0229045411744212
USDMXN,132,6m,122,253,2025-07-23,2026-01-22,0.9456979879902454,0.04482112294213344,0.007866865751433003,0.9905191109323789,0.9983859766838118,2,2,0.45994173593377563,0.025192674093161366
USDMXN,132,6m,123,254,2025-07-24,2026-01-23,0.9449238009911617,0.04563817120941318,0.007836613837898543,0.9905619722005748,0.9983985860384734,2,2,0.4568101123111007,0.017653591772987084
USDMXN,132,6m,124,255,2025-07-25,2026-01-26,0.9449360627073201,0.04588867140967658,0.007580502089665318,0.9908247341169967,0.998405236206662,2,2,0.455387632986865,0.017745226213972343
USDMXN,132,6m,125,256,2025-07-28,2026-01-27,0.9466745218285942,0.044985054136220795,0.006850460249200276,0.991659575964815,0.9985100362140154,2,2,0.4572808208936461,0.012527236465947545
USDMXN,132,6m,126,257,2025-07-29,2026-01-28,0.9480043730601683,0.043815348815726365,0.006716017664043331,0.9918197218758946,0.998535739539938,2,2,0.4569394250305093,0.014686798863576269
USDMXN,132,6m,127,258,2025-07-30,2026-01-29,0.9517470324006146,0.040666184430884156,0.006226882463083471,0.9924132168314987,0.9986400992945823,1,2,0.45943833004271395,0.006906927337161171
USDMXN,132,6m,128,259,2025-07-31,2026-01-30,0.9583353786556568,0.03533305824382868,0.005147309216053578,0.9936684368994855,0.998815746115539,1,2,0.4577964398494451,0.019150283331162442
USDMXN,132,6m,129,260,2025-08-01,2026-02-02,0.9595350611182388,0.03433336655723568,0.004925348963180184,0.9938684276754746,0.9987937766386547,1,2,0.4653261012776503,0.014632156355416936
USDMXN,132,6m,130,261,2025-08-04,2026-02-03,0.9600272362865543,0.033834685457631845,0.004919894500266286,0.9938619217441861,0.9987818162444524,1,2,0.47282972434506804,0.022818432133153287
USDMXN,132,6m,131,262,2025-08-05,2026-02-04,0.9624717018461052,0.03170912630831317,0.0046696113526222705,0.9941808281544183,0.9988504395070407,1,2,0.48466197087674656,0.026558480800603974
USDMXN,132,6m,132,263,2025-08-06,2026-02-05,0.9651013129499849,0.029478836694100435,0.004328617272618379,0.9945801496440854,0.9989087669167037,1,2,0.49134419025579745,0.01607187648403611
USDMXN,132,6m,133,264,2025-08-07,2026-02-06,0.9666287176706223,0.028159969868132458,0.0041515066880108064,0.9947886875387547,0.9989401942267656,1,2,0.4998534676820205,0.020738886593917812
USDMXN,132,6m,134,265,2025-08-08,2026-02-09,0.9666855460548501,0.028070243970619198,0.004167937027193899,0.9947557900254693,0.9989237270526632,1,2,0.5135329233653153,0.036358389526151565
USDMXN,132,6m,135,266,2025-08-11,2026-02-10,0.9668262699407828,0.027886183566618553,0.004193428920050576,0.9947124535074013,0.9989058824274519,1,2,0.5258268211134354,0.0317023397488423
USDMXN,132,6m,136,267,2025-08-12,2026-02-11,0.9670074123655895,0.02769188737950098,0.00420251312465463,0.9946992997450905,0.9989018128697451,1,2,0.5381605725738592,0.029436703570667314
USDMXN,132,6m,137,268,2025-08-13,2026-02-12,0.9666562271163011,0.027928121770559162,0.004294027101659247,0.9945843488868602,0.9988783759885195,1,2,0.5580304512510921,0.03746194618623943
USDMXN,132,6m,138,269,2025-08-14,2026-02-13,0.9662501856956477,0.02817825082171037,0.004427014572118706,0.994428436517358,0.9988554510894767,1,2,0.5769764832495802,0.03413705846354828
USDMXN,132,6m,139,270,2025-08-15,2026-02-16,0.965934353315652,0.02845186189920875,0.004448900955204119,0.9943862152148608,0.9988351161700649,1,2,0.6013305129335265,0.040590959061172105
USDMXN,132,6m,140,271,2025-08-18,2026-02-17,0.965422989370116,0.02887418223869551,0.004520918894024575,0.9942971716088115,0.998818090502836,1,2,0.6218633838528483,0.03470461486767964
USDMXN,132,6m,141,272,2025-08-19,2026-02-18,0.9652989258845158,0.029017025749177347,0.004500696192873635,0.9943159516336931,0.9988166478265668,1,2,0.642874883175313,0.03198830227296212
USDMXN,132,6m,142,273,2025-08-20,2026-02-19,0.9653368075283216,0.029020372747068857,0.004471081351627106,0.9943571802753904,0.9988282616270175,1,2,0.6655672299040049,0.03286282668077406
USDMXN,132,6m,143,274,2025-08-21,2026-02-20,0.9653656295156503,0.02903664769689264,0.004436460130820606,0.9944022772125429,0.9988387373433636,1,2,0.686488547291652,0.030926023138561808
USDMXN,132,6m,144,275,2025-08-22,2026-02-23,0.9655244389852466,0.02896887813316797,0.004348805705362618,0.9944933171184146,0.9988421228237773,1,2,0.7082957785996329,0.029952693563830457
USDMXN,132,6m,145,276,2025-08-25,2026-02-24,0.9651700887895706,0.0293094507712086,0.004360664296517748,0.9944795395607792,0.9988402038572969,1,2,0.7326649057980119,0.034562931019566555
USDMXN,132,6m,146,277,2025-08-26,2026-02-25,0.9649741402016925,0.029487753220104388,0.004373628199407373,0.9944618934217969,0.9988355216212043,1,2,0.7609754935748275,0.04188206443590127
USDMXN,132,6m,147,278,2025-08-27,2026-02-26,0.9646355426732869,0.029784189387894743,0.004412806333852757,0.9944197320611816,0.9988325383950344,1,2,0.7844562479167881,0.03577822532124266
USDMXN,132,6m,148,279,2025-08-28,2026-02-27,0.9644337476883219,0.029977353294178204,0.004436734057005592,0.9944111009825001,0.9988478350395057,1,2,0.8028528738368383,0.0284406413397877
USDMXN,132,6m,149,280,2025-08-29,2026-03-02,0.9645517218590154,0.029889858392006245,0.004399652979261356,0.9944415802510216,0.998841233230283,1,2,0.8167842907807787,0.021477247002495384
USDMXN,132,6m,150,281,2025-09-01,2026-03-03,0.9679445712491962,0.02686067985553817,0.003979289402961075,0.9948052511047344,0.9987845405076954,1,2,0.7758623030736058,0.053115121340729834
USDMXN,132,6m,151,282,2025-09-02,2026-03-04,0.9685657025363631,0.026336279210452566,0.003799122877304643,0.9949019817468157,0.9987011046241203,1,2,0.7876416359687269,0.017788377779439122
USDMXN,132,6m,152,283,2025-09-03,2026-03-05,0.9701718456548915,0.024827044618689512,0.0036164363505131183,0.994998890273581,0.9986153266240941,1,2,0.744233457460897,0.059997752481823034
USDMXN,132,6m,153,284,2025-09-04,2026-03-06,0.9721039531987923,0.022900154824666452,0.0035852001069109816,0.9950041080234587,0.9985893081303697,1,2,0.6392034956956687,0.14426027877953826
USDMXN,132,6m,154,285,2025-09-05,2026-03-09,0.972778137970965,0.022131493208067787,0.0035843622804314517,0.9949096311790329,0.9984939934594642,1,2,0.5650840131054756,0.10489203785934685
USDMXN,132,6m,155,286,2025-09-08,2026-03-10,0.9727372035110708,0.02197609265629797,0.0035772010750313226,0.9947132961673688,0.9982904972424002,1,2,0.5251588476985651,0.06274650470169642
USDMXN,132,6m,156,287,2025-09-09,2026-03-11,0.9719156161322721,0.0225120250992465,0.0037506667795957644,0.9944276412315186,0.9981783080111143,1,2,0.4531019831998184,0.11894582922170412
USDMXN,132,6m,157,288,2025-09-10,2026-03-12,0.9701246238940372,0.024115892743556664,0.003979775571682762,0.9942405166375938,0.9982202922092767,1,2,0.40938595564924785,0.07911465412176977
USDMXN,132,6m,158,289,2025-09-11,2026-03-13,0.9707655165000191,0.023530918442075163,0.003997066812197966,0.9942964349420942,0.9982935017542922,1,2,0.38824671170476815,0.04833701465071369
USDMXN,132,6m,159,290,2025-09-12,2026-03-16,0.9703876785827816,0.023637115794002444,0.004182276103242455,0.994024794376784,0.9982070704800265,1,2,0.3601202013391202,0.08601463794486681
USDMXN,132,6m,160,291,2025-09-15,2026-03-17,0.9696827075493918,0.024134152726601514,0.0043439013783785636,0.9938168602759933,0.9981607616543718,1,2,0.35463384062530495,0.05983489839164329
USDMXN,132,6m,161,292,2025-09-16,2026-03-18,0.9693749374395637,0.02422169651947672,0.004539483759030304,0.9935966339590404,0.9981361177180708,1,2,0.35383547622598033,0.05375877413143501
USDMXN,132,6m,162,293,2025-09-17,2026-03-19,0.968605140274843,0.024817996714793678,0.004733595981689463,0.9934231369896367,0.9981567329713261,1,2,0.36284240112746813,0.04964526036334626
USDMXN,132,6m,163,294,2025-09-18,2026-03-20,0.9688631947240535,0.024509667929203185,0.0048589301560651825,0.9933728626532566,0.9982317928093218,1,2,0.3680866914447926,0.020925800993806823
USDMXN,132,6m,164,295,2025-09-19,2026-03-23,0.9685665215645969,0.02471241144199924,0.004969506686506861,0.9932789330065961,0.998248439693103,1,2,0.3750783030568409,0.032660464731349856
USDMXN,132,6m,165,296,2025-09-22,2026-03-24,0.9673978198522873,0.025834290276887165,0.005045754872928083,0.9932321101291746,0.9982778650021026,1,2,0.38452103471162075,0.015218762307669085
USDMXN,132,6m,166,297,2025-09-23,2026-03-25,0.9671728051857167,0.02586876903126238,0.00520211528869297,0.993041574216979,0.998243689505672,1,2,0.4101559693704067,0.04375702766102432
USDMXN,132,6m,167,298,2025-09-24,2026-03-26,0.9666915160932879,0.02636166113676879,0.005202094364228785,0.9930531772300566,0.9982552715942854,1,2,0.4214570409981803,0.01751099507438511
USDMXN,132,6m,168,299,2025-09-25,2026-03-27,0.9651584052261676,0.027822505663632542,0.005281211254912076,0.9929809108898001,0.9982621221447122,1,2,0.43339743090751814,0.02233196923036094
