moneda,window_dias,window_label,t_start,t_end,fecha_start,fecha_end,PC1,PC2,PC3,PC1_PC2,PC1_PC3,K95,K99,dist_global3,dist_prev3
USDCLP,22,1m,1,22,2025-02-04,2025-03-05,0.9920200603805098,0.007012133942705527,6.299980349519139e-4,0.9990321943232153,0.9996621923581672,1,1,1.232817611309758,NA
USDCLP,22,1m,2,23,2025-02-05,2025-03-06,0.9921594659815571,0.0069169550920890185,5.853534555825691e-4,0.9990764210736461,0.9996617745292287,1,1,1.2373475834734444,0.07918836847971074
USDCLP,22,1m,3,24,2025-02-06,2025-03-07,0.9903710718423429,0.00879516882106223,4.3647052367189464e-4,0.9991662406634051,0.999602711187077,1,1,1.400146515003189,0.44505121996182706
USDCLP,22,1m,4,25,2025-02-07,2025-03-10,0.9907402151780709,0.008602870567829431,3.771342811577676e-4,0.9993430857459003,0.9997202200270581,1,1,1.497948526690835,0.5936059710552449
USDCLP,22,1m,5,26,2025-02-10,2025-03-11,0.9909448091305578,0.008441485642566074,3.3655707085752067e-4,0.9993862947731239,0.9997228518439815,1,1,1.4727009834927278,0.36566481377364424
USDCLP,22,1m,6,27,2025-02-11,2025-03-12,0.9907572200148548,0.008635371486486947,3.619038928163607e-4,0.9993925915013417,0.9997544953941581,1,1,1.4585681477883548,0.10443198664146539
USDCLP,22,1m,7,28,2025-02-12,2025-03-13,0.9905480998388838,0.00887144105851539,3.6771255779917015e-4,0.9994195408973992,0.9997872534551984,1,1,1.4505691953604443,0.06992740195286629
USDCLP,22,1m,8,29,2025-02-13,2025-03-14,0.9892320244444691,0.01014106880131716,3.913477245209768e-4,0.9993730932457863,0.9997644409703073,1,2,1.4444931673137054,0.08562426863716567
USDCLP,22,1m,9,30,2025-02-14,2025-03-17,0.9887090184827076,0.010625318533610947,4.173738823501938e-4,0.9993343370163186,0.9997517108986688,1,2,1.4230124551146877,0.13770875532233964
USDCLP,22,1m,10,31,2025-02-17,2025-03-18,0.9883369795681469,0.01101030253987719,3.923796979313253e-4,0.9993472821080241,0.9997396618059555,1,2,1.420424074533932,0.0690609938619835
USDCLP,22,1m,11,32,2025-02-18,2025-03-19,0.9851089894827196,0.014072015844466388,4.924556142766299e-4,0.999181005327186,0.9996734609414626,1,2,1.4163043454487332,0.036335890505083165
USDCLP,22,1m,12,33,2025-02-19,2025-03-20,0.9828153778857159,0.016251773623207223,5.514806328753834e-4,0.9990671515089231,0.9996186321417985,1,2,1.4038773925151447,0.05979033132702702
USDCLP,22,1m,13,34,2025-02-20,2025-03-21,0.9813730352617245,0.01770147270189285,5.362432477926731e-4,0.9990745079636173,0.99961075121141,1,2,1.3874776944293647,0.08574475138619436
USDCLP,22,1m,14,35,2025-02-21,2025-03-24,0.9770930862776799,0.02195056671468321,5.521832422448277e-4,0.9990436529923631,0.9995958362346079,1,2,1.3763396158170547,0.1087198696637802
USDCLP,22,1m,15,36,2025-02-24,2025-03-25,0.9776265559902677,0.021656492181274238,3.088533793350328e-4,0.9992830481715419,0.999591901550877,1,2,1.215967812486903,0.5301068256024446
USDCLP,22,1m,16,37,2025-02-25,2025-03-26,0.9798598964208912,0.019556902503083513,2.8569889324415207e-4,0.9994167989239747,0.9997024978172189,1,2,1.20306125088529,0.1664679488077253
USDCLP,22,1m,17,38,2025-02-26,2025-03-27,0.9815776919894993,0.01790571304585823,2.625622887323145e-4,0.9994834050353575,0.9997459673240898,1,2,1.2006739758593747,0.040782024712324505
USDCLP,22,1m,18,39,2025-02-27,2025-03-28,0.9843610090322984,0.015226879665390602,2.1065171018337897e-4,0.999587888697689,0.9997985404078724,1,2,1.3729516270714022,0.5640084340795771
USDCLP,22,1m,19,40,2025-02-28,2025-03-31,0.981899480888197,0.01608692756417316,0.0018099135491337225,0.9979864084523702,0.9997963220015039,1,2,1.2434375989149065,0.47765019560510474
USDCLP,22,1m,20,41,2025-03-03,2025-04-01,0.9889334467277805,0.009298667064428395,0.0015510495361100876,0.9982321137922089,0.999783163328319,1,2,1.2049308686398776,0.16001245325259913
USDCLP,22,1m,21,42,2025-03-04,2025-04-02,0.9894115591907628,0.008464985622824585,0.0019238033811914204,0.9978765448135875,0.9998003481947789,1,2,1.2255424367878882,0.08491721568813704
USDCLP,22,1m,22,43,2025-03-05,2025-04-03,0.990298840639638,0.0075817747229142115,0.0019444763121488208,0.9978806153625522,0.999825091674701,1,1,1.2272250319658593,0.028748362816770755
USDCLP,22,1m,23,44,2025-03-06,2025-04-04,0.9929183579669633,0.005386315894361686,0.0015653517637569002,0.9983046738613249,0.9998700256250819,1,1,1.2217022908204895,0.03154435759218866
USDCLP,22,1m,24,45,2025-03-07,2025-04-07,0.9942703046046236,0.00418012509151191,0.0014173105779279667,0.9984504296961355,0.9998677402740634,1,1,1.205963766828661,0.09834987510431947
USDCLP,22,1m,25,46,2025-03-10,2025-04-08,0.9962313601787107,0.0028217760277712456,8.462768396484947e-4,0.999053136206482,0.9998994130461304,1,1,1.180433476060806,0.1625344134412659
USDCLP,22,1m,26,47,2025-03-11,2025-04-09,0.9968296382163649,0.0024628389661478585,5.840741942012076e-4,0.9992924771825128,0.999876551376714,1,1,1.152061602149072,0.13878240708445247
USDCLP,22,1m,27,48,2025-03-12,2025-04-10,0.9970743866184021,0.002341313829212027,4.542139995183822e-4,0.9994157004476141,0.9998699144471325,1,1,1.1496548886519429,0.04463712329632935
USDCLP,22,1m,28,49,2025-03-13,2025-04-11,0.997133359670542,0.002307494510591182,3.947426082567019e-4,0.9994408541811332,0.9998355967893898,1,1,1.0707924485394806,0.17668853897076328
USDCLP,22,1m,29,50,2025-03-14,2025-04-14,0.996812185919109,0.0023589793579596604,6.34361500821153e-4,0.9991711652770687,0.9998055267778899,1,1,0.9033182515237915,0.31437510325345974
USDCLP,22,1m,30,51,2025-03-17,2025-04-15,0.9961186318426956,0.002611793540141027,0.0011000212562435508,0.9987304253828366,0.9998304466390802,1,1,0.9807995559979573,0.13834513066543458
USDCLP,22,1m,31,52,2025-03-18,2025-04-16,0.9959369180432134,0.0028058184464652518,0.0010929385767696365,0.9987427364896786,0.9998356750664482,1,1,1.0025530703944987,0.05626743946095005
USDCLP,22,1m,32,53,2025-03-19,2025-04-17,0.996408068727001,0.002539243018905758,9.205933531715927e-4,0.9989473117459068,0.9998679050990784,1,1,1.0030963457288091,0.023559454772430807
USDCLP,22,1m,33,54,2025-03-20,2025-04-18,0.9956147760784878,0.002901653559635279,0.0013011805135553455,0.998516429638123,0.9998176101516784,1,1,1.0286932006322893,0.2994131120203262
USDCLP,22,1m,34,55,2025-03-21,2025-04-21,0.995601593280212,0.0029103994798470693,0.0013004216084356237,0.9985119927600591,0.9998124143684947,1,1,1.0329367762992023,0.04222948913558324
USDCLP,22,1m,35,56,2025-03-24,2025-04-22,0.9948463970298517,0.0035934217423900204,0.0013105459756665252,0.9984398187722416,0.9997503647479081,1,1,1.0751168136265232,0.14657009751098027
USDCLP,22,1m,36,57,2025-03-25,2025-04-23,0.9937354687048168,0.004638733501743691,0.001358816144050632,0.9983742022065605,0.9997330183506111,1,1,1.0963559407497732,0.06808300406953141
USDCLP,22,1m,37,58,2025-03-26,2025-04-24,0.9935316115967353,0.004887842013938545,0.001305403529947624,0.9984194536106739,0.9997248571406214,1,1,1.0897741680455284,0.05497712550572682
USDCLP,22,1m,38,59,2025-03-27,2025-04-25,0.9938340350516842,0.004797664780189648,0.0010683057357442796,0.9986316998318738,0.9997000055676181,1,1,1.0797236731234743,0.03374963492572987
USDCLP,22,1m,39,60,2025-03-28,2025-04-28,0.9944746232476442,0.004501671896648504,7.364693047521464e-4,0.9989762951442928,0.9997127644490449,1,1,1.0527530925742399,0.06749921856998962
USDCLP,22,1m,40,61,2025-03-31,2025-04-29,0.9958472250015764,0.0035157496932451794,4.206924623780851e-4,0.9993629746948216,0.9997836671571997,1,1,0.936098052642224,0.4710576379597872
USDCLP,22,1m,41,62,2025-04-01,2025-04-30,0.9962018536664569,0.003268624272072339,3.2900642628467944e-4,0.9994704779385292,0.9997994843648138,1,1,0.9212741212574975,0.04765572485575741
USDCLP,22,1m,42,63,2025-04-02,2025-05-01,0.9965697977970465,0.003035955458557393,2.487898457803172e-4,0.9996057532556039,0.9998545431013842,1,1,0.996973719149287,0.6453586674439477
USDCLP,22,1m,43,64,2025-04-03,2025-05-02,0.9967855018368678,0.002889716065731278,1.9935548222460353e-4,0.9996752179025991,0.9998745733848237,1,1,1.149496323683154,0.5434043259367332
USDCLP,22,1m,44,65,2025-04-04,2025-05-05,0.9969467192851723,0.0028047341854566597,1.826297999135887e-4,0.999751453470629,0.9999340832705426,1,1,1.3069850582242806,0.4671901420352126
USDCLP,22,1m,45,66,2025-04-07,2025-05-06,0.9969462722671453,0.0028525129950140705,1.611650551117394e-4,0.9997987852621594,0.9999599503172711,1,1,1.3736979278075219,0.25829548825009424
USDCLP,22,1m,46,67,2025-04-08,2025-05-07,0.9969158943883224,0.002923476875612134,1.1953302774421568e-4,0.9998393712639345,0.9999589042916788,1,1,1.381098816974279,0.06512148334015629
USDCLP,22,1m,47,68,2025-04-09,2025-05-08,0.9968672432429407,0.003036339523475307,5.3552341026551485e-5,0.999903582766416,0.9999571351074426,1,1,1.3315839384930719,0.24334915711231947
USDCLP,22,1m,48,69,2025-04-10,2025-05-09,0.9966568358166656,0.003241217467302378,4.736760991897494e-5,0.999898053283968,0.9999454208938869,1,1,1.4379076960951382,0.9272709304272354
USDCLP,22,1m,49,70,2025-04-11,2025-05-12,0.9965603445561811,0.003332095700847463,5.52701043881671e-5,0.9998924402570286,0.9999477103614168,1,1,1.3541547897510722,0.6868003878314419
USDCLP,22,1m,50,71,2025-04-14,2025-05-13,0.9967235731470927,0.0031485706389421343,6.701326403564745e-5,0.9998721437860348,0.9999391570500705,1,1,1.4192289097389523,0.32897543862236095
USDCLP,22,1m,51,72,2025-04-15,2025-05-14,0.9972139789521759,0.002638875868768665,7.943647466391622e-5,0.9998528548209445,0.9999322912956085,1,1,1.2681810445363575,0.6010439988530993
USDCLP,22,1m,52,73,2025-04-16,2025-05-15,0.9976942873229335,0.0021632423538916973,7.513539188415892e-5,0.9998575296768252,0.9999326650687094,1,1,1.411112870414038,0.7207915067090617
USDCLP,22,1m,53,74,2025-04-17,2025-05-16,0.9982649634710865,0.0016013854399365053,7.23437629994569e-5,0.999866348911023,0.9999386926740225,1,1,1.2617537516497195,0.5742143676240585
USDCLP,22,1m,54,75,2025-04-18,2025-05-19,0.9982514150750627,0.0015846222301048713,9.165413631983834e-5,0.9998360373051676,0.9999276914414874,1,1,1.3626492855007177,1.29326986317835
USDCLP,22,1m,55,76,2025-04-21,2025-05-20,0.9982161121165614,0.0016003018518327596,1.1161385590806896e-4,0.9998164139683942,0.9999280278243022,1,1,1.3756859865432576,0.06015844459453063
USDCLP,22,1m,56,77,2025-04-22,2025-05-21,0.9978623464850059,0.001959259614721799,1.151303727528455e-4,0.9998216060997277,0.9999367364724805,1,1,1.3825249151311936,0.07009047868596016
USDCLP,22,1m,57,78,2025-04-23,2025-05-22,0.9978823221140903,0.001965901096857949,9.552817544253144e-5,0.9998482232109482,0.9999437513863908,1,1,1.4420991147868887,0.3139732941117865
USDCLP,22,1m,58,79,2025-04-24,2025-05-23,0.9978251626108625,0.002048644513784991,6.648587603192664e-5,0.9998738071246475,0.9999402930006794,1,1,1.4554575666966192,0.1837106920755626
USDCLP,22,1m,59,80,2025-04-25,2025-05-26,0.9974657512504559,0.0024142864051777835,6.16656583266534e-5,0.9998800376556337,0.9999417033139604,1,1,1.4485554729644192,0.3589105628909424
USDCLP,22,1m,60,81,2025-04-28,2025-05-27,0.9969000688442744,0.0029550396391366755,7.791466900883698e-5,0.9998551084834111,0.9999330231524199,1,1,1.427398125856152,0.5143809024142336
USDCLP,22,1m,61,82,2025-04-29,2025-05-28,0.9969175780080436,0.0029227217619718446,7.551494359449595e-5,0.9998402997700154,0.9999158147136099,1,1,1.428062743424669,0.05328151512629576
USDCLP,22,1m,62,83,2025-04-30,2025-05-29,0.9967971334115707,0.003016702935390425,9.587769706435715e-5,0.9998138363469612,0.9999097140440255,1,1,0.6828170095825453,1.4028709730396547
USDCLP,22,1m,63,84,2025-05-01,2025-05-30,0.9965984421316123,0.00317923478183206,1.3591822830500832e-4,0.9997776769134443,0.9999135951417494,1,1,0.6821536751445073,0.0936885750819616
USDCLP,22,1m,64,85,2025-05-02,2025-06-02,0.9967223590706672,0.0030701856228008096,1.5017625319291644e-4,0.999792544693468,0.9999427209466609,1,1,0.6782066249560065,0.06166852488118053
USDCLP,22,1m,65,86,2025-05-05,2025-06-03,0.9957337240501954,0.004016098996727693,1.8637325952250354e-4,0.9997498230469232,0.9999361963064457,1,1,0.6764837404492933,0.027584506758319475
USDCLP,22,1m,66,87,2025-05-06,2025-06-04,0.9946321489758739,0.0050527642461289995,2.472591390429886e-4,0.9996849132220029,0.9999321723610459,1,1,0.6855810951289335,0.062217218119584305
USDCLP,22,1m,67,88,2025-05-07,2025-06-05,0.993783985151684,0.005786638358347401,3.2125112011452715e-4,0.9995706235100313,0.9998918746301458,1,1,0.7049508043266891,0.14669900904836486
USDCLP,22,1m,68,89,2025-05-08,2025-06-06,0.9933258631240857,0.006163999483377511,3.733549376247309e-4,0.9994898626074632,0.9998632175450879,1,1,0.742693853985783,0.11434434141641349
USDCLP,22,1m,69,90,2025-05-09,2025-06-09,0.9928772525548678,0.006525187863786102,4.031307830550104e-4,0.9994024404186539,0.9998055712017089,1,1,0.7386429950752664,0.02897210247246636
USDCLP,22,1m,70,91,2025-05-12,2025-06-10,0.9916868636264682,0.00755607022715348,5.024964236911935e-4,0.9992429338536216,0.9997454302773128,1,1,0.7358699134483297,0.039745555666947215
USDCLP,22,1m,71,92,2025-05-13,2025-06-11,0.9926016381465337,0.006661801654321092,4.453888386424821e-4,0.9992634398008547,0.9997088286394973,1,1,0.7561482071362762,0.07413088397220603
USDCLP,22,1m,72,93,2025-05-14,2025-06-12,0.9931808878265137,0.0053768708084259535,0.001122470892772212,0.9985577586349397,0.99968022952771185,1,1,0.8249748728146556,0.5153270806611524
USDCLP,22,1m,73,94,2025-05-15,2025-06-13,0.9941368292376755,0.004035639882306685,0.0015455339395641966,0.9981724691199823,0.9997180030595465,1,1,0.8491662931594519,0.1203882964027081
USDCLP,22,1m,74,95,2025-05-16,2025-06-16,0.9928890403697861,0.004603866300791656,0.0019353076073945529,0.9974929066705778,0.9994282142779723,1,1,0.8309604071582719,0.10118387745356892
USDCLP,22,1m,75,96,2025-05-19,2025-06-17,0.9956321054404922,0.0024755484452756355,0.0014547315835898912,0.9981076538857678,0.9995623854693577,1,1,1.0060963088926915,0.4388248324416598
USDCLP,22,1m,76,97,2025-05-20,2025-06-18,0.9957700690057663,0.0022333017978245833,0.0015674664159480256,0.9980033708035908,0.9995708372195389,1,1,1.0221238711780505,0.08036848619593073
USDCLP,22,1m,77,98,2025-05-21,2025-06-19,0.9962579618709555,0.0020062193282614866,0.0013734454932069749,0.998264181199217,0.999637626692424,1,1,1.0223906550759863,0.13520612493073594
USDCLP,22,1m,78,99,2025-05-22,2025-06-20,0.9960766455994923,0.0022873238164169297,0.0011662190219115284,0.9983639694159092,0.9995301884378207,1,1,0.9378711286671,0.1584476905385377
USDCLP,22,1m,79,100,2025-05-23,2025-06-23,0.9961215161537456,0.0023470389146265968,0.001073292892331402,0.9984685550683722,0.9995418479607036,1,1,0.9461743593254394,0.09572582910640973
USDCLP,22,1m,80,101,2025-05-26,2025-06-24,0.9957447741208383,0.0029045319081772818,9.047454601486574e-4,0.9986493060290156,0.9995540514891642,1,1,0.9422636263251621,0.13460677519632802
USDCLP,22,1m,81,102,2025-05-27,2025-06-25,0.995711361248757,0.0029515678841017167,9.262457142758184e-4,0.9986629291328587,0.9995891748471345,1,1,1.0656536420987701,0.3361445855654751
USDCLP,22,1m,82,103,2025-05-28,2025-06-26,0.9953827372048187,0.0031249927580319333,0.001162372239941045,0.9985077299628506,0.9996701022027917,1,1,1.0389598668122617,0.10895401184288514
USDCLP,22,1m,83,104,2025-05-29,2025-06-27,0.9950486674095846,0.0031552293175864375,0.001430946941099331,0.998203896727171,0.9996348436682704,1,1,1.0011233711816685,0.14488245607746447
USDCLP,22,1m,84,105,2025-05-30,2025-06-30,0.9939089770799464,0.004155545673385392,0.001549133313568382,0.9980645227533318,0.9996136560669002,1,1,1.006341981856876,0.08083789805636107
USDCLP,22,1m,85,106,2025-06-02,2025-07-01,0.9934113217346449,0.004441624930258581,0.0017254169795169294,0.9978529466649034,0.9995783636444203,1,1,1.0123381790847787,0.04109239999171018
USDCLP,22,1m,86,107,2025-06-03,2025-07-02,0.9931378893713608,0.004507771862913031,0.0019017316840577614,0.9976456612342739,0.9995473929183316,1,1,1.0185009352587022,0.07219459453938339
USDCLP,22,1m,87,108,2025-06-04,2025-07-03,0.993278312539374,0.00442308910139494,0.0017990973888668575,0.997701401640769,0.9995004990296359,1,1,1.0197738318593783,0.06458427645377031
USDCLP,22,1m,88,109,2025-06-05,2025-07-04,0.9923377943346805,0.0050920926969515515,0.001933761975115931,0.997429887031632,0.999363649006748,1,1,1.0383292405275226,0.10781827026435212
USDCLP,22,1m,89,110,2025-06-06,2025-07-07,0.9916905376970336,0.00561277894299834,0.0019998004687290247,0.997303316640032,0.9993031171087611,1,1,1.061828699145397,0.1011386338230453
USDCLP,22,1m,90,111,2025-06-09,2025-07-08,0.9922126531047185,0.005117587769777264,0.0020095304232067776,0.9973302408744957,0.9993397712977025,1,1,1.0761632525526708,0.05132459085402017
USDCLP,22,1m,91,112,2025-06-10,2025-07-09,0.9928859445571957,0.004589426968116474,0.001901241654818832,0.9974753715253122,0.999376613180131,1,1,1.1063473757971216,0.07775504297742841
USDCLP,22,1m,92,113,2025-06-11,2025-07-10,0.9929684260513867,0.004621579390770734,0.0018675386744295528,0.9975900054421574,0.9994575441165869,1,1,1.1399418676431203,0.09781851199263353
USDCLP,22,1m,93,114,2025-06-12,2025-07-11,0.9927120069959106,0.004746009684402531,0.0020642497127376916,0.9974580166803131,0.9995222663930508,1,1,1.149637415816259,0.057512918612312704
USDCLP,22,1m,94,115,2025-06-13,2025-07-14,0.992386740267517,0.0048119547901229135,0.002250853749698656,0.9971986950576399,0.9994495488073386,1,1,1.1350097078892858,0.11489675111016893
USDCLP,22,1m,95,116,2025-06-16,2025-07-15,0.9913422884670731,0.005705760993910738,0.0023480657564255865,0.9970480494609838,0.9993961152174093,1,1,1.1278427733497876,0.10196363386462079
USDCLP,22,1m,96,117,2025-06-17,2025-07-16,0.9918297127182006,0.005497301303295764,0.00203620364515855,0.9973270140214964,0.9993632176666549,1,1,1.1031503162672722,0.12606463575831836
USDCLP,22,1m,97,118,2025-06-18,2025-07-17,0.9904226226153383,0.0064053851598280115,0.002330168049448559,0.9968280077751663,0.9991581758246149,1,1,1.0974665574778166,0.04101422827362571
USDCLP,22,1m,98,119,2025-06-19,2025-07-18,0.9908537034022702,0.0060860408513178435,0.0022618382347324396,0.996939744253588,0.9992015824883205,1,1,1.107058539795642,0.03435036102362797
USDCLP,22,1m,99,120,2025-06-20,2025-07-21,0.9854691990882937,0.009844241354323085,0.0035056208706633466,0.9953134404426167,0.99881906131328,1,2,1.1402442626268543,0.06699740674341774
USDCLP,22,1m,100,121,2025-06-23,2025-07-22,0.9868050016839937,0.009021741459316153,0.0031946747034138226,0.9958267431433098,0.9990214178467236,1,2,1.1424868031249402,0.03587939256585412
USDCLP,22,1m,101,122,2025-06-24,2025-07-23,0.9895203894319258,0.007183224215489264,0.0025465926544084674,0.996703613647415,0.9992502063018235,1,2,1.1482115117697573,0.025683979220685015
USDCLP,22,1m,102,123,2025-06-25,2025-07-24,0.991674167927733,0.00573636336942258,0.00202506706898643,0.9974105312971556,0.999435598366142,1,1,1.1476005380721501,0.02751608433671518
USDCLP,22,1m,103,124,2025-06-26,2025-07-25,0.9940945906573049,0.0041338024845742494,0.001421722286097596,0.9982283931418792,0.9996501154279768,1,1,1.0990370253762551,0.12099138319909254
USDCLP,22,1m,104,125,2025-06-27,2025-07-28,0.9945006275101838,0.0040008230462619115,0.001130634910421109,0.9985014505564457,0.9996320854668668,1,1,1.082059541654137,0.048781671737315895
USDCLP,22,1m,105,126,2025-06-30,2025-07-29,0.9950797187301672,0.0037773835279987537,7.733013580850875e-4,0.9988571022581659,0.999630403616251,1,1,1.087142373530962,0.06053241315355889
USDCLP,22,1m,106,127,2025-07-01,2025-07-30,0.9957650373277975,0.00319428607820729,7.69409951022591e-4,0.9989593234060048,0.9997287333570274,1,1,1.1468358495024769,0.14145376468605753
USDCLP,22,1m,107,128,2025-07-02,2025-07-31,0.9958121224779665,0.0033151768383743903,5.823844207879795e-4,0.9991272993163408,0.9997096837371288,1,1,1.0914528854488976,0.14572379704493926
USDCLP,22,1m,108,129,2025-07-03,2025-08-01,0.9958327282810724,0.003477930862198306,4.3462144631140656e-4,0.9993106591432707,0.9997452805895821,1,1,0.9050343152619418,0.813548525931311
USDCLP,22,1m,109,130,2025-07-04,2025-08-04,0.9957849671202139,0.0035048640067190124,4.500291659020232e-4,0.9992898311269329,0.9997398602928349,1,1,0.871937631040528,0.3937595562536482
USDCLP,22,1m,110,131,2025-07-07,2025-08-05,0.9961963573881559,0.0030077140889211,5.250598126175251e-4,0.999204071477077,0.9997291312896945,1,1,0.8671950422416537,0.21437499784392502
USDCLP,22,1m,111,132,2025-07-08,2025-08-06,0.9968005615460612,0.002265735622071545,5.774311537970054e-4,0.9990662971681328,0.9996437283219298,1,1,0.8645288392917541,0.1923268429567929
USDCLP,22,1m,112,133,2025-07-09,2025-08-07,0.9952087979514704,0.0038516353533495965,5.797955395199356e-4,0.9990604333048201,0.99964022884434,1,1,0.796410965750645,0.190122104424318
USDCLP,22,1m,113,134,2025-07-10,2025-08-08,0.9938652846926556,0.00513247893954668,6.35186449998656e-4,0.9989977636322023,0.9996329500822009,1,1,0.8120349159362619,0.060640170311785715
USDCLP,22,1m,114,135,2025-07-11,2025-08-11,0.9935632247398463,0.0053681993254663645,6.864206369572796e-4,0.9989314240653127,0.9996178447022699,1,1,0.8147504065709081,0.08466517492137882
USDCLP,22,1m,115,136,2025-07-14,2025-08-12,0.9938660271155619,0.005140316595320474,6.882146983494565e-4,0.9990063437108824,0.9996945584092318,1,1,0.7709007734307902,0.06368612720634166
USDCLP,22,1m,116,137,2025-07-15,2025-08-13,0.9926483262186142,0.00632227143232584,7.080875519289363e-4,0.9989705976509401,0.9996786852028691,1,1,0.7767739047677871,0.03144990829784087
USDCLP,22,1m,117,138,2025-07-16,2025-08-14,0.9897702635899858,0.009098226394823218,7.411454944723443e-4,0.998868489984809,0.9996096354792814,1,2,0.7943920456662442,0.12644510439919593
USDCLP,22,1m,118,139,2025-07-17,2025-08-15,0.9890512874723864,0.009869046421074274,7.011929176436834e-4,0.9989203338934606,0.9996215268111043,1,2,0.8200758323408245,0.0595834299226603
USDCLP,22,1m,119,140,2025-07-18,2025-08-18,0.991353884520006,0.007798806392486921,5.51525486545937e-4,0.9991526909124928,0.9997042163990387,1,1,0.8217351408905363,0.07306654038929729
USDCLP,22,1m,120,141,2025-07-21,2025-08-19,0.9935786478308144,0.005771794945576212,4.296140218258131e-4,0.9993504427763906,0.9997800567982165,1,1,0.8280850205888404,0.033320693735868885
USDCLP,22,1m,121,142,2025-07-22,2025-08-20,0.9945396650307867,0.004925595267632988,3.5502131502918814e-4,0.9994652602984198,0.9998202816134489,1,1,0.8395047182828612,0.08033813145928005
USDCLP,22,1m,122,143,2025-07-23,2025-08-21,0.994977939644229,0.00453435497077569,3.3527821620390276e-4,0.9995122946150047,0.9998475728312086,1,1,0.8394975283632121,0.07112044557184846
USDCLP,22,1m,123,144,2025-07-24,2025-08-22,0.9950361063681511,0.004452575134027122,3.609787097072472e-4,0.9994886815021782,0.9998496602118854,1,1,0.8722685393137476,0.11796100499650498
USDCLP,22,1m,124,145,2025-07-25,2025-08-25,0.9949309695278125,0.00453620034259869,3.8440572697327443e-4,0.9994671698704112,0.9998515755973845,1,1,0.8643311187123444,0.05287106379147395
USDCLP,22,1m,125,146,2025-07-28,2025-08-26,0.9943481156433224,0.005108750955864403,4.049720508287942e-4,0.9994568665991868,0.9998618386500155,1,1,0.8724483402183131,0.022921122172186476
USDCLP,22,1m,126,147,2025-07-29,2025-08-27,0.9944494830825457,0.005057446788601305,3.508208352919571e-4,0.999506929871147,0.9998577507064389,1,1,0.8843015699488762,0.05768872128253443
USDCLP,22,1m,127,148,2025-07-30,2025-08-28,0.9941853362598916,0.005386587714562362,2.724506993626334e-4,0.9995719239744539,0.9998443746738166,1,1,0.9561481495752752,0.14572159490258663
USDCLP,22,1m,128,149,2025-07-31,2025-08-29,0.9937977560215754,0.005817635111042631,1.7704063880603406e-4,0.999615391132618,0.9997924317714241,1,1,1.2044855823444378,0.47312920327957625
USDCLP,22,1m,129,150,2025-08-01,2025-09-01,0.9932630924064043,0.006320961879573625,1.740332797058732e-4,0.999584054285978,0.9997580875656839,1,1,1.4392766936408097,0.7970173106569091
USDCLP,22,1m,130,151,2025-08-04,2025-09-02,0.992159212560879,0.007367861756761909,1.9516310825414836e-4,0.999527074317641,0.9997222374258952,1,1,1.1891054675431427,0.8953479559676627
USDCLP,22,1m,131,152,2025-08-05,2025-09-03,0.9917072605329724,0.00778761529389846,2.1399775408031607e-4,0.9994948758268709,0.9997088735809512,1,1,1.3604085747367947,1.2921756288398092
USDCLP,22,1m,132,153,2025-08-06,2025-09-04,0.9912672073422913,0.008101600319818315,3.3453723847189407e-4,0.9993688076621097,0.9997033449005815,1,1,1.0291675050630351,0.7035938381780877
USDCLP,22,1m,133,154,2025-08-07,2025-09-05,0.9881848015093103,0.010921045724007674,5.267900809362961e-4,0.999105847233318,0.9996326373142542,1,2,1.0821728275832694,0.11437524157844306
USDCLP,22,1m,134,155,2025-08-08,2025-09-08,0.9840729354462591,0.01457414064044966,8.832937935170209e-4,0.9986470760867088,0.9995303698802258,1,2,0.9989784483401508,0.1732332513875841
USDCLP,22,1m,135,156,2025-08-11,2025-09-09,0.9780339404632967,0.019844670759600967,0.0015189826369498326,0.9978786112228977,0.9993975938598475,1,2,0.9414192843850473,0.1268524491338064
USDCLP,22,1m,136,157,2025-08-12,2025-09-10,0.9772405903618122,0.020313058534955433,0.0018983733555172908,0.9975536488967677,0.9994520222522849,1,2,0.7954196841051908,0.2258435374419948
USDCLP,22,1m,137,158,2025-08-13,2025-09-11,0.9793093304407426,0.016967906143034242,0.0032074954945419533,0.9962772365837769,0.9994847320783188,1,2,0.5594229192352247,0.40535623634310214
USDCLP,22,1m,138,159,2025-08-14,2025-09-12,0.9841468448432013,0.01250232325216988,0.0030454072773961347,0.9966491680953712,0.9996945753727673,1,2,0.537428732400093,0.06762272123778346
USDCLP,22,1m,139,160,2025-08-15,2025-09-15,0.9895664009265056,0.008153583520049098,0.002034311721169857,0.9977199844465547,0.9997542961677246,1,2,0.5441997516872299,0.039770111796340185
USDCLP,22,1m,140,161,2025-08-18,2025-09-16,0.9946337518854548,0.0042486821462658095,9.624081318155256e-4,0.9988824340317206,0.9998448421635361,1,1,0.5618945046479608,0.04156822998811994
USDCLP,22,1m,141,162,2025-08-19,2025-09-17,0.9973047592214463,0.002049931380107016,5.383657236734239e-4,0.9993546906015534,0.9998930563252267,1,1,0.5575541228844028,0.04144152878170894
USDCLP,22,1m,142,163,2025-08-20,2025-09-18,0.9986280815814216,0.0010191355389209593,2.7196562170791685e-4,0.9996472171203425,0.9999191827420505,1,1,0.45178404202506567,0.14239936302138756
USDCLP,22,1m,143,164,2025-08-21,2025-09-19,0.9986759486317424,8.901793124505771e-4,3.650321963974297e-4,0.999566127944193,0.9999311601405904,1,1,0.40830824200453103,0.06895157893041105
USDCLP,22,1m,144,165,2025-08-22,2025-09-22,0.9987853481085224,7.608702462487463e-4,3.876548507121951e-4,0.9995462183547711,0.9999338732054833,1,1,0.3765808971344769,0.05406418018335573
USDCLP,22,1m,145,166,2025-08-25,2025-09-23,0.9984307320841249,8.512640838567243e-4,6.475928770884e-4,0.9992819961679816,0.99992958904507,1,1,0.428429502057282,0.10899893504024906
USDCLP,22,1m,146,167,2025-08-26,2025-09-24,0.9984278793325534,8.7314332414151e-4,6.332388973781378e-4,0.9993010226566948,0.999934261554073,1,1,0.441983800189552,0.03785997770599688
USDCLP,22,1m,147,168,2025-08-27,2025-09-25,0.9985586999153306,8.62511280309133e-4,5.15471917258039e-4,0.9994212111956398,0.9999366831128979,1,1,0.43382424192093877,0.07231216812068372
USDCLP,22,1m,148,169,2025-08-28,2025-09-26,0.998343296828019,0.001021504044093071,5.583971878776697e-4,0.9993648008721121,0.9999231980599897,1,1,0.5160952984596228,0.15389368764662312
USDCLP,22,1m,149,170,2025-08-29,2025-09-29,0.998347587724679,0.0011273850005088877,4.49114774389419e-4,0.9994749727251879,0.9999240874995774,1,1,0.5290983362588828,0.03264202428044271
USDCLP,22,1m,150,171,2025-09-01,2025-09-30,0.9982277484130001,0.0011988283624027381,4.937427970223683e-4,0.9994265767754028,0.9999203195724252,1,1,0.5407864959782664,0.045175857645528304
USDCLP,22,1m,151,172,2025-09-02,2025-10-01,0.998129640626178,0.0012504157005609423,5.360037824798473e-4,0.999380056326739,0.9999160601092189,1,1,0.5540486207278598,0.037076641125991114
USDCLP,22,1m,152,173,2025-09-03,2025-10-02,0.9979879020384101,0.0014425136921963036,4.941574235024767e-4,0.9994304157306064,0.9999245731541089,1,1,0.6120764076160219,0.10978598115189002
USDCLP,22,1m,153,174,2025-09-04,2025-10-03,0.9974226140790594,0.0019012739055837347,6.118571018139655e-4,0.9993238879846431,0.9999357450864571,1,1,0.6399075272860398,0.03900283451406418
USDCLP,22,1m,154,175,2025-09-05,2025-10-06,0.9966216349207043,0.0025793227198211734,7.335821568114293e-4,0.9992009576405255,0.9999345397973369,1,1,0.643378928059475,0.03744652017142053
USDCLP,22,1m,155,176,2025-09-08,2025-10-07,0.9953408639345858,0.00361337937614674,9.696289976925943e-4,0.9989542433107325,0.999923872308425,1,1,0.6515922562692599,0.03939470681444569
USDCLP,22,1m,156,177,2025-09-09,2025-10-08,0.9948332990525638,0.004217418814911511,8.65223825579247e-4,0.9990507178674753,0.9999159416930546,1,1,0.6532038913405391,0.044177449340357375
USDCLP,22,1m,157,178,2025-09-10,2025-10-09,0.9942816440557264,0.004877393018084143,7.42616210078797e-4,0.9991590370738105,0.9999016532838892,1,1,0.6497653701315481,0.03564925323321291
USDCLP,22,1m,158,179,2025-09-11,2025-10-10,0.9935491516975209,0.005856097234498951,4.638018533882531e-4,0.9994052489320199,0.9998690507854081,1,1,0.6302331028748286,0.15345628698468428
USDCLP,22,1m,159,180,2025-09-12,2025-10-13,0.995208270822985,0.004447182699740275,2.164980273959437e-4,0.9996554535227253,0.9998719515501213,1,1,0.5419169941009275,0.27680923376521244
USDCLP,22,1m,160,181,2025-09-15,2025-10-14,0.9953157540954329,0.004400466652166495,1.562360155280172e-4,0.9997162207475995,0.9998724567631275,1,1,0.5873452020513505,0.3465964241661289
USDCLP,22,1m,161,182,2025-09-16,2025-10-15,0.9963705059152681,0.00348592999619768,6.98878190048266e-5,0.9998564359114658,0.9999263237304706,1,1,0.8893854936519501,0.5481465376984777
USDCLP,22,1m,162,183,2025-09-17,2025-10-16,0.9975180017753417,0.002387020924772964,4.0751030788733586e-5,0.9999050227001146,0.9999457737309033,1,1,0.8083360530375053,0.121249143337952
USDCLP,22,1m,163,184,2025-09-18,2025-10-17,0.9981120063070563,0.0018127153984148965,2.8776035015754128e-5,0.9999247217054712,0.9999534977404869,1,1,0.958003958830724,1.233412412866068
USDCLP,22,1m,164,185,2025-09-19,2025-10-20,0.9985884223656767,0.001350503220543728,2.72182428683319e-5,0.9999389255862204,0.9999661438290888,1,1,1.0898219352708685,0.2559814821085923
USDCLP,22,1m,165,186,2025-09-22,2025-10-21,0.9988159828190637,0.0011300211949587882,2.4620187757738703e-5,0.9999460040140224,0.9999706242017802,1,1,1.2646783358099505,0.3392022175119189
USDCLP,22,1m,166,187,2025-09-23,2025-10-22,0.9989038267843114,0.0010452338817810876,2.317472862567871e-5,0.9999490606660926,0.9999722353947182,1,1,1.3286462968912651,0.1625182636313765
USDCLP,22,1m,167,188,2025-09-24,2025-10-23,0.999066064684508,8.740210784632943e-4,3.222366895661998e-5,0.9999400857629713,0.9999723094319279,1,1,1.2966613923412285,0.21598365690111276
USDCLP,22,1m,168,189,2025-09-25,2025-10-24,0.9989973507988466,9.397967481836438e-4,3.410696349864164e-5,0.9999371475470302,0.9999712545105288,1,1,1.3228809486039046,0.11910806860106922
USDCLP,22,1m,169,190,2025-09-26,2025-10-27,0.9990441214358217,8.879751715194048e-4,3.913466633702335e-5,0.9999320966073411,0.999971231273678,1,1,1.293180683325624,0.10955908092078491
USDCLP,22,1m,170,191,2025-09-29,2025-10-28,0.9987632627028212,0.0011682071514439814,3.809642326868014e-5,0.9999314698542652,0.9999695662775339,1,1,1.2959834128885643,0.09651137787140446
USDCLP,22,1m,171,192,2025-09-30,2025-10-29,0.9986007157406905,0.0013306188568751709,3.656363805576853e-5,0.9999313345975657,0.9999678982356215,1,1,1.2139850865457924,0.1950033261625889
USDCLP,22,1m,172,193,2025-10-01,2025-10-30,0.9984574808188754,0.0014644193621022024,4.175228150451349e-5,0.9999219001809776,0.9999636524624821,1,1,1.1539799258282066,0.1271427907247056
USDCLP,22,1m,173,194,2025-10-02,2025-10-31,0.9982059817927087,0.001703128359674358,4.826362176579909e-5,0.999909110152383,0.9999573737741488,1,1,1.1454973896060718,0.03177936694550462
USDCLP,22,1m,174,195,2025-10-03,2025-11-03,0.9969574165883595,0.0029301873054112526,5.301896189988932e-5,0.9998876038937707,0.9999406228556706,1,1,1.0536346927129867,0.21511274315449944
USDCLP,22,1m,175,196,2025-10-06,2025-11-04,0.9949985960166435,0.004879464237793736,5.5484404443702696e-5,0.9998780602544373,0.999933544658881,1,1,1.0832939317111332,0.08473754153194646
USDCLP,22,1m,176,197,2025-10-07,2025-11-05,0.9938129110881018,0.006059777613962021,5.560207435601427e-5,0.9998726887020638,0.9999282907764199,1,1,1.1008804204675784,0.036707577201217555
USDCLP,22,1m,177,198,2025-10-08,2025-11-06,0.993461435893073,0.006409986403704776,5.5175562096297546e-5,0.9998714222967778,0.9999265978588742,1,1,1.0959335274786768,0.02215263413545514
USDCLP,22,1m,178,199,2025-10-09,2025-11-07,0.9942413345782363,0.005639861304120949,4.987490295394381e-5,0.9998811958823572,0.9999310707853112,1,1,1.2690257585072913,0.33431857828461214
USDCLP,22,1m,179,200,2025-10-10,2025-11-10,0.9977908852793597,0.0021074257838072296,6.364223253422511e-5,0.9998983110631668,0.999961953295701,1,1,0.4701514684696408,1.3333929012356713
USDCLP,22,1m,180,201,2025-10-13,2025-11-11,0.9990938740992784,8.274264892882827e-4,5.577365022612424e-5,0.9999213005885667,0.9999770742387928,1,1,0.45089911275295536,0.09361022702991208
USDCLP,22,1m,181,202,2025-10-14,2025-11-12,0.9994338548537887,5.006707185147183e-4,4.2177862616082845e-5,0.9999345255723033,0.9999767034349194,1,1,0.38784770134197843,0.35087766343649424
USDCLP,22,1m,182,203,2025-10-15,2025-11-13,0.9997552884350146,1.7431706210663709e-4,5.426231814176745e-5,0.9999296054971213,0.999983867815263,1,1,0.5342144398476982,0.2765334688179626
USDCLP,22,1m,183,204,2025-10-16,2025-11-14,0.9996694160418146,2.7293558535657433e-4,4.078514813144145e-5,0.9999423516271712,0.9999831367753026,1,1,0.8271490760324525,0.4883512110754266
USDCLP,22,1m,184,205,2025-10-17,2025-11-17,0.9996429534442149,2.7887748873008485e-4,3.9331588645577655e-5,0.9999218309329451,0.9999611625215906,1,1,0.7808492366456551,0.286380504959478
USDCLP,22,1m,185,206,2025-10-20,2025-11-18,0.999446794357213,4.2752563306979054e-4,8.420239428195293e-5,0.9998743199902828,0.9999585223845647,1,1,0.8457825842693582,0.5773801137343538
USDCLP,22,1m,186,207,2025-10-21,2025-11-19,0.9992133304653321,6.372700213541757e-4,1.0508953524916215e-4,0.9998506004866863,0.9999556900219354,1,1,0.8463885486584825,0.04403992408927775
USDCLP,22,1m,187,208,2025-10-22,2025-11-20,0.998955572928778,8.841656005251158e-4,1.1298601723650268e-4,0.9998397385293031,0.9999527245465396,1,1,0.8532790760723735,0.027242445805947816
USDCLP,22,1m,188,209,2025-10-23,2025-11-21,0.998716031631419,0.001112087832914863,1.21416611206684e-4,0.9998281194643338,0.9999495360755405,1,1,0.863923339426675,0.029667297016799474
USDCLP,22,1m,189,210,2025-10-24,2025-11-24,0.9985060328846219,0.0012997885298711201,1.4043543779299804e-4,0.999805821414493,0.999946256852286,1,1,0.8459987521037405,0.031778717134179395
USDCLP,22,1m,190,211,2025-10-27,2025-11-25,0.9982736247111167,0.00151096829876436,1.5834264052944525e-4,0.9997845930098811,0.9999429356504106,1,1,0.8542530051246797,0.014816592332912805
USDCLP,22,1m,191,212,2025-10-28,2025-11-26,0.9979848489097238,0.0017588695697494001,1.9464916299064293e-4,0.9997437184794732,0.9999383676424638,1,1,0.8487204484581221,0.017977582571768243
USDCLP,22,1m,192,213,2025-10-29,2025-11-27,0.9976719941242006,0.00204898513353078,2.1279156530090856e-4,0.9997209792577314,0.9999337708230324,1,1,0.844347845407605,0.011132587432632141
USDCLP,22,1m,193,214,2025-10-30,2025-11-28,0.9974221555520746,0.0022489081269439935,2.363559096063387e-4,0.9996710636790186,0.999907419588625,1,1,0.8554827698200145,0.05612313331163027
USDCLP,22,1m,194,215,2025-10-31,2025-12-01,0.9969862836788237,0.002636895274073775,2.584226628198425e-4,0.9996231789528974,0.9998816016157173,1,1,0.8190594630997001,0.06313891009201981
USDCLP,22,1m,195,216,2025-11-03,2025-12-02,0.9967107708434472,0.0028694267435826113,2.733918355705437e-4,0.9995801975870298,0.9998535894226003,1,1,0.887816001861121,0.12781605184430175
USDCLP,22,1m,196,217,2025-11-04,2025-12-03,0.9966061221639072,0.0029848007289292803,2.4270480513585528e-4,0.9995909228928365,0.9998336276979723,1,1,0.9626310074794121,0.13595824888040606
USDCLP,22,1m,197,218,2025-11-05,2025-12-04,0.9965513317889186,0.0029851708481033207,2.3586169470824416e-4,0.999536502637022,0.9997723643317302,1,1,1.0856766839430037,0.25295139512724096
USDCLP,22,1m,198,219,2025-11-06,2025-12-05,0.9967019402015053,0.00277241791172461,2.6441060989878834e-4,0.9994743581132298,0.9997387687231286,1,1,1.4122002429393465,1.178557166881459
USDCLP,22,1m,199,220,2025-11-07,2025-12-08,0.9969485126120873,0.002513621285529923,2.8863013391493107e-4,0.9994621338976172,0.9997507640315321,1,1,1.3757137963681156,0.2666001236038247
USDCLP,22,1m,200,221,2025-11-10,2025-12-09,0.9976154429705706,0.0018673245648290451,3.191986299148543e-4,0.9994827675353997,0.9998019661653145,1,1,1.3995169833478809,0.1740928247241907
USDCLP,22,1m,201,222,2025-11-11,2025-12-10,0.9971743636402206,0.0022786266643344873,3.284171352952785e-4,0.9994529903045551,0.9997814074398504,1,1,1.3879489073828897,0.06359190017311853
USDCLP,22,1m,202,223,2025-11-12,2025-12-11,0.9967385910044438,0.002665200274817419,3.6055905517346355e-4,0.9994037912792613,0.9997643503344348,1,1,1.3833091658225123,0.034174609876974925
USDCLP,22,1m,203,224,2025-11-13,2025-12-12,0.9967876994254135,0.0026034720793407197,4.6181350066920975e-4,0.9993911715047542,0.9998529850054234,1,1,1.3770479805895282,0.23354901563159203
USDCLP,22,1m,204,225,2025-11-14,2025-12-15,0.9975858228500064,0.0017245287229660984,5.458276896195946e-4,0.9993103515729725,0.9998561792625922,1,1,1.3285075482239594,0.23874580236944565
USDCLP,22,1m,205,226,2025-11-17,2025-12-16,0.9955931913044338,0.0034947686059366772,6.567498117784686e-4,0.9990879599103705,0.9997447097221489,1,1,1.2834679275636722,0.3959243075228075
USDCLP,22,1m,206,227,2025-11-18,2025-12-17,0.9982336894041295,0.0010530431902555336,5.184083486126642e-4,0.999286732594385,0.9998051409429977,1,1,1.4141413130962477,0.660943670166504
USDCLP,22,1m,207,228,2025-11-19,2025-12-18,0.9982686757069501,0.0010543684254110286,4.8147431625308087e-4,0.9993230441323612,0.9998045184486143,1,1,1.4246410131143314,0.08874022403907149
USDCLP,22,1m,208,229,2025-11-20,2025-12-19,0.9982900495027751,0.0011317030102692797,4.1772289488711123e-4,0.9994217525130444,0.9998394754079315,1,1,1.418464623717677,0.07943412113798425
USDCLP,22,1m,209,230,2025-11-21,2025-12-22,0.9985440070695165,0.0010225455914618055,3.1960593264674915e-4,0.9995665526609783,0.9998861585936251,1,1,1.3949159479315416,0.1395698776125285
USDCLP,22,1m,210,231,2025-11-24,2025-12-23,0.9986730284769096,9.50041473094432e-4,2.907446422938761e-4,0.999623069950004,0.9999138145922979,1,1,1.3727047190672184,0.12412313356202725
USDCLP,22,1m,211,232,2025-11-25,2025-12-24,0.9990113791935157,6.501314278685171e-4,2.6886855411724895e-4,0.9996615106213842,0.9999303791755014,1,1,1.3850521748782612,0.10756763822447712
USDCLP,22,1m,212,233,2025-11-26,2025-12-25,0.9992030519437943,4.7938221245704115e-4,2.576905723903529e-4,0.9996824341562514,0.9999401247286417,1,1,1.3651922111329278,0.10005257028261373
USDCLP,22,1m,213,234,2025-11-27,2025-12-26,0.9994721976097719,2.781209914128831e-4,1.9130162211025784e-4,0.9997503186011848,0.999941620223295,1,1,1.378793917568068,0.06420030963837561
USDCLP,22,1m,214,235,2025-11-28,2025-12-29,0.999558219341956,2.742895036028577e-4,1.1612156012279902e-4,0.9998325088455589,0.9999486304056816,1,1,1.2770560266513575,0.56404854237912
USDCLP,22,1m,215,236,2025-12-01,2025-12-30,0.999600901919285,2.307080028800612e-4,1.1675780847563604e-4,0.999831609922165,0.9999483677306407,1,1,1.2754850144814696,0.15008513337794552
USDCLP,22,1m,216,237,2025-12-02,2025-12-31,0.9996152959732326,2.290268258687245e-4,1.1403165362727048e-4,0.9998443227991013,0.9999583544527285,1,1,1.2754125247546,0.10064092337081108
USDCLP,22,1m,217,238,2025-12-03,2026-01-01,0.9996539189489387,1.911908989383619e-4,1.0236773253155056e-4,0.9998451098478771,0.9999474775804087,1,1,1.2931337484301633,0.25824425618754426
USDCLP,22,1m,218,239,2025-12-04,2026-01-02,0.9996776934497045,1.8716082335684206e-4,8.412499917522742e-5,0.9998648542730613,0.9999489792722365,1,1,1.2931299993712582,0.1469563009896281
USDCLP,22,1m,219,240,2025-12-05,2026-01-05,0.9997337681945511,1.259546988397571e-4,8.598484030585187e-5,0.9998597228933909,0.9999457077336967,1,1,1.2337745602987247,0.14783672771008302
USDCLP,22,1m,220,241,2025-12-08,2026-01-06,0.9997796805065146,1.1095988325241246e-4,6.221467964732048e-5,0.9998906403897669,0.9999528550694142,1,1,0.8931721568557386,0.8053706400929801
USDCLP,22,1m,221,242,2025-12-09,2026-01-07,0.9996464227177205,2.3401707479485157e-4,6.580499137240245e-5,0.9998804397925154,0.9999462447838878,1,1,0.9893881113071098,0.2643740402039165
USDCLP,22,1m,222,243,2025-12-10,2026-01-08,0.9995626055506798,3.022629297737755e-4,7.294130006389079e-5,0.9998648684804535,0.9999378097805174,1,1,0.9255505413961295,0.1141574384080822
USDCLP,22,1m,223,244,2025-12-11,2026-01-09,0.9993438886339567,4.7376805698907097e-4,9.74332029581785e-5,0.9998176566909458,0.999915089893904,1,1,0.8813463366408117,0.1339254046867038
USDCLP,22,1m,224,245,2025-12-12,2026-01-12,0.9992113924862721,5.509746142236471e-4,1.2331795159289946e-4,0.9997623671004957,0.9998856850520886,1,1,0.8518523165265184,0.138144917807774
USDCLP,22,1m,225,246,2025-12-15,2026-01-13,0.9989525341197875,7.375933635048816e-4,1.6239182076906004e-4,0.9996901274832923,0.9998525193040614,1,1,0.8617858796817779,0.11457757624062485
USDCLP,22,1m,226,247,2025-12-16,2026-01-14,0.9988634270388985,7.170141202308471e-4,2.4826850232889853e-4,0.9995804411591294,0.9998287096614583,1,1,0.9084730316091707,0.29762322331759056
USDCLP,22,1m,227,248,2025-12-17,2026-01-15,0.9987491876548992,6.739836477230287e-4,3.915100848747256e-4,0.9994231713026221,0.9998146813874969,1,1,0.8996232311182761,0.2391587865433811
USDCLP,22,1m,228,249,2025-12-18,2026-01-16,0.9987855750000804,6.364983024447582e-4,4.1330241820753435e-4,0.9994220733025251,0.9998353757207327,1,1,0.9702734989626135,0.16695387864682987
USDCLP,22,1m,229,250,2025-12-19,2026-01-19,0.9987274463636764,6.135323050310887e-4,4.9873367806901e-4,0.9993409786687075,0.9998397123467765,1,1,0.9217995979118592,0.11065357535403282
USDCLP,22,1m,230,251,2025-12-22,2026-01-20,0.9984907181887747,7.247984141660261e-4,6.06332835352173e-4,0.9992155166029407,0.9998218494382929,1,1,0.871392875559617,0.11735708191643882
USDCLP,22,1m,231,252,2025-12-23,2026-01-21,0.9980497718291738,9.486747245357252e-4,7.74348066039161e-4,0.9989984465537095,0.9997727946197487,1,1,0.8480740222473752,0.09162997730053815
USDCLP,22,1m,232,253,2025-12-24,2026-01-22,0.9977727073085806,0.0011593952343886159,8.312775414609965e-4,0.9989321025429692,0.9997633800844301,1,1,0.8329107301932143,0.03375165617253431
USDCLP,22,1m,233,254,2025-12-25,2026-01-23,0.9972912659991666,0.0014502595348094415,9.829973079158642e-4,0.9987415255339761,0.999724522841892,1,1,0.8139242863950442,0.0587179146027831
USDCLP,22,1m,234,255,2025-12-26,2026-01-26,0.9966258043230913,0.0018566462236855377,0.0011867080255578927,0.9984824505467769,0.9996691585723347,1,1,0.7958961099606177,0.1387944253497922
USDCLP,22,1m,235,256,2025-12-29,2026-01-27,0.995640772079123,0.0023979633416665582,0.0015634116389676444,0.9980387354207896,0.9996021470597573,1,1,0.7851005599063918,0.02774837692166989
USDCLP,22,1m,236,257,2025-12-30,2026-01-28,0.9922485154963617,0.004100524135972282,0.0026582402532149166,0.996349039632334,0.9990072798855489,1,1,0.8411213006717846,0.3330387695818218
USDCLP,22,1m,237,258,2025-12-31,2026-01-29,0.9914466737811413,0.004814012995107874,0.002541988734477979,0.9962606867762491,0.9988026755107271,1,1,0.8394531657421074,0.11222897189226803
USDCLP,22,1m,238,259,2026-01-01,2026-01-30,0.9923601015349788,0.004494578168957312,0.001707039521673715,0.996854679703936,0.9985617192256098,1,1,0.8512153154265093,0.10735400253044329
USDCLP,22,1m,239,260,2026-01-02,2026-02-02,0.9843570522472089,0.012514902242104643,0.001593956865720329,0.9968719544893135,0.9984659113550338,1,2,0.7829786342071268,0.4277928835768928
USDCLP,22,1m,240,261,2026-01-05,2026-02-03,0.9805100127980303,0.01646835718982594,0.00149678147331655,0.9969783699878563,0.9984751514611728,1,2,0.8780494803414065,0.22494281831277266
USDCLP,22,1m,241,262,2026-01-06,2026-02-04,0.9818083358729428,0.015531727554724144,0.001311549805803691,0.9973400634276669,0.9986516132334706,1,2,1.0496786393532744,0.369635041015142
USDCLP,22,1m,242,263,2026-01-07,2026-02-05,0.9827667393742907,0.014713186581867247,0.0012973370608684567,0.997479925956158,0.9987772630170264,1,2,1.4420583049688167,0.9807854056313289
USDCLP,22,1m,243,264,2026-01-08,2026-02-06,0.9817762211983051,0.015370929036789441,0.0014914449007068398,0.9971471502350946,0.9986385951358014,1,2,1.019486114719406,1.3001975657163292
USDCLP,22,1m,244,265,2026-01-09,2026-02-09,0.9806016780537812,0.015919176763854598,0.0021130305425289325,0.9965208548176357,0.9986338853601647,1,2,0.926558277593794,0.20100027436949927
USDCLP,22,1m,245,266,2026-01-12,2026-02-10,0.9784759480972016,0.017438289140731807,0.0025125498004548246,0.9959142372379334,0.9984267870383882,1,2,0.7904819494759867,0.4333406920897472
USDCLP,22,1m,246,267,2026-01-13,2026-02-11,0.9770849631005377,0.018452546002135462,0.0027325268301857633,0.9955375091026731,0.9982700359328589,1,2,0.8257361171161953,0.12833108796570614
USDCLP,22,1m,247,268,2026-01-14,2026-02-12,0.9771069849118833,0.01836830752627186,0.0028266685196297594,0.9954752924381551,0.9983019609577849,1,2,0.8139410143998438,0.15843743484511189
USDCLP,22,1m,248,269,2026-01-15,2026-02-13,0.9744253076743822,0.020329575929631794,0.0033974469667008727,0.994754883604014,0.9981523305707148,1,2,0.8504715995786298,0.08226486075754084
USDCLP,22,1m,249,270,2026-01-16,2026-02-16,0.9722946342895368,0.021616182841760798,0.00396097973928899,0.9939108171312976,0.9978717968705866,1,2,0.9674011781679527,0.2961674144274004
USDCLP,22,1m,250,271,2026-01-19,2026-02-17,0.9713610592907711,0.022276643026644203,0.004131096466013269,0.9936377023174153,0.9977687987834286,1,2,1.0086291736593733,0.07026607741257637
USDCLP,22,1m,251,272,2026-01-20,2026-02-18,0.9639634106586583,0.027902143176538,0.005316467222542286,0.9918655538351964,0.9971820210577387,1,2,1.0262330657067364,0.03252643427828881
USDCLP,22,1m,252,273,2026-01-21,2026-02-19,0.9558072123159935,0.03424827622186835,0.006522152419295785,0.9900554885378618,0.9965776409571576,1,2,1.0440257818231773,0.05205182477708426
USDCLP,22,1m,253,274,2026-01-22,2026-02-20,0.9460503841361749,0.041518643799406875,0.008159710504371257,0.9875690279355818,0.995728738439953,2,3,1.0764555027382539,0.07274380227831899
USDCLP,22,1m,254,275,2026-01-23,2026-02-23,0.9499041797629431,0.038321763163168224,0.007700314214787727,0.9882259429261113,0.995926257140899,2,3,1.1341904368006557,0.14617208682966823
USDCLP,22,1m,255,276,2026-01-26,2026-02-24,0.9577924864400015,0.03231485792842277,0.006315850693783522,0.9901073443684243,0.9964231950622078,1,2,1.1536359201781299,0.07965821046756823
USDCLP,22,1m,256,277,2026-01-27,2026-02-25,0.9611497346119621,0.030627257845882834,0.004911619474746884,0.9917769924578449,0.9966886119325917,1,2,1.2497867002287115,0.20839241580118828
USDCLP,22,1m,257,278,2026-01-28,2026-02-26,0.9576706017347815,0.034400393394002735,0.004598143347311331,0.9920709951287842,0.9966691384760955,1,2,1.4352492451647152,0.5556363328211829
USDCLP,22,1m,258,279,2026-01-29,2026-02-27,0.9628613769123562,0.03076275273147487,0.0030655341572229946,0.9936241296438311,0.9966896638010541,1,2,1.3456211010490167,1.1233784973737095
USDCLP,22,1m,259,280,2026-01-30,2026-03-02,0.9639359605424201,0.030624351180905767,0.003500563041938662,0.9945603117233259,0.9980608747652646,1,2,1.441940895521614,0.30051770448982
USDCLP,22,1m,260,281,2026-02-02,2026-03-03,0.9662274153308879,0.028043018884016502,0.00327742599168505,0.9942704342149044,0.9975478602065894,1,2,1.5107047323556935,0.32272302991370355
USDCLP,22,1m,261,282,2026-02-03,2026-03-04,0.9898122819081614,0.007307213333390461,0.0019536213274510546,0.9971194952415519,0.9990731165690029,1,2,1.5318328592525787,0.1978897130273992
USDCLP,22,1m,262,283,2026-02-04,2026-03-05,0.9945316395137228,0.0032154523990112808,0.0014092980606453104,0.9977470919127341,0.9991563899733794,1,1,1.5041300315144732,0.4347533413116385
USDCLP,22,1m,263,284,2026-02-05,2026-03-06,0.9980689848916168,0.0010235184609382391,5.791261233805344e-4,0.9990925033525551,0.9996716294759356,1,1,1.507420756221665,0.1605604318991651
USDCLP,22,1m,264,285,2026-02-06,2026-03-09,0.9987525073619093,6.191206839447551e-4,3.918277319738255e-4,0.9993716280458541,0.9997634557778279,1,1,1.4534096892634032,0.8022576051109719
USDCLP,22,1m,265,286,2026-02-09,2026-03-10,0.9981391698168867,0.0013089721649153826,3.3203576716199355e-4,0.9994481419818021,0.9997801777489641,1,1,1.4381849497486088,0.2352941523190655
USDCLP,22,1m,266,287,2026-02-10,2026-03-11,0.9984851223851178,0.0010773275209439196,2.6794812335411084e-4,0.9995624499060617,0.9998303980294158,1,1,1.4411625152608203,0.0730465961033877
USDCLP,22,1m,267,288,2026-02-11,2026-03-12,0.9988808530671006,7.974836937249077e-4,1.9920529842354056e-4,0.9996783367608255,0.9998775420592491,1,1,1.3903275554245431,0.36194911569374877
USDCLP,22,1m,268,289,2026-02-12,2026-03-13,0.9990093971869056,7.321818809939951e-4,1.608039098198206e-4,0.9997415790678996,0.9999023829777195,1,1,1.407500209195977,0.12456862536897162
USDCLP,22,1m,269,290,2026-02-13,2026-03-16,0.9990512947768161,6.40208407248455e-4,1.7276853406748363e-4,0.9996915031840645,0.999864271718132,1,1,0.7885221626483139,1.0747557903931653
USDCLP,22,1m,270,291,2026-02-16,2026-03-17,0.9987786089728102,6.592001080952044e-4,4.24445579257091e-4,0.9994378090809054,0.9998622546601625,1,1,0.5596855569474337,0.3257247195429569
USDCLP,22,1m,271,292,2026-02-17,2026-03-18,0.9987087815849128,6.648085596282825e-4,4.842810979553341e-4,0.9993735901445411,0.9998578712424964,1,1,0.48402147860310196,0.1016096297756065
USDCLP,22,1m,272,293,2026-02-18,2026-03-19,0.9985670192966281,6.954526315816769e-4,5.929857529037251e-4,0.9992624719282097,0.9998554576811134,1,1,0.44367439284021515,0.06035941577561305
USDCLP,22,1m,273,294,2026-02-19,2026-03-20,0.9981828951988422,9.98440128539708e-4,6.787116022547666e-4,0.9991813353273818,0.9998600469296366,1,1,0.4262081766466285,0.03718223075898801
USDCLP,22,1m,274,295,2026-02-20,2026-03-23,0.9974156366897173,0.001692037653974078,7.442392120936874e-4,0.9991076743436914,0.9998519135557851,1,1,0.4126203108021858,0.06163977669925905
USDCLP,22,1m,275,296,2026-02-23,2026-03-24,0.9964591753632485,0.002573814828838072,8.088958374878612e-4,0.9990329901920866,0.9998418860295745,1,1,0.39709850417024456,0.03979608202471124
USDCLP,22,1m,276,297,2026-02-24,2026-03-25,0.9952132663404073,0.003654181629016286,9.526706699075759e-4,0.9988674479694236,0.9998201186393312,1,1,0.37935311916229997,0.038477059257162535
USDCLP,22,1m,277,298,2026-02-25,2026-03-26,0.9936940171700639,0.0044864286325892976,0.0015144248987335196,0.9981804458026532,0.9996948707013867,1,1,0.4641142150888054,0.2723461236957836
USDCLP,22,1m,278,299,2026-02-26,2026-03-27,0.9920993394682804,0.005789483623668401,0.001743724705569192,0.9978888230919488,0.999632547797518,1,1,0.4558646310691183,0.029578750481176305
USDCLP,44,2m,1,44,2025-02-04,2025-04-04,0.9949878099416589,0.0037966426518515582,9.266118468707547e-4,0.9987844525935105,0.9997110644403812,1,1,1.1634041913994504,NA
USDCLP,44,2m,2,45,2025-02-05,2025-04-07,0.9956169042636037,0.0031404547391078717,0.001008884886280618,0.9987573590027116,0.9997662438889922,1,1,1.1347159046092552,0.1167790599730419
USDCLP,44,2m,3,46,2025-02-06,2025-04-08,0.9962419836286471,0.00261739621800494,9.661785539092689e-4,0.9988593798466521,0.9998255584005613,1,1,1.111128471431191,0.06172627370558843
USDCLP,44,2m,4,47,2025-02-07,2025-04-09,0.9967407331702507,0.0023728543670046114,7.169511569505775e-4,0.9991135875372553,0.9998305386942059,1,1,1.084824437115172,0.11020902131987624
USDCLP,44,2m,5,48,2025-02-10,2025-04-10,0.9970960888757405,0.0021416369001853288,6.054299239531537e-4,0.9992377257759258,0.999843155699879,1,1,1.0596619937505511,0.05000142790269982
USDCLP,44,2m,6,49,2025-02-11,2025-04-11,0.9972397059307342,0.0020486379328029042,5.46253047945058e-4,0.999288343863537,0.9998345969114821,1,1,1.0275773862284778,0.06740320706763622
USDCLP,44,2m,7,50,2025-02-12,2025-04-14,0.9971392249529971,0.0020464324532167527,6.337554653976882e-4,0.9991856574062139,0.9998194128716116,1,1,0.9691560906451989,0.11698696308986162
USDCLP,44,2m,8,51,2025-02-13,2025-04-15,0.996441564012027,0.0022290166713140394,0.0011452449808744085,0.998670580683341,0.9998158256642155,1,1,1.0211868488231137,0.13203525114115933
USDCLP,44,2m,9,52,2025-02-14,2025-04-16,0.9960022001286323,0.002452520686594628,0.001357901651339637,0.9984547208152269,0.9998126224665665,1,1,1.0455203340936818,0.050934150214409474
USDCLP,44,2m,10,53,2025-02-17,2025-04-17,0.9957273092624794,0.0027148365938167627,0.0013811724292597332,0.9984421458562962,0.9998233182855559,1,1,1.0472371373715157,0.015614362813241673
USDCLP,44,2m,11,54,2025-02-18,2025-04-18,0.9939807425020405,0.004383367841842207,0.0014445994197958031,0.9983641103438827,0.9998087097636785,1,1,1.0576452719481066,0.1035083605747403
USDCLP,44,2m,12,55,2025-02-19,2025-04-21,0.9931536142237148,0.0052086774523311145,0.0014428752645589372,0.998362291676046,0.9998051669406048,1,1,1.0600947712411224,0.029150781461639932
USDCLP,44,2m,13,56,2025-02-20,2025-04-22,0.9922541597279733,0.005991317156096248,0.0015128145599312345,0.9982454768840695,0.9997582914440007,1,1,1.0932006009963664,0.0935549789420854
USDCLP,44,2m,14,57,2025-02-21,2025-04-23,0.9914316838421705,0.006703169476908844,0.0016126057596392081,0.9981348533190794,0.9997474590787185,1,1,1.1215953164292425,0.06559919873128078
USDCLP,44,2m,15,58,2025-02-24,2025-04-24,0.9913774671165515,0.006759466941470298,0.0016115467615431028,0.9981369340580218,0.9997484808195649,1,1,1.1354433585754329,0.03907646372049973
USDCLP,44,2m,16,59,2025-02-25,2025-04-25,0.9913601410284979,0.006766683302971115,0.0016108305566836503,0.998126824331469,0.9997376548881527,1,1,1.1360213449385226,0.014492858069152062
USDCLP,44,2m,17,60,2025-02-26,2025-04-28,0.9908876749248372,0.0072314289744077245,0.0016163057988385938,0.998119103899245,0.9997354096980836,1,1,1.139058201073693,0.011590247799359741
USDCLP,44,2m,18,61,2025-02-27,2025-04-29,0.9908407452921473,0.0073238388024084835,0.0015792792143758247,0.9981645840945558,0.9997438633089316,1,1,1.1393505942588056,0.00673255125491344
USDCLP,44,2m,19,62,2025-02-28,2025-04-30,0.9907619799006656,0.007437234209031475,0.001550649789314614,0.9981992141096971,0.9997498638990118,1,1,1.1397834990110112,0.004539319629679171
USDCLP,44,2m,20,63,2025-03-03,2025-05-01,0.9906173395957721,0.0077141409247067525,0.0014186142708015803,0.9983314805204789,0.9997500947912805,1,1,1.1382375548024741,0.016759137486040937
USDCLP,44,2m,21,64,2025-03-04,2025-05-02,0.9910233811883749,0.007365181015677884,0.001362180233184812,0.9983885622040527,0.9997507424372375,1,1,1.1382768823512688,0.005872053240827931
USDCLP,44,2m,22,65,2025-03-05,2025-05-05,0.9913038820337297,0.0071262107217900635,0.0013195798213656148,0.9984300927555197,0.9997496725768854,1,1,1.1385132211257099,0.006167083384113009
USDCLP,44,2m,23,66,2025-03-06,2025-05-06,0.9915693446102368,0.006894740304669355,0.0012866124626561243,0.9984640849149061,0.9997506973775623,1,1,1.1414792271252292,0.00918770386793355
USDCLP,44,2m,24,67,2025-03-07,2025-05-07,0.9917138967695687,0.006756523692656207,0.0012725711710866257,0.9984704204622249,0.9997429916333115,1,1,1.1420437024033472,0.007204902727095076
USDCLP,44,2m,25,68,2025-03-10,2025-05-08,0.991802694907567,0.006815709667009762,0.001120603881152996,0.9986184045745767,0.9997390084557297,1,1,1.147609070604652,0.023911184135362296
USDCLP,44,2m,26,69,2025-03-11,2025-05-09,0.9919651274360253,0.0066590027379532174,0.001108385606137202,0.9986241301739784,0.9997325157801157,1,1,1.1517930865126427,0.009518249764651265
USDCLP,44,2m,27,70,2025-03-12,2025-05-12,0.9918902987093611,0.00669036158653732,0.0011364251472115378,0.9985806602958984,0.99971708544311,1,1,1.1537676643602228,0.013750461644765151
USDCLP,44,2m,28,71,2025-03-13,2025-05-13,0.991914342758753,0.0066204315785280705,0.001166886570026426,0.9985347743372811,0.9997016609073075,1,1,1.1592527945814421,0.016721062281331165
USDCLP,44,2m,29,72,2025-03-14,2025-05-14,0.9922385681638688,0.006327442336702067,0.0011395629793291594,0.9985660105005708,0.9997055734799,1,1,1.1536708870671104,0.014621853801325205
USDCLP,44,2m,30,73,2025-03-17,2025-05-15,0.9932751399335668,0.005406330459148723,0.0010499673762117258,0.9986814703927155,0.9997314377689273,1,1,1.1509044953355105,0.015057249758898938
USDCLP,44,2m,31,74,2025-03-18,2025-05-16,0.9938945961916321,0.004851138921314359,9.986993083765763e-4,0.9987457351129465,0.9997444344213231,1,1,1.149939671685092,0.007677079556803069
USDCLP,44,2m,32,75,2025-03-19,2025-05-19,0.994349290945298,0.004381516785176139,9.832384408137238e-4,0.9987308077304742,0.9997140461712879,1,1,1.1135263859349656,0.06818897817214711
USDCLP,44,2m,33,76,2025-03-20,2025-05-20,0.9947961047752428,0.003955041188624185,9.416279626746218e-4,0.998751145963867,0.9996927739265417,1,1,1.0894532905584,0.04263303636818083
USDCLP,44,2m,34,77,2025-03-21,2025-05-21,0.9951224892999135,0.003641690210748788,9.064053764720655e-4,0.9987641795106623,0.9996705848871343,1,1,1.0631575799451385,0.047755442748239424
USDCLP,44,2m,35,78,2025-03-24,2025-05-22,0.995292586453306,0.0035652033093379566,8.056093113931794e-4,0.9988577897626439,0.9996633990740371,1,1,1.0569144733337972,0.020751670787122936
USDCLP,44,2m,36,79,2025-03-25,2025-05-23,0.995302360160857,0.0035995257965047967,7.426057046665004e-4,0.9989018859573618,0.9996444916620284,1,1,1.0285119862049064,0.05841872473215155
USDCLP,44,2m,37,80,2025-03-26,2025-05-26,0.9954676833292724,0.0034788328346583453,6.835137755779986e-4,0.9989465161639307,0.9996300299395087,1,1,0.9880663169167295,0.07611719290017953
USDCLP,44,2m,38,81,2025-03-27,2025-05-27,0.9955662677846985,0.003502527430292058,5.565193760501203e-4,0.9990687952149906,0.9996253145910408,1,1,0.9747257043193427,0.029207406840024985
USDCLP,44,2m,39,82,2025-03-28,2025-05-28,0.9957548301102983,0.003451645082975587,4.1294020780018514e-4,0.9992064751932739,0.999619415401074,1,1,1.0291156694433872,0.10361291793377399
USDCLP,44,2m,40,83,2025-03-31,2025-05-29,0.9962119582984188,0.003128442173962033,3.5438023294209623e-4,0.9993404004723808,0.9996947807053229,1,1,1.3536415952710856,1.388467126478918
USDCLP,44,2m,41,84,2025-04-01,2025-05-30,0.9961348455258703,0.0032202325727996865,3.648393501389542e-4,0.99935507809867,0.999719917448809,1,1,1.4272270110762695,0.3522426168825642
USDCLP,44,2m,42,85,2025-04-02,2025-06-02,0.996197792656104,0.003198562100036327,3.7873883492489977e-4,0.9993963547561403,0.9997750935910652,1,1,1.4326821160281162,0.03907435824189214
USDCLP,44,2m,43,86,2025-04-03,2025-06-03,0.9960616944756404,0.003365852590068947,3.8400835701640594e-4,0.9994275470657094,0.9998115554227257,1,1,1.4435565946070545,0.13744637779704824
USDCLP,44,2m,44,87,2025-04-04,2025-06-04,0.9959402363112043,0.0035107138145360223,3.951347416209605e-4,0.9994509501257404,0.9998460848673614,1,1,1.4448508826043889,0.1132523701926189
USDCLP,44,2m,45,88,2025-04-07,2025-06-05,0.9958397713102899,0.003610192235513038,4.1738755547256017e-4,0.999449963545803,0.9998673511012756,1,1,1.4383912198182551,0.14332345573483102
USDCLP,44,2m,46,89,2025-04-08,2025-06-06,0.9956882605421484,0.0037641200322677338,4.1781206293853735e-4,0.9994523805744162,0.9998701926373548,1,1,1.4205447283255759,0.15115250458316914
USDCLP,44,2m,47,90,2025-04-09,2025-06-09,0.9955358556806099,0.003945794624461906,4.0012715282109764e-4,0.9994816503050717,0.9998817774578929,1,1,1.3953227792635299,0.13372214007574354
USDCLP,44,2m,48,91,2025-04-10,2025-06-10,0.9949751631833665,0.004464604175041746,4.3185945530759543e-4,0.9994397673584083,0.9998716268137159,1,1,1.3798378807004805,0.06665282126791319
USDCLP,44,2m,49,92,2025-04-11,2025-06-11,0.9944023868986155,0.004986425589804774,4.699638349203154e-4,0.9993888124884203,0.9998587763233405,1,1,1.3484179929781637,0.1130049514886652
USDCLP,44,2m,50,93,2025-04-14,2025-06-12,0.9937891541438536,0.005516879819641392,4.5553398802794325e-4,0.999306033963495,0.9997615679515229,1,1,1.2863143202492644,0.18500785803500905
USDCLP,44,2m,51,94,2025-04-15,2025-06-13,0.9936886788021362,0.005601473363273657,4.097478924485548e-4,0.9992901521654098,0.9996999000578584,1,1,1.1434388110931741,0.336080612920655
USDCLP,44,2m,52,95,2025-04-16,2025-06-16,0.9935982564302114,0.005746226078731664,3.443391606981611e-4,0.999344482508943,0.9996888216696412,1,1,1.053750801679038,0.1810965873269156
USDCLP,44,2m,53,96,2025-04-17,2025-06-17,0.9939650207584911,0.00545644640726524,3.3250055487485196e-4,0.9994214671657564,0.9997539677206313,1,1,0.7930098076190213,0.6364023515461338
USDCLP,44,2m,54,97,2025-04-18,2025-06-18,0.9937459064844983,0.0056839165376509175,3.6143470190634874e-4,0.9994298230221492,0.9997912577240555,1,1,0.784053862789379,0.3325316234915553
USDCLP,44,2m,55,98,2025-04-21,2025-06-19,0.9946285900514703,0.004769095842080323,3.8986850259015247e-4,0.9993976858935506,0.9997875543961408,1,1,0.7957202265040505,0.13870166284767546
USDCLP,44,2m,56,99,2025-04-22,2025-06-20,0.9946188598780387,0.004776634137284565,3.913187170614575e-4,0.9993954940153232,0.9997868127323847,1,1,0.7967975709343479,0.01714014202013095
USDCLP,44,2m,57,100,2025-04-23,2025-06-23,0.99466277556576,0.004727463623628888,4.011855114361294e-4,0.9993902391893889,0.9997914247008249,1,1,0.7967122119068719,0.028016900756818376
USDCLP,44,2m,58,101,2025-04-24,2025-06-24,0.9945231961530878,0.004856514570637489,4.182493975829772e-4,0.9993797107237253,0.9997979601213083,1,1,0.7898793513128258,0.0692445705513298
USDCLP,44,2m,59,102,2025-04-25,2025-06-25,0.9942374413833943,0.00504038402091727,4.99805880079082e-4,0.9992778254043115,0.9997776312843906,1,1,0.8152599914392805,0.13833009656063633
USDCLP,44,2m,60,103,2025-04-28,2025-06-26,0.9936435906304795,0.005489545445343716,6.266846390872819e-4,0.9991331360758232,0.9997598207149105,1,1,0.8182803488009465,0.06166082046022654
USDCLP,44,2m,61,104,2025-04-29,2025-06-27,0.9938087016916853,0.005227810699170586,7.19058409880144e-4,0.9990365123908559,0.9997555708007361,1,1,0.803234625485885,0.06119047403206383
USDCLP,44,2m,62,105,2025-04-30,2025-06-30,0.9934760110383841,0.005533763299213136,7.364912437502998e-4,0.9990097743375973,0.9997462655813476,1,1,0.8100087477134038,0.033803660317426105
USDCLP,44,2m,63,106,2025-05-01,2025-07-01,0.9937049575193054,0.005248426260235638,7.935721992436831e-4,0.998953383779541,0.9997469559787847,1,1,0.8181699466620375,0.05560687018543865
USDCLP,44,2m,64,107,2025-05-02,2025-07-02,0.9940711137182988,0.004839290582097898,8.5499649668091e-4,0.9989104043003967,0.9997654007970775,1,1,0.8333332563204663,0.05775752731054359
USDCLP,44,2m,65,108,2025-05-05,2025-07-03,0.9930473620677657,0.005679754739087021,9.773418458150853e-4,0.9987271168068527,0.9997044586526678,1,1,0.8287220713561103,0.02200827013008711
USDCLP,44,2m,66,109,2025-05-06,2025-07-04,0.9920669218875093,0.006389963636650176,0.0011358858798218188,0.9984568855241596,0.9995927714039814,1,1,0.8258493330725061,0.07496045058961376
USDCLP,44,2m,67,110,2025-05-07,2025-07-07,0.9910120634955555,0.007115786133706822,0.0013245959110612655,0.9981278496292623,0.9994524455403235,1,1,0.8302946674168422,0.04443729043438985
USDCLP,44,2m,68,111,2025-05-08,2025-07-08,0.9905213164432983,0.007437623886434102,0.0014442784468029725,0.9979589403297324,0.9994032187765354,1,1,0.8345688715578617,0.016128809514228258
USDCLP,44,2m,69,112,2025-05-09,2025-07-09,0.9899341008114476,0.007771257556755718,0.0016290167791785562,0.9977053583682033,0.9993343751473819,1,2,0.8385709767560112,0.01836137356889241
USDCLP,44,2m,70,113,2025-05-12,2025-07-10,0.9889158230972392,0.008342682445796083,0.0019333516084340738,0.9972585055430353,0.9991918571514694,1,2,0.8425673810246372,0.02888266333295498
USDCLP,44,2m,71,114,2025-05-13,2025-07-11,0.9893124809561569,0.007683315927864966,0.0021203492552360086,0.9969957968840218,0.9991161461392578,1,2,0.852263815757393,0.03671279280858018
USDCLP,44,2m,72,115,2025-05-14,2025-07-14,0.9900761093783154,0.006629892992619154,0.002345901970160114,0.9967060023709345,0.9990519043410947,1,1,0.8614386435342009,0.06110525053671204
USDCLP,44,2m,73,116,2025-05-15,2025-07-15,0.9908767646004087,0.0057531449644886365,0.0024410974658835875,0.9966299095648974,0.999071007030781,1,1,0.8901026426839813,0.12295932736394141
USDCLP,44,2m,74,117,2025-05-16,2025-07-16,0.9902412717884624,0.005972979328245609,0.0027343019925385897,0.996214251116708,0.9989485531092466,1,1,0.907497420015088,0.048876942249280374
USDCLP,44,2m,75,118,2025-05-19,2025-07-17,0.9912775235816182,0.004990476498944439,0.002759010279261111,0.9962680000805627,0.9990270103598238,1,1,0.9595026646209881,0.10722070873441795
USDCLP,44,2m,76,119,2025-05-20,2025-07-18,0.9918819282405733,0.004834788164575137,0.0023578195277022844,0.9967167164051485,0.9990745359328508,1,1,0.9735526522205326,0.039286416687205235
USDCLP,44,2m,77,120,2025-05-21,2025-07-21,0.9918823253611194,0.0050345602387684586,0.0021497812394704755,0.9969168855998879,0.9990666668393584,1,1,0.9948748143355712,0.0477828965550537
USDCLP,44,2m,78,121,2025-05-22,2025-07-22,0.9921373911307098,0.005016098225744322,0.0019169430571852563,0.9971534893564541,0.9990704324136394,1,1,0.9969577739909374,0.040976488090201844
USDCLP,44,2m,79,122,2025-05-23,2025-07-23,0.9929210842579204,0.004583260175966718,0.001662333090548718,0.997504344433887,0.9991666775244358,1,1,1.0140914520283664,0.07259701014592558
USDCLP,44,2m,80,123,2025-05-26,2025-07-24,0.9937248497832804,0.004103353934739919,0.0014210538509105567,0.9978282037180203,0.9992492575689308,1,1,1.0232509982226015,0.07044689559561339
USDCLP,44,2m,81,124,2025-05-27,2025-07-25,0.9948687278884664,0.0034047759031383047,0.001116049277046653,0.9982735037916046,0.9993895530686513,1,1,1.0374903346652067,0.10665641422006471
USDCLP,44,2m,82,125,2025-05-28,2025-07-28,0.9951946882679359,0.003232065331048009,0.0010231786887326553,0.9984267535989839,0.9994499322877166,1,1,1.0495445240756098,0.0948102545554922
USDCLP,44,2m,83,126,2025-05-29,2025-07-29,0.9956912004632582,0.0028676551262583772,9.454284179003851e-4,0.9985588555895166,0.999504284007417,1,1,1.0656555921652155,0.03759502574736848
USDCLP,44,2m,84,127,2025-05-30,2025-07-30,0.9959733342230286,0.0026517846419864123,9.060022469481648e-4,0.998625118865015,0.9995311211119632,1,1,1.076083826110699,0.036604061339519156
USDCLP,44,2m,85,128,2025-06-02,2025-07-31,0.9961899801459434,0.002495133034824901,8.737122627215265e-4,0.9986851131807682,0.9995588254434897,1,1,1.0741986202985596,0.016466974518502382
USDCLP,44,2m,86,129,2025-06-03,2025-08-01,0.99634917038775,0.002375852187229899,8.470445141243425e-4,0.9987250225749799,0.9995720670891042,1,1,1.0372803361140825,0.07501331430008974
USDCLP,44,2m,87,130,2025-06-04,2025-08-04,0.9964354262866595,0.002314909891463383,8.310156508364693e-4,0.9987503361781229,0.9995813518289594,1,1,1.0284042028249394,0.043121427307848834
USDCLP,44,2m,88,131,2025-06-05,2025-08-05,0.9964506983249959,0.002306129470429511,0.00083043814940979635,0.9987568277954254,0.9995872659448352,1,1,1.0258618577842211,0.02818904111203006
USDCLP,44,2m,89,132,2025-06-06,2025-08-06,0.9967026156445253,0.0020682059072004186,8.205087154723074e-4,0.9987708215517258,0.9995913302671982,1,1,1.0198906129566563,0.06294300905765812
USDCLP,44,2m,90,133,2025-06-09,2025-08-07,0.9964976418206125,0.0022872332952260164,8.107410435398785e-4,0.9987848751158386,0.9995956161593784,1,1,0.9904637373308969,0.0657727061345157
USDCLP,44,2m,91,134,2025-06-10,2025-08-08,0.9964339478050386,0.002402203342289465,7.584733925169612e-4,0.998836151147328,0.999594624539845,1,1,0.9925610961097304,0.04653189711237461
USDCLP,44,2m,92,135,2025-06-11,2025-08-11,0.996430796903577,0.0023991894085581686,7.398984131661342e-4,0.9988299863121353,0.9995698847253014,1,1,0.9947319931506399,0.03622046871643562
USDCLP,44,2m,93,136,2025-06-12,2025-08-12,0.99650536583198,0.0023123252023536946,7.435728289576897e-4,0.9988176910343337,0.9995612638632914,1,1,0.992224887399385,0.05102769210988861
USDCLP,44,2m,94,137,2025-06-13,2025-08-13,0.9962384857671186,0.0025589360462184617,7.370926244789567e-4,0.9987974218133371,0.999534514437816,1,1,0.9492421654237773,0.09872445474770103
USDCLP,44,2m,95,138,2025-06-16,2025-08-14,0.9949500757314418,0.003827954800844839,7.345282319600198e-4,0.9987780305322866,0.9995125587642467,1,1,0.89993322487395,0.09994676079698964
USDCLP,44,2m,96,139,2025-06-17,2025-08-15,0.9938019075871471,0.004937946860736109,7.503688132605731e-4,0.9987398544478833,0.9994902232611439,1,1,0.8807999913947673,0.052879479261370356
USDCLP,44,2m,97,140,2025-06-18,2025-08-18,0.9921236510429099,0.006435703482410921,8.863228935783938e-4,0.9985593545253209,0.9994456774188992,1,1,0.8632157714256896,0.07711738952637877
USDCLP,44,2m,98,141,2025-06-19,2025-08-19,0.9915661784646993,0.006974166093155686,9.177508154943528e-4,0.998540344557855,0.9994580953733494,1,1,0.8404203611684026,0.08500100887940236
USDCLP,44,2m,99,142,2025-06-20,2025-08-20,0.9906235384400913,0.007763037527788019,0.0010170586393893966,0.9983865759678794,0.9994036346072688,1,1,0.8303075390591915,0.05978278133377302
USDCLP,44,2m,100,143,2025-06-23,2025-08-21,0.9911150529001683,0.007317177269856311,0.001035134520002314,0.9984322301700246,0.999467364690027,1,1,0.8342353846136913,0.024232123991131716
USDCLP,44,2m,101,144,2025-06-24,2025-08-22,0.9910536708334879,0.007358131173351651,0.0010548180090705923,0.9984118020068395,0.9994666200159101,1,1,0.8369743571427966,0.02443621761388295
USDCLP,44,2m,102,145,2025-06-25,2025-08-25,0.9913534221170477,0.007058669433993772,0.0010662321895766895,0.9984120915510415,0.9994783237406182,1,1,0.8360256509082853,0.02432959762032861
USDCLP,44,2m,103,146,2025-06-26,2025-08-26,0.9918964834303616,0.0066356625979099755,9.974756521339005e-4,0.9985321460282716,0.9995296216804055,1,1,0.8077421144730776,0.07767733152281524
USDCLP,44,2m,104,147,2025-06-27,2025-08-27,0.9922835138674504,0.006428640697424947,8.33718532612354e-4,0.9987121545648754,0.9995458730974878,1,1,0.7795515417266328,0.06378677686028578
USDCLP,44,2m,105,148,2025-06-30,2025-08-28,0.9928419143505265,0.006102322143202737,6.185326933868989e-4,0.9989442364937292,0.9995627691871161,1,1,0.7536100404775681,0.05352775516275375
USDCLP,44,2m,106,149,2025-07-01,2025-08-29,0.9934092094568566,0.005538433665094239,6.135190266076073e-4,0.9989476431219508,0.9995611621485584,1,1,0.7629145639614823,0.02321113168965631
USDCLP,44,2m,107,150,2025-07-02,2025-09-01,0.9937231218349631,0.005360071365654709,4.90424122694904e-4,0.9990831932006179,0.9995736173233128,1,1,0.7321061815338894,0.22982455770953197
USDCLP,44,2m,108,151,2025-07-03,2025-09-02,0.9939352405546916,0.005345027675648486,3.4592951288875027e-4,0.9992802682303401,0.9996261977432288,1,1,0.8770541577785047,0.5240134751854056
USDCLP,44,2m,109,152,2025-07-04,2025-09-03,0.9940069253519651,0.005314572359573245,3.220627467778771e-4,0.9993214977115383,0.9996435604583163,1,1,0.6715237303715752,0.39406473142228204
USDCLP,44,2m,110,153,2025-07-07,2025-09-04,0.9940440411813918,0.005301344438870225,3.313716286001863e-4,0.999345385620262,0.9996767572488622,1,1,0.5880734888110557,0.27060140724132503
USDCLP,44,2m,111,154,2025-07-08,2025-09-05,0.9940634365899066,0.005244187737248274,3.662063343654956e-4,0.9993076243271548,0.9996738306615203,1,1,0.6124927778516066,0.16334181377537338
USDCLP,44,2m,112,155,2025-07-09,2025-09-08,0.9940768884717127,0.005219957374537477,3.9642855245011657e-4,0.9992968458462502,0.9996932743987004,1,1,0.6495720376222606,0.10430990888942446
USDCLP,44,2m,113,156,2025-07-10,2025-09-09,0.9941501982955351,0.00510020309684033,4.5324488059308955e-4,0.9992504013923754,0.9997036462729685,1,1,0.6883394812382987,0.0752261772194564
USDCLP,44,2m,114,157,2025-07-11,2025-09-10,0.9941015997596364,0.005068977299424246,5.422428729987306e-4,0.9991705770590606,0.9997128199320594,1,1,0.6830888342142308,0.033019549889129016
USDCLP,44,2m,115,158,2025-07-14,2025-09-11,0.9941224437568575,0.004767564293704106,8.201013848688063e-4,0.9988900080505616,0.9997101094354304,1,1,0.5860652384678071,0.2694444902332243
USDCLP,44,2m,116,159,2025-07-15,2025-09-12,0.9945203363626842,0.004256858891605098,9.627602243446268e-4,0.9987771952542893,0.9997399554786339,1,1,0.5670890698787314,0.11374097585934215
USDCLP,44,2m,117,160,2025-07-16,2025-09-15,0.9951084427218827,0.003821762816604978,8.392626582990677e-4,0.9989302055384877,0.9997694681967867,1,1,0.5700716892298577,0.08417750859318358
USDCLP,44,2m,118,161,2025-07-17,2025-09-16,0.9961374216288968,0.0030191210213812154,6.481733474893604e-4,0.9991565426502781,0.9998047159977674,1,1,0.5807375899995643,0.05370117044050634
USDCLP,44,2m,119,162,2025-07-18,2025-09-17,0.9968243932633358,0.0024664284975750113,5.418923495247536e-4,0.9992908217609109,0.9998327141104356,1,1,0.5825104688076822,0.04325147183967033
USDCLP,44,2m,120,163,2025-07-21,2025-09-18,0.99726296893403,0.0021145962131751688,4.7394945569573265e-4,0.9993775651472052,0.999851514602901,1,1,0.5860757169298515,0.023104909085959698
USDCLP,44,2m,121,164,2025-07-22,2025-09-19,0.9975093402303399,0.0018977238250428214,4.5871083438689733e-4,0.9994070640553827,0.9998657748897696,1,1,0.5737527672830794,0.0859701389984722
USDCLP,44,2m,122,165,2025-07-23,2025-09-22,0.9976638867754027,0.0017559819795203923,4.5741553524971464e-4,0.9994198687549232,0.9998772842901729,1,1,0.5685386956983431,0.04310906849599526
USDCLP,44,2m,123,166,2025-07-24,2025-09-23,0.9976704188813128,0.0016977822858250595,5.170606786380195e-4,0.9993682011671379,0.9998852618457759,1,1,0.5586977544796695,0.01907449074814931
USDCLP,44,2m,124,167,2025-07-25,2025-09-24,0.9976951549854716,0.0016610856060443224,5.346308263065524e-4,0.9993562405915158,0.9998908714178224,1,1,0.5552704962432867,0.012821372209427188
USDCLP,44,2m,125,168,2025-07-28,2025-09-25,0.9976457113636693,0.0016764534713200677,5.692037200441948e-4,0.9993221648349894,0.9998913685550336,1,1,0.5467211959071309,0.019544882377190223
USDCLP,44,2m,126,169,2025-07-29,2025-09-26,0.9974405247460956,0.0018603810682300103,5.89197297698698e-4,0.9993009058143256,0.9998901031120243,1,1,0.5539887263206366,0.02242742447579663
USDCLP,44,2m,127,170,2025-07-30,2025-09-29,0.9973644405795274,0.001876317493162425,6.484630280261037e-4,0.9992407580726899,0.999889221100716,1,1,0.5512727852178969,0.010354906678681889
USDCLP,44,2m,128,171,2025-07-31,2025-09-30,0.9972815700521869,0.001939170308989033,6.677523958850927e-4,0.9992207403611759,0.999888492757061,1,1,0.5546774481945251,0.008563946578761356
USDCLP,44,2m,129,172,2025-08-01,2025-10-01,0.997188625778012,0.001984079424338217,7.135398260637943e-4,0.9991727052023502,0.9998862450284141,1,1,0.55278892801898,0.009454395790821345
USDCLP,44,2m,130,173,2025-08-04,2025-10-02,0.9972418298545322,0.001923485129803726,7.156892741949294e-4,0.999165314984336,0.999881004258531,1,1,0.5524428674816271,0.022982445949813704
USDCLP,44,2m,131,174,2025-08-05,2025-10-03,0.9972308234061977,0.0019338169023053807,7.188818285978606e-4,0.9991646403085032,0.999883522137101,1,1,0.5434353565080758,0.02812788239763193
USDCLP,44,2m,132,175,2025-08-06,2025-10-06,0.9973333343300399,0.0018285774182526067,7.293038676807587e-4,0.9991619117482925,0.9998912156159733,1,1,0.5223687642200382,0.04357590872069045
USDCLP,44,2m,133,176,2025-08-07,2025-10-07,0.9973278001974638,0.0018501719888475096,7.241383416798533e-4,0.9991779721863113,0.9999021105279912,1,1,0.5037607902372672,0.06074219966423351
USDCLP,44,2m,134,177,2025-08-08,2025-10-08,0.9972837438629463,0.0019150320555250003,7.076653088839787e-4,0.9991987759184713,0.9999064412273553,1,1,0.5086296236659136,0.048462395986053924
USDCLP,44,2m,135,178,2025-08-11,2025-10-09,0.9972671776174385,0.0019275971390164046,7.180305454884397e-4,0.9991947747564549,0.9999128053019434,1,1,0.5119464956045263,0.043197447082024325
USDCLP,44,2m,136,179,2025-08-12,2025-10-10,0.9973381975679301,0.001817513387285684,7.69953111579714e-4,0.9991557109552157,0.9999256640667954,1,1,0.5066192912207342,0.01949754664401609
USDCLP,44,2m,137,180,2025-08-13,2025-10-13,0.997423346247491,0.00161525207180125,8.987236277290217e-4,0.9990385983192922,0.9999373219470212,1,1,0.49084460152002096,0.06425169934920663
USDCLP,44,2m,138,181,2025-08-14,2025-10-14,0.9974822697698348,0.001571443664245581,8.890901887385992e-4,0.9990537134340803,0.999942803622819,1,1,0.4982988497528492,0.023331971399833694
USDCLP,44,2m,139,182,2025-08-15,2025-10-15,0.9975176307710786,0.0016564847075408256,7.769760868485724e-4,0.9991741154786195,0.999951091565468,1,1,0.5026764694696796,0.03763166039719294
USDCLP,44,2m,140,183,2025-08-18,2025-10-16,0.9976384835874014,0.0017062339553236318,6.133528310396945e-4,0.999344717542725,0.9999580703737647,1,1,0.4975553411389643,0.03924408015381143
USDCLP,44,2m,141,184,2025-08-19,2025-10-17,0.9979806430669494,0.0014854891998262718,4.963795436659856e-4,0.9994661322667757,0.9999625118104417,1,1,0.4825939257753579,0.0312858105495043
USDCLP,44,2m,142,185,2025-08-20,2025-10-20,0.9983414757945726,0.0012213506967663403,4.0540248193025576e-4,0.9995628264913389,0.9999682289732691,1,1,0.47306338520638436,0.029898006352468056
USDCLP,44,2m,143,186,2025-08-21,2025-10-21,0.9984688248696657,0.0011453349073013857,3.572112698305301e-4,0.9996141597769671,0.9999713710467977,1,1,0.46636634831962226,0.012682585960892504
USDCLP,44,2m,144,187,2025-08-22,2025-10-22,0.998551474137152,0.0010980679941176245,3.2358141605833126e-4,0.9996495421312696,0.9999731235473279,1,1,0.45852911209725017,0.011775725498289478
USDCLP,44,2m,145,188,2025-08-25,2025-10-23,0.9985972387770234,0.0010491140319440543,3.2374901684001866e-4,0.9996463528089675,0.9999701018258076,1,1,0.43232112990757326,0.03536045485040061
USDCLP,44,2m,146,189,2025-08-26,2025-10-24,0.9985849305355444,0.0010440177374403002,3.3854734177053697e-4,0.9996289482729848,0.9999674956147553,1,1,0.39788213373407483,0.05126562947041664
USDCLP,44,2m,147,190,2025-08-27,2025-10-27,0.998663494521291,9.92695175444135e-4,3.1052963464943075e-4,0.9996561896967351,0.9999667193313845,1,1,0.38377917422661517,0.0238552523153551
USDCLP,44,2m,148,191,2025-08-28,2025-10-28,0.9986587481235264,9.84820889662587e-4,3.2186742066755275e-4,0.999643569013189,0.9999654364338565,1,1,0.3651765659710451,0.033250465588518026
USDCLP,44,2m,149,192,2025-08-29,2025-10-29,0.9986057947281145,0.0010369585400199605,3.2223650114011806e-4,0.9996427532681345,0.9999649897692746,1,1,0.3653934608835671,0.01901540558869055
USDCLP,44,2m,150,193,2025-09-01,2025-10-30,0.9986226516070359,0.0010211975945906135,3.2037046872872304e-4,0.9996438492016265,0.9999642196703552,1,1,0.36588482067931505,0.012889552692384608
USDCLP,44,2m,151,194,2025-09-02,2025-10-31,0.9986155276757831,0.001031012946912026,3.1669666628945253e-4,0.9996465406226951,0.9999632372889845,1,1,0.3643196745063663,0.01068224605185424
USDCLP,44,2m,152,195,2025-09-03,2025-11-03,0.9984369603750175,0.0012033096435531236,3.158256094953952e-4,0.9996402700185706,0.999956095628066,1,1,0.3270839701584395,0.09503316514090634
USDCLP,44,2m,153,196,2025-09-04,2025-11-04,0.998062739541107,0.0015534209979957358,3.3615261215231494e-4,0.9996161605391027,0.9999523131512551,1,1,0.33848797353550053,0.10339548914832111
USDCLP,44,2m,154,197,2025-09-05,2025-11-05,0.9975699157883571,0.002051857963089502,3.282911027084634e-4,0.9996217737514466,0.999950064854155,1,1,0.3590274175995832,0.047363383539745466
USDCLP,44,2m,155,198,2025-09-08,2025-11-06,0.9970195159714351,0.002643931675570265,2.834263110788522e-4,0.9996634476470054,0.9999468739580842,1,1,0.3912431593823965,0.051597828109109845
USDCLP,44,2m,156,199,2025-09-09,2025-11-07,0.9964012700803739,0.0033190032949643304,2.2439325823995173e-4,0.9997202733753383,0.9999446666335783,1,1,0.4082393734201671,0.037328610797258105
USDCLP,44,2m,157,200,2025-09-10,2025-11-10,0.9954586355141831,0.00435718156325058,1.2588649370956145e-4,0.9998158170774337,0.9999417035711433,1,1,0.28236486044570624,0.1552369484885442
USDCLP,44,2m,158,201,2025-09-11,2025-11-11,0.9953833023298206,0.0045046263220742564,6.630704132215635e-5,0.9998879286518949,0.9999542356932171,1,1,0.37689192565518914,0.45497643239885827
USDCLP,44,2m,159,202,2025-09-12,2025-11-12,0.9953808443884002,0.004530362702209449,4.845321691241137e-5,0.9999112070906097,0.999959660307522,1,1,0.3956006359592734,0.056155685143863654
USDCLP,44,2m,160,203,2025-09-15,2025-11-13,0.9958696395031652,0.004032256806449043,6.167954292823699e-5,0.9999018963096142,0.9999635758525425,1,1,0.3483198547672917,0.34695760496888933
USDCLP,44,2m,161,204,2025-09-16,2025-11-14,0.9966819421096385,0.003193082041495527,6.639854736121002e-5,0.9998750241511339,0.9999414226984952,1,1,1.3342053504953038,1.3237273496328086
USDCLP,44,2m,162,205,2025-09-17,2025-11-17,0.9968869532758726,0.0029839325508931682,6.844948495209422e-5,0.9998708858267658,0.9999393353117179,1,1,1.357758403869021,0.1383351716910064
USDCLP,44,2m,163,206,2025-09-18,2025-11-18,0.996876514359307,0.002918067899187056,1.2726119894779375e-4,0.999794582258494,0.9999218434574418,1,1,0.44209616187860407,1.2377000763629729
USDCLP,44,2m,164,207,2025-09-19,2025-11-19,0.996860414404808,0.0028559568302772642,2.0557012770087337e-4,0.9997163712350853,0.9999219413627861,1,1,0.3958550117583164,0.09129895455439441
USDCLP,44,2m,165,208,2025-09-22,2025-11-20,0.996840200825156,0.0028126137935730153,2.703468755341621e-4,0.999652814618729,0.9999231614942632,1,1,0.39002327223071553,0.020600775259831654
USDCLP,44,2m,166,209,2025-09-23,2025-11-21,0.9968423514443104,0.002756692367170694,3.251962999957688e-4,0.9995990438114811,0.9999242401114768,1,1,0.3819956256598571,0.02121249235939892
USDCLP,44,2m,167,210,2025-09-24,2025-11-24,0.9968190425501455,0.0027252967009950215,3.828985322951638e-4,0.9995443392511405,0.9999272377834356,1,1,0.36600833688385603,0.040997477077246984
USDCLP,44,2m,168,211,2025-09-25,2025-11-25,0.9967868641446254,0.002697837124105767,4.4450030302779027e-4,0.9994847012687311,0.9999292015717589,1,1,0.3576179622509809,0.03798342989382324
USDCLP,44,2m,169,212,2025-09-26,2025-11-26,0.9967842043293643,0.002631290700547742,5.131096977502974e-4,0.9994154950299121,0.9999286047276624,1,1,0.35192742987084336,0.04636792491057092
USDCLP,44,2m,170,213,2025-09-29,2025-11-27,0.9968720287386019,0.002496950931807987,5.602291117584871e-4,0.9993689796704099,0.9999292087821684,1,1,0.35404122835640134,0.007919589903526748
USDCLP,44,2m,171,214,2025-09-30,2025-11-28,0.9968601946901763,0.002477488995210816,5.869298221677976e-4,0.9993376836853871,0.9999246135075549,1,1,0.33725930849625524,0.05070032753300963
USDCLP,44,2m,172,215,2025-10-01,2025-12-01,0.9968998693529914,0.00242940292836331,5.939279158250476e-4,0.9993292722813547,0.9999232001971797,1,1,0.33084278659223315,0.021831666767668446
USDCLP,44,2m,173,216,2025-10-02,2025-12-02,0.9969652987254731,0.0023508404488162982,6.032027920052134e-4,0.9993161391742894,0.9999193419662946,1,1,0.32864835738779374,0.038619267922071314
USDCLP,44,2m,174,217,2025-10-03,2025-12-03,0.9970524172832044,0.002275551103834836,5.890598209115291e-4,0.9993279683870392,0.9999170282079507,1,1,0.3255326488603689,0.023684485162729432
USDCLP,44,2m,175,218,2025-10-06,2025-12-04,0.9971603797189442,0.002200433635113916,5.44756005908485e-4,0.9993608133540581,0.9999055693599667,1,1,0.3223628890277833,0.032257814318584314
USDCLP,44,2m,176,219,2025-10-07,2025-12-05,0.99727498057274,0.002126432367648575,4.945121025138621e-4,0.9994014129403885,0.9998959250429024,1,1,0.3220382106333047,0.027171770726502575
USDCLP,44,2m,177,220,2025-10-08,2025-12-08,0.9973903215988597,0.0020716805092270006,4.363090181189932e-4,0.9994620021080867,0.9998983111262056,1,1,0.3333192585250757,0.021181708020116787
USDCLP,44,2m,178,221,2025-10-09,2025-12-09,0.9975383918008772,0.001990335620416185,3.7088808856136385e-4,0.9995287274212934,0.9998996155098547,1,1,0.3430094347036584,0.020516555437826132
USDCLP,44,2m,179,222,2025-10-10,2025-12-10,0.9976999266551484,0.0019048764560911059,2.9831247190908555e-4,0.9996048031112394,0.9999031155831485,1,1,0.35889004092100546,0.02871530607947403
USDCLP,44,2m,180,223,2025-10-13,2025-12-11,0.9977974020971097,0.0018845766360561218,2.2289278621531882e-4,0.9996819787331658,0.9999048715193811,1,1,0.3887720605145166,0.04533574816934038
USDCLP,44,2m,181,224,2025-10-14,2025-12-12,0.9978089265220926,0.001921301462602903,1.7700628600148487e-4,0.9997302279846956,0.999907234270697,1,1,0.4281825174360117,0.0889746690062689
USDCLP,44,2m,182,225,2025-10-15,2025-12-15,0.9978205019915105,0.0019649179977571716,1.2589014640347458e-4,0.9997854199892677,0.9999113101356712,1,1,0.5860255472784036,0.19653892897911507
USDCLP,44,2m,183,226,2025-10-16,2025-12-16,0.9977134119509605,0.002082802166735846,1.1806705940859184e-4,0.9997962141176964,0.999914281177105,1,1,0.6724117716100623,0.12177661683963704
USDCLP,44,2m,184,227,2025-10-17,2025-12-17,0.9975194294617714,0.0022680927910702794,1.225030120054642e-4,0.9997875222528417,0.9999100252648472,1,1,0.6953261063341508,0.03967681222391606
USDCLP,44,2m,185,228,2025-10-20,2025-12-18,0.9973114907063348,0.0024605625503594255,1.3171165513056746e-4,0.9997720532566943,0.9999037649118249,1,1,0.731977144400917,0.07494609962441556
USDCLP,44,2m,186,229,2025-10-21,2025-12-19,0.9970130248245258,0.0027418113799678773,1.4014098553603903e-4,0.9997548362044937,0.9998949771900297,1,1,0.7473012497571377,0.03465841952813411
USDCLP,44,2m,187,230,2025-10-22,2025-12-22,0.9967275445847588,0.0030117012638760693,1.4745524315077434e-4,0.9997392458486348,0.9998867010917856,1,1,0.7684821746459334,0.046094529049482795
USDCLP,44,2m,188,231,2025-10-23,2025-12-23,0.9964385530735882,0.0032840246157473827,1.552088492128594e-4,0.9997225776893356,0.9998777865385484,1,1,0.7898714670279341,0.03899218778228871
USDCLP,44,2m,189,232,2025-10-24,2025-12-24,0.9961661519080214,0.0035385932561577986,1.638875847302462e-4,0.9997047451641792,0.9998686327489095,1,1,0.7856019314957154,0.00891684193034161
USDCLP,44,2m,190,233,2025-10-27,2025-12-25,0.9959868094363634,0.003698192423450252,1.7495203863916446e-4,0.9996850018598137,0.9998599538984528,1,1,0.7710371289161612,0.02558183319649258
USDCLP,44,2m,191,234,2025-10-28,2025-12-26,0.9956977976825689,0.003958637561109779,1.8905328765050967e-4,0.9996564352436788,0.9998454885313293,1,1,0.7517947558887722,0.025309535020952074
USDCLP,44,2m,192,235,2025-10-29,2025-12-29,0.9955823607068021,0.004049667587173703,2.0255012584794165e-4,0.9996320282939758,0.9998345784198237,1,1,0.7437022354760822,0.014580375531971413
USDCLP,44,2m,193,236,2025-10-30,2025-12-30,0.9955572153233083,0.004045552154642502,2.1823742117234367e-4,0.9996027674779508,0.9998210048991232,1,1,0.7396047714263,0.012388090159090506
USDCLP,44,2m,194,237,2025-10-31,2025-12-31,0.9954255006710206,0.004152490240355046,2.2471581724606832e-4,0.9995779909113757,0.9998027067286217,1,1,0.7641844432424032,0.03892316786047985
USDCLP,44,2m,195,238,2025-11-03,2026-01-01,0.9954349343132924,0.004128053495097197,2.2113241025605528e-4,0.9995629878083896,0.9997841202186456,1,1,0.8944980515641633,0.2102129912532377
USDCLP,44,2m,196,239,2025-11-04,2026-01-02,0.9956358066272961,0.003949812976456801,2.0101845799048684e-4,0.9995856196037529,0.9997866380617434,1,1,1.4147070571312128,1.1330074444964096
USDCLP,44,2m,197,240,2025-11-05,2026-01-05,0.9959578652770875,0.0036303498614302164,2.041663163406865e-4,0.9995882151385177,0.9997923814548584,1,1,1.398134453108492,0.4517640804800004
USDCLP,44,2m,198,241,2025-11-06,2026-01-06,0.9964150454215078,0.0031674731692043997,2.1091508180159132e-4,0.9995825185907122,0.9997934336725138,1,1,1.3893704119457604,0.06816965539435824
USDCLP,44,2m,199,242,2025-11-07,2026-01-07,0.9969865206074097,0.0025840270369047852,2.2000548744064336e-4,0.9995705476443144,0.999790553131755,1,1,1.3991950153385893,0.05881161844266656
USDCLP,44,2m,200,243,2025-11-10,2026-01-08,0.9976783947900942,0.001891843772002018,2.2649380114014657e-4,0.9995702385620963,0.9997967323632364,1,1,1.3910888381343975,0.12104179505968449
USDCLP,44,2m,201,244,2025-11-11,2026-01-09,0.9976012745988118,0.0019370979410827502,2.3894982764335968e-4,0.9995383725398945,0.9997773223675379,1,1,1.3522526577646972,0.1503784964488601
USDCLP,44,2m,202,245,2025-11-12,2026-01-12,0.9974721958009324,0.0020281835870248803,2.6176338600438317e-4,0.9995003793879572,0.9997621427739616,1,1,1.3219306446472483,0.09856410563754582
USDCLP,44,2m,203,246,2025-11-13,2026-01-13,0.9976644767054478,0.0017813614360174114,3.2429467948304013e-4,0.9994458381414651,0.9997701328209482,1,1,1.3210810115719014,0.18667076817324363
USDCLP,44,2m,204,247,2025-11-14,2026-01-14,0.9981840706569827,0.0011786593710764498,3.653419226261716e-4,0.9993627300280591,0.9997280719506852,1,1,1.2358313619935488,0.24539540580510188
USDCLP,44,2m,205,248,2025-11-17,2026-01-15,0.9971815595241713,0.00192926716430065,5.798259526791834e-4,0.999110826688472,0.9996906526411511,1,1,1.0147271377696274,0.4857664786905942
USDCLP,44,2m,206,249,2025-11-18,2026-01-16,0.9980847390900021,0.001249903701546778,3.320304579402805e-4,0.9993346427915488,0.9996666732494891,1,1,1.4373257613447163,0.9817090127997445
USDCLP,44,2m,207,250,2025-11-19,2026-01-19,0.9981640757110061,0.001160514574868014,3.4380087538857153e-4,0.9993245902858741,0.9996683911612626,1,1,1.3715847704265218,0.31481052200782983
USDCLP,44,2m,208,251,2025-11-20,2026-01-20,0.9982035750043351,0.0011190294519338607,3.5058534759523454e-4,0.999322604456269,0.9996731898038642,1,1,1.2592248613484869,0.3028925961990612
USDCLP,44,2m,209,252,2025-11-21,2026-01-21,0.99825084426326,0.0011015687569440125,3.510744017569047e-4,0.9993524130202041,0.9997034874219609,1,1,1.1287406980212307,0.2637187126913266
USDCLP,44,2m,210,253,2025-11-24,2026-01-22,0.9983312247886456,0.001050762531089326,3.5805143173632813e-4,0.9993819873197349,0.9997400387514712,1,1,1.0688812231522449,0.1310796006692972
USDCLP,44,2m,211,254,2025-11-25,2026-01-23,0.9985559547686915,8.406647846560136e-4,3.619846311362358e-4,0.9993966195533476,0.9997586041844838,1,1,1.0727360912315267,0.12972506799557443
USDCLP,44,2m,212,255,2025-11-26,2026-01-26,0.9986503939418593,7.553624361621618e-4,3.7190292628015747e-4,0.9994057563780214,0.9997776593043016,1,1,1.019017696959653,0.15718365871450254
USDCLP,44,2m,213,256,2025-11-27,2026-01-27,0.9988479192857408,5.637856941402894e-4,3.817076198689225e-4,0.9994117049798811,0.99979341259975,1,1,0.9818777888662584,0.19284120768481358
USDCLP,44,2m,214,257,2025-11-28,2026-01-28,0.9988473204997136,5.867150962344976e-4,3.7571051779972337e-4,0.9994340355959481,0.9998097461137478,1,1,0.9345943813951483,0.09111498568030421
USDCLP,44,2m,215,258,2025-12-01,2026-01-29,0.9988236007029391,6.203770270059322e-4,3.659005631836245e-4,0.999443977729945,0.9998098782931286,1,1,0.9407927730416674,0.043339846858371923
USDCLP,44,2m,216,259,2025-12-02,2026-01-30,0.9988239605764171,6.173512464637985e-4,3.5721009343622377e-4,0.9994413118228809,0.9997985219163171,1,1,0.9455100964740638,0.08184700084608068
USDCLP,44,2m,217,260,2025-12-03,2026-02-02,0.9981736099764213,0.0012514229822760282,3.442340778107399e-4,0.9994250329586973,0.999769267036508,1,1,0.9321312267511568,0.2772916840516308
USDCLP,44,2m,218,261,2025-12-04,2026-02-03,0.9977473592016931,0.0016775628163980163,3.4103511176397373e-4,0.9994249220180911,0.999765957129855,1,1,0.9536679574995944,0.06582162663211359
USDCLP,44,2m,219,262,2025-12-05,2026-02-04,0.9976885279839118,0.0017872906493231074,2.9412405174288216e-4,0.999475818633235,0.9997699426849779,1,1,0.8579017172656274,0.17607259021737198
USDCLP,44,2m,220,263,2025-12-08,2026-02-05,0.9975348837880651,0.0019936226127217284,2.378322790065673e-4,0.9995285064007868,0.9997663386797934,1,1,0.7324875117954666,0.33523577137166244
USDCLP,44,2m,221,264,2025-12-09,2026-02-06,0.997385039121438,0.002062557369983671,2.717493011751916e-4,0.9994475964914217,0.9997193457925969,1,1,0.635640095559108,0.2723824704941426
USDCLP,44,2m,222,265,2025-12-10,2026-02-09,0.9971592782903784,0.0021930821340590033,3.225629151869586e-4,0.9993523604244374,0.9996749233396244,1,1,0.6146010512992026,0.30956103593198214
USDCLP,44,2m,223,266,2025-12-11,2026-02-10,0.9965112223591711,0.0026468490601822695,4.3742659545175093e-4,0.9991580714193534,0.9995954980148052,1,1,0.6345886962625632,0.11351928251487738
USDCLP,44,2m,224,267,2025-12-12,2026-02-11,0.9961700146540279,0.0028567264039309507,5.086233863316945e-4,0.9990267410579589,0.9995353644442906,1,1,0.661689906636701,0.08355681824138868
USDCLP,44,2m,225,268,2025-12-15,2026-02-12,0.9956670523806376,0.003211722761617236,5.982166882624772e-4,0.9988787751422548,0.9994769918305172,1,1,0.6631390718551688,0.05168384567513336
USDCLP,44,2m,226,269,2025-12-16,2026-02-13,0.9956681711097729,0.003144626853052458,6.41418743240084e-4,0.9988127979628254,0.9994542167060655,1,1,0.7038132664885531,0.09211490308284119
USDCLP,44,2m,227,270,2025-12-17,2026-02-16,0.9956773632980543,0.0030388511381559194,6.938898617956388e-4,0.9987162144362103,0.9994101042980059,1,1,0.7670626613964012,0.1588474864961893
USDCLP,44,2m,228,271,2025-12-18,2026-02-17,0.9957399374898633,0.00294332313965038,7.174585140528356e-4,0.9986832606295137,0.9994007191435665,1,1,0.8256231818766807,0.1080512559910735
USDCLP,44,2m,229,272,2025-12-19,2026-02-18,0.9956844487546482,0.0029823502625537564,7.392859617852132e-4,0.998666799017202,0.9994060849789872,1,1,0.825989080111846,0.04187715594101443
USDCLP,44,2m,230,273,2025-12-22,2026-02-19,0.9951009222888499,0.003380929569038185,8.470558979419722e-4,0.9984818518578882,0.9993289077558302,1,1,0.8515563264925226,0.0432076625338661
USDCLP,44,2m,231,274,2025-12-23,2026-02-20,0.99396191091391894,0.004089623039191369,0.0011002561085240196,0.9980515339531103,0.9991517900616343,1,1,0.9028670712607315,0.07541630451683522
USDCLP,44,2m,232,275,2025-12-24,2026-02-23,0.9931859080821798,0.004566531136057393,0.0012718264077180726,0.9977524392182372,0.9990242656259553,1,1,0.9579652274472868,0.0912511126930271
USDCLP,44,2m,233,276,2025-12-25,2026-02-24,0.9917929691332853,0.005457303696726578,0.001566550854794616,0.9972502728300119,0.9988168236848065,1,1,0.9915522138891285,0.050914177940360336
USDCLP,44,2m,234,277,2025-12-26,2026-02-25,0.9893328071410702,0.007008023149408465,0.002071226419553411,0.9963408302904787,0.9984120567100321,1,2,1.008274029041967,0.045223529776934404
USDCLP,44,2m,235,278,2025-12-29,2026-02-26,0.9867110787773182,0.00866131950871024,0.002611657022476643,0.9953723982860284,0.9979840553085051,1,2,1.0446622408203852,0.06145156270857731
USDCLP,44,2m,236,279,2025-12-30,2026-02-27,0.9817766869669791,0.011765634191381089,0.00365517863926527,0.9935423211583602,0.9971974997976254,1,2,1.1136739911894917,0.11740700451425548
USDCLP,44,2m,237,280,2025-12-31,2026-03-02,0.9785767806303632,0.013774201117851832,0.004629391693649515,0.9923509817482151,0.9969803734418646,1,2,1.2028056882795777,0.19106127377044013
USDCLP,44,2m,238,281,2026-01-01,2026-03-03,0.9784144778367071,0.013573153287604636,0.005340452155226665,0.9919876311243118,0.9973280832795385,1,2,1.2236981364935566,0.08055551764126954
USDCLP,44,2m,239,282,2026-01-02,2026-03-04,0.9842261059409002,0.009582341210713448,0.004101724672365778,0.9938084471516136,0.9979101718239795,1,2,1.2792265033741155,0.23269824335725509
USDCLP,44,2m,240,283,2026-01-05,2026-03-05,0.9873380329170411,0.007553301050906945,0.003360373546928877,0.994891333967948,0.9982517075148769,1,2,1.2383960438785264,0.10462929575009589
USDCLP,44,2m,241,284,2026-01-06,2026-03-06,0.9934567101671506,0.004000908928580766,0.001701120598157386,0.9974576190957314,0.9991587396938888,1,1,1.2463588245089172,0.029394267124817356
USDCLP,44,2m,242,285,2026-01-07,2026-03-09,0.9954666529031171,0.00278119966956673,0.0012063222757466064,0.9982478525726838,0.9994541748484304,1,1,1.236276748837804,0.03926403679979182
USDCLP,44,2m,243,286,2026-01-08,2026-03-10,0.9955862520438654,0.0029448586364395736,9.738327238021506e-4,0.998531110680305,0.9995049434041071,1,1,1.1680557200861093,0.16524089485374713
USDCLP,44,2m,244,287,2026-01-09,2026-03-11,0.9964835587246643,0.0023872506136112786,7.287783199592782e-4,0.9988708093382755,0.9995995876582349,1,1,1.1654884438888145,0.03720175533604524
USDCLP,44,2m,245,288,2026-01-12,2026-03-12,0.997472181055282,0.0017478508966987058,4.897788678973856e-4,0.9992200319519807,0.9997098108198781,1,1,1.188019604365153,0.053207376893881136
USDCLP,44,2m,246,289,2026-01-13,2026-03-13,0.9978433411061113,0.0014995247245037924,4.1326587597568035e-4,0.999342865830615,0.9997561317065907,1,1,1.193788451201115,0.018604394515564553
USDCLP,44,2m,247,290,2026-01-14,2026-03-16,0.9979345693032865,0.0013836035457151904,4.3099948718491985e-4,0.9993181728490017,0.9997491723361867,1,1,1.0792322534726657,0.1960442757484909
USDCLP,44,2m,248,291,2026-01-15,2026-03-17,0.9977672896243208,0.001354624551228374,5.9491075107836e-4,0.9991219141755492,0.9997168249266275,1,1,0.8728994444617689,0.30917343769724187
USDCLP,44,2m,249,292,2026-01-16,2026-03-18,0.9978661036117171,0.0012875254390030044,5.684616243224122e-4,0.9991536290507201,0.9997220906750426,1,1,0.8321257331681156,0.06945210677515748
USDCLP,44,2m,250,293,2026-01-19,2026-03-19,0.9978976827809232,0.0012514947469516326,5.75505117252346e-4,0.9991491775278748,0.9997246826451271,1,1,0.7466301520285391,0.11711977129554726
USDCLP,44,2m,251,294,2026-01-20,2026-03-20,0.9976884772855413,0.0012875201349325535,7.426704908361641e-4,0.9989759974204739,0.9997186679113101,1,1,0.6586738519125216,0.1282143231172428
USDCLP,44,2m,252,295,2026-01-21,2026-03-23,0.9972891850200464,0.0013862512512199112,0.001039728991143154,0.9986754362712663,0.9997151652624094,1,1,0.59587690545971,0.08882319013542733
USDCLP,44,2m,253,296,2026-01-22,2026-03-24,0.9968112642752728,0.0017637956369918146,0.0011366089586473554,0.9985750599122646,0.9997116688709119,1,1,0.5646432793187678,0.054182409655845386
USDCLP,44,2m,254,297,2026-01-23,2026-03-25,0.996339108689453,0.0022120113298694706,0.0011575578307527173,0.9985511200193224,0.9997086778500751,1,1,0.5403753553471694,0.06119948922232064
USDCLP,44,2m,255,298,2026-01-26,2026-03-26,0.9961212292918818,0.0022533811720506663,0.0012795662296736742,0.9983746104639325,0.9996541766936061,1,1,0.5218765676700599,0.2075691433540264
USDCLP,44,2m,256,299,2026-01-27,2026-03-27,0.9960250946248642,0.0023722669939741287,0.0012644986314932455,0.9983973616188383,0.9996618602503315,1,1,0.5125489723978304,0.05218591419461167
USDCLP,66,3m,1,66,2025-02-04,2025-05-06,0.9910321776094675,0.007545085251605304,0.0011178087306611827,0.9985772628610728,0.999695071591734,1,1,1.12072560824855,NA
USDCLP,66,3m,2,67,2025-02-05,2025-05-07,0.9911076087669382,0.007486138125837275,0.0011008766861796337,0.9985937468927755,0.9996946235789551,1,1,1.1175486005577393,0.010367355682804943
USDCLP,66,3m,3,68,2025-02-06,2025-05-08,0.9911741090519022,0.007441967235035905,0.0010792380707615131,0.998616076286938,0.9996953143576995,1,1,1.1144431704501814,0.010869476432103651
USDCLP,66,3m,4,69,2025-02-07,2025-05-09,0.9912892264072837,0.007346304955796566,0.0010628555453412608,0.9986355313630803,0.9996983869084215,1,1,1.1155609282157768,0.007198817925637916
USDCLP,66,3m,5,70,2025-02-10,2025-05-12,0.9912572748533323,0.007375200819233272,0.0010616670708485532,0.9986324756725655,0.9996941427434141,1,1,1.1128749476984536,0.012309219571710994
USDCLP,66,3m,6,71,2025-02-11,2025-05-13,0.99107842917516,0.007535921178328054,0.0010750274823157753,0.998614350353488,0.9996893778358038,1,1,1.1180526177293681,0.014740339146209414
USDCLP,66,3m,7,72,2025-02-12,2025-05-14,0.9907359419567197,0.007876044101583502,0.0010815469949848329,0.9986119860583031,0.999693533053288,1,1,1.1196979254725823,0.008394086366408947
USDCLP,66,3m,8,73,2025-02-13,2025-05-15,0.9907657724656189,0.007895121020059332,0.0010480017994672223,0.9986608934856782,0.9997088952851454,1,1,1.1229138220303316,0.009152384736956523
USDCLP,66,3m,9,74,2025-02-14,2025-05-16,0.9907564059468722,0.00793022577247122,0.0010307903082020526,0.9986866317193435,0.9997174220275455,1,1,1.1254001195431818,0.007053324446744873
USDCLP,66,3m,10,75,2025-02-17,2025-05-19,0.9909851240081264,0.007663652416998022,0.001054993866774092,0.9986487764251245,0.9997037702918986,1,1,1.1051872196226202,0.03934897629520756
USDCLP,66,3m,11,76,2025-02-18,2025-05-20,0.9910194136478065,0.007590851616229818,0.0010797076734967088,0.9986102652640364,0.9996899729375331,1,1,1.092730460195073,0.025872701874359007
USDCLP,66,3m,12,77,2025-02-19,2025-05-21,0.9911427389426851,0.007424004982545218,0.0011087423201606088,0.9985667439252304,0.9996754862453909,1,1,1.0756208693708744,0.033623221242687434
USDCLP,66,3m,13,78,2025-02-20,2025-05-22,0.9912698943173732,0.007269918983952322,0.0011303309546215868,0.9985398133013256,0.9996701442559471,1,1,1.0675425191678118,0.01670260443015937
USDCLP,66,3m,14,79,2025-02-21,2025-05-23,0.9913693163141338,0.007118429550139918,0.0011679330465681308,0.9984877458642738,0.999655678910842,1,1,1.0464424077238499,0.036640924786530096
USDCLP,66,3m,15,80,2025-02-24,2025-05-26,0.9915997973187516,0.006836838370412477,0.0012093153800391745,0.9984366356891641,0.9996459510692033,1,1,1.0275859469192488,0.03320345065811662
USDCLP,66,3m,16,81,2025-02-25,2025-05-27,0.9916311881868612,0.006756074636967475,0.001253947253111603,0.9983872628238287,0.9996412100769403,1,1,1.0156350865978054,0.021692325935864214
USDCLP,66,3m,17,82,2025-02-26,2025-05-28,0.9916907561712213,0.0066702800804076,0.0012716513090407463,0.9983610362516289,0.9996326875606696,1,1,1.011779676781508,0.007754827563528957
USDCLP,66,3m,18,83,2025-02-27,2025-05-29,0.9918050442954323,0.0065414847265836745,0.0012790972527166994,0.9983465290220159,0.9996256262747326,1,1,1.0082112063069784,0.006929306629077203
USDCLP,66,3m,19,84,2025-02-28,2025-05-30,0.9918080880659135,0.006519183850286547,0.0012876336322330173,0.9983272719162,0.999614905548433,1,1,1.0028627498532852,0.008794048077153132
USDCLP,66,3m,20,85,2025-03-03,2025-06-02,0.9918666543028332,0.0065490912242918324,0.0011935891128599758,0.998415745527125,0.9996093346399849,1,1,0.9867528931155406,0.03370189500897193
USDCLP,66,3m,21,86,2025-03-04,2025-06-03,0.9918857816167079,0.00651252542724868,0.001205194196510314,0.9983983070439566,0.9996035012404669,1,1,0.9766914048013741,0.016463631914440575
USDCLP,66,3m,22,87,2025-03-05,2025-06-04,0.9919510644738561,0.006447857287981075,0.0011998019023462985,0.9983989217618371,0.9995987236641833,1,1,0.9722152661546786,0.007803137382021009
USDCLP,66,3m,23,88,2025-03-06,2025-06-05,0.992145648554965,0.006253777489854041,0.0011899915921261164,0.998399426044819,0.9995894176369451,1,1,0.9770471650113688,0.009038823706627633
USDCLP,66,3m,24,89,2025-03-07,2025-06-06,0.9923079397319645,0.00609344678305664,0.0011770012909684475,0.9984013865150212,0.9995783878059896,1,1,0.9820840637019435,0.010302376398963945
USDCLP,66,3m,25,90,2025-03-10,2025-06-09,0.9924667869213704,0.006057023389733158,0.0010456682833540688,0.9985238103111035,0.99956947859445755,1,1,0.9704472886895043,0.0331505506362625
USDCLP,66,3m,26,91,2025-03-11,2025-06-10,0.9926252533675163,0.005911037856916799,0.0010274921316299308,0.9985362912244331,0.999563783356063,1,1,0.967328565827932,0.007016745077571003
USDCLP,66,3m,27,92,2025-03-12,2025-06-11,0.9927017517406285,0.005815646009509302,0.0010354632804207976,0.9985173977501378,0.9995528610305586,1,1,0.968649006730504,0.005494613277484217
USDCLP,66,3m,28,93,2025-03-13,2025-06-12,0.9928858643322593,0.005629609990855074,0.0010224685602758092,0.9985154743231144,0.9995379428833902,1,1,0.9664048486352038,0.01074529098744037
USDCLP,66,3m,29,94,2025-03-14,2025-06-13,0.9931130163587872,0.005424283206560563,9.925090367841906e-4,0.9985372995653478,0.9995298086021319,1,1,0.9629793122469505,0.014529195562155452
USDCLP,66,3m,30,95,2025-03-17,2025-06-16,0.9935083643524365,0.005053976174058517,9.646543316034522e-4,0.9985623405264951,0.9995269948580985,1,1,0.9580610543135444,0.015196123577583095
USDCLP,66,3m,31,96,2025-03-18,2025-06-17,0.9939469704410399,0.004668683835475562,9.220896173616984e-4,0.9986156542765154,0.9995377438938772,1,1,0.9590944443880034,0.012608000014783518
USDCLP,66,3m,32,97,2025-03-19,2025-06-18,0.9942451445352788,0.004401368398142346,8.914973298323356e-4,0.9986465129334211,0.9995380102632534,1,1,0.9570628977464187,0.018195420019414855
USDCLP,66,3m,33,98,2025-03-20,2025-06-19,0.9946309561354382,0.004074095576891815,8.470417431109009e-4,0.99870505171233,0.9995520934554409,1,1,0.9590362455596183,0.017601410789878893
USDCLP,66,3m,34,99,2025-03-21,2025-06-20,0.9947140461288481,0.004013655003358826,8.163845782186195e-4,0.9987277011322069,0.9995440857104255,1,1,0.966429574984044,0.02411352727914331
USDCLP,66,3m,35,100,2025-03-24,2025-06-23,0.9947331215753933,0.004068361447889441,7.408882370635314e-4,0.9988014830232828,0.9995423712603463,1,1,0.976807286152394,0.027808544328754608
USDCLP,66,3m,36,101,2025-03-25,2025-06-24,0.9945996747413891,0.004239036423367478,7.009973549696871e-4,0.9988387111647565,0.9995397085197262,1,1,0.9707081517061574,0.0376822426449152
USDCLP,66,3m,37,102,2025-03-26,2025-06-25,0.994664369930715,0.004191243042664328,6.735898380747177e-4,0.9988556129733794,0.9995292028114542,1,1,0.9610480975951262,0.056232350721494816
USDCLP,66,3m,38,103,2025-03-27,2025-06-26,0.9946786347554406,0.004225245543230051,6.183798317376266e-4,0.9989038802986706,0.9995222601304082,1,1,0.9483618103611391,0.07988830118450542
USDCLP,66,3m,39,104,2025-03-28,2025-06-27,0.9947179910792218,0.004233833744598613,5.697620036784815e-4,0.9989518248238204,0.9995215868274989,1,1,0.9289240041416967,0.11163971926759267
USDCLP,66,3m,40,105,2025-03-31,2025-06-30,0.9947451511423595,0.00425805848742129,5.229295200647315e-4,0.9990032096297808,0.9995261391498456,1,1,0.9543068616785381,0.07876222763234385
USDCLP,66,3m,41,106,2025-04-01,2025-07-01,0.99469746026178,0.004311166557680192,5.205750768733184e-4,0.9990086268194601,0.9995292018963334,1,1,0.9782161720978094,0.05058328205254037
USDCLP,66,3m,42,107,2025-04-02,2025-07-02,0.9946773205370102,0.004319517223238082,5.362470682163715e-4,0.9989968377602483,0.9995330848284647,1,1,0.9924325836874139,0.061808640133995514
USDCLP,66,3m,43,108,2025-04-03,2025-07-03,0.9945706563264826,0.004423300140405005,5.433275767867651e-4,0.9989939564668876,0.9995372840436744,1,1,1.1008411052943983,0.25278841396369733
USDCLP,66,3m,44,109,2025-04-04,2025-07-04,0.9944999483165796,0.004468058960373674,5.822247368693307e-4,0.9989680072769533,0.9995502320138226,1,1,1.1966384008257105,0.2251621530543676
USDCLP,66,3m,45,110,2025-04-07,2025-07-07,0.9943410986544667,0.004598466993647966,6.230978822578096e-4,0.9989395656481147,0.9995626635303725,1,1,1.2327750837141562,0.09614162260763767
USDCLP,66,3m,46,111,2025-04-08,2025-07-08,0.9940994483527663,0.004835778511746302,6.458505122024929e-4,0.9989352268645126,0.9995810773767151,1,1,1.1991487518465687,0.08901064462618417
USDCLP,66,3m,47,112,2025-04-09,2025-07-09,0.9937809841429696,0.005158611825575016,6.67731817978329e-4,0.9989395959685445,0.9996073277865228,1,1,1.154442348338144,0.10749809910357175
USDCLP,66,3m,48,113,2025-04-10,2025-07-10,0.9930277971462623,0.005801749851345724,7.440597994068348e-4,0.9988295469976081,0.9995736067970149,1,1,1.1273235679057443,0.06010320906329444
USDCLP,66,3m,49,114,2025-04-11,2025-07-11,0.9922803248075828,0.00644792448841697,8.143756108508774e-4,0.9987282492959998,0.9995426249068506,1,1,1.0954644763920305,0.07048262481588738
USDCLP,66,3m,50,115,2025-04-14,2025-07-14,0.9913625651776763,0.007280617326408952,8.569757231837339e-4,0.9986431825040852,0.999500158227269,1,1,1.0350789770798487,0.13327851464777035
USDCLP,66,3m,51,116,2025-04-15,2025-07-15,0.9908598444043677,0.007793680239845896,8.365204666777095e-4,0.9986535246442136,0.9994900451108913,1,1,0.97610000882176,0.1221675593431668
USDCLP,66,3m,52,117,2025-04-16,2025-07-16,0.9905344387847044,0.00819940528891697,7.693122059493459e-4,0.9987338440736213,0.9995031562795706,1,1,0.9067560398926147,0.15369280159477725
USDCLP,66,3m,53,118,2025-04-17,2025-07-17,0.9904737918497915,0.008364559118323683,7.240044077102912e-4,0.9988383509681151,0.9995623553758254,1,1,0.8445017832391033,0.1815310480805351
USDCLP,66,3m,54,119,2025-04-18,2025-07-18,0.9898699697771689,0.009020867292978477,6.861356672388915e-4,0.9988908370701474,0.9995769727373862,1,2,0.8079487105440761,0.17765708862711413
USDCLP,66,3m,55,120,2025-04-21,2025-07-21,0.9902205786008904,0.008608738105962518,7.182935416296895e-4,0.9988293167068529,0.9995476102484826,1,1,0.8127766430263951,0.06074744777456251
USDCLP,66,3m,56,121,2025-04-22,2025-07-22,0.9904536186453738,0.008373083767394153,7.148815658637627e-4,0.998826702412768,0.9995415839786318,1,1,0.8137413799851144,0.0216275051728671
USDCLP,66,3m,57,122,2025-04-23,2025-07-23,0.9906650171861865,0.008150783382075555,7.175908465056209e-4,0.998815800568262,0.9995333914147676,1,1,0.8151359362375591,0.020077890983887185
USDCLP,66,3m,58,123,2025-04-24,2025-07-24,0.9912322172987172,0.007570098638066398,7.238500265098977e-4,0.9988023159367836,0.9995261659632935,1,1,0.80701879026208,0.05502481946058357
USDCLP,66,3m,59,124,2025-04-25,2025-07-25,0.9915570523848486,0.007246334310246167,7.202163001844254e-4,0.9988033866950947,0.9995236029952791,1,1,0.8061812655024472,0.03796456831714549
USDCLP,66,3m,60,125,2025-04-28,2025-07-28,0.9914193236134287,0.007347214379125538,7.386450964877183e-4,0.9987665379925542,0.9995051830890419,1,1,0.8011560358265857,0.012965625895956796
USDCLP,66,3m,61,126,2025-04-29,2025-07-29,0.991922176256013,0.0068793305565452096,7.221304791205239e-4,0.9988015068125582,0.9995236372916787,1,1,0.8012848143485262,0.018221992210616406
USDCLP,66,3m,62,127,2025-04-30,2025-07-30,0.9921700371675667,0.0066312452031552175,7.228613384822813e-4,0.9988012823707219,0.9995241437092042,1,1,0.8013633473796684,0.036515945629514324
USDCLP,66,3m,63,128,2025-05-01,2025-07-31,0.9923867927466158,0.006429122242489367,7.243307578595731e-4,0.9988159149891052,0.9995402457469648,1,1,0.8085254100137198,0.04083652141537668
USDCLP,66,3m,64,129,2025-05-02,2025-08-01,0.9927399347456426,0.006114830125849477,7.192519805042998e-4,0.998854764871492,0.9995740168519963,1,1,0.8039866941574285,0.047736894407724634
USDCLP,66,3m,65,130,2025-05-05,2025-08-04,0.9923829576614642,0.006382478158242435,7.733020324902233e-4,0.9987654358197067,0.9995387378521969,1,1,0.8020587852482883,0.024926551606888833
USDCLP,66,3m,66,131,2025-05-06,2025-08-05,0.9922349891655164,0.006449421837330649,8.212996854567412e-4,0.9986844110028471,0.99950571068830385,1,1,0.8013784207727003,0.023789409977618588
USDCLP,66,3m,67,132,2025-05-07,2025-08-06,0.9927052666955071,0.005913036715103871,8.64975092225348e-4,0.998618303410611,0.9994832785028364,1,1,0.798235195714861,0.02330019249670139
USDCLP,66,3m,68,133,2025-05-08,2025-08-07,0.9930358078705156,0.005546003449356857,8.969811948869072e-4,0.9985818113198724,0.9994787925147594,1,1,0.7932548753762158,0.024785697732286047
USDCLP,66,3m,69,134,2025-05-09,2025-08-08,0.9935013082887955,0.005039135950729158,9.269396453906086e-4,0.9985404442395246,0.9994673838849152,1,1,0.7931751722051444,0.024941024151038375
USDCLP,66,3m,70,135,2025-05-12,2025-08-11,0.9938897265539253,0.004568315377044583,9.76619821278334e-4,0.9984580419309699,0.9994346617522482,1,1,0.7974774579216,0.022867416742172055
USDCLP,66,3m,71,136,2025-05-13,2025-08-12,0.9945045894745768,0.003932795141517991,9.881204322745361e-4,0.9984373846160948,0.9994255050483694,1,1,0.8122303728654752,0.0293001108737907
USDCLP,66,3m,72,137,2025-05-14,2025-08-13,0.9950608257509191,0.0033636085644367323,9.929907691238686e-4,0.9984244343153559,0.9994174250844797,1,1,0.8189610939888864,0.02670194541027533
USDCLP,66,3m,73,138,2025-05-15,2025-08-14,0.9947614231307584,0.0036572826653438,0.0010039793267634985,0.9984187057961023,0.9994226851228658,1,1,0.8451932238709068,0.08424057352792787
USDCLP,66,3m,74,139,2025-05-16,2025-08-15,0.9938512001132093,0.004453889001549673,0.0010868285029389112,0.9983050891147589,0.9993919176176979,1,1,0.8656563413604619,0.05712076129092059
USDCLP,66,3m,75,140,2025-05-19,2025-08-18,0.9932129981797322,0.005059418708665871,0.0011321359889439307,0.9982724168883981,0.999404552877342,1,1,0.880361356461027,0.057209844577726085
USDCLP,66,3m,76,141,2025-05-20,2025-08-19,0.9927911655051314,0.0055434103153096355,0.001064471096224461,0.9983345758204409,0.9993990469166654,1,1,0.8780118996768586,0.04316206713090371
USDCLP,66,3m,77,142,2025-05-21,2025-08-20,0.9927673771821561,0.00559299675499594,0.0010281801279907554,0.998360373937152,0.9993885540651428,1,1,0.8872065418097921,0.03871190439830446
USDCLP,66,3m,78,143,2025-05-22,2025-08-21,0.9928161832880087,0.005562154331886451,0.0010137400044699309,0.9983783376198951,0.9993920776243651,1,1,0.8801826817549228,0.04382993187701518
USDCLP,66,3m,79,144,2025-05-23,2025-08-22,0.9927769215202508,0.005620933237936237,0.0010013444206115288,0.998397854758187,0.9993991991787985,1,1,0.8845565161740458,0.0464718598952149
USDCLP,66,3m,80,145,2025-05-26,2025-08-25,0.9927594336157978,0.005656525787547656,9.854421201211387e-4,0.9984159594033454,0.9994014015234666,1,1,0.8843113970586735,0.03233749607206421
USDCLP,66,3m,81,146,2025-05-27,2025-08-26,0.9929647251359699,0.005495342232909429,9.644826630061464e-4,0.9984600673688794,0.9994245500318856,1,1,0.8908722283595941,0.061806336111595125
USDCLP,66,3m,82,147,2025-05-28,2025-08-27,0.9930152651677945,0.005493045146716165,9.46652004916685e-4,0.9985083103145106,0.9994549623194273,1,1,0.8951719305745458,0.051977899273819655
USDCLP,66,3m,83,148,2025-05-29,2025-08-28,0.9932174821359777,0.005306573151106042,9.523031381285213e-4,0.9985240552870838,0.9994763584252123,1,1,0.9042277730302808,0.025166984256160114
USDCLP,66,3m,84,149,2025-05-30,2025-08-29,0.9932534594031444,0.005269976232519299,9.516093175103746e-4,0.9985234356356637,0.9994750449531741,1,1,0.9075630539049481,0.008188630340920941
USDCLP,66,3m,85,150,2025-06-02,2025-09-01,0.993288764741966,0.005241330431411137,9.492079459429538e-4,0.9985300951733772,0.9994793031193202,1,1,0.9114470236552927,0.007994654765390971
USDCLP,66,3m,86,151,2025-06-03,2025-09-02,0.9933084502525958,0.0052284778706903475,9.510411349069758e-4,0.9985369281232862,0.9994879692581932,1,1,0.9167269659798729,0.01494285946483993
USDCLP,66,3m,87,152,2025-06-04,2025-09-03,0.9933703889883065,0.005182676443825079,9.449299388992596e-4,0.9985530654321316,0.9994979953710309,1,1,0.9132927641625769,0.014592485374367428
USDCLP,66,3m,88,153,2025-06-05,2025-09-04,0.9933344328782088,0.005211010000468995,9.505677545857724e-4,0.9985454428786777,0.9994960106332635,1,1,0.907210027055362,0.011302247505641126
USDCLP,66,3m,89,154,2025-06-06,2025-09-05,0.9933972634066482,0.005132456296163499,9.531791236648268e-4,0.9985297197028118,0.9994828988264766,1,1,0.8997211368876284,0.01723407387069134
USDCLP,66,3m,90,155,2025-06-09,2025-09-08,0.9935125604226014,0.005028408396232481,9.369053842676747e-4,0.9985409688188339,0.9994778742031016,1,1,0.8968575738632096,0.02064296970439784
USDCLP,66,3m,91,156,2025-06-10,2025-09-09,0.9935807660762263,0.004962813436107379,9.1893065620332e-4,0.9985435795123336,0.9994625101685369,1,1,0.8888144008399534,0.019997922342341334
USDCLP,66,3m,92,157,2025-06-11,2025-09-10,0.9936162779704673,0.004916492965314288,9.154938759720278e-4,0.9985327709357815,0.9994482648117535,1,1,0.870679915106749,0.03449687584102668
USDCLP,66,3m,93,158,2025-06-12,2025-09-11,0.9937265118848178,0.004701245075462599,9.889472165522572e-4,0.9984277569602803,0.9994167041768326,1,1,0.7718114130521257,0.1543706709585457
USDCLP,66,3m,94,159,2025-06-13,2025-09-12,0.9940506470601529,0.0043514666977394695,0.0010204166524508198,0.9984021137578923,0.9994225304103431,1,1,0.6701474971373043,0.17249067999883597
USDCLP,66,3m,95,160,2025-06-16,2025-09-15,0.994392815347998,0.004088586600348564,9.715987769284552e-4,0.9984814019483466,0.999453000725275,1,1,0.6193269236157909,0.11996525078540216
USDCLP,66,3m,96,161,2025-06-17,2025-09-16,0.9953167223983941,0.003404273205260769,7.906626256670236e-4,0.9987209956036549,0.999511658229322,1,1,0.6174037772594461,0.049513783150737616
USDCLP,66,3m,97,162,2025-06-18,2025-09-17,0.9959770103464579,0.002917968776139097,6.895537636421576e-4,0.9988949791225971,0.9995845328862392,1,1,0.6122347529137022,0.04128962711058187
USDCLP,66,3m,98,163,2025-06-19,2025-09-18,0.9965044549116974,0.0025427800745450356,6.044192190782529e-4,0.9990472349862424,0.99965165420532065,1,1,0.6063656636555118,0.033430895286886024
USDCLP,66,3m,99,164,2025-06-20,2025-09-19,0.996694889778407,0.002396926137855009,6.024825198379256e-4,0.9990918159162621,0.9996942984361,1,1,0.5946338783356371,0.05047128326079862
USDCLP,66,3m,100,165,2025-06-23,2025-09-22,0.9969268657071965,0.002209452744087671,5.840092079516171e-4,0.9991363184512841,0.9997203276592358,1,1,0.5937544959511617,0.02977167706099951
USDCLP,66,3m,101,166,2025-06-24,2025-09-23,0.9969989563065469,0.002133136554891421,6.051326276124382e-4,0.9991320928614383,0.9997372254890508,1,1,0.589178943816863,0.026104920750354654
USDCLP,66,3m,102,167,2025-06-25,2025-09-24,0.9971906594644834,0.001975243509593204,5.884290169543678e-4,0.9991659029740766,0.9997543319910309,1,1,0.5879609791589399,0.01949862691242968
USDCLP,66,3m,103,168,2025-06-26,2025-09-25,0.9973115056318018,0.0018787726726163427,5.925128524716913e-4,0.9991902783044182,0.9997827911568898,1,1,0.585204061427557,0.02683651882582286
USDCLP,66,3m,104,169,2025-06-27,2025-09-26,0.9972716484757468,0.001937244339770129,5.923426080160111e-4,0.999208892815517,0.9998012354235329,1,1,0.5885250332907661,0.0522773711403509
USDCLP,66,3m,105,170,2025-06-30,2025-09-29,0.9973595976369724,0.0018645915102344464,5.985415753471395e-4,0.9992241891472068,0.9998227307225539,1,1,0.5923434375794283,0.03362042685922715
USDCLP,66,3m,106,171,2025-07-01,2025-09-30,0.9974990204985767,0.0017441111887496563,5.870603773397378e-4,0.9992431316873264,0.9998301920646661,1,1,0.6008540854837219,0.014924703654185597
USDCLP,66,3m,107,172,2025-07-02,2025-10-01,0.9975503627287899,0.0017008777452943115,5.954425310790046e-4,0.9992512404740842,0.9998466830051632,1,1,0.6025731161325516,0.014389858844234587
USDCLP,66,3m,108,173,2025-07-03,2025-10-02,0.9976396674911421,0.0016600926942354048,5.673833849223096e-4,0.9992997601853775,0.9998671435702998,1,1,0.6128032605328712,0.019172557645242495
USDCLP,66,3m,109,174,2025-07-04,2025-10-03,0.9976821542289466,0.0016464804462014875,5.496899702719456e-4,0.9993286346751481,0.99987832464542,1,1,0.6193461075342109,0.009946439317373622
USDCLP,66,3m,110,175,2025-07-07,2025-10-06,0.997762920612094,0.001599432168080307,5.313050416079603e-4,0.9993623527801744,0.9998936578217823,1,1,0.6135846154376398,0.011613700172659544
USDCLP,66,3m,111,176,2025-07-08,2025-10-07,0.9978861242433104,0.0015046628072928375,5.121227760788038e-4,0.9993907870506032,0.9999029098266821,1,1,0.6048549493854259,0.013061970483749488
USDCLP,66,3m,112,177,2025-07-09,2025-10-08,0.9979296613738249,0.0014839645148459154,4.957770623046176e-4,0.9994136258886708,0.9999094029509754,1,1,0.6085745596414571,0.011735652476618326
USDCLP,66,3m,113,178,2025-07-10,2025-10-09,0.9980112892554222,0.0014250449773707962,4.7851003298315996e-4,0.999436334232793,0.9999148442657761,1,1,0.6140965570671703,0.024223189059403565
USDCLP,66,3m,114,179,2025-07-11,2025-10-10,0.9980983369144406,0.0013467504718425868,4.7379289745857724e-4,0.9994450873862832,0.9999188802837418,1,1,0.6139266854994682,0.040081479340210384
USDCLP,66,3m,115,180,2025-07-14,2025-10-13,0.9982073058077428,0.0011992836965781558,5.111036250131485e-4,0.9994065895043209,0.9999176931293341,1,1,0.6035716190449852,0.12090589595713971
USDCLP,66,3m,116,181,2025-07-15,2025-10-14,0.9983114203251738,0.0011224793263829387,4.878210858276185e-4,0.9994338996515568,0.9999217207373844,1,1,0.6052648482600304,0.013597365508190568
USDCLP,66,3m,117,182,2025-07-16,2025-10-15,0.9983758565234512,0.0010866015815232525,4.6294914857652607e-4,0.9994624581049745,0.999925407253551,1,1,0.5847749662323243,0.07835963783141589
USDCLP,66,3m,118,183,2025-07-17,2025-10-16,0.9983935196642827,0.0011175312370929143,4.184572893210148e-4,0.9995110509013756,0.9999295081906966,1,1,0.5703230906982866,0.07783006366580693
USDCLP,66,3m,119,184,2025-07-18,2025-10-17,0.9984477901187594,0.001108613177189342,3.7615860925220074e-4,0.9995564032959487,0.999932561905201,1,1,0.5637059427764071,0.049499758047524475
USDCLP,66,3m,120,185,2025-07-21,2025-10-20,0.998545929686969,0.0010517264514588209,3.403651166874667e-4,0.9995976561384278,0.9999380212551152,1,1,0.5687216852353663,0.03784039194120106
USDCLP,66,3m,121,186,2025-07-22,2025-10-21,0.9986218346625084,0.0010236319265281648,2.973461373238893e-4,0.9996454665890366,0.9999428127263605,1,1,0.5557160678482669,0.025780810001018246
USDCLP,66,3m,122,187,2025-07-23,2025-10-22,0.9986603427170803,0.0010162818281987847,2.7014517060035937e-4,0.9996766245452791,0.9999467697158794,1,1,0.5430763672000632,0.019904266279770433
USDCLP,66,3m,123,188,2025-07-24,2025-10-23,0.9986845254283074,0.0010093575224540447,2.5265734655064765e-4,0.9996938829507614,0.9999465402973121,1,1,0.5077023218122988,0.043752589553904576
USDCLP,66,3m,124,189,2025-07-25,2025-10-24,0.9986486388059607,0.0010435238110508165,2.5358398344493127e-4,0.9996921626170114,0.9999457466004563,1,1,0.47120652591123646,0.045799703314130885
USDCLP,66,3m,125,190,2025-07-28,2025-10-27,0.998658280818705,0.0010441914171793827,2.4534063788719346e-4,0.9997024722358844,0.9999478128737715,1,1,0.4557269621147236,0.021346723821698305
USDCLP,66,3m,126,191,2025-07-29,2025-10-28,0.9986264187277539,0.0010740252043593315,2.4640149218965794e-4,0.9997004439321132,0.9999468454243029,1,1,0.4240594914948503,0.04105907207640292
USDCLP,66,3m,127,192,2025-07-30,2025-10-29,0.9985734359282689,0.0011188503769515511,2.547161027909468e-4,0.9996922863052204,0.9999470024080114,1,1,0.4034422962138068,0.03370298328759379
USDCLP,66,3m,128,193,2025-07-31,2025-10-30,0.998579270003081,0.0011153710610006958,2.5220599773591795e-4,0.9996946410640817,0.9999468470618176,1,1,0.39693389532846235,0.012302423363856622
USDCLP,66,3m,129,194,2025-08-01,2025-10-31,0.9985561438915327,0.0011359561812907372,2.557859126547857e-4,0.9996921000728234,0.9999478859854781,1,1,0.3867297783783044,0.01871004438637737
USDCLP,66,3m,130,195,2025-08-04,2025-11-03,0.9984400244110743,0.0012143274190874647,2.9160201867022294e-4,0.9996543518301617,0.9999459538488319,1,1,0.33802879739093994,0.07993965712982579
USDCLP,66,3m,131,196,2025-08-05,2025-11-04,0.9982468670875346,0.0013338276388183297,3.6585394723192595e-4,0.9995806947263529,0.9999465486735848,1,1,0.30951572593730764,0.07399686017811295
USDCLP,66,3m,132,197,2025-08-06,2025-11-05,0.9980199417327862,0.0014878921480401556,4.4272062224362286e-4,0.9995078338808263,0.9999505545030699,1,1,0.3018375744010644,0.030963352751265327
USDCLP,66,3m,133,198,2025-08-07,2025-11-06,0.9977730370934835,0.0016690049611535807,5.114800353090616e-4,0.9994420420546372,0.9999535220899463,1,1,0.3044019926859054,0.014387136702752799
USDCLP,66,3m,134,199,2025-08-08,2025-11-07,0.9974954969662301,0.0018791653182389048,5.78115267847426e-4,0.999374662284469,0.9999527775523165,1,1,0.30686890331246386,0.00800612457036116
USDCLP,66,3m,135,200,2025-08-11,2025-11-10,0.9967922550396082,0.002528658562520213,6.283854782470201e-4,0.9993209136021284,0.9999492990803754,1,1,0.29980758340364977,0.07938529854375581
USDCLP,66,3m,136,201,2025-08-12,2025-11-11,0.9962882442879397,0.003070887587979579,5.935476959362016e-4,0.9993591318759193,0.9999526795718555,1,1,0.30287051016489236,0.03888951220366984
USDCLP,66,3m,137,202,2025-08-13,2025-11-12,0.9955663698506902,0.0038656935392098924,5.258803708025025e-4,0.9994320633899001,0.9999579437607026,1,1,0.3084412693065471,0.01988623104683769
USDCLP,66,3m,138,203,2025-08-14,2025-11-13,0.9954225973189142,0.00406277263363127,4.751718755998295e-4,0.9994853699525456,0.9999605418281454,1,1,0.3102945939054076,0.015193411593084538
USDCLP,66,3m,139,204,2025-08-15,2025-11-14,0.9957490316925552,0.003734386961874497,4.487082718962324e-4,0.9994834186544297,0.9999321269263259,1,1,0.38740091345511996,0.11931106866049127
USDCLP,66,3m,140,205,2025-08-18,2025-11-17,0.9957427902483772,0.003756544832800366,4.266439805974262e-4,0.9994993350811776,0.999925979061775,1,1,0.3739717721389676,0.024816838984902525
USDCLP,66,3m,141,206,2025-08-19,2025-11-18,0.9956438031773078,0.003780917988291928,4.994850558430849e-4,0.9994247211655998,0.9999242062214428,1,1,0.3434464309439473,0.05367941939910507
USDCLP,66,3m,142,207,2025-08-20,2025-11-19,0.9955525745593895,0.0037966867139499565,5.744128491512242e-4,0.9993492612733395,0.9999236741224907,1,1,0.3283014129255426,0.03904627323539461
USDCLP,66,3m,143,208,2025-08-21,2025-11-20,0.9954927843516914,0.0037744885527449135,6.559041182428314e-4,0.9992672729044363,0.9999231770226791,1,1,0.3313808365365074,0.0253275795899217
USDCLP,66,3m,144,209,2025-08-22,2025-11-21,0.9954560292712012,0.0037474543932795356,7.193267478950249e-4,0.9992034836644808,0.9999228104123757,1,1,0.332197967583113,0.01645099324232606
USDCLP,66,3m,145,210,2025-08-25,2025-11-24,0.9953801467208377,0.0037661247729965292,7.748168745198878e-4,0.9991462714938343,0.9999210883683541,1,1,0.3244703404344979,0.018555952857489302
USDCLP,66,3m,146,211,2025-08-26,2025-11-25,0.9953250869579853,0.0037600016553571863,8.344270436072508e-4,0.9990850886133424,0.9999195156569497,1,1,0.3170790899771337,0.022733595086141794
USDCLP,66,3m,147,212,2025-08-27,2025-11-26,0.9952858652599093,0.003735900707390171,8.951162364829556e-4,0.9990217659672994,0.9999168822037824,1,1,0.30664949804757785,0.027758818086027714
USDCLP,66,3m,148,213,2025-08-28,2025-11-27,0.9952411858237992,0.0037184274213409624,9.570169717001551e-4,0.9989596132451402,0.9999166302168403,1,1,0.30802915940126346,0.015603003554338532
USDCLP,66,3m,149,214,2025-08-29,2025-11-28,0.9952491651207164,0.0036703282295044103,9.90189181234196e-4,0.9989194933502208,0.999909682531455,1,1,0.28473268340988606,0.03369237939045895
USDCLP,66,3m,150,215,2025-09-01,2025-12-01,0.9952459190198775,0.003636175354395918,0.001025332053470966,0.9988820943742733,0.9999074264277443,1,1,0.27417446579465504,0.017815373790611905
USDCLP,66,3m,151,216,2025-09-02,2025-12-02,0.9952587598989542,0.00359243211655068,0.0010514882307367578,0.9988511920155049,0.9999026802462416,1,1,0.25861852172026845,0.029929713437738762
USDCLP,66,3m,152,217,2025-09-03,2025-12-03,0.9953147564252082,0.0035208968861842297,0.0010645510470962533,0.9988356533113923,0.9999002043584886,1,1,0.2502219929161231,0.017586589855292448
USDCLP,66,3m,153,218,2025-09-04,2025-12-04,0.9953749763046561,0.003463106563719333,0.0010507992244832285,0.9988380828683754,0.9998888820928586,1,1,0.2384670355205053,0.028677818281303145
USDCLP,66,3m,154,219,2025-09-05,2025-12-05,0.9954598886835719,0.003388347999719086,0.00103079965646572,0.998848236683291,0.9998790363397567,1,1,0.22983057686100838,0.028926486369207867
USDCLP,66,3m,155,220,2025-09-08,2025-12-08,0.9956027635100442,0.003291957617317943,9.853554769367636e-4,0.9988947211273621,0.9998800766042989,1,1,0.2323131863924497,0.014642791535228097
USDCLP,66,3m,156,221,2025-09-09,2025-12-09,0.9957754834119279,0.0031710420611209583,9.354059044143549e-4,0.9989465254730489,0.9998819313774632,1,1,0.23492822920076467,0.020559098976194755
USDCLP,66,3m,157,222,2025-09-10,2025-12-10,0.995995649273591,0.0030302653734687406,8.610743329562232e-4,0.9990259146470597,0.9998869889800159,1,1,0.24366234614250992,0.021391774551036656
USDCLP,66,3m,158,223,2025-09-11,2025-12-11,0.9961414538716922,0.002948621272046103,8.003720791125194e-4,0.9990900751437383,0.9998904472228508,1,1,0.2551579212539919,0.02677044734694852
USDCLP,66,3m,159,224,2025-09-12,2025-12-12,0.9962423903689946,0.0028776591467381614,7.728689116740415e-4,0.9991200495157329,0.9998929184274069,1,1,0.2606531450852331,0.013104618138402302
USDCLP,66,3m,160,225,2025-09-15,2025-12-15,0.9963012631919792,0.002828649946101821,7.644271406668162e-4,0.999129913138081,0.9998943402787478,1,1,0.2663241103158797,0.011817711279809002
USDCLP,66,3m,161,226,2025-09-16,2025-12-16,0.9963743863301797,0.002768169128217158,7.524534472839813e-4,0.9991425554583969,0.999895008905681,1,1,0.2689293986879609,0.0064181366199166975
USDCLP,66,3m,162,227,2025-09-17,2025-12-17,0.996369823848489,0.002763235642624866,7.614007612737221e-4,0.9991330594911139,0.9998944602523876,1,1,0.2717009474767618,0.010896673385372766
USDCLP,66,3m,163,228,2025-09-18,2025-12-18,0.9963406737515087,0.0027634317314806163,7.886156330349124e-4,0.9991041054829893,0.9998927211160242,1,1,0.27829963013540826,0.01947242769429905
USDCLP,66,3m,164,229,2025-09-19,2025-12-19,0.9963073409807575,0.002775924741274637,8.083615544781105e-4,0.9990832657220321,0.9998916272765103,1,1,0.2844111421523352,0.015319675389559115
USDCLP,66,3m,165,230,2025-09-22,2025-12-22,0.9962715592395,0.0027986496542842664,8.214318177160174e-4,0.9990702088937842,0.9998916407115002,1,1,0.29077671446516407,0.014703544414233207
USDCLP,66,3m,166,231,2025-09-23,2025-12-23,0.9962429436225393,0.0028269221261532076,8.217576384573911e-4,0.9990698657486925,0.9998916233871499,1,1,0.29431134220588856,0.009952990701048211
USDCLP,66,3m,167,232,2025-09-24,2025-12-24,0.9962020516129548,0.0028629659387501808,8.288504414233791e-4,0.999065017551705,0.9998938679931283,1,1,0.3009647740009857,0.014585642784727935
USDCLP,66,3m,168,233,2025-09-25,2025-12-25,0.9961599440327117,0.0028949372564510472,8.406000868698768e-4,0.9990548812891628,0.9998954813760327,1,1,0.30590135240179017,0.009988038567000352
USDCLP,66,3m,169,234,2025-09-26,2025-12-26,0.9961483242847436,0.00291832994165439,8.289347069785441e-4,0.9990666542263981,0.9998955889333766,1,1,0.3114834367172188,0.010470223859923763
USDCLP,66,3m,170,235,2025-09-29,2025-12-29,0.9962069965764924,0.002900720395599519,7.87836746819057e-4,0.9991077169720919,0.9998955537189109,1,1,0.3101030990218337,0.009259876914227576
USDCLP,66,3m,171,236,2025-09-30,2025-12-30,0.9961997359258545,0.0029237818680813727,7.731069489787081e-4,0.9991235177939359,0.9998966247429146,1,1,0.31751810307431566,0.013329892597712936
USDCLP,66,3m,172,237,2025-10-01,2025-12-31,0.9962420658289728,0.002917300211257546,7.373108607006259e-4,0.9991593660402304,0.999896676900931,1,1,0.32127967778161776,0.007863132450737198
USDCLP,66,3m,173,238,2025-10-02,2026-01-01,0.9962919558841102,0.0029057930033703763,6.988173784522565e-4,0.9991977488874806,0.9998965662659328,1,1,0.3259053681861875,0.009738839349242275
USDCLP,66,3m,174,239,2025-10-03,2026-01-02,0.9963644811479028,0.0028896992170205746,6.425645727984085e-4,0.9992541803649233,0.9998967449377217,1,1,0.32759992875590427,0.006908201897044414
USDCLP,66,3m,175,240,2025-10-06,2026-01-05,0.9964405612620686,0.0028803544752862525,5.759796286098422e-4,0.9993209157373548,0.9998968953659647,1,1,0.33285855270138165,0.010202068889776561
USDCLP,66,3m,176,241,2025-10-07,2026-01-06,0.9965253384952555,0.002861773271626342,5.098431793625607e-4,0.9993871117668818,0.9998969549462443,1,1,0.3388319841269989,0.012943868323432643
USDCLP,66,3m,177,242,2025-10-08,2026-01-07,0.9966141796558482,0.0028331320404964225,4.4981110397287284e-4,0.9994473116963446,0.9998971228003175,1,1,0.3552952134498367,0.026446861036477653
USDCLP,66,3m,178,243,2025-10-09,2026-01-08,0.9967086489681876,0.0028079313239739254,3.8095092048323934e-4,0.9995165802921615,0.9998975312126448,1,1,0.3653457425131534,0.02282080378795759
USDCLP,66,3m,179,244,2025-10-10,2026-01-09,0.9967959791796009,0.0027888492634686036,3.1302168057645833e-4,0.9995848284430695,0.999897850123646,1,1,0.3791266431665406,0.029796694252371216
USDCLP,66,3m,180,245,2025-10-13,2026-01-12,0.9968429195539257,0.002815954699245116,2.3887431846321473e-4,0.9996588742531708,0.999897748571634,1,1,0.407942760749004,0.04348442275341732
USDCLP,66,3m,181,246,2025-10-14,2026-01-13,0.9968189581550665,0.002880447216966767,1.9865088494612693e-4,0.9996994053720333,0.9998980562569794,1,1,0.4378780562037113,0.07264157083165991
USDCLP,66,3m,182,247,2025-10-15,2026-01-14,0.9968118388778335,0.002943078495384972,1.4619275099157433e-4,0.9997549173732185,0.9999011101242101,1,1,0.5880318961654134,0.1762488570066677
USDCLP,66,3m,183,248,2025-10-16,2026-01-15,0.996693009245736,0.0030699059793541437,1.3960554779987992e-4,0.9997629152250902,0.9999025207728901,1,1,0.6578807933147602,0.09680040704330833
USDCLP,66,3m,184,249,2025-10-17,2026-01-16,0.9965272178474932,0.0032221958311979795,1.4850157666870288e-4,0.9997494136786912,0.9998979152553599,1,1,0.6702098766128618,0.028811918288673456
USDCLP,66,3m,185,250,2025-10-20,2026-01-19,0.9963182981375401,0.003418450110761752,1.548283108403162e-4,0.9997367482483019,0.9998915765591423,1,1,0.6756209392382369,0.012145548089605194
USDCLP,66,3m,186,251,2025-10-21,2026-01-20,0.9960249564080565,0.003693383210832722,1.6392091995275e-4,0.9997183396188892,0.999882260538842,1,1,0.6739470787456283,0.010873051852385174
USDCLP,66,3m,187,252,2025-10-22,2026-01-21,0.9957512546347029,0.003948437345059233,1.7284773512020847e-4,0.9996996919797622,0.9998725397148823,1,1,0.6782055908213614,0.014043103239929647
USDCLP,66,3m,188,253,2025-10-23,2026-01-22,0.9955004286936255,0.004179362385595665,1.8276144472295552e-4,0.9996797910792212,0.9998625525239442,1,1,0.6885338931101277,0.020982376578058844
USDCLP,66,3m,189,254,2025-10-24,2026-01-23,0.995258565478451,0.004399170336291027,1.9396288747070383e-4,0.999657735814742,0.9998516987022128,1,1,0.67950623851745,0.014163413268773063
USDCLP,66,3m,190,255,2025-10-27,2026-01-26,0.9951250923901248,0.004506676076603809,2.0920630731626532e-4,0.9996317684667286,0.9998409747740449,1,1,0.6688859951539607,0.01759356057117992
USDCLP,66,3m,191,256,2025-10-28,2026-01-27,0.9948538025824206,0.004742127986164004,2.2877896268867114e-4,0.9995959305685846,0.9998247095312733,1,1,0.6507235165137845,0.023908545525470913
USDCLP,66,3m,192,257,2025-10-29,2026-01-28,0.9947487625413196,0.00480725756786262,2.4760002089220187e-4,0.9995560201091822,0.9998036201300744,1,1,0.6261204493546508,0.05436087580375181
USDCLP,66,3m,193,258,2025-10-30,2026-01-29,0.9947809074417522,0.004733264302167501,2.7371525367572957e-4,0.9995141717439197,0.9997878869975954,1,1,0.615677340426004,0.020377565188086342
USDCLP,66,3m,194,259,2025-10-31,2026-01-30,0.9947165252395785,0.004763103752952801,2.84883087697719e-4,0.9994796289925313,0.999764512080229,1,1,0.6204258160102032,0.009886335660563928
USDCLP,66,3m,195,260,2025-11-03,2026-02-02,0.9947359398936095,0.004671265260645354,3.2410101895251835e-4,0.9994072051542549,0.9997313061732074,1,1,0.5319702813388287,0.24976537335748505
USDCLP,66,3m,196,261,2025-11-04,2026-02-03,0.9950023721621716,0.00438513426061417,3.3398622263801266e-4,0.9993875064227857,0.9997214926454238,1,1,0.5484057592404145,0.3171058182866206
USDCLP,66,3m,197,262,2025-11-05,2026-02-04,0.9954115735629125,0.003972194744022234,3.335177388626156e-4,0.9993837683069348,0.9997172860457973,1,1,0.578424494443588,0.08715011722500839
USDCLP,66,3m,198,263,2025-11-06,2026-02-05,0.9959067771639719,0.0034461461841867286,3.5435903695282383e-4,0.9993529233481586,0.9997072823851114,1,1,0.6662953248446869,0.18245118739610655
USDCLP,66,3m,199,264,2025-11-07,2026-02-06,0.9965263210827677,0.0028181118198732213,3.5363262740245084e-4,0.999344432902641,0.9996980655300434,1,1,0.7256483913596654,0.0946558526621743
USDCLP,66,3m,200,265,2025-11-10,2026-02-09,0.997249476688856,0.002102065942077226,0.00034354221817643667,0.9993515426309332,0.9996950848491096,1,1,0.8353891711725432,0.1683020741964021
USDCLP,66,3m,201,266,2025-11-11,2026-02-10,0.9971442566776332,0.0021722176521750997,3.634082051907892e-4,0.9993164743298083,0.9996798825349991,1,1,0.8748761902417016,0.058456244399379936
USDCLP,66,3m,202,267,2025-11-12,2026-02-11,0.9969356062168246,0.002313996543143639,4.0262996853241204e-4,0.9992496027599683,0.9996522327285008,1,1,0.9239784709645081,0.07876549862602746
USDCLP,66,3m,203,268,2025-11-13,2026-02-12,0.99691821318713425,0.0022006852889914,5.004416531295315e-4,0.9991188984761257,0.9996193401292552,1,1,0.9542529358090975,0.1501930547036469
USDCLP,66,3m,204,269,2025-11-14,2026-02-13,0.9971905858945209,0.0018311443536924662,5.227217888054604e-4,0.9990217302482134,0.9995444520370188,1,1,0.7802396436833936,0.29500972354061633
USDCLP,66,3m,205,270,2025-11-17,2026-02-16,0.9955370929723705,0.0029976822681588183,8.750798960512709e-4,0.9985347752405292,0.9994098551365805,1,1,0.8078011841067158,0.07829149448966091
USDCLP,66,3m,206,271,2025-11-18,2026-02-17,0.9961195043492783,0.0027896992040840054,4.3149794524214257e-4,0.9989092035533623,0.9993407014986044,1,1,0.6749456921848185,0.5911477657686985
USDCLP,66,3m,207,272,2025-11-19,2026-02-18,0.9961802146887497,0.0027308026510568053,4.290643547214733e-4,0.9989110173398066,0.999340081694528,1,1,0.7368655411663468,0.17162249398958193
USDCLP,66,3m,208,273,2025-11-20,2026-02-19,0.9961556557359693,0.0027507905637854935,4.350126644845102e-4,0.9989064462997548,0.9993414589642393,1,1,0.773200600874673,0.07644342681123846
USDCLP,66,3m,209,274,2025-11-21,2026-02-20,0.9961724973286206,0.0027418623858871507,4.3959224535693707e-4,0.9989143597145077,0.9993539519598647,1,1,0.7862400005478171,0.13779153837369965
USDCLP,66,3m,210,275,2025-11-24,2026-02-23,0.996198738135658,0.0027155116463348653,4.4192901992526806e-4,0.9989142497819928,0.9993561788019181,1,1,0.828857716278617,0.16214682731181848
USDCLP,66,3m,211,276,2025-11-25,2026-02-24,0.9963280700551875,0.002577210272635509,4.495249621688163e-4,0.998905280327823,0.9993548052899918,1,1,0.940322580140633,0.33382184252268593
USDCLP,66,3m,212,277,2025-11-26,2026-02-25,0.9963334265577812,0.002568137493816499,4.5739468886995003e-4,0.9989015640515977,0.9993589587404677,1,1,1.010787267510393,0.19107049777315288
USDCLP,66,3m,213,278,2025-11-27,2026-02-26,0.9964316606000589,0.00246757794173847,4.5026221654816524e-4,0.9988992385417974,0.9993495007583456,1,1,1.057038073076901,0.16682821871900302
USDCLP,66,3m,214,279,2025-11-28,2026-02-27,0.9964326365132143,0.0024747762133404435,4.671595007697636e-4,0.9989074127265548,0.9993745722273246,1,1,1.2809131997002123,0.5016353795961592
USDCLP,66,3m,215,280,2025-12-01,2026-03-02,0.9964129713296394,0.0024692055446232353,5.102937606644581e-4,0.9988821768742626,0.9993924706349271,1,1,1.2696826854081282,0.057187723766405324
USDCLP,66,3m,216,281,2025-12-02,2026-03-03,0.9963469761705226,0.002437797662728845,6.155137726964276e-4,0.9987847738332515,0.9994002876059479,1,1,1.2212382690413428,0.1427878685368462
USDCLP,66,3m,217,282,2025-12-03,2026-03-04,0.9962677229889858,0.0023776942930517687,7.579185467792655e-4,0.9986454172820376,0.9994033358288169,1,1,1.2543840271289353,0.27005576741939963
USDCLP,66,3m,218,283,2025-12-04,2026-03-05,0.996202517150654,0.0023431758501373696,8.563276949735356e-4,0.9985456930007913,0.9994020206957649,1,1,1.1462754025035442,0.23558480544616847
USDCLP,66,3m,219,284,2025-12-05,2026-03-06,0.9966270956414136,0.00201090303625545,8.825741458799518e-4,0.998637998677669,0.999520572823549,1,1,1.0503395111160376,0.17474507208549891
USDCLP,66,3m,220,285,2025-12-08,2026-03-09,0.9967118101163179,0.0020303808600214833,8.725744490799052e-4,0.9987421909763394,0.9996147654254194,1,1,0.9993927049974983,0.10408827958718671
USDCLP,66,3m,221,286,2025-12-09,2026-03-10,0.9963866877751356,0.0023614144630140096,8.538601366240347e-4,0.9987481022381496,0.9996019623747736,1,1,0.9663814897598294,0.08340884423109735
USDCLP,66,3m,222,287,2025-12-10,2026-03-11,0.9965980350560308,0.002224409915483956,8.049260912473393e-4,0.9988224449715148,0.9996273710627622,1,1,0.9482003415687926,0.038285315648727586
USDCLP,66,3m,223,288,2025-12-11,2026-03-12,0.9971420634148578,0.0017971479305352268,7.204252758488856e-4,0.998939211345393,0.9996596366212419,1,1,0.9261772423898368,0.047933515910408786
USDCLP,66,3m,224,289,2025-12-12,2026-03-13,0.9975438243888151,0.0014955182091261154,6.49320974485506e-4,0.9990393425979411,0.9996886635724267,1,1,0.8998533810664693,0.055663737177145234
USDCLP,66,3m,225,290,2025-12-15,2026-03-16,0.9977771721586834,0.001236221573842225,6.856150459156058e-4,0.9990133937325256,0.9996990087784412,1,1,0.8418778925116069,0.08980796512577802
USDCLP,66,3m,226,291,2025-12-16,2026-03-17,0.9977689226574984,0.0011512767451791034,7.781643812206785e-4,0.9989201994026775,0.9996983637838982,1,1,0.7728890467860574,0.10429034852108501
USDCLP,66,3m,227,292,2025-12-17,2026-03-18,0.9979518379294704,9.77921638378679e-4,7.859060373179304e-4,0.9989297595678491,0.9997156656051671,1,1,0.7334501548036668,0.06650436562455801
USDCLP,66,3m,228,293,2025-12-18,2026-03-19,0.9980046027645302,9.215253137391526e-4,8.025540343162584e-4,0.9989261280782693,0.9997286821125856,1,1,0.6966889805171534,0.0533986526092974
USDCLP,66,3m,229,294,2025-12-19,2026-03-20,0.9978728332855183,0.0010259384650636045,8.337259037545625e-4,0.998898771750582,0.9997324976543365,1,1,0.6585602457844081,0.06330582447296529
USDCLP,66,3m,230,295,2025-12-22,2026-03-23,0.9975877328916704,0.0012968752776393727,8.402671675666087e-4,0.9988846081693097,0.9997248753368763,1,1,0.6213355660772303,0.05930709279082569
USDCLP,66,3m,231,296,2025-12-23,2026-03-24,0.9972583177114345,0.0015944027331029362,8.572331192971547e-4,0.9988527204445374,0.9997099535638346,1,1,0.5923668894766085,0.051244292802722635
USDCLP,66,3m,232,297,2025-12-24,2026-03-25,0.9969046445332629,0.001901663329375737,8.917464713713198e-4,0.9988063078626386,0.9996980543340099,1,1,0.5579587503409942,0.05003943489323309
USDCLP,66,3m,233,298,2025-12-25,2026-03-26,0.9967021458103374,0.001942251628259771,9.959765066648938e-4,0.9986443974385972,0.9996403739452622,1,1,0.5207119370784288,0.16145837469664198
USDCLP,66,3m,234,299,2025-12-26,2026-03-27,0.9965788172514036,0.002044104871096974,0.0010102714072312362,0.9986229221225006,0.9996331935297318,1,1,0.4934497520094424,0.06272743416000358
USDCLP,88,4m,1,88,2025-02-04,2025-06-05,0.9905031635957631,0.00794925876276504,0.0011418706690672165,0.9984524223585282,0.9995942930275954,1,1,0.9884449423740183,NA
USDCLP,88,4m,2,89,2025-02-05,2025-06-06,0.9905786867362598,0.007872157605093093,0.0011389269200905354,0.9984508443413529,0.9995897712614434,1,1,0.9869842063887048,0.004462553836913252
USDCLP,88,4m,3,90,2025-02-06,2025-06-09,0.9906350742053776,0.007818513395372468,0.001130667002285663,0.99845358760075,0.9995842546030357,1,1,0.979365220105731,0.01342573107321021
USDCLP,88,4m,4,91,2025-02-07,2025-06-10,0.9906783366688647,0.0077725631135813714,0.0011335650198193666,0.998450899782446,0.9995844648022654,1,1,0.9714693064007835,0.012983469453124263
USDCLP,88,4m,5,92,2025-02-10,2025-06-11,0.9907698039726303,0.007678989983889098,0.001134270468279231,0.9984487939565193,0.9995830644247985,1,1,0.967601337293926,0.007244853858813168
USDCLP,88,4m,6,93,2025-02-11,2025-06-12,0.9908430404399542,0.007592773971535985,0.0011333463204086702,0.9984358144114902,0.9995691607318988,1,1,0.9693677555102774,0.00741264986875571
USDCLP,88,4m,7,94,2025-02-12,2025-06-13,0.9909195173323114,0.00750340395357151,0.0011331973433299876,0.998422921285883,0.9995561186292129,1,1,0.9708801537882731,0.006777787058896546
USDCLP,88,4m,8,95,2025-02-13,2025-06-16,0.9910606774714806,0.007355493570658603,0.0011340962009329942,0.9984161710421392,0.9995502672430722,1,1,0.96422768452503,0.011455774393084988
USDCLP,88,4m,9,96,2025-02-14,2025-06-17,0.9913485310070396,0.007093754697419247,0.0011104080773118074,0.9984422857044588,0.9995526937817706,1,1,0.9635999455321141,0.005385345059009851
USDCLP,88,4m,10,97,2025-02-17,2025-06-18,0.9916039009740621,0.006837895892464499,0.0011044834446293412,0.9984417968665267,0.999546280311156,1,1,0.9638356307353444,0.007522558622303255
USDCLP,88,4m,11,98,2025-02-18,2025-06-19,0.9917805963333362,0.0066671996909686325,0.0011017343268140544,0.9984477960243048,0.9995495303511188,1,1,0.9640694236159314,0.011120308008561066
USDCLP,88,4m,12,99,2025-02-19,2025-06-20,0.9918130605249778,0.006609295305230314,0.001115365745803556,0.9984223558302081,0.9995377215760116,1,1,0.9576683084223969,0.009472213816265902
USDCLP,88,4m,13,100,2025-02-20,2025-06-23,0.9918828144924429,0.0065173850682013045,0.001130630941434834,0.9984001995606442,0.999530830502079,1,1,0.9513848366241432,0.009818877994148998
USDCLP,88,4m,14,101,2025-02-21,2025-06-24,0.9918706267763905,0.006490922810769967,0.0011611815458719378,0.9983615495871605,0.9995227311330325,1,1,0.9363254395870326,0.023287502321341556
USDCLP,88,4m,15,102,2025-02-24,2025-06-25,0.9920658074782218,0.006277046006440637,0.0011649432440303405,0.9983428534846625,0.9995077967286928,1,1,0.935962432390266,0.009095834591717096
USDCLP,88,4m,16,103,2025-02-25,2025-06-26,0.9920905310272485,0.0062312354439275405,0.0011707223159925944,0.9983217664711761,0.9994924887871687,1,1,0.9314435054416543,0.013059740885539855
USDCLP,88,4m,17,104,2025-02-26,2025-06-27,0.9921225601846289,0.006176021133062568,0.0011813130905354516,0.9982985813176914,0.9994798944082269,1,1,0.92658051160977,0.01556901430042963
USDCLP,88,4m,18,105,2025-02-27,2025-06-30,0.9920255093743623,0.006246045244458328,0.0011989427950432144,0.9982715546188207,0.9994704974138638,1,1,0.9169536719272668,0.022372981763964843
USDCLP,88,4m,19,106,2025-02-28,2025-07-01,0.9920552412027301,0.006213635249410636,0.001190618563859356,0.9982688764521408,0.9994594950160002,1,1,0.9154681353982904,0.008089103112362933
USDCLP,88,4m,20,107,2025-03-03,2025-07-02,0.992128479900271,0.006217914630967306,0.0011056293747320394,0.9983463945312383,0.9994520239059703,1,1,0.8956007495104709,0.04929917335057758
USDCLP,88,4m,21,108,2025-03-04,2025-07-03,0.9921374192611091,0.006201835786467996,0.0010990579814226726,0.9983392550475771,0.9994383130289998,1,1,0.8961058383792279,0.00755761199105004
USDCLP,88,4m,22,109,2025-03-05,2025-07-04,0.9921927854951139,0.006128287228876525,0.0011007644983018318,0.9983210727239904,0.9994218372222923,1,1,0.915685981896191,0.03277143099668624
USDCLP,88,4m,23,110,2025-03-06,2025-07-07,0.9923041746551458,0.006003285752111178,0.001097068618541166,0.9983074604072569,0.9994045290257981,1,1,0.9325753465305118,0.02954133864803023
USDCLP,88,4m,24,111,2025-03-07,2025-07-08,0.99238181007083,0.005929406694257632,0.0010835862926186412,0.9983112167650877,0.9993948030577063,1,1,0.935115589744256,0.011039062123897445
USDCLP,88,4m,25,112,2025-03-10,2025-07-09,0.9924452641295658,0.005962304862721469,9.85226883410759e-4,0.9984075689922872,0.999392795875698,1,1,0.9155639185090378,0.052503033081997316
USDCLP,88,4m,26,113,2025-03-11,2025-07-10,0.992553917231605,0.0058652150573612425,9.676716258210085e-4,0.9984191322889663,0.9993868039147873,1,1,0.9202143858899231,0.010519455574176384
USDCLP,88,4m,27,114,2025-03-12,2025-07-11,0.9926196903790222,0.005787931897184215,9.692980293414337e-4,0.9984076222762064,0.9993769203055478,1,1,0.9192605990832231,0.005742334857028597
USDCLP,88,4m,28,115,2025-03-13,2025-07-14,0.9926715552970944,0.00571436073873762,9.881209981548909e-4,0.998385916035832,0.999374037033987,1,1,0.9096235995812918,0.019581263716446747
USDCLP,88,4m,29,116,2025-03-14,2025-07-15,0.9926471036570013,0.005714252479084794,0.0010118184045607318,0.998361356136086,0.9993731745406468,1,1,0.8973194916916187,0.024045305061142892
USDCLP,88,4m,30,117,2025-03-17,2025-07-16,0.9927458327287522,0.005612709888193315,0.0010169330719215733,0.9983585426169455,0.999375475688867,1,1,0.8957253339470383,0.015196792325477911
USDCLP,88,4m,31,118,2025-03-18,2025-07-17,0.9928137180101836,0.005552055987896122,0.0010106761460507113,0.9983657739980797,0.9993764501441303,1,1,0.897385283326252,0.011725443710064322
USDCLP,88,4m,32,119,2025-03-19,2025-07-18,0.9928494361794308,0.005539674638528812,9.908879361077041e-4,0.9983891108179596,0.9993799987540672,1,1,0.9025125692073123,0.014619485371853182
USDCLP,88,4m,33,120,2025-03-20,2025-07-21,0.9928152246131065,0.005584440218950563,9.80079271525092e-4,0.998399664832057,0.9993797441035821,1,1,0.9087020433338155,0.01781897540238135
USDCLP,88,4m,34,121,2025-03-21,2025-07-22,0.9928577144891981,0.005569959677311244,9.522529690268401e-4,0.9984276741665093,0.9993799271355361,1,1,0.9201272582457662,0.02158630867156662
USDCLP,88,4m,35,122,2025-03-24,2025-07-23,0.9928239340414482,0.005679958970856728,8.811253294449664e-4,0.9985038930123049,0.9993850183417499,1,1,0.9289337224286772,0.024412511119878303
USDCLP,88,4m,36,123,2025-03-25,2025-07-24,0.9928610932416302,0.005695577543155684,8.346747753199802e-4,0.9985566707847858,0.9993913455601058,1,1,0.9357193830993217,0.03198503822480301
USDCLP,88,4m,37,124,2025-03-26,2025-07-25,0.9929393502733869,0.005680171553392714,7.884685014915153e-4,0.9986195218267796,0.9994079903282711,1,1,0.9448032378226625,0.028566502746287383
USDCLP,88,4m,38,125,2025-03-27,2025-07-28,0.9929646327553617,0.00572176150395046,7.165406411451313e-4,0.9986863942593122,0.9994029349004573,1,1,0.9629204797216302,0.03769414277008176
USDCLP,88,4m,39,126,2025-03-28,2025-07-29,0.9930122258953623,0.005756516927482435,6.386884462118606e-4,0.9987687428228448,0.9994074312690566,1,1,1.0063758325857386,0.0764213278053729
USDCLP,88,4m,40,127,2025-03-31,2025-07-30,0.9931834380210889,0.005640271819445628,5.96149098754483e-4,0.9988237098405345,0.999419858939289,1,1,1.1045997889693575,0.17152046452893474
USDCLP,88,4m,41,128,2025-04-01,2025-07-31,0.9931409071928504,0.005708561303152069,5.871288625068205e-4,0.9988494684960025,0.9994365973585093,1,1,1.1617430586414432,0.11682449094101889
USDCLP,88,4m,42,129,2025-04-02,2025-08-01,0.9930178073870056,0.005858512597949086,5.809227981755766e-4,0.9988763199849547,0.9994572427831303,1,1,1.1980699097478584,0.073189061977439
USDCLP,88,4m,43,130,2025-04-03,2025-08-04,0.9929443685057968,0.005948079932059507,5.812872826019464e-4,0.9988924484378563,0.9994737357204583,1,1,1.2177575654177983,0.04508413044768658
USDCLP,88,4m,44,131,2025-04-04,2025-08-05,0.9928354145554824,0.006072870323203356,5.822204591030358e-4,0.9989082848786858,0.9994905053377888,1,1,1.2399472579970974,0.05097285476736412
USDCLP,88,4m,45,132,2025-04-07,2025-08-06,0.992768800661702,0.006150213803433406,5.913457696675634e-4,0.9989190144651354,0.999510360234803,1,1,1.229600453485686,0.026415656258647495
USDCLP,88,4m,46,133,2025-04-08,2025-08-07,0.9926931570472048,0.006230460887212632,6.063981766696086e-4,0.9989236179344175,0.9995300161110872,1,1,1.173675018212957,0.12559801637084697
USDCLP,88,4m,47,134,2025-04-09,2025-08-08,0.9925522245189904,0.006381216527953523,6.223808441115828e-4,0.9989334410469439,0.9995558218910555,1,1,1.116836942907146,0.12023296843583059
USDCLP,88,4m,48,135,2025-04-10,2025-08-11,0.9918578023096035,0.007003163695382845,6.673061814830508e-4,0.9988609660049864,0.9995282721864694,1,1,1.0799130859456063,0.07603738564182658
USDCLP,88,4m,49,136,2025-04-11,2025-08-12,0.9912211789862654,0.007581977357382855,7.049208854713651e-4,0.9988031563436482,0.9995080772291196,1,1,1.0445714539774928,0.07292590263173948
USDCLP,88,4m,50,137,2025-04-14,2025-08-13,0.9905299563038297,0.008229589166138323,7.159102456031091e-4,0.998759545469968,0.9994754557155712,1,1,1.0028619491243793,0.08102746668662467
USDCLP,88,4m,51,138,2025-04-15,2025-08-14,0.9901341849415665,0.008628985877978494,6.95867728013402e-4,0.9987631708195449,0.9994590385475584,1,1,0.989795845403857,0.03696815242620341
USDCLP,88,4m,52,139,2025-04-16,2025-08-15,0.9898168495365212,0.008975311261643778,6.559790628898966e-4,0.9987921607981649,0.9994481398610549,1,2,0.9343184226199754,0.10456595514475997
USDCLP,88,4m,53,140,2025-04-17,2025-08-18,0.9896302405500456,0.009204955554926276,6.177724556430028e-4,0.9988351961049718,0.9994529685606148,1,2,0.8582160350976346,0.17556375111640746
USDCLP,88,4m,54,141,2025-04-18,2025-08-19,0.9891947483292425,0.009660066690419425,5.844768481328087e-4,0.9988548150196619,0.9994392918677947,1,2,0.7821559060521593,0.257229595482277
USDCLP,88,4m,55,142,2025-04-21,2025-08-20,0.9895968765500159,0.009232891211287283,5.984959423415026e-4,0.9988297677613032,0.9994282637036447,1,2,0.7845385868671537,0.027862879747082684
USDCLP,88,4m,56,143,2025-04-22,2025-08-21,0.989939604568416,0.008892728956692155,6.06552525368802e-4,0.9988323335251081,0.9994388860504769,1,2,0.7771826205440411,0.09238507171083311
USDCLP,88,4m,57,144,2025-04-23,2025-08-22,0.9904179933061683,0.00838954442967731,6.154307767574567e-4,0.9988075377358456,0.999422968512603,1,1,0.7732310452726118,0.023104024696637096
USDCLP,88,4m,58,145,2025-04-24,2025-08-25,0.9910088478105388,0.007755025812414978,6.380496016825614e-4,0.9987638736229537,0.9994019232246363,1,1,0.7669446884915918,0.05983073019087959
USDCLP,88,4m,59,146,2025-04-25,2025-08-26,0.9913504520411817,0.007361555993284561,6.726387802367428e-4,0.9987120080344662,0.999384646814703,1,1,0.7691351387471707,0.047009887294134245
USDCLP,88,4m,60,147,2025-04-28,2025-08-27,0.9912980575699428,0.0073728470447487334,6.91328071281791e-4,0.9986709046146915,0.9993622326859734,1,1,0.7718090559341666,0.0384550213166558
USDCLP,88,4m,61,148,2025-04-29,2025-08-28,0.9916384098459871,0.0070486498351849175,6.932255625506661e-4,0.998687059681172,0.9993802852437227,1,1,0.7780109295512182,0.022572833187466407
USDCLP,88,4m,62,149,2025-04-30,2025-08-29,0.9916767431148414,0.006997616920431864,7.06122344900487e-4,0.9986743600352733,0.9993804823801739,1,1,0.7832545390188412,0.014580727263971987
USDCLP,88,4m,63,150,2025-05-01,2025-09-01,0.9917751321162311,0.006903702172427147,7.166434482107707e-4,0.9986788342886583,0.9993954777368691,1,1,0.7912808099019059,0.019940031367496
USDCLP,88,4m,64,151,2025-05-02,2025-09-02,0.9920664008702823,0.006653897338988549,7.1894421426314e-4,0.9987202982092709,0.999439242423534,1,1,0.8020612287296687,0.029421422312865278
USDCLP,88,4m,65,152,2025-05-05,2025-09-03,0.9917201911803476,0.006915391543045332,7.708886413323064e-4,0.9986355827233929,0.9994064713647253,1,1,0.799992813253299,0.012429110629910402
USDCLP,88,4m,66,153,2025-05-06,2025-09-04,0.9915438460092952,0.0070118957766978325,8.205856768874461e-4,0.998555741785993,0.9993763274628805,1,1,0.7974071768229753,0.017816983784103978
USDCLP,88,4m,67,154,2025-05-07,2025-09-05,0.9916387784436984,0.006817759621551432,8.76800568114131e-4,0.9984565380652498,0.9993333386333639,1,1,0.79667485927143,0.0314129361491657
USDCLP,88,4m,68,155,2025-05-08,2025-09-08,0.9919034545813361,0.006523624178317347,8.904401612892086e-4,0.9984270787596534,0.9993175189209427,1,1,0.7993523015534063,0.015371499184025805
USDCLP,88,4m,69,156,2025-05-09,2025-09-09,0.9922260184412915,0.006147184581203051,9.209186358385831e-4,0.9983732030224945,0.9992941216583331,1,1,0.7973967415133096,0.029784844409207745
USDCLP,88,4m,70,157,2025-05-12,2025-09-10,0.9924409532020314,0.005832307851364041,9.833692702427492e-4,0.9982732610533954,0.9992566303236382,1,1,0.7835152049733388,0.05771165273006619
USDCLP,88,4m,71,158,2025-05-13,2025-09-11,0.992907145597793,0.00522987817707893,0.0010941755255990577,0.998137023774872,0.9992311993004711,1,1,0.718350030126848,0.12545635465020935
USDCLP,88,4m,72,159,2025-05-14,2025-09-12,0.9935143349333136,0.004546909015922373,0.0011742009163734862,0.998061243949236,0.9992354448656094,1,1,0.6622612035456308,0.12261664826757727
USDCLP,88,4m,73,160,2025-05-15,2025-09-15,0.9940452675374621,0.004097795791139934,0.001143001896399644,0.998143063328602,0.9992860652250016,1,1,0.6547186097075445,0.10304440810121233
USDCLP,88,4m,74,161,2025-05-16,2025-09-16,0.9947966797856621,0.0035530791335117804,0.0010129151747607981,0.9983497589191739,0.9993626740939346,1,1,0.6491345387446106,0.06353542376696131
USDCLP,88,4m,75,162,2025-05-19,2025-09-17,0.9956345117355485,0.0029311248625020787,8.971547029881022e-4,0.9985656365980506,0.9994627913010388,1,1,0.6506451209752192,0.05987502439868946
USDCLP,88,4m,76,163,2025-05-20,2025-09-18,0.9961800536482888,0.002585537691195982,7.512648564204455e-4,0.9987655913394847,0.9995168561959051,1,1,0.6394068571337038,0.043387767193343384
USDCLP,88,4m,77,164,2025-05-21,2025-09-19,0.996422179402426,0.0024184659496673437,7.005304280120634e-4,0.9988406453520933,0.9995411757801054,1,1,0.6181467678480668,0.06087395576964467
USDCLP,88,4m,78,165,2025-05-22,2025-09-22,0.9966376935595632,0.002268289307740653,6.575322083728979e-4,0.9989059828673039,0.9995635150756769,1,1,0.5972178557492387,0.06309025440362578
USDCLP,88,4m,79,166,2025-05-23,2025-09-23,0.9967159890528633,0.0022032407604720768,6.698915016870232e-4,0.9989192298133354,0.9995891213150224,1,1,0.586332029679736,0.0514299566923757
USDCLP,88,4m,80,167,2025-05-26,2025-09-24,0.9968847447784246,0.0020896233460381587,6.402118674779799e-4,0.9989743681244627,0.9996145799919407,1,1,0.5793403535311226,0.04048527821083201
USDCLP,88,4m,81,168,2025-05-27,2025-09-25,0.9970091151099111,0.001999653128703155,6.266443198470104e-4,0.9990087682386143,0.9996354125584613,1,1,0.577548382224993,0.04901179353483784
USDCLP,88,4m,82,169,2025-05-28,2025-09-26,0.9969664531873437,0.0020514028436149807,6.325220332210194e-4,0.9990178560309586,0.9996503780641797,1,1,0.5806810004479226,0.052275812569330296
USDCLP,88,4m,83,170,2025-05-29,2025-09-29,0.9970356471830141,0.001981003107128575,6.489900750609593e-4,0.9990166502901426,0.9996656403652036,1,1,0.5832032691369875,0.014609863096239848
USDCLP,88,4m,84,171,2025-05-30,2025-09-30,0.9971021602292856,0.0019292838661697977,6.466504104155557e-4,0.9990314440954553,0.9996780945058709,1,1,0.5872677905284641,0.01492104656158865
USDCLP,88,4m,85,172,2025-06-02,2025-10-01,0.9971245286650678,0.0019012073509608147,6.609393360500761e-4,0.9990257360160286,0.9996866753520787,1,1,0.5883245834707339,0.011708244650269603
USDCLP,88,4m,86,173,2025-06-03,2025-10-02,0.9972110435095343,0.0018569576270253529,6.311351867371012e-4,0.9990680011365596,0.9996991363232967,1,1,0.5944180551589912,0.011612258941038045
USDCLP,88,4m,87,174,2025-06-04,2025-10-03,0.9972767326544895,0.001824963664579316,6.073160507911918e-4,0.9991016963190688,0.99970901236986,1,1,0.5968859914884403,0.01240503542621285
USDCLP,88,4m,88,175,2025-06-05,2025-10-06,0.9973575642452924,0.0017814004592067963,5.850853298246583e-4,0.9991389647044993,0.999724050034324,1,1,0.5993387470183162,0.01906278665898736
USDCLP,88,4m,89,176,2025-06-06,2025-10-07,0.9974920563350246,0.0016875960932733894,5.609897658007154e-4,0.999179652428298,0.9997406421940987,1,1,0.5994638643764519,0.01335169164546983
USDCLP,88,4m,90,177,2025-06-09,2025-10-08,0.997581870041186,0.0016351346961825212,5.388475320606863e-4,0.9992170047373685,0.9997558522694292,1,1,0.6014128369011921,0.014200060637283378
USDCLP,88,4m,91,178,2025-06-10,2025-10-09,0.9977050177707297,0.0015539423388418413,5.108293747501427e-4,0.9992589601095716,0.9997697894843217,1,1,0.6044368531491536,0.019940179971555748
USDCLP,88,4m,92,179,2025-06-11,2025-10-10,0.9978172436843538,0.0014657799979604406,4.983184457505331e-4,0.9992830236823143,0.9997813421280648,1,1,0.6056410518596653,0.0330702413697718
USDCLP,88,4m,93,180,2025-06-12,2025-10-13,0.9979591141748311,0.0013060841242170994,5.285184448705193e-4,0.9992651982990481,0.9997937167439187,1,1,0.5889158960788685,0.11414996514626799
USDCLP,88,4m,94,181,2025-06-13,2025-10-14,0.998081957520487,0.0012197806720789224,5.116427021938602e-4,0.999301738192566,0.9998133808947598,1,1,0.589946762241717,0.017782028690131697
USDCLP,88,4m,95,182,2025-06-16,2025-10-15,0.9981671159738934,0.001165168073677868,5.060642874662666e-4,0.9993322840475712,0.9998383483350375,1,1,0.5656807889784385,0.0788373930461375
USDCLP,88,4m,96,183,2025-06-17,2025-10-16,0.998250187621373,0.0011470151257611488,4.6151668224282086e-4,0.9993972027471341,0.9998587194293769,1,1,0.5619587139696179,0.09317144514716694
USDCLP,88,4m,97,184,2025-06-18,2025-10-17,0.9983598486731481,0.0011024855069852344,4.160638844199168e-4,0.9994623341801333,0.9998783980645533,1,1,0.5616340908493308,0.05541084504300437
USDCLP,88,4m,98,185,2025-06-19,2025-10-20,0.9985020063295222,0.0010173875532579239,3.7794309574955975e-4,0.9995193938827802,0.9998973369785298,1,1,0.5705446819437474,0.03992134709779836
USDCLP,88,4m,99,186,2025-06-20,2025-10-21,0.9985993664517339,9.70564275901978e-4,3.433859589075116e-4,0.9995699307276359,0.9999133166865434,1,1,0.5693021847057133,0.024545375752033565
USDCLP,88,4m,100,187,2025-06-23,2025-10-22,0.9986599566854778,9.469317251746734e-4,3.142130369835672e-4,0.9996068884106525,0.999921101447636,1,1,0.573505418578598,0.019119445064776433
USDCLP,88,4m,101,188,2025-06-24,2025-10-23,0.9987071055368251,9.223275739919518e-4,2.929148708979085e-4,0.999629433110817,0.9999223479817149,1,1,0.5607484012069227,0.021931646309819555
USDCLP,88,4m,102,189,2025-06-25,2025-10-24,0.9987108719797653,9.333018820153014e-4,2.7793387594311384e-4,0.9996441738617806,0.9999221077377237,1,1,0.5337523455654613,0.035898246492990504
USDCLP,88,4m,103,190,2025-06-26,2025-10-27,0.9987615722046786,9.048944407376779e-4,2.611637124443229e-4,0.9996664666454164,0.9999276303578607,1,1,0.5273246729864143,0.015274251016623054
USDCLP,88,4m,104,191,2025-06-27,2025-10-28,0.9987627906029339,9.107956733772361e-4,2.565600927949348e-4,0.9996735862763112,0.9999301463691062,1,1,0.5017414366432961,0.031775474548655834
USDCLP,88,4m,105,192,2025-06-30,2025-10-29,0.9987525191014841,9.240872882041684e-4,2.5657449429464913e-4,0.9996766063896882,0.9999331808839829,1,1,0.48306297856759056,0.02606292455025715
USDCLP,88,4m,106,193,2025-07-01,2025-10-30,0.99879181648183,8.968818528268723e-4,2.4582286719217173e-4,0.9996886983346569,0.9999345212018491,1,1,0.47747418392938257,0.011769818298223067
USDCLP,88,4m,107,194,2025-07-02,2025-10-31,0.9988090425804378,8.86014045241654e-4,2.4284500959421867e-4,0.9996950566256795,0.9999379016352737,1,1,0.4702824667840018,0.012032963782356977
USDCLP,88,4m,108,195,2025-07-03,2025-11-03,0.9987597922763496,9.141693607566772e-4,2.619992889336898e-4,0.9996739616371063,0.99993596092604,1,1,0.413796790326329,0.07308657120302009
USDCLP,88,4m,109,196,2025-07-04,2025-11-04,0.9986454814733652,9.780506836377528e-4,3.093639499468932e-4,0.999623532157003,0.9999328961069498,1,1,0.35594292854479165,0.08436662714160367
USDCLP,88,4m,110,197,2025-07-07,2025-11-05,0.998514953363019,0.0010615724160663613,3.5779021161550726e-4,0.9995765257790854,0.9999343159907009,1,1,0.327553254340907,0.0449791483206743
USDCLP,88,4m,111,198,2025-07-08,2025-11-06,0.9983927310976173,0.0011495343862902502,3.937159523879895e-4,0.9995422654839076,0.9999359814362956,1,1,0.31209284028912065,0.023796970592913025
USDCLP,88,4m,112,199,2025-07-09,2025-11-07,0.9982275480582732,0.0012800247118284033,4.2804974372920746e-4,0.9995075727701016,0.9999356225138308,1,1,0.3057841747901936,0.011829244786846991
USDCLP,88,4m,113,200,2025-07-10,2025-11-10,0.997691917458785,0.0017630178571115505,4.7890260646737726e-4,0.9994549353158966,0.9999338379223639,1,1,0.27673195585710597,0.0728316016095183
USDCLP,88,4m,114,201,2025-07-11,2025-11-11,0.9971766667864811,0.002282259514806887,4.7691883156945495e-4,0.999458926301288,0.9999358451328574,1,1,0.2688284380447815,0.028793195644426745
USDCLP,88,4m,115,202,2025-07-14,2025-11-12,0.9963071042824434,0.003183863860784723,4.4828254695810494e-4,0.9994909681432281,0.9999392506901862,1,1,0.27794480155266965,0.025553544541348533
USDCLP,88,4m,116,203,2025-07-15,2025-11-13,0.9959445025086889,0.003572224800152256,0.00042451767251156165,0.9995167273088412,0.9999412449813528,1,1,0.28058349671101335,0.012529379498964124
USDCLP,88,4m,117,204,2025-07-16,2025-11-14,0.9960081287526987,0.003481675438484841,4.3059753224753946e-4,0.9994898041911836,0.9999204017234311,1,1,0.3221340437579663,0.13137045201312206
USDCLP,88,4m,118,205,2025-07-17,2025-11-17,0.9959328502436074,0.003553833139208518,4.2865295478629523e-4,0.999486683382816,0.9999153363376023,1,1,0.3175800613249648,0.01676452808248311
USDCLP,88,4m,119,206,2025-07-18,2025-11-18,0.9958170025668687,0.0035861342384326074,5.101667126859159e-4,0.9994031368053012,0.9999133035179871,1,1,0.3107334465361763,0.037848629005827764
USDCLP,88,4m,120,207,2025-07-21,2025-11-19,0.9957079417655014,0.00360644461244453,5.975631902177986e-4,0.9993143863779459,0.9999119495681636,1,1,0.3097408604992054,0.028663584456655455
USDCLP,88,4m,121,208,2025-07-22,2025-11-20,0.9956246485377139,0.0036026378160694985,6.855692517641975e-4,0.9992272863537834,0.9999128556055477,1,1,0.3136249875615687,0.021769458636008765
USDCLP,88,4m,122,209,2025-07-23,2025-11-21,0.995533548516045,0.003614231713981086,7.654499510998903e-4,0.9991477802300262,0.999913230181126,1,1,0.3157282921875205,0.012939830877241418
USDCLP,88,4m,123,210,2025-07-24,2025-11-24,0.995428438593045,0.0036478709676848386,8.372598640188617e-4,0.9990763095607298,0.9999135694247486,1,1,0.31257089590679965,0.01127863193832948
USDCLP,88,4m,124,211,2025-07-25,2025-11-25,0.9952970295346056,0.003692550991142044,9.227146121756842e-4,0.9989895805257477,0.9999122951379233,1,1,0.30819030301082806,0.01491143318638109
USDCLP,88,4m,125,212,2025-07-28,2025-11-26,0.995139997024119,0.003754860763337072,0.001015465176597419,0.9988948577874561,0.9999103229640536,1,1,0.3003711021691699,0.018217357281374802
USDCLP,88,4m,126,213,2025-07-29,2025-11-27,0.9950313086727338,0.003764644029117368,0.0011133982892368142,0.9987959527018512,0.999909350991088,1,1,0.3019621710594499,0.008858688210531072
USDCLP,88,4m,127,214,2025-07-30,2025-11-28,0.9949342214462493,0.003778094917426246,0.0011907593013816874,0.9987123163636755,0.9999030756650572,1,1,0.28328827917240434,0.02362163281497466
USDCLP,88,4m,128,215,2025-07-31,2025-12-01,0.9948488573297237,0.0037808417870619604,0.0012706612174982485,0.9986296991167857,0.999900360334284,1,1,0.27488752278471684,0.013052105286723875
USDCLP,88,4m,129,216,2025-08-01,2025-12-02,0.9947571677473591,0.003789525508419442,0.0013490907641294297,0.9985466932557786,0.9998957840199081,1,1,0.2617098331618098,0.017505326886061583
USDCLP,88,4m,130,217,2025-08-04,2025-12-03,0.994678637672155,0.003776450786152771,0.0014387256944473367,0.9984550884583078,0.9998938141527551,1,1,0.24938272600352962,0.014404932999501989
USDCLP,88,4m,131,218,2025-08-05,2025-12-04,0.9946279909566534,0.0037523502101807836,0.0015048504928160957,0.9983803411668343,0.9998851916596504,1,1,0.232668988698872,0.023028413517037976
USDCLP,88,4m,132,219,2025-08-06,2025-12-05,0.9945972936552937,0.0037133348267972457,0.0015677768921049003,0.998310628482091,0.9998784053741958,1,1,0.21820805163578222,0.020603849149715543
USDCLP,88,4m,133,220,2025-08-07,2025-12-08,0.9945612962136661,0.003683731554602505,0.0016344188350835844,0.9982450277682686,0.9998794466033523,1,1,0.21698911137069607,0.00850493934180848
USDCLP,88,4m,134,221,2025-08-08,2025-12-09,0.9945221453857026,0.0036735083439773677,0.0016827785945326176,0.99819565372968,0.9998784323242126,1,1,0.21382245800306926,0.007931318197584018
USDCLP,88,4m,135,222,2025-08-11,2025-12-10,0.9945677189211719,0.003605518657920425,0.0017067037888962465,0.9981732375790924,0.9998799413679886,1,1,0.21342502907082267,0.004663255679748643
USDCLP,88,4m,136,223,2025-08-12,2025-12-11,0.9946109924846797,0.0035301231979536453,0.0017404639652601115,0.9981411156826333,0.9998815796478934,1,1,0.2117880809746978,0.007237826348481732
USDCLP,88,4m,137,224,2025-08-13,2025-12-12,0.9946671865027672,0.003443410564165059,0.0017728341845716343,0.9981105970669323,0.9998834312515039,1,1,0.2106938020811993,0.006658917569832101
USDCLP,88,4m,138,225,2025-08-14,2025-12-15,0.9946609776600753,0.003413337919371604,0.0018095065910489865,0.9980743155794469,0.9998838221704959,1,1,0.21009060851844755,0.007310956629924797
USDCLP,88,4m,139,226,2025-08-15,2025-12-16,0.9946410428203379,0.0034112662538942798,0.0018325792583864294,0.9980523090742323,0.9998848883326187,1,1,0.20567441481059215,0.010065881121540861
USDCLP,88,4m,140,227,2025-08-18,2025-12-17,0.9945975741223629,0.003419466352178294,0.0018674016834709392,0.9980170404745412,0.9998844421580122,1,1,0.20020340038205353,0.013112754632203582
USDCLP,88,4m,141,228,2025-08-19,2025-12-18,0.9945688896420509,0.0034252105321461172,0.001888936288575286,0.9979941001741971,0.9998830364627724,1,1,0.19339841125521076,0.01831069546057192
USDCLP,88,4m,142,229,2025-08-20,2025-12-19,0.9945490202925766,0.0034176929243577236,0.0019161759036069594,0.9979667132169343,0.9998828891205412,1,1,0.1890154381446407,0.01648640584294865
USDCLP,88,4m,143,230,2025-08-21,2025-12-22,0.9945507748520498,0.0033724918462903234,0.0019584846013271716,0.9979232666983401,0.9998817512996673,1,1,0.18823564826420666,0.010237509654841633
USDCLP,88,4m,144,231,2025-08-22,2025-12-23,0.9945625483993366,0.003333060033255942,0.0019855010952265035,0.9978956084325925,0.9998811095278191,1,1,0.18872471271351673,0.008289448546034684
USDCLP,88,4m,145,232,2025-08-25,2025-12-24,0.994561482756874,0.0033135151648649094,0.0020049979559210516,0.9978749979217388,0.9998799958776599,1,1,0.18962706744402041,0.010015160753489565
USDCLP,88,4m,146,233,2025-08-26,2025-12-25,0.9945710067748655,0.0032914916128754333,0.0020174584261108855,0.997862498387741,0.9998799568138519,1,1,0.19338148064496097,0.0080969205881317
USDCLP,88,4m,147,234,2025-08-27,2025-12-26,0.9946082409850812,0.0032640873804437314,0.0020071714512181764,0.9978723283655249,0.9998794998167431,1,1,0.19519095236466052,0.009124632828323969
USDCLP,88,4m,148,235,2025-08-28,2025-12-29,0.9946356957167141,0.0032612305733075823,0.001982859029711456,0.9978969262900217,0.9998797853197331,1,1,0.19797001090568805,0.007625228984929111
USDCLP,88,4m,149,236,2025-08-29,2025-12-30,0.9946915949034427,0.003240969358136789,0.0019465658694980505,0.9979325642615795,0.9998791301310775,1,1,0.20021406416741397,0.007898413375075153
USDCLP,88,4m,150,237,2025-09-01,2025-12-31,0.994740505448373,0.0032302518748173682,0.001907950829350583,0.9979707573231904,0.999878708152541,1,1,0.20288796075381418,0.007490690652521779
USDCLP,88,4m,151,238,2025-09-02,2026-01-01,0.9948002838801447,0.003215298085795589,0.0018630691108158955,0.9980155819659403,0.9998786510767562,1,1,0.20719288605832206,0.005933095705307191
USDCLP,88,4m,152,239,2025-09-03,2026-01-02,0.9949010137587156,0.0031907266595514465,0.0017870083325793548,0.9980917404182671,0.9998787487508465,1,1,0.21055533636136908,0.00816174423063527
USDCLP,88,4m,153,240,2025-09-04,2026-01-05,0.9949769349406765,0.0031949510769086436,0.001706429414480874,0.9981718860175851,0.999878315432066,1,1,0.21556984000919696,0.009140246404304693
USDCLP,88,4m,154,241,2025-09-05,2026-01-06,0.9950702520091542,0.0031838181219215936,0.0016241341273788774,0.9982540701310758,0.9998782042584546,1,1,0.2218772222808621,0.010135967615475775
USDCLP,88,4m,155,242,2025-09-08,2026-01-07,0.9951885310380544,0.0031679264920667564,0.0015214674501076435,0.9983564575301211,0.9998779249802288,1,1,0.23093431755597316,0.01599917959739248
USDCLP,88,4m,156,243,2025-09-09,2026-01-08,0.9953135523078581,0.0031390450282345493,0.001426874320986333,0.9984525973360927,0.999879471657079,1,1,0.24015466374059194,0.015081651211160696
USDCLP,88,4m,157,244,2025-09-10,2026-01-09,0.9954358377322019,0.003115025315524535,0.0013309510455558461,0.9985508630477264,0.9998818140932823,1,1,0.25226366955259805,0.018621396871200697
USDCLP,88,4m,158,245,2025-09-11,2026-01-12,0.9955183064834828,0.0031204233374378444,0.00124522057050652,0.9986387298209207,0.9998839503914272,1,1,0.26666565629904054,0.02024453208618323
USDCLP,88,4m,159,246,2025-09-12,2026-01-13,0.995562464461875,0.0031133036724754213,0.0012089807832626111,0.9986757681343504,0.999884748917613,1,1,0.2727511203122988,0.012261609639849515
USDCLP,88,4m,160,247,2025-09-15,2026-01-14,0.9955954400617744,0.003114630005277916,0.0011751512147071047,0.9987100700670523,0.9998852212817594,1,1,0.276757966372337,0.007444345001371802
USDCLP,88,4m,161,248,2025-09-16,2026-01-15,0.9956439745483318,0.003109511187267495,0.0011312479840425544,0.9987534857355993,0.9998847337196418,1,1,0.27698740476150513,0.005153972411528785
USDCLP,88,4m,162,249,2025-09-17,2026-01-16,0.9956579814880807,0.0031092084501741584,0.0011168464164130801,0.9987671899382549,0.9998840363546679,1,1,0.27728592217176334,0.007129959699464783
USDCLP,88,4m,163,250,2025-09-18,2026-01-19,0.995640945751405,0.0031374392321321136,0.0011050491643975334,0.9987783849835372,0.9998834341479348,1,1,0.27711273004430614,0.005057106212535082
USDCLP,88,4m,164,251,2025-09-19,2026-01-20,0.995635292773775,0.0031629212572017013,0.0010847256268031336,0.9987982140309768,0.99988293965778,1,1,0.2778759922285809,0.00539700518080375
USDCLP,88,4m,165,252,2025-09-22,2026-01-21,0.9956373687686004,0.0031861589749832874,0.0010596143158950846,0.9988235277435837,0.9998831420594788,1,1,0.28020768467179763,0.007183340691215994
USDCLP,88,4m,166,253,2025-09-23,2026-01-22,0.9956514338536505,0.0032018372806115183,0.0010301691927406872,0.998853271134262,0.9998834403270027,1,1,0.282302810584071,0.006630371977552958
USDCLP,88,4m,167,254,2025-09-24,2026-01-23,0.9956596458518994,0.003214833023147052,0.0010111564173852126,0.9988744788750464,0.9998856352924317,1,1,0.2869957891786547,0.011747832730755475
USDCLP,88,4m,168,255,2025-09-25,2026-01-26,0.9956720313624302,0.0032184861930090475,9.966571609935579e-4,0.9988905175554392,0.9998871747164327,1,1,0.2904233913505365,0.01070017851828163
USDCLP,88,4m,169,256,2025-09-26,2026-01-27,0.9956878567584563,0.0032313211136296006,9.68412756126793e-4,0.9989191778720858,0.9998875906282126,1,1,0.29384409068436507,0.00819856747305033
USDCLP,88,4m,170,257,2025-09-29,2026-01-28,0.9957597209441873,0.0032246546730982993,8.995944290234877e-4,0.9989843756172856,0.9998839700463091,1,1,0.2917821140567665,0.00888536289647985
USDCLP,88,4m,171,258,2025-09-30,2026-01-29,0.9957905268695711,0.0032169943199899715,8.781990286030056e-4,0.9990075211895612,0.9998857202181641,1,1,0.2985092837006687,0.012905664884874494
USDCLP,88,4m,172,259,2025-10-01,2026-01-30,0.9958669366213674,0.0031943687596483125,8.239517527368471e-4,0.9990613053810157,0.9998852571337525,1,1,0.30141998935185893,0.008191132747319821
USDCLP,88,4m,173,260,2025-10-02,2026-02-02,0.9959058306889359,0.0031866245832718504,7.882736462624974e-4,0.9990924552722078,0.9998807289184704,1,1,0.2972862645077384,0.022998509383128266
USDCLP,88,4m,174,261,2025-10-03,2026-02-03,0.995967469641872,0.003170432210534451,7.39229054505107e-4,0.9991379018524065,0.9998771309069115,1,1,0.2890055983638443,0.023906438654172572
USDCLP,88,4m,175,262,2025-10-06,2026-02-04,0.9960632400129494,0.00315005995982837,6.637156601912523e-4,0.9992132999727779,0.9998770156329692,1,1,0.29175082486575776,0.011057672495000361
USDCLP,88,4m,176,263,2025-10-07,2026-02-05,0.9961520287274387,0.003128967661794895,5.916587654480193e-4,0.9992809963892336,0.9998726551546816,1,1,0.2866378163620222,0.024747231498325
USDCLP,88,4m,177,264,2025-10-08,2026-02-06,0.9962313031980639,0.003118364948785881,5.217299092213339e-4,0.9993496681468498,0.9998713980560711,1,1,0.29917470485166536,0.023826646493347016
USDCLP,88,4m,178,265,2025-10-09,2026-02-09,0.996315009711113,0.003109742444040921,4.456073868888699e-4,0.9994247521551539,0.9998703595420428,1,1,0.31037274071673704,0.030143010401828287
USDCLP,88,4m,179,266,2025-10-10,2026-02-10,0.9963911997387721,0.0031074854459591356,3.7130593637332864e-4,0.9994986851847313,0.9998699911211046,1,1,0.32261868847073527,0.0387897684531882
USDCLP,88,4m,180,267,2025-10-13,2026-02-11,0.9964592712186208,0.0031162869983540667,2.9352840984089244e-4,0.9995755582169749,0.9998690866268157,1,1,0.34477064109467,0.05862444354614297
USDCLP,88,4m,181,268,2025-10-14,2026-02-12,0.9964454786725658,0.0031709922746249158,2.5300665862418217e-4,0.9996164709471907,0.9998694776058149,1,1,0.37632082304296743,0.0881112879379265
USDCLP,88,4m,182,269,2025-10-15,2026-02-13,0.9964685101687003,0.003202048404128089,1.9884638232706017e-4,0.9996705585728284,0.9998694049551554,1,1,0.45738992775717097,0.09203507665078269
USDCLP,88,4m,183,270,2025-10-16,2026-02-16,0.996371573257944,0.0033012566958742916,1.9290517866035143e-4,0.9996728299538183,0.9998657351324787,1,1,0.4993623461371038,0.056598962426861285
USDCLP,88,4m,184,271,2025-10-17,2026-02-17,0.9962042983572009,0.00345041669972527,2.0111554586657932e-4,0.9996547150569262,0.9998558306027927,1,1,0.505134929763916,0.010031129271780095
USDCLP,88,4m,185,272,2025-10-20,2026-02-18,0.9960191823265389,0.0036151068870975025,2.110402036703126e-4,0.9996342892136364,0.9998453294173067,1,1,0.5051049861024404,0.015442767144768941
USDCLP,88,4m,186,273,2025-10-21,2026-02-19,0.9957384417628524,0.0038650698427207916,2.2656275742060728e-4,0.9996035116055733,0.9998300743629939,1,1,0.49672360901946,0.03180053512459708
USDCLP,88,4m,187,274,2025-10-22,2026-02-20,0.9954727086922083,0.004098974380871053,2.4097660555428315e-4,0.9995716830730793,0.9998126596786336,1,1,0.496332730687811,0.013702055654768038
USDCLP,88,4m,188,275,2025-10-23,2026-02-23,0.9952216183755833,0.004314735425863871,2.5674539681646137e-4,0.9995363538014472,0.9997930991982636,1,1,0.4964367791330102,0.015704971346295886
USDCLP,88,4m,189,276,2025-10-24,2026-02-24,0.9949779481912876,0.004521229167820174,2.7499611813228136e-4,0.9994991773591078,0.9997741734772401,1,1,0.4923465862901044,0.025966850098829854
USDCLP,88,4m,190,277,2025-10-27,2026-02-25,0.9948382976132131,0.004621370948644366,2.953327551584182e-4,0.9994596685618574,0.9997550013170159,1,1,0.4839514096761854,0.027041326800009192
USDCLP,88,4m,191,278,2025-10-28,2026-02-26,0.9945592471540231,0.0048418464644999016,3.2487318309146353e-4,0.999401093618523,0.9997259668016145,1,1,0.4757399869782949,0.04054211544586242
USDCLP,88,4m,192,279,2025-10-29,2026-02-27,0.9944725221791869,0.004877426595971532,3.493176156513094e-4,0.9993499487751585,0.9996992663908097,1,1,0.47218799058970473,0.0191962448083966
USDCLP,88,4m,193,280,2025-10-30,2026-03-02,0.994487161907217,0.00480169371714164,3.7625559277415803e-4,0.9992888556243587,0.9996651112171329,1,1,0.4719174569489145,0.027767364433616767
USDCLP,88,4m,194,281,2025-10-31,2026-03-03,0.9943876860388537,0.004825252003818027,4.0192367736036706e-4,0.99921293804267175,0.9996148617200321,1,1,0.49523594399209286,0.07440459798074715
USDCLP,88,4m,195,282,2025-11-03,2026-03-04,0.9944586734681958,0.004655910859139945,4.0866059412698083e-4,0.9991145843273358,0.9995232449214628,1,1,0.636223386036243,0.3472463330869442
USDCLP,88,4m,196,283,2025-11-04,2026-03-05,0.9947739796294739,0.004322923060853692,4.0830664302198797e-4,0.9990969026903276,0.9995052093333495,1,1,1.014028873033253,0.5710285156691799
USDCLP,88,4m,197,284,2025-11-05,2026-03-06,0.9953104455644501,0.003760030948325808,4.436104449649317e-4,0.9990704765127759,0.9995140869577408,1,1,1.0898506258392167,0.12689196312369128
USDCLP,88,4m,198,285,2025-11-06,2026-03-09,0.9958552251196827,0.0031476322309542163,5.152664455607455e-4,0.999002857350637,0.9995181237961978,1,1,1.251869285734504,0.33385568423860573
USDCLP,88,4m,199,286,2025-11-07,2026-03-10,0.9963517812044697,0.002619114984668465,5.468329492377678e-4,0.9989708961891381,0.9995177291383759,1,1,1.3209540329572065,0.19533425800171103
USDCLP,88,4m,200,287,2025-11-10,2026-03-11,0.9970270784884332,0.001935964123387202,5.82601928325329e-4,0.9989630426118205,0.9995456445401458,1,1,1.3540694107493623,0.1504649985382883
USDCLP,88,4m,201,288,2025-11-11,2026-03-12,0.9970940012969717,0.0018506439102345458,6.14508951850566e-4,0.9989446452072063,0.9995591541590568,1,1,1.34690949009025,0.031082181050690657
USDCLP,88,4m,202,289,2025-11-12,2026-03-13,0.9970515375624626,0.0018476670850446524,6.61176618448052e-4,0.9988992046475073,0.9995603812659553,1,1,1.3316630272206988,0.04907343740136433
USDCLP,88,4m,203,290,2025-11-13,2026-03-16,0.997134967463728,0.0017762265787846455,5.928179913593725e-4,0.9989111940425126,0.999504012033872,1,1,1.3412723352371339,0.0857572179401125
USDCLP,88,4m,204,291,2025-11-14,2026-03-17,0.9971376479315087,0.0018238738589894164,5.576721105906191e-4,0.9989615217904981,0.9995191939010888,1,1,0.8812162816990077,0.9142687217921968
USDCLP,88,4m,205,292,2025-11-17,2026-03-18,0.9965965132850192,0.0021262050901672542,7.130399316311991e-4,0.9987227183751864,0.9994357583068176,1,1,0.8541356257312324,0.058257644073347506
USDCLP,88,4m,206,293,2025-11-18,2026-03-19,0.9967888895431612,0.0020684665163431034,7.572434144105228e-4,0.9988573560595043,0.9996145994739148,1,1,0.7873116418294803,0.17484140079994834
USDCLP,88,4m,207,294,2025-11-19,2026-03-20,0.9967166241983102,0.002043334462643315,8.595531818189404e-4,0.9987599586609535,0.9996195118427724,1,1,0.7405724552344309,0.07032341640306154
USDCLP,88,4m,208,295,2025-11-20,2026-03-23,0.9964939421121377,0.002154194636345563,9.738016111705537e-4,0.9986481367484833,0.99962193835965385,1,1,0.6915916683329245,0.06534569379859936
USDCLP,88,4m,209,296,2025-11-21,2026-03-24,0.9962323818974842,0.0023445778162494305,0.0010510481474902413,0.9985769597137336,0.9996280078612239,1,1,0.655338053346998,0.04815883279328756
USDCLP,88,4m,210,297,2025-11-24,2026-03-25,0.9959593942966892,0.0025958521599665535,0.0010716205912804535,0.9985552464566558,0.9996268670479362,1,1,0.6209156852177838,0.042662054163817645
USDCLP,88,4m,211,298,2025-11-25,2026-03-26,0.9958465090086105,0.0027077994833628978,0.0010260143443796643,0.9985543084919734,0.999580322836353,1,1,0.575440160329082,0.07836494189229158
USDCLP,88,4m,212,299,2025-11-26,2026-03-27,0.9957677272632927,0.0028171307897957337,9.970402988244398e-4,0.9985848580530884,0.9995818983519128,1,1,0.5450880139939228,0.0361169785289844
USDCLP,110,5m,1,110,2025-02-04,2025-07-07,0.9907977837769757,0.007493021056330364,0.0011129892912253934,0.998290804833306,0.9994037941245314,1,1,0.9500895766939633,NA
USDCLP,110,5m,2,111,2025-02-05,2025-07-08,0.9908458742537594,0.007441829051410795,0.0011096817856806665,0.9982877033051701,0.9993973850908509,1,1,0.9451748896275748,0.008116597153721669
USDCLP,110,5m,3,112,2025-02-06,2025-07-09,0.9908688389347934,0.007417715084766577,0.00110681030085447,0.99828655401956,0.9993933643204145,1,1,0.9353953422831452,0.015851921119084143
USDCLP,110,5m,4,113,2025-02-07,2025-07-10,0.9909122559167927,0.007374645282889006,0.0011038811495446658,0.9982869011996817,0.9993907823492263,1,1,0.9315270926768892,0.007110537432718358
USDCLP,110,5m,5,114,2025-02-10,2025-07-11,0.9910020155701771,0.007282432381691432,0.001102484845926227,0.9982844479518685,0.9993869327977948,1,1,0.9253211056101965,0.011255181878307468
USDCLP,110,5m,6,115,2025-02-11,2025-07-14,0.9909945809873189,0.007257791324962477,0.0011325703645556251,0.9982523723122814,0.999384942676837,1,1,0.9165928576655573,0.017049041323615968
USDCLP,110,5m,7,116,2025-02-12,2025-07-15,0.9909059178722163,0.007285631430808433,0.0011878305732682878,0.9981915493030247,0.999379379876293,1,1,0.9039549049192348,0.025040250664535427
USDCLP,110,5m,8,117,2025-02-13,2025-07-16,0.990861253879687,0.007293214466176588,0.0012191146849522133,0.9981544683458636,0.9993735830308158,1,1,0.8981570179327163,0.01347560883704831
USDCLP,110,5m,9,118,2025-02-14,2025-07-17,0.9908756937096354,0.007259290948618985,0.0012336144042911586,0.9981349846582543,0.9993685990625455,1,1,0.8927286868046709,0.011534258629898337
USDCLP,110,5m,10,119,2025-02-17,2025-07-18,0.9909394779407326,0.0071762654762955,0.0012496400069882405,0.998115743417028,0.9993653834240163,1,1,0.8893075680515145,0.012462824122589616
USDCLP,110,5m,11,120,2025-02-18,2025-07-21,0.990781348215241,0.007260667610779737,0.0013114143339884997,0.9980420158260207,0.9993534301600092,1,1,0.8845317682911751,0.020873628188098594
USDCLP,110,5m,12,121,2025-02-19,2025-07-22,0.9907730890618965,0.007232199405084148,0.001339260514849212,0.9980052884669807,0.9993445489818299,1,1,0.8821063718311507,0.01299544517257394
USDCLP,110,5m,13,122,2025-02-20,2025-07-23,0.9907822696369943,0.007199547084756282,0.0013605507435961277,0.9979818167217506,0.9993423674653467,1,1,0.8782391780186203,0.01252401377939231
USDCLP,110,5m,14,123,2025-02-21,2025-07-24,0.9909098750166317,0.007078946971101596,0.0013523834746779603,0.9979888219877333,0.9993412054624112,1,1,0.8758589635111118,0.007287605676710128
USDCLP,110,5m,15,124,2025-02-24,2025-07-25,0.9911570061905537,0.00686554053124845,0.0013305175883845236,0.9980225467218021,0.9993530643101867,1,1,0.8737627079853058,0.009649569809673967
USDCLP,110,5m,16,125,2025-02-25,2025-07-28,0.9911730608156475,0.006832135029389081,0.0013360063319477293,0.9980051958450366,0.9993412021769843,1,1,0.8624387838648608,0.01993142301016532
USDCLP,110,5m,17,126,2025-02-26,2025-07-29,0.9912076994601072,0.006790275229330266,0.0013385612638555243,0.9979979746894375,0.9993365359532931,1,1,0.8528004474333175,0.016981152787274783
USDCLP,110,5m,18,127,2025-02-27,2025-07-30,0.9912812502157955,0.006716764007744046,0.0013282621367230348,0.9979980142235395,0.9993262763602625,1,1,0.8454066784317831,0.013171406013290272
USDCLP,110,5m,19,128,2025-02-28,2025-07-31,0.9912698975463524,0.0067398080616549874,0.0013148112196604504,0.9980097056080074,0.9993245168276679,1,1,0.8444675023879668,0.006685685742172133
USDCLP,110,5m,20,129,2025-03-03,2025-08-01,0.991292305972595,0.006814398359850211,0.0012274037127826885,0.9981067043324452,0.9993341080452279,1,1,0.8282392228194569,0.03528832955843199
USDCLP,110,5m,21,130,2025-03-04,2025-08-04,0.9912968688716315,0.006821222465799351,0.001211167337156799,0.9981180913374308,0.9993292586745876,1,1,0.8320645939800602,0.008020039092923044
USDCLP,110,5m,22,131,2025-03-05,2025-08-05,0.9912917415570596,0.00684328558256397,0.0011908278375192562,0.9981350271396235,0.9993258549771428,1,1,0.8388654007851813,0.010724356170109285
USDCLP,110,5m,23,132,2025-03-06,2025-08-06,0.9914426869428296,0.0067269693218267815,0.0011605482083458473,0.9981696562646564,0.9993302044730022,1,1,0.8438039990399918,0.012112931248856679
USDCLP,110,5m,24,133,2025-03-07,2025-08-07,0.9915521552854852,0.0066440840640725855,0.001137078354759279,0.9981962393495578,0.9993333177043171,1,1,0.8496876024064988,0.01884133818876768
USDCLP,110,5m,25,134,2025-03-10,2025-08-08,0.9916754611251222,0.006618606168698878,0.0010442679278674656,0.9982940672938211,0.9993383352216886,1,1,0.8300636096377875,0.04310404500110881
USDCLP,110,5m,26,135,2025-03-11,2025-08-11,0.9917476112540551,0.006566631917588983,0.0010224770575562286,0.9983142431716441,0.9993367202292003,1,1,0.8340293796586352,0.012875772996325146
USDCLP,110,5m,27,136,2025-03-12,2025-08-12,0.9917884260711465,0.0065229908161163735,0.0010226259945142367,0.9983114168872629,0.9993340428817771,1,1,0.8361146515416905,0.00868441786529651
USDCLP,110,5m,28,137,2025-03-13,2025-08-13,0.9918471991572918,0.006467132450647141,0.0010163243764143193,0.9983143316079389,0.9993306559843532,1,1,0.8402359167465854,0.011712243358260209
USDCLP,110,5m,29,138,2025-03-14,2025-08-14,0.9917492909836926,0.006563295389009137,0.0010081258222306487,0.9983125863727017,0.9993207121949323,1,1,0.8618901274020336,0.04760167617072897
USDCLP,110,5m,30,139,2025-03-17,2025-08-15,0.9917872190514299,0.006521144662040652,0.0010030104393027924,0.9983083637134705,0.9993113741527734,1,1,0.8858917628034243,0.045297889888884425
USDCLP,110,5m,31,140,2025-03-18,2025-08-18,0.9917552177304629,0.006559899356251079,9.839463400939951e-4,0.998315117086714,0.9992990634268081,1,1,0.9037942002903997,0.03580124970957068
USDCLP,110,5m,32,141,2025-03-19,2025-08-19,0.9918274537400651,0.006523741436627784,9.454542056893744e-4,0.9983511951766929,0.9992966493823823,1,1,0.9190876733507599,0.030367467249248978
USDCLP,110,5m,33,142,2025-03-20,2025-08-20,0.9920091374313195,0.006389576115090886,9.049127433316725e-4,0.9983987135464103,0.999303626289742,1,1,0.9325225488003916,0.027282841525336898
USDCLP,110,5m,34,143,2025-03-21,2025-08-21,0.992178962928842,0.006257134550941827,8.698560782355598e-4,0.9984360974797838,0.9993059535580193,1,1,0.939260162811979,0.022158793480282376
USDCLP,110,5m,35,144,2025-03-24,2025-08-22,0.9922332728720757,0.006256388714751135,8.092797454571448e-4,0.9984896615868268,0.999298941332284,1,1,0.9620911974726685,0.041559586927154966
USDCLP,110,5m,36,145,2025-03-25,2025-08-25,0.9922603635947304,0.0062582112756594185,7.766098320735627e-4,0.9985185748703898,0.9992951847024634,1,1,0.9694712980769776,0.030110778438369488
USDCLP,110,5m,37,146,2025-03-26,2025-08-26,0.9924044167116247,0.006148142455169074,7.467831931199052e-4,0.9985525591667938,0.9992993423599137,1,1,0.9691120624191731,0.03166091398668553
USDCLP,110,5m,38,147,2025-03-27,2025-08-27,0.9924967900751549,0.0061183401365076185,6.845570436207039e-4,0.9986151302116625,0.9992996872552832,1,1,1.0277880420222092,0.10204948337769056
USDCLP,110,5m,39,148,2025-03-28,2025-08-28,0.9926403435991115,0.0060491672322486,6.207705685099151e-4,0.99868951083136,0.99931028139987,1,1,1.1420824054189491,0.21105807364448337
USDCLP,110,5m,40,149,2025-03-31,2025-08-29,0.9927865783381568,0.0059461833587427845,6.013829717868035e-4,0.9987327616968995,0.9993341446686863,1,1,1.2962973783167986,0.3389614126609948
USDCLP,110,5m,41,150,2025-04-01,2025-09-01,0.9928195325559496,0.005928856898466557,6.047956428912311e-4,0.9987483894544161,0.9993531850973073,1,1,1.3275407533974186,0.09238462593192438
USDCLP,110,5m,42,151,2025-04-02,2025-09-02,0.9928064629609269,0.005959819024792547,6.064407792486272e-4,0.9987662819857195,0.9993727227649681,1,1,1.3457791308053357,0.05430667323687693
USDCLP,110,5m,43,152,2025-04-03,2025-09-03,0.9927648571712216,0.006015088421104154,6.127820467580012e-4,0.9987799455923259,0.9993927276390838,1,1,1.3339664382605363,0.03757299615092153
USDCLP,110,5m,44,153,2025-04-04,2025-09-04,0.9927080337490145,0.006081733981221135,6.229672516059152e-4,0.9987897677302356,0.9994127349818416,1,1,1.3256092999520024,0.02423257430040918
USDCLP,110,5m,45,154,2025-04-07,2025-09-05,0.9925504734123902,0.006228813482767086,6.462239229019901e-4,0.9987792868951573,0.9994255108180593,1,1,1.3043128737895036,0.05958155956530632
USDCLP,110,5m,46,155,2025-04-08,2025-09-08,0.9924722896836019,0.00631586280888398,6.467565480033568e-4,0.9987881524924859,0.9994349090404893,1,1,1.2618379936753343,0.1097405294727904
USDCLP,110,5m,47,156,2025-04-09,2025-09-09,0.9923161415373751,0.006471874852911406,6.581016087783871e-4,0.9987880163902866,0.999446117999065,1,1,1.201049318862229,0.13991553756540148
USDCLP,110,5m,48,157,2025-04-10,2025-09-10,0.9916217552451799,0.00706213217116437,7.1858954159572e-4,0.9986838874163443,0.99940247695794,1,1,1.159829155416531,0.08016901240639286
USDCLP,110,5m,49,158,2025-04-11,2025-09-11,0.9910536561878593,0.007483649477390374,7.990539034763667e-4,0.9985373056652497,0.999336359568726,1,1,1.0419668943142288,0.20079509837324203
USDCLP,110,5m,50,159,2025-04-14,2025-09-12,0.9906399499554559,0.00777145439671109,8.697235364648047e-4,0.998411404352167,0.9992811278886318,1,1,0.9073189653387518,0.2020296059975468
USDCLP,110,5m,51,160,2025-04-15,2025-09-15,0.9908680823549656,0.00755833891715551,8.54946421963521e-4,0.9984264212721211,0.9992813676940846,1,1,0.8022651834202233,0.1545638850568907
USDCLP,110,5m,52,161,2025-04-16,2025-09-16,0.9917489806985162,0.00684737381327631,7.473484064991993e-4,0.9985963545117925,0.9993437029182917,1,1,0.6604733918211142,0.19914057116347278
USDCLP,110,5m,53,162,2025-04-17,2025-09-17,0.9925827110429776,0.006165185921545433,6.80383115523532e-4,0.998747896964523,0.9994282800800466,1,1,0.548820414188515,0.16479397702787207
USDCLP,110,5m,54,163,2025-04-18,2025-09-18,0.9931392361027025,0.005735452318549415,6.09728497169691e-4,0.9988746884212519,0.9994844169184216,1,1,0.4620142698208505,0.16601212232596574
USDCLP,110,5m,55,164,2025-04-21,2025-09-19,0.9937008895670003,0.005185539918880114,6.1786046629586e-4,0.9988864294858805,0.9995042899521763,1,1,0.44619492976471414,0.04922207469487518
USDCLP,110,5m,56,165,2025-04-22,2025-09-22,0.9941162400410871,0.0047950903627608605,6.186110055822436e-4,0.9989113304038479,0.9995299414094302,1,1,0.43516763782298656,0.05531619166757625
USDCLP,110,5m,57,166,2025-04-23,2025-09-23,0.9944759677170667,0.004411043297878031,6.547955713130713e-4,0.9988870110149447,0.9995418065862578,1,1,0.4363274058746572,0.03816565987472365
USDCLP,110,5m,58,167,2025-04-24,2025-09-24,0.994997013629355,0.00388906583029053,6.674684513939071e-4,0.9988860794596456,0.9995535479110395,1,1,0.43098611523372354,0.029641450684525488
USDCLP,110,5m,59,168,2025-04-25,2025-09-25,0.9952862586184914,0.003575300036718393,6.95913627401123e-4,0.9988615586552098,0.9995574722826108,1,1,0.4262603627520247,0.02440511489266261
USDCLP,110,5m,60,169,2025-04-28,2025-09-26,0.9952769936180271,0.0035464879823078736,7.299551019513045e-4,0.998823481600335,0.9995534367022862,1,1,0.4238636434915512,0.04663259496617863
USDCLP,110,5m,61,170,2025-04-29,2025-09-29,0.995492065523954,0.0033375508895477878,7.479575126338541e-4,0.9988296164135018,0.9995775739261357,1,1,0.42905602953478206,0.01973676350134264
USDCLP,110,5m,62,171,2025-04-30,2025-09-30,0.9956756198006598,0.0031799509693235754,7.424385003615519e-4,0.9988555707699833,0.9995980092703449,1,1,0.4354368534329354,0.04321533504351247
USDCLP,110,5m,63,172,2025-05-01,2025-10-01,0.9958216307196245,0.003045723118936291,7.512757046230047e-4,0.9988673538385607,0.9996186295431837,1,1,0.4446032131959593,0.04319552305557444
USDCLP,110,5m,64,173,2025-05-02,2025-10-02,0.9960854978748837,0.0028387711727893223,7.223070933083102e-4,0.998924269047673,0.9996465761409813,1,1,0.4639589939619159,0.03387309663620545
USDCLP,110,5m,65,174,2025-05-05,2025-10-03,0.9961377959991583,0.0027903532550074992,7.170791624255268e-4,0.9989281492541658,0.9996452284165913,1,1,0.47187668710331254,0.016850255777921642
USDCLP,110,5m,66,175,2025-05-06,2025-10-06,0.9963136252909104,0.002646756844002198,6.946119540512774e-4,0.9989603821349126,0.9996549940889639,1,1,0.48188206234705205,0.029629881745927088
USDCLP,110,5m,67,176,2025-05-07,2025-10-07,0.9965837612681371,0.0024159656166818032,6.688097141437821e-4,0.9989997268848189,0.9996685365989626,1,1,0.4965401263371359,0.034976597423822545
USDCLP,110,5m,68,177,2025-05-08,2025-10-08,0.9967970651459308,0.0022447489418332047,6.439034872441846e-4,0.999041814087764,0.9996857175750082,1,1,0.5126644434678693,0.028793919944785425
USDCLP,110,5m,69,178,2025-05-09,2025-10-09,0.9970333987790072,0.002048461291626294,6.215015651604049e-4,0.9990818600706335,0.9997033616357939,1,1,0.53252835024956,0.03479531798635841
USDCLP,110,5m,70,179,2025-05-12,2025-10-10,0.9972368407520512,0.0018700869358854674,6.103402047620269e-4,0.9991069276879366,0.9997172678926987,1,1,0.5491709788499438,0.04094845477843789
USDCLP,110,5m,71,180,2025-05-13,2025-10-13,0.9975296927248237,0.0015909142329101685,6.215861628167832e-4,0.9991206069577339,0.9997421931205507,1,1,0.5606841585356963,0.07365594471716636
USDCLP,110,5m,72,181,2025-05-14,2025-10-14,0.9977415724550825,0.001415685047666144,5.999521103393677e-4,0.9991572575027486,0.999757209613088,1,1,0.5745741818832526,0.020121577105048305
USDCLP,110,5m,73,182,2025-05-15,2025-10-15,0.9979532699808843,0.0012687500464538697,5.671705979158324e-4,0.9992220200273382,0.999789190625254,1,1,0.5715826611523657,0.0641123968690552
USDCLP,110,5m,74,183,2025-05-16,2025-10-16,0.9980947772074421,0.001213191185362101,5.123506010733545e-4,0.9993079683928042,0.9998203189938776,1,1,0.5622755971070658,0.06353080825900528
USDCLP,110,5m,75,184,2025-05-19,2025-10-17,0.9982558766204445,0.0011307341892317314,4.5826988400596503e-4,0.9993866108096762,0.9998448806936822,1,1,0.56193535671499,0.04556594606728902
USDCLP,110,5m,76,185,2025-05-20,2025-10-20,0.9984155653270944,0.0010446761300356433,4.0291911612855784e-4,0.9994602414571301,0.9998631605732586,1,1,0.567564196998296,0.04057509345078037
USDCLP,110,5m,77,186,2025-05-21,2025-10-21,0.9985224737140305,9.93232974834378e-4,3.6069132544653306e-4,0.9995157066888648,0.9998763980143114,1,1,0.5703223996582165,0.02906341763883963
USDCLP,110,5m,78,187,2025-05-22,2025-10-22,0.9985954793970935,9.656680756425494e-4,3.2537951814215244e-4,0.9995611474727361,0.9998865269908782,1,1,0.5686584719887079,0.018549274765902967
USDCLP,110,5m,79,188,2025-05-23,2025-10-23,0.9986546367876099,9.335480678844955e-4,3.0264549367840495e-4,0.9995881848554944,0.9998908303491728,1,1,0.5533495972234008,0.022013914265498157
USDCLP,110,5m,80,189,2025-05-26,2025-10-24,0.9986658606791795,9.405046836499675e-4,2.864769205005574e-4,0.9996063653628294,0.99989284228333,1,1,0.5257456245913433,0.03519665730489696
USDCLP,110,5m,81,190,2025-05-27,2025-10-27,0.998723688692111,9.093801845929367e-4,2.644009318000879e-4,0.999633068876704,0.9998974698085041,1,1,0.5171063451138397,0.01685073859091623
USDCLP,110,5m,82,191,2025-05-28,2025-10-28,0.998729682829314,9.136287184880852e-4,2.5662951037506586e-4,0.9996433115478021,0.9998999410581771,1,1,0.48691242877738866,0.03720371316939349
USDCLP,110,5m,83,192,2025-05-29,2025-10-29,0.9987248860551564,9.208187735046011e-4,2.5646444895679056e-4,0.999645704828661,0.9999021692776178,1,1,0.46995009027033596,0.02437071573638395
USDCLP,110,5m,84,193,2025-05-30,2025-10-30,0.998759650198133,8.956506819042434e-4,2.495731572219144e-4,0.9996553008800372,0.9999048740372591,1,1,0.46455110830318663,0.007919256362777355
USDCLP,110,5m,85,194,2025-06-02,2025-10-31,0.9987746503065388,8.860271468450127e-4,2.463275866660341e-4,0.9996606774533838,0.9999070050400498,1,1,0.4577593835382975,0.009245887597923908
USDCLP,110,5m,86,195,2025-06-03,2025-11-03,0.9987261443270082,9.136385455543637e-4,2.634963921094639e-4,0.9996397828725626,0.999903279264672,1,1,0.40549811466895813,0.06809285285848496
USDCLP,110,5m,87,196,2025-06-04,2025-11-04,0.9986227703148434,9.728140758254798e-4,0.00030477974051352737,0.9995955843906689,0.9999003641311824,1,1,0.3492527795823923,0.08426239347569021
USDCLP,110,5m,88,197,2025-06-05,2025-11-05,0.9984960829837116,0.0010549088531628986,3.4884961362670276e-4,0.9995509918368746,0.9998998414505013,1,1,0.32721602661497184,0.03962914218469755
USDCLP,110,5m,89,198,2025-06-06,2025-11-06,0.998381377985972,0.0011372576392765675,3.814964774829247e-4,0.9995186356252486,0.9999001321027315,1,1,0.3147641484259719,0.02374559439044194
USDCLP,110,5m,90,199,2025-06-09,2025-11-07,0.9982367893630848,0.0012513563482476633,4.122736992857545e-4,0.9994881457113325,0.9999004194106182,1,1,0.3074136119928191,0.014201196584296454
USDCLP,110,5m,91,200,2025-06-10,2025-11-10,0.9977119840484328,0.0017262880867863618,4.614147675339443e-4,0.9994382721352191,0.999899686902753,1,1,0.27978441658790115,0.07509430668639812
USDCLP,110,5m,92,201,2025-06-11,2025-11-11,0.9971806572353642,0.0022592092027245527,4.621394121295078e-4,0.9994398664380888,0.9999020058502183,1,1,0.2735427056422458,0.031694786090664145
USDCLP,110,5m,93,202,2025-06-12,2025-11-12,0.99626261342147715,0.0032049073237572306,4.393149028825073e-4,0.9994675207452344,0.9999068356481169,1,1,0.28086880883787774,0.023330955692957536
USDCLP,110,5m,94,203,2025-06-13,2025-11-13,0.9958404001759469,0.0036528660641606367,4.1907169483264793e-4,0.9994932662401075,0.9999123379349402,1,1,0.28290474899078866,0.01068655492994704
USDCLP,110,5m,95,204,2025-06-16,2025-11-14,0.9958210747237122,0.0036452701404834967,4.289254651645696e-4,0.9994663448641957,0.9998952703293603,1,1,0.32988731419842815,0.1283471631982953
USDCLP,110,5m,96,205,2025-06-17,2025-11-17,0.9957234215530975,0.0037406089896412763,4.266514069401355e-4,0.9994640305427387,0.9998906819496788,1,1,0.3231013031240836,0.02061045418303809
USDCLP,110,5m,97,206,2025-06-18,2025-11-18,0.9956168875852589,0.003771014617644057,5.036278668098638e-4,0.999387902202903,0.9998915300697129,1,1,0.315180240779966,0.034907819281143504
USDCLP,110,5m,98,207,2025-06-19,2025-11-19,0.9955171209933824,0.0037922226751638064,5.834744759189972e-4,0.9993093436685462,0.9998928181444652,1,1,0.3132313217911216,0.025335013213697022
USDCLP,110,5m,99,208,2025-06-20,2025-11-20,0.9954129850611437,0.0038179329925973437,6.651975381191466e-4,0.9992309180537411,0.9998961155918602,1,1,0.31529730313150983,0.018460379450165237
USDCLP,110,5m,100,209,2025-06-23,2025-11-21,0.9953162505692161,0.00384057238660449,7.392748767700644e-4,0.9991568229558206,0.9998960978325907,1,1,0.3160306622918673,0.011433053789320947
USDCLP,110,5m,101,210,2025-06-24,2025-11-24,0.995206506665583,0.0038876714346402197,8.01372270248622e-4,0.9990941781002232,0.9998955503704717,1,1,0.3122091574469484,0.012054472929632782
USDCLP,110,5m,102,211,2025-06-25,2025-11-25,0.9951126814933163,0.0039066225545693065,8.753918474070868e-4,0.9990193040478856,0.9998946958952927,1,1,0.30695609019037856,0.014385050992542808
USDCLP,110,5m,103,212,2025-06-26,2025-11-26,0.9949914834335842,0.003955780264228807,9.476847471993014e-4,0.9989472636978131,0.9998949484450124,1,1,0.2990506813124824,0.019603690563271686
USDCLP,110,5m,104,213,2025-06-27,2025-11-27,0.9948881626241419,0.003974443161149351,0.0010333965972700618,0.9988626057852913,0.9998960023825614,1,1,0.30024358223587116,0.007994528224914213
USDCLP,110,5m,105,214,2025-06-30,2025-11-28,0.9947979269892829,0.0039969465795610575,0.0010975372158243644,0.998794873568844,0.9998924107846684,1,1,0.28229361957813603,0.02509539752886517
USDCLP,110,5m,106,215,2025-07-01,2025-12-01,0.9947454545406283,0.003974340246831089,0.00117115091194756,0.9987197947874594,0.999890945699407,1,1,0.27325866446633496,0.013563229787138817
USDCLP,110,5m,107,216,2025-07-02,2025-12-02,0.9946590377108722,0.003998827899263078,0.001231048780676491,0.9986578656101353,0.9998889143908117,1,1,0.2611097757428158,0.018860434456541116
USDCLP,110,5m,108,217,2025-07-03,2025-12-03,0.9945761030458184,0.004016727666323763,0.0012957621196783438,0.9985928307121422,0.9998885928318205,1,1,0.2518751283823436,0.014751680183315338
USDCLP,110,5m,109,218,2025-07-04,2025-12-04,0.9945041796195063,0.004026587616635145,0.0013498798604198651,0.9985307672361414,0.9998806470965613,1,1,0.23757543726433553,0.02543639340954147
USDCLP,110,5m,110,219,2025-07-07,2025-12-05,0.9944252457177793,0.004050835369193245,0.001399312396503161,0.9984760810869726,0.9998753934834758,1,1,0.2257049550697209,0.023313968621285933
USDCLP,110,5m,111,220,2025-07-08,2025-12-08,0.9943672705977126,0.004056393976925168,0.0014538058900817798,0.9984236645746377,0.9998774704647195,1,1,0.22225922936053186,0.008072775596918736
USDCLP,110,5m,112,221,2025-07-09,2025-12-09,0.9943071695449317,0.004062663046774375,0.0015072704541947448,0.9983698325917061,0.9998771030459008,1,1,0.21926872171508255,0.008207879524376353
USDCLP,110,5m,113,222,2025-07-10,2025-12-10,0.9943032182676823,0.004030368742183116,0.0015449016473132655,0.9983335870098654,0.9998784886571787,1,1,0.21848697125907166,0.003804528810718073
USDCLP,110,5m,114,223,2025-07-11,2025-12-11,0.9942685813162953,0.004019446356852754,0.0015913215099297021,0.9982880276731481,0.9998793491830777,1,1,0.2166101687052011,0.0065052546183928875
USDCLP,110,5m,115,224,2025-07-14,2025-12-12,0.9942359637204047,0.004008237478516245,0.0016359356766272285,0.9982442011989209,0.9998801368755481,1,1,0.21537307935935684,0.005575104771774573
USDCLP,110,5m,116,225,2025-07-15,2025-12-15,0.9942061863434334,0.003984055019916812,0.0016898721137520183,0.9981902413633502,0.9998801134771023,1,1,0.2138539839542324,0.004704022406920726
USDCLP,110,5m,117,226,2025-07-16,2025-12-16,0.9941885089236714,0.00394425307683518,0.0017477571641950644,0.9981327620005066,0.9998805191647017,1,1,0.2114378064789753,0.004534237352021828
USDCLP,110,5m,118,227,2025-07-17,2025-12-17,0.9941388995395514,0.003925411343053269,0.0018153593336967253,0.9980643108826046,0.9998796702163013,1,1,0.2085728827234907,0.006356612775392245
USDCLP,110,5m,119,228,2025-07-18,2025-12-18,0.9940784627002538,0.003924829488195782,0.0018737777498227832,0.9980032921884496,0.9998770699382724,1,1,0.205818700064244,0.008932943727863745
USDCLP,110,5m,120,229,2025-07-21,2025-12-19,0.9940341945906008,0.003897743140069391,0.001943399168350065,0.9979319377306702,0.9998753368990203,1,1,0.20282591369513564,0.008229707805356024
USDCLP,110,5m,121,230,2025-07-22,2025-12-22,0.9940289541713677,0.003839025510766058,0.002007672701597215,0.9978679796821338,0.999875652383731,1,1,0.1990137945850579,0.007508851697252473
USDCLP,110,5m,122,231,2025-07-23,2025-12-23,0.9939931411141865,0.003807294157519158,0.00207502039646424,0.9978004352717056,0.9998754556681698,1,1,0.19700509610253436,0.00547791284711081
USDCLP,110,5m,123,232,2025-07-24,2025-12-24,0.9939583934054994,0.003772832056552088,0.002144179293542494,0.9977312254620515,0.999875404755594,1,1,0.19455032742109082,0.005250454872329993
USDCLP,110,5m,124,233,2025-07-25,2025-12-25,0.9938900511852582,0.00376862862755685,0.002215994684686783,0.9976586798128151,0.9998746744975019,1,1,0.1952587817459144,0.004658885143682044
USDCLP,110,5m,125,234,2025-07-28,2025-12-26,0.9938171338568573,0.003761673433909645,0.002294718804167274,0.997578807290767,0.9998735260949343,1,1,0.19309039343301762,0.005079540499461383
USDCLP,110,5m,126,235,2025-07-29,2025-12-29,0.993787933757624,0.0037281610666539547,0.00235636885695086,0.9975160948242779,0.9998724636812288,1,1,0.1928034819669006,0.0037778733804292607
USDCLP,110,5m,127,236,2025-07-30,2025-12-30,0.9937544597323358,0.0037019185549340824,0.00241430183643317,0.9974563782872699,0.9998706801237031,1,1,0.19168285478071045,0.004191871894218168
USDCLP,110,5m,128,237,2025-07-31,2025-12-31,0.9937226894588765,0.0036820165136862352,0.00246431259198683,0.9974047059725628,0.9998690185645497,1,1,0.19169205801041359,0.0030279264226690233
USDCLP,110,5m,129,238,2025-08-01,2026-01-01,0.9936846106970343,0.003663951860371625,0.002519385826127063,0.9973485625574059,0.999867948383533,1,1,0.19167428351198187,0.00517473481741603
USDCLP,110,5m,130,239,2025-08-04,2026-01-02,0.9936599480482806,0.003627849596129808,0.002580245342321392,0.9972877976444104,0.9998680429867318,1,1,0.18873923121311945,0.00566691308277153
USDCLP,110,5m,131,240,2025-08-05,2026-01-05,0.9936375131464981,0.003596996802834278,0.002634131866134781,0.9972345099493324,0.9998686418154672,1,1,0.18706705620810998,0.00567714127656636
USDCLP,110,5m,132,241,2025-08-06,2026-01-06,0.9936316850571558,0.0035588469219497705,0.002679345986251031,0.9971905319791056,0.9998698779653566,1,1,0.18476056940011412,0.0058446442166472
USDCLP,110,5m,133,242,2025-08-07,2026-01-07,0.993595758584693,0.0035606215821883612,0.0027127601652081608,0.9971563801668814,0.9998691403320895,1,1,0.184427487439478,0.0028783215162574817
USDCLP,110,5m,134,243,2025-08-08,2026-01-08,0.9935478717469693,0.003576493551505931,0.002743579274778361,0.9971243652984753,0.9998679445732536,1,1,0.1846331013067621,0.002237021666360585
USDCLP,110,5m,135,244,2025-08-11,2026-01-09,0.9935217292786875,0.0035762415414154923,0.002769112207672086,0.997097970820103,0.999867083027775,1,1,0.1846449728401008,0.002187875622365978
USDCLP,110,5m,136,245,2025-08-12,2026-01-12,0.993524253262422,0.00353559851405731,0.0028075595206455456,0.9970598517764793,0.9998674112971249,1,1,0.18458590325173907,0.0039027542389290675
USDCLP,110,5m,137,246,2025-08-13,2026-01-13,0.9935396940469667,0.0034897829802780266,0.0028383247140855443,0.9970294770272448,0.9998678017413303,1,1,0.18443319268843797,0.003347746519950632
USDCLP,110,5m,138,247,2025-08-14,2026-01-14,0.9935326745396659,0.0034569197599886776,0.002878476605075033,0.9969895942996545,0.9998680709047295,1,1,0.18620538485478427,0.0031075619661015247
USDCLP,110,5m,139,248,2025-08-15,2026-01-15,0.9935155677198086,0.003457351153036562,0.002896073944228591,0.9969729188728452,0.9998689928170739,1,1,0.18473162986854835,0.006017357103159475
USDCLP,110,5m,140,249,2025-08-18,2026-01-16,0.9935087999627749,0.003458954859774556,0.0029015168598746015,0.9969677548225494,0.999869271682424,1,1,0.18288906710565453,0.007986242000288359
USDCLP,110,5m,141,250,2025-08-19,2026-01-19,0.9935229178742525,0.003446216144420494,0.0029016314573763607,0.996969134018673,0.9998707654760494,1,1,0.18109342933096387,0.0059278098586548165
USDCLP,110,5m,142,251,2025-08-20,2026-01-20,0.9935482300903624,0.003426530343759023,0.0028976438207516126,0.9969747604341215,0.9998724042548731,1,1,0.17985386758096955,0.00666744381894511
USDCLP,110,5m,143,252,2025-08-21,2026-01-21,0.9935919469106832,0.003364258500048489,0.002915995631548958,0.9969562054107317,0.9998722010422807,1,1,0.1800814625686583,0.002570614658383631
USDCLP,110,5m,144,253,2025-08-22,2026-01-22,0.9936617457479022,0.003296421662137001,0.002914054211089077,0.9969581674100392,0.9998722216211282,1,1,0.18102809935696326,0.0030810196795439306
USDCLP,110,5m,145,254,2025-08-25,2026-01-23,0.9937250818799208,0.003256256421396888,0.002890247994885697,0.9969813383013177,0.9998715862962034,1,1,0.1820109465737912,0.004901000925182164
USDCLP,110,5m,146,255,2025-08-26,2026-01-26,0.9938054723836919,0.003230985958495213,0.0028352368097910668,0.9970364583421871,0.9998716951519782,1,1,0.18351562661124413,0.004695608159765512
USDCLP,110,5m,147,256,2025-08-27,2026-01-27,0.9938875953731962,0.003210113286555513,0.002774154656905896,0.9970977086597517,0.9998718633166576,1,1,0.18487655416104315,0.003760322166364935
USDCLP,110,5m,148,257,2025-08-28,2026-01-28,0.9939625177140166,0.0032191947139163855,0.0026871184303736005,0.997181712427933,0.9998688308583066,1,1,0.18602475039697067,0.008955800683887518
USDCLP,110,5m,149,258,2025-08-29,2026-01-29,0.9940707761334148,0.003204172481876125,0.0025941483932192854,0.9972749486152909,0.9998690970085101,1,1,0.1880264393132034,0.0048592839543350076
USDCLP,110,5m,150,259,2025-09-01,2026-01-30,0.9941887587365876,0.0031966247048023783,0.0024830217797815073,0.99738538344139,0.9998684052211716,1,1,0.18962117491173183,0.004559626768347816
USDCLP,110,5m,151,260,2025-09-02,2026-02-02,0.994255867560087,0.003219711698295434,0.0023891888028761783,0.9974755792583824,0.9998647680612586,1,1,0.18998173314554345,0.006494842985935304
USDCLP,110,5m,152,261,2025-09-03,2026-02-03,0.9943615820355324,0.003222764002460584,0.0022774165217865875,0.997584346037993,0.9998617625597795,1,1,0.18952190426551693,0.006363075310777073
USDCLP,110,5m,153,262,2025-09-04,2026-02-04,0.9944881733685245,0.0032305685009244444,0.0021422576125183154,0.9977187418694489,0.9998609994819672,1,1,0.19234468584136255,0.005446265813955169
USDCLP,110,5m,154,263,2025-09-05,2026-02-05,0.9946191638852632,0.003226848381603362,0.0020109360969002865,0.9978460122668665,0.9998569483637668,1,1,0.19397695324849426,0.005809149965450029
USDCLP,110,5m,155,264,2025-09-08,2026-02-06,0.9947756768412337,0.0032278596249656426,0.0018514647977666851,0.9980035364661993,0.999855001263966,1,1,0.19971662182560213,0.008582049107909927
USDCLP,110,5m,156,265,2025-09-09,2026-02-09,0.9949262587599168,0.0032198528579144075,0.0017081339005370992,0.9981461116178312,0.9998542455183683,1,1,0.2067604336143182,0.010289372321600388
USDCLP,110,5m,157,266,2025-09-10,2026-02-10,0.9950678500991995,0.0032154196552540626,0.0015717804836735177,0.9982832697544536,0.9998550502381272,1,1,0.21628099724624705,0.01456650600161173
USDCLP,110,5m,158,267,2025-09-11,2026-02-11,0.9952025913337248,0.0032108557697031956,0.0014419402754015092,0.9984134471034279,0.9998553873788294,1,1,0.22672423516559062,0.014476867912470184
USDCLP,110,5m,159,268,2025-09-12,2026-02-12,0.9952831864071409,0.003201052390967282,0.0013713801408447223,0.9984842387981081,0.9998556189389528,1,1,0.2308286553363084,0.008679901012181773
USDCLP,110,5m,160,269,2025-09-15,2026-02-13,0.9953572709472513,0.0031853491342350355,0.0013120526707732557,0.9985426200814864,0.9998546727522597,1,1,0.23488269542965678,0.0066859910825486256
USDCLP,110,5m,161,270,2025-09-16,2026-02-16,0.9954396410132318,0.003166298868483618,0.0012454708875983245,0.9986059398817154,0.9998514107693137,1,1,0.2349133738066695,0.003749375613272846
USDCLP,110,5m,162,271,2025-09-17,2026-02-17,0.9954708071883331,0.0031647771925361378,0.0012129592262625697,0.9986355843808693,0.9998485436071318,1,1,0.23426708079674233,0.0031992090531332913
USDCLP,110,5m,163,272,2025-09-18,2026-02-18,0.9954912589110892,0.003164592362071739,0.001190946860659892,0.998655851273161,0.9998467981338209,1,1,0.23440562962919226,0.003116807050194548
USDCLP,110,5m,164,273,2025-09-19,2026-02-19,0.9955138891624545,0.0031653310651499848,0.0011655266523999345,0.9986792202276045,0.9998447468800044,1,1,0.23408926982243758,0.003429247388452516
USDCLP,110,5m,165,274,2025-09-22,2026-02-20,0.9955450447972858,0.0031646049296867305,0.0011329531227451987,0.9987096497269725,0.9998426028497177,1,1,0.2358456733056,0.004261888928408934
USDCLP,110,5m,166,275,2025-09-23,2026-02-23,0.9955735719564122,0.003166433505538647,0.0011000091858683568,0.9987400054619509,0.9998400146478192,1,1,0.2365107657614412,0.0037512774039459903
USDCLP,110,5m,167,276,2025-09-24,2026-02-24,0.9955913980064114,0.0031692374774753636,0.0010796181774060424,0.9987606354838867,0.9998402536612928,1,1,0.23977390897045625,0.008218770805453858
USDCLP,110,5m,168,277,2025-09-25,2026-02-25,0.9956075484837893,0.003171713001786981,0.0010608633463605886,0.9987792614855763,0.9998401248319368,1,1,0.24187372856392209,0.006797370508666935
USDCLP,110,5m,169,278,2025-09-26,2026-02-26,0.9956418696225491,0.003170435130792573,0.0010261540725020613,0.9988123047533417,0.9998384588258438,1,1,0.24436963970647643,0.005570543037890188
USDCLP,110,5m,170,279,2025-09-29,2026-02-27,0.9957329797358201,0.0031479677275543906,9.553544580893035e-4,0.9988809474633745,0.9998363019214638,1,1,0.240490292526296,0.010217861248340515
USDCLP,110,5m,171,280,2025-09-30,2026-03-02,0.9957680312482564,0.0031419600712961223,9.237304703665115e-4,0.9989099913195525,0.999833721789919,1,1,0.24772128231797155,0.011467708468260233
USDCLP,110,5m,172,281,2025-10-01,2026-03-03,0.9958371749180582,0.0031213509862857056,8.684140246979034e-4,0.998958525904344,0.9998269399290419,1,1,0.25506011939873036,0.013822546154014227
USDCLP,110,5m,173,282,2025-10-02,2026-03-04,0.9959120727345817,0.003087027661837982,8.071971240217312e-4,0.9989991003964197,0.9998062975204415,1,1,0.27077974459521387,0.025306517519585306
USDCLP,110,5m,174,283,2025-10-03,2026-03-05,0.9959952455453425,0.0030613216438307215,7.432271865448972e-4,0.9990565671891732,0.9997997943757181,1,1,0.28404789459752283,0.023705242916746683
USDCLP,110,5m,175,284,2025-10-06,2026-03-06,0.9961201070004579,0.0029991084623380232,6.755059412367235e-4,0.9991192154627959,0.9997947214040327,1,1,0.32182658150648485,0.053941718197981194
USDCLP,110,5m,176,285,2025-10-07,2026-03-09,0.9961830554386389,0.0029892741092647688,6.047100427691947e-4,0.9991723295479037,0.9997770395906729,1,1,0.37740914718845425,0.07590084368440303
USDCLP,110,5m,177,286,2025-10-08,2026-03-10,0.9962019150689081,0.0030324959157068928,5.356445157388003e-4,0.999234410984615,0.9997700555003538,1,1,0.4148582447285198,0.048512341642341396
USDCLP,110,5m,178,287,2025-10-09,2026-03-11,0.9962740236454173,0.003026695032411891,4.6360922063167035e-4,0.9993007186778292,0.9997643278984609,1,1,0.48895452469382306,0.08465664777366985
USDCLP,110,5m,179,288,2025-10-10,2026-03-12,0.9963406245429018,0.00303020594172871,3.9542076165597376e-4,0.9993708304846306,0.9997662512462866,1,1,0.6013755364244687,0.12786334370701893
USDCLP,110,5m,180,289,2025-10-13,2026-03-13,0.9963680167484971,0.003072429183270099,3.3206388321377594e-4,0.9994404459317672,0.999772509814981,1,1,0.7760644971817325,0.20470767054047842
USDCLP,110,5m,181,290,2025-10-14,2026-03-16,0.9963163849136507,0.0031407832503279037,3.2243609390259246e-4,0.9994571681639786,0.9997796042578811,1,1,0.9214965859986901,0.1839884662366571
USDCLP,110,5m,182,291,2025-10-15,2026-03-17,0.9962887523729037,0.003185861738835455,3.257298057580955e-4,0.9994746141117392,0.9998003439174973,1,1,1.049815774685519,0.18629479309615038
USDCLP,110,5m,183,292,2025-10-16,2026-03-18,0.9961988126847765,0.003252397536687835,3.5332943249233436e-4,0.9994512102214643,0.9998045396539567,1,1,1.050615876934997,0.013844059983062311
USDCLP,110,5m,184,293,2025-10-17,2026-03-19,0.9960412594797601,0.00335785837251621,3.9798305877971805e-4,0.9993991178522763,0.999797100911056,1,1,1.026244025470145,0.037064540212100476
USDCLP,110,5m,185,294,2025-10-20,2026-03-20,0.9958372876112485,0.0034832757392185766,4.639825228115481e-4,0.999320563350467,0.9997845458732786,1,1,0.9852216469959084,0.06045439411493376
USDCLP,110,5m,186,295,2025-10-21,2026-03-23,0.995520513296569,0.0036925782012508144,5.541744968075151e-4,0.9992130914978198,0.9997672659946273,1,1,0.9475173247023129,0.05278000524383441
USDCLP,110,5m,187,296,2025-10-22,2026-03-24,0.9952174262329513,0.0038795568456083383,6.524204590192228e-4,0.9990969830785597,0.9997494035375789,1,1,0.9167742889704736,0.0416394882398002
USDCLP,110,5m,188,297,2025-10-23,2026-03-25,0.99493970104804,0.004051064848708097,7.39946507748722e-4,0.9989907658967481,0.9997307124044967,1,1,0.8981790956064076,0.025529451031631425
USDCLP,110,5m,189,298,2025-10-24,2026-03-26,0.994677830783715,0.004254168909060762,7.813511002695053e-4,0.9989319996927757,0.9997133507930452,1,1,0.8915100755033813,0.012381233170161226
USDCLP,110,5m,190,299,2025-10-27,2026-03-27,0.9945249480009981,0.0043237823331014145,8.486306669845152e-4,0.9988487303340995,0.999697361001084,1,1,0.8766078846378882,0.020908171502322097
USDCLP,132,6m,1,132,2025-02-04,2025-08-06,0.9905907598548531,0.007551042646968561,0.0012067144814215008,0.9981418025018217,0.9993485169832432,1,1,0.8749701610465328,NA
USDCLP,132,6m,2,133,2025-02-05,2025-08-07,0.9906743951454503,0.007480193851979477,0.0011981013822286082,0.9981545889974298,0.9993526903796585,1,1,0.8721014465558513,0.007879733046514322
USDCLP,132,6m,3,134,2025-02-06,2025-08-08,0.9907306608348136,0.0074393927090833775,0.0011851138894683104,0.998170053543897,0.9993551674333653,1,1,0.8678718878266828,0.008224915696897357
USDCLP,132,6m,4,135,2025-02-07,2025-08-11,0.9907498316395744,0.007419888988271802,0.0011854940554635856,0.9981697206278463,0.9993552146833098,1,1,0.8644786337586379,0.007812148365078956
USDCLP,132,6m,5,136,2025-02-10,2025-08-12,0.990819135840586,0.007351668536479072,0.0011854508455424128,0.9981708043770651,0.9993562552226075,1,1,0.8604330905202948,0.010548618306422555
USDCLP,132,6m,6,137,2025-02-11,2025-08-13,0.9907933870730503,0.007367287817779742,0.0011916953572991662,0.99816067489083,0.9993523702481292,1,1,0.8591778136778746,0.004725429570491951
USDCLP,132,6m,7,138,2025-02-12,2025-08-14,0.9905793867507503,0.0075441732026021655,0.0012134937537703317,0.9981235599533524,0.9993370537071228,1,1,0.8677774075650493,0.023737877432117596
USDCLP,132,6m,8,139,2025-02-13,2025-08-15,0.9904471156194162,0.007637978476192583,0.0012335865274234743,0.9980850940956089,0.9993186806230323,1,1,0.8763018932545042,0.021040886051479454
USDCLP,132,6m,9,140,2025-02-14,2025-08-18,0.9902790460343578,0.007784515972826137,0.0012356756244452627,0.9980635620071839,0.9992992376316292,1,1,0.8797636575573918,0.01846719661572029
USDCLP,132,6m,10,141,2025-02-17,2025-08-19,0.9902739318210456,0.00778324856706316,0.0012310981857622724,0.9980571803881088,0.999288278573871,1,1,0.880968956835975,0.014461089316745925
USDCLP,132,6m,11,142,2025-02-18,2025-08-20,0.9903044761991113,0.0077282810703503905,0.0012472804429326991,0.9980327572694617,0.9992800377123944,1,1,0.8787117265951875,0.008663481383758416
USDCLP,132,6m,12,143,2025-02-19,2025-08-21,0.9904037380935711,0.007610901822981476,0.001257321205920788,0.9980146399165526,0.9992719611224734,1,1,0.8698064260216446,0.016862040124576393
USDCLP,132,6m,13,144,2025-02-20,2025-08-22,0.9904632756717001,0.007528233205389056,0.0012652092335726033,0.9979915088770892,0.9992567181106619,1,1,0.8653508466086708,0.008116248190863876
USDCLP,132,6m,14,145,2025-02-21,2025-08-25,0.990530838505258,0.0074465072030279345,0.0012693256669699042,0.997977345708286,0.9992466713752559,1,1,0.8576438769983064,0.01447775473444944
USDCLP,132,6m,15,146,2025-02-24,2025-08-26,0.9907649105103622,0.007211368108703014,0.0012695698694674582,0.9979762786190652,0.9992458484885327,1,1,0.8482090785073625,0.020863181300435515
USDCLP,132,6m,16,147,2025-02-25,2025-08-27,0.9908230032550034,0.007149403740193067,0.0012647274646267954,0.9979724069951964,0.9992371344598232,1,1,0.8447385467904479,0.008637694264965917
USDCLP,132,6m,17,148,2025-02-26,2025-08-28,0.9909440704086274,0.0070319564479378194,0.0012583881414342554,0.9979760268565653,0.9992344149979996,1,1,0.8396298177797669,0.011952113580449937
USDCLP,132,6m,18,149,2025-02-27,2025-08-29,0.9910217887255306,0.006959795077413583,0.0012469062083569347,0.9979815838029442,0.9992284900113011,1,1,0.8428715391836231,0.00972081007055138
USDCLP,132,6m,19,150,2025-02-28,2025-09-01,0.9910702233942995,0.006919353170574728,0.0012336492903671946,0.9979895765648742,0.9992232258552414,1,1,0.8439758775672099,0.006095433931502606
USDCLP,132,6m,20,151,2025-03-03,2025-09-02,0.9911588200512784,0.006900370878861145,0.001167294438362608,0.9980591909301396,0.9992264853685022,1,1,0.8282639466318057,0.03396595500727154
USDCLP,132,6m,21,152,2025-03-04,2025-09-03,0.9911913101763002,0.006880805225011663,0.0011541932770946781,0.9980721154013119,0.9992263086784066,1,1,0.8307133133752044,0.008565006231379655
USDCLP,132,6m,22,153,2025-03-05,2025-09-04,0.9912357956339658,0.00685523088939714,0.0011355554572470025,0.9980910265233629,0.9992265819806099,1,1,0.8354345059911807,0.012736787103128273
USDCLP,132,6m,23,154,2025-03-06,2025-09-05,0.9913035496682824,0.006803433286058382,0.0011179962893761752,0.9981069829543407,0.9992249792437169,1,1,0.8448826501038522,0.020830414426294946
USDCLP,132,6m,24,155,2025-03-07,2025-09-08,0.9914497447609382,0.006695669075427614,0.0010853744485686046,0.9981454138363658,0.9992307882849344,1,1,0.852655500868587,0.018632821935691303
USDCLP,132,6m,25,156,2025-03-10,2025-09-09,0.9915866248728957,0.006651136523670826,9.997233012795869e-4,0.9982377613965665,0.9992374846978461,1,1,0.8406547959033944,0.03294829801080771
USDCLP,132,6m,26,157,2025-03-11,2025-09-10,0.9916839953937294,0.0065745166387992235,9.827715272729962e-4,0.9982585120325287,0.9992412835598017,1,1,0.8487091017820275,0.020934063621560726
USDCLP,132,6m,27,158,2025-03-12,2025-09-11,0.9918104797070255,0.006415236403534737,0.0010082032738001963,0.9982257161105602,0.9992339193843605,1,1,0.8094525345350151,0.05527512624976231
USDCLP,132,6m,28,159,2025-03-13,2025-09-12,0.9920737571886784,0.006140845090934331,0.0010209746594883736,0.9982146022796128,0.9992355769391011,1,1,0.7601821360059736,0.06777004957634777
USDCLP,132,6m,29,160,2025-03-14,2025-09-15,0.9924027299813134,0.005848995815088299,9.895798373630298e-4,0.9982517257964018,0.9992413056337648,1,1,0.7222725465278665,0.05506651109072548
USDCLP,132,6m,30,161,2025-03-17,2025-09-16,0.9930942956854498,0.005261369573071881,9.155892916104282e-4,0.9983556652585217,0.9992712545501321,1,1,0.6839770228515805,0.052468481877234255
USDCLP,132,6m,31,162,2025-03-18,2025-09-17,0.9936598037797918,0.004788784251992901,8.567000125579469e-4,0.9984485880317847,0.9993052880443427,1,1,0.6402393545452573,0.05854593059960843
USDCLP,132,6m,32,163,2025-03-19,2025-09-18,0.9941371900476824,0.004402544033337782,7.981476534755516e-4,0.9985397340810201,0.9993378817344957,1,1,0.605339734041061,0.048701557067649705
USDCLP,132,6m,33,164,2025-03-20,2025-09-19,0.9943858812311884,0.004194771430453322,7.746071055354217e-4,0.9985806526616418,0.9993552597671772,1,1,0.5620987237466304,0.0633170174457216
USDCLP,132,6m,34,165,2025-03-21,2025-09-22,0.9946210164579488,0.003993249646731509,7.571814424196145e-4,0.9986142661046803,0.9993714475471,1,1,0.5234514203460108,0.06359484188554705
USDCLP,132,6m,35,166,2025-03-24,2025-09-23,0.9947230351447581,0.003917469846586099,7.511754247442741e-4,0.9986405049913443,0.9993916804160885,1,1,0.4853950786907527,0.0704040153891618
USDCLP,132,6m,36,167,2025-03-25,2025-09-24,0.9948716513739267,0.0037982996380424815,7.463289242352778e-4,0.9986699510119692,0.9994162799362045,1,1,0.4616505600630263,0.05194388829552077
USDCLP,132,6m,37,168,2025-03-26,2025-09-25,0.9950148889527478,0.0036654776411100846,7.526543046828332e-4,0.998680366593858,0.9994330208985408,1,1,0.4405193715196209,0.051233662310393016
USDCLP,132,6m,38,169,2025-03-27,2025-09-26,0.9950647747775101,0.0036313378121491623,7.44203961496602e-4,0.9986961125896593,0.9994403165511558,1,1,0.41148119822540785,0.09791648567622421
USDCLP,132,6m,39,170,2025-03-28,2025-09-29,0.9951635014713812,0.003562354588229938,7.350823284104335e-4,0.9987258560596112,0.9994609383880216,1,1,0.40739971951247717,0.05460145227661171
USDCLP,132,6m,40,171,2025-03-31,2025-09-30,0.9953228704987911,0.00343530873813182,7.172114685037947e-4,0.9987581792369229,0.9994753907054267,1,1,0.4105533519583754,0.05425949151647851
USDCLP,132,6m,41,172,2025-04-01,2025-10-01,0.9953771139202267,0.0033778244455833005,7.309522039787048e-4,0.99875493836581,0.9994858905697886,1,1,0.41395914550287666,0.021607315376199518
USDCLP,132,6m,42,173,2025-04-02,2025-10-02,0.9954954809755096,0.0032969499908582344,7.042591839701475e-4,0.9987924309663678,0.9994966901503379,1,1,0.42142044982661253,0.020958202452409567
USDCLP,132,6m,43,174,2025-04-03,2025-10-03,0.9955785478495436,0.003241841534378974,6.885948956706914e-4,0.9988203893839226,0.9995089842795933,1,1,0.43010460305364967,0.022970007043839884
USDCLP,132,6m,44,175,2025-04-04,2025-10-06,0.9957301729069948,0.0031407569319123296,6.553633549424943e-4,0.9988709298389071,0.9995262931938497,1,1,0.43844184427413363,0.024303855743839656
USDCLP,132,6m,45,176,2025-04-07,2025-10-07,0.99587375254319,0.003047616100926999,6.240930207357434e-4,0.998921368644117,0.9995454616648527,1,1,0.45025527353142997,0.043960455203635486
USDCLP,132,6m,46,177,2025-04-08,2025-10-08,0.9960164026678345,0.002955447691409032,6.008741277965376e-4,0.9989718503592435,0.99957272448704,1,1,0.4698460379897939,0.053040331964848426
USDCLP,132,6m,47,178,2025-04-09,2025-10-09,0.9961612321797383,0.00286355444099098,5.804510813550053e-4,0.9990247866207292,0.9996052377020842,1,1,0.4973944456842044,0.06300897403671477
USDCLP,132,6m,48,179,2025-04-10,2025-10-10,0.9961915034141796,0.002853154527090647,5.775837403788241e-4,0.9990446579412703,0.9996222416816491,1,1,0.5164585592980355,0.06721926944368609
USDCLP,132,6m,49,180,2025-04-11,2025-10-13,0.9963499623758753,0.0027188452012324445,5.862377009519264e-4,0.9990688075771077,0.9996550452780596,1,1,0.5255347648974139,0.06995418280543526
USDCLP,132,6m,50,181,2025-04-14,2025-10-14,0.9964182109005363,0.002679643730586501,5.809411857068606e-4,0.9990978546311228,0.9996787958168296,1,1,0.5225896154370556,0.010574236340420769
USDCLP,132,6m,51,182,2025-04-15,2025-10-15,0.9965957860645552,0.0025628632191115274,5.5633500226643e-4,0.9991586492836667,0.9997149842859332,1,1,0.4864678807987679,0.06096260227184519
USDCLP,132,6m,52,183,2025-04-16,2025-10-16,0.9968291738858976,0.0024273442370701115,5.034354901341618e-4,0.9992565181229678,0.999759953613102,1,1,0.4462482561140643,0.07554547473862648
USDCLP,132,6m,53,184,2025-04-17,2025-10-17,0.9970596485580209,0.002280117128348734,4.5728936014478047e-4,0.9993397656863696,0.9997970550465144,1,1,0.4256974523323176,0.04051599719020205
USDCLP,132,6m,54,185,2025-04-18,2025-10-20,0.9973242804210014,0.002091408432310051,4.1021003815057004e-4,0.9994156888533114,0.999825898891462,1,1,0.410335828028006,0.04993857804069026
USDCLP,132,6m,55,186,2025-04-21,2025-10-21,0.9975596137412386,0.0019034155991752913,3.805626621758182e-4,0.9994630293404139,0.9998435920025897,1,1,0.4122750903634813,0.024923910434116243
USDCLP,132,6m,56,187,2025-04-22,2025-10-22,0.9977123674751565,0.0017911741480279894,3.541660703723657e-4,0.9995035416231844,0.9998577076935569,1,1,0.41445046621686615,0.013697273576539291
USDCLP,132,6m,57,188,2025-04-23,2025-10-23,0.9978876046683076,0.001645297064288597,3.311614903679056e-4,0.9995329017325962,0.9998640632229642,1,1,0.4085326322036742,0.011980456603468095
USDCLP,132,6m,58,189,2025-04-24,2025-10-24,0.9980380130137563,0.001520397965740792,3.0950870318000685e-4,0.999558410979497,0.9998679196826771,1,1,0.39506713739429855,0.017180647648650262
USDCLP,132,6m,59,190,2025-04-25,2025-10-27,0.9981883156793264,0.0013963197990163262,2.8857963044169366e-4,0.9995846354783428,0.9998732151087845,1,1,0.3960278264698257,0.013438455967077493
USDCLP,132,6m,60,191,2025-04-28,2025-10-28,0.9982277303380613,0.001367859845381674,2.810304245235518e-4,0.999595590183443,0.9998766206079666,1,1,0.3887373581950978,0.012940171810386222
USDCLP,132,6m,61,192,2025-04-29,2025-10-29,0.9982609736742348,0.0013457569606135152,2.756124200005196e-4,0.9996067306348484,0.9998823430548489,1,1,0.3848370554807728,0.013461982946588964
USDCLP,132,6m,62,193,2025-04-30,2025-10-30,0.9983237545044394,0.0012975177545188597,2.665379285838524e-4,0.9996212722589582,0.9998878101875421,1,1,0.38171171170530066,0.007505134047226054
USDCLP,132,6m,63,194,2025-05-01,2025-10-31,0.9983672691863683,0.0012648099717385414,2.606917934995275e-4,0.9996320791581068,0.9998927709516063,1,1,0.3792607103793666,0.007610790975644256
USDCLP,132,6m,64,195,2025-05-02,2025-11-03,0.9983544381715831,0.0012664181178488625,2.724337445498586e-4,0.999620856289432,0.9998932900339819,1,1,0.3539089167367375,0.042716758697079554
USDCLP,132,6m,65,196,2025-05-05,2025-11-04,0.9982887166052475,0.0012940527784092114,3.0853342367021897e-4,0.9995827693836568,0.999891302807327,1,1,0.32847620570465846,0.05091424294376617
USDCLP,132,6m,66,197,2025-05-06,2025-11-05,0.9982152305035114,0.001326600553961326,3.492440362043641e-4,0.9995418310574726,0.999891075093677,1,1,0.3198652882208865,0.029790383818313535
USDCLP,132,6m,67,198,2025-05-07,2025-11-06,0.9981676891169604,0.0013394040930272929,3.837691177087638e-4,0.9995070932099877,0.9998908623276964,1,1,0.31643843810848926,0.020433107100778284
USDCLP,132,6m,68,199,2025-05-08,2025-11-07,0.9980752314194312,0.0013980086002838613,4.1770211688047865e-4,0.999473240019715,0.9998909421365956,1,1,0.3132102197197246,0.014848033281772784
USDCLP,132,6m,69,200,2025-05-09,2025-11-10,0.9976417683416778,0.001756446267773948,4.909317709997962e-4,0.9993982146094518,0.9998891463804516,1,1,0.291605554123327,0.078775651346082
USDCLP,132,6m,70,201,2025-05-12,2025-11-11,0.9971642819322895,0.002220295517843326,5.058740079996078e-4,0.9993845774501328,0.9998904514581324,1,1,0.2872804233229462,0.035955459390099226
USDCLP,132,6m,71,202,2025-05-13,2025-11-12,0.996293925000154,0.0031204252803484246,4.807599066878597e-4,0.9994143502805024,0.9998951101871902,1,1,0.2928751597625027,0.020529859301400652
USDCLP,132,6m,72,203,2025-05-14,2025-11-13,0.9958490042970319,0.0035936638501014163,4.5544224345171226e-4,0.9994426681471333,0.9998981103905851,1,1,0.2931297576689167,0.012371441237993894
USDCLP,132,6m,73,204,2025-05-15,2025-11-14,0.9957886536692677,0.0036271021100512117,4.6540178104640106e-4,0.999415755779319,0.9998811575603653,1,1,0.33091060063066025,0.11759257099596716
USDCLP,132,6m,74,205,2025-05-16,2025-11-17,0.9956626908207897,0.0037546263262795594,4.6089732246915163e-4,0.9994173171470693,0.9998782144695384,1,1,0.32350670256579583,0.02052786879620531
USDCLP,132,6m,75,206,2025-05-19,2025-11-18,0.9955460260810208,0.0037990157535575638,5.334760947740394e-4,0.9993450418345784,0.9998785179293525,1,1,0.3139194217675369,0.04075420227113864
USDCLP,132,6m,76,207,2025-05-20,2025-11-19,0.99544452543957,0.0038249734268139992,6.08313463459181e-4,0.9992694988663839,0.9998778123298431,1,1,0.3125847061358665,0.026703995106637676
USDCLP,132,6m,77,208,2025-05-21,2025-11-20,0.9953381083721156,0.0038545159719481376,6.84898307218368e-4,0.9991926243440638,0.9998775226512822,1,1,0.3141332332794715,0.020030775621633357
USDCLP,132,6m,78,209,2025-05-22,2025-11-21,0.9952359097731276,0.003887129283613056,7.545988976831876e-4,0.9991230390567406,0.9998776379544237,1,1,0.31470758744766436,0.012016071380189479
USDCLP,132,6m,79,210,2025-05-23,2025-11-24,0.9951173812904284,0.003948968201369599,8.1137042378508e-4,0.999066349491798,0.999877719915583,1,1,0.31172208132200246,0.01120100760095844
USDCLP,132,6m,80,211,2025-05-26,2025-11-25,0.9950123447587993,0.003985217323518942,8.797109276187664e-4,0.9989975620823183,0.999877273009937,1,1,0.3070637840430899,0.013403579482770198
USDCLP,132,6m,81,212,2025-05-27,2025-11-26,0.9948884838875325,0.0040421632961288685,9.455524663552672e-4,0.9989306471836613,0.9998761996500166,1,1,0.3000362305352286,0.017173736208456553
USDCLP,132,6m,82,213,2025-05-28,2025-11-27,0.994777521623553,0.004072291883372608,0.0010270511461494948,0.9988498135069257,0.9998768646530752,1,1,0.3017191248779068,0.009441059286773678
USDCLP,132,6m,83,214,2025-05-29,2025-11-28,0.9946687845243445,0.00411567385359725,0.001087534788350365,0.9987844583779417,0.999871993166292,1,1,0.28340992501087897,0.024836726539906963
USDCLP,132,6m,84,215,2025-05-30,2025-12-01,0.994572055228986,0.004141870982063768,0.0011565393502089923,0.9987139262110497,0.9998704655612587,1,1,0.2746162804477546,0.014046815667973674
USDCLP,132,6m,85,216,2025-06-02,2025-12-02,0.9944554826128937,0.004196042815414553,0.0012154488203507444,0.9986515254283083,0.999866974248659,1,1,0.26217315426120424,0.018916825379402927
USDCLP,132,6m,86,217,2025-06-03,2025-12-03,0.9943520489409633,0.004235214541530543,0.0012776662315324846,0.9985872634824938,0.9998649297140263,1,1,0.2521607725324415,0.014843554164246485
USDCLP,132,6m,87,218,2025-06-04,2025-12-04,0.9942709113140664,0.004256683586750999,0.001329273815461568,0.9985275949008174,0.999856868716279,1,1,0.23681328809706365,0.024708986827882116
USDCLP,132,6m,88,219,2025-06-05,2025-12-05,0.9941802537698637,0.0042899067387413324,0.0013793035727227131,0.998470160508605,0.9998494640813278,1,1,0.2247711615730041,0.021841121442407744
USDCLP,132,6m,89,220,2025-06-06,2025-12-08,0.9941001252225106,0.004314712319298467,0.0014352989714557117,0.998414837541809,0.9998501365132647,1,1,0.2219313478381442,0.007460763563794277
USDCLP,132,6m,90,221,2025-06-09,2025-12-09,0.9940125605913639,0.0043527151480502665,0.0014849700983016608,0.9983652757394141,0.9998502458377158,1,1,0.2180126399787914,0.00933085507129158
USDCLP,132,6m,91,222,2025-06-10,2025-12-10,0.9939755670361333,0.004358236739346648,0.0015183873430729023,0.99833380377548,0.9998521911185528,1,1,0.2164289711760972,0.004682606760796599
USDCLP,132,6m,92,223,2025-06-11,2025-12-11,0.993916882795097,0.004371521902102501,0.0015642210892077154,0.9982884046971996,0.9998526257864073,1,1,0.21412838191842534,0.006188658205998657
USDCLP,132,6m,93,224,2025-06-12,2025-12-12,0.9938475818612136,0.004395097257317994,0.0016105388458205504,0.9982426791185316,0.9998532179643521,1,1,0.21242842800908437,0.0053686373937316565
USDCLP,132,6m,94,225,2025-06-13,2025-12-15,0.9937868268702822,0.004405960940258804,0.0016622344221477565,0.998192787810541,0.9998550222326887,1,1,0.2103083668767031,0.005453468408198986
USDCLP,132,6m,95,226,2025-06-16,2025-12-16,0.9937202194656867,0.004420490192397625,0.001716222401093125,0.9981407096580843,0.9998569320591775,1,1,0.20820316751355694,0.004901644215419326
USDCLP,132,6m,96,227,2025-06-17,2025-12-17,0.9936633767109829,0.004417349963574435,0.001775615059219392,0.9980807266745574,0.9998563417337768,1,1,0.20589232021002218,0.007009799331349422
USDCLP,132,6m,97,228,2025-06-18,2025-12-18,0.9936026934098303,0.004430598640331124,0.001823215168216988,0.9980332920501614,0.9998565072183785,1,1,0.2031990371618814,0.00954671908272817
USDCLP,132,6m,98,229,2025-06-19,2025-12-19,0.993563067226202,0.004417898622367591,0.001876547302199533,0.9979809658485697,0.9998575131507692,1,1,0.20084033970811307,0.008700784298908523
USDCLP,132,6m,99,230,2025-06-20,2025-12-22,0.9935346746647835,0.004400578648865526,0.0019254060832326382,0.9979352533136491,0.9998606593968817,1,1,0.19931217267138218,0.007858913550761334
USDCLP,132,6m,100,231,2025-06-23,2025-12-23,0.9934951991125451,0.004383641716101659,0.0019816880317342074,0.9978788408286468,0.9998605288603809,1,1,0.19867432690319772,0.0052137813536896754
USDCLP,132,6m,101,232,2025-06-24,2025-12-24,0.9934606344606851,0.004366906107059171,0.0020326378519626405,0.9978275405677443,0.9998601784197069,1,1,0.19771005941721143,0.004822065052314656
USDCLP,132,6m,102,233,2025-06-25,2025-12-25,0.9934339926846674,0.004340979884567957,0.0020851908696214497,0.9977749725692353,0.9998601634388568,1,1,0.19801311131805194,0.0037435885281653335
USDCLP,132,6m,103,234,2025-06-26,2025-12-26,0.9933960849169337,0.004334970507187559,0.0021305245113365017,0.9977310554241212,0.9998615799354578,1,1,0.1972180623384661,0.004787846535191047
USDCLP,132,6m,104,235,2025-06-27,2025-12-29,0.9933632623107547,0.004327043346504278,0.0021726179167817607,0.9976903056572589,0.9998629235740407,1,1,0.19764316975985094,0.003439842967835416
USDCLP,132,6m,105,236,2025-06-30,2025-12-30,0.993325426289945,0.004332284684939236,0.00220582211306683,0.9976577109748843,0.9998635330879512,1,1,0.19774921282668573,0.003982237684641604
USDCLP,132,6m,106,237,2025-07-01,2025-12-31,0.9933101875382448,0.004314476830703259,0.002238451421576885,0.9976246643689481,0.999863115790525,1,1,0.19696517430863306,0.003078751549455934
USDCLP,132,6m,107,238,2025-07-02,2026-01-01,0.9932636242816185,0.004335546768301822,0.0022649722332020953,0.9975991710499204,0.9998641432831225,1,1,0.1979439072056228,0.003818621386760965
USDCLP,132,6m,108,239,2025-07-03,2026-01-02,0.9932231892981349,0.004350332592658128,0.002292125636180162,0.9975735218907931,0.9998656475269733,1,1,0.1983217834871211,0.003099412165787619
USDCLP,132,6m,109,240,2025-07-04,2026-01-05,0.9931819779220418,0.004360824478022271,0.0023230072463084842,0.997542802400064,0.9998658096463725,1,1,0.1990618467832524,0.002685834936967672
USDCLP,132,6m,110,241,2025-07-07,2026-01-06,0.9931290673803124,0.00439408967802925,0.0023444260677917815,0.9975231570583416,0.9998675831261333,1,1,0.1993500708731248,0.004129396982538374
USDCLP,132,6m,111,242,2025-07-08,2026-01-07,0.9930742799031136,0.004443939689902584,0.002350437519505957,0.9975182195930161,0.999868657112522,1,1,0.19950061907053163,0.006071810573095987
USDCLP,132,6m,112,243,2025-07-09,2026-01-08,0.9930153200751844,0.004479198190329859,0.00237384831841456,0.9974945182655143,0.9998683665839289,1,1,0.19983611494151735,0.00227201219778333
USDCLP,132,6m,113,244,2025-07-10,2026-01-09,0.9929730295737381,0.004506481671389214,0.0023886842158181085,0.9974795112451273,0.9998681954609454,1,1,0.20018381376759642,0.0019591716844500865
USDCLP,132,6m,114,245,2025-07-11,2026-01-12,0.9929335523951702,0.00452027953608432,0.0024146914898700612,0.9974538319312546,0.9998685234211246,1,1,0.2007615590799434,0.0026287335644036344
USDCLP,132,6m,115,246,2025-07-14,2026-01-13,0.9928886360023707,0.004545970534355409,0.002434052946041007,0.9974346065367261,0.9998686594827672,1,1,0.20135113152445777,0.003107903953086507
USDCLP,132,6m,116,247,2025-07-15,2026-01-14,0.9928699316003985,0.004528627538380239,0.00247000058784545,0.9973985591387787,0.9998685597266241,1,1,0.2011946185302834,0.002507018088948931
USDCLP,132,6m,117,248,2025-07-16,2026-01-15,0.9928625526450872,0.004498693162823141,0.002507428161951248,0.9973612458079103,0.9998686739698616,1,1,0.1996091281844442,0.0032440538137346337
USDCLP,132,6m,118,249,2025-07-17,2026-01-16,0.9928289732616487,0.004502961930423047,0.0025361668965576977,0.9973319351920718,0.9998681020886294,1,1,0.1980097665284786,0.0024247946488066695
USDCLP,132,6m,119,250,2025-07-18,2026-01-19,0.9927860916912193,0.004499515538487528,0.002581680016650032,0.9972856072297068,0.9998672872463569,1,1,0.197415529776385,0.00245255346078842
USDCLP,132,6m,120,251,2025-07-21,2026-01-20,0.9927448307725474,0.004493134446381642,0.0026285654353185805,0.997237965218929,0.9998665306542476,1,1,0.19602780039722728,0.0027584190798656317
USDCLP,132,6m,121,252,2025-07-22,2026-01-21,0.9927397924793,0.004460500967550593,0.0026669009916321373,0.9972002934468506,0.9998671944384827,1,1,0.19319484881729185,0.0042563108767208115
USDCLP,132,6m,122,253,2025-07-23,2026-01-22,0.9927246855592067,0.004441319105590289,0.002701277824179355,0.997166004664797,0.9998672824889764,1,1,0.19164752743642852,0.0029903458394397666
USDCLP,132,6m,123,254,2025-07-24,2026-01-23,0.9927091146497599,0.004420300496353714,0.00273783984995947,0.9971294151461135,0.999867254996073,1,1,0.1892310999586241,0.0036136045436491286
USDCLP,132,6m,124,255,2025-07-25,2026-01-26,0.9926591150708047,0.00443630705548563,0.0027709205140132153,0.9970954221262903,0.9998663426403035,1,1,0.18839640414655848,0.0019041411983460636
USDCLP,132,6m,125,256,2025-07-28,2026-01-27,0.992596564663234,0.004445036872288363,0.002824029340558619,0.9970416015355223,0.9998656308760809,1,1,0.1865549245631465,0.0038163304308068335
USDCLP,132,6m,126,257,2025-07-29,2026-01-28,0.9925893047941781,0.004404309574918676,0.0028677698719641277,0.9969936143690967,0.9998613842410609,1,1,0.1845875828779382,0.0053959400287949145
USDCLP,132,6m,127,258,2025-07-30,2026-01-29,0.9925796790961716,0.0043859279846993815,0.0028946532221653942,0.996965607080871,0.9998602603030364,1,1,0.18376001966821628,0.001988173620142425
USDCLP,132,6m,128,259,2025-07-31,2026-01-30,0.9926023696353413,0.004340192558647469,0.002915682102181727,0.9969425621939888,0.9998582442961705,1,1,0.18325096746642433,0.0019599894271412214
USDCLP,132,6m,129,260,2025-08-01,2026-02-02,0.9925622766694835,0.0043424216411324405,0.002949376722391208,0.9969046983106159,0.9998540750330072,1,1,0.18025074096460156,0.00740400237492688
USDCLP,132,6m,130,261,2025-08-04,2026-02-03,0.9925328411770976,0.004344351480783929,0.002974550209733426,0.9968771926578816,0.999851742867615,1,1,0.17619621929853688,0.008023385414879182
USDCLP,132,6m,131,262,2025-08-05,2026-02-04,0.9925501840288232,0.004309709285762068,0.0029922561458014586,0.9968598933145852,0.9998521494603867,1,1,0.1741136753640782,0.00430608500296995
USDCLP,132,6m,132,263,2025-08-06,2026-02-05,0.9925767783068394,0.004269943952451083,0.0030034080916861543,0.9968467222592905,0.9998501303509767,1,1,0.17034369059059112,0.009452622542481512
USDCLP,132,6m,133,264,2025-08-07,2026-02-06,0.9925986046957183,0.004218371721911578,0.0030311639541822063,0.9968169764176298,0.999848140371812,1,1,0.16969261072290737,0.005796288074565491
USDCLP,132,6m,134,265,2025-08-08,2026-02-09,0.9926054977519434,0.004181451294893936,0.0030582288364424566,0.9967869490468373,0.9998451778832798,1,1,0.17039480292901932,0.0024934015381245975
USDCLP,132,6m,135,266,2025-08-11,2026-02-10,0.9926278296879544,0.004134540365105623,0.0030809396396082006,0.99676237005306,0.9998433096926682,1,1,0.17027706282571617,0.002233891529647834
USDCLP,132,6m,136,267,2025-08-12,2026-02-11,0.9926963639368501,0.004059176121344438,0.0030869277839393025,0.9967555400581946,0.9998424678421338,1,1,0.1699501197728574,0.004766925204512114
USDCLP,132,6m,137,268,2025-08-13,2026-02-12,0.9927718733069343,0.003980366890185647,0.0030903312708189918,0.9967522401971199,0.999842571467939,1,1,0.16937987061941245,0.0038324742781987867
USDCLP,132,6m,138,269,2025-08-14,2026-02-13,0.9928329256139635,0.003911663980298027,0.003096681130646443,0.9967445895942616,0.999841270724908,1,1,0.17034581965007264,0.0028814386938120777
USDCLP,132,6m,139,270,2025-08-15,2026-02-16,0.9928819720260172,0.003868003911098423,0.0030895693901600743,0.9967499759371157,0.9998395453272757,1,1,0.169579678895999,0.003227009088514846
USDCLP,132,6m,140,271,2025-08-18,2026-02-17,0.9929332817784318,0.0038175863014294686,0.003087350583552178,0.9967508680798612,0.9998382186634134,1,1,0.16888642032091733,0.003496875209264721
USDCLP,132,6m,141,272,2025-08-19,2026-02-18,0.993011905175597,0.0037669086573937746,0.003059844550811915,0.9967788138329908,0.9998386583838027,1,1,0.16689261262932084,0.004817380176848711
USDCLP,132,6m,142,273,2025-08-20,2026-02-19,0.9930876843035288,0.003719656595983784,0.003031707812927659,0.9968073408995126,0.9998390487124402,1,1,0.16547715137556449,0.004645590479632871
USDCLP,132,6m,143,274,2025-08-21,2026-02-20,0.9931835699098877,0.0036229485923807083,0.003030231508405571,0.9968065185022683,0.9998367500106738,1,1,0.1662138913708218,0.0034958303162485995
USDCLP,132,6m,144,275,2025-08-22,2026-02-23,0.9932910753166606,0.0035139935271897905,0.00302920474434079,0.9968050688438505,0.9998342735881912,1,1,0.1674523864439875,0.003117240119165516
USDCLP,132,6m,145,276,2025-08-25,2026-02-24,0.9933922443600675,0.0034068292984858195,0.0030328530308818677,0.9967990736585532,0.9998319266894351,1,1,0.16864487702114322,0.0036469849733833343
USDCLP,132,6m,146,277,2025-08-26,2026-02-25,0.9935044450551601,0.003318725980070289,0.0030074604837272635,0.9968231710352304,0.9998306315189577,1,1,0.1699091116562704,0.0038767692896220472
USDCLP,132,6m,147,278,2025-08-27,2026-02-26,0.9936260367386528,0.0032365407051636536,0.0029662796853734334,0.9968625774438165,0.9998288571291899,1,1,0.1714639780079566,0.004041906119192873
USDCLP,132,6m,148,279,2025-08-28,2026-02-27,0.9937367527175478,0.0031994204553603906,0.0028908745231246203,0.9969361731729082,0.9998270476960328,1,1,0.17321982508660727,0.0035711111845524246
USDCLP,132,6m,149,280,2025-08-29,2026-03-02,0.993878179959226,0.003159874226854084,0.002784844131208153,0.99703805418608,0.9998228983172882,1,1,0.17459291397719956,0.0022770634055280696
USDCLP,132,6m,150,281,2025-09-01,2026-03-03,0.9940190920806593,0.003137884876805538,0.002658076825488448,0.9971569769574649,0.9998150537829533,1,1,0.1752037598042082,0.003472458987179716
USDCLP,132,6m,151,282,2025-09-02,2026-03-04,0.9941762160673826,0.0031078504677676633,0.0025089739007404634,0.9972840665351502,0.9997930404358907,1,1,0.17406308505752977,0.005966093732769473
USDCLP,132,6m,152,283,2025-09-03,2026-03-05,0.9943572511431864,0.003082762321203484,0.00234472053825984,0.9974400134643899,0.9997847340026498,1,1,0.1732823799527939,0.005855827158243107
USDCLP,132,6m,153,284,2025-09-04,2026-03-06,0.9945896611191943,0.003032083897689745,0.002152489202737553,0.997621745016884,0.9997742342196216,1,1,0.17250110260170085,0.014238294864832248
USDCLP,132,6m,154,285,2025-09-05,2026-03-09,0.994760869164062,0.003017595779556793,0.0019723254748929414,0.9977784649436189,0.9997507904185118,1,1,0.1665342213402882,0.027716738005971197
USDCLP,132,6m,155,286,2025-09-08,2026-03-10,0.9948834138107207,0.00306358218962865,0.0017955271246152267,0.9979469960003493,0.9997425231249646,1,1,0.166297743077528,0.020595358541214012
USDCLP,132,6m,156,287,2025-09-09,2026-03-11,0.9950592218667723,0.003045986934568244,0.0016289665752304702,0.9981052088013406,0.999734175376571,1,1,0.17418297065516666,0.026090937437779686
USDCLP,132,6m,157,288,2025-09-10,2026-03-12,0.9952467944298606,0.0030243897101794306,0.0014617684018370888,0.99827118414004,0.9997329525418771,1,1,0.19275246484759362,0.037046449632679834
USDCLP,132,6m,158,289,2025-09-11,2026-03-13,0.995383023986482,0.0030329974154258373,0.0013174127292622047,0.9984160214019079,0.9997334341311701,1,1,0.21959266225432256,0.040065567798960235
USDCLP,132,6m,159,290,2025-09-12,2026-03-16,0.9954542143141449,0.0030231671417281364,0.0012527178198903028,0.9984773814558731,0.9997300992757634,1,1,0.24871673662202196,0.03811115874480746
USDCLP,132,6m,160,291,2025-09-15,2026-03-17,0.9954984237221742,0.0030156440586624343,0.0012136208123959783,0.9985140677808366,0.9997276885932326,1,1,0.2779186601891173,0.034552628065553224
USDCLP,132,6m,161,292,2025-09-16,2026-03-18,0.9955869836819601,0.0029818667371404317,0.0011599874735342595,0.9985688504191005,0.9997288378926348,1,1,0.30117792862079373,0.027471987568384156
USDCLP,132,6m,162,293,2025-09-17,2026-03-19,0.995611898447629,0.002974158994909648,0.0011426084902557893,0.9985860574425386,0.9997286659327944,1,1,0.32246364567691266,0.0251673708257383
USDCLP,132,6m,163,294,2025-09-18,2026-03-20,0.99559189469918985,0.0029813086182393866,0.0011541884843431639,0.9985732033174293,0.9997273918017724,1,1,0.3465972759871629,0.027916093369407296
USDCLP,132,6m,164,295,2025-09-19,2026-03-23,0.9955412649225046,0.00301448552674238,0.001170009567743292,0.9985557504492469,0.9997257600169902,1,1,0.37381018467147664,0.03113971237483781
USDCLP,132,6m,165,296,2025-09-22,2026-03-24,0.9954936673382921,0.0030472928702293435,0.0011862387237079194,0.9985409602085215,0.9997271989322294,1,1,0.39984111189344707,0.029449463456310224
USDCLP,132,6m,166,297,2025-09-23,2026-03-25,0.9954529041757131,0.0030904130136664284,0.0011861968244705884,0.9985433171893795,0.9997295140138501,1,1,0.41843589776186096,0.021449248036302323
USDCLP,132,6m,167,298,2025-09-24,2026-03-26,0.9953974464040307,0.0031745428030906897,0.0011654088746298503,0.9985719892071214,0.9997373980817513,1,1,0.4262187736911355,0.01049072065687397
USDCLP,132,6m,168,299,2025-09-25,2026-03-27,0.9953533653113434,0.0032295034645325195,0.0011610471458775944,0.998582868775876,0.9997439159217536,1,1,0.43792248134227146,0.013908352258183761
