h,Modelo,K0,N,RMSE_med,Par,basis_id,K_DELTA,K_TENOR
1,VAR1,2,245,1.0618105670267572,USDPEN,base_4x8,4,8
1,ARHinc,2,245,1.0109866997217125,USDPEN,base_4x8,4,8
1,KernelARH,2,245,1.011542755419608,USDPEN,base_4x8,4,8
1,VAR1,3,245,3.7022319079603605,USDPEN,base_4x8,4,8
1,ARHinc,3,245,0.9780971467384512,USDPEN,base_4x8,4,8
1,KernelARH,3,245,0.9817941024605032,USDPEN,base_4x8,4,8
1,VAR1,4,245,7.554029950845862,USDPEN,base_4x8,4,8
1,ARHinc,4,245,0.9679464020496513,USDPEN,base_4x8,4,8
1,KernelARH,4,245,0.9726874101092454,USDPEN,base_4x8,4,8
1,VAR1,5,245,13.651348962322622,USDPEN,base_4x8,4,8
1,ARHinc,5,245,0.9641446619811342,USDPEN,base_4x8,4,8
1,KernelARH,5,245,0.9795490878314199,USDPEN,base_4x8,4,8
1,VAR1,6,245,20.34113533335369,USDPEN,base_4x8,4,8
1,ARHinc,6,245,0.9650788949159618,USDPEN,base_4x8,4,8
1,KernelARH,6,245,0.9824586761601981,USDPEN,base_4x8,4,8
1,VAR1,7,245,31.46015812090001,USDPEN,base_4x8,4,8
1,ARHinc,7,245,0.9666273717190527,USDPEN,base_4x8,4,8
1,KernelARH,7,245,0.9851616824166798,USDPEN,base_4x8,4,8
1,VAR1,8,245,51.55378914819262,USDPEN,base_4x8,4,8
1,ARHinc,8,245,0.9638367046458187,USDPEN,base_4x8,4,8
1,KernelARH,8,245,0.9874573199878939,USDPEN,base_4x8,4,8
1,VAR1,9,245,73.30368293546888,USDPEN,base_4x8,4,8
1,ARHinc,9,245,0.9644155867278268,USDPEN,base_4x8,4,8
1,KernelARH,9,0,NA,USDPEN,base_4x8,4,8
1,VAR1,10,245,91.08654387384438,USDPEN,base_4x8,4,8
1,ARHinc,10,245,0.9665368620506154,USDPEN,base_4x8,4,8
1,KernelARH,10,0,NA,USDPEN,base_4x8,4,8
1,VAR1,11,245,109.40860476292005,USDPEN,base_4x8,4,8
1,ARHinc,11,245,0.9700243323299024,USDPEN,base_4x8,4,8
1,KernelARH,11,0,NA,USDPEN,base_4x8,4,8
1,VAR1,12,245,111.90460807425323,USDPEN,base_4x8,4,8
1,ARHinc,12,245,0.970913906262482,USDPEN,base_4x8,4,8
1,KernelARH,12,0,NA,USDPEN,base_4x8,4,8
1,VAR1,13,245,120.40127274082734,USDPEN,base_4x8,4,8
1,ARHinc,13,245,0.9719082410858473,USDPEN,base_4x8,4,8
1,KernelARH,13,0,NA,USDPEN,base_4x8,4,8
1,VAR1,14,245,119.06123121876578,USDPEN,base_4x8,4,8
1,ARHinc,14,245,0.9723718928208726,USDPEN,base_4x8,4,8
1,KernelARH,14,0,NA,USDPEN,base_4x8,4,8
1,VAR1,15,245,121.05574053233451,USDPEN,base_4x8,4,8
1,ARHinc,15,245,0.9712269457242856,USDPEN,base_4x8,4,8
1,KernelARH,15,0,NA,USDPEN,base_4x8,4,8
5,VAR1,2,245,1.084283102672171,USDPEN,base_4x8,4,8
5,ARHinc,2,245,1.0514010318381577,USDPEN,base_4x8,4,8
5,KernelARH,2,245,1.0335213174059517,USDPEN,base_4x8,4,8
5,VAR1,3,245,6.47044278073843,USDPEN,base_4x8,4,8
5,ARHinc,3,245,1.0058498473477577,USDPEN,base_4x8,4,8
5,KernelARH,3,245,1.016367745440605,USDPEN,base_4x8,4,8
5,VAR1,4,245,10.8559702686432,USDPEN,base_4x8,4,8
5,ARHinc,4,245,0.9998144396602135,USDPEN,base_4x8,4,8
5,KernelARH,4,245,1.007586207975882,USDPEN,base_4x8,4,8
5,VAR1,5,245,18.5127198356051,USDPEN,base_4x8,4,8
5,ARHinc,5,245,0.9948824300450612,USDPEN,base_4x8,4,8
5,KernelARH,5,245,1.0210953094718755,USDPEN,base_4x8,4,8
5,VAR1,6,245,29.547391922711522,USDPEN,base_4x8,4,8
5,ARHinc,6,245,0.9981799322075015,USDPEN,base_4x8,4,8
5,KernelARH,6,245,1.024906962523126,USDPEN,base_4x8,4,8
5,VAR1,7,245,36.810482468856804,USDPEN,base_4x8,4,8
5,ARHinc,7,245,0.9969481370895585,USDPEN,base_4x8,4,8
5,KernelARH,7,245,1.0328009500076252,USDPEN,base_4x8,4,8
5,VAR1,8,245,41.21892510486642,USDPEN,base_4x8,4,8
5,ARHinc,8,245,1.001078992185316,USDPEN,base_4x8,4,8
5,KernelARH,8,245,1.051145132164183,USDPEN,base_4x8,4,8
5,VAR1,9,245,47.183570567171934,USDPEN,base_4x8,4,8
5,ARHinc,9,245,0.9987415545662583,USDPEN,base_4x8,4,8
5,KernelARH,9,0,NA,USDPEN,base_4x8,4,8
5,VAR1,10,245,58.22048525843726,USDPEN,base_4x8,4,8
5,ARHinc,10,245,0.999051604640761,USDPEN,base_4x8,4,8
5,KernelARH,10,0,NA,USDPEN,base_4x8,4,8
5,VAR1,11,245,59.685273452651444,USDPEN,base_4x8,4,8
5,ARHinc,11,245,1.003166278879011,USDPEN,base_4x8,4,8
5,KernelARH,11,0,NA,USDPEN,base_4x8,4,8
5,VAR1,12,245,58.831079714165924,USDPEN,base_4x8,4,8
5,ARHinc,12,245,1.0050122636911882,USDPEN,base_4x8,4,8
5,KernelARH,12,0,NA,USDPEN,base_4x8,4,8
5,VAR1,13,245,60.53634312125936,USDPEN,base_4x8,4,8
5,ARHinc,13,245,1.0034544270267451,USDPEN,base_4x8,4,8
5,KernelARH,13,0,NA,USDPEN,base_4x8,4,8
5,VAR1,14,245,60.42115633858541,USDPEN,base_4x8,4,8
5,ARHinc,14,245,1.0083329735325641,USDPEN,base_4x8,4,8
5,KernelARH,14,0,NA,USDPEN,base_4x8,4,8
5,VAR1,15,245,60.69689221493949,USDPEN,base_4x8,4,8
5,ARHinc,15,245,1.0176393968477289,USDPEN,base_4x8,4,8
5,KernelARH,15,0,NA,USDPEN,base_4x8,4,8
10,VAR1,2,245,1.0992788607924178,USDPEN,base_4x8,4,8
10,ARHinc,2,245,1.0740223153004034,USDPEN,base_4x8,4,8
10,KernelARH,2,245,1.0630506093580085,USDPEN,base_4x8,4,8
10,VAR1,3,245,5.124659021895243,USDPEN,base_4x8,4,8
10,ARHinc,3,245,1.0628791093736876,USDPEN,base_4x8,4,8
10,KernelARH,3,245,1.0570766987037352,USDPEN,base_4x8,4,8
10,VAR1,4,245,8.93057563974383,USDPEN,base_4x8,4,8
10,ARHinc,4,245,1.0429530491807828,USDPEN,base_4x8,4,8
10,KernelARH,4,245,1.0566385173901205,USDPEN,base_4x8,4,8
10,VAR1,5,245,17.51092116953933,USDPEN,base_4x8,4,8
10,ARHinc,5,245,1.0428038259535255,USDPEN,base_4x8,4,8
10,KernelARH,5,245,1.0644174832136004,USDPEN,base_4x8,4,8
10,VAR1,6,245,24.694584647643318,USDPEN,base_4x8,4,8
10,ARHinc,6,245,1.0292089627767853,USDPEN,base_4x8,4,8
10,KernelARH,6,245,1.0804648667646528,USDPEN,base_4x8,4,8
10,VAR1,7,245,32.68698949723627,USDPEN,base_4x8,4,8
10,ARHinc,7,245,1.0323661894621818,USDPEN,base_4x8,4,8
10,KernelARH,7,245,1.0869589605854808,USDPEN,base_4x8,4,8
10,VAR1,8,245,33.80394287886728,USDPEN,base_4x8,4,8
10,ARHinc,8,245,1.0353818452472174,USDPEN,base_4x8,4,8
10,KernelARH,8,245,1.0761114144653288,USDPEN,base_4x8,4,8
10,VAR1,9,245,42.741989288419774,USDPEN,base_4x8,4,8
10,ARHinc,9,245,1.0360553669300423,USDPEN,base_4x8,4,8
10,KernelARH,9,0,NA,USDPEN,base_4x8,4,8
10,VAR1,10,245,43.24493814142966,USDPEN,base_4x8,4,8
10,ARHinc,10,245,1.042250881946334,USDPEN,base_4x8,4,8
10,KernelARH,10,0,NA,USDPEN,base_4x8,4,8
10,VAR1,11,245,42.52795270504597,USDPEN,base_4x8,4,8
10,ARHinc,11,245,1.0506891850346738,USDPEN,base_4x8,4,8
10,KernelARH,11,0,NA,USDPEN,base_4x8,4,8
10,VAR1,12,245,46.35657091729099,USDPEN,base_4x8,4,8
10,ARHinc,12,245,1.049856799490421,USDPEN,base_4x8,4,8
10,KernelARH,12,0,NA,USDPEN,base_4x8,4,8
10,VAR1,13,245,48.00064848685524,USDPEN,base_4x8,4,8
10,ARHinc,13,245,1.0537636742374208,USDPEN,base_4x8,4,8
10,KernelARH,13,0,NA,USDPEN,base_4x8,4,8
10,VAR1,14,245,47.28382223150781,USDPEN,base_4x8,4,8
10,ARHinc,14,245,1.0558934773841422,USDPEN,base_4x8,4,8
10,KernelARH,14,0,NA,USDPEN,base_4x8,4,8
10,VAR1,15,245,47.462441246285344,USDPEN,base_4x8,4,8
10,ARHinc,15,245,1.0579026509127807,USDPEN,base_4x8,4,8
10,KernelARH,15,0,NA,USDPEN,base_4x8,4,8
1,VAR1,2,245,0.9772622816614618,USDPEN,coarse_4x6,4,6
1,ARHinc,2,245,0.9686570261105615,USDPEN,coarse_4x6,4,6
1,KernelARH,2,245,0.9769108018587517,USDPEN,coarse_4x6,4,6
1,VAR1,3,245,0.9747504685592341,USDPEN,coarse_4x6,4,6
1,ARHinc,3,245,0.9651962882990726,USDPEN,coarse_4x6,4,6
1,KernelARH,3,245,0.9720312289771854,USDPEN,coarse_4x6,4,6
1,VAR1,4,245,0.9900756647344523,USDPEN,coarse_4x6,4,6
1,ARHinc,4,245,0.9668368516624292,USDPEN,coarse_4x6,4,6
1,KernelARH,4,245,0.9791500547733409,USDPEN,coarse_4x6,4,6
1,VAR1,5,245,1.005357995224873,USDPEN,coarse_4x6,4,6
1,ARHinc,5,245,0.9675772345836687,USDPEN,coarse_4x6,4,6
1,KernelARH,5,245,0.9790703748910383,USDPEN,coarse_4x6,4,6
1,VAR1,6,245,1.0245311203214598,USDPEN,coarse_4x6,4,6
1,ARHinc,6,245,0.9669270157474709,USDPEN,coarse_4x6,4,6
1,KernelARH,6,245,0.9815433596689757,USDPEN,coarse_4x6,4,6
1,VAR1,7,245,1.0270414893960893,USDPEN,coarse_4x6,4,6
1,ARHinc,7,245,0.9659171583914993,USDPEN,coarse_4x6,4,6
1,KernelARH,7,245,0.9854797737105115,USDPEN,coarse_4x6,4,6
1,VAR1,8,245,1.0413003227075108,USDPEN,coarse_4x6,4,6
1,ARHinc,8,245,0.9685737397374111,USDPEN,coarse_4x6,4,6
1,KernelARH,8,245,0.9869018220808143,USDPEN,coarse_4x6,4,6
1,VAR1,9,245,1.054152458167986,USDPEN,coarse_4x6,4,6
1,ARHinc,9,245,0.9729443261628596,USDPEN,coarse_4x6,4,6
1,KernelARH,9,0,NA,USDPEN,coarse_4x6,4,6
1,VAR1,10,245,1.0608691392021214,USDPEN,coarse_4x6,4,6
1,ARHinc,10,245,0.9722268281651012,USDPEN,coarse_4x6,4,6
1,KernelARH,10,0,NA,USDPEN,coarse_4x6,4,6
1,VAR1,11,245,1.0611617620357559,USDPEN,coarse_4x6,4,6
1,ARHinc,11,245,0.969078163628301,USDPEN,coarse_4x6,4,6
1,KernelARH,11,0,NA,USDPEN,coarse_4x6,4,6
1,VAR1,12,245,1.062443654458969,USDPEN,coarse_4x6,4,6
1,ARHinc,12,245,0.9726355679219102,USDPEN,coarse_4x6,4,6
1,KernelARH,12,0,NA,USDPEN,coarse_4x6,4,6
1,VAR1,13,245,1.0625036007273334,USDPEN,coarse_4x6,4,6
1,ARHinc,13,245,0.9723162471936607,USDPEN,coarse_4x6,4,6
1,KernelARH,13,0,NA,USDPEN,coarse_4x6,4,6
1,VAR1,14,245,1.0630166248102246,USDPEN,coarse_4x6,4,6
1,ARHinc,14,245,0.9713691550046847,USDPEN,coarse_4x6,4,6
1,KernelARH,14,0,NA,USDPEN,coarse_4x6,4,6
1,VAR1,15,245,1.0642126644635812,USDPEN,coarse_4x6,4,6
1,ARHinc,15,245,0.9701287621393355,USDPEN,coarse_4x6,4,6
1,KernelARH,15,0,NA,USDPEN,coarse_4x6,4,6
5,VAR1,2,245,1.0481577972620433,USDPEN,coarse_4x6,4,6
5,ARHinc,2,245,1.0071882782072095,USDPEN,coarse_4x6,4,6
5,KernelARH,2,245,1.019247975140363,USDPEN,coarse_4x6,4,6
5,VAR1,3,245,1.0639384995119257,USDPEN,coarse_4x6,4,6
5,ARHinc,3,245,0.9977670378700049,USDPEN,coarse_4x6,4,6
5,KernelARH,3,245,1.007259509335873,USDPEN,coarse_4x6,4,6
5,VAR1,4,245,1.092268303479033,USDPEN,coarse_4x6,4,6
5,ARHinc,4,245,0.9973103201237619,USDPEN,coarse_4x6,4,6
5,KernelARH,4,245,1.0259296496598937,USDPEN,coarse_4x6,4,6
5,VAR1,5,245,1.1384182913593506,USDPEN,coarse_4x6,4,6
5,ARHinc,5,245,1.0029944414246064,USDPEN,coarse_4x6,4,6
5,KernelARH,5,245,1.029401731106724,USDPEN,coarse_4x6,4,6
5,VAR1,6,245,1.1398091042449334,USDPEN,coarse_4x6,4,6
5,ARHinc,6,245,1.0043275273061378,USDPEN,coarse_4x6,4,6
5,KernelARH,6,245,1.0326638200049356,USDPEN,coarse_4x6,4,6
5,VAR1,7,245,1.1583647928220475,USDPEN,coarse_4x6,4,6
5,ARHinc,7,245,1.0046242182448177,USDPEN,coarse_4x6,4,6
5,KernelARH,7,245,1.0434162008116696,USDPEN,coarse_4x6,4,6
5,VAR1,8,245,1.1530580093719256,USDPEN,coarse_4x6,4,6
5,ARHinc,8,245,1.0006491410952545,USDPEN,coarse_4x6,4,6
5,KernelARH,8,245,1.0519928391423563,USDPEN,coarse_4x6,4,6
5,VAR1,9,245,1.1527740396602897,USDPEN,coarse_4x6,4,6
5,ARHinc,9,245,1.0064392409079785,USDPEN,coarse_4x6,4,6
5,KernelARH,9,0,NA,USDPEN,coarse_4x6,4,6
5,VAR1,10,245,1.1540093090520807,USDPEN,coarse_4x6,4,6
5,ARHinc,10,245,1.0074525845689126,USDPEN,coarse_4x6,4,6
5,KernelARH,10,0,NA,USDPEN,coarse_4x6,4,6
5,VAR1,11,245,1.1578070184320253,USDPEN,coarse_4x6,4,6
5,ARHinc,11,245,1.0084780130214668,USDPEN,coarse_4x6,4,6
5,KernelARH,11,0,NA,USDPEN,coarse_4x6,4,6
5,VAR1,12,245,1.1572325944170332,USDPEN,coarse_4x6,4,6
5,ARHinc,12,245,1.0081462133100365,USDPEN,coarse_4x6,4,6
5,KernelARH,12,0,NA,USDPEN,coarse_4x6,4,6
5,VAR1,13,245,1.1572480281815463,USDPEN,coarse_4x6,4,6
5,ARHinc,13,245,1.0128147808016328,USDPEN,coarse_4x6,4,6
5,KernelARH,13,0,NA,USDPEN,coarse_4x6,4,6
5,VAR1,14,245,1.1578287458956953,USDPEN,coarse_4x6,4,6
5,ARHinc,14,245,1.012459125204356,USDPEN,coarse_4x6,4,6
5,KernelARH,14,0,NA,USDPEN,coarse_4x6,4,6
5,VAR1,15,245,1.1578633303997514,USDPEN,coarse_4x6,4,6
5,ARHinc,15,245,1.0122469163806556,USDPEN,coarse_4x6,4,6
5,KernelARH,15,0,NA,USDPEN,coarse_4x6,4,6
10,VAR1,2,245,1.0910520637895076,USDPEN,coarse_4x6,4,6
10,ARHinc,2,245,1.0442170675234252,USDPEN,coarse_4x6,4,6
10,KernelARH,2,245,1.0560525968914485,USDPEN,coarse_4x6,4,6
10,VAR1,3,245,1.1208346221658045,USDPEN,coarse_4x6,4,6
10,ARHinc,3,245,1.0416755971498364,USDPEN,coarse_4x6,4,6
10,KernelARH,3,245,1.0496296540478192,USDPEN,coarse_4x6,4,6
10,VAR1,4,245,1.1542090025578875,USDPEN,coarse_4x6,4,6
10,ARHinc,4,245,1.027789986433778,USDPEN,coarse_4x6,4,6
10,KernelARH,4,245,1.0650436370374636,USDPEN,coarse_4x6,4,6
10,VAR1,5,245,1.200562246160322,USDPEN,coarse_4x6,4,6
10,ARHinc,5,245,1.0262396537689567,USDPEN,coarse_4x6,4,6
10,KernelARH,5,245,1.0620296013263415,USDPEN,coarse_4x6,4,6
10,VAR1,6,245,1.2102537806103832,USDPEN,coarse_4x6,4,6
10,ARHinc,6,245,1.0259536773227247,USDPEN,coarse_4x6,4,6
10,KernelARH,6,245,1.067097142693282,USDPEN,coarse_4x6,4,6
10,VAR1,7,245,1.2333299615318944,USDPEN,coarse_4x6,4,6
10,ARHinc,7,245,1.026875201476674,USDPEN,coarse_4x6,4,6
10,KernelARH,7,245,1.078215181802106,USDPEN,coarse_4x6,4,6
10,VAR1,8,245,1.2009981739624283,USDPEN,coarse_4x6,4,6
10,ARHinc,8,245,1.0273098475056943,USDPEN,coarse_4x6,4,6
10,KernelARH,8,245,1.084252468886525,USDPEN,coarse_4x6,4,6
10,VAR1,9,245,1.2020091261986552,USDPEN,coarse_4x6,4,6
10,ARHinc,9,245,1.0316942191579443,USDPEN,coarse_4x6,4,6
10,KernelARH,9,0,NA,USDPEN,coarse_4x6,4,6
10,VAR1,10,245,1.2108391678248478,USDPEN,coarse_4x6,4,6
10,ARHinc,10,245,1.030648396917943,USDPEN,coarse_4x6,4,6
10,KernelARH,10,0,NA,USDPEN,coarse_4x6,4,6
10,VAR1,11,245,1.2099399499794512,USDPEN,coarse_4x6,4,6
10,ARHinc,11,245,1.0319029745251505,USDPEN,coarse_4x6,4,6
10,KernelARH,11,0,NA,USDPEN,coarse_4x6,4,6
10,VAR1,12,245,1.2148073466765317,USDPEN,coarse_4x6,4,6
10,ARHinc,12,245,1.0352304862587614,USDPEN,coarse_4x6,4,6
10,KernelARH,12,0,NA,USDPEN,coarse_4x6,4,6
10,VAR1,13,245,1.2141724696791028,USDPEN,coarse_4x6,4,6
10,ARHinc,13,245,1.034897458843252,USDPEN,coarse_4x6,4,6
10,KernelARH,13,0,NA,USDPEN,coarse_4x6,4,6
10,VAR1,14,245,1.2133268760818618,USDPEN,coarse_4x6,4,6
10,ARHinc,14,245,1.0360470937685318,USDPEN,coarse_4x6,4,6
10,KernelARH,14,0,NA,USDPEN,coarse_4x6,4,6
10,VAR1,15,245,1.2166843860145908,USDPEN,coarse_4x6,4,6
10,ARHinc,15,245,1.0479504037344225,USDPEN,coarse_4x6,4,6
10,KernelARH,15,0,NA,USDPEN,coarse_4x6,4,6
1,VAR1,2,245,0.3846245584746252,USDPEN,rich_5x10,5,10
1,ARHinc,2,245,0.3288250591695633,USDPEN,rich_5x10,5,10
1,KernelARH,2,245,0.3633653533407285,USDPEN,rich_5x10,5,10
1,VAR1,3,245,2.7449598576116854,USDPEN,rich_5x10,5,10
1,ARHinc,3,245,0.25866373563211525,USDPEN,rich_5x10,5,10
1,KernelARH,3,245,0.2922716440820913,USDPEN,rich_5x10,5,10
1,VAR1,4,245,6.211000587054941,USDPEN,rich_5x10,5,10
1,ARHinc,4,245,0.22095044969138494,USDPEN,rich_5x10,5,10
1,KernelARH,4,245,0.24622945786117176,USDPEN,rich_5x10,5,10
1,VAR1,5,245,10.423991608459854,USDPEN,rich_5x10,5,10
1,ARHinc,5,245,0.20760734038262899,USDPEN,rich_5x10,5,10
1,KernelARH,5,245,0.240585096148378,USDPEN,rich_5x10,5,10
1,VAR1,6,245,28.54178880771929,USDPEN,rich_5x10,5,10
1,ARHinc,6,245,0.18551832872049356,USDPEN,rich_5x10,5,10
1,KernelARH,6,245,0.22855992712824996,USDPEN,rich_5x10,5,10
1,VAR1,7,245,39.849920488541215,USDPEN,rich_5x10,5,10
1,ARHinc,7,245,0.1808376994258952,USDPEN,rich_5x10,5,10
1,KernelARH,7,245,0.24915712977380094,USDPEN,rich_5x10,5,10
1,VAR1,8,245,54.23378572606382,USDPEN,rich_5x10,5,10
1,ARHinc,8,245,0.18569846649555322,USDPEN,rich_5x10,5,10
1,KernelARH,8,245,0.24538720079459553,USDPEN,rich_5x10,5,10
1,VAR1,9,245,69.31982287128994,USDPEN,rich_5x10,5,10
1,ARHinc,9,245,0.18049176430720845,USDPEN,rich_5x10,5,10
1,KernelARH,9,0,NA,USDPEN,rich_5x10,5,10
1,VAR1,10,245,85.64189445906038,USDPEN,rich_5x10,5,10
1,ARHinc,10,245,0.18340493604502195,USDPEN,rich_5x10,5,10
1,KernelARH,10,0,NA,USDPEN,rich_5x10,5,10
1,VAR1,11,245,103.67097344295719,USDPEN,rich_5x10,5,10
1,ARHinc,11,245,0.1832092826002269,USDPEN,rich_5x10,5,10
1,KernelARH,11,0,NA,USDPEN,rich_5x10,5,10
1,VAR1,12,245,135.12940636884014,USDPEN,rich_5x10,5,10
1,ARHinc,12,245,0.19415230431423092,USDPEN,rich_5x10,5,10
1,KernelARH,12,0,NA,USDPEN,rich_5x10,5,10
1,VAR1,13,245,150.10417253024212,USDPEN,rich_5x10,5,10
1,ARHinc,13,245,0.2011800983572687,USDPEN,rich_5x10,5,10
1,KernelARH,13,0,NA,USDPEN,rich_5x10,5,10
1,VAR1,14,245,157.4766299753017,USDPEN,rich_5x10,5,10
1,ARHinc,14,245,0.21600895704766035,USDPEN,rich_5x10,5,10
1,KernelARH,14,0,NA,USDPEN,rich_5x10,5,10
1,VAR1,15,245,160.60248043717104,USDPEN,rich_5x10,5,10
1,ARHinc,15,245,0.22095759956751024,USDPEN,rich_5x10,5,10
1,KernelARH,15,0,NA,USDPEN,rich_5x10,5,10
5,VAR1,2,245,0.5014377298971066,USDPEN,rich_5x10,5,10
5,ARHinc,2,245,0.43219748411928444,USDPEN,rich_5x10,5,10
5,KernelARH,2,245,0.4673542457182189,USDPEN,rich_5x10,5,10
5,VAR1,3,245,4.2003821065703555,USDPEN,rich_5x10,5,10
5,ARHinc,3,245,0.38427459891103943,USDPEN,rich_5x10,5,10
5,KernelARH,3,245,0.45206410500900956,USDPEN,rich_5x10,5,10
5,VAR1,4,245,9.442499515511848,USDPEN,rich_5x10,5,10
5,ARHinc,4,245,0.37796011029484655,USDPEN,rich_5x10,5,10
5,KernelARH,4,245,0.424616935406071,USDPEN,rich_5x10,5,10
5,VAR1,5,245,15.744116391164743,USDPEN,rich_5x10,5,10
5,ARHinc,5,245,0.35346689158515093,USDPEN,rich_5x10,5,10
5,KernelARH,5,245,0.4041164192857458,USDPEN,rich_5x10,5,10
5,VAR1,6,245,24.842025527506518,USDPEN,rich_5x10,5,10
5,ARHinc,6,245,0.3442604974396206,USDPEN,rich_5x10,5,10
5,KernelARH,6,245,0.3988458293384386,USDPEN,rich_5x10,5,10
5,VAR1,7,245,36.49122897116453,USDPEN,rich_5x10,5,10
5,ARHinc,7,245,0.3310675959886264,USDPEN,rich_5x10,5,10
5,KernelARH,7,245,0.4181882813937952,USDPEN,rich_5x10,5,10
5,VAR1,8,245,51.89167262689415,USDPEN,rich_5x10,5,10
5,ARHinc,8,245,0.33932898021146757,USDPEN,rich_5x10,5,10
5,KernelARH,8,245,0.40799915768110906,USDPEN,rich_5x10,5,10
5,VAR1,9,245,52.92968749074553,USDPEN,rich_5x10,5,10
5,ARHinc,9,245,0.34513605178583695,USDPEN,rich_5x10,5,10
5,KernelARH,9,0,NA,USDPEN,rich_5x10,5,10
5,VAR1,10,245,58.579065184967945,USDPEN,rich_5x10,5,10
5,ARHinc,10,245,0.35325442501753057,USDPEN,rich_5x10,5,10
5,KernelARH,10,0,NA,USDPEN,rich_5x10,5,10
5,VAR1,11,245,60.53612312742908,USDPEN,rich_5x10,5,10
5,ARHinc,11,245,0.36247393509108833,USDPEN,rich_5x10,5,10
5,KernelARH,11,0,NA,USDPEN,rich_5x10,5,10
5,VAR1,12,245,64.47405832588083,USDPEN,rich_5x10,5,10
5,ARHinc,12,245,0.35506024449310947,USDPEN,rich_5x10,5,10
5,KernelARH,12,0,NA,USDPEN,rich_5x10,5,10
5,VAR1,13,245,73.96354963954036,USDPEN,rich_5x10,5,10
5,ARHinc,13,245,0.3543902297633389,USDPEN,rich_5x10,5,10
5,KernelARH,13,0,NA,USDPEN,rich_5x10,5,10
5,VAR1,14,245,76.78714393462013,USDPEN,rich_5x10,5,10
5,ARHinc,14,245,0.3708808383152332,USDPEN,rich_5x10,5,10
5,KernelARH,14,0,NA,USDPEN,rich_5x10,5,10
5,VAR1,15,245,82.19132627144567,USDPEN,rich_5x10,5,10
5,ARHinc,15,245,0.36763696738779905,USDPEN,rich_5x10,5,10
5,KernelARH,15,0,NA,USDPEN,rich_5x10,5,10
10,VAR1,2,245,0.5383214135680043,USDPEN,rich_5x10,5,10
10,ARHinc,2,245,0.5231296099959829,USDPEN,rich_5x10,5,10
10,KernelARH,2,245,0.550678981418173,USDPEN,rich_5x10,5,10
10,VAR1,3,245,3.513361270971553,USDPEN,rich_5x10,5,10
10,ARHinc,3,245,0.49481847474529694,USDPEN,rich_5x10,5,10
10,KernelARH,3,245,0.5415814933089435,USDPEN,rich_5x10,5,10
10,VAR1,4,245,8.578169653798394,USDPEN,rich_5x10,5,10
10,ARHinc,4,245,0.47363793647969815,USDPEN,rich_5x10,5,10
10,KernelARH,4,245,0.5340494754276126,USDPEN,rich_5x10,5,10
10,VAR1,5,245,14.252444157094459,USDPEN,rich_5x10,5,10
10,ARHinc,5,245,0.4512108213480178,USDPEN,rich_5x10,5,10
10,KernelARH,5,245,0.53540757009167,USDPEN,rich_5x10,5,10
10,VAR1,6,245,25.045085436641052,USDPEN,rich_5x10,5,10
10,ARHinc,6,245,0.4535020009138589,USDPEN,rich_5x10,5,10
10,KernelARH,6,245,0.5366387138789716,USDPEN,rich_5x10,5,10
10,VAR1,7,245,32.159509473572356,USDPEN,rich_5x10,5,10
10,ARHinc,7,245,0.45429736994251874,USDPEN,rich_5x10,5,10
10,KernelARH,7,245,0.533785584233569,USDPEN,rich_5x10,5,10
10,VAR1,8,245,48.09214987918118,USDPEN,rich_5x10,5,10
10,ARHinc,8,245,0.4439273062613672,USDPEN,rich_5x10,5,10
10,KernelARH,8,245,0.5520455872749277,USDPEN,rich_5x10,5,10
10,VAR1,9,245,47.29602443241749,USDPEN,rich_5x10,5,10
10,ARHinc,9,245,0.4459131789540442,USDPEN,rich_5x10,5,10
10,KernelARH,9,0,NA,USDPEN,rich_5x10,5,10
10,VAR1,10,245,58.59909954582333,USDPEN,rich_5x10,5,10
10,ARHinc,10,245,0.44032033608572896,USDPEN,rich_5x10,5,10
10,KernelARH,10,0,NA,USDPEN,rich_5x10,5,10
10,VAR1,11,245,57.704986135285765,USDPEN,rich_5x10,5,10
10,ARHinc,11,245,0.4412657773828021,USDPEN,rich_5x10,5,10
10,KernelARH,11,0,NA,USDPEN,rich_5x10,5,10
10,VAR1,12,245,62.43451354404537,USDPEN,rich_5x10,5,10
10,ARHinc,12,245,0.444058554012317,USDPEN,rich_5x10,5,10
10,KernelARH,12,0,NA,USDPEN,rich_5x10,5,10
10,VAR1,13,245,64.96070890490478,USDPEN,rich_5x10,5,10
10,ARHinc,13,245,0.44254145059417294,USDPEN,rich_5x10,5,10
10,KernelARH,13,0,NA,USDPEN,rich_5x10,5,10
10,VAR1,14,245,66.15314190344257,USDPEN,rich_5x10,5,10
10,ARHinc,14,245,0.4592328699639709,USDPEN,rich_5x10,5,10
10,KernelARH,14,0,NA,USDPEN,rich_5x10,5,10
10,VAR1,15,245,67.43565191912579,USDPEN,rich_5x10,5,10
10,ARHinc,15,245,0.4673601394380188,USDPEN,rich_5x10,5,10
10,KernelARH,15,0,NA,USDPEN,rich_5x10,5,10
1,VAR1,2,135,0.9937351673361133,USDCOP,base_4x8,4,8
1,ARHinc,2,135,0.9509921417164018,USDCOP,base_4x8,4,8
1,KernelARH,2,135,0.9758442249122672,USDCOP,base_4x8,4,8
1,VAR1,3,135,1.2932064175811733,USDCOP,base_4x8,4,8
1,ARHinc,3,135,0.5919622369609191,USDCOP,base_4x8,4,8
1,KernelARH,3,135,0.6134316854923488,USDCOP,base_4x8,4,8
1,VAR1,4,135,6.333260563378442,USDCOP,base_4x8,4,8
1,ARHinc,4,135,0.5650133132507569,USDCOP,base_4x8,4,8
1,KernelARH,4,135,0.5915736345677026,USDCOP,base_4x8,4,8
1,VAR1,5,135,11.649803084331916,USDCOP,base_4x8,4,8
1,ARHinc,5,135,0.5570717002130677,USDCOP,base_4x8,4,8
1,KernelARH,5,135,0.5762463183649197,USDCOP,base_4x8,4,8
1,VAR1,6,135,26.24265981053721,USDCOP,base_4x8,4,8
1,ARHinc,6,135,0.5400466203651247,USDCOP,base_4x8,4,8
1,KernelARH,6,135,0.5640143915598071,USDCOP,base_4x8,4,8
1,VAR1,7,135,39.374777443752194,USDCOP,base_4x8,4,8
1,ARHinc,7,135,0.5388701312844936,USDCOP,base_4x8,4,8
1,KernelARH,7,135,0.5493723107228715,USDCOP,base_4x8,4,8
1,VAR1,8,135,71.59370854807716,USDCOP,base_4x8,4,8
1,ARHinc,8,135,0.5319393229652253,USDCOP,base_4x8,4,8
1,KernelARH,8,135,0.5509046175079696,USDCOP,base_4x8,4,8
1,VAR1,9,135,92.58586747367727,USDCOP,base_4x8,4,8
1,ARHinc,9,135,0.5295111206049009,USDCOP,base_4x8,4,8
1,KernelARH,9,0,NA,USDCOP,base_4x8,4,8
1,VAR1,10,135,85.36768001093814,USDCOP,base_4x8,4,8
1,ARHinc,10,135,0.5299706213635781,USDCOP,base_4x8,4,8
1,KernelARH,10,0,NA,USDCOP,base_4x8,4,8
1,VAR1,11,135,104.47647932061254,USDCOP,base_4x8,4,8
1,ARHinc,11,135,0.5340134710335417,USDCOP,base_4x8,4,8
1,KernelARH,11,0,NA,USDCOP,base_4x8,4,8
1,VAR1,12,135,134.17773652813244,USDCOP,base_4x8,4,8
1,ARHinc,12,135,0.5302404608706147,USDCOP,base_4x8,4,8
1,KernelARH,12,0,NA,USDCOP,base_4x8,4,8
1,VAR1,13,135,144.74993013683243,USDCOP,base_4x8,4,8
1,ARHinc,13,135,0.531831119612376,USDCOP,base_4x8,4,8
1,KernelARH,13,0,NA,USDCOP,base_4x8,4,8
1,VAR1,14,135,175.1329318856484,USDCOP,base_4x8,4,8
1,ARHinc,14,135,0.5299530314629709,USDCOP,base_4x8,4,8
1,KernelARH,14,0,NA,USDCOP,base_4x8,4,8
1,VAR1,15,135,187.3454094126728,USDCOP,base_4x8,4,8
1,ARHinc,15,135,0.5302798268359578,USDCOP,base_4x8,4,8
1,KernelARH,15,0,NA,USDCOP,base_4x8,4,8
5,VAR1,2,135,1.7131126537700143,USDCOP,base_4x8,4,8
5,ARHinc,2,135,1.0899235399920284,USDCOP,base_4x8,4,8
5,KernelARH,2,135,1.2084644270266085,USDCOP,base_4x8,4,8
5,VAR1,3,135,3.413536068558244,USDCOP,base_4x8,4,8
5,ARHinc,3,135,0.6985250005767439,USDCOP,base_4x8,4,8
5,KernelARH,3,135,0.7602990910534452,USDCOP,base_4x8,4,8
5,VAR1,4,135,17.45207810094722,USDCOP,base_4x8,4,8
5,ARHinc,4,135,0.6909948072221876,USDCOP,base_4x8,4,8
5,KernelARH,4,135,0.7584119917484806,USDCOP,base_4x8,4,8
5,VAR1,5,135,31.60515250889864,USDCOP,base_4x8,4,8
5,ARHinc,5,135,0.6678896030721826,USDCOP,base_4x8,4,8
5,KernelARH,5,135,0.7077792299949036,USDCOP,base_4x8,4,8
5,VAR1,6,135,57.96816662859461,USDCOP,base_4x8,4,8
5,ARHinc,6,135,0.6670392733329934,USDCOP,base_4x8,4,8
5,KernelARH,6,135,0.7275791422974451,USDCOP,base_4x8,4,8
5,VAR1,7,135,73.85085148434197,USDCOP,base_4x8,4,8
5,ARHinc,7,135,0.6714213558510789,USDCOP,base_4x8,4,8
5,KernelARH,7,135,0.6999517294298703,USDCOP,base_4x8,4,8
5,VAR1,8,135,96.86283619081155,USDCOP,base_4x8,4,8
5,ARHinc,8,135,0.6702854511015238,USDCOP,base_4x8,4,8
5,KernelARH,8,135,0.6994058141541079,USDCOP,base_4x8,4,8
5,VAR1,9,135,132.2428496393842,USDCOP,base_4x8,4,8
5,ARHinc,9,135,0.6659697789857297,USDCOP,base_4x8,4,8
5,KernelARH,9,0,NA,USDCOP,base_4x8,4,8
5,VAR1,10,135,124.82665210751588,USDCOP,base_4x8,4,8
5,ARHinc,10,135,0.6653040964289924,USDCOP,base_4x8,4,8
5,KernelARH,10,0,NA,USDCOP,base_4x8,4,8
5,VAR1,11,135,138.94639716300682,USDCOP,base_4x8,4,8
5,ARHinc,11,135,0.6648522290529791,USDCOP,base_4x8,4,8
5,KernelARH,11,0,NA,USDCOP,base_4x8,4,8
5,VAR1,12,135,140.01088713726685,USDCOP,base_4x8,4,8
5,ARHinc,12,135,0.6661766464598736,USDCOP,base_4x8,4,8
5,KernelARH,12,0,NA,USDCOP,base_4x8,4,8
5,VAR1,13,135,145.9405272057545,USDCOP,base_4x8,4,8
5,ARHinc,13,135,0.6656135582440724,USDCOP,base_4x8,4,8
5,KernelARH,13,0,NA,USDCOP,base_4x8,4,8
5,VAR1,14,135,182.64815398090516,USDCOP,base_4x8,4,8
5,ARHinc,14,135,0.6659115265695437,USDCOP,base_4x8,4,8
5,KernelARH,14,0,NA,USDCOP,base_4x8,4,8
5,VAR1,15,135,187.3079954554952,USDCOP,base_4x8,4,8
5,ARHinc,15,135,0.6594621944174063,USDCOP,base_4x8,4,8
5,KernelARH,15,0,NA,USDCOP,base_4x8,4,8
10,VAR1,2,135,1.9478490774605268,USDCOP,base_4x8,4,8
10,ARHinc,2,135,1.2039338436206095,USDCOP,base_4x8,4,8
10,KernelARH,2,135,1.2646695137841741,USDCOP,base_4x8,4,8
10,VAR1,3,135,5.063291899972415,USDCOP,base_4x8,4,8
10,ARHinc,3,135,0.876620238118196,USDCOP,base_4x8,4,8
10,KernelARH,3,135,0.9790230960382994,USDCOP,base_4x8,4,8
10,VAR1,4,135,17.777263214691864,USDCOP,base_4x8,4,8
10,ARHinc,4,135,0.8134155062535972,USDCOP,base_4x8,4,8
10,KernelARH,4,135,0.8840067212079907,USDCOP,base_4x8,4,8
10,VAR1,5,135,28.95064111359363,USDCOP,base_4x8,4,8
10,ARHinc,5,135,0.8374395759235315,USDCOP,base_4x8,4,8
10,KernelARH,5,135,0.9158786488657611,USDCOP,base_4x8,4,8
10,VAR1,6,135,46.03204699519198,USDCOP,base_4x8,4,8
10,ARHinc,6,135,0.8081081183132501,USDCOP,base_4x8,4,8
10,KernelARH,6,135,0.9179417100200388,USDCOP,base_4x8,4,8
10,VAR1,7,135,49.93009825742497,USDCOP,base_4x8,4,8
10,ARHinc,7,135,0.8165779741582033,USDCOP,base_4x8,4,8
10,KernelARH,7,135,0.8981642350733466,USDCOP,base_4x8,4,8
10,VAR1,8,135,63.34137624404459,USDCOP,base_4x8,4,8
10,ARHinc,8,135,0.80703559632732,USDCOP,base_4x8,4,8
10,KernelARH,8,135,0.867971715455509,USDCOP,base_4x8,4,8
10,VAR1,9,135,82.28530098866206,USDCOP,base_4x8,4,8
10,ARHinc,9,135,0.8030873153534231,USDCOP,base_4x8,4,8
10,KernelARH,9,0,NA,USDCOP,base_4x8,4,8
10,VAR1,10,135,89.00616369739582,USDCOP,base_4x8,4,8
10,ARHinc,10,135,0.8024358360333469,USDCOP,base_4x8,4,8
10,KernelARH,10,0,NA,USDCOP,base_4x8,4,8
10,VAR1,11,135,95.27937811727807,USDCOP,base_4x8,4,8
10,ARHinc,11,135,0.8034955768569783,USDCOP,base_4x8,4,8
10,KernelARH,11,0,NA,USDCOP,base_4x8,4,8
10,VAR1,12,135,93.26686452643857,USDCOP,base_4x8,4,8
10,ARHinc,12,135,0.7921557036066368,USDCOP,base_4x8,4,8
10,KernelARH,12,0,NA,USDCOP,base_4x8,4,8
10,VAR1,13,135,96.01899021775924,USDCOP,base_4x8,4,8
10,ARHinc,13,135,0.7975920306116198,USDCOP,base_4x8,4,8
10,KernelARH,13,0,NA,USDCOP,base_4x8,4,8
10,VAR1,14,135,105.89216636889363,USDCOP,base_4x8,4,8
10,ARHinc,14,135,0.7976332799977682,USDCOP,base_4x8,4,8
10,KernelARH,14,0,NA,USDCOP,base_4x8,4,8
10,VAR1,15,135,109.22816873757186,USDCOP,base_4x8,4,8
10,ARHinc,15,135,0.7974829789605434,USDCOP,base_4x8,4,8
10,KernelARH,15,0,NA,USDCOP,base_4x8,4,8
1,VAR1,2,135,0.6226662200299129,USDCOP,coarse_4x6,4,6
1,ARHinc,2,135,0.5948468803569192,USDCOP,coarse_4x6,4,6
1,KernelARH,2,135,0.5950000948578082,USDCOP,coarse_4x6,4,6
1,VAR1,3,135,0.6522484399231533,USDCOP,coarse_4x6,4,6
1,ARHinc,3,135,0.5629774998611952,USDCOP,coarse_4x6,4,6
1,KernelARH,3,135,0.5758175992996232,USDCOP,coarse_4x6,4,6
1,VAR1,4,135,0.751103877792082,USDCOP,coarse_4x6,4,6
1,ARHinc,4,135,0.5521429545702938,USDCOP,coarse_4x6,4,6
1,KernelARH,4,135,0.5738080160183583,USDCOP,coarse_4x6,4,6
1,VAR1,5,135,0.8148966975724774,USDCOP,coarse_4x6,4,6
1,ARHinc,5,135,0.544014438012193,USDCOP,coarse_4x6,4,6
1,KernelARH,5,135,0.5659754866892229,USDCOP,coarse_4x6,4,6
1,VAR1,6,135,0.8708421371786725,USDCOP,coarse_4x6,4,6
1,ARHinc,6,135,0.5410966248512321,USDCOP,coarse_4x6,4,6
1,KernelARH,6,135,0.5571358056556108,USDCOP,coarse_4x6,4,6
1,VAR1,7,135,0.9511034157547377,USDCOP,coarse_4x6,4,6
1,ARHinc,7,135,0.5423197334000184,USDCOP,coarse_4x6,4,6
1,KernelARH,7,135,0.566867055448348,USDCOP,coarse_4x6,4,6
1,VAR1,8,135,0.9901999520591221,USDCOP,coarse_4x6,4,6
1,ARHinc,8,135,0.5427522431193645,USDCOP,coarse_4x6,4,6
1,KernelARH,8,135,0.5647913960785055,USDCOP,coarse_4x6,4,6
1,VAR1,9,135,1.5033925286468437,USDCOP,coarse_4x6,4,6
1,ARHinc,9,135,0.5419448723607412,USDCOP,coarse_4x6,4,6
1,KernelARH,9,0,NA,USDCOP,coarse_4x6,4,6
1,VAR1,10,135,1.540388970193073,USDCOP,coarse_4x6,4,6
1,ARHinc,10,135,0.5434549960490294,USDCOP,coarse_4x6,4,6
1,KernelARH,10,0,NA,USDCOP,coarse_4x6,4,6
1,VAR1,11,135,1.594226179895516,USDCOP,coarse_4x6,4,6
1,ARHinc,11,135,0.5418388202583377,USDCOP,coarse_4x6,4,6
1,KernelARH,11,0,NA,USDCOP,coarse_4x6,4,6
1,VAR1,12,135,1.7709381478791792,USDCOP,coarse_4x6,4,6
1,ARHinc,12,135,0.5491712332857951,USDCOP,coarse_4x6,4,6
1,KernelARH,12,0,NA,USDCOP,coarse_4x6,4,6
1,VAR1,13,135,1.9971149369546464,USDCOP,coarse_4x6,4,6
1,ARHinc,13,135,0.5470325365005455,USDCOP,coarse_4x6,4,6
1,KernelARH,13,0,NA,USDCOP,coarse_4x6,4,6
1,VAR1,14,135,2.1690937662055894,USDCOP,coarse_4x6,4,6
1,ARHinc,14,135,0.5470731979733737,USDCOP,coarse_4x6,4,6
1,KernelARH,14,0,NA,USDCOP,coarse_4x6,4,6
1,VAR1,15,135,2.430603447459829,USDCOP,coarse_4x6,4,6
1,ARHinc,15,135,0.5461425106505482,USDCOP,coarse_4x6,4,6
1,KernelARH,15,0,NA,USDCOP,coarse_4x6,4,6
5,VAR1,2,135,1.0474561454995521,USDCOP,coarse_4x6,4,6
5,ARHinc,2,135,0.6794752645566089,USDCOP,coarse_4x6,4,6
5,KernelARH,2,135,0.7668923958559444,USDCOP,coarse_4x6,4,6
5,VAR1,3,135,1.3450416217677306,USDCOP,coarse_4x6,4,6
5,ARHinc,3,135,0.670619838645565,USDCOP,coarse_4x6,4,6
5,KernelARH,3,135,0.7599604795535654,USDCOP,coarse_4x6,4,6
5,VAR1,4,135,1.7041487184415594,USDCOP,coarse_4x6,4,6
5,ARHinc,4,135,0.6709980131504941,USDCOP,coarse_4x6,4,6
5,KernelARH,4,135,0.7468597131258772,USDCOP,coarse_4x6,4,6
5,VAR1,5,135,2.230861724416852,USDCOP,coarse_4x6,4,6
5,ARHinc,5,135,0.6665750232524731,USDCOP,coarse_4x6,4,6
5,KernelARH,5,135,0.7246453685288381,USDCOP,coarse_4x6,4,6
5,VAR1,6,135,2.423736922053641,USDCOP,coarse_4x6,4,6
5,ARHinc,6,135,0.6632080199328672,USDCOP,coarse_4x6,4,6
5,KernelARH,6,135,0.6831418684314036,USDCOP,coarse_4x6,4,6
5,VAR1,7,135,2.6438503156681987,USDCOP,coarse_4x6,4,6
5,ARHinc,7,135,0.6666528091582089,USDCOP,coarse_4x6,4,6
5,KernelARH,7,135,0.6750789991035845,USDCOP,coarse_4x6,4,6
5,VAR1,8,135,2.7744980315761225,USDCOP,coarse_4x6,4,6
5,ARHinc,8,135,0.6647395523489387,USDCOP,coarse_4x6,4,6
5,KernelARH,8,135,0.6717645015723157,USDCOP,coarse_4x6,4,6
5,VAR1,9,135,3.3471724461556867,USDCOP,coarse_4x6,4,6
5,ARHinc,9,135,0.66149398086999,USDCOP,coarse_4x6,4,6
5,KernelARH,9,0,NA,USDCOP,coarse_4x6,4,6
5,VAR1,10,135,3.365815069384678,USDCOP,coarse_4x6,4,6
5,ARHinc,10,135,0.6605178382853154,USDCOP,coarse_4x6,4,6
5,KernelARH,10,0,NA,USDCOP,coarse_4x6,4,6
5,VAR1,11,135,3.9155078421913405,USDCOP,coarse_4x6,4,6
5,ARHinc,11,135,0.6623667872456377,USDCOP,coarse_4x6,4,6
5,KernelARH,11,0,NA,USDCOP,coarse_4x6,4,6
5,VAR1,12,135,4.3385481159574715,USDCOP,coarse_4x6,4,6
5,ARHinc,12,135,0.6588041942413626,USDCOP,coarse_4x6,4,6
5,KernelARH,12,0,NA,USDCOP,coarse_4x6,4,6
5,VAR1,13,135,4.596365514052543,USDCOP,coarse_4x6,4,6
5,ARHinc,13,135,0.6601696771199277,USDCOP,coarse_4x6,4,6
5,KernelARH,13,0,NA,USDCOP,coarse_4x6,4,6
5,VAR1,14,135,4.781103228868639,USDCOP,coarse_4x6,4,6
5,ARHinc,14,135,0.6604547146308238,USDCOP,coarse_4x6,4,6
5,KernelARH,14,0,NA,USDCOP,coarse_4x6,4,6
5,VAR1,15,135,4.6935613622469665,USDCOP,coarse_4x6,4,6
5,ARHinc,15,135,0.6589299960310602,USDCOP,coarse_4x6,4,6
5,KernelARH,15,0,NA,USDCOP,coarse_4x6,4,6
10,VAR1,2,135,1.6859308162318587,USDCOP,coarse_4x6,4,6
10,ARHinc,2,135,0.7802854346954937,USDCOP,coarse_4x6,4,6
10,KernelARH,2,135,0.9426421496944855,USDCOP,coarse_4x6,4,6
10,VAR1,3,135,2.2534860827123424,USDCOP,coarse_4x6,4,6
10,ARHinc,3,135,0.8245524940322063,USDCOP,coarse_4x6,4,6
10,KernelARH,3,135,0.9723913009225897,USDCOP,coarse_4x6,4,6
10,VAR1,4,135,3.131543780189699,USDCOP,coarse_4x6,4,6
10,ARHinc,4,135,0.8062191152217519,USDCOP,coarse_4x6,4,6
10,KernelARH,4,135,0.9229544278926248,USDCOP,coarse_4x6,4,6
10,VAR1,5,135,3.616847227228423,USDCOP,coarse_4x6,4,6
10,ARHinc,5,135,0.8147994083534524,USDCOP,coarse_4x6,4,6
10,KernelARH,5,135,0.8952971723797054,USDCOP,coarse_4x6,4,6
10,VAR1,6,135,3.8497169554079216,USDCOP,coarse_4x6,4,6
10,ARHinc,6,135,0.8102580750480466,USDCOP,coarse_4x6,4,6
10,KernelARH,6,135,0.8701620355581015,USDCOP,coarse_4x6,4,6
10,VAR1,7,135,4.213795096649092,USDCOP,coarse_4x6,4,6
10,ARHinc,7,135,0.81107851249718,USDCOP,coarse_4x6,4,6
10,KernelARH,7,135,0.8660398826111091,USDCOP,coarse_4x6,4,6
10,VAR1,8,135,4.729193367805791,USDCOP,coarse_4x6,4,6
10,ARHinc,8,135,0.803824516090661,USDCOP,coarse_4x6,4,6
10,KernelARH,8,135,0.8787574913135582,USDCOP,coarse_4x6,4,6
10,VAR1,9,135,4.94636510177853,USDCOP,coarse_4x6,4,6
10,ARHinc,9,135,0.8059779404275114,USDCOP,coarse_4x6,4,6
10,KernelARH,9,0,NA,USDCOP,coarse_4x6,4,6
10,VAR1,10,135,5.21598989845852,USDCOP,coarse_4x6,4,6
10,ARHinc,10,135,0.8092782454065656,USDCOP,coarse_4x6,4,6
10,KernelARH,10,0,NA,USDCOP,coarse_4x6,4,6
10,VAR1,11,135,5.646896326968628,USDCOP,coarse_4x6,4,6
10,ARHinc,11,135,0.8095676906729253,USDCOP,coarse_4x6,4,6
10,KernelARH,11,0,NA,USDCOP,coarse_4x6,4,6
10,VAR1,12,135,5.694926748066349,USDCOP,coarse_4x6,4,6
10,ARHinc,12,135,0.80199486370862,USDCOP,coarse_4x6,4,6
10,KernelARH,12,0,NA,USDCOP,coarse_4x6,4,6
10,VAR1,13,135,7.00765255117434,USDCOP,coarse_4x6,4,6
10,ARHinc,13,135,0.7952970511442684,USDCOP,coarse_4x6,4,6
10,KernelARH,13,0,NA,USDCOP,coarse_4x6,4,6
10,VAR1,14,135,6.987059163612616,USDCOP,coarse_4x6,4,6
10,ARHinc,14,135,0.7966279784891883,USDCOP,coarse_4x6,4,6
10,KernelARH,14,0,NA,USDCOP,coarse_4x6,4,6
10,VAR1,15,135,6.964105377602367,USDCOP,coarse_4x6,4,6
10,ARHinc,15,135,0.8004006145867486,USDCOP,coarse_4x6,4,6
10,KernelARH,15,0,NA,USDCOP,coarse_4x6,4,6
1,VAR1,2,135,1.2729370014333925,USDCOP,rich_5x10,5,10
1,ARHinc,2,135,0.7731536751770882,USDCOP,rich_5x10,5,10
1,KernelARH,2,135,0.8341415529879013,USDCOP,rich_5x10,5,10
1,VAR1,3,135,4.344799221806144,USDCOP,rich_5x10,5,10
1,ARHinc,3,135,0.4201507425015836,USDCOP,rich_5x10,5,10
1,KernelARH,3,135,0.4312989420663031,USDCOP,rich_5x10,5,10
1,VAR1,4,135,37.98259764399537,USDCOP,rich_5x10,5,10
1,ARHinc,4,135,0.33476325187307737,USDCOP,rich_5x10,5,10
1,KernelARH,4,135,0.35791358526116834,USDCOP,rich_5x10,5,10
1,VAR1,5,135,64.74203875057772,USDCOP,rich_5x10,5,10
1,ARHinc,5,135,0.2998567423936272,USDCOP,rich_5x10,5,10
1,KernelARH,5,135,0.3252415191825993,USDCOP,rich_5x10,5,10
1,VAR1,6,135,78.97105667192974,USDCOP,rich_5x10,5,10
1,ARHinc,6,135,0.28536241686038727,USDCOP,rich_5x10,5,10
1,KernelARH,6,135,0.3088630445848267,USDCOP,rich_5x10,5,10
1,VAR1,7,135,93.37209432943796,USDCOP,rich_5x10,5,10
1,ARHinc,7,135,0.25422198129774737,USDCOP,rich_5x10,5,10
1,KernelARH,7,135,0.28000351091725056,USDCOP,rich_5x10,5,10
1,VAR1,8,135,156.43325193884954,USDCOP,rich_5x10,5,10
1,ARHinc,8,135,0.24090900734594703,USDCOP,rich_5x10,5,10
1,KernelARH,8,135,0.2752859260179494,USDCOP,rich_5x10,5,10
1,VAR1,9,135,265.54737903713954,USDCOP,rich_5x10,5,10
1,ARHinc,9,135,0.23935726503373894,USDCOP,rich_5x10,5,10
1,KernelARH,9,0,NA,USDCOP,rich_5x10,5,10
1,VAR1,10,135,301.29407052327804,USDCOP,rich_5x10,5,10
1,ARHinc,10,135,0.22921948425928848,USDCOP,rich_5x10,5,10
1,KernelARH,10,0,NA,USDCOP,rich_5x10,5,10
1,VAR1,11,135,436.5202352587638,USDCOP,rich_5x10,5,10
1,ARHinc,11,135,0.22623361122882626,USDCOP,rich_5x10,5,10
1,KernelARH,11,0,NA,USDCOP,rich_5x10,5,10
1,VAR1,12,135,433.70525495203964,USDCOP,rich_5x10,5,10
1,ARHinc,12,135,0.23017506679732022,USDCOP,rich_5x10,5,10
1,KernelARH,12,0,NA,USDCOP,rich_5x10,5,10
1,VAR1,13,135,521.0741342193235,USDCOP,rich_5x10,5,10
1,ARHinc,13,135,0.22194587012703162,USDCOP,rich_5x10,5,10
1,KernelARH,13,0,NA,USDCOP,rich_5x10,5,10
1,VAR1,14,135,584.0698986892118,USDCOP,rich_5x10,5,10
1,ARHinc,14,135,0.22722866637923492,USDCOP,rich_5x10,5,10
1,KernelARH,14,0,NA,USDCOP,rich_5x10,5,10
1,VAR1,15,135,697.9480665932446,USDCOP,rich_5x10,5,10
1,ARHinc,15,135,0.22459275631655867,USDCOP,rich_5x10,5,10
1,KernelARH,15,0,NA,USDCOP,rich_5x10,5,10
5,VAR1,2,135,1.8460285183821876,USDCOP,rich_5x10,5,10
5,ARHinc,2,135,0.9276185555642786,USDCOP,rich_5x10,5,10
5,KernelARH,2,135,0.973615498339926,USDCOP,rich_5x10,5,10
5,VAR1,3,135,14.782024378101116,USDCOP,rich_5x10,5,10
5,ARHinc,3,135,0.6018068687768933,USDCOP,rich_5x10,5,10
5,KernelARH,3,135,0.6383511250896386,USDCOP,rich_5x10,5,10
5,VAR1,4,135,72.77244353777002,USDCOP,rich_5x10,5,10
5,ARHinc,4,135,0.48038235568715815,USDCOP,rich_5x10,5,10
5,KernelARH,4,135,0.5154473832976476,USDCOP,rich_5x10,5,10
5,VAR1,5,135,156.9641802693132,USDCOP,rich_5x10,5,10
5,ARHinc,5,135,0.45990909108602307,USDCOP,rich_5x10,5,10
5,KernelARH,5,135,0.5242315681381667,USDCOP,rich_5x10,5,10
5,VAR1,6,135,194.86726166064076,USDCOP,rich_5x10,5,10
5,ARHinc,6,135,0.4647360198040606,USDCOP,rich_5x10,5,10
5,KernelARH,6,135,0.4644619975966193,USDCOP,rich_5x10,5,10
5,VAR1,7,135,212.82394310298352,USDCOP,rich_5x10,5,10
5,ARHinc,7,135,0.4558274325056089,USDCOP,rich_5x10,5,10
5,KernelARH,7,135,0.488012964926183,USDCOP,rich_5x10,5,10
5,VAR1,8,135,298.53772824373345,USDCOP,rich_5x10,5,10
5,ARHinc,8,135,0.4408071835029678,USDCOP,rich_5x10,5,10
5,KernelARH,8,135,0.48588013376975075,USDCOP,rich_5x10,5,10
5,VAR1,9,135,417.46638066239467,USDCOP,rich_5x10,5,10
5,ARHinc,9,135,0.42991423894903064,USDCOP,rich_5x10,5,10
5,KernelARH,9,0,NA,USDCOP,rich_5x10,5,10
5,VAR1,10,135,452.6997656629245,USDCOP,rich_5x10,5,10
5,ARHinc,10,135,0.42810993795012964,USDCOP,rich_5x10,5,10
5,KernelARH,10,0,NA,USDCOP,rich_5x10,5,10
5,VAR1,11,135,619.4918275581493,USDCOP,rich_5x10,5,10
5,ARHinc,11,135,0.416413610834128,USDCOP,rich_5x10,5,10
5,KernelARH,11,0,NA,USDCOP,rich_5x10,5,10
5,VAR1,12,135,712.9087227987858,USDCOP,rich_5x10,5,10
5,ARHinc,12,135,0.4138436206685805,USDCOP,rich_5x10,5,10
5,KernelARH,12,0,NA,USDCOP,rich_5x10,5,10
5,VAR1,13,135,735.258196180282,USDCOP,rich_5x10,5,10
5,ARHinc,13,135,0.4118287277087921,USDCOP,rich_5x10,5,10
5,KernelARH,13,0,NA,USDCOP,rich_5x10,5,10
5,VAR1,14,135,789.3170302224561,USDCOP,rich_5x10,5,10
5,ARHinc,14,135,0.41168139084157096,USDCOP,rich_5x10,5,10
5,KernelARH,14,0,NA,USDCOP,rich_5x10,5,10
5,VAR1,15,135,946.2216837791116,USDCOP,rich_5x10,5,10
5,ARHinc,15,135,0.41740509501819956,USDCOP,rich_5x10,5,10
5,KernelARH,15,0,NA,USDCOP,rich_5x10,5,10
10,VAR1,2,135,2.1027821287031125,USDCOP,rich_5x10,5,10
10,ARHinc,2,135,0.9871394236399083,USDCOP,rich_5x10,5,10
10,KernelARH,2,135,1.043104916258372,USDCOP,rich_5x10,5,10
10,VAR1,3,135,17.88240661444737,USDCOP,rich_5x10,5,10
10,ARHinc,3,135,0.7753323783525041,USDCOP,rich_5x10,5,10
10,KernelARH,3,135,0.8479487830457155,USDCOP,rich_5x10,5,10
10,VAR1,4,135,64.84874696619939,USDCOP,rich_5x10,5,10
10,ARHinc,4,135,0.6401261943955157,USDCOP,rich_5x10,5,10
10,KernelARH,4,135,0.6977669909695722,USDCOP,rich_5x10,5,10
10,VAR1,5,135,106.39803525498102,USDCOP,rich_5x10,5,10
10,ARHinc,5,135,0.5906868609242187,USDCOP,rich_5x10,5,10
10,KernelARH,5,135,0.6654275358030909,USDCOP,rich_5x10,5,10
10,VAR1,6,135,171.9837561982367,USDCOP,rich_5x10,5,10
10,ARHinc,6,135,0.6200776949668798,USDCOP,rich_5x10,5,10
10,KernelARH,6,135,0.6784362272551449,USDCOP,rich_5x10,5,10
10,VAR1,7,135,163.92569065897712,USDCOP,rich_5x10,5,10
10,ARHinc,7,135,0.6164637745502008,USDCOP,rich_5x10,5,10
10,KernelARH,7,135,0.6856814741432689,USDCOP,rich_5x10,5,10
10,VAR1,8,135,211.70541138789198,USDCOP,rich_5x10,5,10
10,ARHinc,8,135,0.6046637715851289,USDCOP,rich_5x10,5,10
10,KernelARH,8,135,0.6794347780817607,USDCOP,rich_5x10,5,10
10,VAR1,9,135,251.08816880406295,USDCOP,rich_5x10,5,10
10,ARHinc,9,135,0.6219726169085518,USDCOP,rich_5x10,5,10
10,KernelARH,9,0,NA,USDCOP,rich_5x10,5,10
10,VAR1,10,135,304.3977490331509,USDCOP,rich_5x10,5,10
10,ARHinc,10,135,0.617415141027775,USDCOP,rich_5x10,5,10
10,KernelARH,10,0,NA,USDCOP,rich_5x10,5,10
10,VAR1,11,135,341.72934173330304,USDCOP,rich_5x10,5,10
10,ARHinc,11,135,0.6232897788560181,USDCOP,rich_5x10,5,10
10,KernelARH,11,0,NA,USDCOP,rich_5x10,5,10
10,VAR1,12,135,360.6704872861403,USDCOP,rich_5x10,5,10
10,ARHinc,12,135,0.6122352862631765,USDCOP,rich_5x10,5,10
10,KernelARH,12,0,NA,USDCOP,rich_5x10,5,10
10,VAR1,13,135,441.77706421145797,USDCOP,rich_5x10,5,10
10,ARHinc,13,135,0.6130036176847934,USDCOP,rich_5x10,5,10
10,KernelARH,13,0,NA,USDCOP,rich_5x10,5,10
10,VAR1,14,135,450.2852109284497,USDCOP,rich_5x10,5,10
10,ARHinc,14,135,0.6137980123285184,USDCOP,rich_5x10,5,10
10,KernelARH,14,0,NA,USDCOP,rich_5x10,5,10
10,VAR1,15,135,591.2150451752616,USDCOP,rich_5x10,5,10
10,ARHinc,15,135,0.6073511470941615,USDCOP,rich_5x10,5,10
10,KernelARH,15,0,NA,USDCOP,rich_5x10,5,10
1,VAR1,2,201,2.9500256348114307,USDCLP,base_4x8,4,8
1,ARHinc,2,201,0.7280172433520763,USDCLP,base_4x8,4,8
1,KernelARH,2,201,0.7283051588499352,USDCLP,base_4x8,4,8
1,VAR1,3,201,10.33819688169934,USDCLP,base_4x8,4,8
1,ARHinc,3,201,0.6582472743351484,USDCLP,base_4x8,4,8
1,KernelARH,3,201,0.6672126651037535,USDCLP,base_4x8,4,8
1,VAR1,4,201,52.09055469703416,USDCLP,base_4x8,4,8
1,ARHinc,4,201,0.6364431983988682,USDCLP,base_4x8,4,8
1,KernelARH,4,201,0.6478936476745062,USDCLP,base_4x8,4,8
1,VAR1,5,201,95.17835845600494,USDCLP,base_4x8,4,8
1,ARHinc,5,201,0.6303108159913028,USDCLP,base_4x8,4,8
1,KernelARH,5,201,0.64976646329731,USDCLP,base_4x8,4,8
1,VAR1,6,201,122.97329728803523,USDCLP,base_4x8,4,8
1,ARHinc,6,201,0.6292179643045034,USDCLP,base_4x8,4,8
1,KernelARH,6,201,0.6484122602471851,USDCLP,base_4x8,4,8
1,VAR1,7,201,122.83147531338005,USDCLP,base_4x8,4,8
1,ARHinc,7,201,0.6313430815208456,USDCLP,base_4x8,4,8
1,KernelARH,7,201,0.6437813579936605,USDCLP,base_4x8,4,8
1,VAR1,8,201,143.77192470685975,USDCLP,base_4x8,4,8
1,ARHinc,8,201,0.6300910640820974,USDCLP,base_4x8,4,8
1,KernelARH,8,201,0.6461879487659267,USDCLP,base_4x8,4,8
1,VAR1,9,201,186.78821402436213,USDCLP,base_4x8,4,8
1,ARHinc,9,201,0.6319039803548752,USDCLP,base_4x8,4,8
1,KernelARH,9,0,NA,USDCLP,base_4x8,4,8
1,VAR1,10,201,252.16588853406412,USDCLP,base_4x8,4,8
1,ARHinc,10,201,0.6391651772412892,USDCLP,base_4x8,4,8
1,KernelARH,10,0,NA,USDCLP,base_4x8,4,8
1,VAR1,11,201,273.7811915231625,USDCLP,base_4x8,4,8
1,ARHinc,11,201,0.6416074773458893,USDCLP,base_4x8,4,8
1,KernelARH,11,0,NA,USDCLP,base_4x8,4,8
1,VAR1,12,201,302.45708061626453,USDCLP,base_4x8,4,8
1,ARHinc,12,201,0.6389956012129256,USDCLP,base_4x8,4,8
1,KernelARH,12,0,NA,USDCLP,base_4x8,4,8
1,VAR1,13,201,390.9755370099635,USDCLP,base_4x8,4,8
1,ARHinc,13,201,0.6397332930475229,USDCLP,base_4x8,4,8
1,KernelARH,13,0,NA,USDCLP,base_4x8,4,8
1,VAR1,14,201,504.86556185185185,USDCLP,base_4x8,4,8
1,ARHinc,14,201,0.6431720977793937,USDCLP,base_4x8,4,8
1,KernelARH,14,0,NA,USDCLP,base_4x8,4,8
1,VAR1,15,201,527.0012836772189,USDCLP,base_4x8,4,8
1,ARHinc,15,201,0.6430498503121022,USDCLP,base_4x8,4,8
1,KernelARH,15,0,NA,USDCLP,base_4x8,4,8
5,VAR1,2,201,7.065685632302926,USDCLP,base_4x8,4,8
5,ARHinc,2,201,0.8779463327662139,USDCLP,base_4x8,4,8
5,KernelARH,2,201,0.9221236642894404,USDCLP,base_4x8,4,8
5,VAR1,3,201,22.465649797811768,USDCLP,base_4x8,4,8
5,ARHinc,3,201,0.7444675474258451,USDCLP,base_4x8,4,8
5,KernelARH,3,201,0.7771653997027677,USDCLP,base_4x8,4,8
5,VAR1,4,201,45.13441512262403,USDCLP,base_4x8,4,8
5,ARHinc,4,201,0.7270663858419139,USDCLP,base_4x8,4,8
5,KernelARH,4,201,0.781904089944232,USDCLP,base_4x8,4,8
5,VAR1,5,201,121.77075604675096,USDCLP,base_4x8,4,8
5,ARHinc,5,201,0.7246257798592562,USDCLP,base_4x8,4,8
5,KernelARH,5,201,0.7528633517308114,USDCLP,base_4x8,4,8
5,VAR1,6,201,153.14895229323514,USDCLP,base_4x8,4,8
5,ARHinc,6,201,0.7244914655665593,USDCLP,base_4x8,4,8
5,KernelARH,6,201,0.733859125631835,USDCLP,base_4x8,4,8
5,VAR1,7,201,283.8563136627167,USDCLP,base_4x8,4,8
5,ARHinc,7,201,0.7119621547332579,USDCLP,base_4x8,4,8
5,KernelARH,7,201,0.7348800945815482,USDCLP,base_4x8,4,8
5,VAR1,8,201,308.6914236341772,USDCLP,base_4x8,4,8
5,ARHinc,8,201,0.7230432102647824,USDCLP,base_4x8,4,8
5,KernelARH,8,201,0.7444321098669987,USDCLP,base_4x8,4,8
5,VAR1,9,201,434.67270439702895,USDCLP,base_4x8,4,8
5,ARHinc,9,201,0.7206939504707534,USDCLP,base_4x8,4,8
5,KernelARH,9,0,NA,USDCLP,base_4x8,4,8
5,VAR1,10,201,614.6832704630492,USDCLP,base_4x8,4,8
5,ARHinc,10,201,0.7199585915572867,USDCLP,base_4x8,4,8
5,KernelARH,10,0,NA,USDCLP,base_4x8,4,8
5,VAR1,11,201,608.3195675448957,USDCLP,base_4x8,4,8
5,ARHinc,11,201,0.7190854641336634,USDCLP,base_4x8,4,8
5,KernelARH,11,0,NA,USDCLP,base_4x8,4,8
5,VAR1,12,201,631.9939099857919,USDCLP,base_4x8,4,8
5,ARHinc,12,201,0.7175026969683922,USDCLP,base_4x8,4,8
5,KernelARH,12,0,NA,USDCLP,base_4x8,4,8
5,VAR1,13,201,656.8490506233579,USDCLP,base_4x8,4,8
5,ARHinc,13,201,0.716593236517935,USDCLP,base_4x8,4,8
5,KernelARH,13,0,NA,USDCLP,base_4x8,4,8
5,VAR1,14,201,729.8160741752389,USDCLP,base_4x8,4,8
5,ARHinc,14,201,0.7154428692880374,USDCLP,base_4x8,4,8
5,KernelARH,14,0,NA,USDCLP,base_4x8,4,8
5,VAR1,15,201,718.3110362962415,USDCLP,base_4x8,4,8
5,ARHinc,15,201,0.7178852982146448,USDCLP,base_4x8,4,8
5,KernelARH,15,0,NA,USDCLP,base_4x8,4,8
10,VAR1,2,201,7.035647513842876,USDCLP,base_4x8,4,8
10,ARHinc,2,201,1.0874458519393084,USDCLP,base_4x8,4,8
10,KernelARH,2,201,1.2161821773891734,USDCLP,base_4x8,4,8
10,VAR1,3,201,27.268389806378078,USDCLP,base_4x8,4,8
10,ARHinc,3,201,0.868483667206775,USDCLP,base_4x8,4,8
10,KernelARH,3,201,0.8460991255142508,USDCLP,base_4x8,4,8
10,VAR1,4,201,43.361351948754894,USDCLP,base_4x8,4,8
10,ARHinc,4,201,0.8646525302344213,USDCLP,base_4x8,4,8
10,KernelARH,4,201,0.8665916827376832,USDCLP,base_4x8,4,8
10,VAR1,5,201,78.52370599832327,USDCLP,base_4x8,4,8
10,ARHinc,5,201,0.8585827935867651,USDCLP,base_4x8,4,8
10,KernelARH,5,201,0.8542983316479561,USDCLP,base_4x8,4,8
10,VAR1,6,201,120.9169008504388,USDCLP,base_4x8,4,8
10,ARHinc,6,201,0.8445101043453177,USDCLP,base_4x8,4,8
10,KernelARH,6,201,0.8118478482008001,USDCLP,base_4x8,4,8
10,VAR1,7,201,198.96884486520096,USDCLP,base_4x8,4,8
10,ARHinc,7,201,0.8362296751082451,USDCLP,base_4x8,4,8
10,KernelARH,7,201,0.8122152847704343,USDCLP,base_4x8,4,8
10,VAR1,8,201,203.85588481050092,USDCLP,base_4x8,4,8
10,ARHinc,8,201,0.8432589102987325,USDCLP,base_4x8,4,8
10,KernelARH,8,201,0.8483332601604553,USDCLP,base_4x8,4,8
10,VAR1,9,201,271.303794995432,USDCLP,base_4x8,4,8
10,ARHinc,9,201,0.8469950748271018,USDCLP,base_4x8,4,8
10,KernelARH,9,0,NA,USDCLP,base_4x8,4,8
10,VAR1,10,201,317.4757870644584,USDCLP,base_4x8,4,8
10,ARHinc,10,201,0.8494120658843415,USDCLP,base_4x8,4,8
10,KernelARH,10,0,NA,USDCLP,base_4x8,4,8
10,VAR1,11,201,328.020361056258,USDCLP,base_4x8,4,8
10,ARHinc,11,201,0.8693947671402914,USDCLP,base_4x8,4,8
10,KernelARH,11,0,NA,USDCLP,base_4x8,4,8
10,VAR1,12,201,342.177446705009,USDCLP,base_4x8,4,8
10,ARHinc,12,201,0.8702359406807916,USDCLP,base_4x8,4,8
10,KernelARH,12,0,NA,USDCLP,base_4x8,4,8
10,VAR1,13,201,339.5318897516336,USDCLP,base_4x8,4,8
10,ARHinc,13,201,0.8676349089131908,USDCLP,base_4x8,4,8
10,KernelARH,13,0,NA,USDCLP,base_4x8,4,8
10,VAR1,14,201,445.627451001703,USDCLP,base_4x8,4,8
10,ARHinc,14,201,0.8712290899162446,USDCLP,base_4x8,4,8
10,KernelARH,14,0,NA,USDCLP,base_4x8,4,8
10,VAR1,15,201,452.8497712429838,USDCLP,base_4x8,4,8
10,ARHinc,15,201,0.8850217816059198,USDCLP,base_4x8,4,8
10,KernelARH,15,0,NA,USDCLP,base_4x8,4,8
1,VAR1,2,201,0.6798138286500618,USDCLP,coarse_4x6,4,6
1,ARHinc,2,201,0.665177747767595,USDCLP,coarse_4x6,4,6
1,KernelARH,2,201,0.6767313584025799,USDCLP,coarse_4x6,4,6
1,VAR1,3,201,0.6551224936744416,USDCLP,coarse_4x6,4,6
1,ARHinc,3,201,0.6501708888503913,USDCLP,coarse_4x6,4,6
1,KernelARH,3,201,0.6618354046066013,USDCLP,coarse_4x6,4,6
1,VAR1,4,201,0.7025299003224903,USDCLP,coarse_4x6,4,6
1,ARHinc,4,201,0.6459510207673055,USDCLP,coarse_4x6,4,6
1,KernelARH,4,201,0.662942354310838,USDCLP,coarse_4x6,4,6
1,VAR1,5,201,0.7507803573287584,USDCLP,coarse_4x6,4,6
1,ARHinc,5,201,0.6439092907551257,USDCLP,coarse_4x6,4,6
1,KernelARH,5,201,0.6634220135173557,USDCLP,coarse_4x6,4,6
1,VAR1,6,201,1.0089718531166674,USDCLP,coarse_4x6,4,6
1,ARHinc,6,201,0.6459566847080145,USDCLP,coarse_4x6,4,6
1,KernelARH,6,201,0.6666124937624915,USDCLP,coarse_4x6,4,6
1,VAR1,7,201,1.3276853743678088,USDCLP,coarse_4x6,4,6
1,ARHinc,7,201,0.6484009429108115,USDCLP,coarse_4x6,4,6
1,KernelARH,7,201,0.6646609016935584,USDCLP,coarse_4x6,4,6
1,VAR1,8,201,1.480753669559299,USDCLP,coarse_4x6,4,6
1,ARHinc,8,201,0.6508330833093725,USDCLP,coarse_4x6,4,6
1,KernelARH,8,201,0.6719554120229023,USDCLP,coarse_4x6,4,6
1,VAR1,9,201,1.9802677583918293,USDCLP,coarse_4x6,4,6
1,ARHinc,9,201,0.6535792198328384,USDCLP,coarse_4x6,4,6
1,KernelARH,9,0,NA,USDCLP,coarse_4x6,4,6
1,VAR1,10,201,2.053858256191651,USDCLP,coarse_4x6,4,6
1,ARHinc,10,201,0.6538293921765524,USDCLP,coarse_4x6,4,6
1,KernelARH,10,0,NA,USDCLP,coarse_4x6,4,6
1,VAR1,11,201,2.087591284218761,USDCLP,coarse_4x6,4,6
1,ARHinc,11,201,0.6559951488455136,USDCLP,coarse_4x6,4,6
1,KernelARH,11,0,NA,USDCLP,coarse_4x6,4,6
1,VAR1,12,201,2.1412765529581117,USDCLP,coarse_4x6,4,6
1,ARHinc,12,201,0.6560437089336943,USDCLP,coarse_4x6,4,6
1,KernelARH,12,0,NA,USDCLP,coarse_4x6,4,6
1,VAR1,13,201,2.158795758058817,USDCLP,coarse_4x6,4,6
1,ARHinc,13,201,0.6546994750191863,USDCLP,coarse_4x6,4,6
1,KernelARH,13,0,NA,USDCLP,coarse_4x6,4,6
1,VAR1,14,201,2.174004582561131,USDCLP,coarse_4x6,4,6
1,ARHinc,14,201,0.6647058205407552,USDCLP,coarse_4x6,4,6
1,KernelARH,14,0,NA,USDCLP,coarse_4x6,4,6
1,VAR1,15,201,2.3245241919777033,USDCLP,coarse_4x6,4,6
1,ARHinc,15,201,0.6609595402208909,USDCLP,coarse_4x6,4,6
1,KernelARH,15,0,NA,USDCLP,coarse_4x6,4,6
5,VAR1,2,201,0.7624918190415727,USDCLP,coarse_4x6,4,6
5,ARHinc,2,201,0.7485583004643575,USDCLP,coarse_4x6,4,6
5,KernelARH,2,201,0.7588713934254837,USDCLP,coarse_4x6,4,6
5,VAR1,3,201,0.8518210883006273,USDCLP,coarse_4x6,4,6
5,ARHinc,3,201,0.7403889688805579,USDCLP,coarse_4x6,4,6
5,KernelARH,3,201,0.7636233641493452,USDCLP,coarse_4x6,4,6
5,VAR1,4,201,1.0952059498395033,USDCLP,coarse_4x6,4,6
5,ARHinc,4,201,0.7281311253889251,USDCLP,coarse_4x6,4,6
5,KernelARH,4,201,0.7622879822657502,USDCLP,coarse_4x6,4,6
5,VAR1,5,201,1.1466025013611378,USDCLP,coarse_4x6,4,6
5,ARHinc,5,201,0.7244999555084757,USDCLP,coarse_4x6,4,6
5,KernelARH,5,201,0.7528508199802142,USDCLP,coarse_4x6,4,6
5,VAR1,6,201,1.1858937418193904,USDCLP,coarse_4x6,4,6
5,ARHinc,6,201,0.7330821205375775,USDCLP,coarse_4x6,4,6
5,KernelARH,6,201,0.734975117520143,USDCLP,coarse_4x6,4,6
5,VAR1,7,201,1.6085329175782472,USDCLP,coarse_4x6,4,6
5,ARHinc,7,201,0.7365938602431978,USDCLP,coarse_4x6,4,6
5,KernelARH,7,201,0.7239672871304221,USDCLP,coarse_4x6,4,6
5,VAR1,8,201,2.010721634182827,USDCLP,coarse_4x6,4,6
5,ARHinc,8,201,0.7454979015024834,USDCLP,coarse_4x6,4,6
5,KernelARH,8,201,0.7475758768382357,USDCLP,coarse_4x6,4,6
5,VAR1,9,201,2.0573709621159697,USDCLP,coarse_4x6,4,6
5,ARHinc,9,201,0.7527060927639401,USDCLP,coarse_4x6,4,6
5,KernelARH,9,0,NA,USDCLP,coarse_4x6,4,6
5,VAR1,10,201,2.0420460096634687,USDCLP,coarse_4x6,4,6
5,ARHinc,10,201,0.7511392249708249,USDCLP,coarse_4x6,4,6
5,KernelARH,10,0,NA,USDCLP,coarse_4x6,4,6
5,VAR1,11,201,2.0143933354612473,USDCLP,coarse_4x6,4,6
5,ARHinc,11,201,0.7458426455673971,USDCLP,coarse_4x6,4,6
5,KernelARH,11,0,NA,USDCLP,coarse_4x6,4,6
5,VAR1,12,201,2.0109802600700926,USDCLP,coarse_4x6,4,6
5,ARHinc,12,201,0.752990917713072,USDCLP,coarse_4x6,4,6
5,KernelARH,12,0,NA,USDCLP,coarse_4x6,4,6
5,VAR1,13,201,2.1020215441856682,USDCLP,coarse_4x6,4,6
5,ARHinc,13,201,0.7505260901785847,USDCLP,coarse_4x6,4,6
5,KernelARH,13,0,NA,USDCLP,coarse_4x6,4,6
5,VAR1,14,201,2.1061532783204373,USDCLP,coarse_4x6,4,6
5,ARHinc,14,201,0.7528096278466915,USDCLP,coarse_4x6,4,6
5,KernelARH,14,0,NA,USDCLP,coarse_4x6,4,6
5,VAR1,15,201,2.1004287591441866,USDCLP,coarse_4x6,4,6
5,ARHinc,15,201,0.7416490025372091,USDCLP,coarse_4x6,4,6
5,KernelARH,15,0,NA,USDCLP,coarse_4x6,4,6
10,VAR1,2,201,0.845894761368357,USDCLP,coarse_4x6,4,6
10,ARHinc,2,201,0.8502434385554891,USDCLP,coarse_4x6,4,6
10,KernelARH,2,201,0.8313021891928487,USDCLP,coarse_4x6,4,6
10,VAR1,3,201,1.1497136954023746,USDCLP,coarse_4x6,4,6
10,ARHinc,3,201,0.8579532255198489,USDCLP,coarse_4x6,4,6
10,KernelARH,3,201,0.8407375747301868,USDCLP,coarse_4x6,4,6
10,VAR1,4,201,1.5038469468594464,USDCLP,coarse_4x6,4,6
10,ARHinc,4,201,0.8518727783308709,USDCLP,coarse_4x6,4,6
10,KernelARH,4,201,0.827344843433402,USDCLP,coarse_4x6,4,6
10,VAR1,5,201,1.543501267852102,USDCLP,coarse_4x6,4,6
10,ARHinc,5,201,0.8554660047039067,USDCLP,coarse_4x6,4,6
10,KernelARH,5,201,0.8165730332544655,USDCLP,coarse_4x6,4,6
10,VAR1,6,201,1.821138989020057,USDCLP,coarse_4x6,4,6
10,ARHinc,6,201,0.8498167179888931,USDCLP,coarse_4x6,4,6
10,KernelARH,6,201,0.8156545254591416,USDCLP,coarse_4x6,4,6
10,VAR1,7,201,2.310827380538059,USDCLP,coarse_4x6,4,6
10,ARHinc,7,201,0.8568922990173874,USDCLP,coarse_4x6,4,6
10,KernelARH,7,201,0.7966885329224105,USDCLP,coarse_4x6,4,6
10,VAR1,8,201,2.689692359743026,USDCLP,coarse_4x6,4,6
10,ARHinc,8,201,0.8864735015081661,USDCLP,coarse_4x6,4,6
10,KernelARH,8,201,0.9055659747603003,USDCLP,coarse_4x6,4,6
10,VAR1,9,201,2.8226070221211024,USDCLP,coarse_4x6,4,6
10,ARHinc,9,201,0.8753580385888903,USDCLP,coarse_4x6,4,6
10,KernelARH,9,0,NA,USDCLP,coarse_4x6,4,6
10,VAR1,10,201,2.852735556388184,USDCLP,coarse_4x6,4,6
10,ARHinc,10,201,0.8726052028382218,USDCLP,coarse_4x6,4,6
10,KernelARH,10,0,NA,USDCLP,coarse_4x6,4,6
10,VAR1,11,201,2.8507493187623445,USDCLP,coarse_4x6,4,6
10,ARHinc,11,201,0.8938116968854215,USDCLP,coarse_4x6,4,6
10,KernelARH,11,0,NA,USDCLP,coarse_4x6,4,6
10,VAR1,12,201,2.749585422113341,USDCLP,coarse_4x6,4,6
10,ARHinc,12,201,0.898251597555861,USDCLP,coarse_4x6,4,6
10,KernelARH,12,0,NA,USDCLP,coarse_4x6,4,6
10,VAR1,13,201,2.713212799626894,USDCLP,coarse_4x6,4,6
10,ARHinc,13,201,0.9104639627303028,USDCLP,coarse_4x6,4,6
10,KernelARH,13,0,NA,USDCLP,coarse_4x6,4,6
10,VAR1,14,201,2.6951181356758553,USDCLP,coarse_4x6,4,6
10,ARHinc,14,201,0.8680113654992153,USDCLP,coarse_4x6,4,6
10,KernelARH,14,0,NA,USDCLP,coarse_4x6,4,6
10,VAR1,15,201,2.695277490659528,USDCLP,coarse_4x6,4,6
10,ARHinc,15,201,0.8844226862747502,USDCLP,coarse_4x6,4,6
10,KernelARH,15,0,NA,USDCLP,coarse_4x6,4,6
1,VAR1,2,201,3.389696422059127,USDCLP,rich_5x10,5,10
1,ARHinc,2,201,0.5870562056666929,USDCLP,rich_5x10,5,10
1,KernelARH,2,201,0.5764883985537373,USDCLP,rich_5x10,5,10
1,VAR1,3,201,22.594308653990414,USDCLP,rich_5x10,5,10
1,ARHinc,3,201,0.3325578807342616,USDCLP,rich_5x10,5,10
1,KernelARH,3,201,0.3573012925911849,USDCLP,rich_5x10,5,10
1,VAR1,4,201,94.37526725458555,USDCLP,rich_5x10,5,10
1,ARHinc,4,201,0.330907278904835,USDCLP,rich_5x10,5,10
1,KernelARH,4,201,0.33920349382022386,USDCLP,rich_5x10,5,10
1,VAR1,5,201,171.7683007528516,USDCLP,rich_5x10,5,10
1,ARHinc,5,201,0.29196852998869066,USDCLP,rich_5x10,5,10
1,KernelARH,5,201,0.3208303397748527,USDCLP,rich_5x10,5,10
1,VAR1,6,201,279.77239538520604,USDCLP,rich_5x10,5,10
1,ARHinc,6,201,0.27330434257954594,USDCLP,rich_5x10,5,10
1,KernelARH,6,201,0.302865949140681,USDCLP,rich_5x10,5,10
1,VAR1,7,201,344.95713918002804,USDCLP,rich_5x10,5,10
1,ARHinc,7,201,0.27200057267509675,USDCLP,rich_5x10,5,10
1,KernelARH,7,201,0.3100341720243303,USDCLP,rich_5x10,5,10
1,VAR1,8,201,431.05155143667264,USDCLP,rich_5x10,5,10
1,ARHinc,8,201,0.2560365575352659,USDCLP,rich_5x10,5,10
1,KernelARH,8,201,0.32436052843472835,USDCLP,rich_5x10,5,10
1,VAR1,9,201,640.2579524008806,USDCLP,rich_5x10,5,10
1,ARHinc,9,201,0.2632494537450075,USDCLP,rich_5x10,5,10
1,KernelARH,9,0,NA,USDCLP,rich_5x10,5,10
1,VAR1,10,201,1033.3526512575609,USDCLP,rich_5x10,5,10
1,ARHinc,10,201,0.26253082440734726,USDCLP,rich_5x10,5,10
1,KernelARH,10,0,NA,USDCLP,rich_5x10,5,10
1,VAR1,11,201,1079.0336048924798,USDCLP,rich_5x10,5,10
1,ARHinc,11,201,0.2712679893861288,USDCLP,rich_5x10,5,10
1,KernelARH,11,0,NA,USDCLP,rich_5x10,5,10
1,VAR1,12,201,1166.7357322577993,USDCLP,rich_5x10,5,10
1,ARHinc,12,201,0.2759904232342166,USDCLP,rich_5x10,5,10
1,KernelARH,12,0,NA,USDCLP,rich_5x10,5,10
1,VAR1,13,201,1439.5488055991366,USDCLP,rich_5x10,5,10
1,ARHinc,13,201,0.2789883588732316,USDCLP,rich_5x10,5,10
1,KernelARH,13,0,NA,USDCLP,rich_5x10,5,10
1,VAR1,14,201,1424.227199429994,USDCLP,rich_5x10,5,10
1,ARHinc,14,201,0.28554514112848467,USDCLP,rich_5x10,5,10
1,KernelARH,14,0,NA,USDCLP,rich_5x10,5,10
1,VAR1,15,201,1403.8336636209638,USDCLP,rich_5x10,5,10
1,ARHinc,15,201,0.29200458489653275,USDCLP,rich_5x10,5,10
1,KernelARH,15,0,NA,USDCLP,rich_5x10,5,10
5,VAR1,2,201,7.616050144853525,USDCLP,rich_5x10,5,10
5,ARHinc,2,201,0.7481498263655288,USDCLP,rich_5x10,5,10
5,KernelARH,2,201,0.7224830709510783,USDCLP,rich_5x10,5,10
5,VAR1,3,201,66.75033214834781,USDCLP,rich_5x10,5,10
5,ARHinc,3,201,0.4625257846197697,USDCLP,rich_5x10,5,10
5,KernelARH,3,201,0.538806470843734,USDCLP,rich_5x10,5,10
5,VAR1,4,201,121.85917763694101,USDCLP,rich_5x10,5,10
5,ARHinc,4,201,0.45539655344647273,USDCLP,rich_5x10,5,10
5,KernelARH,4,201,0.5444448844542342,USDCLP,rich_5x10,5,10
5,VAR1,5,201,281.8762927347899,USDCLP,rich_5x10,5,10
5,ARHinc,5,201,0.49497018317409597,USDCLP,rich_5x10,5,10
5,KernelARH,5,201,0.5754783711726157,USDCLP,rich_5x10,5,10
5,VAR1,6,201,400.31266723653806,USDCLP,rich_5x10,5,10
5,ARHinc,6,201,0.44577470281312354,USDCLP,rich_5x10,5,10
5,KernelARH,6,201,0.5305990638852642,USDCLP,rich_5x10,5,10
5,VAR1,7,201,690.4392542281777,USDCLP,rich_5x10,5,10
5,ARHinc,7,201,0.45001485978679356,USDCLP,rich_5x10,5,10
5,KernelARH,7,201,0.47922112428115426,USDCLP,rich_5x10,5,10
5,VAR1,8,201,797.6336317995753,USDCLP,rich_5x10,5,10
5,ARHinc,8,201,0.43241278327517946,USDCLP,rich_5x10,5,10
5,KernelARH,8,201,0.49247487803841705,USDCLP,rich_5x10,5,10
5,VAR1,9,201,1698.158763365027,USDCLP,rich_5x10,5,10
5,ARHinc,9,201,0.4319053557715182,USDCLP,rich_5x10,5,10
5,KernelARH,9,0,NA,USDCLP,rich_5x10,5,10
5,VAR1,10,201,1594.9539398782706,USDCLP,rich_5x10,5,10
5,ARHinc,10,201,0.4412483637699215,USDCLP,rich_5x10,5,10
5,KernelARH,10,0,NA,USDCLP,rich_5x10,5,10
5,VAR1,11,201,1494.2408304057567,USDCLP,rich_5x10,5,10
5,ARHinc,11,201,0.44293636049222385,USDCLP,rich_5x10,5,10
5,KernelARH,11,0,NA,USDCLP,rich_5x10,5,10
5,VAR1,12,201,1863.8042136492963,USDCLP,rich_5x10,5,10
5,ARHinc,12,201,0.43868525109795453,USDCLP,rich_5x10,5,10
5,KernelARH,12,0,NA,USDCLP,rich_5x10,5,10
5,VAR1,13,201,1919.1050596474279,USDCLP,rich_5x10,5,10
5,ARHinc,13,201,0.4522436145496933,USDCLP,rich_5x10,5,10
5,KernelARH,13,0,NA,USDCLP,rich_5x10,5,10
5,VAR1,14,201,1882.9726894589087,USDCLP,rich_5x10,5,10
5,ARHinc,14,201,0.44226887374515284,USDCLP,rich_5x10,5,10
5,KernelARH,14,0,NA,USDCLP,rich_5x10,5,10
5,VAR1,15,201,1872.7077514868804,USDCLP,rich_5x10,5,10
5,ARHinc,15,201,0.4457041241002387,USDCLP,rich_5x10,5,10
5,KernelARH,15,0,NA,USDCLP,rich_5x10,5,10
10,VAR1,2,201,5.521903757206643,USDCLP,rich_5x10,5,10
10,ARHinc,2,201,1.0468487081719995,USDCLP,rich_5x10,5,10
10,KernelARH,2,201,1.062746307827751,USDCLP,rich_5x10,5,10
10,VAR1,3,201,77.33980445849564,USDCLP,rich_5x10,5,10
10,ARHinc,3,201,0.6609198953230832,USDCLP,rich_5x10,5,10
10,KernelARH,3,201,0.6388748110892397,USDCLP,rich_5x10,5,10
10,VAR1,4,201,97.42796477800434,USDCLP,rich_5x10,5,10
10,ARHinc,4,201,0.6977364913191962,USDCLP,rich_5x10,5,10
10,KernelARH,4,201,0.6532016141527108,USDCLP,rich_5x10,5,10
10,VAR1,5,201,191.99455341428725,USDCLP,rich_5x10,5,10
10,ARHinc,5,201,0.72316565387652465,USDCLP,rich_5x10,5,10
10,KernelARH,5,201,0.708842732083458,USDCLP,rich_5x10,5,10
10,VAR1,6,201,245.6847089717358,USDCLP,rich_5x10,5,10
10,ARHinc,6,201,0.6719564778269357,USDCLP,rich_5x10,5,10
10,KernelARH,6,201,0.6574334911989076,USDCLP,rich_5x10,5,10
10,VAR1,7,201,566.7175644273144,USDCLP,rich_5x10,5,10
10,ARHinc,7,201,0.6691007881106329,USDCLP,rich_5x10,5,10
10,KernelARH,7,201,0.6448805615291341,USDCLP,rich_5x10,5,10
10,VAR1,8,201,616.0144911066378,USDCLP,rich_5x10,5,10
10,ARHinc,8,201,0.6439548254248063,USDCLP,rich_5x10,5,10
10,KernelARH,8,201,0.6473434292695482,USDCLP,rich_5x10,5,10
10,VAR1,9,201,1362.478119960153,USDCLP,rich_5x10,5,10
10,ARHinc,9,201,0.6445298689564314,USDCLP,rich_5x10,5,10
10,KernelARH,9,0,NA,USDCLP,rich_5x10,5,10
10,VAR1,10,201,1346.461927166831,USDCLP,rich_5x10,5,10
10,ARHinc,10,201,0.6443639672304559,USDCLP,rich_5x10,5,10
10,KernelARH,10,0,NA,USDCLP,rich_5x10,5,10
10,VAR1,11,201,1529.2275932521272,USDCLP,rich_5x10,5,10
10,ARHinc,11,201,0.6677996507298712,USDCLP,rich_5x10,5,10
10,KernelARH,11,0,NA,USDCLP,rich_5x10,5,10
10,VAR1,12,201,1635.5623951741466,USDCLP,rich_5x10,5,10
10,ARHinc,12,201,0.6691444781686804,USDCLP,rich_5x10,5,10
10,KernelARH,12,0,NA,USDCLP,rich_5x10,5,10
10,VAR1,13,201,1752.96607622146,USDCLP,rich_5x10,5,10
10,ARHinc,13,201,0.6875171002541984,USDCLP,rich_5x10,5,10
10,KernelARH,13,0,NA,USDCLP,rich_5x10,5,10
10,VAR1,14,201,1791.962355537039,USDCLP,rich_5x10,5,10
10,ARHinc,14,201,0.7045808489914857,USDCLP,rich_5x10,5,10
10,KernelARH,14,0,NA,USDCLP,rich_5x10,5,10
10,VAR1,15,201,1843.9137988096652,USDCLP,rich_5x10,5,10
10,ARHinc,15,201,0.6967156672389107,USDCLP,rich_5x10,5,10
10,KernelARH,15,0,NA,USDCLP,rich_5x10,5,10
1,VAR1,2,157,1.4059986549762575,USDBRL,base_4x8,4,8
1,ARHinc,2,157,1.1546093059587286,USDBRL,base_4x8,4,8
1,KernelARH,2,157,1.162236519195004,USDBRL,base_4x8,4,8
1,VAR1,3,157,3.124322255912737,USDBRL,base_4x8,4,8
1,ARHinc,3,157,0.7757986948113321,USDBRL,base_4x8,4,8
1,KernelARH,3,157,0.7949948193218433,USDBRL,base_4x8,4,8
1,VAR1,4,157,33.087607751498716,USDBRL,base_4x8,4,8
1,ARHinc,4,157,0.7091809720579242,USDBRL,base_4x8,4,8
1,KernelARH,4,157,0.7117336295386525,USDBRL,base_4x8,4,8
1,VAR1,5,157,34.04342336939567,USDBRL,base_4x8,4,8
1,ARHinc,5,157,0.6910645133763194,USDBRL,base_4x8,4,8
1,KernelARH,5,157,0.6946387942890997,USDBRL,base_4x8,4,8
1,VAR1,6,157,41.19036801094356,USDBRL,base_4x8,4,8
1,ARHinc,6,157,0.6827121873285253,USDBRL,base_4x8,4,8
1,KernelARH,6,157,0.681844378970165,USDBRL,base_4x8,4,8
1,VAR1,7,157,46.30519090049768,USDBRL,base_4x8,4,8
1,ARHinc,7,157,0.6816564344797973,USDBRL,base_4x8,4,8
1,KernelARH,7,157,0.6807148937637807,USDBRL,base_4x8,4,8
1,VAR1,8,157,70.55470308798054,USDBRL,base_4x8,4,8
1,ARHinc,8,157,0.6802658225083738,USDBRL,base_4x8,4,8
1,KernelARH,8,157,0.6837401534046014,USDBRL,base_4x8,4,8
1,VAR1,9,157,100.59422707459738,USDBRL,base_4x8,4,8
1,ARHinc,9,157,0.6780346856031314,USDBRL,base_4x8,4,8
1,KernelARH,9,0,NA,USDBRL,base_4x8,4,8
1,VAR1,10,157,116.02105955262066,USDBRL,base_4x8,4,8
1,ARHinc,10,157,0.6813278272918806,USDBRL,base_4x8,4,8
1,KernelARH,10,0,NA,USDBRL,base_4x8,4,8
1,VAR1,11,157,175.65311400886316,USDBRL,base_4x8,4,8
1,ARHinc,11,157,0.6789501100967388,USDBRL,base_4x8,4,8
1,KernelARH,11,0,NA,USDBRL,base_4x8,4,8
1,VAR1,12,157,253.29495298485955,USDBRL,base_4x8,4,8
1,ARHinc,12,157,0.6801019302811581,USDBRL,base_4x8,4,8
1,KernelARH,12,0,NA,USDBRL,base_4x8,4,8
1,VAR1,13,157,351.49772053284875,USDBRL,base_4x8,4,8
1,ARHinc,13,157,0.6789054364962527,USDBRL,base_4x8,4,8
1,KernelARH,13,0,NA,USDBRL,base_4x8,4,8
1,VAR1,14,157,368.53278732233855,USDBRL,base_4x8,4,8
1,ARHinc,14,157,0.6783765800816798,USDBRL,base_4x8,4,8
1,KernelARH,14,0,NA,USDBRL,base_4x8,4,8
1,VAR1,15,157,432.8144074954684,USDBRL,base_4x8,4,8
1,ARHinc,15,157,0.6797718734087215,USDBRL,base_4x8,4,8
1,KernelARH,15,0,NA,USDBRL,base_4x8,4,8
5,VAR1,2,157,1.6330299465333906,USDBRL,base_4x8,4,8
5,ARHinc,2,157,1.205983546448317,USDBRL,base_4x8,4,8
5,KernelARH,2,157,1.2559260774691643,USDBRL,base_4x8,4,8
5,VAR1,3,157,10.235754769152956,USDBRL,base_4x8,4,8
5,ARHinc,3,157,0.9561063791791518,USDBRL,base_4x8,4,8
5,KernelARH,3,157,0.98446627252778,USDBRL,base_4x8,4,8
5,VAR1,4,157,97.64449370197039,USDBRL,base_4x8,4,8
5,ARHinc,4,157,0.8745331610017688,USDBRL,base_4x8,4,8
5,KernelARH,4,157,0.9462687565278874,USDBRL,base_4x8,4,8
5,VAR1,5,157,104.31024808836548,USDBRL,base_4x8,4,8
5,ARHinc,5,157,0.8334054295784891,USDBRL,base_4x8,4,8
5,KernelARH,5,157,0.9059627444482201,USDBRL,base_4x8,4,8
5,VAR1,6,157,99.54068239276607,USDBRL,base_4x8,4,8
5,ARHinc,6,157,0.8287458585347321,USDBRL,base_4x8,4,8
5,KernelARH,6,157,0.8994547063062386,USDBRL,base_4x8,4,8
5,VAR1,7,157,106.29051036628081,USDBRL,base_4x8,4,8
5,ARHinc,7,157,0.8400463934782024,USDBRL,base_4x8,4,8
5,KernelARH,7,157,0.9129020471285397,USDBRL,base_4x8,4,8
5,VAR1,8,157,139.36217504263908,USDBRL,base_4x8,4,8
5,ARHinc,8,157,0.8273649408264682,USDBRL,base_4x8,4,8
5,KernelARH,8,157,0.9052472385383538,USDBRL,base_4x8,4,8
5,VAR1,9,157,159.5836901386455,USDBRL,base_4x8,4,8
5,ARHinc,9,157,0.8317494583222006,USDBRL,base_4x8,4,8
5,KernelARH,9,0,NA,USDBRL,base_4x8,4,8
5,VAR1,10,157,174.08084693211376,USDBRL,base_4x8,4,8
5,ARHinc,10,157,0.8329054166101334,USDBRL,base_4x8,4,8
5,KernelARH,10,0,NA,USDBRL,base_4x8,4,8
5,VAR1,11,157,228.9873359736268,USDBRL,base_4x8,4,8
5,ARHinc,11,157,0.84391647323032,USDBRL,base_4x8,4,8
5,KernelARH,11,0,NA,USDBRL,base_4x8,4,8
5,VAR1,12,157,283.92097802506913,USDBRL,base_4x8,4,8
5,ARHinc,12,157,0.8407558832480309,USDBRL,base_4x8,4,8
5,KernelARH,12,0,NA,USDBRL,base_4x8,4,8
5,VAR1,13,157,309.8013583660908,USDBRL,base_4x8,4,8
5,ARHinc,13,157,0.8463089610748554,USDBRL,base_4x8,4,8
5,KernelARH,13,0,NA,USDBRL,base_4x8,4,8
5,VAR1,14,157,316.7912509619421,USDBRL,base_4x8,4,8
5,ARHinc,14,157,0.8377821835728114,USDBRL,base_4x8,4,8
5,KernelARH,14,0,NA,USDBRL,base_4x8,4,8
5,VAR1,15,157,339.95468385042096,USDBRL,base_4x8,4,8
5,ARHinc,15,157,0.842067251945274,USDBRL,base_4x8,4,8
5,KernelARH,15,0,NA,USDBRL,base_4x8,4,8
10,VAR1,2,157,1.659630804130151,USDBRL,base_4x8,4,8
10,ARHinc,2,157,1.2739888284214826,USDBRL,base_4x8,4,8
10,KernelARH,2,157,1.3108467487667925,USDBRL,base_4x8,4,8
10,VAR1,3,157,12.619719183343394,USDBRL,base_4x8,4,8
10,ARHinc,3,157,1.0746207901664073,USDBRL,base_4x8,4,8
10,KernelARH,3,157,1.1018620391963334,USDBRL,base_4x8,4,8
10,VAR1,4,157,115.95780394246471,USDBRL,base_4x8,4,8
10,ARHinc,4,157,1.0086429060997963,USDBRL,base_4x8,4,8
10,KernelARH,4,157,1.159265051095473,USDBRL,base_4x8,4,8
10,VAR1,5,157,113.78751270261628,USDBRL,base_4x8,4,8
10,ARHinc,5,157,1.0143404170468107,USDBRL,base_4x8,4,8
10,KernelARH,5,157,0.9991081897567816,USDBRL,base_4x8,4,8
10,VAR1,6,157,116.93102761083975,USDBRL,base_4x8,4,8
10,ARHinc,6,157,1.0150966522703972,USDBRL,base_4x8,4,8
10,KernelARH,6,157,1.1310515289960597,USDBRL,base_4x8,4,8
10,VAR1,7,157,118.66608321489028,USDBRL,base_4x8,4,8
10,ARHinc,7,157,0.9900034719991873,USDBRL,base_4x8,4,8
10,KernelARH,7,157,1.1874171588816025,USDBRL,base_4x8,4,8
10,VAR1,8,157,126.46051871803398,USDBRL,base_4x8,4,8
10,ARHinc,8,157,0.970800684169672,USDBRL,base_4x8,4,8
10,KernelARH,8,157,1.1923576690636328,USDBRL,base_4x8,4,8
10,VAR1,9,157,133.52317487640752,USDBRL,base_4x8,4,8
10,ARHinc,9,157,0.9981594755648906,USDBRL,base_4x8,4,8
10,KernelARH,9,0,NA,USDBRL,base_4x8,4,8
10,VAR1,10,157,133.41519561073397,USDBRL,base_4x8,4,8
10,ARHinc,10,157,1.0076809730180947,USDBRL,base_4x8,4,8
10,KernelARH,10,0,NA,USDBRL,base_4x8,4,8
10,VAR1,11,157,150.38886429177114,USDBRL,base_4x8,4,8
10,ARHinc,11,157,1.003950017180231,USDBRL,base_4x8,4,8
10,KernelARH,11,0,NA,USDBRL,base_4x8,4,8
10,VAR1,12,157,168.5716312069315,USDBRL,base_4x8,4,8
10,ARHinc,12,157,1.011059746283737,USDBRL,base_4x8,4,8
10,KernelARH,12,0,NA,USDBRL,base_4x8,4,8
10,VAR1,13,157,165.84340597590838,USDBRL,base_4x8,4,8
10,ARHinc,13,157,0.9928966292357996,USDBRL,base_4x8,4,8
10,KernelARH,13,0,NA,USDBRL,base_4x8,4,8
10,VAR1,14,157,183.119008548054,USDBRL,base_4x8,4,8
10,ARHinc,14,157,1.0045788565378895,USDBRL,base_4x8,4,8
10,KernelARH,14,0,NA,USDBRL,base_4x8,4,8
10,VAR1,15,157,181.9818638240294,USDBRL,base_4x8,4,8
10,ARHinc,15,157,1.0025355085856538,USDBRL,base_4x8,4,8
10,KernelARH,15,0,NA,USDBRL,base_4x8,4,8
1,VAR1,2,157,0.736707971628394,USDBRL,coarse_4x6,4,6
1,ARHinc,2,157,0.7358372058740894,USDBRL,coarse_4x6,4,6
1,KernelARH,2,157,0.7375130369582727,USDBRL,coarse_4x6,4,6
1,VAR1,3,157,0.71668955179262,USDBRL,coarse_4x6,4,6
1,ARHinc,3,157,0.7091414687645954,USDBRL,coarse_4x6,4,6
1,KernelARH,3,157,0.717524107607442,USDBRL,coarse_4x6,4,6
1,VAR1,4,157,0.7088431563236859,USDBRL,coarse_4x6,4,6
1,ARHinc,4,157,0.6932596766743295,USDBRL,coarse_4x6,4,6
1,KernelARH,4,157,0.6943239788598762,USDBRL,coarse_4x6,4,6
1,VAR1,5,157,0.7518321186544389,USDBRL,coarse_4x6,4,6
1,ARHinc,5,157,0.6921518497190376,USDBRL,coarse_4x6,4,6
1,KernelARH,5,157,0.6920831105049906,USDBRL,coarse_4x6,4,6
1,VAR1,6,157,0.7915166783938806,USDBRL,coarse_4x6,4,6
1,ARHinc,6,157,0.6916881640125856,USDBRL,coarse_4x6,4,6
1,KernelARH,6,157,0.6971734534885432,USDBRL,coarse_4x6,4,6
1,VAR1,7,157,0.8417434031534711,USDBRL,coarse_4x6,4,6
1,ARHinc,7,157,0.6915476664945214,USDBRL,coarse_4x6,4,6
1,KernelARH,7,157,0.6932454637805384,USDBRL,coarse_4x6,4,6
1,VAR1,8,157,1.0374192993764815,USDBRL,coarse_4x6,4,6
1,ARHinc,8,157,0.6921486670052709,USDBRL,coarse_4x6,4,6
1,KernelARH,8,157,0.69939382117654,USDBRL,coarse_4x6,4,6
1,VAR1,9,157,1.1080960256932009,USDBRL,coarse_4x6,4,6
1,ARHinc,9,157,0.6961806090045974,USDBRL,coarse_4x6,4,6
1,KernelARH,9,0,NA,USDBRL,coarse_4x6,4,6
1,VAR1,10,157,1.233148290265436,USDBRL,coarse_4x6,4,6
1,ARHinc,10,157,0.6953687235035095,USDBRL,coarse_4x6,4,6
1,KernelARH,10,0,NA,USDBRL,coarse_4x6,4,6
1,VAR1,11,157,1.384598697464731,USDBRL,coarse_4x6,4,6
1,ARHinc,11,157,0.6937783826401106,USDBRL,coarse_4x6,4,6
1,KernelARH,11,0,NA,USDBRL,coarse_4x6,4,6
1,VAR1,12,157,1.4706733107677248,USDBRL,coarse_4x6,4,6
1,ARHinc,12,157,0.6948997431823977,USDBRL,coarse_4x6,4,6
1,KernelARH,12,0,NA,USDBRL,coarse_4x6,4,6
1,VAR1,13,157,1.7552405659878738,USDBRL,coarse_4x6,4,6
1,ARHinc,13,157,0.6952001890050292,USDBRL,coarse_4x6,4,6
1,KernelARH,13,0,NA,USDBRL,coarse_4x6,4,6
1,VAR1,14,157,1.8433019460583622,USDBRL,coarse_4x6,4,6
1,ARHinc,14,157,0.7024815996436523,USDBRL,coarse_4x6,4,6
1,KernelARH,14,0,NA,USDBRL,coarse_4x6,4,6
1,VAR1,15,157,1.8530602866163344,USDBRL,coarse_4x6,4,6
1,ARHinc,15,157,0.697926733314023,USDBRL,coarse_4x6,4,6
1,KernelARH,15,0,NA,USDBRL,coarse_4x6,4,6
5,VAR1,2,157,0.8960457590359502,USDBRL,coarse_4x6,4,6
5,ARHinc,2,157,0.8545797098512955,USDBRL,coarse_4x6,4,6
5,KernelARH,2,157,0.9089044860513164,USDBRL,coarse_4x6,4,6
5,VAR1,3,157,0.9972950016778064,USDBRL,coarse_4x6,4,6
5,ARHinc,3,157,0.866045322879074,USDBRL,coarse_4x6,4,6
5,KernelARH,3,157,0.896193863628178,USDBRL,coarse_4x6,4,6
5,VAR1,4,157,1.0169621012802583,USDBRL,coarse_4x6,4,6
5,ARHinc,4,157,0.8669183948004345,USDBRL,coarse_4x6,4,6
5,KernelARH,4,157,0.8905988808941893,USDBRL,coarse_4x6,4,6
5,VAR1,5,157,1.1030517323810376,USDBRL,coarse_4x6,4,6
5,ARHinc,5,157,0.8602061049543067,USDBRL,coarse_4x6,4,6
5,KernelARH,5,157,0.8627156332663878,USDBRL,coarse_4x6,4,6
5,VAR1,6,157,1.3011799629534646,USDBRL,coarse_4x6,4,6
5,ARHinc,6,157,0.8593485585983428,USDBRL,coarse_4x6,4,6
5,KernelARH,6,157,0.8798247555346073,USDBRL,coarse_4x6,4,6
5,VAR1,7,157,1.3429408733318309,USDBRL,coarse_4x6,4,6
5,ARHinc,7,157,0.863163037527377,USDBRL,coarse_4x6,4,6
5,KernelARH,7,157,0.8859863407057499,USDBRL,coarse_4x6,4,6
5,VAR1,8,157,1.7744316096152803,USDBRL,coarse_4x6,4,6
5,ARHinc,8,157,0.8553391189719937,USDBRL,coarse_4x6,4,6
5,KernelARH,8,157,0.8814789151880588,USDBRL,coarse_4x6,4,6
5,VAR1,9,157,1.8510748788097255,USDBRL,coarse_4x6,4,6
5,ARHinc,9,157,0.8488271904481041,USDBRL,coarse_4x6,4,6
5,KernelARH,9,0,NA,USDBRL,coarse_4x6,4,6
5,VAR1,10,157,1.8952927587096486,USDBRL,coarse_4x6,4,6
5,ARHinc,10,157,0.8421922789194279,USDBRL,coarse_4x6,4,6
5,KernelARH,10,0,NA,USDBRL,coarse_4x6,4,6
5,VAR1,11,157,2.012555156461933,USDBRL,coarse_4x6,4,6
5,ARHinc,11,157,0.8504318163876622,USDBRL,coarse_4x6,4,6
5,KernelARH,11,0,NA,USDBRL,coarse_4x6,4,6
5,VAR1,12,157,2.123517731377101,USDBRL,coarse_4x6,4,6
5,ARHinc,12,157,0.8491349034943058,USDBRL,coarse_4x6,4,6
5,KernelARH,12,0,NA,USDBRL,coarse_4x6,4,6
5,VAR1,13,157,2.1315810387869174,USDBRL,coarse_4x6,4,6
5,ARHinc,13,157,0.8496526820203578,USDBRL,coarse_4x6,4,6
5,KernelARH,13,0,NA,USDBRL,coarse_4x6,4,6
5,VAR1,14,157,2.110657712243004,USDBRL,coarse_4x6,4,6
5,ARHinc,14,157,0.847794316625677,USDBRL,coarse_4x6,4,6
5,KernelARH,14,0,NA,USDBRL,coarse_4x6,4,6
5,VAR1,15,157,2.115954946383952,USDBRL,coarse_4x6,4,6
5,ARHinc,15,157,0.8434994885122346,USDBRL,coarse_4x6,4,6
5,KernelARH,15,0,NA,USDBRL,coarse_4x6,4,6
10,VAR1,2,157,1.007842081118855,USDBRL,coarse_4x6,4,6
10,ARHinc,2,157,0.9592553779682611,USDBRL,coarse_4x6,4,6
10,KernelARH,2,157,1.0411122790885012,USDBRL,coarse_4x6,4,6
10,VAR1,3,157,1.1667534796948977,USDBRL,coarse_4x6,4,6
10,ARHinc,3,157,0.9652498186120068,USDBRL,coarse_4x6,4,6
10,KernelARH,3,157,1.003149372458098,USDBRL,coarse_4x6,4,6
10,VAR1,4,157,1.2418917049808411,USDBRL,coarse_4x6,4,6
10,ARHinc,4,157,0.9570013941124206,USDBRL,coarse_4x6,4,6
10,KernelARH,4,157,0.9854747753201527,USDBRL,coarse_4x6,4,6
10,VAR1,5,157,1.2827526597349073,USDBRL,coarse_4x6,4,6
10,ARHinc,5,157,0.962832462969621,USDBRL,coarse_4x6,4,6
10,KernelARH,5,157,0.9827063814790632,USDBRL,coarse_4x6,4,6
10,VAR1,6,157,1.396027250431086,USDBRL,coarse_4x6,4,6
10,ARHinc,6,157,0.9659546361129121,USDBRL,coarse_4x6,4,6
10,KernelARH,6,157,1.003084181471029,USDBRL,coarse_4x6,4,6
10,VAR1,7,157,1.4807681052294344,USDBRL,coarse_4x6,4,6
10,ARHinc,7,157,0.9620087179385469,USDBRL,coarse_4x6,4,6
10,KernelARH,7,157,0.9765356023048483,USDBRL,coarse_4x6,4,6
10,VAR1,8,157,1.746209325295114,USDBRL,coarse_4x6,4,6
10,ARHinc,8,157,0.9600267641946278,USDBRL,coarse_4x6,4,6
10,KernelARH,8,157,1.03475030667156,USDBRL,coarse_4x6,4,6
10,VAR1,9,157,1.7414707449221714,USDBRL,coarse_4x6,4,6
10,ARHinc,9,157,0.9789550265737162,USDBRL,coarse_4x6,4,6
10,KernelARH,9,0,NA,USDBRL,coarse_4x6,4,6
10,VAR1,10,157,1.773014209602756,USDBRL,coarse_4x6,4,6
10,ARHinc,10,157,0.9655628684683887,USDBRL,coarse_4x6,4,6
10,KernelARH,10,0,NA,USDBRL,coarse_4x6,4,6
10,VAR1,11,157,1.8018912581594424,USDBRL,coarse_4x6,4,6
10,ARHinc,11,157,0.9714099246244442,USDBRL,coarse_4x6,4,6
10,KernelARH,11,0,NA,USDBRL,coarse_4x6,4,6
10,VAR1,12,157,1.8783523049796673,USDBRL,coarse_4x6,4,6
10,ARHinc,12,157,0.9802441339217814,USDBRL,coarse_4x6,4,6
10,KernelARH,12,0,NA,USDBRL,coarse_4x6,4,6
10,VAR1,13,157,1.9003376695291188,USDBRL,coarse_4x6,4,6
10,ARHinc,13,157,0.9824362537411138,USDBRL,coarse_4x6,4,6
10,KernelARH,13,0,NA,USDBRL,coarse_4x6,4,6
10,VAR1,14,157,1.8818800676444807,USDBRL,coarse_4x6,4,6
10,ARHinc,14,157,0.9755835089679903,USDBRL,coarse_4x6,4,6
10,KernelARH,14,0,NA,USDBRL,coarse_4x6,4,6
10,VAR1,15,157,1.8753210085495688,USDBRL,coarse_4x6,4,6
10,ARHinc,15,157,0.9675209174588583,USDBRL,coarse_4x6,4,6
10,KernelARH,15,0,NA,USDBRL,coarse_4x6,4,6
1,VAR1,2,157,0.9833480033985387,USDBRL,rich_5x10,5,10
1,ARHinc,2,157,0.724908627452545,USDBRL,rich_5x10,5,10
1,KernelARH,2,157,0.7389955853159517,USDBRL,rich_5x10,5,10
1,VAR1,3,157,14.357032211029994,USDBRL,rich_5x10,5,10
1,ARHinc,3,157,0.4709019460830143,USDBRL,rich_5x10,5,10
1,KernelARH,3,157,0.4663012604361885,USDBRL,rich_5x10,5,10
1,VAR1,4,157,46.23541065421337,USDBRL,rich_5x10,5,10
1,ARHinc,4,157,0.42273001352279466,USDBRL,rich_5x10,5,10
1,KernelARH,4,157,0.43450864619375834,USDBRL,rich_5x10,5,10
1,VAR1,5,157,120.47160034835056,USDBRL,rich_5x10,5,10
1,ARHinc,5,157,0.335978992191417,USDBRL,rich_5x10,5,10
1,KernelARH,5,157,0.35149116679312004,USDBRL,rich_5x10,5,10
1,VAR1,6,157,169.11019969257114,USDBRL,rich_5x10,5,10
1,ARHinc,6,157,0.3161922039936796,USDBRL,rich_5x10,5,10
1,KernelARH,6,157,0.3515505620245457,USDBRL,rich_5x10,5,10
1,VAR1,7,157,288.86172573895783,USDBRL,rich_5x10,5,10
1,ARHinc,7,157,0.3091588656861446,USDBRL,rich_5x10,5,10
1,KernelARH,7,157,0.3275137515074402,USDBRL,rich_5x10,5,10
1,VAR1,8,157,481.59181195843,USDBRL,rich_5x10,5,10
1,ARHinc,8,157,0.3041300959230765,USDBRL,rich_5x10,5,10
1,KernelARH,8,157,0.33180145838110253,USDBRL,rich_5x10,5,10
1,VAR1,9,157,473.2631124399721,USDBRL,rich_5x10,5,10
1,ARHinc,9,157,0.3067020863177128,USDBRL,rich_5x10,5,10
1,KernelARH,9,0,NA,USDBRL,rich_5x10,5,10
1,VAR1,10,157,567.7432587886742,USDBRL,rich_5x10,5,10
1,ARHinc,10,157,0.30973138858944493,USDBRL,rich_5x10,5,10
1,KernelARH,10,0,NA,USDBRL,rich_5x10,5,10
1,VAR1,11,157,548.2682287203886,USDBRL,rich_5x10,5,10
1,ARHinc,11,157,0.29620772328986983,USDBRL,rich_5x10,5,10
1,KernelARH,11,0,NA,USDBRL,rich_5x10,5,10
1,VAR1,12,157,582.5792147630109,USDBRL,rich_5x10,5,10
1,ARHinc,12,157,0.2953888124067816,USDBRL,rich_5x10,5,10
1,KernelARH,12,0,NA,USDBRL,rich_5x10,5,10
1,VAR1,13,157,896.4471071361073,USDBRL,rich_5x10,5,10
1,ARHinc,13,157,0.3056282993079666,USDBRL,rich_5x10,5,10
1,KernelARH,13,0,NA,USDBRL,rich_5x10,5,10
1,VAR1,14,157,1082.7066346298218,USDBRL,rich_5x10,5,10
1,ARHinc,14,157,0.303686256795217,USDBRL,rich_5x10,5,10
1,KernelARH,14,0,NA,USDBRL,rich_5x10,5,10
1,VAR1,15,157,1093.177868870687,USDBRL,rich_5x10,5,10
1,ARHinc,15,157,0.3009026188244077,USDBRL,rich_5x10,5,10
1,KernelARH,15,0,NA,USDBRL,rich_5x10,5,10
5,VAR1,2,157,1.9800456186492925,USDBRL,rich_5x10,5,10
5,ARHinc,2,157,0.8047500374791721,USDBRL,rich_5x10,5,10
5,KernelARH,2,157,0.8498048923374463,USDBRL,rich_5x10,5,10
5,VAR1,3,157,52.72793758636373,USDBRL,rich_5x10,5,10
5,ARHinc,3,157,0.5870889997805603,USDBRL,rich_5x10,5,10
5,KernelARH,3,157,0.7250787581456226,USDBRL,rich_5x10,5,10
5,VAR1,4,157,140.5829829784607,USDBRL,rich_5x10,5,10
5,ARHinc,4,157,0.6106320150320567,USDBRL,rich_5x10,5,10
5,KernelARH,4,157,0.7546024681117297,USDBRL,rich_5x10,5,10
5,VAR1,5,157,425.9895267871237,USDBRL,rich_5x10,5,10
5,ARHinc,5,157,0.5979587099465925,USDBRL,rich_5x10,5,10
5,KernelARH,5,157,0.6465848517661185,USDBRL,rich_5x10,5,10
5,VAR1,6,157,476.8077623423436,USDBRL,rich_5x10,5,10
5,ARHinc,6,157,0.5870046811597736,USDBRL,rich_5x10,5,10
5,KernelARH,6,157,0.6595307806296337,USDBRL,rich_5x10,5,10
5,VAR1,7,157,617.5973872549883,USDBRL,rich_5x10,5,10
5,ARHinc,7,157,0.5856476093958787,USDBRL,rich_5x10,5,10
5,KernelARH,7,157,0.7071190112307073,USDBRL,rich_5x10,5,10
5,VAR1,8,157,774.539568747304,USDBRL,rich_5x10,5,10
5,ARHinc,8,157,0.6069557880549216,USDBRL,rich_5x10,5,10
5,KernelARH,8,157,0.6926803556751427,USDBRL,rich_5x10,5,10
5,VAR1,9,157,931.4283916853275,USDBRL,rich_5x10,5,10
5,ARHinc,9,157,0.5883666441385559,USDBRL,rich_5x10,5,10
5,KernelARH,9,0,NA,USDBRL,rich_5x10,5,10
5,VAR1,10,157,1146.5506831268947,USDBRL,rich_5x10,5,10
5,ARHinc,10,157,0.5883117350551289,USDBRL,rich_5x10,5,10
5,KernelARH,10,0,NA,USDBRL,rich_5x10,5,10
5,VAR1,11,157,1054.1745044844722,USDBRL,rich_5x10,5,10
5,ARHinc,11,157,0.577631428386919,USDBRL,rich_5x10,5,10
5,KernelARH,11,0,NA,USDBRL,rich_5x10,5,10
5,VAR1,12,157,1077.0311292426622,USDBRL,rich_5x10,5,10
5,ARHinc,12,157,0.5681434237779853,USDBRL,rich_5x10,5,10
5,KernelARH,12,0,NA,USDBRL,rich_5x10,5,10
5,VAR1,13,157,1585.0746200408655,USDBRL,rich_5x10,5,10
5,ARHinc,13,157,0.573247028156278,USDBRL,rich_5x10,5,10
5,KernelARH,13,0,NA,USDBRL,rich_5x10,5,10
5,VAR1,14,157,1686.888579249206,USDBRL,rich_5x10,5,10
5,ARHinc,14,157,0.5935071264731464,USDBRL,rich_5x10,5,10
5,KernelARH,14,0,NA,USDBRL,rich_5x10,5,10
5,VAR1,15,157,1999.100998483467,USDBRL,rich_5x10,5,10
5,ARHinc,15,157,0.5621707990943497,USDBRL,rich_5x10,5,10
5,KernelARH,15,0,NA,USDBRL,rich_5x10,5,10
10,VAR1,2,157,2.0857860165360016,USDBRL,rich_5x10,5,10
10,ARHinc,2,157,0.9150970677318524,USDBRL,rich_5x10,5,10
10,KernelARH,2,157,0.9704657413573863,USDBRL,rich_5x10,5,10
10,VAR1,3,157,71.18889031248753,USDBRL,rich_5x10,5,10
10,ARHinc,3,157,0.8331051506711291,USDBRL,rich_5x10,5,10
10,KernelARH,3,157,0.9019783311161115,USDBRL,rich_5x10,5,10
10,VAR1,4,157,177.4637143143107,USDBRL,rich_5x10,5,10
10,ARHinc,4,157,0.8568103273449933,USDBRL,rich_5x10,5,10
10,KernelARH,4,157,1.1012000523009446,USDBRL,rich_5x10,5,10
10,VAR1,5,157,540.8602977010282,USDBRL,rich_5x10,5,10
10,ARHinc,5,157,0.8186881983775459,USDBRL,rich_5x10,5,10
10,KernelARH,5,157,0.8476673420072376,USDBRL,rich_5x10,5,10
10,VAR1,6,157,542.6198841882521,USDBRL,rich_5x10,5,10
10,ARHinc,6,157,0.8115953624642375,USDBRL,rich_5x10,5,10
10,KernelARH,6,157,0.898193121945861,USDBRL,rich_5x10,5,10
10,VAR1,7,157,569.6957038013609,USDBRL,rich_5x10,5,10
10,ARHinc,7,157,0.8119250863414209,USDBRL,rich_5x10,5,10
10,KernelARH,7,157,0.957538865041157,USDBRL,rich_5x10,5,10
10,VAR1,8,157,774.87825889659,USDBRL,rich_5x10,5,10
10,ARHinc,8,157,0.8194613271964392,USDBRL,rich_5x10,5,10
10,KernelARH,8,157,0.9918370540520274,USDBRL,rich_5x10,5,10
10,VAR1,9,157,916.1439175515051,USDBRL,rich_5x10,5,10
10,ARHinc,9,157,0.7881518718601471,USDBRL,rich_5x10,5,10
10,KernelARH,9,0,NA,USDBRL,rich_5x10,5,10
10,VAR1,10,157,996.3284285726195,USDBRL,rich_5x10,5,10
10,ARHinc,10,157,0.7806515567078777,USDBRL,rich_5x10,5,10
10,KernelARH,10,0,NA,USDBRL,rich_5x10,5,10
10,VAR1,11,157,872.685825000353,USDBRL,rich_5x10,5,10
10,ARHinc,11,157,0.7876935890655989,USDBRL,rich_5x10,5,10
10,KernelARH,11,0,NA,USDBRL,rich_5x10,5,10
10,VAR1,12,157,908.2037268565588,USDBRL,rich_5x10,5,10
10,ARHinc,12,157,0.7872666791000368,USDBRL,rich_5x10,5,10
10,KernelARH,12,0,NA,USDBRL,rich_5x10,5,10
10,VAR1,13,157,1432.507999133022,USDBRL,rich_5x10,5,10
10,ARHinc,13,157,0.7999715805547405,USDBRL,rich_5x10,5,10
10,KernelARH,13,0,NA,USDBRL,rich_5x10,5,10
10,VAR1,14,157,1699.4816093060651,USDBRL,rich_5x10,5,10
10,ARHinc,14,157,0.8039475735373736,USDBRL,rich_5x10,5,10
10,KernelARH,14,0,NA,USDBRL,rich_5x10,5,10
10,VAR1,15,157,2020.534245950085,USDBRL,rich_5x10,5,10
10,ARHinc,15,157,0.7891048700726827,USDBRL,rich_5x10,5,10
10,KernelARH,15,0,NA,USDBRL,rich_5x10,5,10
1,VAR1,2,179,1.5518655246440547,USDARS,base_4x8,4,8
1,ARHinc,2,179,1.4859875645157126,USDARS,base_4x8,4,8
1,KernelARH,2,179,1.4822619214137231,USDARS,base_4x8,4,8
1,VAR1,3,179,2.518171842456611,USDARS,base_4x8,4,8
1,ARHinc,3,179,1.380880393130965,USDARS,base_4x8,4,8
1,KernelARH,3,179,1.3795940678582344,USDARS,base_4x8,4,8
1,VAR1,4,179,9.759142160517042,USDARS,base_4x8,4,8
1,ARHinc,4,179,1.32324979388781,USDARS,base_4x8,4,8
1,KernelARH,4,179,1.3191029572997575,USDARS,base_4x8,4,8
1,VAR1,5,179,12.882012872705847,USDARS,base_4x8,4,8
1,ARHinc,5,179,1.29119160093651,USDARS,base_4x8,4,8
1,KernelARH,5,179,1.298312529090311,USDARS,base_4x8,4,8
1,VAR1,6,179,129.28017558082905,USDARS,base_4x8,4,8
1,ARHinc,6,179,1.2855562877590974,USDARS,base_4x8,4,8
1,KernelARH,6,179,1.2987253687877187,USDARS,base_4x8,4,8
1,VAR1,7,179,145.05516982721926,USDARS,base_4x8,4,8
1,ARHinc,7,179,1.2839139013633465,USDARS,base_4x8,4,8
1,KernelARH,7,179,1.2951414172563558,USDARS,base_4x8,4,8
1,VAR1,8,179,172.6874070115194,USDARS,base_4x8,4,8
1,ARHinc,8,179,1.2837196815466054,USDARS,base_4x8,4,8
1,KernelARH,8,179,1.2874823127794888,USDARS,base_4x8,4,8
1,VAR1,9,179,182.1267610951221,USDARS,base_4x8,4,8
1,ARHinc,9,179,1.2812680195658421,USDARS,base_4x8,4,8
1,KernelARH,9,0,NA,USDARS,base_4x8,4,8
1,VAR1,10,179,174.82901074773545,USDARS,base_4x8,4,8
1,ARHinc,10,179,1.279303698598644,USDARS,base_4x8,4,8
1,KernelARH,10,0,NA,USDARS,base_4x8,4,8
1,VAR1,11,179,181.5718265691315,USDARS,base_4x8,4,8
1,ARHinc,11,179,1.2824497133466815,USDARS,base_4x8,4,8
1,KernelARH,11,0,NA,USDARS,base_4x8,4,8
1,VAR1,12,179,210.16550527709524,USDARS,base_4x8,4,8
1,ARHinc,12,179,1.2789934498494195,USDARS,base_4x8,4,8
1,KernelARH,12,0,NA,USDARS,base_4x8,4,8
1,VAR1,13,179,207.51772073690648,USDARS,base_4x8,4,8
1,ARHinc,13,179,1.2788751092877557,USDARS,base_4x8,4,8
1,KernelARH,13,0,NA,USDARS,base_4x8,4,8
1,VAR1,14,179,246.0001878306457,USDARS,base_4x8,4,8
1,ARHinc,14,179,1.2780304756213854,USDARS,base_4x8,4,8
1,KernelARH,14,0,NA,USDARS,base_4x8,4,8
1,VAR1,15,179,301.1772479368173,USDARS,base_4x8,4,8
1,ARHinc,15,179,1.2771973858683336,USDARS,base_4x8,4,8
1,KernelARH,15,0,NA,USDARS,base_4x8,4,8
5,VAR1,2,179,1.6400412592627984,USDARS,base_4x8,4,8
5,ARHinc,2,179,1.5362651721114802,USDARS,base_4x8,4,8
5,KernelARH,2,179,1.535420485773991,USDARS,base_4x8,4,8
5,VAR1,3,179,5.765006827628358,USDARS,base_4x8,4,8
5,ARHinc,3,179,1.4100512837483938,USDARS,base_4x8,4,8
5,KernelARH,3,179,1.4158745709921712,USDARS,base_4x8,4,8
5,VAR1,4,179,20.05903334450155,USDARS,base_4x8,4,8
5,ARHinc,4,179,1.3713975243412544,USDARS,base_4x8,4,8
5,KernelARH,4,179,1.3919296234783034,USDARS,base_4x8,4,8
5,VAR1,5,179,27.543414279966164,USDARS,base_4x8,4,8
5,ARHinc,5,179,1.3665602569606135,USDARS,base_4x8,4,8
5,KernelARH,5,179,1.3807502022405855,USDARS,base_4x8,4,8
5,VAR1,6,179,243.86333786608066,USDARS,base_4x8,4,8
5,ARHinc,6,179,1.3656100252419452,USDARS,base_4x8,4,8
5,KernelARH,6,179,1.3839827045040571,USDARS,base_4x8,4,8
5,VAR1,7,179,255.30088127948892,USDARS,base_4x8,4,8
5,ARHinc,7,179,1.365954879733655,USDARS,base_4x8,4,8
5,KernelARH,7,179,1.3722324432605886,USDARS,base_4x8,4,8
5,VAR1,8,179,326.7470719182928,USDARS,base_4x8,4,8
5,ARHinc,8,179,1.3649352640177932,USDARS,base_4x8,4,8
5,KernelARH,8,179,1.3869094335163148,USDARS,base_4x8,4,8
5,VAR1,9,179,322.7596249494189,USDARS,base_4x8,4,8
5,ARHinc,9,179,1.361465981020493,USDARS,base_4x8,4,8
5,KernelARH,9,0,NA,USDARS,base_4x8,4,8
5,VAR1,10,179,366.3870318306912,USDARS,base_4x8,4,8
5,ARHinc,10,179,1.361856832477546,USDARS,base_4x8,4,8
5,KernelARH,10,0,NA,USDARS,base_4x8,4,8
5,VAR1,11,179,298.5959238680972,USDARS,base_4x8,4,8
5,ARHinc,11,179,1.3631717860149342,USDARS,base_4x8,4,8
5,KernelARH,11,0,NA,USDARS,base_4x8,4,8
5,VAR1,12,179,277.30966472912405,USDARS,base_4x8,4,8
5,ARHinc,12,179,1.361917385288179,USDARS,base_4x8,4,8
5,KernelARH,12,0,NA,USDARS,base_4x8,4,8
5,VAR1,13,179,278.1429165845836,USDARS,base_4x8,4,8
5,ARHinc,13,179,1.3612921031167307,USDARS,base_4x8,4,8
5,KernelARH,13,0,NA,USDARS,base_4x8,4,8
5,VAR1,14,179,277.9560539863818,USDARS,base_4x8,4,8
5,ARHinc,14,179,1.3580780621672028,USDARS,base_4x8,4,8
5,KernelARH,14,0,NA,USDARS,base_4x8,4,8
5,VAR1,15,179,280.0926542505658,USDARS,base_4x8,4,8
5,ARHinc,15,179,1.360916173779755,USDARS,base_4x8,4,8
5,KernelARH,15,0,NA,USDARS,base_4x8,4,8
10,VAR1,2,179,1.7322386095216458,USDARS,base_4x8,4,8
10,ARHinc,2,179,1.5567837063583922,USDARS,base_4x8,4,8
10,KernelARH,2,179,1.5951386397123688,USDARS,base_4x8,4,8
10,VAR1,3,179,6.347596518582663,USDARS,base_4x8,4,8
10,ARHinc,3,179,1.455320036616008,USDARS,base_4x8,4,8
10,KernelARH,3,179,1.4821599589679246,USDARS,base_4x8,4,8
10,VAR1,4,179,20.7850997405004,USDARS,base_4x8,4,8
10,ARHinc,4,179,1.4547938744982332,USDARS,base_4x8,4,8
10,KernelARH,4,179,1.4679195826528766,USDARS,base_4x8,4,8
10,VAR1,5,179,25.430777261481836,USDARS,base_4x8,4,8
10,ARHinc,5,179,1.4340694190617915,USDARS,base_4x8,4,8
10,KernelARH,5,179,1.455396580098286,USDARS,base_4x8,4,8
10,VAR1,6,179,321.38880126636786,USDARS,base_4x8,4,8
10,ARHinc,6,179,1.436950455679905,USDARS,base_4x8,4,8
10,KernelARH,6,179,1.4685736532295188,USDARS,base_4x8,4,8
10,VAR1,7,179,324.6540061848444,USDARS,base_4x8,4,8
10,ARHinc,7,179,1.4541204074895155,USDARS,base_4x8,4,8
10,KernelARH,7,179,1.4632345068533423,USDARS,base_4x8,4,8
10,VAR1,8,179,382.87343807202234,USDARS,base_4x8,4,8
10,ARHinc,8,179,1.4449150197932825,USDARS,base_4x8,4,8
10,KernelARH,8,179,1.4757580161062305,USDARS,base_4x8,4,8
10,VAR1,9,179,371.9954131869231,USDARS,base_4x8,4,8
10,ARHinc,9,179,1.4463543967064627,USDARS,base_4x8,4,8
10,KernelARH,9,0,NA,USDARS,base_4x8,4,8
10,VAR1,10,179,450.16597559230934,USDARS,base_4x8,4,8
10,ARHinc,10,179,1.4473932691530629,USDARS,base_4x8,4,8
10,KernelARH,10,0,NA,USDARS,base_4x8,4,8
10,VAR1,11,179,409.83548957992195,USDARS,base_4x8,4,8
10,ARHinc,11,179,1.4487093811064369,USDARS,base_4x8,4,8
10,KernelARH,11,0,NA,USDARS,base_4x8,4,8
10,VAR1,12,179,377.431985676028,USDARS,base_4x8,4,8
10,ARHinc,12,179,1.4485310141627328,USDARS,base_4x8,4,8
10,KernelARH,12,0,NA,USDARS,base_4x8,4,8
10,VAR1,13,179,376.09316014627984,USDARS,base_4x8,4,8
10,ARHinc,13,179,1.446550192758775,USDARS,base_4x8,4,8
10,KernelARH,13,0,NA,USDARS,base_4x8,4,8
10,VAR1,14,179,377.12911855958606,USDARS,base_4x8,4,8
10,ARHinc,14,179,1.4447930682004566,USDARS,base_4x8,4,8
10,KernelARH,14,0,NA,USDARS,base_4x8,4,8
10,VAR1,15,179,372.53146402486607,USDARS,base_4x8,4,8
10,ARHinc,15,179,1.4533509369333788,USDARS,base_4x8,4,8
10,KernelARH,15,0,NA,USDARS,base_4x8,4,8
1,VAR1,2,179,1.389159615338998,USDARS,coarse_4x6,4,6
1,ARHinc,2,179,1.3870569708413591,USDARS,coarse_4x6,4,6
1,KernelARH,2,179,1.3911591469967681,USDARS,coarse_4x6,4,6
1,VAR1,3,179,1.3272456735981764,USDARS,coarse_4x6,4,6
1,ARHinc,3,179,1.3205771213270383,USDARS,coarse_4x6,4,6
1,KernelARH,3,179,1.3377611693376024,USDARS,coarse_4x6,4,6
1,VAR1,4,179,1.3248650958501014,USDARS,coarse_4x6,4,6
1,ARHinc,4,179,1.3136311371265779,USDARS,coarse_4x6,4,6
1,KernelARH,4,179,1.3181176318582417,USDARS,coarse_4x6,4,6
1,VAR1,5,179,1.373406425212332,USDARS,coarse_4x6,4,6
1,ARHinc,5,179,1.3107312637623616,USDARS,coarse_4x6,4,6
1,KernelARH,5,179,1.3198146657132732,USDARS,coarse_4x6,4,6
1,VAR1,6,179,1.6817787963996744,USDARS,coarse_4x6,4,6
1,ARHinc,6,179,1.3127496423521532,USDARS,coarse_4x6,4,6
1,KernelARH,6,179,1.3172370975264243,USDARS,coarse_4x6,4,6
1,VAR1,7,179,1.9496474434196271,USDARS,coarse_4x6,4,6
1,ARHinc,7,179,1.3114888607355362,USDARS,coarse_4x6,4,6
1,KernelARH,7,179,1.3310362375933922,USDARS,coarse_4x6,4,6
1,VAR1,8,179,2.087726320169852,USDARS,coarse_4x6,4,6
1,ARHinc,8,179,1.3128228729633051,USDARS,coarse_4x6,4,6
1,KernelARH,8,179,1.3308194751966504,USDARS,coarse_4x6,4,6
1,VAR1,9,179,2.1548050680117496,USDARS,coarse_4x6,4,6
1,ARHinc,9,179,1.3126745301705982,USDARS,coarse_4x6,4,6
1,KernelARH,9,0,NA,USDARS,coarse_4x6,4,6
1,VAR1,10,179,2.2818400102131378,USDARS,coarse_4x6,4,6
1,ARHinc,10,179,1.3118935725223093,USDARS,coarse_4x6,4,6
1,KernelARH,10,0,NA,USDARS,coarse_4x6,4,6
1,VAR1,11,179,2.59549145285019,USDARS,coarse_4x6,4,6
1,ARHinc,11,179,1.3125784169605228,USDARS,coarse_4x6,4,6
1,KernelARH,11,0,NA,USDARS,coarse_4x6,4,6
1,VAR1,12,179,2.820143456699036,USDARS,coarse_4x6,4,6
1,ARHinc,12,179,1.3126252486421408,USDARS,coarse_4x6,4,6
1,KernelARH,12,0,NA,USDARS,coarse_4x6,4,6
1,VAR1,13,179,2.774793723198211,USDARS,coarse_4x6,4,6
1,ARHinc,13,179,1.3181677860475491,USDARS,coarse_4x6,4,6
1,KernelARH,13,0,NA,USDARS,coarse_4x6,4,6
1,VAR1,14,179,2.77941173844823,USDARS,coarse_4x6,4,6
1,ARHinc,14,179,1.3191228831710904,USDARS,coarse_4x6,4,6
1,KernelARH,14,0,NA,USDARS,coarse_4x6,4,6
1,VAR1,15,179,2.781473045333449,USDARS,coarse_4x6,4,6
1,ARHinc,15,179,1.316828542359119,USDARS,coarse_4x6,4,6
1,KernelARH,15,0,NA,USDARS,coarse_4x6,4,6
5,VAR1,2,179,1.4297526070386894,USDARS,coarse_4x6,4,6
5,ARHinc,2,179,1.4277119261517535,USDARS,coarse_4x6,4,6
5,KernelARH,2,179,1.4421220107756825,USDARS,coarse_4x6,4,6
5,VAR1,3,179,1.407342535960559,USDARS,coarse_4x6,4,6
5,ARHinc,3,179,1.400189027195363,USDARS,coarse_4x6,4,6
5,KernelARH,3,179,1.4293356517133178,USDARS,coarse_4x6,4,6
5,VAR1,4,179,1.4932735157779158,USDARS,coarse_4x6,4,6
5,ARHinc,4,179,1.3928881664023063,USDARS,coarse_4x6,4,6
5,KernelARH,4,179,1.4105355005333915,USDARS,coarse_4x6,4,6
5,VAR1,5,179,1.8199073610919605,USDARS,coarse_4x6,4,6
5,ARHinc,5,179,1.4000037136547423,USDARS,coarse_4x6,4,6
5,KernelARH,5,179,1.4295725026968036,USDARS,coarse_4x6,4,6
5,VAR1,6,179,2.65831987257694,USDARS,coarse_4x6,4,6
5,ARHinc,6,179,1.4000740372637104,USDARS,coarse_4x6,4,6
5,KernelARH,6,179,1.4253702915532596,USDARS,coarse_4x6,4,6
5,VAR1,7,179,3.4968246072894105,USDARS,coarse_4x6,4,6
5,ARHinc,7,179,1.4016346083627815,USDARS,coarse_4x6,4,6
5,KernelARH,7,179,1.4289168740168596,USDARS,coarse_4x6,4,6
5,VAR1,8,179,3.841157901045281,USDARS,coarse_4x6,4,6
5,ARHinc,8,179,1.4067496155126935,USDARS,coarse_4x6,4,6
5,KernelARH,8,179,1.4323546640586113,USDARS,coarse_4x6,4,6
5,VAR1,9,179,3.9378666593743,USDARS,coarse_4x6,4,6
5,ARHinc,9,179,1.4014819227885769,USDARS,coarse_4x6,4,6
5,KernelARH,9,0,NA,USDARS,coarse_4x6,4,6
5,VAR1,10,179,4.023341032087166,USDARS,coarse_4x6,4,6
5,ARHinc,10,179,1.4016521299374327,USDARS,coarse_4x6,4,6
5,KernelARH,10,0,NA,USDARS,coarse_4x6,4,6
5,VAR1,11,179,3.962415529975616,USDARS,coarse_4x6,4,6
5,ARHinc,11,179,1.4030161180413085,USDARS,coarse_4x6,4,6
5,KernelARH,11,0,NA,USDARS,coarse_4x6,4,6
5,VAR1,12,179,4.696644701175671,USDARS,coarse_4x6,4,6
5,ARHinc,12,179,1.4042564526005779,USDARS,coarse_4x6,4,6
5,KernelARH,12,0,NA,USDARS,coarse_4x6,4,6
5,VAR1,13,179,4.759768997257721,USDARS,coarse_4x6,4,6
5,ARHinc,13,179,1.4085021693433957,USDARS,coarse_4x6,4,6
5,KernelARH,13,0,NA,USDARS,coarse_4x6,4,6
5,VAR1,14,179,4.722503494374194,USDARS,coarse_4x6,4,6
5,ARHinc,14,179,1.4062806455550718,USDARS,coarse_4x6,4,6
5,KernelARH,14,0,NA,USDARS,coarse_4x6,4,6
5,VAR1,15,179,4.758217819212217,USDARS,coarse_4x6,4,6
5,ARHinc,15,179,1.4068261036366323,USDARS,coarse_4x6,4,6
5,KernelARH,15,0,NA,USDARS,coarse_4x6,4,6
10,VAR1,2,179,1.5124447172645283,USDARS,coarse_4x6,4,6
10,ARHinc,2,179,1.4978572291629217,USDARS,coarse_4x6,4,6
10,KernelARH,2,179,1.5164992192311877,USDARS,coarse_4x6,4,6
10,VAR1,3,179,1.5461463066652497,USDARS,coarse_4x6,4,6
10,ARHinc,3,179,1.4676546843764582,USDARS,coarse_4x6,4,6
10,KernelARH,3,179,1.5014334947285153,USDARS,coarse_4x6,4,6
10,VAR1,4,179,1.7285365193023028,USDARS,coarse_4x6,4,6
10,ARHinc,4,179,1.47506817072884,USDARS,coarse_4x6,4,6
10,KernelARH,4,179,1.5084062868666164,USDARS,coarse_4x6,4,6
10,VAR1,5,179,2.1739675660872684,USDARS,coarse_4x6,4,6
10,ARHinc,5,179,1.4923178585847965,USDARS,coarse_4x6,4,6
10,KernelARH,5,179,1.5102611720586496,USDARS,coarse_4x6,4,6
10,VAR1,6,179,3.019509004753945,USDARS,coarse_4x6,4,6
10,ARHinc,6,179,1.4892840707028256,USDARS,coarse_4x6,4,6
10,KernelARH,6,179,1.5096921174177003,USDARS,coarse_4x6,4,6
10,VAR1,7,179,3.777407192102353,USDARS,coarse_4x6,4,6
10,ARHinc,7,179,1.4863409051616399,USDARS,coarse_4x6,4,6
10,KernelARH,7,179,1.515721992373836,USDARS,coarse_4x6,4,6
10,VAR1,8,179,4.095737725680892,USDARS,coarse_4x6,4,6
10,ARHinc,8,179,1.487490097059574,USDARS,coarse_4x6,4,6
10,KernelARH,8,179,1.513938427533336,USDARS,coarse_4x6,4,6
10,VAR1,9,179,4.204742750358036,USDARS,coarse_4x6,4,6
10,ARHinc,9,179,1.485280552813698,USDARS,coarse_4x6,4,6
10,KernelARH,9,0,NA,USDARS,coarse_4x6,4,6
10,VAR1,10,179,4.191453308298847,USDARS,coarse_4x6,4,6
10,ARHinc,10,179,1.4899126405069063,USDARS,coarse_4x6,4,6
10,KernelARH,10,0,NA,USDARS,coarse_4x6,4,6
10,VAR1,11,179,4.401710895809562,USDARS,coarse_4x6,4,6
10,ARHinc,11,179,1.493935466743887,USDARS,coarse_4x6,4,6
10,KernelARH,11,0,NA,USDARS,coarse_4x6,4,6
10,VAR1,12,179,4.701818694931839,USDARS,coarse_4x6,4,6
10,ARHinc,12,179,1.4935053111549528,USDARS,coarse_4x6,4,6
10,KernelARH,12,0,NA,USDARS,coarse_4x6,4,6
10,VAR1,13,179,4.723435212120741,USDARS,coarse_4x6,4,6
10,ARHinc,13,179,1.4907324163422324,USDARS,coarse_4x6,4,6
10,KernelARH,13,0,NA,USDARS,coarse_4x6,4,6
10,VAR1,14,179,4.675622963470007,USDARS,coarse_4x6,4,6
10,ARHinc,14,179,1.493279600442448,USDARS,coarse_4x6,4,6
10,KernelARH,14,0,NA,USDARS,coarse_4x6,4,6
10,VAR1,15,179,4.678441640279172,USDARS,coarse_4x6,4,6
10,ARHinc,15,179,1.487410623502549,USDARS,coarse_4x6,4,6
10,KernelARH,15,0,NA,USDARS,coarse_4x6,4,6
1,VAR1,2,179,1.2242504386052167,USDARS,rich_5x10,5,10
1,ARHinc,2,179,0.8823222297476937,USDARS,rich_5x10,5,10
1,KernelARH,2,179,0.8823395457150526,USDARS,rich_5x10,5,10
1,VAR1,3,179,3.464620161793433,USDARS,rich_5x10,5,10
1,ARHinc,3,179,0.6409519194253811,USDARS,rich_5x10,5,10
1,KernelARH,3,179,0.6269137243615578,USDARS,rich_5x10,5,10
1,VAR1,4,179,9.56788759714732,USDARS,rich_5x10,5,10
1,ARHinc,4,179,0.5185028735319677,USDARS,rich_5x10,5,10
1,KernelARH,4,179,0.5250201248019444,USDARS,rich_5x10,5,10
1,VAR1,5,179,27.897033820393855,USDARS,rich_5x10,5,10
1,ARHinc,5,179,0.41262513971605436,USDARS,rich_5x10,5,10
1,KernelARH,5,179,0.44172235045835273,USDARS,rich_5x10,5,10
1,VAR1,6,179,53.67464681762906,USDARS,rich_5x10,5,10
1,ARHinc,6,179,0.41577431897744893,USDARS,rich_5x10,5,10
1,KernelARH,6,179,0.4352097685741149,USDARS,rich_5x10,5,10
1,VAR1,7,179,163.60198701867904,USDARS,rich_5x10,5,10
1,ARHinc,7,179,0.3945787118626913,USDARS,rich_5x10,5,10
1,KernelARH,7,179,0.42167070071745594,USDARS,rich_5x10,5,10
1,VAR1,8,179,306.5741387877207,USDARS,rich_5x10,5,10
1,ARHinc,8,179,0.38580575827916047,USDARS,rich_5x10,5,10
1,KernelARH,8,179,0.4116971233632611,USDARS,rich_5x10,5,10
1,VAR1,9,179,350.16268626338535,USDARS,rich_5x10,5,10
1,ARHinc,9,179,0.37047734318007486,USDARS,rich_5x10,5,10
1,KernelARH,9,0,NA,USDARS,rich_5x10,5,10
1,VAR1,10,179,612.3616620283298,USDARS,rich_5x10,5,10
1,ARHinc,10,179,0.36856693017517095,USDARS,rich_5x10,5,10
1,KernelARH,10,0,NA,USDARS,rich_5x10,5,10
1,VAR1,11,179,887.8282228691759,USDARS,rich_5x10,5,10
1,ARHinc,11,179,0.3572759079609444,USDARS,rich_5x10,5,10
1,KernelARH,11,0,NA,USDARS,rich_5x10,5,10
1,VAR1,12,179,928.2673783088638,USDARS,rich_5x10,5,10
1,ARHinc,12,179,0.35712352975946093,USDARS,rich_5x10,5,10
1,KernelARH,12,0,NA,USDARS,rich_5x10,5,10
1,VAR1,13,179,1045.2730397608864,USDARS,rich_5x10,5,10
1,ARHinc,13,179,0.35697974661104104,USDARS,rich_5x10,5,10
1,KernelARH,13,0,NA,USDARS,rich_5x10,5,10
1,VAR1,14,179,1311.305072449242,USDARS,rich_5x10,5,10
1,ARHinc,14,179,0.366438901742872,USDARS,rich_5x10,5,10
1,KernelARH,14,0,NA,USDARS,rich_5x10,5,10
1,VAR1,15,179,1399.1748283835038,USDARS,rich_5x10,5,10
1,ARHinc,15,179,0.3713171924043356,USDARS,rich_5x10,5,10
1,KernelARH,15,0,NA,USDARS,rich_5x10,5,10
5,VAR1,2,179,1.931375283008396,USDARS,rich_5x10,5,10
5,ARHinc,2,179,0.9304758567512768,USDARS,rich_5x10,5,10
5,KernelARH,2,179,0.8969518773012566,USDARS,rich_5x10,5,10
5,VAR1,3,179,11.53835632319931,USDARS,rich_5x10,5,10
5,ARHinc,3,179,0.6948232305404349,USDARS,rich_5x10,5,10
5,KernelARH,3,179,0.7602398033265423,USDARS,rich_5x10,5,10
5,VAR1,4,179,33.265820887085155,USDARS,rich_5x10,5,10
5,ARHinc,4,179,0.650423125390717,USDARS,rich_5x10,5,10
5,KernelARH,4,179,0.7176207791717684,USDARS,rich_5x10,5,10
5,VAR1,5,179,64.88925609186927,USDARS,rich_5x10,5,10
5,ARHinc,5,179,0.569991256237566,USDARS,rich_5x10,5,10
5,KernelARH,5,179,0.6356926227320723,USDARS,rich_5x10,5,10
5,VAR1,6,179,115.40291983393053,USDARS,rich_5x10,5,10
5,ARHinc,6,179,0.5787941358980947,USDARS,rich_5x10,5,10
5,KernelARH,6,179,0.6386841799996317,USDARS,rich_5x10,5,10
5,VAR1,7,179,213.8233574967971,USDARS,rich_5x10,5,10
5,ARHinc,7,179,0.5622308202204954,USDARS,rich_5x10,5,10
5,KernelARH,7,179,0.6497902605417288,USDARS,rich_5x10,5,10
5,VAR1,8,179,547.8278255874789,USDARS,rich_5x10,5,10
5,ARHinc,8,179,0.5676087110514386,USDARS,rich_5x10,5,10
5,KernelARH,8,179,0.6728300875588867,USDARS,rich_5x10,5,10
5,VAR1,9,179,577.4890486465142,USDARS,rich_5x10,5,10
5,ARHinc,9,179,0.5660023233329124,USDARS,rich_5x10,5,10
5,KernelARH,9,0,NA,USDARS,rich_5x10,5,10
5,VAR1,10,179,800.0103294913927,USDARS,rich_5x10,5,10
5,ARHinc,10,179,0.5605416279813217,USDARS,rich_5x10,5,10
5,KernelARH,10,0,NA,USDARS,rich_5x10,5,10
5,VAR1,11,179,897.2398798990274,USDARS,rich_5x10,5,10
5,ARHinc,11,179,0.5622795748490667,USDARS,rich_5x10,5,10
5,KernelARH,11,0,NA,USDARS,rich_5x10,5,10
5,VAR1,12,179,1014.2056169112626,USDARS,rich_5x10,5,10
5,ARHinc,12,179,0.5672553948272837,USDARS,rich_5x10,5,10
5,KernelARH,12,0,NA,USDARS,rich_5x10,5,10
5,VAR1,13,179,1595.0500428497594,USDARS,rich_5x10,5,10
5,ARHinc,13,179,0.5697503105961242,USDARS,rich_5x10,5,10
5,KernelARH,13,0,NA,USDARS,rich_5x10,5,10
5,VAR1,14,179,1541.1561591933648,USDARS,rich_5x10,5,10
5,ARHinc,14,179,0.575515553787746,USDARS,rich_5x10,5,10
5,KernelARH,14,0,NA,USDARS,rich_5x10,5,10
5,VAR1,15,179,1541.21205779107,USDARS,rich_5x10,5,10
5,ARHinc,15,179,0.5983665625960345,USDARS,rich_5x10,5,10
5,KernelARH,15,0,NA,USDARS,rich_5x10,5,10
10,VAR1,2,179,1.8005406262503585,USDARS,rich_5x10,5,10
10,ARHinc,2,179,1.0085194315875032,USDARS,rich_5x10,5,10
10,KernelARH,2,179,0.9926722757300233,USDARS,rich_5x10,5,10
10,VAR1,3,179,21.212209028537867,USDARS,rich_5x10,5,10
10,ARHinc,3,179,0.8768326485476731,USDARS,rich_5x10,5,10
10,KernelARH,3,179,0.9630297029386748,USDARS,rich_5x10,5,10
10,VAR1,4,179,54.124126920771815,USDARS,rich_5x10,5,10
10,ARHinc,4,179,0.7990170717409963,USDARS,rich_5x10,5,10
10,KernelARH,4,179,0.8849821445647674,USDARS,rich_5x10,5,10
10,VAR1,5,179,81.33274481312738,USDARS,rich_5x10,5,10
10,ARHinc,5,179,0.7297900739640145,USDARS,rich_5x10,5,10
10,KernelARH,5,179,0.786389131100443,USDARS,rich_5x10,5,10
10,VAR1,6,179,157.4888805569541,USDARS,rich_5x10,5,10
10,ARHinc,6,179,0.7416120568614087,USDARS,rich_5x10,5,10
10,KernelARH,6,179,0.7968769893346668,USDARS,rich_5x10,5,10
10,VAR1,7,179,230.62461324084694,USDARS,rich_5x10,5,10
10,ARHinc,7,179,0.7332837837574595,USDARS,rich_5x10,5,10
10,KernelARH,7,179,0.8243985874010382,USDARS,rich_5x10,5,10
10,VAR1,8,179,550.6780290439223,USDARS,rich_5x10,5,10
10,ARHinc,8,179,0.7454376816173276,USDARS,rich_5x10,5,10
10,KernelARH,8,179,0.803204718257424,USDARS,rich_5x10,5,10
10,VAR1,9,179,572.4027569404484,USDARS,rich_5x10,5,10
10,ARHinc,9,179,0.7140426743141236,USDARS,rich_5x10,5,10
10,KernelARH,9,0,NA,USDARS,rich_5x10,5,10
10,VAR1,10,179,753.1199371051191,USDARS,rich_5x10,5,10
10,ARHinc,10,179,0.7228464151365189,USDARS,rich_5x10,5,10
10,KernelARH,10,0,NA,USDARS,rich_5x10,5,10
10,VAR1,11,179,886.7196750501627,USDARS,rich_5x10,5,10
10,ARHinc,11,179,0.7363217420776029,USDARS,rich_5x10,5,10
10,KernelARH,11,0,NA,USDARS,rich_5x10,5,10
10,VAR1,12,179,812.5826067311539,USDARS,rich_5x10,5,10
10,ARHinc,12,179,0.7352178666344698,USDARS,rich_5x10,5,10
10,KernelARH,12,0,NA,USDARS,rich_5x10,5,10
10,VAR1,13,179,1443.506875800097,USDARS,rich_5x10,5,10
10,ARHinc,13,179,0.7293435482088793,USDARS,rich_5x10,5,10
10,KernelARH,13,0,NA,USDARS,rich_5x10,5,10
10,VAR1,14,179,1420.8994514853755,USDARS,rich_5x10,5,10
10,ARHinc,14,179,0.7367368601940815,USDARS,rich_5x10,5,10
10,KernelARH,14,0,NA,USDARS,rich_5x10,5,10
10,VAR1,15,179,1608.223388452405,USDARS,rich_5x10,5,10
10,ARHinc,15,179,0.735203802417475,USDARS,rich_5x10,5,10
10,KernelARH,15,0,NA,USDARS,rich_5x10,5,10
1,VAR1,2,201,0.8915720204389098,USDMXN,base_4x8,4,8
1,ARHinc,2,201,0.7009661257053412,USDMXN,base_4x8,4,8
1,KernelARH,2,201,0.7108731305596702,USDMXN,base_4x8,4,8
1,VAR1,3,201,2.078089450472125,USDMXN,base_4x8,4,8
1,ARHinc,3,201,0.6408409549798707,USDMXN,base_4x8,4,8
1,KernelARH,3,201,0.6461307338465687,USDMXN,base_4x8,4,8
1,VAR1,4,201,7.0805202594741266,USDMXN,base_4x8,4,8
1,ARHinc,4,201,0.6110219021410699,USDMXN,base_4x8,4,8
1,KernelARH,4,201,0.6178526547053962,USDMXN,base_4x8,4,8
1,VAR1,5,201,15.067903538940323,USDMXN,base_4x8,4,8
1,ARHinc,5,201,0.6113047081534048,USDMXN,base_4x8,4,8
1,KernelARH,5,201,0.6198135535398014,USDMXN,base_4x8,4,8
1,VAR1,6,201,15.916661737585997,USDMXN,base_4x8,4,8
1,ARHinc,6,201,0.6112398521735906,USDMXN,base_4x8,4,8
1,KernelARH,6,201,0.615069519208096,USDMXN,base_4x8,4,8
1,VAR1,7,201,21.812869581721714,USDMXN,base_4x8,4,8
1,ARHinc,7,201,0.6083857929909959,USDMXN,base_4x8,4,8
1,KernelARH,7,201,0.6137704981913685,USDMXN,base_4x8,4,8
1,VAR1,8,201,28.644430381808714,USDMXN,base_4x8,4,8
1,ARHinc,8,201,0.608859846967093,USDMXN,base_4x8,4,8
1,KernelARH,8,201,0.6153797705156719,USDMXN,base_4x8,4,8
1,VAR1,9,201,38.157568871498405,USDMXN,base_4x8,4,8
1,ARHinc,9,201,0.607564193253513,USDMXN,base_4x8,4,8
1,KernelARH,9,0,NA,USDMXN,base_4x8,4,8
1,VAR1,10,201,50.81895331877631,USDMXN,base_4x8,4,8
1,ARHinc,10,201,0.6084723471816619,USDMXN,base_4x8,4,8
1,KernelARH,10,0,NA,USDMXN,base_4x8,4,8
1,VAR1,11,201,65.20478107738886,USDMXN,base_4x8,4,8
1,ARHinc,11,201,0.6090133961395348,USDMXN,base_4x8,4,8
1,KernelARH,11,0,NA,USDMXN,base_4x8,4,8
1,VAR1,12,201,76.12945852968302,USDMXN,base_4x8,4,8
1,ARHinc,12,201,0.6094544491357836,USDMXN,base_4x8,4,8
1,KernelARH,12,0,NA,USDMXN,base_4x8,4,8
1,VAR1,13,201,98.8681595037159,USDMXN,base_4x8,4,8
1,ARHinc,13,201,0.6074706168502956,USDMXN,base_4x8,4,8
1,KernelARH,13,0,NA,USDMXN,base_4x8,4,8
1,VAR1,14,201,97.96599960936537,USDMXN,base_4x8,4,8
1,ARHinc,14,201,0.6068859069496563,USDMXN,base_4x8,4,8
1,KernelARH,14,0,NA,USDMXN,base_4x8,4,8
1,VAR1,15,201,105.098155332638,USDMXN,base_4x8,4,8
1,ARHinc,15,201,0.6074358099875293,USDMXN,base_4x8,4,8
1,KernelARH,15,0,NA,USDMXN,base_4x8,4,8
5,VAR1,2,201,1.0997244826776582,USDMXN,base_4x8,4,8
5,ARHinc,2,201,0.7774336066442664,USDMXN,base_4x8,4,8
5,KernelARH,2,201,0.8707419624972476,USDMXN,base_4x8,4,8
5,VAR1,3,201,4.123311926278872,USDMXN,base_4x8,4,8
5,ARHinc,3,201,0.6988066862742103,USDMXN,base_4x8,4,8
5,KernelARH,3,201,0.7216559990882095,USDMXN,base_4x8,4,8
5,VAR1,4,201,13.939213601109321,USDMXN,base_4x8,4,8
5,ARHinc,4,201,0.6807410213216784,USDMXN,base_4x8,4,8
5,KernelARH,4,201,0.6999094470643036,USDMXN,base_4x8,4,8
5,VAR1,5,201,24.276873810139822,USDMXN,base_4x8,4,8
5,ARHinc,5,201,0.6757220068868978,USDMXN,base_4x8,4,8
5,KernelARH,5,201,0.6898021887049832,USDMXN,base_4x8,4,8
5,VAR1,6,201,27.284993066328035,USDMXN,base_4x8,4,8
5,ARHinc,6,201,0.6709321669004353,USDMXN,base_4x8,4,8
5,KernelARH,6,201,0.6842458656756614,USDMXN,base_4x8,4,8
5,VAR1,7,201,34.57204367244952,USDMXN,base_4x8,4,8
5,ARHinc,7,201,0.6731040805242223,USDMXN,base_4x8,4,8
5,KernelARH,7,201,0.6920204151366803,USDMXN,base_4x8,4,8
5,VAR1,8,201,44.0669195564611,USDMXN,base_4x8,4,8
5,ARHinc,8,201,0.6738649559335901,USDMXN,base_4x8,4,8
5,KernelARH,8,201,0.7070212174177051,USDMXN,base_4x8,4,8
5,VAR1,9,201,50.96661190792421,USDMXN,base_4x8,4,8
5,ARHinc,9,201,0.6763756671946145,USDMXN,base_4x8,4,8
5,KernelARH,9,0,NA,USDMXN,base_4x8,4,8
5,VAR1,10,201,58.27251338266866,USDMXN,base_4x8,4,8
5,ARHinc,10,201,0.6700839542465302,USDMXN,base_4x8,4,8
5,KernelARH,10,0,NA,USDMXN,base_4x8,4,8
5,VAR1,11,201,60.457088544657,USDMXN,base_4x8,4,8
5,ARHinc,11,201,0.671098742910959,USDMXN,base_4x8,4,8
5,KernelARH,11,0,NA,USDMXN,base_4x8,4,8
5,VAR1,12,201,63.53112302820917,USDMXN,base_4x8,4,8
5,ARHinc,12,201,0.6705397314315066,USDMXN,base_4x8,4,8
5,KernelARH,12,0,NA,USDMXN,base_4x8,4,8
5,VAR1,13,201,64.73869099882222,USDMXN,base_4x8,4,8
5,ARHinc,13,201,0.6690471233163697,USDMXN,base_4x8,4,8
5,KernelARH,13,0,NA,USDMXN,base_4x8,4,8
5,VAR1,14,201,65.21223058693799,USDMXN,base_4x8,4,8
5,ARHinc,14,201,0.6737422101414187,USDMXN,base_4x8,4,8
5,KernelARH,14,0,NA,USDMXN,base_4x8,4,8
5,VAR1,15,201,68.21036099955671,USDMXN,base_4x8,4,8
5,ARHinc,15,201,0.6760192171148404,USDMXN,base_4x8,4,8
5,KernelARH,15,0,NA,USDMXN,base_4x8,4,8
10,VAR1,2,201,1.1562294375125812,USDMXN,base_4x8,4,8
10,ARHinc,2,201,0.8650234707548334,USDMXN,base_4x8,4,8
10,KernelARH,2,201,0.9556396718908085,USDMXN,base_4x8,4,8
10,VAR1,3,201,3.847660841347397,USDMXN,base_4x8,4,8
10,ARHinc,3,201,0.7279031875128203,USDMXN,base_4x8,4,8
10,KernelARH,3,201,0.8506487758977943,USDMXN,base_4x8,4,8
10,VAR1,4,201,13.512671267911452,USDMXN,base_4x8,4,8
10,ARHinc,4,201,0.7076961204150848,USDMXN,base_4x8,4,8
10,KernelARH,4,201,0.7727989651802367,USDMXN,base_4x8,4,8
10,VAR1,5,201,22.028035374018557,USDMXN,base_4x8,4,8
10,ARHinc,5,201,0.6959933948989984,USDMXN,base_4x8,4,8
10,KernelARH,5,201,0.7847903999460405,USDMXN,base_4x8,4,8
10,VAR1,6,201,23.834824128944128,USDMXN,base_4x8,4,8
10,ARHinc,6,201,0.7002417630336355,USDMXN,base_4x8,4,8
10,KernelARH,6,201,0.7675856922872669,USDMXN,base_4x8,4,8
10,VAR1,7,201,29.947654961903577,USDMXN,base_4x8,4,8
10,ARHinc,7,201,0.7038032405032866,USDMXN,base_4x8,4,8
10,KernelARH,7,201,0.8379065542173509,USDMXN,base_4x8,4,8
10,VAR1,8,201,37.51934523708796,USDMXN,base_4x8,4,8
10,ARHinc,8,201,0.6926627605038871,USDMXN,base_4x8,4,8
10,KernelARH,8,201,0.8386319439680863,USDMXN,base_4x8,4,8
10,VAR1,9,201,39.065438253180666,USDMXN,base_4x8,4,8
10,ARHinc,9,201,0.6942160357901495,USDMXN,base_4x8,4,8
10,KernelARH,9,0,NA,USDMXN,base_4x8,4,8
10,VAR1,10,201,39.15621055074825,USDMXN,base_4x8,4,8
10,ARHinc,10,201,0.6871348149056216,USDMXN,base_4x8,4,8
10,KernelARH,10,0,NA,USDMXN,base_4x8,4,8
10,VAR1,11,201,39.949142057072365,USDMXN,base_4x8,4,8
10,ARHinc,11,201,0.6988930394050231,USDMXN,base_4x8,4,8
10,KernelARH,11,0,NA,USDMXN,base_4x8,4,8
10,VAR1,12,201,40.79550646580724,USDMXN,base_4x8,4,8
10,ARHinc,12,201,0.6989593244779819,USDMXN,base_4x8,4,8
10,KernelARH,12,0,NA,USDMXN,base_4x8,4,8
10,VAR1,13,201,44.51671215751088,USDMXN,base_4x8,4,8
10,ARHinc,13,201,0.6939968178483173,USDMXN,base_4x8,4,8
10,KernelARH,13,0,NA,USDMXN,base_4x8,4,8
10,VAR1,14,201,45.222758655701384,USDMXN,base_4x8,4,8
10,ARHinc,14,201,0.6914006987245299,USDMXN,base_4x8,4,8
10,KernelARH,14,0,NA,USDMXN,base_4x8,4,8
10,VAR1,15,201,47.66485858716209,USDMXN,base_4x8,4,8
10,ARHinc,15,201,0.6953478772478563,USDMXN,base_4x8,4,8
10,KernelARH,15,0,NA,USDMXN,base_4x8,4,8
1,VAR1,2,201,0.6259782327205766,USDMXN,coarse_4x6,4,6
1,ARHinc,2,201,0.6250173412635067,USDMXN,coarse_4x6,4,6
1,KernelARH,2,201,0.629311091016122,USDMXN,coarse_4x6,4,6
1,VAR1,3,201,0.6338914062835675,USDMXN,coarse_4x6,4,6
1,ARHinc,3,201,0.6170181202752267,USDMXN,coarse_4x6,4,6
1,KernelARH,3,201,0.6169074884989124,USDMXN,coarse_4x6,4,6
1,VAR1,4,201,0.6465838353567244,USDMXN,coarse_4x6,4,6
1,ARHinc,4,201,0.6148741526890026,USDMXN,coarse_4x6,4,6
1,KernelARH,4,201,0.6192717385678073,USDMXN,coarse_4x6,4,6
1,VAR1,5,201,0.7423842100689733,USDMXN,coarse_4x6,4,6
1,ARHinc,5,201,0.615652732336071,USDMXN,coarse_4x6,4,6
1,KernelARH,5,201,0.6181024414152144,USDMXN,coarse_4x6,4,6
1,VAR1,6,201,0.741779185573137,USDMXN,coarse_4x6,4,6
1,ARHinc,6,201,0.6163083673950036,USDMXN,coarse_4x6,4,6
1,KernelARH,6,201,0.6179061537522269,USDMXN,coarse_4x6,4,6
1,VAR1,7,201,0.7633977374239156,USDMXN,coarse_4x6,4,6
1,ARHinc,7,201,0.6133586369307156,USDMXN,coarse_4x6,4,6
1,KernelARH,7,201,0.6163191260922931,USDMXN,coarse_4x6,4,6
1,VAR1,8,201,0.806438524755078,USDMXN,coarse_4x6,4,6
1,ARHinc,8,201,0.6149987963209533,USDMXN,coarse_4x6,4,6
1,KernelARH,8,201,0.6201698027009898,USDMXN,coarse_4x6,4,6
1,VAR1,9,201,0.8206020136911983,USDMXN,coarse_4x6,4,6
1,ARHinc,9,201,0.6165139362565665,USDMXN,coarse_4x6,4,6
1,KernelARH,9,0,NA,USDMXN,coarse_4x6,4,6
1,VAR1,10,201,0.9420270943886292,USDMXN,coarse_4x6,4,6
1,ARHinc,10,201,0.617094344423249,USDMXN,coarse_4x6,4,6
1,KernelARH,10,0,NA,USDMXN,coarse_4x6,4,6
1,VAR1,11,201,0.9628757829966833,USDMXN,coarse_4x6,4,6
1,ARHinc,11,201,0.6183973010294819,USDMXN,coarse_4x6,4,6
1,KernelARH,11,0,NA,USDMXN,coarse_4x6,4,6
1,VAR1,12,201,0.9536605362912742,USDMXN,coarse_4x6,4,6
1,ARHinc,12,201,0.6174806979354179,USDMXN,coarse_4x6,4,6
1,KernelARH,12,0,NA,USDMXN,coarse_4x6,4,6
1,VAR1,13,201,0.9864073179687596,USDMXN,coarse_4x6,4,6
1,ARHinc,13,201,0.6198509130324388,USDMXN,coarse_4x6,4,6
1,KernelARH,13,0,NA,USDMXN,coarse_4x6,4,6
1,VAR1,14,201,0.9870501844394637,USDMXN,coarse_4x6,4,6
1,ARHinc,14,201,0.6186935230138406,USDMXN,coarse_4x6,4,6
1,KernelARH,14,0,NA,USDMXN,coarse_4x6,4,6
1,VAR1,15,201,0.9996108645515809,USDMXN,coarse_4x6,4,6
1,ARHinc,15,201,0.6164310262784786,USDMXN,coarse_4x6,4,6
1,KernelARH,15,0,NA,USDMXN,coarse_4x6,4,6
5,VAR1,2,201,0.743995545183346,USDMXN,coarse_4x6,4,6
5,ARHinc,2,201,0.6879721371172288,USDMXN,coarse_4x6,4,6
5,KernelARH,2,201,0.6843882553472646,USDMXN,coarse_4x6,4,6
5,VAR1,3,201,0.8422013020473763,USDMXN,coarse_4x6,4,6
5,ARHinc,3,201,0.6715956435729478,USDMXN,coarse_4x6,4,6
5,KernelARH,3,201,0.6707790047973884,USDMXN,coarse_4x6,4,6
5,VAR1,4,201,0.9662516701272869,USDMXN,coarse_4x6,4,6
5,ARHinc,4,201,0.6752087619908752,USDMXN,coarse_4x6,4,6
5,KernelARH,4,201,0.682853374876306,USDMXN,coarse_4x6,4,6
5,VAR1,5,201,1.3295578467863989,USDMXN,coarse_4x6,4,6
5,ARHinc,5,201,0.6773140422772164,USDMXN,coarse_4x6,4,6
5,KernelARH,5,201,0.6784592740529944,USDMXN,coarse_4x6,4,6
5,VAR1,6,201,1.3121344648641013,USDMXN,coarse_4x6,4,6
5,ARHinc,6,201,0.6759959337120137,USDMXN,coarse_4x6,4,6
5,KernelARH,6,201,0.680778244620733,USDMXN,coarse_4x6,4,6
5,VAR1,7,201,1.244371776274437,USDMXN,coarse_4x6,4,6
5,ARHinc,7,201,0.6745463398977978,USDMXN,coarse_4x6,4,6
5,KernelARH,7,201,0.6931367249494038,USDMXN,coarse_4x6,4,6
5,VAR1,8,201,1.3674066831590215,USDMXN,coarse_4x6,4,6
5,ARHinc,8,201,0.678024427713053,USDMXN,coarse_4x6,4,6
5,KernelARH,8,201,0.7011302659446325,USDMXN,coarse_4x6,4,6
5,VAR1,9,201,1.365858428592434,USDMXN,coarse_4x6,4,6
5,ARHinc,9,201,0.6810981463243487,USDMXN,coarse_4x6,4,6
5,KernelARH,9,0,NA,USDMXN,coarse_4x6,4,6
5,VAR1,10,201,1.3856586366391404,USDMXN,coarse_4x6,4,6
5,ARHinc,10,201,0.6794087874793706,USDMXN,coarse_4x6,4,6
5,KernelARH,10,0,NA,USDMXN,coarse_4x6,4,6
5,VAR1,11,201,1.396217456146439,USDMXN,coarse_4x6,4,6
5,ARHinc,11,201,0.6901518892563124,USDMXN,coarse_4x6,4,6
5,KernelARH,11,0,NA,USDMXN,coarse_4x6,4,6
5,VAR1,12,201,1.3955980943597646,USDMXN,coarse_4x6,4,6
5,ARHinc,12,201,0.6923009685144711,USDMXN,coarse_4x6,4,6
5,KernelARH,12,0,NA,USDMXN,coarse_4x6,4,6
5,VAR1,13,201,1.397045584546601,USDMXN,coarse_4x6,4,6
5,ARHinc,13,201,0.6858799817530501,USDMXN,coarse_4x6,4,6
5,KernelARH,13,0,NA,USDMXN,coarse_4x6,4,6
5,VAR1,14,201,1.385226824547292,USDMXN,coarse_4x6,4,6
5,ARHinc,14,201,0.6800204480276323,USDMXN,coarse_4x6,4,6
5,KernelARH,14,0,NA,USDMXN,coarse_4x6,4,6
5,VAR1,15,201,1.396488023616699,USDMXN,coarse_4x6,4,6
5,ARHinc,15,201,0.6834636630295874,USDMXN,coarse_4x6,4,6
5,KernelARH,15,0,NA,USDMXN,coarse_4x6,4,6
10,VAR1,2,201,0.8231867724273534,USDMXN,coarse_4x6,4,6
10,ARHinc,2,201,0.7118922940725269,USDMXN,coarse_4x6,4,6
10,KernelARH,2,201,0.7380774589034166,USDMXN,coarse_4x6,4,6
10,VAR1,3,201,1.0653084112121431,USDMXN,coarse_4x6,4,6
10,ARHinc,3,201,0.6965347917086225,USDMXN,coarse_4x6,4,6
10,KernelARH,3,201,0.7139453539555144,USDMXN,coarse_4x6,4,6
10,VAR1,4,201,1.3557485064301409,USDMXN,coarse_4x6,4,6
10,ARHinc,4,201,0.7008454094167156,USDMXN,coarse_4x6,4,6
10,KernelARH,4,201,0.6998654201488835,USDMXN,coarse_4x6,4,6
10,VAR1,5,201,1.629137099261933,USDMXN,coarse_4x6,4,6
10,ARHinc,5,201,0.7034426076157174,USDMXN,coarse_4x6,4,6
10,KernelARH,5,201,0.7150852966069826,USDMXN,coarse_4x6,4,6
10,VAR1,6,201,1.7240414788330374,USDMXN,coarse_4x6,4,6
10,ARHinc,6,201,0.7055825377368524,USDMXN,coarse_4x6,4,6
10,KernelARH,6,201,0.7204364377018586,USDMXN,coarse_4x6,4,6
10,VAR1,7,201,1.6217564748752145,USDMXN,coarse_4x6,4,6
10,ARHinc,7,201,0.7034587936611676,USDMXN,coarse_4x6,4,6
10,KernelARH,7,201,0.7784009494227598,USDMXN,coarse_4x6,4,6
10,VAR1,8,201,1.7592879030702828,USDMXN,coarse_4x6,4,6
10,ARHinc,8,201,0.7077000902929924,USDMXN,coarse_4x6,4,6
10,KernelARH,8,201,0.8475071563029681,USDMXN,coarse_4x6,4,6
10,VAR1,9,201,1.7569919444242237,USDMXN,coarse_4x6,4,6
10,ARHinc,9,201,0.7064766965027185,USDMXN,coarse_4x6,4,6
10,KernelARH,9,0,NA,USDMXN,coarse_4x6,4,6
10,VAR1,10,201,1.8048789814666244,USDMXN,coarse_4x6,4,6
10,ARHinc,10,201,0.7102669282678407,USDMXN,coarse_4x6,4,6
10,KernelARH,10,0,NA,USDMXN,coarse_4x6,4,6
10,VAR1,11,201,1.8281829426610816,USDMXN,coarse_4x6,4,6
10,ARHinc,11,201,0.7075920411409077,USDMXN,coarse_4x6,4,6
10,KernelARH,11,0,NA,USDMXN,coarse_4x6,4,6
10,VAR1,12,201,1.822553879665393,USDMXN,coarse_4x6,4,6
10,ARHinc,12,201,0.706683634017974,USDMXN,coarse_4x6,4,6
10,KernelARH,12,0,NA,USDMXN,coarse_4x6,4,6
10,VAR1,13,201,1.8231679528526972,USDMXN,coarse_4x6,4,6
10,ARHinc,13,201,0.7111534462462002,USDMXN,coarse_4x6,4,6
10,KernelARH,13,0,NA,USDMXN,coarse_4x6,4,6
10,VAR1,14,201,1.8250739203579445,USDMXN,coarse_4x6,4,6
10,ARHinc,14,201,0.7083825733292115,USDMXN,coarse_4x6,4,6
10,KernelARH,14,0,NA,USDMXN,coarse_4x6,4,6
10,VAR1,15,201,1.8249243600839702,USDMXN,coarse_4x6,4,6
10,ARHinc,15,201,0.709944276535357,USDMXN,coarse_4x6,4,6
10,KernelARH,15,0,NA,USDMXN,coarse_4x6,4,6
1,VAR1,2,201,0.6916364883784858,USDMXN,rich_5x10,5,10
1,ARHinc,2,201,0.499088750043052,USDMXN,rich_5x10,5,10
1,KernelARH,2,201,0.5986840208838529,USDMXN,rich_5x10,5,10
1,VAR1,3,201,4.606070447641731,USDMXN,rich_5x10,5,10
1,ARHinc,3,201,0.27962109525843154,USDMXN,rich_5x10,5,10
1,KernelARH,3,201,0.30304358661582903,USDMXN,rich_5x10,5,10
1,VAR1,4,201,15.043294334693272,USDMXN,rich_5x10,5,10
1,ARHinc,4,201,0.2285346224749963,USDMXN,rich_5x10,5,10
1,KernelARH,4,201,0.26499457350180194,USDMXN,rich_5x10,5,10
1,VAR1,5,201,29.744070851173834,USDMXN,rich_5x10,5,10
1,ARHinc,5,201,0.21725641748279537,USDMXN,rich_5x10,5,10
1,KernelARH,5,201,0.24151642443024435,USDMXN,rich_5x10,5,10
1,VAR1,6,201,44.93679356025078,USDMXN,rich_5x10,5,10
1,ARHinc,6,201,0.20549295422669786,USDMXN,rich_5x10,5,10
1,KernelARH,6,201,0.23095936894144248,USDMXN,rich_5x10,5,10
1,VAR1,7,201,74.1697015319608,USDMXN,rich_5x10,5,10
1,ARHinc,7,201,0.20619208298651118,USDMXN,rich_5x10,5,10
1,KernelARH,7,201,0.22841352001678492,USDMXN,rich_5x10,5,10
1,VAR1,8,201,82.08634839306686,USDMXN,rich_5x10,5,10
1,ARHinc,8,201,0.20354240801913726,USDMXN,rich_5x10,5,10
1,KernelARH,8,201,0.23556724542663374,USDMXN,rich_5x10,5,10
1,VAR1,9,201,112.13128780134166,USDMXN,rich_5x10,5,10
1,ARHinc,9,201,0.20123290900967397,USDMXN,rich_5x10,5,10
1,KernelARH,9,0,NA,USDMXN,rich_5x10,5,10
1,VAR1,10,201,162.14442018943438,USDMXN,rich_5x10,5,10
1,ARHinc,10,201,0.19917730645334683,USDMXN,rich_5x10,5,10
1,KernelARH,10,0,NA,USDMXN,rich_5x10,5,10
1,VAR1,11,201,217.8756839839492,USDMXN,rich_5x10,5,10
1,ARHinc,11,201,0.2023852733892206,USDMXN,rich_5x10,5,10
1,KernelARH,11,0,NA,USDMXN,rich_5x10,5,10
1,VAR1,12,201,289.4364956567389,USDMXN,rich_5x10,5,10
1,ARHinc,12,201,0.20055797239366252,USDMXN,rich_5x10,5,10
1,KernelARH,12,0,NA,USDMXN,rich_5x10,5,10
1,VAR1,13,201,322.23954355911144,USDMXN,rich_5x10,5,10
1,ARHinc,13,201,0.1993634047246944,USDMXN,rich_5x10,5,10
1,KernelARH,13,0,NA,USDMXN,rich_5x10,5,10
1,VAR1,14,201,352.6102298997813,USDMXN,rich_5x10,5,10
1,ARHinc,14,201,0.20292220108451953,USDMXN,rich_5x10,5,10
1,KernelARH,14,0,NA,USDMXN,rich_5x10,5,10
1,VAR1,15,201,367.79055261101547,USDMXN,rich_5x10,5,10
1,ARHinc,15,201,0.20386641457093554,USDMXN,rich_5x10,5,10
1,KernelARH,15,0,NA,USDMXN,rich_5x10,5,10
5,VAR1,2,201,0.9391884126756792,USDMXN,rich_5x10,5,10
5,ARHinc,2,201,0.6260610595278128,USDMXN,rich_5x10,5,10
5,KernelARH,2,201,0.8454106708212689,USDMXN,rich_5x10,5,10
5,VAR1,3,201,10.194831260842538,USDMXN,rich_5x10,5,10
5,ARHinc,3,201,0.40116664140538255,USDMXN,rich_5x10,5,10
5,KernelARH,3,201,0.44815724347852764,USDMXN,rich_5x10,5,10
5,VAR1,4,201,22.117953057686613,USDMXN,rich_5x10,5,10
5,ARHinc,4,201,0.3637228350712491,USDMXN,rich_5x10,5,10
5,KernelARH,4,201,0.4123238315411464,USDMXN,rich_5x10,5,10
5,VAR1,5,201,39.68480342925734,USDMXN,rich_5x10,5,10
5,ARHinc,5,201,0.3562788424031245,USDMXN,rich_5x10,5,10
5,KernelARH,5,201,0.41018756679581403,USDMXN,rich_5x10,5,10
5,VAR1,6,201,75.73193935809543,USDMXN,rich_5x10,5,10
5,ARHinc,6,201,0.3495149068173296,USDMXN,rich_5x10,5,10
5,KernelARH,6,201,0.3947892785956044,USDMXN,rich_5x10,5,10
5,VAR1,7,201,124.15098105914846,USDMXN,rich_5x10,5,10
5,ARHinc,7,201,0.36439306544286587,USDMXN,rich_5x10,5,10
5,KernelARH,7,201,0.42601245806050647,USDMXN,rich_5x10,5,10
5,VAR1,8,201,143.04678416802386,USDMXN,rich_5x10,5,10
5,ARHinc,8,201,0.3476071505860339,USDMXN,rich_5x10,5,10
5,KernelARH,8,201,0.4295541099077075,USDMXN,rich_5x10,5,10
5,VAR1,9,201,195.14072657562258,USDMXN,rich_5x10,5,10
5,ARHinc,9,201,0.34282484383448403,USDMXN,rich_5x10,5,10
5,KernelARH,9,0,NA,USDMXN,rich_5x10,5,10
5,VAR1,10,201,249.97258419602358,USDMXN,rich_5x10,5,10
5,ARHinc,10,201,0.35590120321708846,USDMXN,rich_5x10,5,10
5,KernelARH,10,0,NA,USDMXN,rich_5x10,5,10
5,VAR1,11,201,266.0651911484331,USDMXN,rich_5x10,5,10
5,ARHinc,11,201,0.3601257706454347,USDMXN,rich_5x10,5,10
5,KernelARH,11,0,NA,USDMXN,rich_5x10,5,10
5,VAR1,12,201,276.56366082355,USDMXN,rich_5x10,5,10
5,ARHinc,12,201,0.35566338332955966,USDMXN,rich_5x10,5,10
5,KernelARH,12,0,NA,USDMXN,rich_5x10,5,10
5,VAR1,13,201,278.8216292833926,USDMXN,rich_5x10,5,10
5,ARHinc,13,201,0.35854855411532227,USDMXN,rich_5x10,5,10
5,KernelARH,13,0,NA,USDMXN,rich_5x10,5,10
5,VAR1,14,201,282.4112649159217,USDMXN,rich_5x10,5,10
5,ARHinc,14,201,0.3541987917108651,USDMXN,rich_5x10,5,10
5,KernelARH,14,0,NA,USDMXN,rich_5x10,5,10
5,VAR1,15,201,279.78380524557014,USDMXN,rich_5x10,5,10
5,ARHinc,15,201,0.3474854777499508,USDMXN,rich_5x10,5,10
5,KernelARH,15,0,NA,USDMXN,rich_5x10,5,10
10,VAR1,2,201,0.9549558884218571,USDMXN,rich_5x10,5,10
10,ARHinc,2,201,0.7696941502625438,USDMXN,rich_5x10,5,10
10,KernelARH,2,201,0.9649506688436802,USDMXN,rich_5x10,5,10
10,VAR1,3,201,9.473750909773134,USDMXN,rich_5x10,5,10
10,ARHinc,3,201,0.4846919954796097,USDMXN,rich_5x10,5,10
10,KernelARH,3,201,0.6164645476159936,USDMXN,rich_5x10,5,10
10,VAR1,4,201,19.169598150347916,USDMXN,rich_5x10,5,10
10,ARHinc,4,201,0.43589322975754924,USDMXN,rich_5x10,5,10
10,KernelARH,4,201,0.6122541635865629,USDMXN,rich_5x10,5,10
10,VAR1,5,201,31.779706468101377,USDMXN,rich_5x10,5,10
10,ARHinc,5,201,0.427834076624713,USDMXN,rich_5x10,5,10
10,KernelARH,5,201,0.597491635846394,USDMXN,rich_5x10,5,10
10,VAR1,6,201,59.71671944546187,USDMXN,rich_5x10,5,10
10,ARHinc,6,201,0.4340824795978842,USDMXN,rich_5x10,5,10
10,KernelARH,6,201,0.6078894075484942,USDMXN,rich_5x10,5,10
10,VAR1,7,201,116.16280917728609,USDMXN,rich_5x10,5,10
10,ARHinc,7,201,0.4297440871067408,USDMXN,rich_5x10,5,10
10,KernelARH,7,201,0.6419651953246703,USDMXN,rich_5x10,5,10
10,VAR1,8,201,136.66675754508367,USDMXN,rich_5x10,5,10
10,ARHinc,8,201,0.4049973064068619,USDMXN,rich_5x10,5,10
10,KernelARH,8,201,0.6548897297950619,USDMXN,rich_5x10,5,10
10,VAR1,9,201,165.56298410952195,USDMXN,rich_5x10,5,10
10,ARHinc,9,201,0.4025739344020734,USDMXN,rich_5x10,5,10
10,KernelARH,9,0,NA,USDMXN,rich_5x10,5,10
10,VAR1,10,201,188.75958772535407,USDMXN,rich_5x10,5,10
10,ARHinc,10,201,0.4028667935278632,USDMXN,rich_5x10,5,10
10,KernelARH,10,0,NA,USDMXN,rich_5x10,5,10
10,VAR1,11,201,202.4419483820055,USDMXN,rich_5x10,5,10
10,ARHinc,11,201,0.4013879358799262,USDMXN,rich_5x10,5,10
10,KernelARH,11,0,NA,USDMXN,rich_5x10,5,10
10,VAR1,12,201,196.64221677002553,USDMXN,rich_5x10,5,10
10,ARHinc,12,201,0.3950237988542358,USDMXN,rich_5x10,5,10
10,KernelARH,12,0,NA,USDMXN,rich_5x10,5,10
10,VAR1,13,201,226.2618228078957,USDMXN,rich_5x10,5,10
10,ARHinc,13,201,0.4015944652897531,USDMXN,rich_5x10,5,10
10,KernelARH,13,0,NA,USDMXN,rich_5x10,5,10
10,VAR1,14,201,239.55171140954585,USDMXN,rich_5x10,5,10
10,ARHinc,14,201,0.41903391399264,USDMXN,rich_5x10,5,10
10,KernelARH,14,0,NA,USDMXN,rich_5x10,5,10
10,VAR1,15,201,242.4795260408428,USDMXN,rich_5x10,5,10
10,ARHinc,15,201,0.4105651819307119,USDMXN,rich_5x10,5,10
10,KernelARH,15,0,NA,USDMXN,rich_5x10,5,10
1,VAR1,2,179,0.8552536624847468,EURUSD,base_4x8,4,8
1,ARHinc,2,179,0.6727163740135897,EURUSD,base_4x8,4,8
1,KernelARH,2,179,0.6956659582486945,EURUSD,base_4x8,4,8
1,VAR1,3,179,0.8531918804657658,EURUSD,base_4x8,4,8
1,ARHinc,3,179,0.46750788839860963,EURUSD,base_4x8,4,8
1,KernelARH,3,179,0.4975231887021538,EURUSD,base_4x8,4,8
1,VAR1,4,179,2.6971555037081805,EURUSD,base_4x8,4,8
1,ARHinc,4,179,0.4518689105304141,EURUSD,base_4x8,4,8
1,KernelARH,4,179,0.4666410865568462,EURUSD,base_4x8,4,8
1,VAR1,5,179,7.081387370939432,EURUSD,base_4x8,4,8
1,ARHinc,5,179,0.4304648927235587,EURUSD,base_4x8,4,8
1,KernelARH,5,179,0.444435400778298,EURUSD,base_4x8,4,8
1,VAR1,6,179,33.81936232108884,EURUSD,base_4x8,4,8
1,ARHinc,6,179,0.424535222837032,EURUSD,base_4x8,4,8
1,KernelARH,6,179,0.45013553238209736,EURUSD,base_4x8,4,8
1,VAR1,7,179,36.72880592843353,EURUSD,base_4x8,4,8
1,ARHinc,7,179,0.4198098926915902,EURUSD,base_4x8,4,8
1,KernelARH,7,179,0.45398994667806114,EURUSD,base_4x8,4,8
1,VAR1,8,179,64.92115722637924,EURUSD,base_4x8,4,8
1,ARHinc,8,179,0.4304271197600533,EURUSD,base_4x8,4,8
1,KernelARH,8,179,0.4426222113900914,EURUSD,base_4x8,4,8
1,VAR1,9,179,67.15326370891675,EURUSD,base_4x8,4,8
1,ARHinc,9,179,0.43049307973894446,EURUSD,base_4x8,4,8
1,KernelARH,9,0,NA,EURUSD,base_4x8,4,8
1,VAR1,10,179,71.97393185557317,EURUSD,base_4x8,4,8
1,ARHinc,10,179,0.43151376038202577,EURUSD,base_4x8,4,8
1,KernelARH,10,0,NA,EURUSD,base_4x8,4,8
1,VAR1,11,179,75.65858331225506,EURUSD,base_4x8,4,8
1,ARHinc,11,179,0.4331448125165546,EURUSD,base_4x8,4,8
1,KernelARH,11,0,NA,EURUSD,base_4x8,4,8
1,VAR1,12,179,87.47781631421299,EURUSD,base_4x8,4,8
1,ARHinc,12,179,0.43151929397184113,EURUSD,base_4x8,4,8
1,KernelARH,12,0,NA,EURUSD,base_4x8,4,8
1,VAR1,13,179,101.40132672390176,EURUSD,base_4x8,4,8
1,ARHinc,13,179,0.43338358094269575,EURUSD,base_4x8,4,8
1,KernelARH,13,0,NA,EURUSD,base_4x8,4,8
1,VAR1,14,179,112.09359764618934,EURUSD,base_4x8,4,8
1,ARHinc,14,179,0.43092167325847175,EURUSD,base_4x8,4,8
1,KernelARH,14,0,NA,EURUSD,base_4x8,4,8
1,VAR1,15,179,124.43753849584833,EURUSD,base_4x8,4,8
1,ARHinc,15,179,0.4277350658158693,EURUSD,base_4x8,4,8
1,KernelARH,15,0,NA,EURUSD,base_4x8,4,8
5,VAR1,2,179,1.2535501769275745,EURUSD,base_4x8,4,8
5,ARHinc,2,179,0.7816498506425336,EURUSD,base_4x8,4,8
5,KernelARH,2,179,0.8258486049612289,EURUSD,base_4x8,4,8
5,VAR1,3,179,1.91569856080761,EURUSD,base_4x8,4,8
5,ARHinc,3,179,0.5570896420951905,EURUSD,base_4x8,4,8
5,KernelARH,3,179,0.6736923179111793,EURUSD,base_4x8,4,8
5,VAR1,4,179,6.577026707831577,EURUSD,base_4x8,4,8
5,ARHinc,4,179,0.5550683568102897,EURUSD,base_4x8,4,8
5,KernelARH,4,179,0.6158051004155737,EURUSD,base_4x8,4,8
5,VAR1,5,179,20.565557305509728,EURUSD,base_4x8,4,8
5,ARHinc,5,179,0.5412962140764177,EURUSD,base_4x8,4,8
5,KernelARH,5,179,0.6251090904497127,EURUSD,base_4x8,4,8
5,VAR1,6,179,58.860662902112765,EURUSD,base_4x8,4,8
5,ARHinc,6,179,0.5472896163839206,EURUSD,base_4x8,4,8
5,KernelARH,6,179,0.6092946540667209,EURUSD,base_4x8,4,8
5,VAR1,7,179,60.19853029916649,EURUSD,base_4x8,4,8
5,ARHinc,7,179,0.54291222964871,EURUSD,base_4x8,4,8
5,KernelARH,7,179,0.6048711045978892,EURUSD,base_4x8,4,8
5,VAR1,8,179,68.90319735036125,EURUSD,base_4x8,4,8
5,ARHinc,8,179,0.5470319283252968,EURUSD,base_4x8,4,8
5,KernelARH,8,179,0.5960256528524797,EURUSD,base_4x8,4,8
5,VAR1,9,179,73.2049800565339,EURUSD,base_4x8,4,8
5,ARHinc,9,179,0.5468384571659615,EURUSD,base_4x8,4,8
5,KernelARH,9,0,NA,EURUSD,base_4x8,4,8
5,VAR1,10,179,70.50347482374964,EURUSD,base_4x8,4,8
5,ARHinc,10,179,0.5445580770522865,EURUSD,base_4x8,4,8
5,KernelARH,10,0,NA,EURUSD,base_4x8,4,8
5,VAR1,11,179,71.73272034763657,EURUSD,base_4x8,4,8
5,ARHinc,11,179,0.545427091162338,EURUSD,base_4x8,4,8
5,KernelARH,11,0,NA,EURUSD,base_4x8,4,8
5,VAR1,12,179,71.21273270201347,EURUSD,base_4x8,4,8
5,ARHinc,12,179,0.5433739012283817,EURUSD,base_4x8,4,8
5,KernelARH,12,0,NA,EURUSD,base_4x8,4,8
5,VAR1,13,179,71.19015266739284,EURUSD,base_4x8,4,8
5,ARHinc,13,179,0.5432928014301059,EURUSD,base_4x8,4,8
5,KernelARH,13,0,NA,EURUSD,base_4x8,4,8
5,VAR1,14,179,71.29825531688613,EURUSD,base_4x8,4,8
5,ARHinc,14,179,0.5440702152931659,EURUSD,base_4x8,4,8
5,KernelARH,14,0,NA,EURUSD,base_4x8,4,8
5,VAR1,15,179,71.35760631698156,EURUSD,base_4x8,4,8
5,ARHinc,15,179,0.5405566865920636,EURUSD,base_4x8,4,8
5,KernelARH,15,0,NA,EURUSD,base_4x8,4,8
10,VAR1,2,179,1.3024990272995052,EURUSD,base_4x8,4,8
10,ARHinc,2,179,0.9111399995636497,EURUSD,base_4x8,4,8
10,KernelARH,2,179,0.9418274457279691,EURUSD,base_4x8,4,8
10,VAR1,3,179,2.42345843188188,EURUSD,base_4x8,4,8
10,ARHinc,3,179,0.6492568770313126,EURUSD,base_4x8,4,8
10,KernelARH,3,179,0.8064070863403161,EURUSD,base_4x8,4,8
10,VAR1,4,179,6.743847696997838,EURUSD,base_4x8,4,8
10,ARHinc,4,179,0.6184499935195001,EURUSD,base_4x8,4,8
10,KernelARH,4,179,0.7563309331205456,EURUSD,base_4x8,4,8
10,VAR1,5,179,17.875253638465775,EURUSD,base_4x8,4,8
10,ARHinc,5,179,0.6106599558313746,EURUSD,base_4x8,4,8
10,KernelARH,5,179,0.7779478486456776,EURUSD,base_4x8,4,8
10,VAR1,6,179,32.3921397433795,EURUSD,base_4x8,4,8
10,ARHinc,6,179,0.6033438889114969,EURUSD,base_4x8,4,8
10,KernelARH,6,179,0.7081758067836962,EURUSD,base_4x8,4,8
10,VAR1,7,179,34.698972823386505,EURUSD,base_4x8,4,8
10,ARHinc,7,179,0.6033726990506508,EURUSD,base_4x8,4,8
10,KernelARH,7,179,0.717821440644334,EURUSD,base_4x8,4,8
10,VAR1,8,179,36.093768101309195,EURUSD,base_4x8,4,8
10,ARHinc,8,179,0.6060377218770007,EURUSD,base_4x8,4,8
10,KernelARH,8,179,0.7265309610415919,EURUSD,base_4x8,4,8
10,VAR1,9,179,37.888978677777246,EURUSD,base_4x8,4,8
10,ARHinc,9,179,0.6039990361655712,EURUSD,base_4x8,4,8
10,KernelARH,9,0,NA,EURUSD,base_4x8,4,8
10,VAR1,10,179,39.86016875654303,EURUSD,base_4x8,4,8
10,ARHinc,10,179,0.5994336089147116,EURUSD,base_4x8,4,8
10,KernelARH,10,0,NA,EURUSD,base_4x8,4,8
10,VAR1,11,179,40.63308318696313,EURUSD,base_4x8,4,8
10,ARHinc,11,179,0.6022845354360057,EURUSD,base_4x8,4,8
10,KernelARH,11,0,NA,EURUSD,base_4x8,4,8
10,VAR1,12,179,40.48864927726134,EURUSD,base_4x8,4,8
10,ARHinc,12,179,0.5984399180585368,EURUSD,base_4x8,4,8
10,KernelARH,12,0,NA,EURUSD,base_4x8,4,8
10,VAR1,13,179,39.94937159138971,EURUSD,base_4x8,4,8
10,ARHinc,13,179,0.6047169102044654,EURUSD,base_4x8,4,8
10,KernelARH,13,0,NA,EURUSD,base_4x8,4,8
10,VAR1,14,179,39.878195458029055,EURUSD,base_4x8,4,8
10,ARHinc,14,179,0.6052805837099142,EURUSD,base_4x8,4,8
10,KernelARH,14,0,NA,EURUSD,base_4x8,4,8
10,VAR1,15,179,41.74885302265882,EURUSD,base_4x8,4,8
10,ARHinc,15,179,0.6079748748760544,EURUSD,base_4x8,4,8
10,KernelARH,15,0,NA,EURUSD,base_4x8,4,8
1,VAR1,2,179,0.4687177816820534,EURUSD,coarse_4x6,4,6
1,ARHinc,2,179,0.4619355317224101,EURUSD,coarse_4x6,4,6
1,KernelARH,2,179,0.47475549170030074,EURUSD,coarse_4x6,4,6
1,VAR1,3,179,0.49212968901632614,EURUSD,coarse_4x6,4,6
1,ARHinc,3,179,0.43996949730187723,EURUSD,coarse_4x6,4,6
1,KernelARH,3,179,0.45361365714326674,EURUSD,coarse_4x6,4,6
1,VAR1,4,179,0.58329384206424,EURUSD,coarse_4x6,4,6
1,ARHinc,4,179,0.43352901155954165,EURUSD,coarse_4x6,4,6
1,KernelARH,4,179,0.44732708551776146,EURUSD,coarse_4x6,4,6
1,VAR1,5,179,0.924264899211593,EURUSD,coarse_4x6,4,6
1,ARHinc,5,179,0.43063154132294934,EURUSD,coarse_4x6,4,6
1,KernelARH,5,179,0.4447082416164771,EURUSD,coarse_4x6,4,6
1,VAR1,6,179,1.0584067714647436,EURUSD,coarse_4x6,4,6
1,ARHinc,6,179,0.43006763717837204,EURUSD,coarse_4x6,4,6
1,KernelARH,6,179,0.4488229454505692,EURUSD,coarse_4x6,4,6
1,VAR1,7,179,1.0891475509382884,EURUSD,coarse_4x6,4,6
1,ARHinc,7,179,0.43048885873368614,EURUSD,coarse_4x6,4,6
1,KernelARH,7,179,0.44647619670942684,EURUSD,coarse_4x6,4,6
1,VAR1,8,179,1.243491140029469,EURUSD,coarse_4x6,4,6
1,ARHinc,8,179,0.4319347804110699,EURUSD,coarse_4x6,4,6
1,KernelARH,8,179,0.45633150997438743,EURUSD,coarse_4x6,4,6
1,VAR1,9,179,1.5027695136426449,EURUSD,coarse_4x6,4,6
1,ARHinc,9,179,0.432292183699585,EURUSD,coarse_4x6,4,6
1,KernelARH,9,0,NA,EURUSD,coarse_4x6,4,6
1,VAR1,10,179,1.5996298854826452,EURUSD,coarse_4x6,4,6
1,ARHinc,10,179,0.43359049449533094,EURUSD,coarse_4x6,4,6
1,KernelARH,10,0,NA,EURUSD,coarse_4x6,4,6
1,VAR1,11,179,1.8255253589333376,EURUSD,coarse_4x6,4,6
1,ARHinc,11,179,0.43895761531727917,EURUSD,coarse_4x6,4,6
1,KernelARH,11,0,NA,EURUSD,coarse_4x6,4,6
1,VAR1,12,179,1.8513606805477716,EURUSD,coarse_4x6,4,6
1,ARHinc,12,179,0.43558129524689315,EURUSD,coarse_4x6,4,6
1,KernelARH,12,0,NA,EURUSD,coarse_4x6,4,6
1,VAR1,13,179,1.9753912476299782,EURUSD,coarse_4x6,4,6
1,ARHinc,13,179,0.43777444027818996,EURUSD,coarse_4x6,4,6
1,KernelARH,13,0,NA,EURUSD,coarse_4x6,4,6
1,VAR1,14,179,1.9326347118969247,EURUSD,coarse_4x6,4,6
1,ARHinc,14,179,0.43925566186893,EURUSD,coarse_4x6,4,6
1,KernelARH,14,0,NA,EURUSD,coarse_4x6,4,6
1,VAR1,15,179,2.011922213242644,EURUSD,coarse_4x6,4,6
1,ARHinc,15,179,0.43984389874388774,EURUSD,coarse_4x6,4,6
1,KernelARH,15,0,NA,EURUSD,coarse_4x6,4,6
5,VAR1,2,179,0.5754672593951939,EURUSD,coarse_4x6,4,6
5,ARHinc,2,179,0.547502253879346,EURUSD,coarse_4x6,4,6
5,KernelARH,2,179,0.6274703875440392,EURUSD,coarse_4x6,4,6
5,VAR1,3,179,0.7960799242533194,EURUSD,coarse_4x6,4,6
5,ARHinc,3,179,0.539380268315348,EURUSD,coarse_4x6,4,6
5,KernelARH,3,179,0.6365436653854181,EURUSD,coarse_4x6,4,6
5,VAR1,4,179,1.3866727250024393,EURUSD,coarse_4x6,4,6
5,ARHinc,4,179,0.5444479486501441,EURUSD,coarse_4x6,4,6
5,KernelARH,4,179,0.6287583116944118,EURUSD,coarse_4x6,4,6
5,VAR1,5,179,2.1270487957661337,EURUSD,coarse_4x6,4,6
5,ARHinc,5,179,0.5397540862236504,EURUSD,coarse_4x6,4,6
5,KernelARH,5,179,0.5896807986273293,EURUSD,coarse_4x6,4,6
5,VAR1,6,179,2.3220501736830297,EURUSD,coarse_4x6,4,6
5,ARHinc,6,179,0.5360950748690367,EURUSD,coarse_4x6,4,6
5,KernelARH,6,179,0.6028750580694199,EURUSD,coarse_4x6,4,6
5,VAR1,7,179,2.4303172864982563,EURUSD,coarse_4x6,4,6
5,ARHinc,7,179,0.5385886615899923,EURUSD,coarse_4x6,4,6
5,KernelARH,7,179,0.5859034748756751,EURUSD,coarse_4x6,4,6
5,VAR1,8,179,2.515282974349142,EURUSD,coarse_4x6,4,6
5,ARHinc,8,179,0.5372929075709584,EURUSD,coarse_4x6,4,6
5,KernelARH,8,179,0.5962439505021724,EURUSD,coarse_4x6,4,6
5,VAR1,9,179,2.681029883080124,EURUSD,coarse_4x6,4,6
5,ARHinc,9,179,0.5374983996055535,EURUSD,coarse_4x6,4,6
5,KernelARH,9,0,NA,EURUSD,coarse_4x6,4,6
5,VAR1,10,179,2.8068577593346693,EURUSD,coarse_4x6,4,6
5,ARHinc,10,179,0.5340059337468621,EURUSD,coarse_4x6,4,6
5,KernelARH,10,0,NA,EURUSD,coarse_4x6,4,6
5,VAR1,11,179,2.9071737123769306,EURUSD,coarse_4x6,4,6
5,ARHinc,11,179,0.5345451349598538,EURUSD,coarse_4x6,4,6
5,KernelARH,11,0,NA,EURUSD,coarse_4x6,4,6
5,VAR1,12,179,3.022985579630624,EURUSD,coarse_4x6,4,6
5,ARHinc,12,179,0.5478155481331423,EURUSD,coarse_4x6,4,6
5,KernelARH,12,0,NA,EURUSD,coarse_4x6,4,6
5,VAR1,13,179,3.0412322572103987,EURUSD,coarse_4x6,4,6
5,ARHinc,13,179,0.5438481075268377,EURUSD,coarse_4x6,4,6
5,KernelARH,13,0,NA,EURUSD,coarse_4x6,4,6
5,VAR1,14,179,3.0599931183695137,EURUSD,coarse_4x6,4,6
5,ARHinc,14,179,0.5485842134895994,EURUSD,coarse_4x6,4,6
5,KernelARH,14,0,NA,EURUSD,coarse_4x6,4,6
5,VAR1,15,179,3.0577250727087493,EURUSD,coarse_4x6,4,6
5,ARHinc,15,179,0.5355704767242121,EURUSD,coarse_4x6,4,6
5,KernelARH,15,0,NA,EURUSD,coarse_4x6,4,6
10,VAR1,2,179,0.6822875991849114,EURUSD,coarse_4x6,4,6
10,ARHinc,2,179,0.5906132938767242,EURUSD,coarse_4x6,4,6
10,KernelARH,2,179,0.7324825307632582,EURUSD,coarse_4x6,4,6
10,VAR1,3,179,0.9427848780025173,EURUSD,coarse_4x6,4,6
10,ARHinc,3,179,0.6110166171080237,EURUSD,coarse_4x6,4,6
10,KernelARH,3,179,0.7297380135349684,EURUSD,coarse_4x6,4,6
10,VAR1,4,179,1.5700334797731372,EURUSD,coarse_4x6,4,6
10,ARHinc,4,179,0.5943551302007846,EURUSD,coarse_4x6,4,6
10,KernelARH,4,179,0.7487629303920866,EURUSD,coarse_4x6,4,6
10,VAR1,5,179,2.373390860919049,EURUSD,coarse_4x6,4,6
10,ARHinc,5,179,0.5957091470796911,EURUSD,coarse_4x6,4,6
10,KernelARH,5,179,0.7342128704380545,EURUSD,coarse_4x6,4,6
10,VAR1,6,179,2.328965450501096,EURUSD,coarse_4x6,4,6
10,ARHinc,6,179,0.5960791661251383,EURUSD,coarse_4x6,4,6
10,KernelARH,6,179,0.7073102301490282,EURUSD,coarse_4x6,4,6
10,VAR1,7,179,2.4775233955648335,EURUSD,coarse_4x6,4,6
10,ARHinc,7,179,0.5968930108136288,EURUSD,coarse_4x6,4,6
10,KernelARH,7,179,0.6900192067819253,EURUSD,coarse_4x6,4,6
10,VAR1,8,179,2.3848122062589296,EURUSD,coarse_4x6,4,6
10,ARHinc,8,179,0.5995737563493294,EURUSD,coarse_4x6,4,6
10,KernelARH,8,179,0.7055030170934323,EURUSD,coarse_4x6,4,6
10,VAR1,9,179,2.445042812757446,EURUSD,coarse_4x6,4,6
10,ARHinc,9,179,0.5949025242830455,EURUSD,coarse_4x6,4,6
10,KernelARH,9,0,NA,EURUSD,coarse_4x6,4,6
10,VAR1,10,179,2.7464122156373514,EURUSD,coarse_4x6,4,6
10,ARHinc,10,179,0.6002618048012858,EURUSD,coarse_4x6,4,6
10,KernelARH,10,0,NA,EURUSD,coarse_4x6,4,6
10,VAR1,11,179,2.8078007652127375,EURUSD,coarse_4x6,4,6
10,ARHinc,11,179,0.5996899525352962,EURUSD,coarse_4x6,4,6
10,KernelARH,11,0,NA,EURUSD,coarse_4x6,4,6
10,VAR1,12,179,2.8367110859702764,EURUSD,coarse_4x6,4,6
10,ARHinc,12,179,0.6001748529770168,EURUSD,coarse_4x6,4,6
10,KernelARH,12,0,NA,EURUSD,coarse_4x6,4,6
10,VAR1,13,179,2.8724977913840077,EURUSD,coarse_4x6,4,6
10,ARHinc,13,179,0.6034905519423688,EURUSD,coarse_4x6,4,6
10,KernelARH,13,0,NA,EURUSD,coarse_4x6,4,6
10,VAR1,14,179,2.839529466426427,EURUSD,coarse_4x6,4,6
10,ARHinc,14,179,0.602446424721534,EURUSD,coarse_4x6,4,6
10,KernelARH,14,0,NA,EURUSD,coarse_4x6,4,6
10,VAR1,15,179,2.7540269690659547,EURUSD,coarse_4x6,4,6
10,ARHinc,15,179,0.5999478244684266,EURUSD,coarse_4x6,4,6
10,KernelARH,15,0,NA,EURUSD,coarse_4x6,4,6
1,VAR1,2,179,0.6355439437411209,EURUSD,rich_5x10,5,10
1,ARHinc,2,179,0.6050137629117617,EURUSD,rich_5x10,5,10
1,KernelARH,2,179,0.6476856024444221,EURUSD,rich_5x10,5,10
1,VAR1,3,179,3.1543746928634566,EURUSD,rich_5x10,5,10
1,ARHinc,3,179,0.2893818744931859,EURUSD,rich_5x10,5,10
1,KernelARH,3,179,0.3150401786205329,EURUSD,rich_5x10,5,10
1,VAR1,4,179,9.874184135407639,EURUSD,rich_5x10,5,10
1,ARHinc,4,179,0.24867752036150292,EURUSD,rich_5x10,5,10
1,KernelARH,4,179,0.27688456208229506,EURUSD,rich_5x10,5,10
1,VAR1,5,179,23.550272767874397,EURUSD,rich_5x10,5,10
1,ARHinc,5,179,0.22673082430686867,EURUSD,rich_5x10,5,10
1,KernelARH,5,179,0.24558342367447428,EURUSD,rich_5x10,5,10
1,VAR1,6,179,51.88190883558928,EURUSD,rich_5x10,5,10
1,ARHinc,6,179,0.20754147915169452,EURUSD,rich_5x10,5,10
1,KernelARH,6,179,0.24392532104377043,EURUSD,rich_5x10,5,10
1,VAR1,7,179,79.6864717241043,EURUSD,rich_5x10,5,10
1,ARHinc,7,179,0.1939858096275213,EURUSD,rich_5x10,5,10
1,KernelARH,7,179,0.23830725977913428,EURUSD,rich_5x10,5,10
1,VAR1,8,179,87.08369612758803,EURUSD,rich_5x10,5,10
1,ARHinc,8,179,0.19636923284991872,EURUSD,rich_5x10,5,10
1,KernelARH,8,179,0.2402405171190711,EURUSD,rich_5x10,5,10
1,VAR1,9,179,121.2316612839159,EURUSD,rich_5x10,5,10
1,ARHinc,9,179,0.19717364096418855,EURUSD,rich_5x10,5,10
1,KernelARH,9,0,NA,EURUSD,rich_5x10,5,10
1,VAR1,10,179,180.16304889166352,EURUSD,rich_5x10,5,10
1,ARHinc,10,179,0.19946279386784574,EURUSD,rich_5x10,5,10
1,KernelARH,10,0,NA,EURUSD,rich_5x10,5,10
1,VAR1,11,179,232.96081690512958,EURUSD,rich_5x10,5,10
1,ARHinc,11,179,0.2038288271499195,EURUSD,rich_5x10,5,10
1,KernelARH,11,0,NA,EURUSD,rich_5x10,5,10
1,VAR1,12,179,369.2277822436625,EURUSD,rich_5x10,5,10
1,ARHinc,12,179,0.21012227318301685,EURUSD,rich_5x10,5,10
1,KernelARH,12,0,NA,EURUSD,rich_5x10,5,10
1,VAR1,13,179,442.7997977381904,EURUSD,rich_5x10,5,10
1,ARHinc,13,179,0.1963686540123773,EURUSD,rich_5x10,5,10
1,KernelARH,13,0,NA,EURUSD,rich_5x10,5,10
1,VAR1,14,179,555.1311155622802,EURUSD,rich_5x10,5,10
1,ARHinc,14,179,0.20062830738009851,EURUSD,rich_5x10,5,10
1,KernelARH,14,0,NA,EURUSD,rich_5x10,5,10
1,VAR1,15,179,597.7937166233527,EURUSD,rich_5x10,5,10
1,ARHinc,15,179,0.20740071384521486,EURUSD,rich_5x10,5,10
1,KernelARH,15,0,NA,EURUSD,rich_5x10,5,10
5,VAR1,2,179,1.0059925362636226,EURUSD,rich_5x10,5,10
5,ARHinc,2,179,0.6878713242953782,EURUSD,rich_5x10,5,10
5,KernelARH,2,179,0.8092077388774971,EURUSD,rich_5x10,5,10
5,VAR1,3,179,7.6962840635141605,EURUSD,rich_5x10,5,10
5,ARHinc,3,179,0.4123739514354872,EURUSD,rich_5x10,5,10
5,KernelARH,3,179,0.5347581140763616,EURUSD,rich_5x10,5,10
5,VAR1,4,179,21.727959294192452,EURUSD,rich_5x10,5,10
5,ARHinc,4,179,0.38890814191085504,EURUSD,rich_5x10,5,10
5,KernelARH,4,179,0.47911790746706723,EURUSD,rich_5x10,5,10
5,VAR1,5,179,41.67153238615495,EURUSD,rich_5x10,5,10
5,ARHinc,5,179,0.3838247750603868,EURUSD,rich_5x10,5,10
5,KernelARH,5,179,0.5089364532969047,EURUSD,rich_5x10,5,10
5,VAR1,6,179,89.96350447120282,EURUSD,rich_5x10,5,10
5,ARHinc,6,179,0.36325909058989037,EURUSD,rich_5x10,5,10
5,KernelARH,6,179,0.49733146787318483,EURUSD,rich_5x10,5,10
5,VAR1,7,179,116.42186968044507,EURUSD,rich_5x10,5,10
5,ARHinc,7,179,0.36655863299695224,EURUSD,rich_5x10,5,10
5,KernelARH,7,179,0.4933673145052499,EURUSD,rich_5x10,5,10
5,VAR1,8,179,119.60441165770057,EURUSD,rich_5x10,5,10
5,ARHinc,8,179,0.3691355504145554,EURUSD,rich_5x10,5,10
5,KernelARH,8,179,0.4714941975730782,EURUSD,rich_5x10,5,10
5,VAR1,9,179,148.3287974289277,EURUSD,rich_5x10,5,10
5,ARHinc,9,179,0.37883728219782015,EURUSD,rich_5x10,5,10
5,KernelARH,9,0,NA,EURUSD,rich_5x10,5,10
5,VAR1,10,179,168.33396137370178,EURUSD,rich_5x10,5,10
5,ARHinc,10,179,0.3823995954379707,EURUSD,rich_5x10,5,10
5,KernelARH,10,0,NA,EURUSD,rich_5x10,5,10
5,VAR1,11,179,209.9871525612718,EURUSD,rich_5x10,5,10
5,ARHinc,11,179,0.37927959524506294,EURUSD,rich_5x10,5,10
5,KernelARH,11,0,NA,EURUSD,rich_5x10,5,10
5,VAR1,12,179,278.9558027053738,EURUSD,rich_5x10,5,10
5,ARHinc,12,179,0.3752215152078399,EURUSD,rich_5x10,5,10
5,KernelARH,12,0,NA,EURUSD,rich_5x10,5,10
5,VAR1,13,179,277.85662498764145,EURUSD,rich_5x10,5,10
5,ARHinc,13,179,0.37887484297527096,EURUSD,rich_5x10,5,10
5,KernelARH,13,0,NA,EURUSD,rich_5x10,5,10
5,VAR1,14,179,301.0929945390195,EURUSD,rich_5x10,5,10
5,ARHinc,14,179,0.3768181986303614,EURUSD,rich_5x10,5,10
5,KernelARH,14,0,NA,EURUSD,rich_5x10,5,10
5,VAR1,15,179,313.88251371596596,EURUSD,rich_5x10,5,10
5,ARHinc,15,179,0.3765735166694294,EURUSD,rich_5x10,5,10
5,KernelARH,15,0,NA,EURUSD,rich_5x10,5,10
10,VAR1,2,179,1.067681009976093,EURUSD,rich_5x10,5,10
10,ARHinc,2,179,0.8032972502540222,EURUSD,rich_5x10,5,10
10,KernelARH,2,179,0.911630775746885,EURUSD,rich_5x10,5,10
10,VAR1,3,179,8.37943606041319,EURUSD,rich_5x10,5,10
10,ARHinc,3,179,0.5369124239367252,EURUSD,rich_5x10,5,10
10,KernelARH,3,179,0.7010800216887945,EURUSD,rich_5x10,5,10
10,VAR1,4,179,20.62088382746229,EURUSD,rich_5x10,5,10
10,ARHinc,4,179,0.4908474058764707,EURUSD,rich_5x10,5,10
10,KernelARH,4,179,0.6351432908694822,EURUSD,rich_5x10,5,10
10,VAR1,5,179,40.13000367397359,EURUSD,rich_5x10,5,10
10,ARHinc,5,179,0.45846030890495887,EURUSD,rich_5x10,5,10
10,KernelARH,5,179,0.6828161072453631,EURUSD,rich_5x10,5,10
10,VAR1,6,179,77.59143416145888,EURUSD,rich_5x10,5,10
10,ARHinc,6,179,0.45572013839466946,EURUSD,rich_5x10,5,10
10,KernelARH,6,179,0.7112805288115783,EURUSD,rich_5x10,5,10
10,VAR1,7,179,89.14401902298174,EURUSD,rich_5x10,5,10
10,ARHinc,7,179,0.45330460802843353,EURUSD,rich_5x10,5,10
10,KernelARH,7,179,0.6582237590871515,EURUSD,rich_5x10,5,10
10,VAR1,8,179,91.87313231696737,EURUSD,rich_5x10,5,10
10,ARHinc,8,179,0.4535065188553237,EURUSD,rich_5x10,5,10
10,KernelARH,8,179,0.6475367825946656,EURUSD,rich_5x10,5,10
10,VAR1,9,179,111.3787514268742,EURUSD,rich_5x10,5,10
10,ARHinc,9,179,0.4508904163565228,EURUSD,rich_5x10,5,10
10,KernelARH,9,0,NA,EURUSD,rich_5x10,5,10
10,VAR1,10,179,126.22635082915654,EURUSD,rich_5x10,5,10
10,ARHinc,10,179,0.45234308904499915,EURUSD,rich_5x10,5,10
10,KernelARH,10,0,NA,EURUSD,rich_5x10,5,10
10,VAR1,11,179,143.12917132504512,EURUSD,rich_5x10,5,10
10,ARHinc,11,179,0.45083128787117743,EURUSD,rich_5x10,5,10
10,KernelARH,11,0,NA,EURUSD,rich_5x10,5,10
10,VAR1,12,179,162.81080117721373,EURUSD,rich_5x10,5,10
10,ARHinc,12,179,0.45146473406042453,EURUSD,rich_5x10,5,10
10,KernelARH,12,0,NA,EURUSD,rich_5x10,5,10
10,VAR1,13,179,169.55823992448313,EURUSD,rich_5x10,5,10
10,ARHinc,13,179,0.4574754390921166,EURUSD,rich_5x10,5,10
10,KernelARH,13,0,NA,EURUSD,rich_5x10,5,10
10,VAR1,14,179,170.19397034767016,EURUSD,rich_5x10,5,10
10,ARHinc,14,179,0.45781556224919095,EURUSD,rich_5x10,5,10
10,KernelARH,14,0,NA,EURUSD,rich_5x10,5,10
10,VAR1,15,179,173.15063467248814,EURUSD,rich_5x10,5,10
10,ARHinc,15,179,0.4618289255684855,EURUSD,rich_5x10,5,10
10,KernelARH,15,0,NA,EURUSD,rich_5x10,5,10
1,VAR1,2,223,0.9756426403865887,USDZAR,base_4x8,4,8
1,ARHinc,2,223,0.7137512268638355,USDZAR,base_4x8,4,8
1,KernelARH,2,223,0.7295863339422217,USDZAR,base_4x8,4,8
1,VAR1,3,223,3.709170464088665,USDZAR,base_4x8,4,8
1,ARHinc,3,223,0.6225310695371559,USDZAR,base_4x8,4,8
1,KernelARH,3,223,0.6303429432146562,USDZAR,base_4x8,4,8
1,VAR1,4,223,8.870819265708931,USDZAR,base_4x8,4,8
1,ARHinc,4,223,0.6078610302809326,USDZAR,base_4x8,4,8
1,KernelARH,4,223,0.62144252079655,USDZAR,base_4x8,4,8
1,VAR1,5,223,14.256394314942513,USDZAR,base_4x8,4,8
1,ARHinc,5,223,0.6087856317187866,USDZAR,base_4x8,4,8
1,KernelARH,5,223,0.6193333694502893,USDZAR,base_4x8,4,8
1,VAR1,6,223,34.29781633761285,USDZAR,base_4x8,4,8
1,ARHinc,6,223,0.6116124940282935,USDZAR,base_4x8,4,8
1,KernelARH,6,223,0.6251110065403642,USDZAR,base_4x8,4,8
1,VAR1,7,223,38.79758383069511,USDZAR,base_4x8,4,8
1,ARHinc,7,223,0.6069421296239834,USDZAR,base_4x8,4,8
1,KernelARH,7,223,0.6250653855565261,USDZAR,base_4x8,4,8
1,VAR1,8,223,52.72471640443,USDZAR,base_4x8,4,8
1,ARHinc,8,223,0.6079451669495148,USDZAR,base_4x8,4,8
1,KernelARH,8,223,0.6249620443574561,USDZAR,base_4x8,4,8
1,VAR1,9,223,90.73267585976969,USDZAR,base_4x8,4,8
1,ARHinc,9,223,0.609574379014685,USDZAR,base_4x8,4,8
1,KernelARH,9,0,NA,USDZAR,base_4x8,4,8
1,VAR1,10,223,98.14286361503045,USDZAR,base_4x8,4,8
1,ARHinc,10,223,0.6088852969200635,USDZAR,base_4x8,4,8
1,KernelARH,10,0,NA,USDZAR,base_4x8,4,8
1,VAR1,11,223,112.34612627773372,USDZAR,base_4x8,4,8
1,ARHinc,11,223,0.6095175872488012,USDZAR,base_4x8,4,8
1,KernelARH,11,0,NA,USDZAR,base_4x8,4,8
1,VAR1,12,223,115.50641017465206,USDZAR,base_4x8,4,8
1,ARHinc,12,223,0.6083908886449193,USDZAR,base_4x8,4,8
1,KernelARH,12,0,NA,USDZAR,base_4x8,4,8
1,VAR1,13,223,127.8004572867701,USDZAR,base_4x8,4,8
1,ARHinc,13,223,0.6041717739419359,USDZAR,base_4x8,4,8
1,KernelARH,13,0,NA,USDZAR,base_4x8,4,8
1,VAR1,14,223,127.64590154060289,USDZAR,base_4x8,4,8
1,ARHinc,14,223,0.6051675371288389,USDZAR,base_4x8,4,8
1,KernelARH,14,0,NA,USDZAR,base_4x8,4,8
1,VAR1,15,223,133.7313431748459,USDZAR,base_4x8,4,8
1,ARHinc,15,223,0.6075327814967635,USDZAR,base_4x8,4,8
1,KernelARH,15,0,NA,USDZAR,base_4x8,4,8
5,VAR1,2,223,1.3070309213314795,USDZAR,base_4x8,4,8
5,ARHinc,2,223,0.8151622265785549,USDZAR,base_4x8,4,8
5,KernelARH,2,223,0.8237982049962495,USDZAR,base_4x8,4,8
5,VAR1,3,223,8.662764711127243,USDZAR,base_4x8,4,8
5,ARHinc,3,223,0.7120177835225109,USDZAR,base_4x8,4,8
5,KernelARH,3,223,0.7281216002938866,USDZAR,base_4x8,4,8
5,VAR1,4,223,20.61448778933642,USDZAR,base_4x8,4,8
5,ARHinc,4,223,0.7071229364016459,USDZAR,base_4x8,4,8
5,KernelARH,4,223,0.7252940696696799,USDZAR,base_4x8,4,8
5,VAR1,5,223,29.09590240865791,USDZAR,base_4x8,4,8
5,ARHinc,5,223,0.7106271204071878,USDZAR,base_4x8,4,8
5,KernelARH,5,223,0.7384031576587735,USDZAR,base_4x8,4,8
5,VAR1,6,223,45.206430354845075,USDZAR,base_4x8,4,8
5,ARHinc,6,223,0.7153219984239377,USDZAR,base_4x8,4,8
5,KernelARH,6,223,0.7528425972312787,USDZAR,base_4x8,4,8
5,VAR1,7,223,45.00369934509968,USDZAR,base_4x8,4,8
5,ARHinc,7,223,0.7004843251260858,USDZAR,base_4x8,4,8
5,KernelARH,7,223,0.7696699008552433,USDZAR,base_4x8,4,8
5,VAR1,8,223,65.43827813363148,USDZAR,base_4x8,4,8
5,ARHinc,8,223,0.7013436823430426,USDZAR,base_4x8,4,8
5,KernelARH,8,223,0.8122261323614279,USDZAR,base_4x8,4,8
5,VAR1,9,223,77.00916248700749,USDZAR,base_4x8,4,8
5,ARHinc,9,223,0.7065690531632718,USDZAR,base_4x8,4,8
5,KernelARH,9,0,NA,USDZAR,base_4x8,4,8
5,VAR1,10,223,83.39916597078019,USDZAR,base_4x8,4,8
5,ARHinc,10,223,0.7048498859564745,USDZAR,base_4x8,4,8
5,KernelARH,10,0,NA,USDZAR,base_4x8,4,8
5,VAR1,11,223,86.84809658019174,USDZAR,base_4x8,4,8
5,ARHinc,11,223,0.7161480875779628,USDZAR,base_4x8,4,8
5,KernelARH,11,0,NA,USDZAR,base_4x8,4,8
5,VAR1,12,223,87.52664487754772,USDZAR,base_4x8,4,8
5,ARHinc,12,223,0.7180121537050569,USDZAR,base_4x8,4,8
5,KernelARH,12,0,NA,USDZAR,base_4x8,4,8
5,VAR1,13,223,87.99389854231305,USDZAR,base_4x8,4,8
5,ARHinc,13,223,0.7116680558327356,USDZAR,base_4x8,4,8
5,KernelARH,13,0,NA,USDZAR,base_4x8,4,8
5,VAR1,14,223,88.3125664902057,USDZAR,base_4x8,4,8
5,ARHinc,14,223,0.7114148267367422,USDZAR,base_4x8,4,8
5,KernelARH,14,0,NA,USDZAR,base_4x8,4,8
5,VAR1,15,223,92.17714161727443,USDZAR,base_4x8,4,8
5,ARHinc,15,223,0.7041316863387357,USDZAR,base_4x8,4,8
5,KernelARH,15,0,NA,USDZAR,base_4x8,4,8
10,VAR1,2,223,1.2556135022598904,USDZAR,base_4x8,4,8
10,ARHinc,2,223,0.9007987943694922,USDZAR,base_4x8,4,8
10,KernelARH,2,223,0.9655955180121321,USDZAR,base_4x8,4,8
10,VAR1,3,223,9.233163690543273,USDZAR,base_4x8,4,8
10,ARHinc,3,223,0.7759234839211058,USDZAR,base_4x8,4,8
10,KernelARH,3,223,0.8463576689380526,USDZAR,base_4x8,4,8
10,VAR1,4,223,18.69674053599132,USDZAR,base_4x8,4,8
10,ARHinc,4,223,0.7959530814127193,USDZAR,base_4x8,4,8
10,KernelARH,4,223,0.8654759149588683,USDZAR,base_4x8,4,8
10,VAR1,5,223,25.968882179225094,USDZAR,base_4x8,4,8
10,ARHinc,5,223,0.7879409955959825,USDZAR,base_4x8,4,8
10,KernelARH,5,223,0.8841873272631282,USDZAR,base_4x8,4,8
10,VAR1,6,223,27.69669590882257,USDZAR,base_4x8,4,8
10,ARHinc,6,223,0.7933244808044575,USDZAR,base_4x8,4,8
10,KernelARH,6,223,0.8963135908336197,USDZAR,base_4x8,4,8
10,VAR1,7,223,31.477809908322108,USDZAR,base_4x8,4,8
10,ARHinc,7,223,0.8054632059488105,USDZAR,base_4x8,4,8
10,KernelARH,7,223,0.9240983163352383,USDZAR,base_4x8,4,8
10,VAR1,8,223,41.57722970260611,USDZAR,base_4x8,4,8
10,ARHinc,8,223,0.800640370508422,USDZAR,base_4x8,4,8
10,KernelARH,8,223,0.9360217277498419,USDZAR,base_4x8,4,8
10,VAR1,9,223,53.24406819384768,USDZAR,base_4x8,4,8
10,ARHinc,9,223,0.8128824803461769,USDZAR,base_4x8,4,8
10,KernelARH,9,0,NA,USDZAR,base_4x8,4,8
10,VAR1,10,223,59.00190279697864,USDZAR,base_4x8,4,8
10,ARHinc,10,223,0.7847688432741794,USDZAR,base_4x8,4,8
10,KernelARH,10,0,NA,USDZAR,base_4x8,4,8
10,VAR1,11,223,61.59977873087196,USDZAR,base_4x8,4,8
10,ARHinc,11,223,0.7876310889215645,USDZAR,base_4x8,4,8
10,KernelARH,11,0,NA,USDZAR,base_4x8,4,8
10,VAR1,12,223,59.29630032673589,USDZAR,base_4x8,4,8
10,ARHinc,12,223,0.7887552935038783,USDZAR,base_4x8,4,8
10,KernelARH,12,0,NA,USDZAR,base_4x8,4,8
10,VAR1,13,223,58.346636143268235,USDZAR,base_4x8,4,8
10,ARHinc,13,223,0.7996887719321799,USDZAR,base_4x8,4,8
10,KernelARH,13,0,NA,USDZAR,base_4x8,4,8
10,VAR1,14,223,58.878322210766164,USDZAR,base_4x8,4,8
10,ARHinc,14,223,0.7883636286059703,USDZAR,base_4x8,4,8
10,KernelARH,14,0,NA,USDZAR,base_4x8,4,8
10,VAR1,15,223,61.11745007523688,USDZAR,base_4x8,4,8
10,ARHinc,15,223,0.7823502424932888,USDZAR,base_4x8,4,8
10,KernelARH,15,0,NA,USDZAR,base_4x8,4,8
1,VAR1,2,223,0.6367979327744153,USDZAR,coarse_4x6,4,6
1,ARHinc,2,223,0.6291813163182608,USDZAR,coarse_4x6,4,6
1,KernelARH,2,223,0.6340486125733423,USDZAR,coarse_4x6,4,6
1,VAR1,3,223,0.660161949337797,USDZAR,coarse_4x6,4,6
1,ARHinc,3,223,0.6144955029562807,USDZAR,coarse_4x6,4,6
1,KernelARH,3,223,0.6137116363147231,USDZAR,coarse_4x6,4,6
1,VAR1,4,223,0.7194760624316985,USDZAR,coarse_4x6,4,6
1,ARHinc,4,223,0.6126147664133512,USDZAR,coarse_4x6,4,6
1,KernelARH,4,223,0.6186950598655468,USDZAR,coarse_4x6,4,6
1,VAR1,5,223,0.7828593544837058,USDZAR,coarse_4x6,4,6
1,ARHinc,5,223,0.6128806235109272,USDZAR,coarse_4x6,4,6
1,KernelARH,5,223,0.6181224117873099,USDZAR,coarse_4x6,4,6
1,VAR1,6,223,1.1640105162426482,USDZAR,coarse_4x6,4,6
1,ARHinc,6,223,0.6129685972271391,USDZAR,coarse_4x6,4,6
1,KernelARH,6,223,0.6204384703056443,USDZAR,coarse_4x6,4,6
1,VAR1,7,223,1.4128989143830102,USDZAR,coarse_4x6,4,6
1,ARHinc,7,223,0.613597326844952,USDZAR,coarse_4x6,4,6
1,KernelARH,7,223,0.6225475899408055,USDZAR,coarse_4x6,4,6
1,VAR1,8,223,1.5160999675896205,USDZAR,coarse_4x6,4,6
1,ARHinc,8,223,0.6115577176336159,USDZAR,coarse_4x6,4,6
1,KernelARH,8,223,0.6267486832624071,USDZAR,coarse_4x6,4,6
1,VAR1,9,223,1.5138952854953909,USDZAR,coarse_4x6,4,6
1,ARHinc,9,223,0.6135004460714948,USDZAR,coarse_4x6,4,6
1,KernelARH,9,0,NA,USDZAR,coarse_4x6,4,6
1,VAR1,10,223,1.5189762914577236,USDZAR,coarse_4x6,4,6
1,ARHinc,10,223,0.6146792374117664,USDZAR,coarse_4x6,4,6
1,KernelARH,10,0,NA,USDZAR,coarse_4x6,4,6
1,VAR1,11,223,1.5384575966570566,USDZAR,coarse_4x6,4,6
1,ARHinc,11,223,0.6135895212435621,USDZAR,coarse_4x6,4,6
1,KernelARH,11,0,NA,USDZAR,coarse_4x6,4,6
1,VAR1,12,223,1.5957838864130833,USDZAR,coarse_4x6,4,6
1,ARHinc,12,223,0.612682592950675,USDZAR,coarse_4x6,4,6
1,KernelARH,12,0,NA,USDZAR,coarse_4x6,4,6
1,VAR1,13,223,1.6289169427272951,USDZAR,coarse_4x6,4,6
1,ARHinc,13,223,0.6095488817650888,USDZAR,coarse_4x6,4,6
1,KernelARH,13,0,NA,USDZAR,coarse_4x6,4,6
1,VAR1,14,223,1.658053577110919,USDZAR,coarse_4x6,4,6
1,ARHinc,14,223,0.6092079772628144,USDZAR,coarse_4x6,4,6
1,KernelARH,14,0,NA,USDZAR,coarse_4x6,4,6
1,VAR1,15,223,1.6786227833411256,USDZAR,coarse_4x6,4,6
1,ARHinc,15,223,0.6137937960708378,USDZAR,coarse_4x6,4,6
1,KernelARH,15,0,NA,USDZAR,coarse_4x6,4,6
5,VAR1,2,223,0.8302125941460388,USDZAR,coarse_4x6,4,6
5,ARHinc,2,223,0.7168461274594677,USDZAR,coarse_4x6,4,6
5,KernelARH,2,223,0.7204896237104306,USDZAR,coarse_4x6,4,6
5,VAR1,3,223,1.0510342766524337,USDZAR,coarse_4x6,4,6
5,ARHinc,3,223,0.7055865279990916,USDZAR,coarse_4x6,4,6
5,KernelARH,3,223,0.7136620763753839,USDZAR,coarse_4x6,4,6
5,VAR1,4,223,1.2430605740266392,USDZAR,coarse_4x6,4,6
5,ARHinc,4,223,0.7030728136092554,USDZAR,coarse_4x6,4,6
5,KernelARH,4,223,0.7213554417180471,USDZAR,coarse_4x6,4,6
5,VAR1,5,223,1.7242310771695013,USDZAR,coarse_4x6,4,6
5,ARHinc,5,223,0.7069743926415414,USDZAR,coarse_4x6,4,6
5,KernelARH,5,223,0.7394166322571597,USDZAR,coarse_4x6,4,6
5,VAR1,6,223,2.1421899202579304,USDZAR,coarse_4x6,4,6
5,ARHinc,6,223,0.7018240354362031,USDZAR,coarse_4x6,4,6
5,KernelARH,6,223,0.7471113551247732,USDZAR,coarse_4x6,4,6
5,VAR1,7,223,2.6435100320615676,USDZAR,coarse_4x6,4,6
5,ARHinc,7,223,0.7063203979961241,USDZAR,coarse_4x6,4,6
5,KernelARH,7,223,0.7600567252147125,USDZAR,coarse_4x6,4,6
5,VAR1,8,223,2.6726847156492424,USDZAR,coarse_4x6,4,6
5,ARHinc,8,223,0.7078365604182093,USDZAR,coarse_4x6,4,6
5,KernelARH,8,223,0.7600468296317984,USDZAR,coarse_4x6,4,6
5,VAR1,9,223,2.68755854487673,USDZAR,coarse_4x6,4,6
5,ARHinc,9,223,0.7023916112355529,USDZAR,coarse_4x6,4,6
5,KernelARH,9,0,NA,USDZAR,coarse_4x6,4,6
5,VAR1,10,223,2.7071179550961397,USDZAR,coarse_4x6,4,6
5,ARHinc,10,223,0.7059894792560748,USDZAR,coarse_4x6,4,6
5,KernelARH,10,0,NA,USDZAR,coarse_4x6,4,6
5,VAR1,11,223,2.6829387013124015,USDZAR,coarse_4x6,4,6
5,ARHinc,11,223,0.7039901272596761,USDZAR,coarse_4x6,4,6
5,KernelARH,11,0,NA,USDZAR,coarse_4x6,4,6
5,VAR1,12,223,2.697951125137083,USDZAR,coarse_4x6,4,6
5,ARHinc,12,223,0.7183638660935281,USDZAR,coarse_4x6,4,6
5,KernelARH,12,0,NA,USDZAR,coarse_4x6,4,6
5,VAR1,13,223,2.7148879569004687,USDZAR,coarse_4x6,4,6
5,ARHinc,13,223,0.7201716270650633,USDZAR,coarse_4x6,4,6
5,KernelARH,13,0,NA,USDZAR,coarse_4x6,4,6
5,VAR1,14,223,2.7169617639662484,USDZAR,coarse_4x6,4,6
5,ARHinc,14,223,0.7091533231898933,USDZAR,coarse_4x6,4,6
5,KernelARH,14,0,NA,USDZAR,coarse_4x6,4,6
5,VAR1,15,223,2.7157359635540486,USDZAR,coarse_4x6,4,6
5,ARHinc,15,223,0.7090020952490788,USDZAR,coarse_4x6,4,6
5,KernelARH,15,0,NA,USDZAR,coarse_4x6,4,6
10,VAR1,2,223,0.9788624468179548,USDZAR,coarse_4x6,4,6
10,ARHinc,2,223,0.7969516585160918,USDZAR,coarse_4x6,4,6
10,KernelARH,2,223,0.8567949020935914,USDZAR,coarse_4x6,4,6
10,VAR1,3,223,1.1797705749653653,USDZAR,coarse_4x6,4,6
10,ARHinc,3,223,0.7747897360760646,USDZAR,coarse_4x6,4,6
10,KernelARH,3,223,0.8100749054163416,USDZAR,coarse_4x6,4,6
10,VAR1,4,223,1.3756698584811213,USDZAR,coarse_4x6,4,6
10,ARHinc,4,223,0.7744352222142316,USDZAR,coarse_4x6,4,6
10,KernelARH,4,223,0.8345705774288776,USDZAR,coarse_4x6,4,6
10,VAR1,5,223,2.0799868455279658,USDZAR,coarse_4x6,4,6
10,ARHinc,5,223,0.7782100174413207,USDZAR,coarse_4x6,4,6
10,KernelARH,5,223,0.8504749200349925,USDZAR,coarse_4x6,4,6
10,VAR1,6,223,2.423360091372371,USDZAR,coarse_4x6,4,6
10,ARHinc,6,223,0.7810806283535615,USDZAR,coarse_4x6,4,6
10,KernelARH,6,223,0.8801486607951602,USDZAR,coarse_4x6,4,6
10,VAR1,7,223,2.7103278130987354,USDZAR,coarse_4x6,4,6
10,ARHinc,7,223,0.7748316219568708,USDZAR,coarse_4x6,4,6
10,KernelARH,7,223,0.8590377866414313,USDZAR,coarse_4x6,4,6
10,VAR1,8,223,2.7315333228376932,USDZAR,coarse_4x6,4,6
10,ARHinc,8,223,0.7948992861306936,USDZAR,coarse_4x6,4,6
10,KernelARH,8,223,0.8747258279875715,USDZAR,coarse_4x6,4,6
10,VAR1,9,223,2.749332916906783,USDZAR,coarse_4x6,4,6
10,ARHinc,9,223,0.7855108805709703,USDZAR,coarse_4x6,4,6
10,KernelARH,9,0,NA,USDZAR,coarse_4x6,4,6
10,VAR1,10,223,2.75583000735038,USDZAR,coarse_4x6,4,6
10,ARHinc,10,223,0.786035932074373,USDZAR,coarse_4x6,4,6
10,KernelARH,10,0,NA,USDZAR,coarse_4x6,4,6
10,VAR1,11,223,2.7701579121860918,USDZAR,coarse_4x6,4,6
10,ARHinc,11,223,0.7918962988492462,USDZAR,coarse_4x6,4,6
10,KernelARH,11,0,NA,USDZAR,coarse_4x6,4,6
10,VAR1,12,223,2.7716685277289104,USDZAR,coarse_4x6,4,6
10,ARHinc,12,223,0.7835971786607193,USDZAR,coarse_4x6,4,6
10,KernelARH,12,0,NA,USDZAR,coarse_4x6,4,6
10,VAR1,13,223,2.7966720015139868,USDZAR,coarse_4x6,4,6
10,ARHinc,13,223,0.7829796748859391,USDZAR,coarse_4x6,4,6
10,KernelARH,13,0,NA,USDZAR,coarse_4x6,4,6
10,VAR1,14,223,2.8025391482232123,USDZAR,coarse_4x6,4,6
10,ARHinc,14,223,0.77532835110208,USDZAR,coarse_4x6,4,6
10,KernelARH,14,0,NA,USDZAR,coarse_4x6,4,6
10,VAR1,15,223,2.8093479755168413,USDZAR,coarse_4x6,4,6
10,ARHinc,15,223,0.7862009966473575,USDZAR,coarse_4x6,4,6
10,KernelARH,15,0,NA,USDZAR,coarse_4x6,4,6
1,VAR1,2,223,0.6677536980184748,USDZAR,rich_5x10,5,10
1,ARHinc,2,223,0.5141631933171206,USDZAR,rich_5x10,5,10
1,KernelARH,2,223,0.5556225034359972,USDZAR,rich_5x10,5,10
1,VAR1,3,223,8.261847963228014,USDZAR,rich_5x10,5,10
1,ARHinc,3,223,0.26863324537470606,USDZAR,rich_5x10,5,10
1,KernelARH,3,223,0.2853564011198307,USDZAR,rich_5x10,5,10
1,VAR1,4,223,14.87268425578924,USDZAR,rich_5x10,5,10
1,ARHinc,4,223,0.23629174371217013,USDZAR,rich_5x10,5,10
1,KernelARH,4,223,0.2701764540789882,USDZAR,rich_5x10,5,10
1,VAR1,5,223,30.200416762954053,USDZAR,rich_5x10,5,10
1,ARHinc,5,223,0.22975194277424,USDZAR,rich_5x10,5,10
1,KernelARH,5,223,0.2521066452814467,USDZAR,rich_5x10,5,10
1,VAR1,6,223,48.10316682769804,USDZAR,rich_5x10,5,10
1,ARHinc,6,223,0.22531426741146998,USDZAR,rich_5x10,5,10
1,KernelARH,6,223,0.2532224939267398,USDZAR,rich_5x10,5,10
1,VAR1,7,223,67.64995823916567,USDZAR,rich_5x10,5,10
1,ARHinc,7,223,0.21682884544998582,USDZAR,rich_5x10,5,10
1,KernelARH,7,223,0.2549200413968879,USDZAR,rich_5x10,5,10
1,VAR1,8,223,100.74634133204316,USDZAR,rich_5x10,5,10
1,ARHinc,8,223,0.21500893280141103,USDZAR,rich_5x10,5,10
1,KernelARH,8,223,0.2550208419031912,USDZAR,rich_5x10,5,10
1,VAR1,9,223,143.36048491712307,USDZAR,rich_5x10,5,10
1,ARHinc,9,223,0.2107008156858245,USDZAR,rich_5x10,5,10
1,KernelARH,9,0,NA,USDZAR,rich_5x10,5,10
1,VAR1,10,223,196.80273979171497,USDZAR,rich_5x10,5,10
1,ARHinc,10,223,0.2090297614845058,USDZAR,rich_5x10,5,10
1,KernelARH,10,0,NA,USDZAR,rich_5x10,5,10
1,VAR1,11,223,273.8564202611384,USDZAR,rich_5x10,5,10
1,ARHinc,11,223,0.21031222455867876,USDZAR,rich_5x10,5,10
1,KernelARH,11,0,NA,USDZAR,rich_5x10,5,10
1,VAR1,12,223,384.4159639048288,USDZAR,rich_5x10,5,10
1,ARHinc,12,223,0.20747195715073116,USDZAR,rich_5x10,5,10
1,KernelARH,12,0,NA,USDZAR,rich_5x10,5,10
1,VAR1,13,223,428.8770232109217,USDZAR,rich_5x10,5,10
1,ARHinc,13,223,0.20561130197824287,USDZAR,rich_5x10,5,10
1,KernelARH,13,0,NA,USDZAR,rich_5x10,5,10
1,VAR1,14,223,464.5562124135446,USDZAR,rich_5x10,5,10
1,ARHinc,14,223,0.20552336738438357,USDZAR,rich_5x10,5,10
1,KernelARH,14,0,NA,USDZAR,rich_5x10,5,10
1,VAR1,15,223,504.1069493871071,USDZAR,rich_5x10,5,10
1,ARHinc,15,223,0.2009221426958664,USDZAR,rich_5x10,5,10
1,KernelARH,15,0,NA,USDZAR,rich_5x10,5,10
5,VAR1,2,223,0.8134271379402591,USDZAR,rich_5x10,5,10
5,ARHinc,2,223,0.6590758406506633,USDZAR,rich_5x10,5,10
5,KernelARH,2,223,0.7319951480198428,USDZAR,rich_5x10,5,10
5,VAR1,3,223,19.497338789212364,USDZAR,rich_5x10,5,10
5,ARHinc,3,223,0.4681671576473359,USDZAR,rich_5x10,5,10
5,KernelARH,3,223,0.49559675647387486,USDZAR,rich_5x10,5,10
5,VAR1,4,223,35.45498102763614,USDZAR,rich_5x10,5,10
5,ARHinc,4,223,0.43198596947433077,USDZAR,rich_5x10,5,10
5,KernelARH,4,223,0.47487171397800754,USDZAR,rich_5x10,5,10
5,VAR1,5,223,48.50911620352465,USDZAR,rich_5x10,5,10
5,ARHinc,5,223,0.46988168909202793,USDZAR,rich_5x10,5,10
5,KernelARH,5,223,0.5048998872276356,USDZAR,rich_5x10,5,10
5,VAR1,6,223,66.00202835595263,USDZAR,rich_5x10,5,10
5,ARHinc,6,223,0.45214545087914615,USDZAR,rich_5x10,5,10
5,KernelARH,6,223,0.49242520518236843,USDZAR,rich_5x10,5,10
5,VAR1,7,223,85.76191918009715,USDZAR,rich_5x10,5,10
5,ARHinc,7,223,0.43712674348954045,USDZAR,rich_5x10,5,10
5,KernelARH,7,223,0.4931760091388091,USDZAR,rich_5x10,5,10
5,VAR1,8,223,97.06752288874763,USDZAR,rich_5x10,5,10
5,ARHinc,8,223,0.4178888753697897,USDZAR,rich_5x10,5,10
5,KernelARH,8,223,0.5188966694440998,USDZAR,rich_5x10,5,10
5,VAR1,9,223,112.38598929209286,USDZAR,rich_5x10,5,10
5,ARHinc,9,223,0.4086740113126999,USDZAR,rich_5x10,5,10
5,KernelARH,9,0,NA,USDZAR,rich_5x10,5,10
5,VAR1,10,223,128.32356157579528,USDZAR,rich_5x10,5,10
5,ARHinc,10,223,0.39758605488209703,USDZAR,rich_5x10,5,10
5,KernelARH,10,0,NA,USDZAR,rich_5x10,5,10
5,VAR1,11,223,186.50012314891794,USDZAR,rich_5x10,5,10
5,ARHinc,11,223,0.410269873844628,USDZAR,rich_5x10,5,10
5,KernelARH,11,0,NA,USDZAR,rich_5x10,5,10
5,VAR1,12,223,220.32047553594182,USDZAR,rich_5x10,5,10
5,ARHinc,12,223,0.4160553481221339,USDZAR,rich_5x10,5,10
5,KernelARH,12,0,NA,USDZAR,rich_5x10,5,10
5,VAR1,13,223,243.93985322509386,USDZAR,rich_5x10,5,10
5,ARHinc,13,223,0.41153219503659116,USDZAR,rich_5x10,5,10
5,KernelARH,13,0,NA,USDZAR,rich_5x10,5,10
5,VAR1,14,223,232.72189774084612,USDZAR,rich_5x10,5,10
5,ARHinc,14,223,0.42824842672777214,USDZAR,rich_5x10,5,10
5,KernelARH,14,0,NA,USDZAR,rich_5x10,5,10
5,VAR1,15,223,242.2916079519087,USDZAR,rich_5x10,5,10
5,ARHinc,15,223,0.43765599434958624,USDZAR,rich_5x10,5,10
5,KernelARH,15,0,NA,USDZAR,rich_5x10,5,10
10,VAR1,2,223,0.8465519892447729,USDZAR,rich_5x10,5,10
10,ARHinc,2,223,0.8250095868942794,USDZAR,rich_5x10,5,10
10,KernelARH,2,223,0.9098609260741588,USDZAR,rich_5x10,5,10
10,VAR1,3,223,17.226714926435587,USDZAR,rich_5x10,5,10
10,ARHinc,3,223,0.5810561622225232,USDZAR,rich_5x10,5,10
10,KernelARH,3,223,0.6559426909305931,USDZAR,rich_5x10,5,10
10,VAR1,4,223,29.21000321692913,USDZAR,rich_5x10,5,10
10,ARHinc,4,223,0.5708762850977489,USDZAR,rich_5x10,5,10
10,KernelARH,4,223,0.6841074871720954,USDZAR,rich_5x10,5,10
10,VAR1,5,223,41.45635332339912,USDZAR,rich_5x10,5,10
10,ARHinc,5,223,0.5923776245977448,USDZAR,rich_5x10,5,10
10,KernelARH,5,223,0.6438439865531318,USDZAR,rich_5x10,5,10
10,VAR1,6,223,47.190940953682336,USDZAR,rich_5x10,5,10
10,ARHinc,6,223,0.5655341030734493,USDZAR,rich_5x10,5,10
10,KernelARH,6,223,0.6372921904918594,USDZAR,rich_5x10,5,10
10,VAR1,7,223,54.06091195035308,USDZAR,rich_5x10,5,10
10,ARHinc,7,223,0.5560795670948632,USDZAR,rich_5x10,5,10
10,KernelARH,7,223,0.7145403469336505,USDZAR,rich_5x10,5,10
10,VAR1,8,223,57.618981044179115,USDZAR,rich_5x10,5,10
10,ARHinc,8,223,0.5597452666537343,USDZAR,rich_5x10,5,10
10,KernelARH,8,223,0.7328185274552297,USDZAR,rich_5x10,5,10
10,VAR1,9,223,77.26411088471019,USDZAR,rich_5x10,5,10
10,ARHinc,9,223,0.5600646379044707,USDZAR,rich_5x10,5,10
10,KernelARH,9,0,NA,USDZAR,rich_5x10,5,10
10,VAR1,10,223,88.84311292840682,USDZAR,rich_5x10,5,10
10,ARHinc,10,223,0.5546599888929619,USDZAR,rich_5x10,5,10
10,KernelARH,10,0,NA,USDZAR,rich_5x10,5,10
10,VAR1,11,223,118.4946318279882,USDZAR,rich_5x10,5,10
10,ARHinc,11,223,0.559932452615761,USDZAR,rich_5x10,5,10
10,KernelARH,11,0,NA,USDZAR,rich_5x10,5,10
10,VAR1,12,223,145.12545310225102,USDZAR,rich_5x10,5,10
10,ARHinc,12,223,0.5726575909862774,USDZAR,rich_5x10,5,10
10,KernelARH,12,0,NA,USDZAR,rich_5x10,5,10
10,VAR1,13,223,173.15580939676647,USDZAR,rich_5x10,5,10
10,ARHinc,13,223,0.5682418445484452,USDZAR,rich_5x10,5,10
10,KernelARH,13,0,NA,USDZAR,rich_5x10,5,10
10,VAR1,14,223,175.36103741026656,USDZAR,rich_5x10,5,10
10,ARHinc,14,223,0.5727260944769113,USDZAR,rich_5x10,5,10
10,KernelARH,14,0,NA,USDZAR,rich_5x10,5,10
10,VAR1,15,223,178.19204155308216,USDZAR,rich_5x10,5,10
10,ARHinc,15,223,0.5755198266292788,USDZAR,rich_5x10,5,10
10,KernelARH,15,0,NA,USDZAR,rich_5x10,5,10
