Par,h,fecha,Modelo,TRAIN_SIZE,K0,RMSE,MAE,WRMSE_short,WRMSE_long
USDCOP,1,2025-09-08,PM,154,7,0.5154237894124677,0.43465384615384633,0.7293795481385809,0.3662183712662559
USDCOP,1,2025-09-08,PA,154,7,0.7802256791885952,0.6156401572999416,0.8970473204938783,0.7649825797641405
USDCOP,1,2025-09-08,VAR1,154,7,10.607433778019859,8.160979443847387,16.064609826566475,6.17770644583739
USDCOP,1,2025-09-08,ARHinc,154,7,0.7497772658959069,0.5905517190592775,0.8343953639700571,0.75292229246464
USDCOP,1,2025-09-08,KernelARH,154,7,0.7815964789992074,0.6146413711855884,0.8831820895774312,0.7713500433791046
USDCOP,5,2025-09-12,PM,154,8,1.4457247816340322,1.2914999999999996,1.9399206145337953,1.076172446454704
USDCOP,5,2025-09-12,PA,154,8,1.4823314589199135,1.2960803920231203,1.9685820907590328,1.1632714476157617
USDCOP,5,2025-09-12,VAR1,154,8,20.986953312058453,14.250114447010418,30.064323888889188,12.808068739291302
USDCOP,5,2025-09-12,ARHinc,154,8,1.4153720567548902,1.2374497555436754,1.8614147326563448,1.125296065871209
USDCOP,5,2025-09-12,KernelARH,154,8,1.841890972361933,1.618819186102834,2.4868727770582795,1.3731623193261013
USDCOP,10,2025-09-19,PM,154,8,1.5230340575261656,1.346,2.0471451216423984,1.0751584319693053
USDCOP,10,2025-09-19,PA,154,8,1.5828689077037585,1.3695173079509186,2.094033052067724,1.2048047657029908
USDCOP,10,2025-09-19,VAR1,154,8,13.93396535341465,9.635261785458258,19.74106137311651,8.47507559171446
USDCOP,10,2025-09-19,ARHinc,154,8,1.5166083452549175,1.315379273688071,1.9878733908265875,1.1685952582358157
USDCOP,10,2025-09-19,KernelARH,154,8,2.019940447068969,1.7422741779649482,2.7392194252888653,1.4503157301242706
USDCOP,1,2025-09-09,PM,154,7,0.1869161422423682,0.15834615384615378,0.21399297713346116,0.14563071700906288
USDCOP,1,2025-09-09,PA,154,7,0.605717332435184,0.4674659188564083,0.5307935710364268,0.6831169848006684
USDCOP,1,2025-09-09,VAR1,154,7,42.56120997801228,32.63138856270023,64.94818233602116,24.546281518847895
USDCOP,1,2025-09-09,ARHinc,154,7,0.5878879439390703,0.45722117749278995,0.4891280213408296,0.673883000275518
USDCOP,1,2025-09-09,KernelARH,154,7,0.5897248113772419,0.4567627178017579,0.49051105551872615,0.6752686269575183
USDCOP,5,2025-09-15,PM,154,8,0.9217346992325018,0.8143846153846155,1.2345006392258768,0.649073527507753
USDCOP,5,2025-09-15,PA,154,8,1.0414336787871319,0.8799475329450166,1.3360485661253647,0.8650218365146874
USDCOP,5,2025-09-15,VAR1,154,8,84.76017065476174,57.66978280745332,122.71257704991619,51.020757844154495
USDCOP,5,2025-09-15,ARHinc,154,8,0.8108886673870941,0.6760244162846278,0.9510641654938593,0.7488140334401048
USDCOP,5,2025-09-15,KernelARH,154,8,1.6107881331971852,1.387155098809326,2.1711830176899585,1.1953197994434024
USDCOP,10,2025-09-22,PM,154,8,1.0255019877713922,0.9485384615384614,1.2861937648826272,0.793641024040961
USDCOP,10,2025-09-22,PA,154,8,1.1239505524246918,0.9785782765046274,1.372630466100674,0.9667662338740547
USDCOP,10,2025-09-22,VAR1,154,8,59.29304230964713,40.45145875710687,84.70713942370281,35.6459204362112
USDCOP,10,2025-09-22,ARHinc,154,8,0.8840433090564297,0.7575438639326495,0.9848866901294996,0.829260531412192
USDCOP,10,2025-09-22,KernelARH,154,8,1.9536970380460434,1.7190479766415556,2.5998228991539416,1.462556137956431
USDCOP,1,2025-09-10,PM,154,7,0.43212834186865573,0.308846153846154,0.6916286195138445,0.2294443679231626
USDCOP,1,2025-09-10,PA,154,7,0.723319654285088,0.5655771935316117,0.8731154809044374,0.7048750707525749
USDCOP,1,2025-09-10,VAR1,154,7,23.94812995653015,17.931901978032794,36.76183413142349,13.245668774180125
USDCOP,1,2025-09-10,ARHinc,154,7,0.6675756526534063,0.5196586185063758,0.7393227185436212,0.6914726265837331
USDCOP,1,2025-09-10,KernelARH,154,7,0.6087924183061711,0.47416857285331165,0.5712197193916313,0.6780460294229502
USDCOP,5,2025-09-16,PM,154,8,0.7750861924774759,0.6815000000000003,1.0429603004526948,0.539235758660969
USDCOP,5,2025-09-16,PA,154,8,0.9108800928314013,0.7573978199099098,1.1344670688228606,0.7938821683017703
USDCOP,5,2025-09-16,VAR1,154,8,47.63182222243162,31.32130304937072,69.8996594521753,27.46102547184852
USDCOP,5,2025-09-16,ARHinc,154,8,0.7869382851823884,0.6474642799831443,0.9090570723967296,0.740521547506884
USDCOP,5,2025-09-16,KernelARH,154,8,0.9494311087910643,0.8012748108267203,1.1589936009544342,0.8302677275271703
USDCOP,10,2025-09-23,PM,154,8,0.8890382119502469,0.8115769230769229,1.1561054041622156,0.6594296958681699
USDCOP,10,2025-09-23,PA,154,8,1.0037898076502598,0.851046453486301,1.2397271031075872,0.8724029839826432
USDCOP,10,2025-09-23,VAR1,154,8,33.254878911154286,21.904380618159625,48.12587917703758,19.174198043522914
USDCOP,10,2025-09-23,ARHinc,154,8,0.8739364393413925,0.735804772133112,1.0108249062637427,0.8105773546215945
USDCOP,10,2025-09-23,KernelARH,154,8,1.958140286478041,1.718638838778118,2.6073023847102785,1.4566753584184506
USDCOP,1,2025-09-11,PM,154,7,0.2735697070499304,0.24553846153846168,0.24723666201407538,0.27463178504850366
USDCOP,1,2025-09-11,PA,154,7,0.5552121979600008,0.4128816705708026,0.4536946324714904,0.632211634410169
USDCOP,1,2025-09-11,VAR1,154,7,85.48557024668294,62.12606247113967,132.24175580059452,45.565962902074105
USDCOP,1,2025-09-11,ARHinc,154,7,0.5498386076779563,0.41804253608699576,0.4770010755057916,0.6131446159078162
USDCOP,1,2025-09-11,KernelARH,154,7,0.6959670223684339,0.5470298802410151,0.8451604430135949,0.6284085681269064
USDCOP,5,2025-09-17,PM,154,8,0.4259690310158892,0.37753846153846177,0.43130730712415755,0.3762577063519239
USDCOP,5,2025-09-17,PA,154,8,0.622430578431387,0.4737357385951028,0.5507485067213875,0.6860994137907989
USDCOP,5,2025-09-17,VAR1,154,8,153.0081928704041,97.57336529959035,229.2352878233518,83.98309048535549
USDCOP,5,2025-09-17,ARHinc,154,8,0.5563438210735665,0.4163127018325085,0.4620617820571095,0.6348745700448258
USDCOP,5,2025-09-17,KernelARH,154,8,0.6213823325286899,0.47378938618980887,0.5578232870016161,0.6816717844106505
USDCOP,10,2025-09-24,PM,154,8,0.5070159684937865,0.4658076923076923,0.4794694609134725,0.47742046969577506
USDCOP,10,2025-09-24,PA,154,8,0.6614697113819238,0.505784671091578,0.5364112067477295,0.7360998614438152
USDCOP,10,2025-09-24,VAR1,154,8,122.28728550773556,81.28536263395095,177.17284203580832,70.5569307424916
USDCOP,10,2025-09-24,ARHinc,154,8,0.602823857936995,0.46110456682687495,0.5196827831732502,0.6725118532877767
USDCOP,10,2025-09-24,KernelARH,154,8,0.7798850533479559,0.6454837681139821,0.7482959740455811,0.7995711309798531
USDCOP,1,2025-09-12,PM,154,7,0.21744771696981455,0.17988461538461534,0.3091399957873191,0.1714424861721086
USDCOP,1,2025-09-12,PA,154,7,0.4939821526766126,0.36413722191475656,0.48277329547595366,0.5511930145482973
USDCOP,1,2025-09-12,VAR1,154,7,47.611963368897854,34.003210539826334,73.65545576012872,24.946539877238457
USDCOP,1,2025-09-12,ARHinc,154,7,0.46780609845985255,0.35398788023253197,0.4056068639442355,0.5373696558579711
USDCOP,1,2025-09-12,KernelARH,154,7,0.4808650206926757,0.3668384548242358,0.4244954400616771,0.539726868794772
USDCOP,5,2025-09-18,PM,154,8,0.2804812142345035,0.208807692307692,0.39626443288689406,0.16712808640181123
USDCOP,5,2025-09-18,PA,154,8,0.5472056746508999,0.42135592763792173,0.5488432603443686,0.5979778277696036
USDCOP,5,2025-09-18,VAR1,154,8,84.50370564939304,53.39330763738692,126.05796366350172,46.335338744105194
USDCOP,5,2025-09-18,ARHinc,154,8,0.4991027712468309,0.37583362427968636,0.40752394713526724,0.5909348276040947
USDCOP,5,2025-09-18,KernelARH,154,8,0.5168045005750056,0.39316518696576636,0.4584419109127767,0.5928822654266847
USDCOP,10,2025-09-25,PM,154,8,0.22462565012105723,0.19892307692307684,0.28054299084590595,0.18407681064316517
USDCOP,10,2025-09-25,PA,154,8,0.5198051592620758,0.39807533131438916,0.42781329270865115,0.6067568390990173
USDCOP,10,2025-09-25,VAR1,154,8,56.75766860399799,37.28727318267318,82.23650712329082,32.83625789749131
USDCOP,10,2025-09-25,ARHinc,154,8,0.5808674829602757,0.45401988963018586,0.6462793299347054,0.6038095509011057
USDCOP,10,2025-09-25,KernelARH,154,8,0.5601855221728159,0.42306602324936765,0.4535042483483746,0.6428787537051518
USDCOP,1,2025-09-15,PM,154,7,0.13742637889206202,0.09053846153846154,0.13414873968657215,0.16918525111851054
USDCOP,1,2025-09-15,PA,154,7,0.5247774817294252,0.41100347845419866,0.4612015391184797,0.6070015248810395
USDCOP,1,2025-09-15,VAR1,154,7,103.94757104412122,72.95871840621034,160.8284340519537,53.87031280442505
USDCOP,1,2025-09-15,ARHinc,154,7,0.5520856925387234,0.4430420318969288,0.49866013325597824,0.6238985821939996
USDCOP,1,2025-09-15,KernelARH,154,7,0.5929486068436959,0.4853483029605211,0.5508540873779257,0.6606580334963504
USDCOP,5,2025-09-19,PM,154,8,0.19599426012003512,0.14173076923076913,0.22494217232540284,0.18062700198276677
USDCOP,5,2025-09-19,PA,154,8,0.523452124191908,0.4042958050927547,0.46224201439182044,0.6056237769973407
USDCOP,5,2025-09-19,VAR1,154,8,147.5537389842317,92.70910241100438,222.00305283938758,79.3823831055466
USDCOP,5,2025-09-19,ARHinc,154,8,0.5381668080093059,0.4157485959896367,0.4738791421954167,0.6234830025472846
USDCOP,5,2025-09-19,KernelARH,154,8,0.5214214971746277,0.4024074511512554,0.4491719587422949,0.6094726104346074
USDCOP,10,2025-09-26,PM,154,8,0.324204573948658,0.21469230769230788,0.535755679396355,0.2022569636805945
USDCOP,10,2025-09-26,PA,154,8,0.5615206461667024,0.4375981893121348,0.5818921802834929,0.6101926499754712
USDCOP,10,2025-09-26,VAR1,154,8,105.2899583383606,69.84335241702527,152.7657865769395,61.25069354464673
USDCOP,10,2025-09-26,ARHinc,154,8,0.6443590249756507,0.5043979052172228,0.789421463684598,0.6325959222543313
USDCOP,10,2025-09-26,KernelARH,154,8,0.5516835386756477,0.42826436523444855,0.5324798100621082,0.6115731133188972
USDCOP,1,2025-09-16,PM,154,7,0.06768812814894269,0.052423076923076954,0.09718100440134816,0.04552544943167553
USDCOP,1,2025-09-16,PA,154,7,0.5028030382943803,0.37976519413543397,0.4097013164738257,0.5935213775814305
USDCOP,1,2025-09-16,VAR1,154,7,119.51007424110378,83.30653836448455,184.42134992768044,61.91773883622196
USDCOP,1,2025-09-16,ARHinc,154,7,0.5143524822477977,0.3909001546993228,0.4532822970971688,0.5955569466853682
USDCOP,1,2025-09-16,KernelARH,154,7,0.517815341892794,0.3992140031571103,0.4407485096203627,0.5999032631506711
USDCOP,5,2025-09-22,PM,154,8,0.16279662276784304,0.14619230769230765,0.1370495722471691,0.1808620494702038
USDCOP,5,2025-09-22,PA,154,8,0.4990085291210307,0.3877422976377812,0.40976930790870914,0.5911395845080082
USDCOP,5,2025-09-22,VAR1,154,8,143.75870125810192,92.1628783636939,214.81559992108936,78.2973011397095
USDCOP,5,2025-09-22,ARHinc,154,8,0.520145559322542,0.40566286403686225,0.46450917264330227,0.5994733087926517
USDCOP,5,2025-09-22,KernelARH,154,8,0.4901484013824087,0.3815481939011851,0.4015759354540714,0.5782183536466805
USDCOP,10,2025-09-29,PM,154,8,0.36911868791654373,0.27446153846153837,0.6073124142721408,0.2311722931499492
USDCOP,10,2025-09-29,PA,154,8,0.5720766106298988,0.4604397140239278,0.608764326956191,0.6073236036177747
USDCOP,10,2025-09-29,VAR1,154,8,96.87085506927771,65.45469689808203,139.1070249335421,57.57179569359118
USDCOP,10,2025-09-29,ARHinc,154,8,0.5424266366312782,0.43144135330178623,0.5114230105492017,0.6076493843816754
USDCOP,10,2025-09-29,KernelARH,154,8,0.5648187814259752,0.4533420634621709,0.5940672906289585,0.6000826200421023
USDCOP,1,2025-09-17,PM,154,7,0.0672684775873744,0.04930769230769246,0.09604744035023531,0.04889935339310576
USDCOP,1,2025-09-17,PA,154,7,0.4913702251823468,0.3763176464711642,0.3979426315399095,0.5838314185505502
USDCOP,1,2025-09-17,VAR1,154,7,92.13734655960363,64.51097727641309,141.81421035124453,47.9889007702319
USDCOP,1,2025-09-17,ARHinc,154,7,0.492614646247802,0.37828077631644386,0.4020594916349042,0.5834079605838391
USDCOP,1,2025-09-17,KernelARH,154,7,0.5016530565441705,0.39087910639665735,0.4198511374336165,0.586974839004991
USDCOP,5,2025-09-23,PM,154,8,0.14021772218726333,0.13176923076923058,0.1394735083265534,0.14143956187420348
USDCOP,5,2025-09-23,PA,154,8,0.5056400045670693,0.39561535659553365,0.42735242562674436,0.5967527401129442
USDCOP,5,2025-09-23,VAR1,154,8,117.9722288727265,75.684890054171035,176.21890936848914,64.21946450270214
USDCOP,5,2025-09-23,ARHinc,154,8,0.4990519454786617,0.391008082967941,0.41375933079958255,0.5920453798974704
USDCOP,5,2025-09-23,KernelARH,154,8,0.49575384925280247,0.38660206638547645,0.40593209923977985,0.5884012987015118
USDCOP,10,2025-09-30,PM,154,8,0.27035864712807534,0.20315384615384627,0.43469288708796894,0.17264299506564598
USDCOP,10,2025-09-30,PA,154,8,0.536742779693262,0.43453107051100504,0.5121519854489512,0.6029414759007387
USDCOP,10,2025-09-30,VAR1,154,8,75.56550898419192,51.290571211305135,107.85675246631756,45.50172837563709
USDCOP,10,2025-09-30,ARHinc,154,8,0.544171492662284,0.4421678110660403,0.5398578325133762,0.6007253455323182
USDCOP,10,2025-09-30,KernelARH,154,8,0.5397958189367411,0.4351554882333891,0.5197135384190772,0.6017571233250614
USDCOP,1,2025-09-18,PM,154,7,0.10169713709002669,0.07234615384615396,0.1536312119625245,0.05854656551121731
USDCOP,1,2025-09-18,PA,154,7,0.49520086267560537,0.37605309603189846,0.423633212112263,0.5813122103634387
USDCOP,1,2025-09-18,VAR1,154,7,73.36564900296052,52.03313642268093,111.7219885671202,38.83511753705849
USDCOP,1,2025-09-18,ARHinc,154,7,0.4934947864483073,0.3728132048106105,0.4173237518036304,0.5810207639535891
USDCOP,1,2025-09-18,KernelARH,154,7,0.4918087848732117,0.3690844473793067,0.4056949417744411,0.5826480270561699
USDCOP,5,2025-09-24,PM,154,8,0.13646251950909166,0.11896153846153848,0.17211647966244314,0.11797905878924445
USDCOP,5,2025-09-24,PA,154,8,0.48428618556888925,0.37686521250523974,0.38036759501686224,0.5805970791383248
USDCOP,5,2025-09-24,VAR1,154,8,88.76470620850917,57.02406399364091,132.10561088337863,48.76118612591759
USDCOP,5,2025-09-24,ARHinc,154,8,0.4878018668300546,0.3830212818060831,0.39841610548929546,0.5795906679207614
USDCOP,5,2025-09-24,KernelARH,154,8,0.4937125115351477,0.3844718116468925,0.3917120194298228,0.5876030463436879
USDCOP,10,2025-10-01,PM,154,8,0.15493996976496796,0.11346153846153847,0.21695677810997938,0.09435101383862432
USDCOP,10,2025-10-01,PA,154,8,0.493983869273145,0.3830147821059349,0.3956902554578739,0.5851845751587558
USDCOP,10,2025-10-01,VAR1,154,8,55.80695216561707,38.841048236556475,77.64421603841048,35.55475864084009
USDCOP,10,2025-10-01,ARHinc,154,8,0.49811679698431544,0.39162665391461693,0.41388948960390687,0.5851346300197392
USDCOP,10,2025-10-01,KernelARH,154,8,0.503001782320189,0.38804136818802365,0.4041958498643675,0.5911762512072705
USDCOP,1,2025-09-19,PM,154,7,0.08117733436978967,0.06742307692307717,0.11310230954383788,0.05196710739529304
USDCOP,1,2025-09-19,PA,154,7,0.5072021175691791,0.3927651362267579,0.44134448580768976,0.5885486624599644
USDCOP,1,2025-09-19,VAR1,154,7,120.02106675257501,84.85212648166174,182.72005192696722,63.53689630165816
USDCOP,1,2025-09-19,ARHinc,154,7,0.5074265987437147,0.39312224121625355,0.44180931329642215,0.5886562058242188
USDCOP,1,2025-09-19,KernelARH,154,7,0.5074382935602386,0.39238032743174617,0.440974070639337,0.5887673486225578
USDCOP,5,2025-09-25,PM,154,8,0.2946641667285761,0.18765384615384623,0.49844666331767074,0.14826887425957178
USDCOP,5,2025-09-25,PA,154,8,0.5519498693658537,0.44543449453975964,0.5773004452019564,0.5970293639505635
USDCOP,5,2025-09-25,VAR1,154,8,128.71458224103034,82.81027637202074,191.0878208767204,71.00440332934691
USDCOP,5,2025-09-25,ARHinc,154,8,0.5379104551417504,0.4333294569045306,0.5359874767675483,0.5957994814424159
USDCOP,5,2025-09-25,KernelARH,154,8,0.543475930699778,0.4363888695159553,0.5582609830677016,0.5933434178761977
USDCOP,10,2025-10-02,PM,154,8,0.268167212474146,0.18484615384615402,0.45278424990348376,0.14477469974925644
USDCOP,10,2025-10-02,PA,154,8,0.5245355108371927,0.4207989334260977,0.5168004897809626,0.5882729913293953
USDCOP,10,2025-10-02,VAR1,154,8,79.90758794624128,56.014135451772965,110.5815841740444,51.4419906138915
USDCOP,10,2025-10-02,ARHinc,154,8,0.5149129804794983,0.4104599990468653,0.4807590726762516,0.5884476103813552
USDCOP,10,2025-10-02,KernelARH,154,8,0.5125853686196085,0.4041040578355213,0.4683066346998541,0.588098535436611
USDCOP,1,2025-09-22,PM,154,7,0.11722881963854355,0.09342307692307697,0.11112312113406712,0.1346334578658448
USDCOP,1,2025-09-22,PA,154,7,0.4873900195994399,0.3811264134811731,0.4004833573373611,0.5760897166702419
USDCOP,1,2025-09-22,VAR1,154,7,110.45777536399036,77.93608923868281,167.99443030892238,58.64113137752868
USDCOP,1,2025-09-22,ARHinc,154,7,0.48908021582576267,0.3841938231376146,0.40571217898900996,0.5748539446702006
USDCOP,1,2025-09-22,KernelARH,154,7,0.4910718337425372,0.3864769570250928,0.4133123130629614,0.5734107351512086
USDCOP,5,2025-09-26,PM,154,8,0.3141945593956811,0.1719230769230768,0.5588773158869309,0.137686366805448
USDCOP,5,2025-09-26,PA,154,8,0.5592437073351496,0.4497719347818998,0.6072840449785076,0.5964572971154848
USDCOP,5,2025-09-26,VAR1,154,8,109.19591037330416,70.9708117236417,161.4726396077296,60.807777311393885
USDCOP,5,2025-09-26,ARHinc,154,8,0.578709271302137,0.463867333237412,0.6592881512808949,0.5987018601482219
USDCOP,5,2025-09-26,KernelARH,154,8,0.5688649739725925,0.45692348223595797,0.6327951218931778,0.5976643725360464
USDCOP,10,2025-10-03,PM,154,8,0.25843566004832896,0.18596153846153848,0.4177878124310537,0.15680791127076718
USDCOP,10,2025-10-03,PA,154,8,0.5263677423602865,0.425555336570216,0.47977881569423986,0.6022014521448014
USDCOP,10,2025-10-03,VAR1,154,8,69.7866610664217,48.910469676437266,96.48687647229399,44.981537338341305
USDCOP,10,2025-10-03,ARHinc,154,8,0.5381303959725283,0.4375708544687009,0.5227382321852588,0.601030552642351
USDCOP,10,2025-10-03,KernelARH,154,8,0.5270868499024755,0.4211546051943634,0.45502935071768263,0.6083908282852184
USDCOP,1,2025-09-23,PM,154,7,0.05498295190329472,0.048769230769230856,0.06345064452456536,0.05330798075226857
USDCOP,1,2025-09-23,PA,154,7,0.49099923150029084,0.38489511383762987,0.41227294701972095,0.5818049954439868
USDCOP,1,2025-09-23,VAR1,154,7,105.40895833246378,73.84900035128882,160.52858936759807,55.84357956116587
USDCOP,1,2025-09-23,ARHinc,154,7,0.48890821963470316,0.378048904283941,0.40581338362923586,0.580947804609587
USDCOP,1,2025-09-23,KernelARH,154,7,0.4883424285201752,0.38028385931773623,0.40066091715291596,0.5805489163228053
USDCOP,5,2025-09-29,PM,154,8,0.3394706002904205,0.17550000000000016,0.5849200394014443,0.14663849602599757
USDCOP,5,2025-09-29,PA,154,8,0.5625935483786588,0.45920498838489754,0.6273568488888983,0.579495006972616
USDCOP,5,2025-09-29,VAR1,154,8,107.33989398565197,70.46477446540723,158.29126984132859,60.35899319080343
USDCOP,5,2025-09-29,ARHinc,154,8,0.6080496133323776,0.49361713706079036,0.7300261983075674,0.5890258076688775
USDCOP,5,2025-09-29,KernelARH,154,8,0.5761272383625543,0.47050337300539025,0.6470679886603634,0.5906773570589462
USDCOP,10,2025-10-06,PM,154,8,0.2175232083108517,0.14049999999999996,0.34176262171603033,0.11698393114816502
USDCOP,10,2025-10-06,PA,154,8,0.5034539853695638,0.39851622860656144,0.4489631131398507,0.5758357366944261
USDCOP,10,2025-10-06,VAR1,154,8,71.88538385178629,49.58615381107302,100.46801353481614,45.50946637151447
USDCOP,10,2025-10-06,ARHinc,154,8,0.535203651919025,0.4235963556478742,0.5298126079019879,0.5836955736433361
USDCOP,10,2025-10-06,KernelARH,154,8,0.5024978698885362,0.3983209104623094,0.42893823105807893,0.5806227139320563
USDCOP,1,2025-09-24,PM,154,7,0.16887039864482345,0.08907692307692301,0.29623534717851563,0.07369856250340957
USDCOP,1,2025-09-24,PA,154,7,0.4909269824581906,0.38832199394356265,0.4246504728841214,0.5736798104519256
USDCOP,1,2025-09-24,VAR1,154,7,109.41168520920198,76.28812814628121,166.76220622202135,57.82072873081566
USDCOP,1,2025-09-24,ARHinc,154,7,0.4934948209805927,0.39096152577284127,0.4321341682838395,0.5743390762456563
USDCOP,1,2025-09-24,KernelARH,154,7,0.5024426382849059,0.40026336616805563,0.45775612307910124,0.5757308964968061
USDCOP,5,2025-09-30,PM,154,8,0.30204256577254407,0.15369230769230785,0.5203681767960764,0.13215561280415988
USDCOP,5,2025-09-30,PA,154,8,0.5453816351921832,0.4426117906437231,0.5610941090238204,0.5908557646264011
USDCOP,5,2025-09-30,VAR1,154,8,114.15278319065838,74.67560212171789,168.6804764306869,63.79136481065181
USDCOP,5,2025-09-30,ARHinc,154,8,0.5433889083668818,0.441076330601928,0.5560158983103762,0.5905507545768796
USDCOP,5,2025-09-30,KernelARH,154,8,0.5540600204854894,0.45190993889486636,0.5771980513086982,0.5960967078569934
USDCOP,10,2025-10-07,PM,154,8,0.1749736243859892,0.12630769230769212,0.2517394016835585,0.10426502136990705
USDCOP,10,2025-10-07,PA,154,8,0.5127497569274058,0.40100778978548207,0.4466432467184369,0.5907409259819228
USDCOP,10,2025-10-07,VAR1,154,8,78.3067122603036,53.708802347462075,109.74850381570077,49.09272616832916
USDCOP,10,2025-10-07,ARHinc,154,8,0.5121410977324464,0.40003391128662413,0.4440263422353743,0.5914056109944138
USDCOP,10,2025-10-07,KernelARH,154,8,0.508463506210908,0.3997223787792359,0.42317950733946214,0.5925462221753481
USDCOP,1,2025-09-25,PM,154,7,0.13927853250011135,0.0971538461538462,0.23126020219380852,0.0745991175329871
USDCOP,1,2025-09-25,PA,154,7,0.5016010780173957,0.39182948948850915,0.43833976425306465,0.584313538508446
USDCOP,1,2025-09-25,VAR1,154,7,20.831196496402836,14.6002588107279,31.640616529207644,11.116084876057458
USDCOP,1,2025-09-25,ARHinc,154,7,0.49880815528963146,0.3903418775471474,0.43098432018229704,0.5832176953402745
USDCOP,1,2025-09-25,KernelARH,154,7,0.5413743329036869,0.4299795290474801,0.5373170025759553,0.5962971506394902
USDCOP,5,2025-10-01,PM,154,8,0.10252790426925808,0.08857692307692304,0.09636016248387241,0.10861358709856678
USDCOP,5,2025-10-01,PA,154,8,0.4877664933732972,0.37161651890796205,0.3775648330307753,0.588150068656862
USDCOP,5,2025-10-01,VAR1,154,8,20.923708954530046,14.346293403739441,29.5574694437493,13.04038939395388
USDCOP,5,2025-10-01,ARHinc,154,8,0.48661872073575263,0.36945317622449836,0.37731668305635735,0.5861486133848147
USDCOP,5,2025-10-01,KernelARH,154,8,0.5088116335518819,0.4005190340030567,0.4479889521403691,0.5889042603856792
USDCOP,10,2025-10-08,PM,154,8,0.10785451383157847,0.08938461538461533,0.1465263367945906,0.08029530255367952
USDCOP,10,2025-10-08,PA,154,8,0.486398509322304,0.3849257833696812,0.4058040894925043,0.5764814308484697
USDCOP,10,2025-10-08,VAR1,154,8,15.949043763233647,12.114616389240515,20.207637834708965,12.014783141071208
USDCOP,10,2025-10-08,ARHinc,154,8,0.48823644534825833,0.38658714208985084,0.40848942793339077,0.578160659831529
USDCOP,10,2025-10-08,KernelARH,154,8,0.5070905168293236,0.3999290200037883,0.4120495243312151,0.5963523402702747
USDCOP,1,2025-09-26,PM,154,7,0.06372906896204618,0.04869230769230775,0.07809259554091573,0.04303627190099553
USDCOP,1,2025-09-26,PA,154,7,0.4950296935958312,0.3869445013122381,0.4015102818143289,0.5855983489397382
USDCOP,1,2025-09-26,VAR1,154,7,42.81375102780343,29.973143944185395,65.25201027028506,22.68069430089792
USDCOP,1,2025-09-26,ARHinc,154,7,0.49849156913813825,0.3901453684049056,0.40487865673109985,0.5870530772334407
USDCOP,1,2025-09-26,KernelARH,154,7,0.4957656514708896,0.38874012345357334,0.41170064128536615,0.5857346050027068
USDCOP,5,2025-10-02,PM,154,8,0.09692607214541638,0.06165384615384621,0.127403579944656,0.060225880874129126
USDCOP,5,2025-10-02,PA,154,8,0.47912806452590634,0.37104023917020273,0.37439922723313407,0.5750049726306512
USDCOP,5,2025-10-02,VAR1,154,8,50.069335323273414,32.46762719338103,74.4571459040303,27.761249297579845
USDCOP,5,2025-10-02,ARHinc,154,8,0.4933070380294119,0.38471481900482013,0.404329935093439,0.5802035826606706
USDCOP,5,2025-10-02,KernelARH,154,8,0.49857098581460146,0.39363824718778284,0.45112420036539674,0.5780862753644622
USDCOP,10,2025-10-09,PM,154,8,0.17707926842996696,0.11226923076923088,0.30166475176913815,0.09287571703521112
USDCOP,10,2025-10-09,PA,154,8,0.5084492707012654,0.40888398360910183,0.4734191259542364,0.5834512957529576
USDCOP,10,2025-10-09,VAR1,154,8,30.354865178599766,20.11417139212371,44.157338033825454,17.596638286417953
USDCOP,10,2025-10-09,ARHinc,154,8,0.5308043288570202,0.42751896704388437,0.526367641122174,0.5921794036601838
USDCOP,10,2025-10-09,KernelARH,154,8,0.5092975669265042,0.39905865835280285,0.417381278896724,0.5976433384509365
USDCOP,1,2025-09-29,PM,154,7,0.14757022448260396,0.09607692307692305,0.1793247158714111,0.11589214013089756
USDCOP,1,2025-09-29,PA,154,7,0.4795837933211742,0.3779935603583508,0.3857958023542646,0.5695832728845259
USDCOP,1,2025-09-29,VAR1,154,7,87.20018606030317,60.88622335233739,132.80669794176302,46.30002139633379
USDCOP,1,2025-09-29,ARHinc,154,7,0.4811370357531088,0.38093676663960335,0.39330893822147434,0.5684896104167035
USDCOP,1,2025-09-29,KernelARH,154,7,0.49153111565044655,0.39229181031964394,0.42585901228980283,0.5699805628323045
USDCOP,5,2025-10-03,PM,154,8,0.13059074357584566,0.0979999999999998,0.19691723082704787,0.08343348365304214
USDCOP,5,2025-10-03,PA,154,8,0.4976844562476015,0.39201497041235117,0.40094000773242133,0.5909122775883338
USDCOP,5,2025-10-03,VAR1,154,8,96.86283619081155,62.97152803416484,143.88908808821617,53.68054000396666
USDCOP,5,2025-10-03,ARHinc,154,8,0.4942013860609466,0.38997322718132865,0.39233150743765577,0.5893587272897093
USDCOP,5,2025-10-03,KernelARH,154,8,0.5058306496969797,0.4056563744513353,0.4193439007939454,0.5946332233927617
USDCOP,10,2025-10-10,PM,154,8,0.17475436057066354,0.13507692307692298,0.17988083634755636,0.17154759210371162
USDCOP,10,2025-10-10,PA,154,8,0.4376665301957814,0.33474710980450684,0.34772344983867726,0.5250124657545467
USDCOP,10,2025-10-10,VAR1,154,8,59.05466841731507,39.34853696276164,85.73049815816945,34.23220543275048
USDCOP,10,2025-10-10,ARHinc,154,8,0.437368082151651,0.33729586718746946,0.3498664985659723,0.522990805514299
USDCOP,10,2025-10-10,KernelARH,154,8,0.476623294387308,0.37059726865261916,0.4088007535635533,0.5519075857417678
USDCOP,1,2025-09-30,PM,154,7,0.08954398360582354,0.057230769230769224,0.13808910079325482,0.05821936143868437
USDCOP,1,2025-09-30,PA,154,7,0.4841491501112727,0.38283271573430294,0.38150659773493995,0.5800211732983589
USDCOP,1,2025-09-30,VAR1,154,7,74.29559461124381,51.86198093097794,113.25638747159387,39.40588391673942
USDCOP,1,2025-09-30,ARHinc,154,7,0.4847056219757541,0.38109948512990455,0.3846917471717385,0.579659683435546
USDCOP,1,2025-09-30,KernelARH,154,7,0.482271937128892,0.3720605832095923,0.37123267969523754,0.5802573416902883
USDCOP,5,2025-10-06,PM,154,8,0.1645763792753523,0.11130769230769239,0.27462642181233443,0.09121609975844511
USDCOP,5,2025-10-06,PA,154,8,0.4868676926812526,0.37493709079497983,0.4281604047127209,0.5703648514208343
USDCOP,5,2025-10-06,VAR1,154,8,85.09203997801828,55.22588820835956,126.63223610848561,47.04433422903416
USDCOP,5,2025-10-06,ARHinc,154,8,0.48435353463150893,0.3713284921057904,0.42327888179229683,0.5689733830466193
USDCOP,5,2025-10-06,KernelARH,154,8,0.4721020463475525,0.36399409645336395,0.37115597667756123,0.5663303480875236
USDCOP,10,2025-10-13,PM,154,8,0.1730320668368906,0.15869230769230772,0.20590019751497488,0.14990358917889374
USDCOP,10,2025-10-13,PA,154,8,0.5075437432588156,0.40144340137514534,0.4264214187097869,0.5907365744011934
USDCOP,10,2025-10-13,VAR1,154,8,53.619539810893315,35.523589697919846,78.06244293499708,30.869817536610658
USDCOP,10,2025-10-13,ARHinc,154,8,0.5093773809116773,0.4039978500063535,0.43054286601713393,0.5900737340596033
USDCOP,10,2025-10-13,KernelARH,154,8,0.5208682467392911,0.41717590423924505,0.4780086726607905,0.5828389500357897
USDCOP,1,2025-10-01,PM,154,7,0.1497332564159449,0.12384615384615394,0.21480702175705185,0.11820507738664554
USDCOP,1,2025-10-01,PA,154,7,0.5006265820716173,0.38280932824318525,0.422165373705058,0.5902264870604724
USDCOP,1,2025-10-01,VAR1,154,7,33.44346431399779,23.39437635966292,51.03945604204454,17.71637850000947
USDCOP,1,2025-10-01,ARHinc,154,7,0.5025123918961403,0.38640232050140927,0.42440734801333707,0.5926009192742988
USDCOP,1,2025-10-01,KernelARH,154,7,0.4967934292248974,0.37786755699485597,0.41451861550275887,0.5875297865962794
USDCOP,5,2025-10-07,PM,154,8,0.18079737915050745,0.10269230769230767,0.3203947545716923,0.0954194780891264
USDCOP,5,2025-10-07,PA,154,8,0.5075230424457972,0.39320577694699677,0.47391401752438284,0.5867832836723998
USDCOP,5,2025-10-07,VAR1,154,8,40.88812972780659,26.36317807600422,60.94622381681768,22.62063138120143
USDCOP,5,2025-10-07,ARHinc,154,8,0.5075276190038103,0.3915896325619484,0.4711115878265881,0.5882229152950509
USDCOP,5,2025-10-07,KernelARH,154,8,0.5150330120306853,0.4028774118153641,0.47071975068633976,0.5912245231790083
USDCOP,10,2025-10-14,PM,154,8,0.12245839167777646,0.0959230769230769,0.156198692838338,0.08563285508647932
USDCOP,10,2025-10-14,PA,154,8,0.4835023711125776,0.3794678242859491,0.3939168509622435,0.5679971761559406
USDCOP,10,2025-10-14,VAR1,154,8,26.111324258055895,17.257946651765607,37.949942349097206,15.194272219691568
USDCOP,10,2025-10-14,ARHinc,154,8,0.4848270002549973,0.379895438937447,0.39588193782894726,0.568568887334348
USDCOP,10,2025-10-14,KernelARH,154,8,0.6916103407094211,0.5539797997165821,0.6872785902326408,0.7196089265862633
USDCOP,1,2025-10-02,PM,154,7,0.11551286142177483,0.08330769230769237,0.18285620884858506,0.08056651173097219
USDCOP,1,2025-10-02,PA,154,7,0.4818371144926126,0.37078466114711867,0.3926275550021367,0.5767051514666334
USDCOP,1,2025-10-02,VAR1,154,7,3.808632607118167,2.814065497970739,5.757251017638618,2.1399546179709303
USDCOP,1,2025-10-02,ARHinc,154,7,0.4811654269644119,0.3722681297516614,0.391174546066456,0.576036376229275
USDCOP,1,2025-10-02,KernelARH,154,7,0.5064819905903737,0.39016777230984673,0.4095154691321459,0.5946914679396939
USDCOP,5,2025-10-08,PM,154,8,0.15381479247658647,0.1329230769230768,0.17471176547865894,0.16030286235805524
USDCOP,5,2025-10-08,PA,154,8,0.4974600611357567,0.3867882317238356,0.4119111572166244,0.5925519494294643
USDCOP,5,2025-10-08,VAR1,154,8,7.067293960842011,5.7528228185045505,8.794482820308769,5.550306729662837
USDCOP,5,2025-10-08,ARHinc,154,8,0.5040363790219489,0.39794694538788755,0.4324118185356235,0.5951147382454144
USDCOP,5,2025-10-08,KernelARH,154,8,0.6549645433936166,0.5197922306053373,0.6596446523539782,0.6882262851076768
USDCOP,10,2025-10-15,PM,154,8,0.19172220488549005,0.14738461538461525,0.25434240702309585,0.12071245673821364
USDCOP,10,2025-10-15,PA,154,8,0.5207610358704834,0.42294034188012175,0.4505665832565975,0.5949711952527719
USDCOP,10,2025-10-15,VAR1,154,8,6.033089411562411,5.03692808766514,4.917324251749462,6.044790664023444
USDCOP,10,2025-10-15,ARHinc,154,8,0.50489003778164665,0.4030739313688336,0.4170677523943812,0.5902956344225658
USDCOP,10,2025-10-15,KernelARH,154,8,1.6034297261102541,1.4203182137619406,2.032112777366611,1.2794759622011556
USDCOP,1,2025-10-03,PM,154,7,0.08625431984722672,0.06919230769230772,0.10705822796479732,0.0738534448488453
USDCOP,1,2025-10-03,PA,154,7,0.4898822148717918,0.3874819081981041,0.37511149850952774,0.589456087224514
USDCOP,1,2025-10-03,VAR1,154,7,66.75773067848374,46.708624813848296,101.79411905738765,35.36842379479668
USDCOP,1,2025-10-03,ARHinc,154,7,0.4911836913310531,0.3860281053580023,0.3777774164968714,0.5902520285342484
USDCOP,1,2025-10-03,KernelARH,154,7,0.49639847798468917,0.3828615525847181,0.3937928622712392,0.5927024171944912
USDCOP,5,2025-10-09,PM,154,8,0.15536959657044075,0.08557692307692305,0.274407842819593,0.07996776476131932
USDCOP,5,2025-10-09,PA,154,8,0.4948969983274698,0.38959034296515727,0.4288837108626748,0.581015395689748
USDCOP,5,2025-10-09,VAR1,154,8,78.37245684915727,50.7914620148503,116.4909650595035,43.46280032851585
USDCOP,5,2025-10-09,ARHinc,154,8,0.4943884272513393,0.3866762452000528,0.4254407510029989,0.5814472725982215
USDCOP,5,2025-10-09,KernelARH,154,8,0.49932418140623974,0.394169559252797,0.4193847648480235,0.5825673927744748
USDCOP,10,2025-10-16,PM,154,8,0.21330064102467786,0.16873076923076935,0.2787493552538989,0.14182610109580351
USDCOP,10,2025-10-16,PA,154,8,0.530978460371498,0.4221721552902732,0.47908582194529714,0.5997717963037126
USDCOP,10,2025-10-16,VAR1,154,8,47.609426282773036,31.86291827122175,69.14054322301274,27.577532527421795
USDCOP,10,2025-10-16,ARHinc,154,8,0.5334596100651088,0.4262003518958959,0.4848656072168413,0.5999648136650007
USDCOP,10,2025-10-16,KernelARH,154,8,0.5186314982526693,0.40894449543397987,0.47182952684666296,0.5904443193537057
USDCOP,1,2025-10-06,PM,154,7,0.11537084853769469,0.0832692307692308,0.13772502791844954,0.08207206428424157
USDCOP,1,2025-10-06,PA,154,7,0.4729794173636948,0.36310165370457964,0.37253351784370026,0.5674874680632755
USDCOP,1,2025-10-06,VAR1,154,7,52.63510380708191,36.89214315628878,80.25338612650708,27.93318320413078
USDCOP,1,2025-10-06,ARHinc,154,7,0.47855452580561086,0.36802863545306963,0.37981624844528056,0.5702075775635397
USDCOP,1,2025-10-06,KernelARH,154,7,0.4809772907035245,0.37057016914535307,0.38583861467862207,0.5706626495608983
USDCOP,5,2025-10-10,PM,154,8,0.19413429630026735,0.1563461538461538,0.2364493719574538,0.16308640310185438
USDCOP,5,2025-10-10,PA,154,8,0.45094958508104166,0.3583631001605837,0.3865734583733411,0.5237198593299798
USDCOP,5,2025-10-10,VAR1,154,8,63.88758604193342,41.375786421701385,94.75974441768467,35.57677647759837
USDCOP,5,2025-10-10,ARHinc,154,8,0.47635091258437207,0.38654276780502683,0.4485928008489751,0.5288325853192057
USDCOP,5,2025-10-10,KernelARH,154,8,0.4616792272351538,0.36467974732454456,0.421705827524559,0.5270779769082806
USDCOP,10,2025-10-17,PM,154,8,1.3188109810909803,0.9934230769230772,2.0504081179623483,0.711627647594894
USDCOP,10,2025-10-17,PA,154,8,1.3908316752519014,1.1102990731619744,2.0661660050604858,0.9111404741492871
USDCOP,10,2025-10-17,VAR1,154,8,38.62547404790374,25.981450771967616,55.88503692101754,22.485434059259276
USDCOP,10,2025-10-17,ARHinc,154,8,1.4660928172617558,1.1710889767474608,2.1813350146962556,0.9500723530489891
USDCOP,10,2025-10-17,KernelARH,154,8,1.1391553513443542,0.8487063240448164,1.7427528035790425,0.7532682727663932
USDCOP,1,2025-10-07,PM,154,7,0.10330244058476665,0.06053846153846162,0.17734289693236935,0.0607578621898739
USDCOP,1,2025-10-07,PA,154,7,0.4949307281817286,0.3800737309096512,0.4284555264220583,0.583636399386662
USDCOP,1,2025-10-07,VAR1,154,7,10.7306044790424,7.519704436959566,16.195779299664824,5.807079467389481
USDCOP,1,2025-10-07,ARHinc,154,7,0.4999655496340928,0.3884945515766854,0.45127325113188993,0.5834861136563643
USDCOP,1,2025-10-07,KernelARH,154,7,0.4962693838557386,0.3850292662223158,0.4286034691765221,0.5837703252425605
USDCOP,5,2025-10-13,PM,154,8,0.22421379735216324,0.17742307692307685,0.3147294909421908,0.13681890158622034
USDCOP,5,2025-10-13,PA,154,8,0.5392137768544798,0.4273875461877377,0.5078554386044535,0.5910230583948299
USDCOP,5,2025-10-13,VAR1,154,8,14.281692688124645,10.266230855014804,19.62645583347581,9.445440128328064
USDCOP,5,2025-10-13,ARHinc,154,8,0.5127737773168723,0.40570846407168726,0.45217043822146347,0.5823111208903148
USDCOP,5,2025-10-13,KernelARH,154,8,0.5038743017106285,0.3971492858427738,0.41874710789665076,0.5865796648201311
USDCOP,10,2025-10-20,PM,154,8,1.4604095019759147,1.0767692307692307,2.2609606761409284,0.7732002286369943
USDCOP,10,2025-10-20,PA,154,8,1.5388273033666775,1.2005360176629891,2.2887645716590446,0.9505990214307548
USDCOP,10,2025-10-20,VAR1,154,8,15.705293209774265,11.862376317181015,20.485373211417638,11.284519287426903
USDCOP,10,2025-10-20,ARHinc,154,8,1.4690818452540089,1.1470397880019765,2.178940302157423,0.9161991525909069
USDCOP,10,2025-10-20,KernelARH,154,8,0.7466965872489139,0.6023721870002915,0.8420845383574183,0.7450825533904357
USDCOP,1,2025-10-08,PM,154,7,0.10100790144264037,0.08534615384615382,0.07483921918251935,0.11956294267276556
USDCOP,1,2025-10-08,PA,154,7,0.4917165383683673,0.3851613242425896,0.4075877287930798,0.5838060262009119
USDCOP,1,2025-10-08,VAR1,154,7,34.914205703876405,24.405546569712556,53.071122252261766,18.613633821369167
USDCOP,1,2025-10-08,ARHinc,154,7,0.490854573494793,0.385152856362289,0.4070517414640624,0.5827109866215056
USDCOP,1,2025-10-08,KernelARH,154,7,0.5007485650948498,0.3920572633945674,0.41514119479563955,0.5919754076916925
USDCOP,5,2025-10-14,PM,154,8,0.19999350951006845,0.14780769230769217,0.30294785440820365,0.12223653415217296
USDCOP,5,2025-10-14,PA,154,8,0.5127276319361442,0.4117789873229236,0.4576053043446254,0.5774818036903171
USDCOP,5,2025-10-14,VAR1,154,8,40.29381333475675,26.4603151069915,58.976053370651606,23.196076192182854
USDCOP,5,2025-10-14,ARHinc,154,8,0.5101977553743303,0.4092942885647794,0.4526318801975797,0.5762610996470572
USDCOP,5,2025-10-14,KernelARH,154,8,0.49232798068930683,0.39187735850557254,0.39930079198245894,0.578905917595886
USDCOP,10,2025-10-21,PM,154,8,1.5340152660708635,1.107653846153846,2.3934919337828893,0.7957162552232971
USDCOP,10,2025-10-21,PA,154,8,1.606619837959196,1.2440870260152141,2.383224810866978,0.9882613055365085
USDCOP,10,2025-10-21,VAR1,154,8,31.23732172477124,21.488401203530074,43.66351677189627,19.897761536820084
USDCOP,10,2025-10-21,ARHinc,154,8,1.6012717441894542,1.2408015483548638,2.3744943730062977,0.9867219388272109
USDCOP,10,2025-10-21,KernelARH,154,8,1.146694690598349,0.8565851835016554,1.7035337274982474,0.7635582504432334
USDCOP,1,2025-10-09,PM,154,7,0.057338401684144516,0.050423076923076945,0.058361939431479146,0.05595665658017383
USDCOP,1,2025-10-09,PA,154,7,0.49117046705764117,0.3805750357811574,0.40502751427432315,0.5816399359576286
USDCOP,1,2025-10-09,VAR1,154,7,50.47399340099072,35.07566725828355,76.85594090013183,26.774477011426885
USDCOP,1,2025-10-09,ARHinc,154,7,0.4971346616346507,0.39214848956498227,0.412727090272458,0.5835347987964852
USDCOP,1,2025-10-09,KernelARH,154,7,0.5287514835896235,0.42181182163475184,0.46508029524396366,0.5986052403486884
USDCOP,5,2025-10-15,PM,154,8,0.22726435386672833,0.2070384615384615,0.3071344462949854,0.1690487971320036
USDCOP,5,2025-10-15,PA,154,8,0.5350639747665479,0.4301703923505753,0.46631298939891963,0.6080296889393316
USDCOP,5,2025-10-15,VAR1,154,8,55.589497318444884,36.2599743259055,81.80218851655617,31.49215422775948
USDCOP,5,2025-10-15,ARHinc,154,8,0.5781890541606527,0.47758858280075295,0.5562402491264412,0.6236280556923848
USDCOP,5,2025-10-15,KernelARH,154,8,0.6293218569603426,0.528421377117399,0.656741545025479,0.6390382792591996
USDCOP,10,2025-10-22,PM,154,8,1.5036781666454275,1.118615384615385,2.3277911410560495,0.802994117201306
USDCOP,10,2025-10-22,PA,154,8,1.5764971728727573,1.2324028637534066,2.3155206147030203,1.0014362534876924
USDCOP,10,2025-10-22,VAR1,154,8,40.81759342688627,27.549543621199152,57.86637557875674,25.175745819469757
USDCOP,10,2025-10-22,ARHinc,154,8,1.6668633153980044,1.3019569728069218,2.4564399917143764,1.0444104619678192
USDCOP,10,2025-10-22,KernelARH,154,8,1.5673460423645056,1.2011633170806761,2.3255799723917545,0.9713934963164573
USDCOP,1,2025-10-10,PM,154,7,0.20894365729324477,0.1558076923076922,0.3171539506748082,0.14966776214083913
USDCOP,1,2025-10-10,PA,154,7,0.4620055758994942,0.3650379331458252,0.4272972596392847,0.523010821936316
USDCOP,1,2025-10-10,VAR1,154,7,22.22337300709365,15.327691231499857,33.86056960212897,11.784747351528793
USDCOP,1,2025-10-10,ARHinc,154,7,0.45389463705040844,0.35735593151230366,0.4044309820466479,0.5217637976706062
USDCOP,1,2025-10-10,KernelARH,154,7,0.4638994843101848,0.36857720259758153,0.43225201774946226,0.5236208457872968
USDCOP,5,2025-10-16,PM,154,8,0.26182963853503033,0.22426923076923078,0.3873770307799093,0.17717128357135098
USDCOP,5,2025-10-16,PA,154,8,0.5538247989432977,0.44712003929737276,0.5304850801236515,0.6108359110398672
USDCOP,5,2025-10-16,VAR1,154,8,22.302936523338143,15.114998910354112,31.992841599582665,13.465466433685911
USDCOP,5,2025-10-16,ARHinc,154,8,0.5419549506555814,0.43341185531057597,0.5038009183959115,0.6068767607288986
USDCOP,5,2025-10-16,KernelARH,154,8,0.5001384137673157,0.3888347506434922,0.4176305640625861,0.58728781817868
USDCOP,10,2025-10-23,PM,154,8,1.301847448377172,0.9018846153846152,2.0710695626509015,0.6524899266872203
USDCOP,10,2025-10-23,PA,154,8,1.373164804917494,1.0533427919075955,2.0591342500060588,0.8605172853558335
USDCOP,10,2025-10-23,VAR1,154,8,16.66638051185183,12.392987748802797,21.85723708274299,11.953099556029755
USDCOP,10,2025-10-23,ARHinc,154,8,1.3460056286747704,1.034015054885766,2.015900233937583,0.8489713095952409
USDCOP,10,2025-10-23,KernelARH,154,8,0.8424568493492692,0.6336245012525572,1.1726096790830278,0.7003214746939319
USDCOP,1,2025-10-13,PM,154,7,0.21059622321107566,0.16442307692307692,0.22274831724669295,0.20316760877246148
USDCOP,1,2025-10-13,PA,154,7,0.5395476418130588,0.4284467779478808,0.49300057115833046,0.5991029134354996
USDCOP,1,2025-10-13,VAR1,154,7,108.67412038947703,74.958383881925,165.90313843736575,57.43553174393708
USDCOP,1,2025-10-13,ARHinc,154,7,0.5488754994118007,0.4381460639196252,0.5169404862524538,0.6004718932896317
USDCOP,1,2025-10-13,KernelARH,154,7,0.4927409583122564,0.3844214158693722,0.41675132550027605,0.5774399512687239
USDCOP,5,2025-10-17,PM,154,8,1.1911680393953337,0.9055000000000005,1.8653107081707383,0.6615451679157629
USDCOP,5,2025-10-17,PA,154,8,1.3225598885605656,1.0551423828690283,1.9685956257901085,0.8836568882544596
USDCOP,5,2025-10-17,VAR1,154,8,119.6607675299577,77.82107126392111,175.68829053861242,67.1806919309478
USDCOP,5,2025-10-17,ARHinc,154,8,1.4456948110996037,1.144438001118006,2.1726668119382744,0.9347677572039219
USDCOP,5,2025-10-17,KernelARH,154,8,0.9583559593466587,0.8052593946874499,0.8041842745120831,1.0053600745466695
USDCOP,10,2025-10-24,PM,154,8,1.2657644391373206,0.900576923076923,2.0177748149094965,0.6507651488589832
USDCOP,10,2025-10-24,PA,154,8,1.3919551997614543,1.0696012051497732,2.118836929938508,0.8726623803588223
USDCOP,10,2025-10-24,VAR1,154,8,75.9413677789714,51.114140645471025,109.23228149810461,44.204397690847316
USDCOP,10,2025-10-24,ARHinc,154,8,1.5172343616478958,1.1605100318505683,2.325034027915012,0.9251609589566232
USDCOP,10,2025-10-24,KernelARH,154,8,0.9845682275068266,0.834467951375932,0.8144204511491879,1.0618373577582148
USDCOP,1,2025-10-14,PM,154,7,0.11673832506277249,0.09526923076923073,0.15320251721767725,0.09728355381126913
USDCOP,1,2025-10-14,PA,154,7,0.4846029673072351,0.38272585362522216,0.40650300978953896,0.5719721375407223
USDCOP,1,2025-10-14,VAR1,154,7,12.657131267923031,8.854009534150237,19.379257945913455,6.706670100530063
USDCOP,1,2025-10-14,ARHinc,154,7,0.5209154648684704,0.4191361264065237,0.5079423180620597,0.5850457182352287
USDCOP,1,2025-10-14,KernelARH,154,7,0.4824585926903365,0.3808857008828411,0.38989130627274965,0.5730888839807393
USDCOP,5,2025-10-20,PM,154,8,1.2511017644460423,0.8993461538461542,1.9704566330851214,0.6453954061239923
USDCOP,5,2025-10-20,PA,154,8,1.340416185176368,1.043086804073562,1.9875080180815352,0.8516981241978077
USDCOP,5,2025-10-20,VAR1,154,8,15.335919085587637,10.489647916714166,21.59810018519282,9.545656471778512
USDCOP,5,2025-10-20,ARHinc,154,8,1.1361362491287275,0.8867872407016368,1.6559025141591266,0.7625029358878599
USDCOP,5,2025-10-20,KernelARH,154,8,2.1438691001018717,1.7210024289246024,3.1483125356895414,1.318623192352974
USDCOP,10,2025-10-27,PM,154,8,1.157846579613671,0.7569615384615386,1.896478128760484,0.5591075888889387
USDCOP,10,2025-10-27,PA,154,8,1.2397019667810814,0.9466583785233817,1.8917764382008089,0.7817258989280199
USDCOP,10,2025-10-27,VAR1,154,8,8.289824452808013,6.684634427877653,9.879810351828274,6.6728525330496256
USDCOP,10,2025-10-27,ARHinc,154,8,1.039947417721429,0.8074857207627757,1.5573494162169716,0.7083773174563744
USDCOP,10,2025-10-27,KernelARH,154,8,1.770128065492854,1.3684789543427596,2.686803822007165,1.0481333374302744
USDCOP,1,2025-10-15,PM,154,7,0.07446895326241679,0.06734615384615397,0.06559251359745626,0.07718597519178706
USDCOP,1,2025-10-15,PA,154,7,0.4930592029963156,0.3826591359829006,0.393646982465909,0.5874433627180412
USDCOP,1,2025-10-15,VAR1,154,7,26.21401451848079,18.090033434911017,40.079534945542306,13.779204219026584
USDCOP,1,2025-10-15,ARHinc,154,7,0.49530709623967517,0.38368552080637475,0.39419122488657576,0.5892240182183219
USDCOP,1,2025-10-15,KernelARH,154,7,0.49442653281918253,0.38315631873390726,0.3951640054530506,0.5872536226575766
USDCOP,5,2025-10-21,PM,154,8,1.3626828211854165,1.0095000000000003,2.115529919852227,0.7276203734735679
USDCOP,5,2025-10-21,PA,154,8,1.4475671205214695,1.1375369317794912,2.1277545254892747,0.9331440949450864
USDCOP,5,2025-10-21,VAR1,154,8,27.09053701250953,18.07761889650249,39.20712367564679,15.943948675600334
USDCOP,5,2025-10-21,ARHinc,154,8,1.5033672949598544,1.183239334955959,2.2112271286372707,0.9624724767219356
USDCOP,5,2025-10-21,KernelARH,154,8,1.3981299086476695,1.070877698549265,2.0756744160540737,0.8820816869590251
USDCOP,10,2025-10-28,PM,154,8,0.9642417307836327,0.6828461538461541,1.5522422727281218,0.48995132926305246
USDCOP,10,2025-10-28,PA,154,8,1.0708252507320768,0.8531441646559667,1.5650461546864434,0.7525618354010245
USDCOP,10,2025-10-28,VAR1,154,8,19.361008961746307,14.037565127887946,25.93794516964266,13.402197952421176
USDCOP,10,2025-10-28,ARHinc,154,8,1.1247158653367844,0.8964135617748945,1.6489325059699382,0.7770548623115543
USDCOP,10,2025-10-28,KernelARH,154,8,0.7337902854149538,0.5709500823421545,0.9806769811562255,0.6594375491680128
USDCOP,1,2025-10-16,PM,154,7,0.11706096373586392,0.09361538461538471,0.17004546264546752,0.07688898873753727
USDCOP,1,2025-10-16,PA,154,7,0.503757090586885,0.39241938833110834,0.4282228527626629,0.5885958683825749
USDCOP,1,2025-10-16,VAR1,154,7,2.5223225767848647,2.000611162686153,3.61802014805932,1.6331551326925215
USDCOP,1,2025-10-16,ARHinc,154,7,0.5003666765133112,0.38956921502058817,0.4189980009871583,0.5878021391607722
USDCOP,1,2025-10-16,KernelARH,154,7,0.49614498123061634,0.3874118055429438,0.4095444800296738,0.5857997328538526
USDCOP,5,2025-10-22,PM,154,8,1.3020996357953802,0.9115769230769232,2.0384469220953036,0.664350298234694
USDCOP,5,2025-10-22,PA,154,8,1.3979920462965958,1.0697797006753762,2.0628352120306985,0.8934422944320112
USDCOP,5,2025-10-22,VAR1,154,8,6.141169371608819,5.505507532622817,6.636350808742643,5.393682705412219
USDCOP,5,2025-10-22,ARHinc,154,8,1.3597820680533461,1.0403687976583975,2.0023439069637714,0.8765661651459384
USDCOP,5,2025-10-22,KernelARH,154,8,1.2219717289520278,0.919280261354696,1.801664441158706,0.8041671762199509
USDCOP,10,2025-10-29,PM,154,8,0.8355927479248579,0.572423076923077,1.335669564070024,0.41836630726266993
USDCOP,10,2025-10-29,PA,154,8,0.9567241364480067,0.7669176098384312,1.3590561330974973,0.7073283517726612
USDCOP,10,2025-10-29,VAR1,154,8,9.117112065145914,7.408215485036324,10.752286115133154,7.52009943687951
USDCOP,10,2025-10-29,ARHinc,154,8,0.9205703454084458,0.7403140568450006,1.2984858623119158,0.6941329929763097
USDCOP,10,2025-10-29,KernelARH,154,8,0.674947708242906,0.5120128916274239,0.5385221141306088,0.7774926591846083
USDCOP,1,2025-10-17,PM,154,7,1.0958424709573207,0.7566153846153848,1.770538261901762,0.5466248695020883
USDCOP,1,2025-10-17,PA,154,7,1.2075524703724012,0.9302039913143672,1.817266565382286,0.7995440904613592
USDCOP,1,2025-10-17,VAR1,154,7,49.20176714010467,33.721020567210246,75.09864231535559,26.007717197918883
USDCOP,1,2025-10-17,ARHinc,154,7,1.2142356690535006,0.9277158290682725,1.8365756445040455,0.7971348630262365
USDCOP,1,2025-10-17,KernelARH,154,7,1.1411810727790468,0.8768646456908985,1.713445885036824,0.7714075734088703
USDCOP,5,2025-10-23,PM,154,8,1.0602602184224545,0.7007692307692307,1.6904664673274952,0.5200044242589954
USDCOP,5,2025-10-23,PA,154,8,1.169937332871152,0.8992809109131885,1.7398353155258022,0.7681492418011904
USDCOP,5,2025-10-23,VAR1,154,8,55.01457443951346,36.04436631961616,80.00798293720769,31.454549992404193
USDCOP,5,2025-10-23,ARHinc,154,8,1.1607223818290413,0.8896812166901572,1.7303566608940795,0.762266825146463
USDCOP,5,2025-10-23,KernelARH,154,8,1.0359129081212142,0.7889789697711468,1.5381013823309122,0.7172046282399583
USDCOP,10,2025-10-30,PM,154,8,0.7470970743227004,0.47299999999999953,1.226138051987467,0.35375516661297385
USDCOP,10,2025-10-30,PA,154,8,0.8922105321037226,0.7046728626791908,1.2831178139839488,0.6742379438049526
USDCOP,10,2025-10-30,VAR1,154,8,31.572954727547927,21.592460297620857,44.97241722381848,18.759524543811313
USDCOP,10,2025-10-30,ARHinc,154,8,0.8833259390479303,0.6962157047757807,1.2728067678173733,0.6695871775368109
USDCOP,10,2025-10-30,KernelARH,154,8,0.7227329389945079,0.5720255424445626,0.6016452340608953,0.8047846794219338
USDCOP,1,2025-10-20,PM,154,7,0.23220866776374946,0.16088461538461532,0.3168348388597345,0.1355154258099321
USDCOP,1,2025-10-20,PA,154,7,0.5503731151416116,0.44013188329999137,0.5648461263694488,0.5785531740448201
USDCOP,1,2025-10-20,VAR1,154,7,273.33436216407875,191.5394041374879,418.00820358786183,143.76721560239213
USDCOP,1,2025-10-20,ARHinc,154,7,0.52056981381532,0.40243756118706087,0.4650452238705208,0.593953464422877
USDCOP,1,2025-10-20,KernelARH,154,7,0.5470127421485118,0.42651367566579346,0.5567358166728836,0.5884669703154273
USDCOP,5,2025-10-24,PM,154,8,0.13447815807780839,0.11200000000000018,0.17215030198699235,0.12925410468414245
USDCOP,5,2025-10-24,PA,154,8,0.5433115071100881,0.4382558350886682,0.5379304096635562,0.5977135440024794
USDCOP,5,2025-10-24,VAR1,154,8,317.06560984293964,209.17016895944496,456.68030359857033,183.34544036566365
USDCOP,5,2025-10-24,ARHinc,154,8,0.626407453714482,0.46202704079896323,0.5466159315981532,0.701228062475819
USDCOP,5,2025-10-24,KernelARH,154,8,0.9301988380136279,0.7867388707906163,0.7890058734716368,1.0179022294885776
USDCOP,10,2025-10-31,PM,154,8,0.36507217410765835,0.28715384615384626,0.5505949028434772,0.23173901865454832
USDCOP,10,2025-10-31,PA,154,8,0.6102752533959724,0.49186308845856175,0.6211082554074175,0.6304026514156084
USDCOP,10,2025-10-31,VAR1,154,8,198.81066304398183,136.3040431890445,280.2652992676481,119.24362850437251
USDCOP,10,2025-10-31,ARHinc,154,8,0.8398266803536143,0.6774727543225971,0.9643733343704037,0.7807380287475177
USDCOP,10,2025-10-31,KernelARH,154,8,1.0766226323591008,0.9377892395700692,0.9879611784494319,1.0875706086713868
USDCOP,1,2025-10-21,PM,154,7,0.06174271990719606,0.05123076923076928,0.07529621181928002,0.054005968452953586
USDCOP,1,2025-10-21,PA,154,7,0.5156154434158478,0.4101958200771831,0.44679929310854305,0.5908479735930964
USDCOP,1,2025-10-21,VAR1,154,7,181.3917306843476,129.6011292088479,275.20442705203175,97.45486769248316
USDCOP,1,2025-10-21,ARHinc,154,7,0.5167027722452971,0.4118966084661781,0.44816756954822007,0.5917434189428302
USDCOP,1,2025-10-21,KernelARH,154,7,0.7677329069045055,0.6221401304355265,0.9968547021152727,0.6601941008425398
USDCOP,5,2025-10-27,PM,154,8,0.2674322344071485,0.2025,0.37398907178981716,0.20587902514850975
USDCOP,5,2025-10-27,PA,154,8,0.5210544732906774,0.4093953468647269,0.4811436385352025,0.5829532736632911
USDCOP,5,2025-10-27,VAR1,154,8,297.30160710104565,195.2379862342132,434.2902868635923,169.86003533869743
USDCOP,5,2025-10-27,ARHinc,154,8,0.550624017181779,0.43161846280690136,0.5093835825535756,0.606358093588221
USDCOP,5,2025-10-27,KernelARH,154,8,0.619264990776578,0.5014893703833764,0.702689111226507,0.6130182997046563
USDCOP,10,2025-11-03,PM,154,8,0.6934256864958983,0.5015000000000001,1.0776514477076624,0.37561754724370516
USDCOP,10,2025-11-03,PA,154,8,0.8093816328362317,0.6547735741695172,1.0688692243504223,0.6693136589057047
USDCOP,10,2025-11-03,VAR1,154,8,177.25608561630918,119.21384588545692,249.2963144345143,108.67051200623284
USDCOP,10,2025-11-03,ARHinc,154,8,0.8857468493972634,0.7134648824360117,1.191247391402377,0.7073379114769457
USDCOP,10,2025-11-03,KernelARH,154,8,0.5857193362976614,0.4738903963727087,0.6639136017060624,0.587416913122518
USDCOP,1,2025-10-22,PM,154,7,0.10640407380865141,0.08253846153846157,0.15031520860411693,0.06847025201380684
USDCOP,1,2025-10-22,PA,154,7,0.5584229549804448,0.45146604482311964,0.527182096158509,0.6112063438408307
USDCOP,1,2025-10-22,VAR1,154,7,120.54408668054647,89.17577474395799,179.57912035887196,68.03863486023927
USDCOP,1,2025-10-22,ARHinc,154,7,0.5578487863074186,0.45132665972910835,0.5263476379695093,0.6109325096356969
USDCOP,1,2025-10-22,KernelARH,154,7,0.5652997106748007,0.45821571401388034,0.5413075468936801,0.6139279456302037
USDCOP,5,2025-10-28,PM,154,8,0.4462739435507161,0.3266538461538462,0.6493533994890693,0.26172215167362534
USDCOP,5,2025-10-28,PA,154,8,0.6406402959229933,0.5216984044707473,0.698743660748844,0.6310319052805263
USDCOP,5,2025-10-28,VAR1,154,8,300.31481700524085,197.351134590697,438.63045784556033,172.50702995339302
USDCOP,5,2025-10-28,ARHinc,154,8,0.6362142936011176,0.5182400832047813,0.6917079259912581,0.6285555241285291
USDCOP,5,2025-10-28,KernelARH,154,8,0.6398464517167635,0.5211033170334605,0.696640991064253,0.631196911102203
USDCOP,10,2025-11-04,PM,154,8,0.639008772661582,0.47576923076923067,0.9560670016551979,0.3668950354862455
USDCOP,10,2025-11-04,PA,154,8,0.7769649166112782,0.6356905480763761,0.978980440279032,0.6693415020068286
USDCOP,10,2025-11-04,VAR1,154,8,182.94542989921052,127.59328165031764,256.3630243936094,114.91224951091428
USDCOP,10,2025-11-04,ARHinc,154,8,0.7714277430013473,0.6314610475834477,0.9708894315189688,0.6658715414204386
USDCOP,10,2025-11-04,KernelARH,154,8,0.7738577767217509,0.6331966080387291,0.9736085865046271,0.6682171624097711
USDCOP,1,2025-10-23,PM,154,7,0.2289629630781766,0.1714230769230769,0.30464972046685024,0.17042898880274068
USDCOP,1,2025-10-23,PA,154,7,0.5427542536964314,0.42834279694292576,0.49892915257794057,0.5966724138784988
USDCOP,1,2025-10-23,VAR1,154,7,119.81485627760748,90.47161925223598,176.28680481663272,69.82702298099333
USDCOP,1,2025-10-23,ARHinc,154,7,0.5332605723657023,0.42144835652265944,0.48108952574563846,0.5918833560065917
USDCOP,1,2025-10-23,KernelARH,154,7,0.5384634868682312,0.42734074710196857,0.49437113297454266,0.5930302078496055
USDCOP,5,2025-10-29,PM,154,8,0.519181724891717,0.34026923076923093,0.7886063740715613,0.2763340668770988
USDCOP,5,2025-10-29,PA,154,8,0.6785122287476361,0.5517270747350964,0.8013553775576886,0.6346942099834719
USDCOP,5,2025-10-29,VAR1,154,8,340.5683409237917,223.01265904190407,498.52615727946704,195.80638688759973
USDCOP,5,2025-10-29,ARHinc,154,8,0.6402973195605557,0.5183384135398975,0.7299203190008094,0.6206706319154605
USDCOP,5,2025-10-29,KernelARH,154,8,0.6419638632876239,0.5204366929605074,0.7352874640567478,0.6203835462004453
USDCOP,10,2025-11-05,PM,154,8,0.7396466802051244,0.5412307692307693,1.1097890874733887,0.4108205903193527
USDCOP,10,2025-11-05,PA,154,8,0.8721324211740759,0.7109597154986772,1.1397545274435024,0.7089543177971356
USDCOP,10,2025-11-05,VAR1,154,8,208.4683519009054,147.62053746603718,292.72596355022426,132.22745026652777
USDCOP,10,2025-11-05,ARHinc,154,8,0.8241924471911137,0.6732745606967041,1.05908352903437,0.6884998587358909
USDCOP,10,2025-11-05,KernelARH,154,8,0.8600760149176219,0.702636404789945,1.1197883329112035,0.7032033580186382
USDCOP,1,2025-10-24,PM,154,7,0.15585527063469937,0.08042307692307693,0.280754852224372,0.07267590809250542
USDCOP,1,2025-10-24,PA,154,7,0.5375378216657893,0.43608168866465913,0.5409590156109051,0.5866223589614991
USDCOP,1,2025-10-24,VAR1,154,7,91.96006331373212,70.5892879836433,134.1406590542858,54.88874642747887
USDCOP,1,2025-10-24,ARHinc,154,7,0.5558681799336344,0.44855041077086155,0.6008871009291525,0.5893582742744333
USDCOP,1,2025-10-24,KernelARH,154,7,0.5339945584209053,0.4348975590028584,0.5294296996007694,0.5851091223227989
USDCOP,5,2025-10-30,PM,154,8,0.34434232184758323,0.22907692307692298,0.5177501341130725,0.18094235126469838
USDCOP,5,2025-10-30,PA,154,8,0.5940937856610399,0.48252505899252,0.609652618703615,0.6080530287266486
USDCOP,5,2025-10-30,VAR1,154,8,305.4474596765485,199.65002741657966,447.39300869796836,175.77503239849236
USDCOP,5,2025-10-30,ARHinc,154,8,0.5504575429745414,0.4412499301343574,0.5225009196767711,0.5956581055244649
USDCOP,5,2025-10-30,KernelARH,154,8,0.6641799385805237,0.5413403741915511,0.7413661891385496,0.6327229384609317
USDCOP,10,2025-11-06,PM,154,8,0.5804414351296645,0.375923076923077,0.933666530380373,0.2854018872650328
USDCOP,10,2025-11-06,PA,154,8,0.7282448699717715,0.5984281228521576,0.929667490077553,0.6385574144229238
USDCOP,10,2025-11-06,VAR1,154,8,194.18459562958688,136.69570749243982,274.17302822757387,123.7571297121222
USDCOP,10,2025-11-06,ARHinc,154,8,0.6583190359246138,0.5374498549725294,0.7991249020281835,0.6166109936750743
USDCOP,10,2025-11-06,KernelARH,154,8,0.8316926638632546,0.6780840422224382,1.1056394619516519,0.682268889808328
USDCOP,1,2025-10-27,PM,154,7,0.16262583884960735,0.10884615384615381,0.2381082814912865,0.10455546840205489
USDCOP,1,2025-10-27,PA,154,7,0.495942231235577,0.39740935634336083,0.44988764247945007,0.56118000431986
USDCOP,1,2025-10-27,VAR1,154,7,140.79931776717416,108.6257387449057,204.74698142352077,84.68923427750696
USDCOP,1,2025-10-27,ARHinc,154,7,0.4986084961314366,0.4004169705185209,0.4506290913120959,0.5625250300883268
USDCOP,1,2025-10-27,KernelARH,154,7,0.4962345707866454,0.39766025215119183,0.4527766726451447,0.5610159711183909
USDCOP,5,2025-10-31,PM,154,8,0.4321431943055628,0.2864615384615384,0.6951582473225257,0.21529038942712272
USDCOP,5,2025-10-31,PA,154,8,0.6586197990851531,0.5371944605986553,0.739463408840497,0.6303224123768834
USDCOP,5,2025-10-31,VAR1,154,8,426.95617156014623,283.0295238561397,624.7730118075416,248.34116770647196
USDCOP,5,2025-10-31,ARHinc,154,8,0.6959659623060644,0.5707643919177989,0.8088816233506098,0.6427318275440136
USDCOP,5,2025-10-31,KernelARH,154,8,0.6619495634667464,0.5397833122414257,0.7340680231571897,0.6347586858794138
USDCOP,10,2025-11-07,PM,154,8,0.7354289368483172,0.4953076923076918,1.203149521329934,0.3647873990448211
USDCOP,10,2025-11-07,PA,154,8,0.862042706519144,0.7007620823921196,1.1627888527017909,0.6869941834260294
USDCOP,10,2025-11-07,VAR1,154,8,276.49660782190324,196.0968744970181,387.76744469973966,180.6033751780487
USDCOP,10,2025-11-07,ARHinc,154,8,0.9099405684688693,0.738216924176007,1.24255317660887,0.7059391874362543
USDCOP,10,2025-11-07,KernelARH,154,8,0.867971715455509,0.7102656427247489,1.1547397956991268,0.6981320538902939
USDCOP,1,2025-10-28,PM,154,7,0.28181127754908275,0.187346153846154,0.46386559513936354,0.1406824546163631
USDCOP,1,2025-10-28,PA,154,7,0.5583559490669175,0.44766187245660033,0.5482232481637886,0.5957090047290975
USDCOP,1,2025-10-28,VAR1,154,7,100.64159772007211,77.77202587417725,146.42264390234638,60.57325882509963
USDCOP,1,2025-10-28,ARHinc,154,7,0.5935448425814229,0.4821445986847929,0.6290633295533415,0.6051205482010169
USDCOP,1,2025-10-28,KernelARH,154,7,0.6004730445314149,0.4893720838449076,0.6427756856159274,0.6056398158270342
USDCOP,5,2025-11-03,PM,154,8,0.5753481805360593,0.35057692307692273,0.9680018088241537,0.26168822503549755
USDCOP,5,2025-11-03,PA,154,8,0.725305029970583,0.5925749449610587,0.9402022601699502,0.6215226670308647
USDCOP,5,2025-11-03,VAR1,154,8,346.57852442197947,231.14102253399025,508.6653772228312,200.9772594834215
USDCOP,5,2025-11-03,ARHinc,154,8,0.7891220699216713,0.6359039682621058,1.0627972833086905,0.6407387625149584
USDCOP,5,2025-11-03,KernelARH,154,8,0.7746602016882982,0.6245712481156926,1.0276174429500957,0.6421299884732821
USDCOP,10,2025-11-10,PM,154,8,1.1350367877806362,0.7050769230769233,1.9061786424386218,0.520689981946058
USDCOP,10,2025-11-10,PA,154,8,1.195780366057739,0.9057287911149047,1.8230977381168603,0.7649596194665093
USDCOP,10,2025-11-10,VAR1,154,8,250.99867813754844,187.00377520305054,353.70447807017484,164.1517378748433
USDCOP,10,2025-11-10,ARHinc,154,8,1.271073690838462,0.9488959536120064,1.953998937441124,0.7932168555397953
USDCOP,10,2025-11-10,KernelARH,154,8,1.2148407725247425,0.9121119198288303,1.8503404287802727,0.7808470664935568
USDCOP,1,2025-10-29,PM,154,7,0.13752062782333083,0.07992307692307694,0.23443836209118427,0.06100043175807803
USDCOP,1,2025-10-29,PA,154,7,0.5007294266943462,0.39805550993036093,0.4266480285030092,0.578707342701733
USDCOP,1,2025-10-29,VAR1,154,7,54.87628716598749,42.21145191585509,80.07090498447234,32.811119275887584
USDCOP,1,2025-10-29,ARHinc,154,7,0.49619463599990266,0.3932996050957701,0.4148233751167797,0.5781625714329371
USDCOP,1,2025-10-29,KernelARH,154,7,0.5048038553065671,0.4013862442515239,0.4358119551814638,0.5801550758798257
USDCOP,5,2025-11-04,PM,154,8,0.22058652148655514,0.15165384615384636,0.35669713691548843,0.11964403953718925
USDCOP,5,2025-11-04,PA,154,8,0.5177837503504048,0.4087374820104005,0.4821815591568221,0.5741733598813514
USDCOP,5,2025-11-04,VAR1,154,8,206.72127378957694,133.91843693397297,303.71261415919486,118.1849858423442
USDCOP,5,2025-11-04,ARHinc,154,8,0.49554627126520884,0.39033330417645185,0.4309602646342681,0.5673625149073902
USDCOP,5,2025-11-04,KernelARH,154,8,0.6842397115399352,0.5613187060367507,0.8255313587489218,0.6257431288843005
USDCOP,10,2025-11-11,PM,154,8,0.8662387472906601,0.5389230769230773,1.4696075256588992,0.39637162590401603
USDCOP,10,2025-11-11,PA,154,8,0.9670553491653228,0.7524712571378446,1.4366179637936742,0.6976153313063189
USDCOP,10,2025-11-11,VAR1,154,8,127.14093546764325,87.7804478749104,180.9967601526941,80.23230963551828
USDCOP,10,2025-11-11,ARHinc,154,8,0.9127138113237812,0.7127234686668278,1.347179946527632,0.6758133053801751
USDCOP,10,2025-11-11,KernelARH,154,8,1.2016228180776192,0.9075709794614936,1.8335710522027868,0.7827201895806698
USDCOP,1,2025-10-30,PM,154,7,0.09445720439192795,0.06630769230769233,0.1093769131046285,0.06195046179284293
USDCOP,1,2025-10-30,PA,154,7,0.5017068852667029,0.39629351782114824,0.43355517260073934,0.5792185304361133
USDCOP,1,2025-10-30,VAR1,154,7,32.227430822983415,24.824510116023987,46.97541095489563,19.29579034002542
USDCOP,1,2025-10-30,ARHinc,154,7,0.5005125101553696,0.3957775689407151,0.4360841705982157,0.5783405229012437
USDCOP,1,2025-10-30,KernelARH,154,7,0.5013261815481923,0.3984282923020527,0.44356772488853535,0.5781880016995545
USDCOP,5,2025-11-05,PM,154,8,0.2764207182205025,0.2009615384615384,0.4013719871812576,0.162700451346374
USDCOP,5,2025-11-05,PA,154,8,0.5563290895794104,0.45157930198822643,0.5376363085314274,0.5974354086184251
USDCOP,5,2025-11-05,VAR1,154,8,130.39205574743957,84.31104184336654,191.82255962914041,74.03478761033861
USDCOP,5,2025-11-05,ARHinc,154,8,0.5388701528802136,0.4345924403814029,0.5017330111507857,0.5913969088774207
USDCOP,5,2025-11-05,KernelARH,154,8,0.7826534020068661,0.6291728526700869,0.6734480994036472,0.8439736638701302
USDCOP,10,2025-11-12,PM,154,8,0.6778152119408811,0.43823076923076953,1.1178022463679924,0.32404403436686613
USDCOP,10,2025-11-12,PA,154,8,0.8251880771624207,0.6693449981167516,1.1423980178164206,0.663886867098451
USDCOP,10,2025-11-12,VAR1,154,8,76.66949927255719,52.554065567980665,109.73255755492005,47.63611634107355
USDCOP,10,2025-11-12,ARHinc,154,8,0.7945955991455407,0.6450985175380216,1.0897175207102843,0.6531026730133375
USDCOP,10,2025-11-12,KernelARH,154,8,1.437636177921477,1.2768320655217524,1.798918073100772,1.195417088117067
USDCOP,1,2025-10-31,PM,154,7,0.03480370780424214,0.023807692307692294,0.047416569774825064,0.02402175444935994
USDCOP,1,2025-10-31,PA,154,7,0.5033084907746765,0.40214087203252,0.4308140104774309,0.583588987013434
USDCOP,1,2025-10-31,VAR1,154,7,55.98707198239042,43.356650567167264,81.42973517462923,33.759669164476755
USDCOP,1,2025-10-31,ARHinc,154,7,0.5033758467080084,0.4016335368686923,0.4307292951408212,0.5837389536268504
USDCOP,1,2025-10-31,KernelARH,154,7,0.5091130709621905,0.41041847973358825,0.4584854558714288,0.5840943297816893
USDCOP,5,2025-11-06,PM,154,8,0.26920529412441974,0.15953846153846152,0.4626310452294929,0.1303316622128094
USDCOP,5,2025-11-06,PA,154,8,0.529453843954964,0.42361076384194296,0.5174865622841966,0.5855583145331086
USDCOP,5,2025-11-06,VAR1,154,8,216.5131412394344,140.1873651074783,318.0552519366014,123.43298473606112
USDCOP,5,2025-11-06,ARHinc,154,8,0.5243575849035259,0.4181598961303991,0.506212674898985,0.5833842167498056
USDCOP,5,2025-11-06,KernelARH,154,8,0.7215042770555772,0.5648081441455481,0.6018084423228599,0.8067450586643743
USDCOP,10,2025-11-13,PM,154,8,0.5576569285860258,0.3358076923076922,0.9356298406371579,0.25784967878356146
USDCOP,10,2025-11-13,PA,154,8,0.7133382684446261,0.5840380835337048,0.9225354583400167,0.6316496152909763
USDCOP,10,2025-11-13,VAR1,154,8,129.08373334795039,89.41481039914547,183.58180374950447,81.20076367580815
USDCOP,10,2025-11-13,ARHinc,154,8,0.7048078003167201,0.5772544763156793,0.9065696334553854,0.6287874242600513
USDCOP,10,2025-11-13,KernelARH,154,8,1.2729933317669213,1.1374311867370965,1.5119116435374629,1.1132833951229402
USDCOP,1,2025-11-03,PM,154,7,0.20719289136157448,0.11415384615384631,0.3484390964756537,0.09852504014584794
USDCOP,1,2025-11-03,PA,154,7,0.5024101983216828,0.39756768717997276,0.46443114183735507,0.5670989301772997
USDCOP,1,2025-11-03,VAR1,154,7,64.46072779013767,49.83076603465071,93.89550023662706,38.68795492616866
USDCOP,1,2025-11-03,ARHinc,154,7,0.5009582613488544,0.39655496780528293,0.46104291849907675,0.5664043742369347
USDCOP,1,2025-11-03,KernelARH,154,7,0.49819622409836006,0.39373320979011917,0.4513120813196071,0.5661320398567745
USDCOP,5,2025-11-07,PM,154,8,0.3095314386915511,0.212846153846154,0.5138679502868697,0.15962568673268532
USDCOP,5,2025-11-07,PA,154,8,0.5705122778767231,0.46700228612949957,0.6020633302418543,0.5986387710308836
USDCOP,5,2025-11-07,VAR1,154,8,246.35850971424586,159.07245048564113,362.0393044971448,140.48518035408924
USDCOP,5,2025-11-07,ARHinc,154,8,0.567699819327361,0.4642742258018213,0.5963157295749147,0.5973953739305428
USDCOP,5,2025-11-07,KernelARH,154,8,0.5520901172011313,0.4184306712385702,0.45310873821425945,0.6395640340110199
USDCOP,10,2025-11-14,PM,154,8,0.3638517898815395,0.22446153846153866,0.5981226046834994,0.17585218886083284
USDCOP,10,2025-11-14,PA,154,8,0.593904461283544,0.488571023812163,0.6533711224471658,0.6058463662797732
USDCOP,10,2025-11-14,VAR1,154,8,145.68848127712144,101.0702173078266,206.73655859978263,92.32055251918136
USDCOP,10,2025-11-14,ARHinc,154,8,0.5910632929422994,0.48581691752797157,0.6469384902260646,0.6052144468029368
USDCOP,10,2025-11-14,KernelARH,154,8,0.7639891066000594,0.6296012172634865,0.6877949004902122,0.8157974392951544
USDCOP,1,2025-11-04,PM,154,7,0.09526128037383057,0.05696153846153858,0.1604309937849381,0.0460610196418338
USDCOP,1,2025-11-04,PA,154,7,0.4795495909278366,0.37989642598384793,0.41339462606770283,0.5604666005714758
USDCOP,1,2025-11-04,VAR1,154,7,19.471172454742714,15.87437670098334,27.24250440296614,12.982942089572386
USDCOP,1,2025-11-04,ARHinc,154,7,0.48304792561332643,0.384237253862686,0.4246253599890075,0.5612258299175428
USDCOP,1,2025-11-04,KernelARH,154,7,0.47643695401238095,0.37622692831740656,0.39596677640111827,0.5612739136488536
USDCOP,5,2025-11-10,PM,154,8,0.562191966940393,0.35961538461538445,0.9398489835220493,0.2647811829650111
USDCOP,5,2025-11-10,PA,154,8,0.734369918706326,0.5889211311459799,1.0089605041876517,0.616767372613166
USDCOP,5,2025-11-10,VAR1,154,8,87.72498556500223,56.97083477725745,129.11033135886808,49.79283333725346
USDCOP,5,2025-11-10,ARHinc,154,8,0.7031890885079184,0.5637973026710581,0.9534412741806293,0.6069584175097484
USDCOP,5,2025-11-10,KernelARH,154,8,0.7556044287340352,0.595740603036128,0.9872169626147801,0.6713336211104893
USDCOP,10,2025-11-17,PM,154,8,0.12874785285737614,0.10434615384615367,0.1526152372609321,0.10552993683813733
USDCOP,10,2025-11-17,PA,154,8,0.4834474201798252,0.3711494867386995,0.39054779890482505,0.5699126457288349
USDCOP,10,2025-11-17,VAR1,154,8,54.1791685531033,36.71057938666543,78.28012881647221,32.921614576016175
USDCOP,10,2025-11-17,ARHinc,154,8,0.47960364507122816,0.37076398922513454,0.38103979270374005,0.569498977372889
USDCOP,10,2025-11-17,KernelARH,154,8,0.831951716021668,0.6988046931806935,0.7566863468881445,0.8758884299197158
USDCOP,1,2025-11-05,PM,154,7,0.19090321752536932,0.13549999999999976,0.27889053515506695,0.1086403048936862
USDCOP,1,2025-11-05,PA,154,7,0.5239973676555544,0.41895391503827933,0.47096908319723,0.5862970348450883
USDCOP,1,2025-11-05,VAR1,154,7,33.93678608688215,27.637424904771166,47.5737637316164,22.496376680234693
USDCOP,1,2025-11-05,ARHinc,154,7,0.5305682010771884,0.4260202948460567,0.48542806755762047,0.5883682528804709
USDCOP,1,2025-11-05,KernelARH,154,7,0.52410376909866,0.41830032412499607,0.47305701584395726,0.5863547130310702
USDCOP,5,2025-11-11,PM,154,8,0.6529709470507152,0.39965384615384597,1.115808947792507,0.2966047877928291
USDCOP,5,2025-11-11,PA,154,8,0.8077792593530038,0.6395580118991753,1.1533831611267253,0.6472836097400799
USDCOP,5,2025-11-11,VAR1,154,8,148.6191231348568,96.98999773646213,217.98640072516184,85.04305913590908
USDCOP,5,2025-11-11,ARHinc,154,8,0.8351475317810688,0.6596514719026505,1.201679530733874,0.6563662206966222
USDCOP,5,2025-11-11,KernelARH,154,8,0.8398826096111304,0.6681323191484232,1.1295975362748285,0.7164146939183366
USDCOP,10,2025-11-18,PM,154,8,0.2045823606953745,0.14953846153846154,0.2997111399816628,0.13497942281078712
USDCOP,10,2025-11-18,PA,154,8,0.5028938264828288,0.3941271393886437,0.4559893307936618,0.5676037251018128
USDCOP,10,2025-11-18,VAR1,154,8,91.1899945546687,62.46219864197415,130.34633324112147,56.80871069049485
USDCOP,10,2025-11-18,ARHinc,154,8,0.5148425428399049,0.4066508258557092,0.4867488824809154,0.5697858520039608
USDCOP,10,2025-11-18,KernelARH,154,8,0.9538422327022932,0.8314929816924623,0.9471092984617623,0.9538905294318822
USDCOP,1,2025-11-06,PM,154,7,0.0660626887596458,0.04873076923076919,0.09455390226406926,0.04000574833982172
USDCOP,1,2025-11-06,PA,154,7,0.47693890523830385,0.3763420819848389,0.37414087014970154,0.5716979067685208
USDCOP,1,2025-11-06,VAR1,154,7,36.34810961795018,29.497734720541015,51.17562413395522,23.900466316573553
USDCOP,1,2025-11-06,ARHinc,154,7,0.4771091829916676,0.3753659149290785,0.3725899039161358,0.5720018807144014
USDCOP,1,2025-11-06,KernelARH,154,7,0.4806119495291441,0.38214939412434806,0.3847271654289829,0.5741146909849311
USDCOP,5,2025-11-12,PM,154,8,0.43386628345963557,0.2562307692307692,0.7421899970818742,0.19387314205086514
USDCOP,5,2025-11-12,PA,154,8,0.6485706189703438,0.5240548126980799,0.8197622551086379,0.6118183749753607
USDCOP,5,2025-11-12,VAR1,154,8,157.84239168717002,103.29037212065656,231.207344804366,90.46445556802031
USDCOP,5,2025-11-12,ARHinc,154,8,0.6184066179237182,0.493244398939186,0.7561569961140026,0.6051437328920092
USDCOP,5,2025-11-12,KernelARH,154,8,0.674363081645455,0.5308618088678538,0.7098800263552185,0.7030195625512276
USDCOP,10,2025-11-19,PM,154,8,0.26009706028563784,0.23303846153846158,0.298907543801787,0.21938756789863617
USDCOP,10,2025-11-19,PA,154,8,0.5243284780367271,0.4286495343946051,0.43551985210567995,0.6081324594072638
USDCOP,10,2025-11-19,VAR1,154,8,93.2829433142948,64.42403489735108,132.87309383645595,58.44433463293521
USDCOP,10,2025-11-19,ARHinc,154,8,0.5437388705650221,0.4483804569542565,0.46835681898637094,0.6204850303900922
USDCOP,10,2025-11-19,KernelARH,154,8,0.7436715584661158,0.6035586048343192,0.6675460848028135,0.8059660546508177
USDCOP,1,2025-11-07,PM,154,7,0.07500192305226894,0.057269230769230774,0.08706142974613766,0.05229575712438111
USDCOP,1,2025-11-07,PA,154,7,0.48458311664787956,0.38208621853931335,0.3912036342937742,0.5737368243432446
USDCOP,1,2025-11-07,VAR1,154,7,25.393501600954142,20.135351106835504,36.38087874085437,16.08289500439278
USDCOP,1,2025-11-07,ARHinc,154,7,0.4837369580546429,0.3818185222608067,0.3896460287126979,0.573542903615696
USDCOP,1,2025-11-07,KernelARH,154,7,0.4893131192236721,0.38524422852698115,0.40565779339972774,0.5748404312823473
USDCOP,5,2025-11-13,PM,154,8,0.31458282815378014,0.21446153846153848,0.4968681065228142,0.16906009600427588
USDCOP,5,2025-11-13,PA,154,8,0.5709343017480379,0.46358509147602706,0.6158719357628248,0.5989079551862007
USDCOP,5,2025-11-13,VAR1,154,8,107.68773128007803,69.52295648065915,159.5882148798831,60.22612556688607
USDCOP,5,2025-11-13,ARHinc,154,8,0.5678433338653566,0.4598649486287296,0.6088070041445166,0.5985444829549348
USDCOP,5,2025-11-13,KernelARH,154,8,0.5534206077416297,0.4459447414889379,0.5741069256105695,0.5958145553315936
USDCOP,10,2025-11-20,PM,154,8,0.29691854943738366,0.272423076923077,0.28187081388044016,0.28173494397922494
USDCOP,10,2025-11-20,PA,154,8,0.5589844232182987,0.4562957116152054,0.4502259553163026,0.6373055138081154
USDCOP,10,2025-11-20,VAR1,154,8,61.21326387414002,41.90024542609429,89.17941753588856,36.71440540788778
USDCOP,10,2025-11-20,ARHinc,154,8,0.5605395451515797,0.4580246144937405,0.4514433290996124,0.6383500906179395
USDCOP,10,2025-11-20,KernelARH,154,8,0.5248640420028862,0.39405342468463656,0.42501406632587,0.6232806499886344
USDCOP,1,2025-11-10,PM,154,7,0.4362340475372932,0.23300000000000007,0.7517736202825923,0.1892547845764221
USDCOP,1,2025-11-10,PA,154,7,0.6465208767818839,0.5074117389599436,0.853726807497409,0.5893361308993647
USDCOP,1,2025-11-10,VAR1,154,7,39.736254579924186,29.323279865251756,59.479812682209236,22.570875577996105
USDCOP,1,2025-11-10,ARHinc,154,7,0.6447079284792323,0.5054077218981564,0.8507121648834379,0.5884359574392991
USDCOP,1,2025-11-10,KernelARH,154,7,0.6174792717004951,0.4861257623363237,0.7901747302276019,0.5839039244557539
USDCOP,5,2025-11-14,PM,154,8,0.1453151416219775,0.10665384615384613,0.18381005531919753,0.1297111571053712
USDCOP,5,2025-11-14,PA,154,8,0.49182670767973924,0.3829006432043507,0.3856095309016258,0.5887845567115886
USDCOP,5,2025-11-14,VAR1,154,8,128.8959044003526,85.24035832480973,194.1903922109028,69.98802854539584
USDCOP,5,2025-11-14,ARHinc,154,8,0.49166867559393007,0.38290725409993853,0.3825750182553012,0.5899240154573036
USDCOP,5,2025-11-14,KernelARH,154,8,0.5369201089739719,0.3994748856139781,0.41618581199272325,0.6399432194094778
USDCOP,10,2025-11-21,PM,154,8,0.38375936470658273,0.35292307692307684,0.3973930316061018,0.34845143582567856
USDCOP,10,2025-11-21,PA,154,8,0.6039815490582298,0.5047860830385936,0.5112971050080758,0.6744936931233473
USDCOP,10,2025-11-21,VAR1,154,8,64.99971301876569,47.572416430990955,97.00595499596116,37.46618002238968
USDCOP,10,2025-11-21,ARHinc,154,8,0.6105494823458602,0.5110152423091179,0.5199401031588419,0.6799854917766537
USDCOP,10,2025-11-21,KernelARH,154,8,0.5540606160077585,0.402866311566237,0.4429128397350332,0.6582084550990526
USDCOP,1,2025-11-11,PM,154,7,0.05138186600198713,0.03442307692307709,0.06977909523112719,0.04853846264725395
USDCOP,1,2025-11-11,PA,154,7,0.4989395043480608,0.3998903508350062,0.4400672639327423,0.5772968563507619
USDCOP,1,2025-11-11,VAR1,154,7,32.841538706556896,22.771226913532566,50.39224787946397,17.241998059096513
USDCOP,1,2025-11-11,ARHinc,154,7,0.5026383702506223,0.4002023884171245,0.44213607414026956,0.5789885890393334
USDCOP,1,2025-11-11,KernelARH,154,7,0.53310853250304,0.4264222415280572,0.5266968859880438,0.5948468487095607
USDCOP,5,2025-11-17,PM,154,8,0.5197839325512685,0.33838461538461545,0.8717605166926978,0.2552516886494401
USDCOP,5,2025-11-17,PA,154,8,0.6798466586388973,0.5468595066022386,0.867663753179815,0.6152249372825217
USDCOP,5,2025-11-17,VAR1,154,8,83.96177117897457,54.25608832894672,126.45988106047129,45.67664530092242
USDCOP,5,2025-11-17,ARHinc,154,8,0.7369579229838867,0.6001281750351133,0.9646424073856686,0.638156184376931
USDCOP,5,2025-11-17,KernelARH,154,8,0.6957590893850596,0.5685171313675901,0.8866786562470901,0.6208511883126763
USDCOP,10,2025-11-24,PM,154,8,1.0136050000635584,0.7879615384615388,1.5474226312672743,0.5688312864453895
USDCOP,10,2025-11-24,PA,154,8,1.1092322611788898,0.9080701768575186,1.5348443895643578,0.8028213896554471
USDCOP,10,2025-11-24,VAR1,154,8,48.43020304668856,32.21081739732282,70.38024808036,29.41888275628715
USDCOP,10,2025-11-24,ARHinc,154,8,1.1858127534620269,0.975343391125395,1.6445680241621623,0.8452244546803348
USDCOP,10,2025-11-24,KernelARH,154,8,0.9303135320191229,0.7562226770123421,1.2605699586179688,0.7076340275122813
USDCOP,1,2025-11-12,PM,154,7,0.08533446638871156,0.05511538461538448,0.1456430027851747,0.04494187987665312
USDCOP,1,2025-11-12,PA,154,7,0.49485866779635146,0.39632990352692693,0.41238711548569523,0.580548179670511
USDCOP,1,2025-11-12,VAR1,154,7,42.61328075520526,30.043553900994702,65.69647595607265,22.4735963717396
USDCOP,1,2025-11-12,ARHinc,154,7,0.49667313246959316,0.39781305977483616,0.41486453696232367,0.5817454999896156
USDCOP,1,2025-11-12,KernelARH,154,7,0.5193937222078945,0.4090877840770145,0.4644301458462236,0.5901885054306435
USDCOP,5,2025-11-18,PM,154,8,0.5144539674406104,0.3240384615384616,0.8839075672554445,0.2413879182360511
USDCOP,5,2025-11-18,PA,154,8,0.6613065345244269,0.5320941500456712,0.8491391368135278,0.5987588213518548
USDCOP,5,2025-11-18,VAR1,154,8,87.68454686961145,57.759195546958225,132.88379581559212,47.222269294019966
USDCOP,5,2025-11-18,ARHinc,154,8,0.6702854511015238,0.5387967844280739,0.8665842086361658,0.6020600744366997
USDCOP,5,2025-11-18,KernelARH,154,8,0.735301084726482,0.6104885991091171,0.9520531742263919,0.6326021731593018
USDCOP,10,2025-11-25,PM,154,8,0.9359746565438125,0.7475384615384619,1.4344799683414744,0.5444081091324222
USDCOP,10,2025-11-25,PA,154,8,1.045367922103837,0.8713904278754445,1.4178603866729271,0.7999609239343017
USDCOP,10,2025-11-25,VAR1,154,8,46.063965192912676,31.300154354459963,67.5655739326995,27.626857874354148
USDCOP,10,2025-11-25,ARHinc,154,8,1.0562641100128258,0.8798369559800672,1.4358929382556636,0.8063362004856518
USDCOP,10,2025-11-25,KernelARH,154,8,1.0885478605213244,0.9099321840553246,1.4728708872906227,0.8116398678585491
USDCOP,1,2025-11-13,PM,154,7,0.13944274397097126,0.09057692307692308,0.2363677084419202,0.07529384665061485
USDCOP,1,2025-11-13,PA,154,7,0.4843407720518104,0.38210797037736993,0.3951378069024129,0.5762572239844371
USDCOP,1,2025-11-13,VAR1,154,7,15.357128503812428,10.983925545987685,23.73125099312439,8.158428037817925
USDCOP,1,2025-11-13,ARHinc,154,7,0.48220131887640943,0.37886066432691456,0.3893858263313743,0.5756463815203551
USDCOP,1,2025-11-13,KernelARH,154,7,0.4994993086215016,0.40149839106255797,0.42815320047565353,0.5820486097338066
USDCOP,5,2025-11-19,PM,154,8,0.5608795890933618,0.4241538461538459,0.8895857704398624,0.31213968463623576
USDCOP,5,2025-11-19,PA,154,8,0.7182926282665054,0.6025007258985042,0.9031902085225232,0.648207741576613
USDCOP,5,2025-11-19,VAR1,154,8,26.023842644576714,16.80027015868106,39.00367397504161,14.467587874256214
USDCOP,5,2025-11-19,ARHinc,154,8,0.7107725506499298,0.5963437373628679,0.889712965060514,0.6458670986274619
USDCOP,5,2025-11-19,KernelARH,154,8,0.7649905369212903,0.6401021895542188,0.9843552695665495,0.6630190657869928
USDCOP,10,2025-11-26,PM,154,8,0.9711041990356212,0.7626923076923072,1.483995803899437,0.5592207285604585
USDCOP,10,2025-11-26,PA,154,8,1.0768612840279261,0.8855809058256497,1.4923344575072575,0.8056001413169587
USDCOP,10,2025-11-26,VAR1,154,8,15.181232414795504,10.800411371340001,21.351737311917255,10.057138861671334
USDCOP,10,2025-11-26,ARHinc,154,8,1.068383909567968,0.8787484528492125,1.4783119658341477,0.8026746180600285
USDCOP,10,2025-11-26,KernelARH,154,8,0.9658872617017401,0.7820372413757376,1.339708784434904,0.7352903195976346
USDCOP,1,2025-11-14,PM,154,7,0.22805848608837825,0.1417692307692307,0.37915512878649943,0.10713807310488606
USDCOP,1,2025-11-14,PA,154,7,0.5268177657898935,0.42075808073846394,0.5293469549267256,0.5834524727324983
USDCOP,1,2025-11-14,VAR1,154,7,1.926846091748805,1.513393824642301,2.484178381136727,1.5911701609641724
USDCOP,1,2025-11-14,ARHinc,154,7,0.5209703590345918,0.41786398590203333,0.5152207060748424,0.5817222381766871
USDCOP,1,2025-11-14,KernelARH,154,7,0.5145123913965477,0.4130527037779295,0.4973129877043527,0.5805787668309519
USDCOP,5,2025-11-20,PM,154,8,0.4235897416495934,0.3773076923076923,0.5498753382730173,0.30773367428769693
USDCOP,5,2025-11-20,PA,154,8,0.6401612329423775,0.5480738402450828,0.66662809002503,0.6498179138568047
USDCOP,5,2025-11-20,VAR1,154,8,6.468814215099274,5.193314697109117,9.256926614769583,4.47735332025858
USDCOP,5,2025-11-20,ARHinc,154,8,0.6265427720258531,0.5345249712836282,0.64456150617802,0.6427353603312184
USDCOP,5,2025-11-20,KernelARH,154,8,0.6422561101944266,0.5502793367866061,0.6693757704225856,0.6473850719459944
USDCOP,10,2025-11-27,PM,154,8,0.9475149430524524,0.7103846153846152,1.4437483047475212,0.5314967145361674
USDCOP,10,2025-11-27,PA,154,8,1.06442444575799,0.843763535379234,1.4980794561685506,0.7834990194317236
USDCOP,10,2025-11-27,VAR1,154,8,5.89765404163854,4.76579811567065,7.853658658654592,4.500790907967696
USDCOP,10,2025-11-27,ARHinc,154,8,1.0468377079813769,0.8261685726753719,1.4730291463121554,0.773390161462181
USDCOP,10,2025-11-27,KernelARH,154,8,1.0463678261692984,0.8126995502938136,1.4969685653353504,0.7505016515231939
USDCOP,1,2025-11-17,PM,154,7,0.1477050400160872,0.10146153846153855,0.212725971148984,0.08165491630848624
USDCOP,1,2025-11-17,PA,154,7,0.491247677414038,0.3906887315132489,0.428961178585621,0.5666042597110043
USDCOP,1,2025-11-17,VAR1,154,7,66.99279226984343,47.874069460179676,103.49131571305823,35.202092064040556
USDCOP,1,2025-11-17,ARHinc,154,7,0.4843364300259494,0.38539144687484883,0.41203952309594105,0.564611337574852
USDCOP,1,2025-11-17,KernelARH,154,7,0.4793874695896862,0.37973007581564094,0.3871254640457916,0.5656702744069146
USDCOP,5,2025-11-21,PM,154,8,0.3411154637588051,0.32169230769230783,0.38994243633484915,0.2775122764392625
USDCOP,5,2025-11-21,PA,154,8,0.5916765912555568,0.4970246929310701,0.545418859932719,0.6444430982695591
USDCOP,5,2025-11-21,VAR1,154,8,123.79681638853653,79.53655103046162,185.2666797028234,68.25648660924638
USDCOP,5,2025-11-21,ARHinc,154,8,0.5692857278311204,0.47409626552749606,0.5079538153569828,0.6322920804816975
USDCOP,5,2025-11-21,KernelARH,154,8,0.6093451762151723,0.5186825381065172,0.6451170835248792,0.6312684841456148
USDCOP,10,2025-11-28,PM,154,8,0.47639708510055745,0.4003846153846156,0.5608493259931754,0.363309471348983
USDCOP,10,2025-11-28,PA,154,8,0.6664089578926428,0.5566904212754848,0.6481706721846944,0.6826061442328742
USDCOP,10,2025-11-28,VAR1,154,8,60.10538770693795,41.029105435543784,87.36059916368009,37.04850069830152
USDCOP,10,2025-11-28,ARHinc,154,8,0.6409635903753703,0.5310452296920455,0.6086273270507307,0.668569358366972
USDCOP,10,2025-11-28,KernelARH,154,8,0.6483673921259279,0.5402716602855511,0.718678078136391,0.6396728405454435
USDCOP,1,2025-11-18,PM,154,7,0.04927893527196443,0.03834615384615383,0.062427681187932606,0.03745914295915601
USDCOP,1,2025-11-18,PA,154,7,0.46747982599224736,0.3621124097844423,0.3769040556048958,0.5537011227154565
USDCOP,1,2025-11-18,VAR1,154,7,62.56171193335752,44.20335313523027,96.71924489076311,32.66290482445651
USDCOP,1,2025-11-18,ARHinc,154,7,0.4682326179451512,0.3621392062596156,0.3786671977041223,0.5539990426046086
USDCOP,1,2025-11-18,KernelARH,154,7,0.4751334951324203,0.3703575117376838,0.3810697714069777,0.5610506959129297
USDCOP,5,2025-11-24,PM,154,8,0.5546142543731147,0.4495769230769229,0.7531332964948376,0.35364597223360883
USDCOP,5,2025-11-24,PA,154,8,0.7261658925969986,0.614091236797769,0.8331966578756861,0.6646188355022173
USDCOP,5,2025-11-24,VAR1,154,8,144.913968103811,93.84417978055362,212.61890946583728,83.22252598644255
USDCOP,5,2025-11-24,ARHinc,154,8,0.7058033597792646,0.5955471288648028,0.8017023675163958,0.6541612788750729
USDCOP,5,2025-11-24,KernelARH,154,8,0.8502689264711546,0.7204799468277129,1.0499236793747293,0.7154913855084921
USDCOP,10,2025-12-01,PM,154,8,0.5141936835772773,0.41953846153846147,0.6075762615896322,0.3844722120472684
USDCOP,10,2025-12-01,PA,154,8,0.6832482408371985,0.5721535501479877,0.6763331368384572,0.6813749124898768
USDCOP,10,2025-12-01,VAR1,154,8,79.18939947160685,53.335287414559,113.05644446156192,50.27872601405008
USDCOP,10,2025-12-01,ARHinc,154,8,0.6648668679560232,0.5538601089728898,0.6495540996794342,0.6703183010794711
USDCOP,10,2025-12-01,KernelARH,154,8,0.6950077767131007,0.5779715028904111,0.8124814931891359,0.6451959869038558
USDCOP,1,2025-11-19,PM,154,7,0.13292891391208356,0.12461538461538449,0.14600306627899481,0.11814321664248861
USDCOP,1,2025-11-19,PA,154,7,0.5008915163918589,0.39860770754972186,0.4287495234136667,0.5838654003821792
USDCOP,1,2025-11-19,VAR1,154,7,57.321002374561736,40.35043398269391,88.50260552424191,29.93182133107454
USDCOP,1,2025-11-19,ARHinc,154,7,0.49768333308102564,0.39706620168038254,0.41948994035601783,0.5823608548329445
USDCOP,1,2025-11-19,KernelARH,154,7,0.5224555567308954,0.41830842800256657,0.472629905470472,0.5944629936469555
USDCOP,5,2025-11-25,PM,154,8,0.5023203850440167,0.4268461538461538,0.6574974096246724,0.3490112053655647
USDCOP,5,2025-11-25,PA,154,8,0.6980886250294362,0.5938406292387806,0.7657371095563451,0.6787935032468392
USDCOP,5,2025-11-25,VAR1,154,8,125.9486699259578,82.4478108348559,183.04183086506623,73.28268017467006
USDCOP,5,2025-11-25,ARHinc,154,8,0.6884042173345941,0.5843981098781131,0.7459182922034451,0.6746195301097269
USDCOP,5,2025-11-25,KernelARH,154,8,0.7426533327327781,0.6346154097049433,0.8670202622827451,0.6846370615389774
USDCOP,10,2025-12-02,PM,154,8,0.5595519326967027,0.4381153846153844,0.7069999944703966,0.4039417551288835
USDCOP,10,2025-12-02,PA,154,8,0.7245733752622703,0.5993381915524136,0.7611301277951625,0.709213387221003
USDCOP,10,2025-12-02,VAR1,154,8,69.5371824331104,47.07374036497182,98.23761125986842,44.690242935266504
USDCOP,10,2025-12-02,ARHinc,154,8,0.7167025454701619,0.5918101092541453,0.7455408659386973,0.7053719611444791
USDCOP,10,2025-12-02,KernelARH,154,8,0.6440464985367508,0.5169305972944811,0.7079977414440105,0.6464284873848688
USDCOP,1,2025-11-20,PM,154,7,0.150291063760138,0.12615384615384623,0.20417311566705743,0.10662701022064704
USDCOP,1,2025-11-20,PA,154,7,0.5076397108325043,0.40098725829204124,0.4310375564950363,0.584394697073737
USDCOP,1,2025-11-20,VAR1,154,7,59.28085596805397,41.9081533143311,91.56692984736112,31.05729047378834
USDCOP,1,2025-11-20,ARHinc,154,7,0.5163094518144922,0.4081216933134984,0.4637620988610563,0.5839614945594378
USDCOP,1,2025-11-20,KernelARH,154,7,0.5104685895463309,0.4032488722069815,0.43409289318870276,0.5867471683421447
USDCOP,5,2025-11-26,PM,154,8,0.49975575765336855,0.34446153846153876,0.729637292055398,0.2912667790735455
USDCOP,5,2025-11-26,PA,154,8,0.6754527527202281,0.5539693226060999,0.7932552777324278,0.6450386547206538
USDCOP,5,2025-11-26,VAR1,154,8,113.7672053244629,75.05784435780188,164.51392591341627,66.52190579386514
USDCOP,5,2025-11-26,ARHinc,154,8,0.6288040284006469,0.513070511160906,0.6999477134991431,0.628624300324281
USDCOP,5,2025-11-26,KernelARH,154,8,0.7335360219499836,0.609298336256543,0.8873323525432992,0.672362156756432
USDCOP,10,2025-12-03,PM,154,8,0.46742456199246335,0.34203846153846174,0.6424572188517577,0.30143793979825734
USDCOP,10,2025-12-03,PA,154,8,0.65776592177543,0.5383404051786284,0.7117100088502019,0.656504038907587
USDCOP,10,2025-12-03,VAR1,154,8,59.72339924603263,42.84571516653762,84.44481837569398,38.18903458561813
USDCOP,10,2025-12-03,ARHinc,154,8,0.6164492797621269,0.5029716217807176,0.628001808474017,0.6402390645245695
USDCOP,10,2025-12-03,KernelARH,154,8,0.6094488272113673,0.483284498589621,0.6479120640520687,0.643012439618892
USDCOP,1,2025-11-21,PM,154,7,0.13959574189009535,0.09015384615384603,0.22334628241036084,0.07312470096897145
USDCOP,1,2025-11-21,PA,154,7,0.5108134947629391,0.4040233710933253,0.4676929607612887,0.5865008937393102
USDCOP,1,2025-11-21,VAR1,154,7,24.40436864266313,17.578244080013338,37.6544044019383,12.917158374667432
USDCOP,1,2025-11-21,ARHinc,154,7,0.4976955229911682,0.3936931559861922,0.42681402243248434,0.5833905663290103
USDCOP,1,2025-11-21,KernelARH,154,7,0.5067584451194955,0.40571173209826555,0.44145544730854286,0.5880476962247743
USDCOP,5,2025-11-27,PM,154,8,0.6592457447136666,0.3511538461538462,1.047094810285239,0.31052348595717916
USDCOP,5,2025-11-27,PA,154,8,0.7856906127063751,0.5885241327650448,1.0732125343515044,0.6450399436830284
USDCOP,5,2025-11-27,VAR1,154,8,43.49113860773131,30.084708603006202,64.32736093157123,24.54452859341453
USDCOP,5,2025-11-27,ARHinc,154,8,0.7418557702478175,0.5575883966474311,0.9890009998959128,0.6316116245232348
USDCOP,5,2025-11-27,KernelARH,154,8,0.7293657536784135,0.5586473413665761,0.947232886082359,0.635718705500344
USDCOP,10,2025-12-04,PM,154,8,0.5591175653859185,0.3463846153846156,0.9110441266405408,0.277399409773161
USDCOP,10,2025-12-04,PA,154,8,0.7298630073063933,0.5718313771127799,0.9897934093597274,0.6392225001382819
USDCOP,10,2025-12-04,VAR1,154,8,26.89698783373735,19.670048390309837,40.31274195789524,15.055046703943583
USDCOP,10,2025-12-04,ARHinc,154,8,0.6881012484416884,0.5430115145854436,0.9050169429161521,0.6260988414507576
USDCOP,10,2025-12-04,KernelARH,154,8,0.6215477007944172,0.5009451421635285,0.7326348756099815,0.6249577292565396
USDCOP,1,2025-11-24,PM,154,7,0.40972135230966616,0.2660384615384616,0.6067478284161222,0.21524409957565271
USDCOP,1,2025-11-24,PA,154,7,0.6316600014847051,0.5167106121466829,0.7289111676695209,0.603274774884812
USDCOP,1,2025-11-24,VAR1,154,7,53.54807142596735,38.454070821063794,82.66286296804654,28.380741373218978
USDCOP,1,2025-11-24,ARHinc,154,7,0.6335765960936227,0.5167767083771859,0.7361434418376095,0.602759079081904
USDCOP,1,2025-11-24,KernelARH,154,7,0.6277969923256833,0.5125268386564353,0.7236205039657592,0.6016267489312849
USDCOP,5,2025-11-28,PM,154,8,0.25068368054643625,0.1685000000000001,0.35037919656607863,0.1489759719351556
USDCOP,5,2025-11-28,PA,154,8,0.5226625039308407,0.4110980514580356,0.45575850484353103,0.5950522695963554
USDCOP,5,2025-11-28,VAR1,154,8,81.4239096143255,58.22443154184214,121.71035401600861,45.618630013322225
USDCOP,5,2025-11-28,ARHinc,154,8,0.5205040637637848,0.4080812751550764,0.4530217833451467,0.5939293812149643
USDCOP,5,2025-11-28,KernelARH,154,8,0.5424401162628719,0.43348197354519347,0.48798300601762035,0.6049771069814187
USDCOP,10,2025-12-05,PM,154,8,0.546083784780321,0.36215384615384577,0.8701163223842502,0.28632648498215263
USDCOP,10,2025-12-05,PA,154,8,0.7412982211841795,0.5927007040098068,0.982250212690123,0.6568282131419629
USDCOP,10,2025-12-05,VAR1,154,8,41.58272388489418,31.07250320941145,62.47333116957835,23.773180733575696
USDCOP,10,2025-12-05,ARHinc,154,8,0.7358810333185758,0.5870044949052126,0.9769266952495391,0.6535746950253997
USDCOP,10,2025-12-05,KernelARH,154,8,0.6899485053371536,0.5580735630260653,0.8811791852651457,0.6481373750959628
USDCOP,1,2025-11-25,PM,154,7,0.11456942806069098,0.08349999999999996,0.15597289440982814,0.0829181030199298
USDCOP,1,2025-11-25,PA,154,7,0.504953760788818,0.3929826288591235,0.4043083802062008,0.5943024158659929
USDCOP,1,2025-11-25,VAR1,154,7,67.70444883167691,47.605256270576405,104.17186706475162,35.565672947133756
USDCOP,1,2025-11-25,ARHinc,154,7,0.5063960427047802,0.39533821856792467,0.4098664730269044,0.5929872827904501
USDCOP,1,2025-11-25,KernelARH,154,7,0.5073201522670995,0.3972568487812685,0.4103341866505339,0.5947617798010089
USDCOP,5,2025-12-01,PM,154,8,0.22260779584109514,0.14769230769230757,0.3217241249761845,0.12697215278147825
USDCOP,5,2025-12-01,PA,154,8,0.5197922559969791,0.41221464865842805,0.49176513564635604,0.5792983586447551
USDCOP,5,2025-12-01,VAR1,154,8,94.88181995413345,70.72398310624268,136.30626230054452,58.0537739300293
USDCOP,5,2025-12-01,ARHinc,154,8,0.52739159147075,0.419316404585231,0.5179186267238698,0.5787238666198292
USDCOP,5,2025-12-01,KernelARH,154,8,0.5087475117279883,0.40138560607966695,0.44513421540732356,0.5807442970093712
USDCOP,10,2025-12-08,PM,154,8,0.3401327512333067,0.24957692307692309,0.501725098927303,0.20529669380520768
USDCOP,10,2025-12-08,PA,154,8,0.5881600080156245,0.48197387136027087,0.617849103420448,0.6167542522354359
USDCOP,10,2025-12-08,VAR1,154,8,47.95560734477808,41.176632079487916,62.206438928554284,37.12737309403334
USDCOP,10,2025-12-08,ARHinc,154,8,0.5743412144607688,0.4740140123653209,0.5899275064096352,0.6084535190959474
USDCOP,10,2025-12-08,KernelARH,154,8,0.6439189663382949,0.5266822752746263,0.7776979718550338,0.6304111128176254
USDCOP,1,2025-11-26,PM,154,7,0.17582183399024226,0.10253846153846141,0.26348148617649275,0.08855469536568367
USDCOP,1,2025-11-26,PA,154,7,0.5355822498761895,0.4275878508071148,0.5066522581181839,0.5943658585360516
USDCOP,1,2025-11-26,VAR1,154,7,60.98257490018628,43.41670555943898,92.9616089009529,32.47212716737789
USDCOP,1,2025-11-26,ARHinc,154,7,0.5335868415154653,0.42515260319500586,0.4979112197385747,0.594628513445219
USDCOP,1,2025-11-26,KernelARH,154,7,0.5307367961352313,0.42382238865314775,0.48196671374411115,0.5953260703894185
USDCOP,5,2025-12-02,PM,154,8,0.19993460469325017,0.13942307692307682,0.29936355330239595,0.11405473485094976
USDCOP,5,2025-12-02,PA,154,8,0.543112014097334,0.43458069153493767,0.5157380104170121,0.6022787613907815
USDCOP,5,2025-12-02,VAR1,154,8,87.23421977093182,65.11081444453262,128.7934457696708,50.987607375909946
USDCOP,5,2025-12-02,ARHinc,154,8,0.5448543626293808,0.4363877920520858,0.5205582682567333,0.6029059473610056
USDCOP,5,2025-12-02,KernelARH,154,8,0.5632585692893897,0.4576094511419993,0.5751314737166167,0.6051770307227143
USDCOP,10,2025-12-09,PM,154,8,0.33658194224609533,0.23734615384615348,0.5283158312761548,0.18420461231052623
USDCOP,10,2025-12-09,PA,154,8,0.5840674664769261,0.4791212627946312,0.6461822777291792,0.6004496544368465
USDCOP,10,2025-12-09,VAR1,154,8,45.880612113218575,37.00527681959251,63.12005704905039,32.04457279527189
USDCOP,10,2025-12-09,ARHinc,154,8,0.579724738032159,0.47616739285786275,0.634207004694797,0.5995667679446242
USDCOP,10,2025-12-09,KernelARH,154,8,0.5717869345331894,0.4726549888215327,0.615463547275446,0.5968015520957425
USDCOP,1,2025-11-27,PM,154,7,0.13819161724548676,0.06423076923076926,0.212696709469896,0.06630823925773172
USDCOP,1,2025-11-27,PA,154,7,0.5722182765831785,0.4472802281086615,0.5986199753922848,0.5978434837086324
USDCOP,1,2025-11-27,VAR1,154,7,71.64844120350266,54.71409076309826,105.16596353434096,42.0164560778403
USDCOP,1,2025-11-27,ARHinc,154,7,0.5679470630146324,0.44381065404823883,0.5845927023880239,0.5974232382356878
USDCOP,1,2025-11-27,KernelARH,154,7,0.5663077169326433,0.44381882678317897,0.572455842886119,0.5988849548643443
USDCOP,5,2025-12-03,PM,154,8,0.09942817276034767,0.06942307692307695,0.14101629815898462,0.0655520753466282
USDCOP,5,2025-12-03,PA,154,8,0.5300344074325054,0.4222735585360023,0.45975639855560096,0.6014819576186083
USDCOP,5,2025-12-03,VAR1,154,8,132.36288797971775,102.65404510630152,181.49540106029693,88.3332240808145
USDCOP,5,2025-12-03,ARHinc,154,8,0.5329478365334205,0.42611343283737174,0.4671661620787827,0.6018871358323064
USDCOP,5,2025-12-03,KernelARH,154,8,0.5292331242201969,0.4215098473996613,0.4590774187093492,0.6006343806016691
USDCOP,10,2025-12-10,PM,154,8,0.3993858265656638,0.249346153846154,0.681066287208405,0.2088516477720318
USDCOP,10,2025-12-10,PA,154,8,0.6663448359969147,0.5308567710127583,0.8443328586894868,0.6293302699143906
USDCOP,10,2025-12-10,VAR1,154,8,68.54981147233782,61.721301537251065,78.86210294004397,60.914958465097094
USDCOP,10,2025-12-10,ARHinc,154,8,0.6522089540216788,0.5226857491635314,0.8131672809553204,0.6245745276296943
USDCOP,10,2025-12-10,KernelARH,154,8,0.6719212602809304,0.5343693788939656,0.8612178175623537,0.6293902314428811
USDCOP,1,2025-11-28,PM,154,7,0.38289434172246134,0.18257692307692286,0.641916371995528,0.16472437493016528
USDCOP,1,2025-11-28,PA,154,7,0.5879987756847674,0.4714937889381718,0.6504518276219748,0.6056591054378303
USDCOP,1,2025-11-28,VAR1,154,7,72.47830633414374,61.63457813571397,97.39124226780777,50.982910925923214
USDCOP,1,2025-11-28,ARHinc,154,7,0.5842324516905463,0.46802534174024085,0.6402243847083643,0.6047136233643792
USDCOP,1,2025-11-28,KernelARH,154,7,0.6034951887631981,0.48404008522940917,0.6867020111834508,0.6092028404830667
USDCOP,5,2025-12-04,PM,154,8,0.23706437781912582,0.1379230769230769,0.36603948399920144,0.12086713478693072
USDCOP,5,2025-12-04,PA,154,8,0.5524859517194207,0.4445298151116724,0.496218974659473,0.6059847074385083
USDCOP,5,2025-12-04,VAR1,154,8,161.46192423593646,123.45980349981807,204.36651380614188,119.13251104195226
USDCOP,5,2025-12-04,ARHinc,154,8,0.5519426238448712,0.44301951415334984,0.4977525370534826,0.6051151768085551
USDCOP,5,2025-12-04,KernelARH,154,8,0.5517151984077902,0.44242870532066203,0.49748506290143657,0.6046951355316889
USDCOP,10,2025-12-11,PM,154,8,0.4229945330615987,0.2816923076923077,0.6641006200578294,0.22906159231604709
USDCOP,10,2025-12-11,PA,154,8,0.6164779140410976,0.5071064933895911,0.6463614825591164,0.634935754410584
USDCOP,10,2025-12-11,VAR1,154,8,87.11401035521781,74.48112330351225,77.89753931647867,89.31483161767349
USDCOP,10,2025-12-11,ARHinc,154,8,0.6149726098354451,0.5057760692366315,0.6481135177230632,0.6335758081572694
USDCOP,10,2025-12-11,KernelARH,154,8,0.6139986972151735,0.5054339341815922,0.6479316614619028,0.6323664187571049
USDCOP,1,2025-12-01,PM,154,7,0.16283235243648606,0.12700000000000006,0.2255385805230115,0.09940279273454483
USDCOP,1,2025-12-01,PA,154,7,0.5335426089384461,0.4300294879945379,0.516819595858594,0.5802959859110947
USDCOP,1,2025-12-01,VAR1,154,7,38.73845271377475,29.4904754089858,57.10841441156165,22.514291290386826
USDCOP,1,2025-12-01,ARHinc,154,7,0.536113617146221,0.43520584220343417,0.5084132523506578,0.5842089923388293
USDCOP,1,2025-12-01,KernelARH,154,7,0.5101227755068213,0.40486641622207675,0.454197186534539,0.5763241948652532
USDCOP,5,2025-12-05,PM,154,8,0.4557515981658967,0.2604615384615386,0.8017549710510515,0.2075806274640682
USDCOP,5,2025-12-05,PA,154,8,0.6823659302793599,0.5450059565320425,0.8838509861430399,0.6323758391415784
USDCOP,5,2025-12-05,VAR1,154,8,66.81215339086597,50.046518216500104,98.22308147206728,39.38548901257089
USDCOP,5,2025-12-05,ARHinc,154,8,0.6927418850236076,0.5566756163107588,0.8912621161765683,0.6397066430069966
USDCOP,5,2025-12-05,KernelARH,154,8,0.6115395295392849,0.5006671083481979,0.6803154078063728,0.6254718779960735
USDCOP,10,2025-12-12,PM,154,8,0.5141419289232527,0.2989999999999997,0.8977102027293078,0.2527462599530655
USDCOP,10,2025-12-12,PA,154,8,0.6850486942852058,0.5274595852939754,0.9003030828326156,0.6383096729916621
USDCOP,10,2025-12-12,VAR1,154,8,37.21920085214609,30.502744322935563,50.90525545713589,26.21255426626926
USDCOP,10,2025-12-12,ARHinc,154,8,0.6973043048229872,0.5417784152496445,0.9074416195843417,0.6480795450952748
USDCOP,10,2025-12-12,KernelARH,154,8,0.6334888448092509,0.5096474311742509,0.7261472982443394,0.6354827479331194
USDCOP,1,2025-12-02,PM,154,7,0.08604672254966163,0.06311538461538446,0.11549163988169722,0.06431304752113069
USDCOP,1,2025-12-02,PA,154,7,0.5415374869698599,0.4243655378400545,0.5124961510959496,0.6004977119269416
USDCOP,1,2025-12-02,VAR1,154,7,32.07442625056675,24.605643341737636,47.04131490875658,18.8634669227667
USDCOP,1,2025-12-02,ARHinc,154,7,0.5388701312844936,0.4237526371362866,0.5072268993642711,0.5986670109429185
USDCOP,1,2025-12-02,KernelARH,154,7,0.538280362323354,0.4241498004883688,0.506088715080061,0.5991179406970353
USDCOP,5,2025-12-08,PM,154,8,0.36060339390015117,0.1948076923076923,0.6461798053816743,0.1600159424633864
USDCOP,5,2025-12-08,PA,154,8,0.6208179563877616,0.4995478274851694,0.7490646034556853,0.6113538153786092
USDCOP,5,2025-12-08,VAR1,154,8,64.42712148293508,48.78888341682569,93.59276366069612,38.38176739448005
USDCOP,5,2025-12-08,ARHinc,154,8,0.6042313101100255,0.4884867994187032,0.706983123690226,0.6071031175706068
USDCOP,5,2025-12-08,KernelARH,154,8,0.5903122275150068,0.48550514319702054,0.6358884438636464,0.6124118928445261
USDCOP,10,2025-12-15,PM,154,8,0.5511705637863975,0.42811538461538406,0.8336293442247855,0.34301872147484286
USDCOP,10,2025-12-15,PA,154,8,0.6802492353006422,0.5568493525118254,0.7863948640678653,0.6594014132647487
USDCOP,10,2025-12-15,VAR1,154,8,36.80934684234885,30.74690463549715,49.15180321428949,27.010777771168026
USDCOP,10,2025-12-15,ARHinc,154,8,0.6662504028366317,0.5453619653106685,0.7615470906547979,0.6484931694926146
USDCOP,10,2025-12-15,KernelARH,154,8,0.6967547704252283,0.5846261735942577,0.7540675165473553,0.677304113395502
USDCOP,1,2025-12-03,PM,154,7,0.11711577933494188,0.047961538461538465,0.2159210981932381,0.04599028605998946
USDCOP,1,2025-12-03,PA,154,7,0.5318829498978375,0.4229264214567887,0.48791418225633953,0.5972784475376495
USDCOP,1,2025-12-03,VAR1,154,7,45.20074130812288,35.74359874403104,64.92125091547618,27.824049665333376
USDCOP,1,2025-12-03,ARHinc,154,7,0.5312110767972967,0.4211360568478236,0.48450461686704405,0.5974927677055436
USDCOP,1,2025-12-03,KernelARH,154,7,0.5266883264274986,0.41656933121164313,0.4608421809502332,0.5981624271889088
USDCOP,5,2025-12-09,PM,154,8,0.3659460868236447,0.18226923076923063,0.6608333450570921,0.15746033883353958
USDCOP,5,2025-12-09,PA,154,8,0.5937150636227122,0.48144455849668666,0.6978448101938028,0.5958612144083262
USDCOP,5,2025-12-09,VAR1,154,8,93.1085035512362,71.46704210523443,132.78132712134854,57.67979466127296
USDCOP,5,2025-12-09,ARHinc,154,8,0.5903671412579838,0.47903338001511453,0.6906403921349743,0.5946189870477048
USDCOP,5,2025-12-09,KernelARH,154,8,0.5778745829840957,0.4742982999983305,0.6345364991595123,0.5974070766266107
USDCOP,10,2025-12-16,PM,154,8,0.5804608166064137,0.4362307692307693,0.850175941862943,0.3487822271974066
USDCOP,10,2025-12-16,PA,154,8,0.6673693606784485,0.5515232389259302,0.6995781354752243,0.6667899858138426
USDCOP,10,2025-12-16,VAR1,154,8,49.21433668178973,42.778054996291345,60.00019248926562,40.75608330950196
USDCOP,10,2025-12-16,ARHinc,154,8,0.6647389023903907,0.5489654313123234,0.6962054248947768,0.6656629024476652
USDCOP,10,2025-12-16,KernelARH,154,8,0.6908424159665547,0.5753191694864724,0.7057316994947791,0.6863637566228187
USDCOP,1,2025-12-04,PM,154,7,0.17777930354580299,0.0802692307692309,0.31735520367292946,0.07357277364235662
USDCOP,1,2025-12-04,PA,154,7,0.5510907016419752,0.44616125584864674,0.5485753441365229,0.5973925733084003
USDCOP,1,2025-12-04,VAR1,154,7,55.05541114462249,46.381912273572226,74.59105430886939,37.72832080637146
USDCOP,1,2025-12-04,ARHinc,154,7,0.552858920258224,0.4474866637947585,0.557730187615972,0.5971906781786914
USDCOP,1,2025-12-04,KernelARH,154,7,0.5484215217909885,0.44313790905508693,0.5318788974692972,0.5981004506281932
USDCOP,5,2025-12-10,PM,154,8,0.4480873884548723,0.2574615384615385,0.7945097173831255,0.20380555742400122
USDCOP,5,2025-12-10,PA,154,8,0.6868109729784506,0.5391769716482897,0.9144951591620467,0.6258507556260609
USDCOP,5,2025-12-10,VAR1,154,8,125.12969047572575,97.29070111524358,170.3239948972472,83.33561440740958
USDCOP,5,2025-12-10,ARHinc,154,8,0.6931010690497305,0.5423955956044646,0.9302317591844125,0.6268599527411011
USDCOP,5,2025-12-10,KernelARH,154,8,0.7103209042206822,0.5565836905299563,0.9544256818003629,0.637030311053911
USDCOP,10,2025-12-17,PM,154,8,0.5046258133889522,0.4467307692307692,0.5702904388270427,0.41023120091407983
USDCOP,10,2025-12-17,PA,154,8,0.6777790218063678,0.5697439875858841,0.5916527627562668,0.7176414292728124
USDCOP,10,2025-12-17,VAR1,154,8,70.47750500911668,59.683699145934355,72.53371347933903,65.63232578275658
USDCOP,10,2025-12-17,ARHinc,154,8,0.6770756343281699,0.5698349676902039,0.5905366919959517,0.7181884428927019
USDCOP,10,2025-12-17,KernelARH,154,8,0.695155327704529,0.586832447851177,0.6029682125165817,0.7347318036517602
USDCOP,1,2025-12-05,PM,154,7,0.1300939009981754,0.09973076923076925,0.19031685058346112,0.07945098162205035
USDCOP,1,2025-12-05,PA,154,7,0.5797953551448649,0.48077061931699544,0.5810546201934169,0.6191539300008696
USDCOP,1,2025-12-05,VAR1,154,7,62.68981602981249,54.97031780702193,78.19936723056875,49.22834850192066
USDCOP,1,2025-12-05,ARHinc,154,7,0.5792866942544291,0.4803746062831976,0.5837488836046212,0.6182286673696152
USDCOP,1,2025-12-05,KernelARH,154,7,0.5890325716754345,0.48739338981338126,0.6168787235615731,0.6202198217552288
USDCOP,5,2025-12-11,PM,154,8,0.2219456144401838,0.16623076923076927,0.3421996677865964,0.13204934311344768
USDCOP,5,2025-12-11,PA,154,8,0.6099654586781098,0.49956450539473,0.6657518472695049,0.6262497468659137
USDCOP,5,2025-12-11,VAR1,154,8,173.14432903597483,133.56299160780068,231.0041729811744,125.88921717306096
USDCOP,5,2025-12-11,ARHinc,154,8,0.6088736340944404,0.4986616192745574,0.6665264888884971,0.625085595020441
USDCOP,5,2025-12-11,KernelARH,154,8,0.6260323458768153,0.5016155438745753,0.7290142096443071,0.6279914865240164
USDCOP,10,2025-12-18,PM,154,8,0.6479062432173348,0.5960000000000002,0.7348639117175187,0.5035684696688387
USDCOP,10,2025-12-18,PA,154,8,0.7660668697201504,0.6453140544697977,0.6832335998864822,0.7767981138135742
USDCOP,10,2025-12-18,VAR1,154,8,94.3631847700014,77.28733692311116,82.07895113866876,100.10046855861177
USDCOP,10,2025-12-18,ARHinc,154,8,0.7612709764560629,0.6414841097512837,0.6777841578686894,0.7740872503124507
USDCOP,10,2025-12-18,KernelARH,154,8,0.7639702521313122,0.6451964859299083,0.658483556184418,0.7824336682983815
USDCOP,1,2025-12-08,PM,154,7,0.05297450402715506,0.03826923076923069,0.06343188215258691,0.03588971433338001
USDCOP,1,2025-12-08,PA,154,7,0.563118365112814,0.4625283904795619,0.5316267451347807,0.6094765495233279
USDCOP,1,2025-12-08,VAR1,154,7,57.63203943292384,51.3930144407201,67.53672872642532,48.2498022611009
USDCOP,1,2025-12-08,ARHinc,154,7,0.5638134585278293,0.4605073224786819,0.5260747841155696,0.6103765142002713
USDCOP,1,2025-12-08,KernelARH,154,7,0.5625575666340165,0.4621028665751124,0.5340206014157189,0.6086349157519682
USDCOP,5,2025-12-12,PM,154,8,0.22909563001573763,0.13126923076923078,0.3545875056377032,0.11868903348548401
USDCOP,5,2025-12-12,PA,154,8,0.6224230870688994,0.5099584676006264,0.6686122661083689,0.6289793362722383
USDCOP,5,2025-12-12,VAR1,154,8,165.7777074477808,128.26227499914472,210.76924879310718,129.33422205576997
USDCOP,5,2025-12-12,ARHinc,154,8,0.6307748052446195,0.5149223772093272,0.6774014404582828,0.6298445059203449
USDCOP,5,2025-12-12,KernelARH,154,8,0.6158178991100097,0.5015161404284733,0.6868882312896332,0.6251065423299051
USDCOP,10,2025-12-19,PM,154,8,0.7172533078991741,0.5815769230769228,1.0982890838242798,0.45420624375964774
USDCOP,10,2025-12-19,PA,154,8,0.737358237576076,0.6184904472201197,0.9221415390564338,0.6579719663091701
USDCOP,10,2025-12-19,VAR1,154,8,104.76543198141329,87.11746406627327,89.43512571581758,112.99311741548043
USDCOP,10,2025-12-19,ARHinc,154,8,0.7476102955547456,0.6180136354136961,0.9721583446205238,0.6484709508401343
USDCOP,10,2025-12-19,KernelARH,154,8,0.7030328393060993,0.6027632076054973,0.7740534569058513,0.6665015159615846
USDCOP,1,2025-12-09,PM,154,7,0.04274252071325546,0.03238461538461533,0.049843175705644706,0.036839840942872945
USDCOP,1,2025-12-09,PA,154,7,0.55084874399606,0.44320667371337996,0.518327114968727,0.5948452534508146
USDCOP,1,2025-12-09,VAR1,154,7,52.47088318903863,46.59019900303217,63.179831522623125,42.56892386494496
USDCOP,1,2025-12-09,ARHinc,154,7,0.5507120053210548,0.4434616263559024,0.518767220246818,0.5949002671394364
USDCOP,1,2025-12-09,KernelARH,154,7,0.5493723107228715,0.4453511103635757,0.5235808634566292,0.5940646820075715
USDCOP,5,2025-12-15,PM,154,8,0.40829011414396527,0.28792307692307684,0.5548322267394004,0.26534472590419456
USDCOP,5,2025-12-15,PA,154,8,0.6810548764007546,0.5659890990372203,0.7353692930208008,0.6562883777328848
USDCOP,5,2025-12-15,VAR1,154,8,158.23967019178298,122.34491401038424,205.49394072150423,119.630495898569
USDCOP,5,2025-12-15,ARHinc,154,8,0.6809191764976728,0.5648888629257345,0.736719473886651,0.6547411102665112
USDCOP,5,2025-12-15,KernelARH,154,8,0.6782162328502657,0.5683112485700103,0.7271393625210388,0.661383915679626
USDCOP,10,2025-12-22,PM,154,8,0.8039557847581879,0.6580000000000003,1.231798984013009,0.4902753577386144
USDCOP,10,2025-12-22,PA,154,8,0.8504207946805866,0.7194079687547991,1.078339284840133,0.7495587118130732
USDCOP,10,2025-12-22,VAR1,154,8,99.11785638254132,81.94674297409057,86.32990809924098,104.73187427914208
USDCOP,10,2025-12-22,ARHinc,154,8,0.8500803186533991,0.7173656725665436,1.08312589321743,0.7461104529537008
USDCOP,10,2025-12-22,KernelARH,154,8,0.8303000611012339,0.7182169349849622,0.9475083747823501,0.7629059661518804
USDCOP,1,2025-12-10,PM,154,7,0.21183027948735825,0.14038461538461555,0.3612320273009749,0.11007117884939754
USDCOP,1,2025-12-10,PA,154,7,0.6061554273256076,0.4902905118207211,0.7009434053324434,0.6127172120636969
USDCOP,1,2025-12-10,VAR1,154,7,53.966100884985295,48.0856107424663,62.72349522921135,45.12087489589811
USDCOP,1,2025-12-10,ARHinc,154,7,0.6107528381100734,0.4931157210627682,0.7148551507936417,0.6136464017605678
USDCOP,1,2025-12-10,KernelARH,154,7,0.6066075921765902,0.49000688741180265,0.7064837802733563,0.6112062688848384
USDCOP,5,2025-12-16,PM,154,8,0.4734769610998065,0.33423076923076916,0.661264895602361,0.2949592256206657
USDCOP,5,2025-12-16,PA,154,8,0.7039800657841241,0.570617553597014,0.7578232246361508,0.6759515731229354
USDCOP,5,2025-12-16,VAR1,154,8,165.25085729506475,127.72264737840801,213.02077606217503,125.94053824147679
USDCOP,5,2025-12-16,ARHinc,154,8,0.6999504011401341,0.5697892491463503,0.7462743730631194,0.6766767152153723
USDCOP,5,2025-12-16,KernelARH,154,8,0.6901688299040966,0.5672952888508987,0.7212503714973186,0.6754215534249868
USDCOP,10,2025-12-23,PM,154,8,0.7387836937519981,0.6406538461538464,1.067687124474106,0.49968262728191476
USDCOP,10,2025-12-23,PA,154,8,0.8076294146719967,0.6937847363867979,0.9211402808692241,0.769824909868782
USDCOP,10,2025-12-23,VAR1,154,8,104.66769381148403,86.72356387286894,91.20226283211827,110.60949636905512
USDCOP,10,2025-12-23,ARHinc,154,8,0.8059438451417158,0.6938943346272642,0.9045859243422268,0.7729282605522168
USDCOP,10,2025-12-23,KernelARH,154,8,0.7939478991829821,0.6830187900727749,0.8385545326579564,0.7714892017410061
USDCOP,1,2025-12-11,PM,154,7,0.25571609482753754,0.12842307692307706,0.40397741603643417,0.11734253027812679
USDCOP,1,2025-12-11,PA,154,7,0.6461190879103302,0.524462675857857,0.6737803600450661,0.6376751357050514
USDCOP,1,2025-12-11,VAR1,154,7,70.57698879892969,61.8946764203253,70.06604203732456,65.34987668684748
USDCOP,1,2025-12-11,ARHinc,154,7,0.6608404509169812,0.5321377409701521,0.6987883800176952,0.6418075038917322
USDCOP,1,2025-12-11,KernelARH,154,7,0.6277365270958648,0.5095155122936196,0.6511194757389025,0.6299438127276806
USDCOP,5,2025-12-17,PM,154,8,0.5619303098044482,0.42869230769230776,0.8536224241952869,0.3480508033528534
USDCOP,5,2025-12-17,PA,154,8,0.7490662217543911,0.6325159023647057,0.8229048845971059,0.7095382385688597
USDCOP,5,2025-12-17,VAR1,154,8,232.8305303743939,178.37874366202166,281.33817007685286,186.5778784328941
USDCOP,5,2025-12-17,ARHinc,154,8,0.7612260839503238,0.6400456678299568,0.8711469072361862,0.7021806620215285
USDCOP,5,2025-12-17,KernelARH,154,8,0.682963291319478,0.5691862692397887,0.6696485010656579,0.6947756849380623
USDCOP,10,2025-12-24,PM,154,8,0.6769449898114095,0.5775000000000001,0.9851137580053685,0.44776884586207094
USDCOP,10,2025-12-24,PA,154,8,0.7645197644998304,0.6548816772042835,0.8112718217120236,0.7431200546157161
USDCOP,10,2025-12-24,VAR1,154,8,175.53115412634844,145.43120492099266,161.91445007941644,177.96756967580134
USDCOP,10,2025-12-24,ARHinc,154,8,0.7617234481269878,0.6498216803629149,0.8469134059462305,0.7281398658615656
USDCOP,10,2025-12-24,KernelARH,154,8,0.7271242281757919,0.6138314626191511,0.6524558820475693,0.747151506748529
USDCOP,1,2025-12-12,PM,154,7,0.08417672572538179,0.04457692307692314,0.12865293309978024,0.04461225487029887
USDCOP,1,2025-12-12,PA,154,7,0.6140545142606066,0.5008124653595952,0.670209602024625,0.6220226837742218
USDCOP,1,2025-12-12,VAR1,154,7,54.60570930503211,48.62262309746331,60.55036727190837,47.26494990407941
USDCOP,1,2025-12-12,ARHinc,154,7,0.6156976157722645,0.5038950806546494,0.6677749240827582,0.6241646328008771
USDCOP,1,2025-12-12,KernelARH,154,7,0.6196844507426134,0.5044964802722358,0.6714070204310317,0.6241047235063812
USDCOP,5,2025-12-18,PM,154,8,0.5858194868334837,0.5190769230769231,0.7833252816790396,0.42200185011262326
USDCOP,5,2025-12-18,PA,154,8,0.7060365579978702,0.5961476027621203,0.6555035216107709,0.7286357558348647
USDCOP,5,2025-12-18,VAR1,154,8,165.33571823723804,127.34166387009822,208.86707275076571,128.1856935011402
USDCOP,5,2025-12-18,ARHinc,154,8,0.7209474400805245,0.609147678512992,0.6655936790604927,0.7406632443453416
USDCOP,5,2025-12-18,KernelARH,154,8,0.7181651680425979,0.6092757322238552,0.6776880494652374,0.734584097441505
USDCOP,10,2025-12-25,PM,154,8,0.662218808249962,0.5760384615384617,0.8538310093969005,0.490707752874846
USDCOP,10,2025-12-25,PA,154,8,0.7430290700167826,0.6310009279996684,0.6671326235996812,0.7592193501795929
USDCOP,10,2025-12-25,VAR1,154,8,110.91318151712957,91.97231593379725,97.57732548783336,115.5961556279634
USDCOP,10,2025-12-25,ARHinc,154,8,0.7607521892150092,0.6462571451887544,0.68123147898384,0.7731419786410599
USDCOP,10,2025-12-25,KernelARH,154,8,0.7577612846569323,0.6430096345050038,0.6759928587903489,0.7701238090654452
USDCOP,1,2025-12-15,PM,154,7,0.24354473605795404,0.20238461538461533,0.2569895952088826,0.19209476424581018
USDCOP,1,2025-12-15,PA,154,7,0.6515855448419836,0.5384275270920266,0.7143319548610241,0.6374310494192618
USDCOP,1,2025-12-15,VAR1,154,7,46.452275485311674,41.328775663207885,53.184762086678525,39.258581846248404
USDCOP,1,2025-12-15,ARHinc,154,7,0.6515242423383591,0.5384861548244175,0.71439333403957,0.6375487177089445
USDCOP,1,2025-12-15,KernelARH,154,7,0.6548128514574756,0.541658095448445,0.7139346622035702,0.6385805495123074
USDCOP,5,2025-12-19,PM,154,8,0.7008110685813642,0.5073461538461537,1.1257679729641976,0.42280120173037916
USDCOP,5,2025-12-19,PA,154,8,0.6701164522043811,0.5684960955628132,0.7950146791709964,0.6279710248018077
USDCOP,5,2025-12-19,VAR1,154,8,137.05540143704462,105.17943736814736,176.07440978652443,104.66094871124223
USDCOP,5,2025-12-19,ARHinc,154,8,0.6720032769387908,0.5698948948213082,0.799028819801696,0.6289843217636535
USDCOP,5,2025-12-19,KernelARH,154,8,0.6966295225209695,0.584946283730967,0.8577568562515395,0.6360183786803167
USDCOP,10,2025-12-26,PM,154,8,0.6923670033354364,0.5954615384615384,0.9292117725726385,0.4609670232779848
USDCOP,10,2025-12-26,PA,154,8,0.7255020584568609,0.6152803007132869,0.6593728087424977,0.7313438692659802
USDCOP,10,2025-12-26,VAR1,154,8,86.87245084601014,72.42793052419593,75.34225347052158,91.47176229834584
USDCOP,10,2025-12-26,ARHinc,154,8,0.7261830866899465,0.616631302969638,0.6596746924591177,0.7327360294887352
USDCOP,10,2025-12-26,KernelARH,154,8,0.7322243625287643,0.6201647539979603,0.6622732601998148,0.7385842718119828
USDCOP,1,2025-12-16,PM,154,7,0.12806661427674157,0.07573076923076927,0.21993443846325675,0.06002402321065207
USDCOP,1,2025-12-16,PA,154,7,0.6149810749638045,0.5025892966809778,0.6801662092837463,0.6142377402621041
USDCOP,1,2025-12-16,VAR1,154,7,24.105699814036136,20.71444035897724,31.048997683029594,18.084832616569905
USDCOP,1,2025-12-16,ARHinc,154,7,0.6509124410639964,0.5242632731174283,0.7335331173126166,0.6282601698418303
USDCOP,1,2025-12-16,KernelARH,154,7,0.634255246931921,0.5196100587647781,0.6995271498490028,0.6242329025235621
USDCOP,5,2025-12-22,PM,154,8,0.6768933204779705,0.4106153846153847,1.1562523453171296,0.33336575183435
USDCOP,5,2025-12-22,PA,154,8,0.675118926892991,0.5603980458749661,0.8254106746644102,0.6443870122934733
USDCOP,5,2025-12-22,VAR1,154,8,68.77952023194095,52.48109048635333,95.74207031890508,48.130245537163944
USDCOP,5,2025-12-22,ARHinc,154,8,0.7159746437987888,0.5683770858137569,0.9558820117917928,0.6383283227861071
USDCOP,5,2025-12-22,KernelARH,154,8,0.8110246931236879,0.6773388519091659,1.0491742241763806,0.7105293180102686
USDCOP,10,2025-12-29,PM,154,8,0.7822848991649644,0.5768846153846151,1.1204224060181207,0.4434325111112394
USDCOP,10,2025-12-29,PA,154,8,0.7214646556575743,0.6093945120327232,0.7547479601560271,0.6878324957488938
USDCOP,10,2025-12-29,VAR1,154,8,34.91970724332941,28.92877002282682,31.35833634554712,37.362377786720415
USDCOP,10,2025-12-29,ARHinc,154,8,0.6692415582412896,0.5628480664979868,0.6882826392337301,0.6579561281721753
USDCOP,10,2025-12-29,KernelARH,154,8,0.8078606205244617,0.7028171946981688,0.8087142117639374,0.7639524997912459
USDCOP,1,2025-12-17,PM,154,7,0.18513508581573626,0.1511538461538463,0.2447540225649841,0.15989133763165328
USDCOP,1,2025-12-17,PA,154,7,0.5494032842355809,0.44596152586524707,0.5075118668378157,0.6153519627750528
USDCOP,1,2025-12-17,VAR1,154,7,12.945053209342499,10.6861124702864,17.51279578723389,9.11247030519273
USDCOP,1,2025-12-17,ARHinc,154,7,0.5512768485878417,0.4494553204186762,0.5076127584774845,0.6162126225442691
USDCOP,1,2025-12-17,KernelARH,154,7,0.5709716720836724,0.4469509928418173,0.5545618638781468,0.6122845385443111
USDCOP,5,2025-12-23,PM,154,8,0.5468429935688897,0.39619230769230773,0.8755198413045626,0.3104162698248817
USDCOP,5,2025-12-23,PA,154,8,0.6053976409058283,0.5075088145882416,0.600943049633856,0.6485606328257613
USDCOP,5,2025-12-23,VAR1,154,8,40.868495137294346,30.706630779002328,59.11247868975768,26.659513403688578
USDCOP,5,2025-12-23,ARHinc,154,8,0.6100220356777718,0.5117913181209298,0.6066463996495028,0.6508259067216878
USDCOP,5,2025-12-23,KernelARH,154,8,0.6188780067988767,0.5162182122978193,0.658179199852435,0.6507826447325071
USDCOP,10,2025-12-30,PM,154,8,0.7705285398797574,0.5653076923076921,1.05450717660349,0.45444383033513025
USDCOP,10,2025-12-30,PA,154,8,0.784884424408022,0.6673878827265451,0.8603363570109628,0.7172725049582496
USDCOP,10,2025-12-30,VAR1,154,8,18.524746766067782,15.299074343929268,20.397442341388626,18.159176541991638
USDCOP,10,2025-12-30,ARHinc,154,8,0.7898297341952233,0.6720876499924225,0.8637418727210456,0.7205561205098888
USDCOP,10,2025-12-30,KernelARH,154,8,0.816619318309327,0.7032087674417453,0.8023229445857363,0.7741653211624991
USDCOP,1,2025-12-18,PM,154,7,0.23268623641157768,0.17057692307692307,0.30551901950447435,0.15056668616835506
USDCOP,1,2025-12-18,PA,154,7,0.5370186841091366,0.4325295287976252,0.4577925902372661,0.6105586490866091
USDCOP,1,2025-12-18,VAR1,154,7,1.5490250916493378,1.2691627034270088,2.126465906894593,1.1440217830762616
USDCOP,1,2025-12-18,ARHinc,154,7,0.5315558618327388,0.424341463801344,0.4531755358788582,0.6071847872515886
USDCOP,1,2025-12-18,KernelARH,154,7,0.5343639718283031,0.420471120681473,0.4671430988163507,0.6076383959456307
USDCOP,5,2025-12-24,PM,154,8,0.3087549439031145,0.23303846153846153,0.4181700950973492,0.18796449301825455
USDCOP,5,2025-12-24,PA,154,8,0.5387829972026335,0.43546346681005993,0.4573631645506425,0.6060759722865481
USDCOP,5,2025-12-24,VAR1,154,8,8.060236003389523,5.9943789510855074,12.163706136945702,4.7020543829346835
USDCOP,5,2025-12-24,ARHinc,154,8,0.530380023786859,0.42550813904832996,0.4478434728926955,0.6015495466080197
USDCOP,5,2025-12-24,KernelARH,154,8,0.6078600679176752,0.4936214524352638,0.5476270659009922,0.6482173635349096
USDCOP,10,2025-12-31,PM,154,8,0.73775367214893,0.47892307692307656,1.0548829152236532,0.3915514714120172
USDCOP,10,2025-12-31,PA,154,8,0.8162674010059222,0.6674166987602702,1.046480550350132,0.6647050952359792
USDCOP,10,2025-12-31,VAR1,154,8,9.401200828995332,7.333459119125683,14.0018735648986,5.909059507956486
USDCOP,10,2025-12-31,ARHinc,154,8,0.8017389590187504,0.6515344152836965,1.0289658895683509,0.6566863251346247
USDCOP,10,2025-12-31,KernelARH,154,8,0.6913409571316733,0.5642335738247798,0.7200553207620205,0.6843284775134214
USDCOP,1,2025-12-19,PM,154,7,0.29798554430606966,0.18869230769230783,0.47544764171215426,0.22568903945962845
USDCOP,1,2025-12-19,PA,154,7,0.4853118679139638,0.36578084370737085,0.49271960740062604,0.5377032960605417
USDCOP,1,2025-12-19,VAR1,154,7,43.057293077061495,34.72971858572469,62.009821777590055,27.989854141213698
USDCOP,1,2025-12-19,ARHinc,154,7,0.5203151397358656,0.38656867168676684,0.5917325929885512,0.5458550516460292
USDCOP,1,2025-12-19,KernelARH,154,7,0.52291887353574,0.39276443398750616,0.5930025703328267,0.5537959151966932
USDCOP,5,2025-12-25,PM,154,8,0.18946597522835285,0.12930769230769235,0.26705321584571606,0.12042742149600534
USDCOP,5,2025-12-25,PA,154,8,0.5124797179545272,0.4071761822485193,0.4455334781903985,0.5852596292744686
USDCOP,5,2025-12-25,VAR1,154,8,124.891653932253,95.27128431682121,183.71852825132035,80.15853100028671
USDCOP,5,2025-12-25,ARHinc,154,8,0.5047048362815179,0.3949395284459626,0.43297940732602636,0.5822212735103718
USDCOP,5,2025-12-25,KernelARH,154,8,0.606902002130834,0.48998865354782434,0.5499147258664696,0.6501072347812734
USDCOP,10,2026-01-01,PM,154,8,0.961545255745227,0.573576923076923,1.5832240709624765,0.44176022121253333
USDCOP,10,2026-01-01,PA,154,8,1.0399187019287792,0.7616211525123315,1.603176331680754,0.6812155679454082
USDCOP,10,2026-01-01,VAR1,154,8,47.742400352062994,39.11961070377829,58.50308764579077,43.36417230018249
USDCOP,10,2026-01-01,ARHinc,154,8,0.9741237712275208,0.718881021486133,1.4871286255873963,0.6603395460801889
USDCOP,10,2026-01-01,KernelARH,154,8,0.9219207290870165,0.739651855191462,1.2767742808323341,0.7103277608777772
USDCOP,1,2025-12-22,PM,154,7,0.1917799971521856,0.1568076923076923,0.19321570191629237,0.20434315125566566
USDCOP,1,2025-12-22,PA,154,7,0.550801848769173,0.44283528989700605,0.516096068580574,0.6060013635061172
USDCOP,1,2025-12-22,VAR1,154,7,67.17141190885778,51.709844999814756,98.70914082820501,42.059189476744244
USDCOP,1,2025-12-22,ARHinc,154,7,0.5712376603716831,0.4599171291717841,0.5363889712997297,0.6202315507032742
USDCOP,1,2025-12-22,KernelARH,154,7,0.5821166931714955,0.4662249094764548,0.5172054741639105,0.6628860419199786
USDCOP,5,2025-12-26,PM,154,8,0.4358556460925674,0.31153846153846176,0.6670909947200558,0.28085231879254263
USDCOP,5,2025-12-26,PA,154,8,0.6326164649980216,0.5127862383135114,0.7000384282483213,0.6329341342020558
USDCOP,5,2025-12-26,VAR1,154,8,266.6512096183003,206.67480732647158,395.9597951770468,168.41290625612928
USDCOP,5,2025-12-26,ARHinc,154,8,0.6751834047666866,0.5599184743933182,0.7601437976008397,0.655874054568951
USDCOP,5,2025-12-26,KernelARH,154,8,0.6259870994511938,0.49120789823321254,0.6179413217610454,0.6826644584482415
USDCOP,10,2026-01-02,PM,154,8,0.9844265218507054,0.619115384615385,1.667775306512497,0.4743248058648457
USDCOP,10,2026-01-02,PA,154,8,1.0353100277884877,0.7813532521159017,1.5709102409529272,0.7153895640735881
USDCOP,10,2026-01-02,VAR1,154,8,107.73209670727903,96.21158904433688,112.75672237248698,108.26286559105064
USDCOP,10,2026-01-02,ARHinc,154,8,1.0858650410893735,0.8353011713744761,1.6375180447704776,0.7446787843945251
USDCOP,10,2026-01-02,KernelARH,154,8,1.0298015021921179,0.7911442315408324,1.5375059637060946,0.7355221796913262
USDCOP,1,2025-12-23,PM,154,7,0.10945011157178833,0.07046153846153841,0.18125927971084232,0.05783855286655337
USDCOP,1,2025-12-23,PA,154,7,0.5364480867435807,0.4242377127165147,0.4719539427608385,0.6044121157027713
USDCOP,1,2025-12-23,VAR1,154,7,65.47144108991627,46.910113890267915,96.98330731130658,38.93763573365257
USDCOP,1,2025-12-23,ARHinc,154,7,0.5396574797151966,0.43011691849876255,0.476620281589737,0.6058560921653063
USDCOP,1,2025-12-23,KernelARH,154,7,0.5407926741135619,0.43157250013939086,0.4758245720197745,0.6074997781617951
USDCOP,5,2025-12-29,PM,154,8,0.5577025330627567,0.32711538461538475,0.8960020765550145,0.25847083062623094
USDCOP,5,2025-12-29,PA,154,8,0.7584804719967545,0.5930919763948396,0.9354795002453234,0.6513899836352363
USDCOP,5,2025-12-29,VAR1,154,8,275.15755128507425,213.4587676092751,412.1167342254899,167.21055464828063
USDCOP,5,2025-12-29,ARHinc,154,8,0.7497806401294365,0.5866161337254341,0.92003743669926,0.6499728674224743
USDCOP,5,2025-12-29,KernelARH,154,8,0.7240859146588382,0.5697017975395153,0.8655147841292863,0.6465313712489998
USDCOP,10,2026-01-05,PM,154,8,1.6390662943602043,1.2044230769230768,2.6434042158460467,0.9633711971015695
USDCOP,10,2026-01-05,PA,154,8,1.6758086397739573,1.2885724781747874,2.5268411997206237,1.137574887067464
USDCOP,10,2026-01-05,VAR1,154,8,213.00958636468533,163.96148713824905,310.39482032451735,135.560064567078
USDCOP,10,2026-01-05,ARHinc,154,8,1.6572607143910578,1.2682686441584408,2.501158977711356,1.125118189855908
USDCOP,10,2026-01-05,KernelARH,154,8,1.6407937871890816,1.2560874143531315,2.480273684913183,1.1117507393551922
USDCOP,1,2025-12-24,PM,154,7,0.23058568822757541,0.12276923076923062,0.41328278135345603,0.09861719359104727
USDCOP,1,2025-12-24,PA,154,7,0.5142435330996261,0.41319485913515414,0.4693665850131132,0.5862879761731651
USDCOP,1,2025-12-24,VAR1,154,7,53.787085975794234,38.971530458366004,80.35130081841213,31.525513345152277
USDCOP,1,2025-12-24,ARHinc,154,7,0.508795018374301,0.40791195076813436,0.4539243094678881,0.5852026842723942
USDCOP,1,2025-12-24,KernelARH,154,7,0.5100114176958441,0.40887437348855665,0.4513045783696648,0.5884545739653192
USDCOP,5,2025-12-30,PM,154,8,0.5271239545510509,0.34569230769230735,0.8411187854299347,0.25599625346258403
USDCOP,5,2025-12-30,PA,154,8,0.7302689041686589,0.5962891538441152,0.8835311631630327,0.6519785935768811
USDCOP,5,2025-12-30,VAR1,154,8,197.1157579621054,153.28843285084128,296.06367798201427,119.32982590566881
USDCOP,5,2025-12-30,ARHinc,154,8,0.7158421880904406,0.584141906527359,0.8574585234830259,0.6474086901391329
USDCOP,5,2025-12-30,KernelARH,154,8,0.7083964375794438,0.5777131832300256,0.8465655190004816,0.6456206691194424
USDCOP,10,2026-01-06,PM,154,8,1.5552418189415478,1.177923076923077,2.468236697815851,0.9498280352666986
USDCOP,10,2026-01-06,PA,154,8,1.6045119379001143,1.2574845597580309,2.385121911388802,1.1242284031196685
USDCOP,10,2026-01-06,VAR1,154,8,132.9854406100452,101.98053605980527,194.00745470765116,84.75676376160028
USDCOP,10,2026-01-06,ARHinc,154,8,1.5860512114446768,1.2425793249689445,2.3564578722759886,1.115866558960402
USDCOP,10,2026-01-06,KernelARH,154,8,1.605145053899225,1.2544503308718686,2.384864689959083,1.1291835511689001
USDCOP,1,2025-12-25,PM,154,7,0.06840525452151945,0.05569230769230771,0.08658758627685292,0.05469772502851601
USDCOP,1,2025-12-25,PA,154,7,0.49442026826796226,0.3821364638748101,0.4053807011058666,0.5795791201228785
USDCOP,1,2025-12-25,VAR1,154,7,36.22749906498116,26.582114345536848,54.29596051206309,21.10878295096329
USDCOP,1,2025-12-25,ARHinc,154,7,0.4932377044356917,0.38084864368075455,0.40475205230083316,0.5787603583429618
USDCOP,1,2025-12-25,KernelARH,154,7,0.49636629198890997,0.38710544516020856,0.409037420400618,0.5803696586830008
USDCOP,5,2025-12-31,PM,154,8,0.537005944674158,0.32411538461538497,0.8469488322839875,0.25472678874882804
USDCOP,5,2025-12-31,PA,154,8,0.6962697356776548,0.5577154484668673,0.8891786066421952,0.6088571101654939
USDCOP,5,2025-12-31,VAR1,154,8,131.07936945103918,101.44346239633416,197.6371127938645,78.27076612721345
USDCOP,5,2025-12-31,ARHinc,154,8,0.6783943222685148,0.5432980974821054,0.8560051627514945,0.604046491205354
USDCOP,5,2025-12-31,KernelARH,154,8,0.7199339149285003,0.5704355165979911,0.9408872977049314,0.6152671038737132
USDCOP,10,2026-01-07,PM,154,8,1.418512628397462,1.1236923076923075,2.176489394912797,0.9180122483782952
USDCOP,10,2026-01-07,PA,154,8,1.4898897573962078,1.1940383915152306,2.1790093244311057,1.0927674131673277
USDCOP,10,2026-01-07,VAR1,154,8,81.0882019128422,62.5192829798299,120.80871632809045,49.89770275559155
USDCOP,10,2026-01-07,ARHinc,154,8,1.465312398485143,1.1736202562614466,2.1417322766383613,1.0797870848317417
USDCOP,10,2026-01-07,KernelARH,154,8,1.5577867814335338,1.2364270037855096,2.2950972306933655,1.1240594037050915
USDCOP,1,2025-12-26,PM,154,7,0.1625286956911822,0.10261538461538455,0.2395470647925886,0.09623982857267034
USDCOP,1,2025-12-26,PA,154,7,0.5161717608378669,0.40876464863145734,0.45849673971287347,0.5889692350190338
USDCOP,1,2025-12-26,VAR1,154,7,38.63257047479517,28.61387436562169,57.5889349146797,23.005208714585706
USDCOP,1,2025-12-26,ARHinc,154,7,0.5153946434767599,0.4085996488941387,0.45622737989554407,0.5890452499195943
USDCOP,1,2025-12-26,KernelARH,154,7,0.5208146431116564,0.4072171868961326,0.44640883721988633,0.6018152050407948
USDCOP,5,2026-01-01,PM,154,8,0.855835062290716,0.4768461538461537,1.4561059842722461,0.3729950425581789
USDCOP,5,2026-01-01,PA,154,8,0.9437970967921565,0.6835053029911091,1.450801377353953,0.6441990123218346
USDCOP,5,2026-01-01,VAR1,154,8,141.19055359345583,109.96823520530788,211.77191793513703,86.02236195663092
USDCOP,5,2026-01-01,ARHinc,154,8,0.9342930590201027,0.6757955920332103,1.434918142716142,0.6412625624454766
USDCOP,5,2026-01-01,KernelARH,154,8,0.9461475639766761,0.6796461772220942,1.4581930801055631,0.6456354695293065
USDCOP,10,2026-01-08,PM,154,8,1.3700483392651064,1.075807692307692,2.1093660963053127,0.8679292215893571
USDCOP,10,2026-01-08,PA,154,8,1.4399365298389595,1.159096055868722,2.0988710150388776,1.0515610089539136
USDCOP,10,2026-01-08,VAR1,154,8,90.2673872964761,69.82725896682074,132.77407875725075,57.08184999952855
USDCOP,10,2026-01-08,ARHinc,154,8,1.4276514440890247,1.148294980099574,2.080613315740216,1.0452850807700123
USDCOP,10,2026-01-08,KernelARH,154,8,1.497609058026888,1.1998493323035118,2.1884909906678276,1.0843139411380232
USDCOP,1,2025-12-29,PM,154,7,0.22119670153334295,0.12919230769230758,0.29342695912428773,0.12431441863848651
USDCOP,1,2025-12-29,PA,154,7,0.5723812759868621,0.45094860603966647,0.5839456593460124,0.5994488100242219
USDCOP,1,2025-12-29,VAR1,154,7,29.92987117717396,22.118395919470974,44.706058818273505,17.648901778623287
USDCOP,1,2025-12-29,ARHinc,154,7,0.579967981772327,0.4568202727339829,0.5958320610275447,0.6017798580129119
USDCOP,1,2025-12-29,KernelARH,154,7,0.5865014792424367,0.46379960359947475,0.6065192425713103,0.6038537141463376
USDCOP,5,2026-01-02,PM,154,8,0.5890335549407639,0.3148461538461541,1.0408632727985399,0.24736527125049543
USDCOP,5,2026-01-02,PA,154,8,0.7238376740437736,0.5572025013697671,1.0176234365913766,0.6057504177956651
USDCOP,5,2026-01-02,VAR1,154,8,110.32334804521953,85.79688623390678,165.26182902815017,67.26208170997819
USDCOP,5,2026-01-02,ARHinc,154,8,0.7428273732859431,0.5707551024784998,1.055198975090971,0.60998289220682
USDCOP,5,2026-01-02,KernelARH,154,8,0.8397713517560659,0.6378855348480482,1.2377927416401437,0.6362104016988314
USDCOP,10,2026-01-09,PM,154,8,1.2100560222250363,1.0318076923076922,1.7477865146164488,0.8946456106006334
USDCOP,10,2026-01-09,PA,154,8,1.2796711429107988,1.0846011995635074,1.7098641214528518,1.064202410801605
USDCOP,10,2026-01-09,VAR1,154,8,69.514660372432715,54.0818507742896,102.8616727960944,43.54746310605545
USDCOP,10,2026-01-09,ARHinc,154,8,1.3006329347567995,1.1003869437538798,1.749983087795405,1.0698909625255986
USDCOP,10,2026-01-09,KernelARH,154,8,1.4203878064495796,1.1859316861258786,1.9641625259911015,1.1117399340292613
USDCOP,1,2025-12-30,PM,154,7,0.12082031318004056,0.08323076923076914,0.18876887011936008,0.0750021918203599
USDCOP,1,2025-12-30,PA,154,7,0.5347454992245728,0.4284175071075068,0.48456717809922606,0.6006324579644415
USDCOP,1,2025-12-30,VAR1,154,7,32.485359735185995,24.38367756233357,47.952806748165436,19.96041696815424
USDCOP,1,2025-12-30,ARHinc,154,7,0.5323970733551361,0.4275922045369893,0.4809003527535469,0.5998642394159948
USDCOP,1,2025-12-30,KernelARH,154,7,0.5381979855930988,0.43123540573976465,0.491754436306965,0.6014166072672262
USDCOP,5,2026-01-05,PM,154,8,1.1550520925648597,0.8783076923076925,1.8342093764963154,0.7738186201244385
USDCOP,5,2026-01-05,PA,154,8,1.217684053961824,0.982618899515713,1.7249081599422653,0.9701413804793827
USDCOP,5,2026-01-05,VAR1,154,8,121.20475266107854,94.39133034401856,181.3474933910845,74.43786422587239
USDCOP,5,2026-01-05,ARHinc,154,8,1.2006559412907416,0.9657649538005857,1.7037046090728176,0.9572701331734261
USDCOP,5,2026-01-05,KernelARH,154,8,1.3654361149861687,1.0942469010555171,1.9787423423228896,1.0210245731691494
USDCOP,10,2026-01-12,PM,154,8,1.0329327413132587,0.8978076923076924,1.4200503516990293,0.8416588823405432
USDCOP,10,2026-01-12,PA,154,8,1.1207364909801834,0.9658112072080208,1.3499079218228582,1.0265011527279517
USDCOP,10,2026-01-12,VAR1,154,8,77.89316428033713,60.50060742130231,114.42826257496515,49.43983936611164
USDCOP,10,2026-01-12,ARHinc,154,8,1.1015720369013098,0.9489428399729889,1.326814804547807,1.0117149969175316
USDCOP,10,2026-01-12,KernelARH,154,8,1.2984663410015345,1.113062856733285,1.6627603670692308,1.092448738960608
USDCOP,1,2025-12-31,PM,154,7,0.2090978791784438,0.12169230769230763,0.358574434200375,0.10170114972832102
USDCOP,1,2025-12-31,PA,154,7,0.5176541818613611,0.4096766984225958,0.5062854882106537,0.567004767501713
USDCOP,1,2025-12-31,VAR1,154,7,25.033903730029348,18.704389683274076,37.12932744760325,15.19521697107001
USDCOP,1,2025-12-31,ARHinc,154,7,0.5119653505985985,0.40373862302794494,0.48961094020206314,0.5667766426375812
USDCOP,1,2025-12-31,KernelARH,154,7,0.5112210304453618,0.40371530627449564,0.4871470783510802,0.5667834314031199
USDCOP,5,2026-01-06,PM,154,8,1.0854574762247977,0.8401538461538459,1.6762714988965688,0.7753753432688283
USDCOP,5,2026-01-06,PA,154,8,1.1757363091199087,0.94682819157522,1.6367909006093888,0.9788427916589869
USDCOP,5,2026-01-06,VAR1,154,8,89.62698615530303,69.72573288291792,134.24110903269977,54.91309255456608
USDCOP,5,2026-01-06,ARHinc,154,8,1.1455114600997605,0.9258896271202359,1.5887160160271299,0.958565969403729
USDCOP,5,2026-01-06,KernelARH,154,8,1.322892704862506,1.0703280664140697,1.8826433405313414,1.0282314197504634
USDCOP,10,2026-01-13,PM,154,8,1.0897129562059344,0.9236923076923077,1.52900687981358,0.8850579167728959
USDCOP,10,2026-01-13,PA,154,8,1.184476141060922,0.9945381488062196,1.5068246086089156,1.0658460194908554
USDCOP,10,2026-01-13,VAR1,154,8,58.15256586517882,44.919173778148036,85.51342771449521,36.74036776995071
USDCOP,10,2026-01-13,ARHinc,154,8,1.1543859748738525,0.9727574730541985,1.4595331909674243,1.044154214045268
USDCOP,10,2026-01-13,KernelARH,154,8,1.3809771240525353,1.157573121072894,1.841266659746923,1.1341925071412866
USDCOP,1,2026-01-01,PM,154,7,0.3953290377355591,0.1943846153846154,0.7124136754246266,0.16259381138066678
USDCOP,1,2026-01-01,PA,154,7,0.6012435743169587,0.46623761483169773,0.7791029947882411,0.5617255518322287
USDCOP,1,2026-01-01,VAR1,154,7,4.351017934769078,3.208036004646838,6.61677218111454,2.5301343224431503
USDCOP,1,2026-01-01,ARHinc,154,7,0.607146403176725,0.46733905482363136,0.7940980889497651,0.5623274756135559
USDCOP,1,2026-01-01,KernelARH,154,7,0.6544650783229157,0.5210416850872241,0.8753660201046674,0.579984594588594
USDCOP,5,2026-01-07,PM,154,8,0.9781561834547535,0.8181923076923079,1.4126689911329209,0.7807253912312492
USDCOP,5,2026-01-07,PA,154,8,1.0891950699538469,0.9052349928150255,1.4257243287736554,0.9825411207899535
USDCOP,5,2026-01-07,VAR1,154,8,13.557230231864105,10.341832906039558,20.554225665698258,8.16958028949432
USDCOP,5,2026-01-07,ARHinc,154,8,1.0904127484852228,0.9040761342889702,1.4348021417006047,0.9806672619232928
USDCOP,5,2026-01-07,KernelARH,154,8,1.5826346897554482,1.3733079560027333,2.147270029627654,1.193787596649398
USDCOP,10,2026-01-14,PM,154,8,1.1183489074730453,1.0434615384615382,1.300548766680078,1.0353604692521687
USDCOP,10,2026-01-14,PA,154,8,1.217192879148222,1.0698281518163897,1.3328943605039927,1.1957800689565663
USDCOP,10,2026-01-14,VAR1,154,8,5.477256479549791,4.270314715500254,8.193815455861667,3.507250936279797
USDCOP,10,2026-01-14,ARHinc,154,8,1.215463941187932,1.0660238022013633,1.3384425958338675,1.192932553794633
USDCOP,10,2026-01-14,KernelARH,154,8,1.6180603625341803,1.4526832608068345,1.981842414392125,1.3066456857995734
USDCOP,1,2026-01-02,PM,154,7,0.18541857532869535,0.13088461538461554,0.2927494508112353,0.09977973840626479
USDCOP,1,2026-01-02,PA,154,7,0.5260176443750402,0.40917162295880766,0.4620876197436395,0.582738866916967
USDCOP,1,2026-01-02,VAR1,154,7,42.69819694517808,30.81750743439145,64.69759503688067,23.7799266338242
USDCOP,1,2026-01-02,ARHinc,154,7,0.5418164272815331,0.4239702424958516,0.49473462773342747,0.5871734306219061
USDCOP,1,2026-01-02,KernelARH,154,7,0.5585425361242207,0.44527893205169866,0.4529282343502735,0.6183485552912984
USDCOP,5,2026-01-08,PM,154,8,0.7094971472268767,0.6298076923076918,0.780193113408475,0.6920252507478122
USDCOP,5,2026-01-08,PA,154,8,0.867595894225579,0.7273735322828885,0.9131102827913858,0.9123566771971391
USDCOP,5,2026-01-08,VAR1,154,8,139.56599675125645,105.88957474141453,211.8699791266755,80.38934488232054
USDCOP,5,2026-01-08,ARHinc,154,8,0.8306622992225018,0.6931338475208458,0.8483051555637918,0.8932604481301489
USDCOP,5,2026-01-08,KernelARH,154,8,1.5992434118737016,1.4257268336843494,2.012924516553603,1.3248570579955659
USDCOP,10,2026-01-15,PM,154,8,1.068936971949235,1.0041153846153843,1.1458958240100812,1.016252184609177
USDCOP,10,2026-01-15,PA,154,8,1.1842642874077631,1.0374070965412105,1.2536559427880476,1.1845251991617747
USDCOP,10,2026-01-15,VAR1,154,8,85.72502946031456,67.61150171330497,126.96614912751129,54.36832947689986
USDCOP,10,2026-01-15,ARHinc,154,8,1.139473335481266,0.9906769774031471,1.180393078923861,1.1606497109684581
USDCOP,10,2026-01-15,KernelARH,154,8,2.027099116053167,1.830918743612229,2.5232662956313363,1.6586057970451102
USDCOP,1,2026-01-05,PM,154,7,0.7981765276120121,0.7037307692307693,0.9915659811206976,0.7161115298256688
USDCOP,1,2026-01-05,PA,154,7,0.9469501364105073,0.7983453840534965,1.1238385989439466,0.9274710692530981
USDCOP,1,2026-01-05,VAR1,154,7,29.591261290192175,21.693305434803264,44.48411918451784,16.997626303936777
USDCOP,1,2026-01-05,ARHinc,154,7,0.9627104795729471,0.8138005158428323,1.1465819482579158,0.9355749433337606
USDCOP,1,2026-01-05,KernelARH,154,7,0.8921453129108966,0.7507644626097437,1.036452404896533,0.8974447779121133
USDCOP,5,2026-01-09,PM,154,8,0.7918221743353938,0.7313846153846154,0.8312156756536733,0.7845478937693848
USDCOP,5,2026-01-09,PA,154,8,0.927470592111413,0.794436299834202,0.9422023288604645,0.9787998812698816
USDCOP,5,2026-01-09,VAR1,154,8,98.25099304617011,74.833909390372,149.10342333966975,56.85911141598768
USDCOP,5,2026-01-09,ARHinc,154,8,0.9507699128814997,0.8184938868967073,0.9774391888099175,0.9924990891091189
USDCOP,5,2026-01-09,KernelARH,154,8,1.3903897079933742,1.2535233801784686,1.6138601030340451,1.248186734878337
USDCOP,10,2026-01-16,PM,154,8,1.1654508041625251,1.1129615384615383,1.3325670374743508,1.086493783689379
USDCOP,10,2026-01-16,PA,154,8,1.2763767889864848,1.1268195972015453,1.4372486498869541,1.241742466955087
USDCOP,10,2026-01-16,VAR1,154,8,60.46972992638136,48.038049622501724,89.11610014522105,38.97892253794037
USDCOP,10,2026-01-16,ARHinc,154,8,1.3023137188439988,1.153384528488497,1.4741595907578526,1.2577056354500729
USDCOP,10,2026-01-16,KernelARH,154,8,1.882250437046713,1.7105367418044028,2.318992938286279,1.5904215313414414
USDCOP,1,2026-01-06,PM,154,7,0.06185474610233739,0.051461538461538524,0.060191164786545515,0.05484446873369326
USDCOP,1,2026-01-06,PA,154,7,0.5559563276077732,0.43975614360287374,0.5101350753248994,0.6237100936469884
USDCOP,1,2026-01-06,VAR1,154,7,47.40623229429097,34.30138234085573,71.5995883602546,26.54701411288211
USDCOP,1,2026-01-06,ARHinc,154,7,0.5576146573174291,0.43770363274690255,0.4922742999474945,0.6316309767705779
USDCOP,1,2026-01-06,KernelARH,154,7,0.8601926681020083,0.7015704115381592,1.1570482867638625,0.7127943251109057
USDCOP,5,2026-01-12,PM,154,8,0.32532025641015516,0.23630769230769225,0.5234111366022937,0.18863383430603112
USDCOP,5,2026-01-12,PA,154,8,0.6002887407318431,0.49349847914401923,0.6198112855724711,0.63598762742497
USDCOP,5,2026-01-12,VAR1,154,8,132.45090954310137,99.83426507879355,201.34031003692556,76.32347041060754
USDCOP,5,2026-01-12,ARHinc,154,8,0.6594083608230731,0.5235201854916345,0.7893326854287939,0.6391865253226947
USDCOP,5,2026-01-12,KernelARH,154,8,0.6290662676511574,0.5014169703078263,0.6367153060283225,0.650092446512237
USDCOP,10,2026-01-19,PM,154,8,0.48987562196949536,0.42076923076923073,0.5715856506104298,0.3958504648485622
USDCOP,10,2026-01-19,PA,154,8,0.661407070966825,0.5793719522474486,0.6549274735476224,0.6743092779101373
USDCOP,10,2026-01-19,VAR1,154,8,67.77346746053911,54.07850723535169,94.86492527417614,48.5825303706791
USDCOP,10,2026-01-19,ARHinc,154,8,0.551601236915031,0.46403644509196124,0.49093447289277903,0.610937780809263
USDCOP,10,2026-01-19,KernelARH,154,8,1.1390516594648177,0.990901984450268,1.5339265515150133,0.8584191669799264
USDCOP,1,2026-01-07,PM,154,7,0.054947964895470575,0.04646153846153853,0.07017611926684947,0.05119465557425356
USDCOP,1,2026-01-07,PA,154,7,0.545792310587839,0.42558848671459587,0.5098968095140729,0.6142629052098997
USDCOP,1,2026-01-07,VAR1,154,7,55.01227133765957,40.84929660769082,82.75048376072755,30.572839922798256
USDCOP,1,2026-01-07,ARHinc,154,7,0.5437771552129718,0.41883599939550037,0.4932413631721121,0.6141683871942273
USDCOP,1,2026-01-07,KernelARH,154,7,1.7763522155645415,1.530043368347615,2.2712370278628646,1.3194259035971003
USDCOP,5,2026-01-13,PM,154,8,0.20920763977078244,0.1814230769230768,0.2784343119778652,0.16827372333539176
USDCOP,5,2026-01-13,PA,154,8,0.5454507360610454,0.4381637094789582,0.46480546433418823,0.628636575531901
USDCOP,5,2026-01-13,VAR1,154,8,187.41237672395508,137.95100339227585,283.6763318539564,104.65507543745817
USDCOP,5,2026-01-13,ARHinc,154,8,0.5501289646115421,0.43837700976719973,0.4838159029303639,0.6266950340365901
USDCOP,5,2026-01-13,KernelARH,154,8,1.656186675984529,1.3834437686876933,2.244367065754653,1.177588986003241
USDCOP,10,2026-01-20,PM,154,8,0.6084944772519748,0.5330384615384616,0.7626467739462072,0.4689675255685374
USDCOP,10,2026-01-20,PA,154,8,0.7635863352708413,0.670377526361295,0.8549520872936884,0.7296189951376403
USDCOP,10,2026-01-20,VAR1,154,8,98.81237451931099,76.59698521314421,145.98033506125077,62.68819597287175
USDCOP,10,2026-01-20,ARHinc,154,8,0.7415862255554104,0.6494822174097359,0.8091378848312659,0.7185154826115808
USDCOP,10,2026-01-20,KernelARH,154,8,1.0946440355368183,0.9069295513855838,1.366015010167884,0.8549421093062984
USDCOP,1,2026-01-08,PM,154,7,0.08290576207125404,0.04642307692307682,0.09783674067982664,0.05605271736429749
USDCOP,1,2026-01-08,PA,154,7,0.5303430436111877,0.40772300547931695,0.46630389142522966,0.607699606889213
USDCOP,1,2026-01-08,VAR1,154,7,58.2194760305801,44.465548518206,85.62236287023302,34.12526059642864
USDCOP,1,2026-01-08,ARHinc,154,7,0.5295119516723943,0.40605523905514856,0.46141097017510907,0.6074103684073373
USDCOP,1,2026-01-08,KernelARH,154,7,0.5306817564808863,0.40861071788428865,0.4662637413782018,0.607835803834546
USDCOP,5,2026-01-14,PM,154,8,0.37718676510348387,0.32434615384615384,0.4471887896397946,0.31384014022767537
USDCOP,5,2026-01-14,PA,154,8,0.6060088394088645,0.5050773868389071,0.5029003440239529,0.6834212591740905
USDCOP,5,2026-01-14,VAR1,154,8,221.45348579606804,164.489468614225,328.91106140954196,127.25079040022439
USDCOP,5,2026-01-14,ARHinc,154,8,0.6033447996407297,0.5008393536886653,0.5076527082660068,0.6807855950334285
USDCOP,5,2026-01-14,KernelARH,154,8,0.6045670252982474,0.5038807424505543,0.50083171976489,0.6837000254096413
USDCOP,10,2026-01-21,PM,154,8,0.4973343365460424,0.42746153846153834,0.5827848429187427,0.39451648853131394
USDCOP,10,2026-01-21,PA,154,8,0.6669039307694575,0.5743960377408749,0.6780884400818729,0.674055262160822
USDCOP,10,2026-01-21,VAR1,154,8,121.67749406475966,91.86866406963368,180.63171321797265,72.847361939035
USDCOP,10,2026-01-21,ARHinc,154,8,0.6528574496976369,0.55969421408129,0.6510524836721521,0.6686997750912584
USDCOP,10,2026-01-21,KernelARH,154,8,0.6710159046751214,0.5783977845493441,0.6853584638998145,0.6775628921277241
USDCOP,1,2026-01-09,PM,154,7,0.15043127104326487,0.09788461538461556,0.2562699972160143,0.0786606795024958
USDCOP,1,2026-01-09,PA,154,7,0.5198904708981793,0.39605184488773487,0.4340092066188333,0.6029940861091856
USDCOP,1,2026-01-09,VAR1,154,7,39.48060652728926,30.024710257289293,58.437280882874944,22.837121276218905
USDCOP,1,2026-01-09,ARHinc,154,7,0.5155262499666241,0.39403441386133825,0.4246385019135935,0.601759317389423
USDCOP,1,2026-01-09,KernelARH,154,7,0.5245766192102904,0.3941047363860928,0.44539833401522844,0.6032517334262292
USDCOP,5,2026-01-15,PM,154,8,0.41086382967896035,0.3743076923076925,0.46167378400683234,0.349465829166547
USDCOP,5,2026-01-15,PA,154,8,0.6604092536773296,0.567658182289481,0.6318125829639585,0.7089303398940858
USDCOP,5,2026-01-15,VAR1,154,8,145.32002774084054,108.56200011202851,215.27095130616277,84.47423123582776
USDCOP,5,2026-01-15,ARHinc,154,8,0.668135896655362,0.5739087381782276,0.6529971298378939,0.7101279061065946
USDCOP,5,2026-01-15,KernelARH,154,8,0.6523564631095757,0.5608212510028011,0.6059506357144001,0.7036831843110455
USDCOP,10,2026-01-22,PM,154,8,0.6160977538570421,0.5600769230769231,0.7458352124466394,0.5336987819064486
USDCOP,10,2026-01-22,PA,154,8,0.7958941353140446,0.6899768660970523,0.9005376458187413,0.7772245207855312
USDCOP,10,2026-01-22,VAR1,154,8,81.78609895517403,62.026843353736446,119.73358460028521,50.10443060254273
USDCOP,10,2026-01-22,ARHinc,154,8,0.80703559632732,0.6992183736026628,0.9281017705099452,0.7790356260282522
USDCOP,10,2026-01-22,KernelARH,154,8,0.7925620368725541,0.6865231630579433,0.8789050909395393,0.7763221318460295
USDCOP,1,2026-01-12,PM,154,7,0.16016622975473382,0.1041153846153848,0.26790353172463766,0.07884315381129822
USDCOP,1,2026-01-12,PA,154,7,0.5174784226619571,0.3922071670752844,0.4358797252057238,0.6022598081974528
USDCOP,1,2026-01-12,VAR1,154,7,19.786024903690933,14.90487274174232,29.537430054987517,11.216698774357289
USDCOP,1,2026-01-12,ARHinc,154,7,0.5172346475653374,0.3918121316945505,0.4374285840717487,0.6016593521277669
USDCOP,1,2026-01-12,KernelARH,154,7,0.5187814142281182,0.3917662631680243,0.44284377277197057,0.6014106821616072
USDCOP,5,2026-01-16,PM,154,8,0.4444927424344778,0.3815769230769229,0.5985367862968618,0.3397106842721632
USDCOP,5,2026-01-16,PA,154,8,0.6807815836942404,0.5760610501899277,0.732665062473465,0.697834511928552
USDCOP,5,2026-01-16,VAR1,154,8,68.19937718615343,50.956014339744556,101.29915063450159,39.62667374067432
USDCOP,5,2026-01-16,ARHinc,154,8,0.674676188635232,0.569737186073791,0.7215139690141251,0.6946733724243499
USDCOP,5,2026-01-16,KernelARH,154,8,0.643084953371761,0.5380193543734277,0.6210486389456382,0.6892310836634581
USDCOP,10,2026-01-23,PM,154,8,0.8143187336663696,0.6791538461538461,1.1954008521134438,0.5599474331634974
USDCOP,10,2026-01-23,PA,154,8,0.9384236196094187,0.7880105655081119,1.2732916009230426,0.7839546037929769
USDCOP,10,2026-01-23,VAR1,154,8,37.96298612668488,28.986679994975805,55.66372833952999,23.50153804058397
USDCOP,10,2026-01-23,ARHinc,154,8,0.9301084774324798,0.7794591216511819,1.2603402619774404,0.7794701445798305
USDCOP,10,2026-01-23,KernelARH,154,8,0.8882212718736472,0.7545054452957357,1.1393550952651597,0.7826449799412967
USDCOP,1,2026-01-13,PM,154,7,0.17316205171412757,0.12249999999999998,0.2846367373175401,0.09505242615217875
USDCOP,1,2026-01-13,PA,154,7,0.5566473705906603,0.4313465939153885,0.5534693341917556,0.6134777754607172
USDCOP,1,2026-01-13,VAR1,154,7,8.193560988952374,5.932394120080948,12.503160026401217,4.429583509463171
USDCOP,1,2026-01-13,ARHinc,154,7,0.5561580646887633,0.42985261313600825,0.5548197956993491,0.6116565194316942
USDCOP,1,2026-01-13,KernelARH,154,7,0.5559051941447899,0.4297014165163809,0.5513008011001286,0.611141994396057
USDCOP,5,2026-01-19,PM,154,8,0.577098886673679,0.4058076923076922,0.9066770852896174,0.3274767691251625
USDCOP,5,2026-01-19,PA,154,8,0.7302992245965788,0.594113883641908,0.9866690655912529,0.6175210490507174
USDCOP,5,2026-01-19,VAR1,154,8,26.636709626911895,19.81715065140902,40.54811081383885,14.982994278546725
USDCOP,5,2026-01-19,ARHinc,154,8,0.738125906265544,0.5962165117911942,1.0017328500791576,0.6175989283310205
USDCOP,5,2026-01-19,KernelARH,154,8,0.6513696278678534,0.5445055424278284,0.7817670818113687,0.6114738322141361
USDCOP,10,2026-01-26,PM,154,8,0.8995323304148318,0.6578461538461535,1.4400860949233079,0.5173368308963534
USDCOP,10,2026-01-26,PA,154,8,1.0069653154708598,0.7980894395885738,1.503504256742948,0.7321620828152635
USDCOP,10,2026-01-26,VAR1,154,8,16.27309780221547,11.9887867793567,24.78699506993492,9.361314825768035
USDCOP,10,2026-01-26,ARHinc,154,8,1.01496547541143,0.802650584064155,1.5186676031954376,0.7308125046153369
USDCOP,10,2026-01-26,KernelARH,154,8,0.9053882698149175,0.7510196723198916,1.2549421932622062,0.73036220359818
USDCOP,1,2026-01-14,PM,154,7,0.2399403972464186,0.21538461538461537,0.2500411422256175,0.2037834626908649
USDCOP,1,2026-01-14,PA,154,7,0.554841496457282,0.4623899035244403,0.4602258330225853,0.6370714045297254
USDCOP,1,2026-01-14,VAR1,154,7,20.314240018665327,15.468032594872273,30.03296328377524,11.757601713876156
USDCOP,1,2026-01-14,ARHinc,154,7,0.5519605643264316,0.4585962015756132,0.4514318710272537,0.6389717135259085
USDCOP,1,2026-01-14,KernelARH,154,7,0.5617469695141813,0.4688849834767443,0.4558347689169037,0.6489430521896817
USDCOP,5,2026-01-20,PM,154,8,0.5980980270825176,0.4537307692307693,0.8818871679206821,0.3726516776624125
USDCOP,5,2026-01-20,PA,154,8,0.7606438832408923,0.6328128419428268,0.9841763381971013,0.6609030636054294
USDCOP,5,2026-01-20,VAR1,154,8,69.55785525685972,52.02664669207391,102.95979149599204,40.644066251674424
USDCOP,5,2026-01-20,ARHinc,154,8,0.7527158510832732,0.628434755299384,0.9686534222046332,0.6605260101887876
USDCOP,5,2026-01-20,KernelARH,154,8,0.776319886594831,0.6619804243908163,0.9752797201479649,0.6912501786602411
USDCOP,10,2026-01-27,PM,154,8,0.8505621444306471,0.7756153846153843,1.1145438597128283,0.6868920112109138
USDCOP,10,2026-01-27,PA,154,8,1.0018800078036274,0.8779636274297192,1.2236847433203923,0.921513709939071
USDCOP,10,2026-01-27,VAR1,154,8,37.173139237685795,28.41398979961386,54.36639470674953,23.054258237418022
USDCOP,10,2026-01-27,ARHinc,154,8,0.9958917700763382,0.8729800787592915,1.2086974410976734,0.9247427154959249
USDCOP,10,2026-01-27,KernelARH,154,8,1.0341121593703275,0.9108045701859598,1.2171163311202566,0.9774920569988945
USDCOP,1,2026-01-15,PM,154,7,0.28611741134877317,0.15515384615384634,0.4841205179609779,0.12697084672299244
USDCOP,1,2026-01-15,PA,154,7,0.599872034344767,0.47610641822151084,0.65984776444252,0.6268816530379616
USDCOP,1,2026-01-15,VAR1,154,7,4.465752992358288,3.4797611760016993,6.351763798822767,2.7694239192107504
USDCOP,1,2026-01-15,ARHinc,154,7,0.5745310424532883,0.4513483363032728,0.5926182304064577,0.6220134732592989
USDCOP,1,2026-01-15,KernelARH,154,7,0.5847345268028878,0.4581270210106607,0.6244091138248726,0.6228108186645284
USDCOP,5,2026-01-21,PM,154,8,0.3845740025814776,0.26084615384615395,0.6222149243877171,0.20919127456558023
USDCOP,5,2026-01-21,PA,154,8,0.6021678284412709,0.4788963255640217,0.7352162568973567,0.5754123489740436
USDCOP,5,2026-01-21,VAR1,154,8,15.311698277639614,11.557195616155385,22.160705211106265,9.293883547756439
USDCOP,5,2026-01-21,ARHinc,154,8,0.5683601321391093,0.44138155259749356,0.6547518013896817,0.5681404453154126
USDCOP,5,2026-01-21,KernelARH,154,8,0.6100639705209344,0.5006423236581219,0.7079596086774128,0.596960521978007
USDCOP,10,2026-01-28,PM,154,8,0.682995663912354,0.5454230769230767,1.0263731683238537,0.46583671322051046
USDCOP,10,2026-01-28,PA,154,8,0.8268389774232495,0.6962093590248682,1.098007379043314,0.7189106846038329
USDCOP,10,2026-01-28,VAR1,154,8,6.863122171680906,5.400504665760078,8.647742489437423,5.40107404050226
USDCOP,10,2026-01-28,ARHinc,154,8,0.7683224743128414,0.6452909174214481,0.9971198393924616,0.6874545541935826
USDCOP,10,2026-01-28,KernelARH,154,8,0.9105026114069705,0.7921900504834758,1.1313817085306648,0.8247810244050574
USDCOP,1,2026-01-16,PM,154,7,0.14850618350244407,0.11273076923076944,0.1783449163745685,0.1099151489503455
USDCOP,1,2026-01-16,PA,154,7,0.5657298384599891,0.4474283128416524,0.5111774496514344,0.622671003888565
USDCOP,1,2026-01-16,VAR1,154,7,29.416571109620598,22.75375568111677,42.75700078576271,17.628004317390527
USDCOP,1,2026-01-16,ARHinc,154,7,0.5665306762132666,0.44529603034104503,0.5072674949039755,0.6228038790746604
USDCOP,1,2026-01-16,KernelARH,154,7,0.5669479215164488,0.45038389606841667,0.5068644756500081,0.6261912606590788
USDCOP,5,2026-01-22,PM,154,8,0.3064689562644906,0.24315384615384622,0.43246603575952725,0.23854405295312145
USDCOP,5,2026-01-22,PA,154,8,0.6008683257291789,0.4860516021775948,0.6687712237651948,0.6103589570782407
USDCOP,5,2026-01-22,VAR1,154,8,112.1239488581801,84.99541017375091,163.06472759695288,67.8458460681675
USDCOP,5,2026-01-22,ARHinc,154,8,0.5875224815965663,0.47312310805939123,0.6373820515970765,0.6035692501151172
USDCOP,5,2026-01-22,KernelARH,154,8,0.6994058141541079,0.5859805354802297,0.829303562875254,0.6763396848956654
USDCOP,10,2026-01-29,PM,154,8,0.43734244415736584,0.3815769230769232,0.5328637991965471,0.39528996641715136
USDCOP,10,2026-01-29,PA,154,8,0.6605284731459283,0.555098942712257,0.7278189651086306,0.6749124716713024
USDCOP,10,2026-01-29,VAR1,154,8,63.2454939663325,48.31567760118447,89.07872384568368,40.8916993015386
USDCOP,10,2026-01-29,ARHinc,154,8,0.6389268636336273,0.5347667071707988,0.6864480738071637,0.6622005862693245
USDCOP,10,2026-01-29,KernelARH,154,8,0.8523327443549207,0.7423004338262074,1.020225027733939,0.8013867937423188
USDCOP,1,2026-01-19,PM,154,7,0.16140771952752736,0.12419230769230771,0.18288994986993395,0.14449464404341603
USDCOP,1,2026-01-19,PA,154,7,0.508824982220212,0.38367924805534753,0.45993285257234257,0.5657625493584818
USDCOP,1,2026-01-19,VAR1,154,7,42.88461371439623,33.38524449065058,61.97592752107161,26.294511069555316
USDCOP,1,2026-01-19,ARHinc,154,7,0.5025284869647096,0.38471422679122175,0.4643384010749597,0.5551702961063832
USDCOP,1,2026-01-19,KernelARH,154,7,0.6926404109359112,0.607715799843278,0.810393116521398,0.6435826936942337
USDCOP,5,2026-01-23,PM,154,8,0.4040095319705675,0.30196153846153834,0.6379844918499797,0.24479918044014698
USDCOP,5,2026-01-23,PA,154,8,0.6715292808464666,0.5387668687547389,0.8487471979023421,0.6252099466132877
USDCOP,5,2026-01-23,VAR1,154,8,167.44489714018493,125.91793282351034,245.11488590964774,99.6720004283123
USDCOP,5,2026-01-23,ARHinc,154,8,0.6888532382454995,0.5550427915103238,0.8820018448451786,0.6338266928672392
USDCOP,5,2026-01-23,KernelARH,154,8,2.1534371814984166,1.8893261757431474,2.9786582864528137,1.5537236611918477
USDCOP,10,2026-01-30,PM,154,8,0.3502477145370997,0.32415384615384635,0.40058984542820625,0.32814101635246956
USDCOP,10,2026-01-30,PA,154,8,0.6270610825485075,0.5325331196054754,0.6345396740042915,0.6637168925132777
USDCOP,10,2026-01-30,VAR1,154,8,92.82875150994671,70.49801633600146,131.95877580165646,59.23443794834628
USDCOP,10,2026-01-30,ARHinc,154,8,0.6442316775534647,0.5480811198464693,0.66367728746594,0.6770680358130942
USDCOP,10,2026-01-30,KernelARH,154,8,2.31870955919921,2.111569429714719,3.0271034056661494,1.7984628858768825
USDCOP,1,2026-01-20,PM,154,7,0.15378665916932302,0.13384615384615373,0.21983220953426455,0.11550477481818643
USDCOP,1,2026-01-20,PA,154,7,0.5321161671431518,0.433388247536656,0.4871943911755693,0.5865030944122896
USDCOP,1,2026-01-20,VAR1,154,7,32.17664153403925,25.322040157468486,46.047382321103214,20.05628947491974
USDCOP,1,2026-01-20,ARHinc,154,7,0.5463379245541929,0.44625221941060583,0.5337371607146735,0.5916460404192344
USDCOP,1,2026-01-20,KernelARH,154,7,0.5958887846560563,0.5026119464412453,0.6106454531890614,0.6216354240906161
USDCOP,5,2026-01-26,PM,154,8,0.34359328595571564,0.2558461538461539,0.5604037239932684,0.20958840204405868
USDCOP,5,2026-01-26,PA,154,8,0.6181368058523913,0.49975120646901616,0.7631017770649317,0.5974765013564522
USDCOP,5,2026-01-26,VAR1,154,8,127.72275793735524,95.00118975183238,186.90605322209782,75.2613365722405
USDCOP,5,2026-01-26,ARHinc,154,8,0.6512526600440315,0.5277079941314018,0.8389217059759977,0.6084736796040271
USDCOP,5,2026-01-26,KernelARH,154,8,1.3790504457984478,1.1937839379977275,1.9368430529111946,1.0157412380892314
USDCOP,10,2026-02-02,PM,154,8,0.34318299390804935,0.3119230769230767,0.26076543909163247,0.39095253652136747
USDCOP,10,2026-02-02,PA,154,8,0.6022835961303288,0.5140087113003218,0.4686745980660706,0.6948813874798859
USDCOP,10,2026-02-02,VAR1,154,8,71.37495109973385,54.074025095996355,99.9206946796685,45.93476712492529
USDCOP,10,2026-02-02,ARHinc,154,8,0.6104736162642118,0.5238046223586054,0.4820824529514639,0.7049979667753844
USDCOP,10,2026-02-02,KernelARH,154,8,1.5854841763741798,1.4584315440579252,1.9264282108376307,1.3253528711920441
USDCOP,1,2026-01-21,PM,154,7,0.11641231431028683,0.07350000000000027,0.19260535751825894,0.058848822162756755
USDCOP,1,2026-01-21,PA,154,7,0.5234744755089854,0.4036542512572787,0.4740372556312009,0.570018597363033
USDCOP,1,2026-01-21,VAR1,154,7,51.50368562242086,40.7908006836434,73.22509529674912,32.56939904154993
USDCOP,1,2026-01-21,ARHinc,154,7,0.540975136942606,0.42123338650898673,0.5134555096719627,0.5745594161204118
USDCOP,1,2026-01-21,KernelARH,154,7,0.9383807500030255,0.7664667172040261,1.1842419265957203,0.7512073921370666
USDCOP,5,2026-01-27,PM,154,8,0.35999639421271123,0.3261153846153844,0.3181314241093313,0.39519363022404597
USDCOP,5,2026-01-27,PA,154,8,0.6673626627291166,0.572803577026587,0.5884816845247955,0.7521458973139427
USDCOP,5,2026-01-27,VAR1,154,8,183.4392021813406,133.99076004760482,270.48620664717345,105.15049704562033
USDCOP,5,2026-01-27,ARHinc,154,8,0.6537327921754972,0.5561666996901891,0.5573568137451274,0.7435563735778933
USDCOP,5,2026-01-27,KernelARH,154,8,0.6204987547983893,0.5210946541355446,0.5262062596760223,0.7023135329502287
USDCOP,10,2026-02-03,PM,154,8,0.30667070788864553,0.26784615384615373,0.3775894110126123,0.28742593037542163
USDCOP,10,2026-02-03,PA,154,8,0.5915872449904109,0.49432485020323896,0.52932751557576,0.6524642414528931
USDCOP,10,2026-02-03,VAR1,154,8,112.47717561085861,85.29657390083707,159.04024493447747,70.57092816873352
USDCOP,10,2026-02-03,ARHinc,154,8,0.6058434711243853,0.5056764638357997,0.5741279996960796,0.6512923601111344
USDCOP,10,2026-02-03,KernelARH,154,8,0.5872914868235088,0.4940216330891112,0.45904847828800693,0.6810244903573184
USDCOP,1,2026-01-22,PM,154,7,0.19545533623193448,0.17265384615384632,0.2522335834561816,0.17353040916426649
USDCOP,1,2026-01-22,PA,154,7,0.561717107570135,0.4647508210624529,0.5283982497709558,0.6087600329885222
USDCOP,1,2026-01-22,VAR1,154,7,39.374777443752194,31.140631553774632,56.04241960532357,24.921002535479563
USDCOP,1,2026-01-22,ARHinc,154,7,0.5651388079296263,0.4684327401059411,0.5385329632464381,0.6114210272061775
USDCOP,1,2026-01-22,KernelARH,154,7,0.5712578203025594,0.47445919177100215,0.5486559287197216,0.6165405253809138
USDCOP,5,2026-01-28,PM,154,8,0.3709214746878584,0.3483846153846157,0.4418862061753886,0.3480213914700225
USDCOP,5,2026-01-28,PA,154,8,0.630727053518888,0.5492878937802087,0.645952281723694,0.6720641510638069
USDCOP,5,2026-01-28,VAR1,154,8,136.12531356518636,98.6938949720016,201.53388200771207,77.36664862727483
USDCOP,5,2026-01-28,ARHinc,154,8,0.6419735019017423,0.5592545776351443,0.6690557987983882,0.6786611742647364
USDCOP,5,2026-01-28,KernelARH,154,8,0.7317674883411327,0.651665149095683,0.8113606085572067,0.7370895408934761
USDCOP,10,2026-02-04,PM,154,8,0.3530767240656386,0.3196538461538462,0.3552451425493309,0.3667488607932983
USDCOP,10,2026-02-04,PA,154,8,0.6356530957360225,0.5332636302561539,0.545334636590741,0.7003320310493322
USDCOP,10,2026-02-04,VAR1,154,8,82.71882193388649,63.212179525181014,117.21310558710874,52.066332846194676
USDCOP,10,2026-02-04,ARHinc,154,8,0.6341160748154241,0.5326190928547736,0.534637692062477,0.7042683438298616
USDCOP,10,2026-02-04,KernelARH,154,8,1.1185011124382287,1.014648169962981,1.200083352474398,1.0841346755282901
USDCOP,1,2026-01-23,PM,154,7,0.1643148654261082,0.09969230769230775,0.2770316910889566,0.07612443385206769
USDCOP,1,2026-01-23,PA,154,7,0.5708651534162158,0.45101104339330933,0.6082512792112591,0.5845339190895424
USDCOP,1,2026-01-23,VAR1,154,7,58.348422232956416,46.85544458266652,81.7355572151354,37.979785193349215
USDCOP,1,2026-01-23,ARHinc,154,7,0.5647785336239164,0.441368289553407,0.5726711041630403,0.5858953837566608
USDCOP,1,2026-01-23,KernelARH,154,7,0.5647861358010904,0.4486979196408569,0.5846202186121404,0.5812360725164747
USDCOP,5,2026-01-29,PM,154,8,0.19046198893944505,0.1759230769230771,0.19749775284567367,0.18553096225612714
USDCOP,5,2026-01-29,PA,154,8,0.5411913159411654,0.4482520628165248,0.5008434657143032,0.5964647211723291
USDCOP,5,2026-01-29,VAR1,154,8,181.45852702018695,131.61595104243932,268.7322205092232,102.31884773449562
USDCOP,5,2026-01-29,ARHinc,154,8,0.5298217693135576,0.43789945541740366,0.4612013242806958,0.5915504782917628
USDCOP,5,2026-01-29,KernelARH,154,8,0.5454953292018752,0.45958696209830774,0.4940410750834037,0.6087690431384504
USDCOP,10,2026-02-05,PM,154,8,0.21731634598154181,0.18199999999999986,0.28667543055877126,0.18267944122066432
USDCOP,10,2026-02-05,PA,154,8,0.5723487262481988,0.46632477339446604,0.5030197022787801,0.6163932945373773
USDCOP,10,2026-02-05,VAR1,154,8,120.46427746956462,91.84832188127469,171.3882502280618,75.03374001241919
USDCOP,10,2026-02-05,ARHinc,154,8,0.5930371158259472,0.4856373795480376,0.550410913559086,0.6192180613743538
USDCOP,10,2026-02-05,KernelARH,154,8,0.5822739936278886,0.48474786098165157,0.48976437617496965,0.6457399340012256
USDCOP,1,2026-01-26,PM,154,7,0.08993854739594288,0.07846153846153817,0.0860188696673274,0.09500578099442698
USDCOP,1,2026-01-26,PA,154,7,0.536146171001574,0.4079429474320023,0.5274054693714998,0.5665051283531751
USDCOP,1,2026-01-26,VAR1,154,7,67.41426739715779,55.32456369267118,91.57775903622401,46.27351266523285
USDCOP,1,2026-01-26,ARHinc,154,7,0.5363732248540282,0.4093968097384815,0.53043229929965785,0.5652168666538814
USDCOP,1,2026-01-26,KernelARH,154,7,0.5430211063418356,0.41595277210697434,0.5261446849255499,0.5709646256348746
USDCOP,5,2026-01-30,PM,154,8,0.19905461658704476,0.1576538461538462,0.29716674289570005,0.16031487891284504
USDCOP,5,2026-01-30,PA,154,8,0.5553469767981671,0.4467105476153933,0.48215537441912776,0.6019080597820673
USDCOP,5,2026-01-30,VAR1,154,8,173.59337587067822,130.9342386832844,249.8822127434333,102.74569493987622
USDCOP,5,2026-01-30,ARHinc,154,8,0.555874187037588,0.4482175450647096,0.4855363153946071,0.6011987786476475
USDCOP,5,2026-01-30,KernelARH,154,8,0.5480280263493509,0.4591570798452391,0.4710085762967115,0.606967968680927
USDCOP,10,2026-02-06,PM,154,8,0.28349297915604416,0.21076923076923093,0.43095929893302776,0.1897368192279413
USDCOP,10,2026-02-06,PA,154,8,0.5965535128101358,0.4862080530367478,0.5611881598439304,0.6157935178952044
USDCOP,10,2026-02-06,VAR1,154,8,123.93076119078265,96.74465503143212,167.05958727839464,82.30610833507127
USDCOP,10,2026-02-06,ARHinc,154,8,0.5983077083966483,0.4890923896209106,0.5669517538276347,0.6151811873514526
USDCOP,10,2026-02-06,KernelARH,154,8,0.567721219753572,0.4745841212002834,0.4914693227605222,0.6253106153819801
USDCOP,1,2026-01-27,PM,154,7,0.30070198318652236,0.261576923076923,0.2562380411711914,0.34098487891692136
USDCOP,1,2026-01-27,PA,154,7,0.637483296440805,0.5290001635013548,0.5269722627294189,0.7168569088245582
USDCOP,1,2026-01-27,VAR1,154,7,63.69705474793907,53.844943725087184,82.45319742179552,47.50901815840856
USDCOP,1,2026-01-27,ARHinc,154,7,0.6383664882977732,0.5307848899736568,0.5262632952196561,0.7196281261155689
USDCOP,1,2026-01-27,KernelARH,154,7,0.6266022233105439,0.5202322329772568,0.5217144065067256,0.7056328217271185
USDCOP,5,2026-02-02,PM,154,8,0.395927647333546,0.30203846153846164,0.6200132940325064,0.2811980143822386
USDCOP,5,2026-02-02,PA,154,8,0.6093440488658243,0.5137668366007049,0.6113375214667786,0.6279568604935816
USDCOP,5,2026-02-02,VAR1,154,8,149.1782070845944,119.86588822009674,202.67442173689466,98.13150613380927
USDCOP,5,2026-02-02,ARHinc,154,8,0.5964997524540367,0.502584958120642,0.5709871506427999,0.6285413325733568
USDCOP,5,2026-02-02,KernelARH,154,8,0.558921216003876,0.4669168194302147,0.48325092974683803,0.616216658874712
USDCOP,10,2026-02-09,PM,154,8,0.4863569933700962,0.3976538461538459,0.5958502870972664,0.4573166480325039
USDCOP,10,2026-02-09,PA,154,8,0.7172537497513477,0.5758852721224188,0.6061986620589268,0.799469666022039
USDCOP,10,2026-02-09,VAR1,154,8,112.77253014323867,92.08989519618356,137.14557151891188,83.59367124941072
USDCOP,10,2026-02-09,ARHinc,154,8,0.7181500181890523,0.5742529183880049,0.5919694937011049,0.803736543766107
USDCOP,10,2026-02-09,KernelARH,154,8,0.7175899583920033,0.5833016166266681,0.581997863148402,0.8025254884248574
USDCOP,1,2026-01-28,PM,154,7,0.1393306457537389,0.10269230769230767,0.15127745299034978,0.13205772953208259
USDCOP,1,2026-01-28,PA,154,7,0.5256904876256248,0.4090896744005019,0.48219932805329574,0.5721279763745798
USDCOP,1,2026-01-28,VAR1,154,7,49.62486550439422,41.244772185297855,66.23216370186142,35.30830590320327
USDCOP,1,2026-01-28,ARHinc,154,7,0.544379008167816,0.4182354523378396,0.49282974697587584,0.5816142006932818
USDCOP,1,2026-01-28,KernelARH,154,7,0.5447995079493382,0.4514257316310776,0.5388433194176564,0.5871715650652503
USDCOP,5,2026-02-03,PM,154,8,0.3651611867486633,0.26584615384615373,0.5579218290170787,0.23360552875225116
USDCOP,5,2026-02-03,PA,154,8,0.5954495888844,0.46925292414944303,0.5994335980270394,0.6036626220377588
USDCOP,5,2026-02-03,VAR1,154,8,127.7756253032207,96.42873617107055,183.32262994772324,76.09327511835085
USDCOP,5,2026-02-03,ARHinc,154,8,0.6737278278562716,0.5482889220391814,0.7553643146159017,0.6293414004801076
USDCOP,5,2026-02-03,KernelARH,154,8,0.5705687442903822,0.4619141469856338,0.5568828512648737,0.5985333733825027
USDCOP,10,2026-02-10,PM,154,8,0.46866114542467574,0.3254230769230769,0.7419743112554591,0.28281596878350124
USDCOP,10,2026-02-10,PA,154,8,0.7304828375946951,0.5962516363447886,0.7569077437506391,0.7473199513633398
USDCOP,10,2026-02-10,VAR1,154,8,92.96218461715742,72.29422039707913,125.05022961245947,62.653882802335254
USDCOP,10,2026-02-10,ARHinc,154,8,0.7967960636658543,0.6588078330109304,0.9069054912481564,0.762581962162128
USDCOP,10,2026-02-10,KernelARH,154,8,0.7486087080619799,0.6144185072340638,0.6868134123508807,0.8165375691436413
USDCOP,1,2026-01-29,PM,154,7,0.07162569639881605,0.04257692307692296,0.0985022060140762,0.04122072619363411
USDCOP,1,2026-01-29,PA,154,7,0.5152021552737478,0.4032896059421833,0.4518559573142988,0.566174227512934
USDCOP,1,2026-01-29,VAR1,154,7,44.81148890921989,37.67983728874628,57.97449026248117,33.17618057563649
USDCOP,1,2026-01-29,ARHinc,154,7,0.5140920639058917,0.40689044412468983,0.4558966399328917,0.5641345697031386
USDCOP,1,2026-01-29,KernelARH,154,7,0.5136507887997324,0.4119992693066394,0.4599072581762884,0.5679139097737539
USDCOP,5,2026-02-04,PM,154,8,0.42869171503361436,0.28007692307692295,0.6789722207876684,0.21047936316902036
USDCOP,5,2026-02-04,PA,154,8,0.6579472334966113,0.5371422728588034,0.7159688472454843,0.6191191463305122
USDCOP,5,2026-02-04,VAR1,154,8,102.13476719646594,80.9914380800736,140.31664974141196,65.68940328784589
USDCOP,5,2026-02-04,ARHinc,154,8,0.6465920298354334,0.5274323304648262,0.6928914444234907,0.6155283065242068
USDCOP,5,2026-02-04,KernelARH,154,8,0.617665868695566,0.5182183742828956,0.5601428843185997,0.6591999818764076
USDCOP,10,2026-02-11,PM,154,8,0.5184859151710577,0.37815384615384634,0.7896928991992169,0.3365510952750197
USDCOP,10,2026-02-11,PA,154,8,0.7664597240487298,0.6319339646539773,0.8084299291008638,0.7708610160291212
USDCOP,10,2026-02-11,VAR1,154,8,76.65513972830892,61.404645892400225,94.1683789983564,57.05307278579387
USDCOP,10,2026-02-11,ARHinc,154,8,0.7594251411993919,0.6262744365213877,0.7876606862842542,0.770832002009228
USDCOP,10,2026-02-11,KernelARH,154,8,0.7654724246388752,0.6350126679521464,0.7151432929184777,0.8294198009537918
USDCOP,1,2026-01-30,PM,154,7,0.09196100762321457,0.06569230769230772,0.1314405115472195,0.05228729915564276
USDCOP,1,2026-01-30,PA,154,7,0.5323414174849533,0.4143915447067216,0.4730687584172334,0.5740051019830668
USDCOP,1,2026-01-30,VAR1,154,7,39.66566588570254,33.440831632443924,50.75747183404321,29.611462941038678
USDCOP,1,2026-01-30,ARHinc,154,7,0.5339317234242683,0.4145301742966777,0.47447865187783383,0.5747818835886331
USDCOP,1,2026-01-30,KernelARH,154,7,0.5941567455653014,0.4655945170227676,0.5762863447231918,0.5972509275348251
USDCOP,5,2026-02-05,PM,154,8,0.2702288026270161,0.18161538461538462,0.41324553439495154,0.13897168801828372
USDCOP,5,2026-02-05,PA,154,8,0.576220490121244,0.45187974996449265,0.5468633398672575,0.591652573038241
USDCOP,5,2026-02-05,VAR1,154,8,81.70209036601835,67.66000571577675,105.93258104270151,57.50301001718097
USDCOP,5,2026-02-05,ARHinc,154,8,0.5789896170606145,0.45462840293658563,0.5523069946384043,0.5925441384395284
USDCOP,5,2026-02-05,KernelARH,154,8,0.565548079946563,0.44935653644617696,0.5210379341218637,0.5925431327619353
USDCOP,10,2026-02-12,PM,154,8,0.6440861892874039,0.451384615384616,1.0124435304633956,0.37111481172871763
USDCOP,10,2026-02-12,PA,154,8,0.8520175956241619,0.7112030126236609,0.9966310062115611,0.7884378245343959
USDCOP,10,2026-02-12,VAR1,154,8,64.98927150361439,53.68534871272661,71.9499590835613,52.65823357332966
USDCOP,10,2026-02-12,ARHinc,154,8,0.8560344034162649,0.7145820739591376,1.0054501238861278,0.789535244874871
USDCOP,10,2026-02-12,KernelARH,154,8,0.8039283859656658,0.6722666454610381,0.7540481472342256,0.862516806747389
USDCOP,1,2026-02-02,PM,154,7,0.20343988906194976,0.1367692307692309,0.3199203965438733,0.10714202113411636
USDCOP,1,2026-02-02,PA,154,7,0.5157121075611132,0.39724892003161655,0.4570766504595923,0.5609805870500357
USDCOP,1,2026-02-02,VAR1,154,7,36.08850812231094,31.03623823594568,42.90852995142919,29.529775023905763
USDCOP,1,2026-02-02,ARHinc,154,7,0.5162322686880376,0.39876699021372825,0.45607337293953704,0.561837209165781
USDCOP,1,2026-02-02,KernelARH,154,7,0.5620597415398441,0.43729758536404867,0.5674573286613924,0.5723571390598045
USDCOP,5,2026-02-06,PM,154,8,0.14240972174031474,0.09584615384615403,0.20278362347204834,0.08629976593191964
USDCOP,5,2026-02-06,PA,154,8,0.5350169562961293,0.4152971053676027,0.4834361196331655,0.5741824331100268
USDCOP,5,2026-02-06,VAR1,154,8,75.52211708463935,63.37705915224145,93.59044399860544,56.14687750931285
USDCOP,5,2026-02-06,ARHinc,154,8,0.5339979727998652,0.41389450022739954,0.4812727137270051,0.5742622346137572
USDCOP,5,2026-02-06,KernelARH,154,8,0.5438394212441612,0.4206882250962097,0.49483627848219475,0.5774383946432005
USDCOP,10,2026-02-13,PM,154,8,0.5930273132249217,0.4234615384615388,0.9279704245710925,0.3595307145132891
USDCOP,10,2026-02-13,PA,154,8,0.8227512852100675,0.6882641852754859,0.9244078955374956,0.7899536407345793
USDCOP,10,2026-02-13,VAR1,154,8,63.34137624404459,51.5922178194483,67.90550210720113,52.272148311573
USDCOP,10,2026-02-13,ARHinc,154,8,0.8202941726135616,0.6857169605920208,0.918151742506604,0.7906470712120732
USDCOP,10,2026-02-13,KernelARH,154,8,0.8087617757804798,0.6759292020273102,0.8716356799073669,0.8030760521200138
USDCOP,1,2026-02-03,PM,154,7,0.08401865635312553,0.07238461538461533,0.09109026160701016,0.06598761042653031
USDCOP,1,2026-02-03,PA,154,7,0.49358406692544343,0.3723706310840222,0.41961114030473123,0.5580022391944428
USDCOP,1,2026-02-03,VAR1,154,7,4.44162810320701,3.730042667368142,5.634212903387991,3.322423515056311
USDCOP,1,2026-02-03,ARHinc,154,7,0.4891642530225325,0.37411328393827953,0.42612967911164146,0.5552607576549929
USDCOP,1,2026-02-03,KernelARH,154,7,1.0209916558175567,0.9273850398438431,1.2802547227571128,0.8737065272105681
USDCOP,5,2026-02-09,PM,154,8,0.34250940469962626,0.26011538461538475,0.3852938781494167,0.2956068042360722
USDCOP,5,2026-02-09,PA,154,8,0.6418895318930462,0.5277173209596286,0.5915756164649628,0.6991407236622572
USDCOP,5,2026-02-09,VAR1,154,8,11.774421522252998,9.251006767773996,16.069234816892404,7.780046250466979
USDCOP,5,2026-02-09,ARHinc,154,8,0.6642676040735035,0.5452156760608583,0.6576473981656483,0.702275512591412
USDCOP,5,2026-02-09,KernelARH,154,8,2.4385117122593067,2.22484081540704,3.0688346132693978,1.9132667300645512
USDCOP,10,2026-02-16,PM,154,8,0.5244850038187644,0.40519230769230785,0.6594736999035545,0.4408762423510318
USDCOP,10,2026-02-16,PA,154,8,0.7552469122170843,0.6192735983390727,0.7356712918685054,0.7786260785789292
USDCOP,10,2026-02-16,VAR1,154,8,10.542049870568452,8.148001351663833,12.45479941408982,8.556995752844033
USDCOP,10,2026-02-16,ARHinc,154,8,0.7290899927948783,0.5909424955685795,0.672635500119148,0.7715628815705313
USDCOP,10,2026-02-16,KernelARH,154,8,2.4571666733047275,2.251100175422334,2.8569710441013063,2.1050841131924827
USDCOP,1,2026-02-04,PM,154,7,0.15654042240314142,0.13250000000000028,0.17902072423005375,0.11617504720398576
USDCOP,1,2026-02-04,PA,154,7,0.5352895119780265,0.42990603817277956,0.4720587971776024,0.5809677040859796
USDCOP,1,2026-02-04,VAR1,154,7,2.1134702287617415,1.7435236935548306,2.6120824142721837,1.6149688490125578
USDCOP,1,2026-02-04,ARHinc,154,7,0.5305745721281271,0.4289267909347524,0.46830207432115317,0.5806986636268249
USDCOP,1,2026-02-04,KernelARH,154,7,0.5441829501676126,0.4518146780746285,0.47828472593930094,0.6002077524518176
USDCOP,5,2026-02-10,PM,154,8,0.3496605496763969,0.28915384615384615,0.3612223688335004,0.32540560131769547
USDCOP,5,2026-02-10,PA,154,8,0.6569918414104192,0.5357049606369471,0.5390664183345073,0.7408059655484847
USDCOP,5,2026-02-10,VAR1,154,8,6.743401389153088,5.278103322531036,8.890865920510443,4.797796005683731
USDCOP,5,2026-02-10,ARHinc,154,8,0.6607464238405503,0.5422282978139176,0.5451433543021382,0.7453456741193807
USDCOP,5,2026-02-10,KernelARH,154,8,1.952898841407611,1.80454021391769,2.302617153304518,1.6744037813754011
USDCOP,10,2026-02-17,PM,154,8,0.9299146466208605,0.6803846153846158,1.4141787013492362,0.588066216428273
USDCOP,10,2026-02-17,PA,154,8,1.0627627887811397,0.8515180676772042,1.3766116428752435,0.8854316961410441
USDCOP,10,2026-02-17,VAR1,154,8,8.113525289943473,6.178702617718227,9.638468255437099,6.686508626833848
USDCOP,10,2026-02-17,ARHinc,154,8,1.027360236137436,0.8276159729077408,1.3060639842615493,0.8754637627634225
USDCOP,10,2026-02-17,KernelARH,154,8,1.872090089160109,1.6645576766926466,1.8318003166308963,1.8181241849046426
USDCOP,1,2026-02-05,PM,154,7,0.1375351353710696,0.10384615384615378,0.20971460598263328,0.08221345595853237
USDCOP,1,2026-02-05,PA,154,7,0.5240938940801428,0.39874894401738065,0.5131030824885655,0.566330738884739
USDCOP,1,2026-02-05,VAR1,154,7,18.255725522766408,15.300918509298585,23.785021324533613,13.425415192655409
USDCOP,1,2026-02-05,ARHinc,154,7,0.5204729673784323,0.3940849392244707,0.47062075144323995,0.5699615096965444
USDCOP,1,2026-02-05,KernelARH,154,7,0.9564757956259433,0.7991852791420133,1.084592636109473,0.8196356774198321
USDCOP,5,2026-02-11,PM,154,8,0.34393131581756253,0.2805384615384616,0.40299968054333296,0.28955730056975754
USDCOP,5,2026-02-11,PA,154,8,0.6586753408601251,0.5354263436647636,0.5561529182058295,0.7358371957635444
USDCOP,5,2026-02-11,VAR1,154,8,37.06838142969447,30.913000508709334,48.64924487697114,26.19389965545958
USDCOP,5,2026-02-11,ARHinc,154,8,0.6661873981728892,0.5363704900796029,0.5676036083692778,0.7399066741964208
USDCOP,5,2026-02-11,KernelARH,154,8,0.7337095252224539,0.6039655350495011,0.72248646643551,0.7541981298969292
USDCOP,10,2026-02-18,PM,154,8,0.971381921047773,0.7378461538461542,1.436835128428512,0.6346512036363269
USDCOP,10,2026-02-18,PA,154,8,1.1206736631309135,0.8929847192238832,1.4297075581969008,0.9209579480570257
USDCOP,10,2026-02-18,VAR1,154,8,30.158149732335605,25.78364880189968,36.37888497187785,23.264382696973133
USDCOP,10,2026-02-18,ARHinc,154,8,1.192789934922064,0.944699063943159,1.5664389153069809,0.9458225499726495
USDCOP,10,2026-02-18,KernelARH,154,8,1.2182823115118555,0.9652634391161238,1.6111426779075881,0.9582720116309877
USDCOP,1,2026-02-06,PM,154,7,0.08886517445416532,0.06992307692307705,0.12890384778164984,0.06891170089203279
USDCOP,1,2026-02-06,PA,154,7,0.5238737245372546,0.4081064312417345,0.5112301225921015,0.5633902039458113
USDCOP,1,2026-02-06,VAR1,154,7,24.18494116011691,20.809272190974877,29.206686346262824,19.464161967003562
USDCOP,1,2026-02-06,ARHinc,154,7,0.525148308791997,0.4080427279442061,0.5158921635635189,0.5642495413274183
USDCOP,1,2026-02-06,KernelARH,154,7,0.5263875672231856,0.41546639956120957,0.49235462732076424,0.5659716391123436
USDCOP,5,2026-02-12,PM,154,8,0.4478006617819004,0.34546153846153876,0.6624644016909702,0.3127446907637531
USDCOP,5,2026-02-12,PA,154,8,0.7344864446653563,0.6071655052278391,0.725330252877593,0.7611004351968026
USDCOP,5,2026-02-12,VAR1,154,8,48.670111465867656,41.787627486053445,49.20722525130551,44.566916833697626
USDCOP,5,2026-02-12,ARHinc,154,8,0.7311902287660454,0.6039501042420593,0.7186886323022815,0.7597582650202592
USDCOP,5,2026-02-12,KernelARH,154,8,0.7353264622450935,0.6040554038895605,0.7126946674785608,0.7691728717093418
USDCOP,10,2026-02-19,PM,154,8,1.3913726620195557,0.9308846153846152,2.2360325406611645,0.7383990404229407
USDCOP,10,2026-02-19,PA,154,8,1.506642550641031,1.1731934206015222,2.179250735479519,1.0316042453023928
USDCOP,10,2026-02-19,VAR1,154,8,42.43334661986397,35.1600683443894,37.15875726844056,40.353991454060605
USDCOP,10,2026-02-19,ARHinc,154,8,1.5011356642446891,1.1681658561096762,2.1716339577875488,1.0281024505328054
USDCOP,10,2026-02-19,KernelARH,154,8,1.410773815508736,1.1247740553292507,1.9967778014366995,1.026971602303931
USDCOP,1,2026-02-09,PM,154,7,0.3691327544185363,0.2807307692307694,0.43879479097385404,0.28842510426249035
USDCOP,1,2026-02-09,PA,154,7,0.6520416782810349,0.5305205999916655,0.5833836646700867,0.7055539569478433
USDCOP,1,2026-02-09,VAR1,154,7,23.485061585592298,20.32698184786843,26.157379735738207,20.37218831873208
USDCOP,1,2026-02-09,ARHinc,154,7,0.6408289742124935,0.520470426971007,0.5577730456073755,0.7023313701760496
USDCOP,1,2026-02-09,KernelARH,154,7,0.6558978710757071,0.5343955499709724,0.5820299564842749,0.7125931733399193
USDCOP,5,2026-02-13,PM,154,8,0.5062568138192923,0.36742307692307696,0.7907261707164335,0.3285950054158993
USDCOP,5,2026-02-13,PA,154,8,0.7637943395039066,0.6302014386804451,0.7873588694516217,0.7745345450963254
USDCOP,5,2026-02-13,VAR1,154,8,56.06565472591433,47.23494599551825,50.88384667106552,55.36919664948252
USDCOP,5,2026-02-13,ARHinc,154,8,0.7809075952049194,0.6491883567594136,0.826532896168319,0.7778241399314041
USDCOP,5,2026-02-13,KernelARH,154,8,0.7394862620195867,0.6028599745785685,0.6847385024901792,0.7935702817279336
USDCOP,10,2026-02-20,PM,154,8,1.5349772611695889,1.0913076923076923,2.4308589201006643,0.8468877917268951
USDCOP,10,2026-02-20,PA,154,8,1.6143453714451423,1.246501584015695,2.3229954438410325,1.093364373857721
USDCOP,10,2026-02-20,VAR1,154,8,55.35608004886981,46.64773204815068,52.308255052502126,53.10625428968094
USDCOP,10,2026-02-20,ARHinc,154,8,1.6463444084301901,1.267851002839953,2.3745957812466294,1.104523014197538
USDCOP,10,2026-02-20,KernelARH,154,8,1.4191366533911074,1.119749009571231,1.9889566015957278,1.0355882182035705
USDCOP,1,2026-02-10,PM,154,7,0.3045190091325613,0.22761538461538466,0.4314926381020186,0.18659310710292368
USDCOP,1,2026-02-10,PA,154,7,0.6843115489965326,0.5377310002593828,0.648129000012155,0.7216907701687237
USDCOP,1,2026-02-10,VAR1,154,7,3.5664759546995497,2.8755504754464987,4.840794812610145,2.417803966514089
USDCOP,1,2026-02-10,ARHinc,154,7,0.8072579454696011,0.6624650219313243,0.9020482430674079,0.7561940905339157
USDCOP,1,2026-02-10,KernelARH,154,7,1.6053871388089132,1.4660938137630135,1.871096741878702,1.414170390810521
USDCOP,5,2026-02-16,PM,154,8,0.6370578406296343,0.5217307692307697,0.8090555162174389,0.5486379723826155
USDCOP,5,2026-02-16,PA,154,8,0.870822675711735,0.7176102151336888,0.9224917043340433,0.8595083604454801
USDCOP,5,2026-02-16,VAR1,154,8,7.742172688015523,6.60400049482947,9.01270283240796,6.04962090385652
USDCOP,5,2026-02-16,ARHinc,154,8,1.0211631323647152,0.8452466423961716,1.193839845075143,0.9171027849798329
USDCOP,5,2026-02-16,KernelARH,154,8,1.6399101874879303,1.4512276346853195,1.7398228369859214,1.5200851489655502
USDCOP,10,2026-02-23,PM,154,8,1.612143952939687,1.2465769230769235,2.354548884411586,1.0095436509207767
USDCOP,10,2026-02-23,PA,154,8,1.734089066276813,1.3766565807730913,2.3894149765411012,1.2250526136126405
USDCOP,10,2026-02-23,VAR1,154,8,8.559140667354658,6.677900850833088,7.626608900374886,7.801815387387087
USDCOP,10,2026-02-23,ARHinc,154,8,1.96381192552204,1.5666988315762447,2.7256922470870135,1.342477857276816
USDCOP,10,2026-02-23,KernelARH,154,8,1.415461631887908,1.1648306520381582,1.2277300883575788,1.5081238088145248
USDCOP,1,2026-02-11,PM,154,7,0.13882716149669966,0.11061538461538437,0.17832994385947837,0.09161726088285543
USDCOP,1,2026-02-11,PA,154,7,0.6520852461633265,0.5201271078613783,0.5554711932459006,0.71995525718591
USDCOP,1,2026-02-11,VAR1,154,7,14.261174436795443,10.294791739382612,21.484921524031034,7.921231019634059
USDCOP,1,2026-02-11,ARHinc,154,7,0.6664872260191864,0.522585200817478,0.587505133106031,0.7257788014936755
USDCOP,1,2026-02-11,KernelARH,154,7,1.620227913677482,1.39305681341713,1.977731646824627,1.2980835119883485
USDCOP,5,2026-02-17,PM,154,8,0.8646280325176745,0.6798846153846153,1.2648251159187154,0.6160887714000545
USDCOP,5,2026-02-17,PA,154,8,1.074223069729951,0.8743778688729763,1.3627120934939798,0.9310842709976528
USDCOP,5,2026-02-17,VAR1,154,8,29.19050056416614,24.89278234301014,28.29901936967415,27.105674287333965
USDCOP,5,2026-02-17,ARHinc,154,8,1.138653069039772,0.9212657876254825,1.4865936661905765,0.9517563069150418
USDCOP,5,2026-02-17,KernelARH,154,8,2.5244498328923286,2.1288761460560766,3.4970947309983713,1.727481473872807
USDCOP,10,2026-02-24,PM,154,8,1.517866449228096,1.1138076923076925,2.2583685354340903,0.8746558188778254
USDCOP,10,2026-02-24,PA,154,8,1.6706550852849769,1.2974257128022033,2.318939139955146,1.152460806062598
USDCOP,10,2026-02-24,VAR1,154,8,29.363050996322986,24.480822313338304,26.52786385179157,27.8172339679777
USDCOP,10,2026-02-24,ARHinc,154,8,1.7412434995124295,1.3507480427774947,2.444460221891579,1.1787687997838563
USDCOP,10,2026-02-24,KernelARH,154,8,2.5497005663299275,1.9781342304036513,3.620920412059963,1.6017046843443656
USDCOP,1,2026-02-12,PM,154,7,0.2303271085284512,0.13657692307692296,0.3599998392393196,0.11596889550350059
USDCOP,1,2026-02-12,PA,154,7,0.6827104032325597,0.5481701213358625,0.621960242608159,0.7334194223240055
USDCOP,1,2026-02-12,VAR1,154,7,16.705341548348475,12.135488705543025,24.938147451724298,9.549644528028704
USDCOP,1,2026-02-12,ARHinc,154,7,0.6762502959431685,0.537981787591412,0.6075146492204628,0.7297468607389039
USDCOP,1,2026-02-12,KernelARH,154,7,0.9602357687330114,0.7954602584189732,1.0695665353956223,0.9003461705367672
USDCOP,5,2026-02-18,PM,154,8,0.9469006375051675,0.7456923076923083,1.3586455494335292,0.664753066245095
USDCOP,5,2026-02-18,PA,154,8,1.144170896212303,0.9331112187068062,1.4518226349452426,0.9666205568960456
USDCOP,5,2026-02-18,VAR1,154,8,39.92739475973637,34.07721244233148,36.2309933144862,38.66657453771414
USDCOP,5,2026-02-18,ARHinc,154,8,1.117577712850706,0.9105235384409769,1.3991410036432217,0.9564236039991971
USDCOP,5,2026-02-18,KernelARH,154,8,1.5733984499405516,1.3042428256624607,2.110716347623663,1.1834326374564028
USDCOP,10,2026-02-25,PM,154,8,1.3208222417232265,0.9652307692307696,1.9933647758076094,0.7602571302205849
USDCOP,10,2026-02-25,PA,154,8,1.5184145658086534,1.1755087342360577,2.110376849336181,1.078524088569606
USDCOP,10,2026-02-25,VAR1,154,8,45.82689261227659,38.94832414796815,47.15057331573068,41.812142973315645
USDCOP,10,2026-02-25,ARHinc,154,8,1.4910304021662397,1.1590865367088443,2.0584010180689396,1.068681976224096
USDCOP,10,2026-02-25,KernelARH,154,8,1.6481133112215411,1.2673201691207847,2.318041501753124,1.1248704175044175
USDCOP,1,2026-02-13,PM,154,7,0.05938911775478999,0.04584615384615392,0.07364011416156728,0.042694539327361405
USDCOP,1,2026-02-13,PA,154,7,0.6538110531979405,0.5219600486690659,0.5447164745284085,0.7286293400173431
USDCOP,1,2026-02-13,VAR1,154,7,13.027146924694437,9.524863886232406,19.466219975313873,7.422543161707126
USDCOP,1,2026-02-13,ARHinc,154,7,0.6546929664691276,0.5247554575232435,0.5453906168814524,0.7295499777567424
USDCOP,1,2026-02-13,KernelARH,154,7,0.6522589731112093,0.522457610567766,0.5440241695125614,0.727914567786491
USDCOP,5,2026-02-19,PM,154,8,1.0643219898493703,0.7846153846153843,1.6577251118298149,0.6130801605890619
USDCOP,5,2026-02-19,PA,154,8,1.2885166432670192,1.0266526475184576,1.7828392872631795,0.9727431303377791
USDCOP,5,2026-02-19,VAR1,154,8,27.72325965644491,23.604914026810295,26.073291228936455,25.867254215999974
USDCOP,5,2026-02-19,ARHinc,154,8,1.290157066093208,1.0266862993813564,1.7915044655443482,0.9718176464606046
USDCOP,5,2026-02-19,KernelARH,154,8,1.3862393643182673,1.0882154455910131,1.9512247791650268,1.006091024493502
USDCOP,10,2026-02-26,PM,154,8,0.7249694290636834,0.5817692307692305,0.9745676472186277,0.5730073391500694
USDCOP,10,2026-02-26,PA,154,8,0.9757564230087424,0.7864439776014978,1.1223155950890558,0.9107204805408464
USDCOP,10,2026-02-26,VAR1,154,8,29.601739538908262,24.411343338373605,26.799958423799765,27.87040993524946
USDCOP,10,2026-02-26,ARHinc,154,8,0.9758204558212733,0.7888962486883584,1.1283071677446959,0.9095233825947358
USDCOP,10,2026-02-26,KernelARH,154,8,1.0161683903899335,0.8178322318575558,1.2068483714460712,0.9212881195451589
USDCOP,1,2026-02-16,PM,154,7,0.4128727336974062,0.3422307692307693,0.39742847236499595,0.43458344271378435
USDCOP,1,2026-02-16,PA,154,7,0.7350682925459735,0.5708120979572057,0.6544223549223084,0.7951368516883304
USDCOP,1,2026-02-16,VAR1,154,7,12.467561398695944,9.143211135411274,18.489911615631,7.294825508687864
USDCOP,1,2026-02-16,ARHinc,154,7,0.7353256822471508,0.5719226000316995,0.6535800047588385,0.7961054060892024
USDCOP,1,2026-02-16,KernelARH,154,7,0.7389958380135897,0.5720316668505337,0.6632884421375134,0.7962315397598951
USDCOP,5,2026-02-20,PM,154,8,1.1454492316587812,0.8823846153846153,1.71577952192749,0.7127280853160416
USDCOP,5,2026-02-20,PA,154,8,1.3455973652338025,1.0673369537055692,1.837625451241709,1.0151232983994771
USDCOP,5,2026-02-20,VAR1,154,8,30.88704326999684,26.314671457722504,27.90774069707669,29.689210715918282
USDCOP,5,2026-02-20,ARHinc,154,8,1.3564564917225093,1.0752305699241338,1.8569036327911905,1.019263200465523
USDCOP,5,2026-02-20,KernelARH,154,8,1.335008297893594,1.0585595524134581,1.8281002470529237,1.0071507985423163
USDCOP,10,2026-02-27,PM,154,8,0.6185304000364337,0.5083461538461538,0.6972431915119462,0.5541593055458301
USDCOP,10,2026-02-27,PA,154,8,0.8891095381581634,0.7118358036655587,0.8909120699785745,0.8966984332671856
USDCOP,10,2026-02-27,VAR1,154,8,35.00100423624267,29.6447367541877,34.93960877120774,32.23760259502087
USDCOP,10,2026-02-27,ARHinc,154,8,0.8961367574078589,0.7179855308135102,0.9023508244840287,0.9012783066645301
USDCOP,10,2026-02-27,KernelARH,154,8,0.89507227867031,0.7189291140895091,0.8908529731503542,0.9081661261163373
USDCOP,1,2026-02-17,PM,154,7,0.5787471548360038,0.3921153846153843,0.9221861646670244,0.2887568986604345
USDCOP,1,2026-02-17,PA,154,7,0.876855135209314,0.7265851986096656,1.1068743117714643,0.7627443307874642
USDCOP,1,2026-02-17,VAR1,154,7,6.846520823419489,4.822156645529804,10.388937030555866,3.797249417100228
USDCOP,1,2026-02-17,ARHinc,154,7,0.7917950827970022,0.6596980859103457,0.9234357864497272,0.7526917008267571
USDCOP,1,2026-02-17,KernelARH,154,7,1.0420484022379113,0.850123649067308,0.8166256970729796,1.1517940273605691
USDCOP,5,2026-02-23,PM,154,8,1.108654178063864,0.7911153846153843,1.6493485880476777,0.6216624386192001
USDCOP,5,2026-02-23,PA,154,8,1.3186401847804712,1.0299221365796438,1.7951434708070995,0.9494212203747592
USDCOP,5,2026-02-23,VAR1,154,8,14.945118076088471,12.77343369865312,15.082803425480309,12.992353988216076
USDCOP,5,2026-02-23,ARHinc,154,8,1.1801290264064561,0.9215390457270219,1.5582526209050918,0.9079401581974179
USDCOP,5,2026-02-23,KernelARH,154,8,1.1824022164599417,0.9827266812501387,1.4170791774840525,1.101690499874662
USDCOP,10,2026-03-02,PM,154,8,0.447311788955379,0.36111538461538445,0.6001076239304576,0.3427135599579604
USDCOP,10,2026-03-02,PA,154,8,0.7455500196598803,0.6069275599968996,0.7606643590964242,0.7653875355797891
USDCOP,10,2026-03-02,VAR1,154,8,17.27128417326633,13.927416445764658,15.434780289050819,15.827577674506703
USDCOP,10,2026-03-02,ARHinc,154,8,0.753073816734393,0.609358929705678,0.8409905614982173,0.7517181325602413
USDCOP,10,2026-03-02,KernelARH,154,8,2.340797799396439,2.1257836767889895,2.6960663792242237,2.1439862031349635
USDCOP,1,2026-02-18,PM,154,7,0.19696922348427934,0.14315384615384621,0.21805384140399833,0.13784141250166365
USDCOP,1,2026-02-18,PA,154,7,0.6767396123513845,0.5519385854993126,0.6172205831202546,0.7105192094307862
USDCOP,1,2026-02-18,VAR1,154,7,9.66692073025104,6.680097652469295,15.032575910796675,5.077498444044165
USDCOP,1,2026-02-18,ARHinc,154,7,0.6583022869483371,0.5382492523697334,0.5818566758861402,0.7037848784035385
USDCOP,1,2026-02-18,KernelARH,154,7,0.9760605906933693,0.823643145864218,0.9125386915881352,1.0249328000748075
USDCOP,5,2026-02-24,PM,154,8,0.8438040011209311,0.5690384615384617,1.166116158464258,0.5120897398446832
USDCOP,5,2026-02-24,PA,154,8,1.089463039336128,0.8730817114036682,1.325654529409358,0.8996192683271106
USDCOP,5,2026-02-24,VAR1,154,8,21.533821055462443,16.919314754828438,29.604610566622412,14.316608616840158
USDCOP,5,2026-02-24,ARHinc,154,8,1.0325353704582652,0.8233871313082606,1.2398891693453769,0.8769651773062151
USDCOP,5,2026-02-24,KernelARH,154,8,1.2127686936832724,0.9864569107473146,1.328075695958271,1.0635711655207762
USDCOP,10,2026-03-03,PM,154,8,0.6772679491899791,0.4831153846153846,1.077646542338087,0.4454990547566555
USDCOP,10,2026-03-03,PA,154,8,0.842157278395447,0.6624991768364702,1.0528692111598892,0.8123482429107612
USDCOP,10,2026-03-03,VAR1,154,8,25.777361194136148,18.71122220149796,38.47164823836234,14.516495625678276
USDCOP,10,2026-03-03,ARHinc,154,8,0.8783819982733428,0.6949131128451491,1.1228946377688527,0.8331570158613792
USDCOP,10,2026-03-03,KernelARH,154,8,0.8289527538477266,0.6626121335552636,1.0120022053456896,0.8009799051198138
USDCOP,1,2026-02-19,PM,154,7,0.4113586774804461,0.2803076923076926,0.6625137925988267,0.2537878340516003
USDCOP,1,2026-02-19,PA,154,7,0.8270896828661805,0.6800369134740087,0.9431459080412946,0.7936846761532124
USDCOP,1,2026-02-19,VAR1,154,7,8.622309833672118,6.500243306983243,12.19348735423722,5.45391412532289
USDCOP,1,2026-02-19,ARHinc,154,7,0.8622013283870604,0.7081361859225354,1.031813418308287,0.8022836500729469
USDCOP,1,2026-02-19,KernelARH,154,7,0.776826087575656,0.6291838025040535,0.798439871781354,0.7936220070187561
USDCOP,5,2026-02-25,PM,154,8,0.6401946819282637,0.4729615384615387,0.9364342839370922,0.3999658649418522
USDCOP,5,2026-02-25,PA,154,8,0.9499214773176478,0.770907733723686,1.1242226601492487,0.8481975284803402
USDCOP,5,2026-02-25,VAR1,154,8,26.796947995187956,22.54190924525076,26.34712511957571,25.87804801890566
USDCOP,5,2026-02-25,ARHinc,154,8,0.9925911896972849,0.7983759367795996,1.2222621026843106,0.860559571479226
USDCOP,5,2026-02-25,KernelARH,154,8,0.9215320167301586,0.7497442960222238,1.0786874138949434,0.8374078928405472
USDCOP,10,2026-03-04,PM,154,8,0.6626630060712493,0.45703846153846167,1.0699622491766,0.39112231500412137
USDCOP,10,2026-03-04,PA,154,8,0.8518399296614407,0.6701445000943359,1.0859709492233507,0.7958836510419403
USDCOP,10,2026-03-04,VAR1,154,8,32.35743181788358,27.116567276727395,35.92444922118647,28.38959726263846
USDCOP,10,2026-03-04,ARHinc,154,8,0.8166210476558698,0.6537217966343031,0.9723294727855152,0.7945384846328255
USDCOP,10,2026-03-04,KernelARH,154,8,0.8565632594904767,0.6731901578568744,1.0999188984022066,0.7962418459173066
USDCOP,1,2026-02-20,PM,154,7,0.1740998829142893,0.14076923076923079,0.17077088866765752,0.16630187165583435
USDCOP,1,2026-02-20,PA,154,7,0.6973649297674863,0.5763702167110587,0.6459929498461171,0.7305081744812174
USDCOP,1,2026-02-20,VAR1,154,7,5.4539924725776885,3.8768037321594497,8.300788134724957,2.995397447653449
USDCOP,1,2026-02-20,ARHinc,154,7,0.7399155368716045,0.6158869645419829,0.7616395770172438,0.7419469973424445
USDCOP,1,2026-02-20,KernelARH,154,7,0.6960342974893067,0.5611237291837333,0.6325918900692525,0.7349412707712684
USDCOP,5,2026-02-26,PM,154,8,0.546702571718002,0.3372307692307691,0.8741685060772074,0.2823588898405268
USDCOP,5,2026-02-26,PA,154,8,0.820148846551185,0.65099076971719,0.9729036693744025,0.7496988001359819
USDCOP,5,2026-02-26,VAR1,154,8,11.664925608156961,9.997431861834423,13.45099139643464,9.264460951000876
USDCOP,5,2026-02-26,ARHinc,154,8,0.7373274685897878,0.5921907340553171,0.7849551158984739,0.7331460121409258
USDCOP,5,2026-02-26,KernelARH,154,8,2.475748988510733,2.2947303700607735,2.570962348566107,2.375669338194237
USDCOP,10,2026-03-05,PM,154,8,1.3162630122083094,0.7089615384615386,2.2955461798141674,0.5796026595979781
USDCOP,10,2026-03-05,PA,154,8,1.3379107637737886,0.9316439773770928,2.1438196862414385,0.8806017028020898
USDCOP,10,2026-03-05,VAR1,154,8,14.842917042292298,12.789824215922426,17.156209730291728,11.528384577505689
USDCOP,10,2026-03-05,ARHinc,154,8,1.2170684197365214,0.8725659463900226,1.9077002302328723,0.8512110261306255
USDCOP,10,2026-03-05,KernelARH,154,8,2.716608438566419,2.416074714979624,3.52280431443121,2.2640472943164105
USDCOP,1,2026-02-23,PM,154,7,0.3087655321536937,0.18515384615384586,0.4544927208240888,0.17425944654295564
USDCOP,1,2026-02-23,PA,154,7,0.7804035717609121,0.6438236504357405,0.8439211400909099,0.732051338743056
USDCOP,1,2026-02-23,VAR1,154,7,4.5642393206530025,3.3849088665787996,6.349409047958755,2.997919395687971
USDCOP,1,2026-02-23,ARHinc,154,7,0.8086199429563031,0.6596305970181399,0.9033537106314391,0.7385417181728652
USDCOP,1,2026-02-23,KernelARH,154,7,0.8379355806864948,0.6816487611782334,0.9092285797935566,0.7810126111237067
USDCOP,5,2026-02-27,PM,154,8,0.9127756432990527,0.5994615384615383,1.393110387785121,0.5035822438105093
USDCOP,5,2026-02-27,PA,154,8,1.0541310587376416,0.8422740856017379,1.4023090774165201,0.8393831050124249
USDCOP,5,2026-02-27,VAR1,154,8,15.563847883925023,13.24001014669853,16.120028686033812,14.392238677131909
USDCOP,5,2026-02-27,ARHinc,154,8,1.1368997398891398,0.9051952333338277,1.5484676808607718,0.8669575338010779
USDCOP,5,2026-02-27,KernelARH,154,8,0.9583513808082776,0.765179112767863,1.2661442291483662,0.789284031519246
USDCOP,10,2026-03-06,PM,154,8,1.609030271145182,0.830807692307692,2.8107080108678444,0.7068052011674223
USDCOP,10,2026-03-06,PA,154,8,1.6505403279655215,1.1025785828562795,2.7115382916333446,0.9854243494945724
USDCOP,10,2026-03-06,VAR1,154,8,20.018851200962363,16.713587678542684,20.858307685943974,17.921780803639184
USDCOP,10,2026-03-06,ARHinc,154,8,1.7344914377894376,1.1620152834764557,2.854918888297612,1.013262615273716
USDCOP,10,2026-03-06,KernelARH,154,8,1.6120170463204877,1.0793476187706335,2.6467543523579824,0.9726966799159619
USDCOP,1,2026-02-24,PM,154,7,0.30311325314273085,0.22192307692307695,0.3631400018415253,0.26417101286286226
USDCOP,1,2026-02-24,PA,154,7,0.8288027049836347,0.6738421601674073,0.9130917655483843,0.8059629696201976
USDCOP,1,2026-02-24,VAR1,154,7,13.579748795081736,10.895855599292739,15.710603817475336,10.790755194476505
USDCOP,1,2026-02-24,ARHinc,154,7,0.8211497387689954,0.665437396665268,0.8898860205333365,0.8046656548119
USDCOP,1,2026-02-24,KernelARH,154,7,0.8081466970125932,0.6488461659101598,0.8574624285938099,0.8033674304280757
USDCOP,5,2026-03-02,PM,154,8,1.2560864895502895,0.8947692307692304,1.9739172072729065,0.7240347474443838
USDCOP,5,2026-03-02,PA,154,8,1.2915040215382108,1.0617880901966796,1.8115087641363212,0.9651934378484502
USDCOP,5,2026-03-02,VAR1,154,8,91.38250865128984,73.22944299715955,128.51186934928043,66.56800425337352
USDCOP,5,2026-03-02,ARHinc,154,8,1.327283391363826,1.087768194884682,1.8791156548959926,0.9796523064156631
USDCOP,5,2026-03-02,KernelARH,154,8,1.4120385848113093,1.1622341103645697,2.011500713956693,1.0241043531954062
USDCOP,10,2026-03-09,PM,154,8,0.8339864876234275,0.514230769230769,1.2872086801981146,0.4879511937193851
USDCOP,10,2026-03-09,PA,154,8,0.9275152694257192,0.757498562841457,1.104808792139091,0.8522168437157082
USDCOP,10,2026-03-09,VAR1,154,8,130.30785652112445,100.67328141025767,190.29674362787824,85.2800120445746
USDCOP,10,2026-03-09,ARHinc,154,8,0.95230069904632,0.7775501784258901,1.1627781029606963,0.8592048469530968
USDCOP,10,2026-03-09,KernelARH,154,8,0.9590164921226801,0.7849622249783845,1.1910895099098526,0.8562175273563226
USDCOP,1,2026-02-25,PM,154,7,0.1643613806876132,0.11130769230769237,0.23975612473425464,0.09186507192129101
USDCOP,1,2026-02-25,PA,154,7,0.8422838666188104,0.6765168632074156,0.955757075833173,0.7840622282785157
USDCOP,1,2026-02-25,VAR1,154,7,14.855564912634971,11.883197404435332,17.268828474592212,11.792500084304761
USDCOP,1,2026-02-25,ARHinc,154,7,0.827495677522016,0.6779974604232011,0.9295535803397058,0.7848462485662642
USDCOP,1,2026-02-25,KernelARH,154,7,0.8753080238958947,0.6913551971309186,0.9936043186505328,0.8166510724635195
USDCOP,5,2026-03-03,PM,154,8,1.2117764891329528,0.770923076923077,1.9672588847428325,0.6425037623857144
USDCOP,5,2026-03-03,PA,154,8,1.262719356141458,1.0110093705870442,1.8294161660032404,0.9274158706627105
USDCOP,5,2026-03-03,VAR1,154,8,96.83384598609246,79.00321616330848,129.9217564867202,76.60911944034746
USDCOP,5,2026-03-03,ARHinc,154,8,1.1557415911008622,0.9325859848504587,1.6333398687188565,0.8987293258046319
USDCOP,5,2026-03-03,KernelARH,154,8,1.2691601071032081,1.037695188072787,1.7987748195200022,0.9763607575867349
USDCOP,10,2026-03-10,PM,154,8,0.8987290705811694,0.5799230769230772,1.3490228983751777,0.5394995165103149
USDCOP,10,2026-03-10,PA,154,8,1.002792754071035,0.8264281694353078,1.2189399616131722,0.8975959807186374
USDCOP,10,2026-03-10,VAR1,154,8,126.13650704467426,100.2364129801027,179.2002529793337,88.32637295408517
USDCOP,10,2026-03-10,ARHinc,154,8,0.9239140460141548,0.75781041906129,1.056452299560854,0.8726847878443146
USDCOP,10,2026-03-10,KernelARH,154,8,0.9416038104472566,0.776160263291272,1.13223001748622,0.8613416923930362
USDCOP,1,2026-02-26,PM,154,7,0.591593309825905,0.42811538461538445,0.8592846804364038,0.3682612579306618
USDCOP,1,2026-02-26,PA,154,7,0.8731184317726324,0.7009265146698299,1.009210115024747,0.7905353373549547
USDCOP,1,2026-02-26,VAR1,154,7,18.44475249861112,13.447867814082823,24.55007351688255,12.733284942023015
USDCOP,1,2026-02-26,ARHinc,154,7,0.8592581689131513,0.6891806556905147,0.9836768914768215,0.7864005480005952
USDCOP,1,2026-02-26,KernelARH,154,7,0.8951468335225319,0.7263927965092187,0.9923488577840545,0.8254134644778718
USDCOP,5,2026-03-04,PM,154,8,1.023362599285016,0.46999999999999953,1.7517041777486098,0.4845582486541518
USDCOP,5,2026-03-04,PA,154,8,1.050156583350938,0.8109380071006512,1.503944570052579,0.8277820605492195
USDCOP,5,2026-03-04,VAR1,154,8,136.1860014799685,109.33689516372077,187.9555782145999,104.37191524790853
USDCOP,5,2026-03-04,ARHinc,154,8,1.0313119545699176,0.7986203958062578,1.4704756474078842,0.8213511599777661
USDCOP,5,2026-03-04,KernelARH,154,8,1.1037445500364702,0.8570857415598899,1.590532328560861,0.8522050182590629
USDCOP,10,2026-03-11,PM,154,8,0.8104409412355529,0.5215384615384613,1.2133756516846825,0.48673369483216017
USDCOP,10,2026-03-11,PA,154,8,0.8972064782872669,0.7311287420368339,0.9915258373462852,0.8619833721674975
USDCOP,10,2026-03-11,VAR1,154,8,170.62374459736273,134.49675116209656,245.47923714210134,117.99539029463261
USDCOP,10,2026-03-11,ARHinc,154,8,0.8830756836376308,0.7177387371571705,0.9627549062723615,0.8581178572742277
USDCOP,10,2026-03-11,KernelARH,154,8,0.9143774804367537,0.75036834109721,1.100247264778424,0.841907872661678
USDCOP,1,2026-02-27,PM,154,7,0.3846660639687761,0.20842307692307685,0.525676500692107,0.23776931263800388
USDCOP,1,2026-02-27,PA,154,7,0.7471271559421717,0.6133946168430049,0.7835173758213294,0.7434898654214713
USDCOP,1,2026-02-27,VAR1,154,7,6.987237445921578,5.511430079685826,8.306633550984248,5.342169248100976
USDCOP,1,2026-02-27,ARHinc,154,7,0.7764829394433903,0.6367066220382623,0.8740795495905291,0.7453367414589355
USDCOP,1,2026-02-27,KernelARH,154,7,0.8066410213427969,0.6577695248822552,0.9497671778848498,0.75034687238565545
USDCOP,5,2026-03-05,PM,154,8,0.9006965787228663,0.5260769230769232,1.5720387777981262,0.4458995495769536
USDCOP,5,2026-03-05,PA,154,8,1.0722649971752842,0.8107404209504786,1.5762520082342726,0.8463081691552699
USDCOP,5,2026-03-05,VAR1,154,8,60.00629208150861,49.49059777644614,77.07008607021793,50.3928774209309
USDCOP,5,2026-03-05,ARHinc,154,8,1.1349681402845784,0.8326176166869325,1.7231287390995045,0.854428186389143
USDCOP,5,2026-03-05,KernelARH,154,8,1.8005413128657473,1.4385311185681626,2.6524491714709564,1.3012342910066683
USDCOP,10,2026-03-12,PM,154,8,0.528110883971568,0.3835384615384619,0.7752524084513405,0.31637203363982314
USDCOP,10,2026-03-12,PA,154,8,0.7725192095830311,0.6305810349807474,0.7783570456175587,0.7969188423599998
USDCOP,10,2026-03-12,VAR1,154,8,67.04250623590808,54.93396912567629,89.57885979536464,52.03191839165064
USDCOP,10,2026-03-12,ARHinc,154,8,0.7738157949934189,0.6339499659285105,0.8250854576447026,0.7904788375789
USDCOP,10,2026-03-12,KernelARH,154,8,2.3907213978129103,2.1398238042683757,2.5916945313829114,2.255598513236737
USDCOP,1,2026-03-02,PM,154,7,0.47359645878029,0.2940769230769234,0.8144474996075703,0.23623467769989553
USDCOP,1,2026-03-02,PA,154,7,0.8149513809403217,0.6499441168947596,1.0368381939667743,0.7473433163517188
USDCOP,1,2026-03-02,VAR1,154,7,3.3963157999559415,2.5387464518104332,4.563772545926637,2.4044724161925415
USDCOP,1,2026-03-02,ARHinc,154,7,0.7981227767946332,0.6355171018483863,1.0064446421256021,0.7392528347138599
USDCOP,1,2026-03-02,KernelARH,154,7,0.8143255684345636,0.6470545696934383,1.0586845940208773,0.7382966681336675
USDCOP,5,2026-03-06,PM,154,8,0.8833627837374108,0.4836538461538464,1.5753753579994356,0.4232861749587928
USDCOP,5,2026-03-06,PA,154,8,1.1797268920388542,0.8724970254515612,1.7885579055506489,0.8795820752943684
USDCOP,5,2026-03-06,VAR1,154,8,33.27706631795035,27.251324073806686,43.72464437799577,27.21238724607742
USDCOP,5,2026-03-06,ARHinc,154,8,1.1709546812773926,0.8679669589171082,1.7582770312028333,0.8852286355659637
USDCOP,5,2026-03-06,KernelARH,154,8,1.3612597125295163,0.9402903757807477,2.180276475289125,0.897725649146699
USDCOP,10,2026-03-13,PM,154,8,0.4487889151757378,0.34319230769230785,0.6155575196387939,0.29936486166729753
USDCOP,10,2026-03-13,PA,154,8,0.8284810686367696,0.6785784162906439,0.8232191561113956,0.838305570579527
USDCOP,10,2026-03-13,VAR1,154,8,38.44427518661286,31.529532672428612,51.27142477098468,29.843064542134606
USDCOP,10,2026-03-13,ARHinc,154,8,0.8362411807459195,0.6823733481915621,0.8284572848510849,0.8437845166214767
USDCOP,10,2026-03-13,KernelARH,154,8,2.395842838379699,2.109787639688472,2.624499219336011,2.242172639173276
USDCOP,1,2026-03-03,PM,154,7,0.35804302491782697,0.2926923076923076,0.39967287050404793,0.34471115824380094
USDCOP,1,2026-03-03,PA,154,7,0.7884735740484745,0.621562320730203,0.7378222323035105,0.821424788700247
USDCOP,1,2026-03-03,VAR1,154,7,11.849814227380703,9.289357508617524,14.124351707930275,9.081751567114306
USDCOP,1,2026-03-03,ARHinc,154,7,0.8030058850869652,0.6308496608488473,0.7590410318939634,0.8243449776897425
USDCOP,1,2026-03-03,KernelARH,154,7,0.8512272061752907,0.6653287538859451,0.8236222617859211,0.8466758617276331
USDCOP,5,2026-03-09,PM,154,8,0.5955343431290541,0.46642307692307733,0.8674288081361465,0.391624370745072
USDCOP,5,2026-03-09,PA,154,8,0.9164408697758414,0.7563323482011246,0.9584587623027602,0.8707809284950229
USDCOP,5,2026-03-09,VAR1,154,8,88.60956151576922,73.3020947688362,111.63179255230416,76.04601807589691
USDCOP,5,2026-03-09,ARHinc,154,8,0.9677849260097464,0.8009899275960178,1.048297218101176,0.888756616955985
USDCOP,5,2026-03-09,KernelARH,154,8,0.8092258359435817,0.6724347777983793,0.7709573599012144,0.8477926896476884
USDCOP,10,2026-03-16,PM,154,8,0.5938977346570445,0.4453461538461539,0.9022306260044438,0.4236704105791613
USDCOP,10,2026-03-16,PA,154,8,0.9105451283278552,0.7505037269826221,0.9424658434834893,0.913485603325649
USDCOP,10,2026-03-16,VAR1,154,8,102.93362954075172,83.40915070747315,138.8970824989933,78.9499597360008
USDCOP,10,2026-03-16,ARHinc,154,8,0.957139153857695,0.7907568473538641,1.0346369106668536,0.9251502671963332
USDCOP,10,2026-03-16,KernelARH,154,8,2.345735693509379,2.132589398794343,2.48222235956262,2.215579225768782
USDCOP,1,2026-03-04,PM,154,7,0.24463424425361743,0.2093076923076925,0.27695886517815543,0.20159509642548326
USDCOP,1,2026-03-04,PA,154,7,0.7960734071005557,0.6491210680122762,0.8282247030758694,0.7867362907099391
USDCOP,1,2026-03-04,VAR1,154,7,16.5109960638671,12.824924552198123,20.36673539652029,12.163043482593613
USDCOP,1,2026-03-04,ARHinc,154,7,0.8216316248286741,0.6685385433546194,0.8264032565104046,0.8033357645577871
USDCOP,1,2026-03-04,KernelARH,154,7,0.8808405860913511,0.7422194996192885,0.9309037208985044,0.8942988876240812
USDCOP,5,2026-03-10,PM,154,8,0.5242444655076339,0.4210000000000002,0.767231344523307,0.40447691534064145
USDCOP,5,2026-03-10,PA,154,8,0.8682068470561617,0.6940279942391056,0.8455530292460333,0.8865678276314
USDCOP,5,2026-03-10,VAR1,154,8,104.95941872986722,86.91579950340555,133.90454814412666,88.54706641257013
USDCOP,5,2026-03-10,ARHinc,154,8,0.8974179085724627,0.7159305935297746,0.9116472884860909,0.8884877605134534
USDCOP,5,2026-03-10,KernelARH,154,8,2.014960856075711,1.7231040155153823,1.9373932200427975,2.0604847701687197
USDCOP,10,2026-03-17,PM,154,8,0.49522435669253845,0.3890769230769231,0.7259133459029454,0.37450953888444344
USDCOP,10,2026-03-17,PA,154,8,0.8558320381088976,0.6984411181596025,0.8288502991989126,0.8801862205049226
USDCOP,10,2026-03-17,VAR1,154,8,113.72693755595229,92.49597820454417,154.2909112064271,86.30007617626242
USDCOP,10,2026-03-17,ARHinc,154,8,0.8783480645382624,0.7194968019265104,0.8864869675968446,0.8801274218369275
USDCOP,10,2026-03-17,KernelARH,154,8,2.4165018136351617,2.146315085663581,2.5451269743529035,2.2904081792320383
USDCOP,1,2026-03-05,PM,154,7,0.391153250510098,0.2247307692307695,0.6653822900700064,0.1845756953608442
USDCOP,1,2026-03-05,PA,154,7,0.9664229874833835,0.7693591606863243,1.3260449744219447,0.8110785884986765
USDCOP,1,2026-03-05,VAR1,154,7,20.857857061567145,16.298250135494136,26.621537723671644,14.602981010656407
USDCOP,1,2026-03-05,ARHinc,154,7,0.9971489130889717,0.7875654950992229,1.4018750905361814,0.8169304176034929
USDCOP,1,2026-03-05,KernelARH,154,7,0.9803518785151111,0.7823837547002873,1.3451463496836473,0.8246264833860681
USDCOP,5,2026-03-11,PM,154,8,0.451403740058123,0.3132307692307691,0.7338086463621525,0.287681509085196
USDCOP,5,2026-03-11,PA,154,8,0.819057233323001,0.6746457125390479,0.7766024160526528,0.8426379577907812
USDCOP,5,2026-03-11,VAR1,154,8,107.42383295021105,85.67846799689306,147.30240861332214,80.820263781374
USDCOP,5,2026-03-11,ARHinc,154,8,0.8084167931587839,0.6647717036584687,0.7413226028316297,0.8448274903536543
USDCOP,5,2026-03-11,KernelARH,154,8,2.072645064338488,1.8090057834113213,2.067222449905726,2.0581340731815514
USDCOP,10,2026-03-18,PM,154,8,0.8946116207176591,0.5545,1.5286089414352872,0.4613471247328283
USDCOP,10,2026-03-18,PA,154,8,1.0413588086904344,0.8455137317382325,1.3087169209544434,0.8987570635075499
USDCOP,10,2026-03-18,VAR1,154,8,141.74180598021087,109.52920184648109,201.88525211820846,96.00718450778506
USDCOP,10,2026-03-18,ARHinc,154,8,1.0083633475359703,0.8239507399185476,1.2325893835711783,0.8954869917008954
USDCOP,10,2026-03-18,KernelARH,154,8,2.226943765587662,1.9166216937154212,2.0082856013061705,2.2597333573671547
USDCOP,1,2026-03-06,PM,154,7,0.3067655393844724,0.20388461538461541,0.5024417545638549,0.15788895830043215
USDCOP,1,2026-03-06,PA,154,7,1.0153605193358282,0.8003776763091329,1.3947487687904692,0.841518817014248
USDCOP,1,2026-03-06,VAR1,154,7,32.47602604325894,25.285449808297788,41.328973296167476,22.693740189998287
USDCOP,1,2026-03-06,ARHinc,154,7,1.013269388724678,0.7985335083275873,1.3883397405207187,0.8408167505704782
USDCOP,1,2026-03-06,KernelARH,154,7,1.053136889015258,0.8265621993136094,1.455525371548301,0.8705898566131907
USDCOP,5,2026-03-12,PM,154,8,0.6636969955658054,0.4026538461538459,1.128588584738359,0.3421674191782539
USDCOP,5,2026-03-12,PA,154,8,0.9358468161060972,0.7751917711659148,1.0123893125429864,0.8720123914696497
USDCOP,5,2026-03-12,VAR1,154,8,158.2926959244396,115.29414465047854,230.70524041148735,99.79158007064991
USDCOP,5,2026-03-12,ARHinc,154,8,0.9402498703949591,0.7772937364453789,1.0231070628085814,0.8725032374221581
USDCOP,5,2026-03-12,KernelARH,154,8,2.0031196066779273,1.7167661666905178,1.8950072904612238,2.080257731494397
USDCOP,10,2026-03-19,PM,154,8,1.26484445303943,0.6955000000000002,2.212701221046715,0.557168518292522
USDCOP,10,2026-03-19,PA,154,8,1.3376085549181602,1.0898810671517234,1.862719207785143,0.9825326615692889
USDCOP,10,2026-03-19,VAR1,154,8,247.63385365749514,178.66377531524498,363.29078521291825,152.05437868636454
USDCOP,10,2026-03-19,ARHinc,154,8,1.341405324872949,1.0903696756790398,1.8711601731171634,0.9834046510690003
USDCOP,10,2026-03-19,KernelARH,154,8,2.0884789261806147,1.754921854172849,1.7782473172288757,2.1241183290780947
USDCOP,1,2026-03-09,PM,154,7,0.8585591406984865,0.44407692307692337,1.5147707451029628,0.3972799494461947
USDCOP,1,2026-03-09,PA,154,7,0.9507538500467854,0.7934715189954721,1.0627646888146876,0.8740087695352746
USDCOP,1,2026-03-09,VAR1,154,7,39.6437103875952,29.231220961440492,52.512540383301634,26.565133386387977
USDCOP,1,2026-03-09,ARHinc,154,7,0.9393481328889881,0.7833563444641326,1.0376621112547044,0.8718473618328257
USDCOP,1,2026-03-09,KernelARH,154,7,1.1007354993185496,0.918313724690254,1.3692794256985565,0.915009783479337
USDCOP,5,2026-03-13,PM,154,8,0.8612836183011064,0.4831538461538463,1.5010408727585067,0.39961986345138445
USDCOP,5,2026-03-13,PA,154,8,1.0604509889211722,0.883051356859789,1.24868237800609,0.9250355878022819
USDCOP,5,2026-03-13,VAR1,154,8,203.85305918983767,144.7920498699496,281.35556823965135,132.08374278021412
USDCOP,5,2026-03-13,ARHinc,154,8,0.978739482586782,0.813576377454122,1.0838980574720425,0.8999933550497901
USDCOP,5,2026-03-13,KernelARH,154,8,1.0663441863960688,0.8888780050988604,1.260861292683816,0.9268368612911819
USDCOP,10,2026-03-20,PM,154,8,1.3033775834346701,0.7505000000000003,2.240926407049882,0.5930928278922382
USDCOP,10,2026-03-20,PA,154,8,1.3795237493253654,1.1345899472216474,1.8745484823537937,1.0136278915187542
USDCOP,10,2026-03-20,VAR1,154,8,341.0439302305072,238.21872986656,485.9189903518619,212.7347099047636
USDCOP,10,2026-03-20,ARHinc,154,8,1.2855342644058547,1.0687137329323813,1.6919123066946529,0.9851399936894402
USDCOP,10,2026-03-20,KernelARH,154,8,1.361118962436339,1.1284763462833434,1.8307179602139394,1.014156184709924
USDCOP,1,2026-03-10,PM,154,7,0.13173345028153208,0.08123076923076909,0.2115641382676877,0.0638186322473604
USDCOP,1,2026-03-10,PA,154,7,0.7154419782585636,0.5763701226965258,0.644511852046004,0.7772825110609739
USDCOP,1,2026-03-10,VAR1,154,7,3.8397374748108284,3.1350418564613967,4.813395419115614,2.908728019797608
USDCOP,1,2026-03-10,ARHinc,154,7,0.7208398326583008,0.5924758848166262,0.6887369791035256,0.7768252389803493
USDCOP,1,2026-03-10,KernelARH,154,7,0.7893370802654803,0.6408837427341376,0.8881973868788275,0.7971088566261461
USDCOP,5,2026-03-16,PM,154,8,0.23742063451247822,0.1835384615384615,0.1801008534631662,0.28331183906962515
USDCOP,5,2026-03-16,PA,154,8,0.7477591001876489,0.588211514628257,0.6267907522183066,0.8456482873657344
USDCOP,5,2026-03-16,VAR1,154,8,47.36229380531374,37.79555492737565,65.82972686323224,34.42236691892923
USDCOP,5,2026-03-16,ARHinc,154,8,0.7833315427432836,0.6254196948184005,0.7048787095942027,0.8629577987211692
USDCOP,5,2026-03-16,KernelARH,154,8,2.5950475405769593,2.3791821029516647,2.91544776258315,2.3380027965045476
USDCOP,10,2026-03-23,PM,154,8,0.5088499948979975,0.33323076923076894,0.6924731852431746,0.31838494069724377
USDCOP,10,2026-03-23,PA,154,8,0.8639859722471989,0.6965021720584105,0.8366720535729949,0.8521969131332313
USDCOP,10,2026-03-23,VAR1,154,8,46.232392773974816,36.870893537000256,64.61279123096006,32.989397758548776
USDCOP,10,2026-03-23,ARHinc,154,8,0.871420934793043,0.6902939423965664,0.7951342969400033,0.8688017784228445
USDCOP,10,2026-03-23,KernelARH,154,8,2.6013492453670435,2.3144610569301762,2.565760448665887,2.4876478867862355
USDCOP,1,2026-03-11,PM,154,7,0.08933864914340983,0.07038461538461555,0.10892174942430662,0.07084544858832068
USDCOP,1,2026-03-11,PA,154,7,0.7174462537189706,0.584536950860593,0.6593450113945979,0.7731801856272692
USDCOP,1,2026-03-11,VAR1,154,7,1.4035209724768116,1.0769917846523507,2.008732834783762,1.0722495989039824
USDCOP,1,2026-03-11,ARHinc,154,7,0.7181969799679854,0.5851070415375398,0.670249296239076,0.7725112023907897
USDCOP,1,2026-03-11,KernelARH,154,7,0.7356111718735433,0.5987430906217592,0.7195180998960257,0.7804533334362695
USDCOP,5,2026-03-17,PM,154,8,0.18631342492609695,0.14761538461538476,0.22643294741773717,0.13598320510161535
USDCOP,5,2026-03-17,PA,154,8,0.7214225471727904,0.5823818194860668,0.6620949061855761,0.788955880124396
USDCOP,5,2026-03-17,VAR1,154,8,7.669293772614362,5.9957146109666315,10.955113284025572,5.32098315390504
USDCOP,5,2026-03-17,ARHinc,154,8,0.7306264308251073,0.5918719568368883,0.6892268968005294,0.7917760535306303
USDCOP,5,2026-03-17,KernelARH,154,8,0.7875374818472652,0.643655566752307,0.8453945842856165,0.8060889801348957
USDCOP,10,2026-03-24,PM,154,8,0.5890737922300633,0.3916538461538464,0.8965193034106821,0.3291115684228947
USDCOP,10,2026-03-24,PA,154,8,0.913492541015152,0.7519585103966893,0.9796463179634936,0.8625037122925935
USDCOP,10,2026-03-24,VAR1,154,8,10.512171585814812,8.47052257713703,14.235899318947764,7.809758600125133
USDCOP,10,2026-03-24,ARHinc,154,8,0.8990047620271983,0.7339725583932457,0.9390893158508508,0.8608796425355566
USDCOP,10,2026-03-24,KernelARH,154,8,0.8889631426620918,0.7192805425909988,0.8916613301418725,0.8647318816485858
USDCOP,1,2026-03-12,PM,154,7,0.13994676185552207,0.09007692307692322,0.23072769573673674,0.07343116221733176
USDCOP,1,2026-03-12,PA,154,7,0.7423714766004044,0.5996834889850449,0.7752392315542713,0.7713774809038388
USDCOP,1,2026-03-12,VAR1,154,7,2.0897508561573868,1.7800463741665224,2.5425015000239095,1.7132824786773801
USDCOP,1,2026-03-12,ARHinc,154,7,0.7406272878316946,0.5984371449607505,0.7648560718320396,0.7723534144993139
USDCOP,1,2026-03-12,KernelARH,154,7,0.7474628940361904,0.6065598800068454,0.7938734997416562,0.7723898308260821
USDCOP,5,2026-03-18,PM,154,8,0.4729399661040093,0.27738461538461506,0.813708205811783,0.2187092195678236
USDCOP,5,2026-03-18,PA,154,8,0.7941909179371238,0.6539024449737226,0.8496621799881438,0.7878884926644653
USDCOP,5,2026-03-18,VAR1,154,8,26.19596983805535,21.192415959774664,35.56800416597754,19.746581568713122
USDCOP,5,2026-03-18,ARHinc,154,8,0.8379512847195858,0.6950302779144478,0.9486236209734799,0.7991927290653609
USDCOP,5,2026-03-18,KernelARH,154,8,0.7992955918340943,0.6551937304284672,0.8578631378019369,0.790640586518022
USDCOP,10,2026-03-25,PM,154,8,0.5200765476202664,0.35446153846153844,0.7593371350120954,0.31639050589609813
USDCOP,10,2026-03-25,PA,154,8,0.90124838515142,0.7444535808120599,0.9490110844190729,0.8595508420697417
USDCOP,10,2026-03-25,VAR1,154,8,26.843696862814983,21.545042644987973,36.93540210748488,19.68775602879585
USDCOP,10,2026-03-25,ARHinc,154,8,0.9378618070768989,0.7779587368859812,1.0267949744073224,0.8697091671463378
USDCOP,10,2026-03-25,KernelARH,154,8,0.9045043042617409,0.7452319902292888,0.9579304084598721,0.8572160103851025
USDCOP,1,2026-03-13,PM,154,7,0.12795770034242993,0.09496153846153839,0.16019915332185294,0.09133885092940824
USDCOP,1,2026-03-13,PA,154,7,0.7619451782134041,0.6245258946758636,0.7814146663287529,0.7994077344414571
USDCOP,1,2026-03-13,VAR1,154,7,5.472733876016849,4.515701448523354,6.914514063623543,4.201289580201189
USDCOP,1,2026-03-13,ARHinc,154,7,0.7563114988758226,0.6193997279643756,0.7501386313958108,0.8002552714538813
USDCOP,1,2026-03-13,KernelARH,154,7,0.7726071158430639,0.6316376854817836,0.7980608472184996,0.805949913217516
USDCOP,5,2026-03-19,PM,154,8,0.662447966026244,0.3959615384615387,1.11560838588602,0.34023275921011586
USDCOP,5,2026-03-19,PA,154,8,0.9392729986800108,0.7852294934896852,1.0872926216383512,0.8582418463143162
USDCOP,5,2026-03-19,VAR1,154,8,67.2600808784451,54.45667823018707,92.0778160724954,50.15176423338048
USDCOP,5,2026-03-19,ARHinc,154,8,0.9556764898501751,0.8001746726048997,1.1247802944479623,0.8624497542078482
USDCOP,5,2026-03-19,KernelARH,154,8,0.9196297880996934,0.7656070997177964,1.0429051597732297,0.8525357533940264
USDCOP,10,2026-03-26,PM,154,8,0.6128286794729956,0.44446153846153846,0.9448829306517205,0.3549896329733971
USDCOP,10,2026-03-26,PA,154,8,0.9574780541550955,0.800014618727967,1.0496402332345978,0.8799505106820428
USDCOP,10,2026-03-26,VAR1,154,8,63.872970100420375,51.053137149420984,88.88180626367748,45.99240994054752
USDCOP,10,2026-03-26,ARHinc,154,8,0.9734748921491516,0.8132084608641048,1.083479804095136,0.885035096216235
USDCOP,10,2026-03-26,KernelARH,154,8,0.9361763328753329,0.7820798207125433,1.0097008366361,0.8703237766961397
