moneda,window_dias,window_label,t_start,t_end,fecha_start,fecha_end,PC1,PC2,PC3,PC1_PC2,PC1_PC3,K95,K99,dist_global3,dist_prev3
USDCOP,22,1m,1,22,2025-02-04,2025-03-05,0.9504481312852648,0.04330973587014314,0.004941554931692637,0.9937578671554079,0.9986994220871006,1,2,1.3229413728931927,NA
USDCOP,22,1m,2,23,2025-02-05,2025-03-06,0.9494699910145482,0.04472955129769093,0.004306027447121737,0.9941995423122392,0.9985055697593609,2,2,1.3134019760543432,0.04724639745366476
USDCOP,22,1m,3,24,2025-02-06,2025-03-07,0.9443005136663739,0.05100654472647633,0.0029944339346672714,0.9953070583928503,0.9983014923275175,2,2,1.3091778207526037,0.14420986485459827
USDCOP,22,1m,4,25,2025-02-07,2025-03-10,0.9412006143956536,0.05441826700056419,0.002324210844048029,0.9956188813962178,0.9979430922402658,2,2,1.214103250579036,0.2421191167894568
USDCOP,22,1m,5,26,2025-02-10,2025-03-11,0.9367928832127236,0.0587547892148319,0.0018571856273573134,0.9955476724275555,0.9974048580549127,2,2,0.9788026899205065,0.4042276773474694
USDCOP,22,1m,6,27,2025-02-11,2025-03-12,0.9330586038187092,0.06264899535353191,0.001839686900421734,0.995707599172241,0.9975472860726629,2,2,0.605688126728651,0.6770216869453705
USDCOP,22,1m,7,28,2025-02-12,2025-03-13,0.9157835094342223,0.07896442007259663,0.002356339129475888,0.9947479295068189,0.9971042686362948,2,2,0.5830655447719802,0.40449934835620893
USDCOP,22,1m,8,29,2025-02-13,2025-03-14,0.9020022717576669,0.09208902514984504,0.002964523792536124,0.994091296907512,0.9970558207000481,2,2,0.7108009054539169,0.20565012312085656
USDCOP,22,1m,9,30,2025-02-14,2025-03-17,0.9033399154712988,0.09094478042903123,0.0033887874980478285,0.99428469590033,0.9976734833983778,2,2,0.7990872019506802,0.25681153735346096
USDCOP,22,1m,10,31,2025-02-17,2025-03-18,0.9027500570507127,0.090911214571719,0.003996538806163835,0.9936612716224317,0.9976578104285955,2,2,0.8046337092833867,0.1548168554937289
USDCOP,22,1m,11,32,2025-02-18,2025-03-19,0.8775220803174915,0.1139896638418097,0.005576453782204301,0.9915117441593011,0.9970881979415055,2,2,0.7854829192868691,0.09882037147976964
USDCOP,22,1m,12,33,2025-02-19,2025-03-20,0.8912054758766808,0.1009487413982198,0.005228547219967472,0.9921542172749005,0.9973827644948681,2,2,0.8270751572203419,0.14184274236880925
USDCOP,22,1m,13,34,2025-02-20,2025-03-21,0.9134268704776662,0.0798038512454195,0.004510503083112404,0.9932307217230858,0.9977412248061981,2,2,0.8421362313637453,0.03652159100854465
USDCOP,22,1m,14,35,2025-02-21,2025-03-24,0.9316280767825184,0.06178182644250497,0.004410242260748072,0.9934099032250233,0.9978201454857714,2,2,0.8320859472340744,0.0451567771718192
USDCOP,22,1m,15,36,2025-02-24,2025-03-25,0.9418474584661058,0.05237646790416875,0.0038442924869425362,0.9942239263702746,0.9980682188572171,2,2,0.8682287370656387,0.07224422459366257
USDCOP,22,1m,16,37,2025-02-25,2025-03-26,0.9283888856668304,0.06685624179269387,0.002904272514602247,0.9952451274595243,0.99814939997412655,2,2,0.7478399883478704,0.19938340732494356
USDCOP,22,1m,17,38,2025-02-26,2025-03-27,0.9100462732244169,0.08651566545637324,0.0019363872133767435,0.9965619386807901,0.9984983258941669,2,2,0.7155913924442187,0.2880103604739528
USDCOP,22,1m,18,39,2025-02-27,2025-03-28,0.9049855264490954,0.092270120171792,0.0015849333655294923,0.9972556466208874,0.9988405799864168,2,2,0.789571285271209,0.16112507356392433
USDCOP,22,1m,19,40,2025-02-28,2025-03-31,0.8975607304740144,0.0999563013944443,0.001256845146194489,0.9975170318684587,0.9987738770146531,2,2,0.7527707261225852,0.1783870062387702
USDCOP,22,1m,20,41,2025-03-03,2025-04-01,0.9118271762506887,0.08596836216680684,0.0011097135428844841,0.9977955384174955,0.9989052519603799,2,2,0.7071126735014671,0.21094136149056003
USDCOP,22,1m,21,42,2025-03-04,2025-04-02,0.9093206543069382,0.08856946096924391,0.0010854460189420828,0.9978901152761821,0.9989755612951242,2,2,0.6294704807682479,0.3326021764536282
USDCOP,22,1m,22,43,2025-03-05,2025-04-03,0.9136798612182156,0.0841797663398208,0.0011807743707447143,0.9978596275580365,0.9990404019287812,2,2,0.603676990689749,0.0682704718905788
USDCOP,22,1m,23,44,2025-03-06,2025-04-04,0.9098944822961612,0.08497972647252795,0.004155415889449836,0.99487420876868915,0.999029624658139,2,2,0.47125848304365314,0.43066328759326017
USDCOP,22,1m,24,45,2025-03-07,2025-04-07,0.9142522800621027,0.07712047041092805,0.007710030462434545,0.9913727504730308,0.9990827809354653,2,2,0.4510088226858231,0.11099020035490535
USDCOP,22,1m,25,46,2025-03-10,2025-04-08,0.9498589617875067,0.042783528167734175,0.0066619520187840625,0.9926424899552408,0.999304441974025,2,2,0.42828930706415913,0.06266978371427127
USDCOP,22,1m,26,47,2025-03-11,2025-04-09,0.9719031729312286,0.023800632451646778,0.003959887480991768,0.9957038053828754,0.9996636928638671,1,2,0.4463377910092821,0.05117487551843781
USDCOP,22,1m,27,48,2025-03-12,2025-04-10,0.9779372999125573,0.0182760132055515,0.003525117006262138,0.9962133131181088,0.9997384301243709,1,2,0.46672825550036784,0.06645168918148701
USDCOP,22,1m,28,49,2025-03-13,2025-04-11,0.9820485518987319,0.012870171251047058,0.004821722875982872,0.9949187231497789,0.9997404460257618,1,2,0.5075159432053821,0.06323202514771438
USDCOP,22,1m,29,50,2025-03-14,2025-04-14,0.9828163388820658,0.010549343495364473,0.006342467434861401,0.9933656823774303,0.9997081498122916,1,2,0.5519199788035196,0.07232732140639811
USDCOP,22,1m,30,51,2025-03-17,2025-04-15,0.981629619554326,0.009372810394519978,0.008706818268402023,0.991002429948846,0.999709248217248,1,2,0.5732791135642472,0.04506393146533442
USDCOP,22,1m,31,52,2025-03-18,2025-04-16,0.9758412484679755,0.01639830763385912,0.007527363846804313,0.9922395561018346,0.9997669199486389,1,2,0.5610869823383807,0.08424680323813177
USDCOP,22,1m,32,53,2025-03-19,2025-04-17,0.9730141206969158,0.02052500360471108,0.006253155065544742,0.9935391243016269,0.9997922793671716,1,2,0.5516807585089802,0.025230722027634864
USDCOP,22,1m,33,54,2025-03-20,2025-04-18,0.9712778651308576,0.023164174541461167,0.005359343343831923,0.9944420396723187,0.9998013830161506,1,2,0.5400297178263388,0.03036719239758698
USDCOP,22,1m,34,55,2025-03-21,2025-04-21,0.9674919900737452,0.026499489185808304,0.005797934312827087,0.9939914792595536,0.9997894135723806,1,2,0.5379767015171036,0.010982453446972401
USDCOP,22,1m,35,56,2025-03-24,2025-04-22,0.9666914850850132,0.026955103756751156,0.006105339951598381,0.9936465888417644,0.9997519287933627,1,2,0.5302057119829814,0.024249431881174354
USDCOP,22,1m,36,57,2025-03-25,2025-04-23,0.9667261397150394,0.02635660400634997,0.006635174026428475,0.9930827437213894,0.9997179177478178,1,2,0.5170163369583984,0.02992421393424006
USDCOP,22,1m,37,58,2025-03-26,2025-04-24,0.9688012790251088,0.02329776924240744,0.007601346727884533,0.9920990482675163,0.9997003949954008,1,2,0.504707722104594,0.04422539424841479
USDCOP,22,1m,38,59,2025-03-27,2025-04-25,0.9702345271406985,0.021839404147846877,0.007615447322215775,0.9920739312885454,0.9996893786107611,1,2,0.5040104537939128,0.01782134224872215
USDCOP,22,1m,39,60,2025-03-28,2025-04-28,0.972768666511529,0.020088268842685504,0.006826164976570422,0.9928569353542146,0.999683100330785,1,2,0.5102521271099475,0.02171437033420175
USDCOP,22,1m,40,61,2025-03-31,2025-04-29,0.9746918801122781,0.018671357436392207,0.006319340043513978,0.9933632375486704,0.9996825775921844,1,2,0.522001590653822,0.02321723965430006
USDCOP,22,1m,41,62,2025-04-01,2025-04-30,0.978990034952208,0.015062532549197634,0.00558236713446416,0.9940525675014057,0.9996349346358698,1,2,0.5332368522507457,0.027603005567019265
USDCOP,22,1m,42,63,2025-04-02,2025-05-01,0.9808980924156414,0.014313310158388833,0.004376318920917176,0.9952114025740303,0.9995877214949475,1,2,0.5367058576149687,0.03541773416670563
USDCOP,22,1m,43,64,2025-04-03,2025-05-02,0.9829144840554512,0.012763391569766797,0.003825073011644243,0.995677875625218,0.9995029486368623,1,2,0.5825810575035485,0.055780193433134666
USDCOP,22,1m,44,65,2025-04-04,2025-05-05,0.9847586675890415,0.01191397206984811,0.002842837236866075,0.9966726396588896,0.9995154768957557,1,2,0.6511320442800173,0.09335998174190124
USDCOP,22,1m,45,66,2025-04-07,2025-05-06,0.9862847423813512,0.010422773718739472,0.002801016462206503,0.9967075161000907,0.9995085325622972,1,2,0.6594681508585898,0.03985132061561705
USDCOP,22,1m,46,67,2025-04-08,2025-05-07,0.9872798616010272,0.009518886258130896,0.002656900764934043,0.9967987478591581,0.9994556486240922,1,2,0.6443801643668599,0.051817911211007615
USDCOP,22,1m,47,68,2025-04-09,2025-05-08,0.9881328367328936,0.008820584599436769,0.0025089106006753355,0.9969534213323304,0.9994623319330057,1,2,0.6699201844693188,0.09552518326323213
USDCOP,22,1m,48,69,2025-04-10,2025-05-09,0.9845997459974356,0.011832952662162406,0.0029744040847451787,0.996432698659598,0.9994071027443432,1,2,0.6912901008836208,0.04696264545081329
USDCOP,22,1m,49,70,2025-04-11,2025-05-12,0.9803076126768975,0.015799242677550035,0.003257833337737574,0.9961068553544475,0.9993646886921851,1,2,0.7455882612121358,0.0831366471461981
USDCOP,22,1m,50,71,2025-04-14,2025-05-13,0.9780028298189779,0.01862920149860166,0.0027309114649367197,0.9966320313175796,0.9993629427825163,1,2,0.8458193442337164,0.14109310183235235
USDCOP,22,1m,51,72,2025-04-15,2025-05-14,0.9768874095490905,0.02045676084276614,0.001861145609880866,0.9973441703918566,0.9992053160017375,1,2,0.9123150753874615,0.11720909086994961
USDCOP,22,1m,52,73,2025-04-16,2025-05-15,0.9768897829108847,0.020346818551736905,0.001686703118516213,0.9972366014626216,0.9989233045811378,1,2,0.6341758062077285,0.5389588543364424
USDCOP,22,1m,53,74,2025-04-17,2025-05-16,0.9768442887264378,0.019563821452944993,0.0023352227020642996,0.9964081101793828,0.9987433328814471,1,2,0.5345616998258791,0.4695791865624696
USDCOP,22,1m,54,75,2025-04-18,2025-05-19,0.9784415233322756,0.017313267993468336,0.002853932375519059,0.995754791325744,0.9986087237012631,1,2,0.5686788751407722,0.2567475312869578
USDCOP,22,1m,55,76,2025-04-21,2025-05-20,0.9817953403317746,0.014506213468710517,0.0024641157621674067,0.9963015538004851,0.9987656695626526,1,2,0.6669924186170757,0.17947441545725043
USDCOP,22,1m,56,77,2025-04-22,2025-05-21,0.9806343727707769,0.01659716713377906,0.001759186053001531,0.9972315399045559,0.9989907259575576,1,2,0.9168840569686032,0.368601720321285
USDCOP,22,1m,57,78,2025-04-23,2025-05-22,0.979472964811296,0.017873496674191122,0.0017464052015118642,0.9973464614854871,0.9990928666869989,1,2,0.9451129059421384,0.047264056681565456
USDCOP,22,1m,58,79,2025-04-24,2025-05-23,0.967248082856122,0.030000563226269053,0.0018471468162750782,0.997248646082391,0.9990957928986661,1,2,0.9538769118478285,0.045305816525901196
USDCOP,22,1m,59,80,2025-04-25,2025-05-26,0.9621635629033933,0.03436354667489186,0.0022891877392270292,0.9965271095782852,0.9988162973175122,1,2,0.9416401456639192,0.03439637633176738
USDCOP,22,1m,60,81,2025-04-28,2025-05-27,0.9529032927931825,0.04307775979339469,0.0026604407826851073,0.9959810525865772,0.9986414933692623,1,2,0.9157243443550057,0.050609645874134274
USDCOP,22,1m,61,82,2025-04-29,2025-05-28,0.9488138299125837,0.04633007116622258,0.0031861365424365874,0.9951439010788062,0.9983300376212428,2,2,0.9053302746959078,0.03722946586198313
USDCOP,22,1m,62,83,2025-04-30,2025-05-29,0.9421272408874055,0.05256731572054925,0.0034425570104018597,0.9946945566079548,0.9981371136183567,2,2,0.9366410219293527,0.06937963167031341
USDCOP,22,1m,63,84,2025-05-01,2025-05-30,0.9382974070439992,0.057416328287822616,0.002508650044452158,0.9957137353318218,0.998222385376274,2,2,0.8373246098675299,0.2066645187474014
USDCOP,22,1m,64,85,2025-05-02,2025-06-02,0.919971193735178,0.0763656297925054,0.002134546755734636,0.9963368235276834,0.998471370283418,2,2,0.7209866381176278,0.31739545446558864
USDCOP,22,1m,65,86,2025-05-05,2025-06-03,0.9092079131753126,0.08797968696911533,0.001997996551196005,0.9971876001444279,0.9991855966956239,2,2,0.628564947170065,0.3448601691843718
USDCOP,22,1m,66,87,2025-05-06,2025-06-04,0.8780347187648583,0.11870233808364787,0.002288610026131858,0.9967370568485061,0.999025666874638,2,2,0.6007261383697964,0.059557651126530484
USDCOP,22,1m,67,88,2025-05-07,2025-06-05,0.8406446500548844,0.15596280020074163,0.002271125039699448,0.996607450255626,0.9988785752953255,2,2,0.5250106892728591,0.13363657480898009
USDCOP,22,1m,68,89,2025-05-08,2025-06-06,0.8332505764427203,0.16410575043821354,0.001583509376363513,0.9973563268809338,0.9989398362572973,2,2,0.4657324554977309,0.16787590421860946
USDCOP,22,1m,69,90,2025-05-09,2025-06-09,0.828001198021175,0.17013150285422532,7.811441467525735e-4,0.9981327008754003,0.9989138450221529,2,2,0.3699857806712449,0.51439671370995
USDCOP,22,1m,70,91,2025-05-12,2025-06-10,0.8282684958085941,0.17005753187580583,8.069766302618363e-4,0.9983260276843999,0.9991330043146618,2,2,1.3185019847432042,1.2311265876580957
USDCOP,22,1m,71,92,2025-05-13,2025-06-11,0.841055117037151,0.15727175364888452,8.051755265418094e-4,0.9983268706860355,0.9991320462125773,2,2,1.2658147483788684,0.14703733168694122
USDCOP,22,1m,72,93,2025-05-14,2025-06-12,0.8718020044823818,0.12653274935463915,7.719134010309187e-4,0.9983347538370209,0.9991066672380519,2,2,1.147260442709335,0.2558329475237383
USDCOP,22,1m,73,94,2025-05-15,2025-06-13,0.9120602819895847,0.08630218116324608,8.323260555192571e-4,0.9983624631528307,0.99919478920835,2,2,1.1685369651987234,0.15245033699399857
USDCOP,22,1m,74,95,2025-05-16,2025-06-16,0.9299949384135793,0.06823914666005874,9.102090215091583e-4,0.998234085073638,0.9991442940951472,2,2,1.1261245740721582,0.09366499975028869
USDCOP,22,1m,75,96,2025-05-19,2025-06-17,0.9423626365832483,0.055585666663263956,0.0010065743247707037,0.9979483032465122,0.9989548775712829,2,2,1.4120113547179987,0.8160712444743481
USDCOP,22,1m,76,97,2025-05-20,2025-06-18,0.9534312648966561,0.04435266794053382,0.0011027282406975726,0.9977839328371899,0.9988866610778875,1,2,1.4056130282586423,0.1109236316499016
USDCOP,22,1m,77,98,2025-05-21,2025-06-19,0.9564543430869155,0.040869697336426744,0.0012807979134812927,0.9973240404233422,0.9986048383368235,1,2,1.326210565221952,0.36133292904966
USDCOP,22,1m,78,99,2025-05-22,2025-06-20,0.9540407051902985,0.04332419404642484,0.0011445157411275305,0.9973648992367233,0.9985094149778508,1,2,1.0718035589813688,0.5585524974045097
USDCOP,22,1m,79,100,2025-05-23,2025-06-23,0.9595607860108298,0.038061933794001204,0.001041769370308257,0.9976227198048311,0.9986644891751393,1,2,0.5322157725916636,0.8205090543954426
USDCOP,22,1m,80,101,2025-05-26,2025-06-24,0.9616900104343025,0.035860307286705397,0.0010251425706469446,0.9975503177210079,0.9985754602916548,1,2,0.4504917478068074,0.24815726398839208
USDCOP,22,1m,81,102,2025-05-27,2025-06-25,0.9579012046597162,0.039692380600977316,0.0010873452340643814,0.9975935852606935,0.9986809304947579,1,2,0.505239791788296,0.2617120121162666
USDCOP,22,1m,82,103,2025-05-28,2025-06-26,0.9554772678768791,0.04205452381298179,0.0011864058470056925,0.997531791689861,0.9987181975368666,1,2,0.6189241976598074,0.21984805149121794
USDCOP,22,1m,83,104,2025-05-29,2025-06-27,0.9485220835927417,0.04858852343120725,0.001508481525270777,0.9971106070239489,0.9986190885492198,2,2,0.7036986305959827,0.2183458320926931
USDCOP,22,1m,84,105,2025-05-30,2025-06-30,0.9526146634044839,0.043688119383041346,0.0019275970565893195,0.9963027827875253,0.9982303798441146,1,2,1.0265187649406229,0.5695181424489739
USDCOP,22,1m,85,106,2025-06-02,2025-07-01,0.946173025508492,0.04996836729912439,0.002071526589622756,0.9961413928076164,0.9982129193972392,2,2,0.9706115211346396,0.10342309348286886
USDCOP,22,1m,86,107,2025-06-03,2025-07-02,0.9559985338281861,0.04020362400648525,0.002163585792954739,0.9962021578346714,0.9983657436276261,1,2,0.9278406293010127,0.10804438578859511
USDCOP,22,1m,87,108,2025-06-04,2025-07-03,0.9626663982766749,0.03324160057500826,0.002445713049512401,0.9959079988516831,0.9983537119011956,1,2,0.901593761874958,0.06822194993588872
USDCOP,22,1m,88,109,2025-06-05,2025-07-04,0.9691560663159188,0.026899028079443395,0.0025214858862707456,0.9960550943953622,0.9985765802816329,1,2,0.9011117171996927,0.0621475685563363
USDCOP,22,1m,89,110,2025-06-06,2025-07-07,0.9712085697026545,0.02512619334330809,0.0024089674308866733,0.9963347630459626,0.9987437304768492,1,2,0.970574293442263,0.12145155387734727
USDCOP,22,1m,90,111,2025-06-09,2025-07-08,0.9717364867621375,0.02493623639583419,0.0022791135095348233,0.9966727231579717,0.9989518366675065,1,2,1.0060655417429953,0.07791376546147857
USDCOP,22,1m,91,112,2025-06-10,2025-07-09,0.97494954267854,0.021866019912183794,0.002214491958123607,0.9968155625907238,0.9990300545488473,1,2,1.0363661453997155,0.0699221144472631
USDCOP,22,1m,92,113,2025-06-11,2025-07-10,0.9783833718396782,0.01920931102801505,0.0015565236367537027,0.9975926828676932,0.9991492065044469,1,2,1.1024387953794081,0.1833624607170279
USDCOP,22,1m,93,114,2025-06-12,2025-07-11,0.9778315216030425,0.019861128468224385,0.0014352389718288562,0.997692650071267,0.9991278890430958,1,2,1.1565085174346716,0.13603661023169805
USDCOP,22,1m,94,115,2025-06-13,2025-07-14,0.9774859571559749,0.02053848817535077,0.0011005094195861936,0.9980244453313256,0.9991249547509118,1,2,1.2761070974420783,0.2910210637201211
USDCOP,22,1m,95,116,2025-06-16,2025-07-15,0.987559587405098,0.010302304884231813,0.001123052814474057,0.9978618922893298,0.9989849451038039,1,2,1.296713838812065,0.11505776354765423
USDCOP,22,1m,96,117,2025-06-17,2025-07-16,0.9893299702916803,0.00871411999397449,0.0010118275882330273,0.9980440902856549,0.9990559178738879,1,2,1.3393231580269391,0.18924883249786892
USDCOP,22,1m,97,118,2025-06-18,2025-07-17,0.987445134463433,0.010429578080246362,0.0011240539391727308,0.9978747125436793,0.998998766482852,1,2,1.3942940406496385,0.2561819903181479
USDCOP,22,1m,98,119,2025-06-19,2025-07-18,0.987967125336033,0.010079172579259298,9.736923706849888e-4,0.9980462979152923,0.9990199902859773,1,2,1.4119868901472115,0.4760063389163743
USDCOP,22,1m,99,120,2025-06-20,2025-07-21,0.987380578243651,0.01061370317961707,9.665637556960798e-4,0.9979942814232681,0.9989608451789641,1,2,1.419381161187594,0.11825405180038664
USDCOP,22,1m,100,121,2025-06-23,2025-07-22,0.9870575234667834,0.010841536760245175,9.941166109893717e-4,0.9978990602270286,0.998893176838018,1,2,1.411574060864034,0.2729455256800206
USDCOP,22,1m,101,122,2025-06-24,2025-07-23,0.9829989301926335,0.014923294575086857,8.223741674068284e-4,0.9979222247677204,0.9987445989351272,1,2,1.3745072762581056,0.6182216751719468
USDCOP,22,1m,102,123,2025-06-25,2025-07-24,0.9829468351611943,0.015080095596485809,7.9106816863189e-4,0.9980269307576801,0.998817998926312,1,2,1.018178259553182,1.2505590664882154
USDCOP,22,1m,103,124,2025-06-26,2025-07-25,0.9879159579421732,0.010785733392306356,4.931538875494179e-4,0.9987016913344796,0.9991948452220291,1,2,1.4078707071585195,0.8952011679744469
USDCOP,22,1m,104,125,2025-06-27,2025-07-28,0.9882245072338213,0.010101862922934563,8.995445574521142e-4,0.9983263701567558,0.999225914714208,1,2,0.5717461021073866,1.3620345080626197
USDCOP,22,1m,105,126,2025-06-30,2025-07-29,0.9821341896412792,0.01585500267866506,0.0011681218004466764,0.9979891923199442,0.9991573141203909,1,2,0.4888034389536542,0.283839533995924
USDCOP,22,1m,106,127,2025-07-01,2025-07-30,0.9797355314900781,0.018301369265752383,0.0012679380940872685,0.9980369007558305,0.9993048388499177,1,2,0.5282466524635716,0.11321061221502303
USDCOP,22,1m,107,128,2025-07-02,2025-07-31,0.9790891584965893,0.019091837060352904,0.00115484110002912,0.9981809955569422,0.9993358366569713,1,2,0.5240781485249424,0.10337502329663205
USDCOP,22,1m,108,129,2025-07-03,2025-08-01,0.9772954194769135,0.020036657025380586,0.0020512472404722575,0.997332076502294,0.9993833237427663,1,2,0.5279285597211616,0.1994499161276881
USDCOP,22,1m,109,130,2025-07-04,2025-08-04,0.9752379021664542,0.022047158487385657,0.002155744529021897,0.9972850606538399,0.9994408051828618,1,2,0.5500257457627846,0.08120664527466552
USDCOP,22,1m,110,131,2025-07-07,2025-08-05,0.9731076496700333,0.024403161132795965,0.0019452026468990938,0.9975108108028292,0.9994560134497283,1,2,0.5588158323130481,0.029191548696388216
USDCOP,22,1m,111,132,2025-07-08,2025-08-06,0.9711593332863023,0.02606857751690016,0.0020189085578328878,0.9972279108032025,0.9992468193610354,1,2,0.5528123006393127,0.12446195750806875
USDCOP,22,1m,112,133,2025-07-09,2025-08-07,0.9689648332444242,0.028418014666951645,0.001856418588956512,0.9973828479113758,0.9992392665003323,1,2,0.5551041528662979,0.03571523531052415
USDCOP,22,1m,113,134,2025-07-10,2025-08-08,0.9637698720610555,0.03359612418237879,0.0017973512229642788,0.9973659962434342,0.9991633474663986,1,2,0.6249456497596892,0.17575569412119732
USDCOP,22,1m,114,135,2025-07-11,2025-08-11,0.957219528574694,0.040025874478961596,0.0018793285756124704,0.9972454030536555,0.999124731629268,1,2,0.6554552958868646,0.0595132987915849
USDCOP,22,1m,115,136,2025-07-14,2025-08-12,0.9482055140720494,0.04894886351204076,0.0019721531244218673,0.9971543775840902,0.9991265307085121,2,2,0.6731135389179826,0.06279017753143559
USDCOP,22,1m,116,137,2025-07-15,2025-08-13,0.937631374093451,0.05925284876080531,0.0022066363894652874,0.9968842228542563,0.9990908592437215,2,2,0.6661441983520984,0.0417982408108656
USDCOP,22,1m,117,138,2025-07-16,2025-08-14,0.9335449101934865,0.06322469145084839,0.002311290518166608,0.9967696016443349,0.9990808921625015,2,2,0.6645796282489463,0.05257490171278551
USDCOP,22,1m,118,139,2025-07-17,2025-08-15,0.9398613394670905,0.05708565868477222,0.002135563731633,0.9969469981518627,0.9990825618834958,2,2,0.6540562377294631,0.018714345150216534
USDCOP,22,1m,119,140,2025-07-18,2025-08-18,0.9439062750365026,0.053268019468486416,0.001974428845414945,0.9971742945049891,0.99914872335040394,2,2,0.6475680863619513,0.028069674637836873
USDCOP,22,1m,120,141,2025-07-21,2025-08-19,0.9454857646259179,0.05207295605421002,0.0016857459543150313,0.997558720680128,0.999244466634443,2,2,0.612453160413704,0.10738908251075448
USDCOP,22,1m,121,142,2025-07-22,2025-08-20,0.9474612541358705,0.05023332419324933,0.0015712334048276822,0.9976945783291198,0.9992658117339475,2,2,0.5875034286468712,0.10721136449196561
USDCOP,22,1m,122,143,2025-07-23,2025-08-21,0.9534197021117781,0.04452494445502642,0.001298769554819136,0.9979446465668045,0.9992434161216236,1,2,0.6250904006122892,0.09274698602406942
USDCOP,22,1m,123,144,2025-07-24,2025-08-22,0.9580783564932932,0.040057528795363985,9.83018347674994e-4,0.9981358852886572,0.9991189036363322,1,2,0.6374573394509333,0.15587652068759314
USDCOP,22,1m,124,145,2025-07-25,2025-08-25,0.956566805041147,0.0419279910059826,6.635085964859004e-4,0.9984947960471295,0.9991583046436155,1,2,1.4187894233038576,1.4142500263991786
USDCOP,22,1m,125,146,2025-07-28,2025-08-26,0.9399573286891587,0.05841067003080653,0.0010008719802871119,0.9983679987199653,0.9993688707002524,2,2,1.4145085042758414,0.12657793045786225
USDCOP,22,1m,126,147,2025-07-29,2025-08-27,0.9409307826762748,0.05706157268399954,0.0011858610916100675,0.9979923553602744,0.9991782164518844,2,2,1.3910646460882874,0.3961090410693224
USDCOP,22,1m,127,148,2025-07-30,2025-08-28,0.9336571234763301,0.06380866470361139,0.0015619020124294702,0.9974657881799415,0.999027690192371,2,2,1.351022282385327,0.16827893414701373
USDCOP,22,1m,128,149,2025-07-31,2025-08-29,0.9119870623735736,0.08443407381712548,0.0019295812583598139,0.9964211361906992,0.9983507174490589,2,2,1.156455300782306,0.45045776311735614
USDCOP,22,1m,129,150,2025-08-01,2025-09-01,0.8424195463588467,0.15137765552443447,0.003271097426748157,0.9937972018832812,0.9970682993100294,2,2,0.9844991388883073,0.2878519541826474
USDCOP,22,1m,130,151,2025-08-04,2025-09-02,0.8909480407671593,0.10302165828344542,0.0032585860951078855,0.9939696990506047,0.9972282851457126,2,2,1.0196330787832526,0.07822608639141436
USDCOP,22,1m,131,152,2025-08-05,2025-09-03,0.8952505119292423,0.09789488668800962,0.003950952486776141,0.9931453986172519,0.9970963511040281,2,2,0.8260332783412118,0.29710852674687105
USDCOP,22,1m,132,153,2025-08-06,2025-09-04,0.905103289201422,0.08658885816499716,0.005224490535240761,0.9916921473664192,0.99691663790166,2,2,0.5872589441696086,0.41636445967884417
USDCOP,22,1m,133,154,2025-08-07,2025-09-05,0.912758798834762,0.07577943396551946,0.009010459515179503,0.9885382328002814,0.997548692315461,2,3,0.4479369284695842,0.31189437197547293
USDCOP,22,1m,134,155,2025-08-08,2025-09-08,0.926738745590034,0.055503957049036226,0.015718078618615548,0.9822427026390702,0.9979607812576857,2,3,0.4198245027229397,0.2302750501900941
USDCOP,22,1m,135,156,2025-08-11,2025-09-09,0.903959585893153,0.06201630540698247,0.03173537694320767,0.9659758913001354,0.9977112682433431,2,3,0.389036894954787,0.06446021126112761
USDCOP,22,1m,136,157,2025-08-12,2025-09-10,0.9410008641309724,0.036384567148615266,0.02101096399247362,0.9773854312795877,0.9983963952720613,2,3,0.37161351049562813,0.07003497070146722
USDCOP,22,1m,137,158,2025-08-13,2025-09-11,0.9319408813093659,0.042875198431829895,0.023753481840269774,0.9748160797411958,0.9985695615814656,2,3,0.34203791920934334,0.05352079287977567
USDCOP,22,1m,138,159,2025-08-14,2025-09-12,0.9353583767688884,0.03869026812654919,0.02472496733725331,0.9740486448954376,0.9987736122326909,2,3,0.34981841488449805,0.0652918393699682
USDCOP,22,1m,139,160,2025-08-15,2025-09-15,0.936806897740799,0.03622090635340143,0.02581362435830769,0.9730278040942004,0.9988414284525081,2,3,0.34686449185706075,0.043320288301229394
USDCOP,22,1m,140,161,2025-08-18,2025-09-16,0.940907537274492,0.039359287150666215,0.01868533286649052,0.9802668244251581,0.9989521572916487,2,3,0.37933711991864705,0.14443488766524468
USDCOP,22,1m,141,162,2025-08-19,2025-09-17,0.9336918011867734,0.04594275161087497,0.01932924313853637,0.9796345527976484,0.9989637959361848,2,3,0.37429219620884113,0.01744575798578085
USDCOP,22,1m,142,163,2025-08-20,2025-09-18,0.9354279218645077,0.04433418576203785,0.019326634618209323,0.9797621076265456,0.9990887422447549,2,3,0.3727505067241152,0.024400249648022627
USDCOP,22,1m,143,164,2025-08-21,2025-09-19,0.9308800782509203,0.048674511355822334,0.01953669745636956,0.9795545896067427,0.9990912870631122,2,3,0.374054075187044,0.013236403616873511
USDCOP,22,1m,144,165,2025-08-22,2025-09-22,0.9277850291919388,0.05206873306348289,0.019169885667924012,0.9798537622554218,0.9990236479233457,2,3,0.37047286874796886,0.020751632830129995
USDCOP,22,1m,145,166,2025-08-25,2025-09-23,0.9208366500372375,0.058301306950489046,0.01987882681153002,0.9791379569877265,0.9990167837992565,2,3,0.3674410397351414,0.008767883974772206
USDCOP,22,1m,146,167,2025-08-26,2025-09-24,0.9065601114019898,0.07307680646888245,0.019502109811521916,0.9796369178708723,0.9991390276823942,2,3,0.3633152127198999,0.02164894244547892
USDCOP,22,1m,147,168,2025-08-27,2025-09-25,0.9027263306771679,0.07931358645719959,0.01718986634661121,0.9820399171343674,0.9992297834809787,2,3,0.355019435863808,0.017285408406328445
USDCOP,22,1m,148,169,2025-08-28,2025-09-26,0.9146947854163838,0.07096738383392262,0.013705593510491653,0.9856621692503065,0.9993677627607981,2,3,0.34625442606135665,0.022007570457835367
USDCOP,22,1m,149,170,2025-08-29,2025-09-29,0.9250481138576249,0.06261664080117661,0.011791124361597481,0.9876647546588014,0.999455879020399,2,3,0.3359860189532529,0.03299095323598352
USDCOP,22,1m,150,171,2025-09-01,2025-09-30,0.9266825251524297,0.06129739312855216,0.011483456821854495,0.9879799182809819,0.9994633751028363,2,3,0.33085059836865816,0.009169780377318264
USDCOP,22,1m,151,172,2025-09-02,2025-10-01,0.9333423556827546,0.055274846465796425,0.010820831794390829,0.988617202148551,0.9994380339429418,2,3,0.33451064393132407,0.017457153687723197
USDCOP,22,1m,152,173,2025-09-03,2025-10-02,0.9456887822959634,0.043276942708247744,0.010493400531194214,0.9889657250042112,0.9994591255354054,2,3,0.331153627783677,0.013837971018512174
USDCOP,22,1m,153,174,2025-09-04,2025-10-03,0.957552031702915,0.03324855599235771,0.008696113120242922,0.9908005876952728,0.9994967008155157,1,2,0.32278663569618543,0.02275899617444515
USDCOP,22,1m,154,175,2025-09-05,2025-10-06,0.9675121210277201,0.02358560456265831,0.00836416228270238,0.9910977255903785,0.9994618878730808,1,2,0.31323936223547466,0.023387197343451446
USDCOP,22,1m,155,176,2025-09-08,2025-10-07,0.9776271959442687,0.01560705536057365,0.006232530189676684,0.9932342513048423,0.9994667814945191,1,2,0.2992743346572769,0.05637531810484244
USDCOP,22,1m,156,177,2025-09-09,2025-10-08,0.9789647227657597,0.01693673057627064,0.003536709690768283,0.9959014533420304,0.9994381630327986,1,2,0.39382135973494486,0.21484087365581236
USDCOP,22,1m,157,178,2025-09-10,2025-10-09,0.9837355609589987,0.014030255327363904,0.001767259631220642,0.9977658162863626,0.9995330759175832,1,2,0.5829104389808847,0.276875591430298
USDCOP,22,1m,158,179,2025-09-11,2025-10-10,0.9831457997060645,0.015424180663143112,9.226216227893821e-4,0.9985699803692076,0.9994926019919971,1,2,0.8619255279787665,0.49210407791256955
USDCOP,22,1m,159,180,2025-09-12,2025-10-13,0.9842445207366939,0.014313362236681372,8.746866819351044e-4,0.9985578829733752,0.9994325696553104,1,2,0.8773750037973628,0.08849322243143272
USDCOP,22,1m,160,181,2025-09-15,2025-10-14,0.9931570739849708,0.005350041447439922,9.361283981345483e-4,0.9985071154324107,0.9994432438305453,1,1,0.7597429557160994,0.3441890850318172
USDCOP,22,1m,161,182,2025-09-16,2025-10-15,0.9906865095007382,0.007506505194804811,0.0011407555430908893,0.998193014695543,0.9993337702386339,1,1,0.8032806380427813,0.11467144202587154
USDCOP,22,1m,162,183,2025-09-17,2025-10-16,0.9898940966814832,0.008124825421453333,0.001287503844374481,0.9980189221029365,0.999306425947311,1,2,0.6485039478476212,0.22677150231991916
USDCOP,22,1m,163,184,2025-09-18,2025-10-17,0.9931539145414516,0.004683818528357063,0.0016362111343708953,0.9978377330698087,0.9994739442041796,1,1,0.6425073881386127,0.591701221059246
USDCOP,22,1m,164,185,2025-09-19,2025-10-20,0.9942842163313815,0.0036949674616904866,0.0015373282496232335,0.997979183793072,0.9995165120426952,1,1,0.7212438114309971,0.2711258594475576
USDCOP,22,1m,165,186,2025-09-22,2025-10-21,0.9951362050364863,0.002986529194456556,0.001464698783295739,0.9981227342309428,0.9995874330142386,1,1,0.7955947259887854,0.15795800952106243
USDCOP,22,1m,166,187,2025-09-23,2025-10-22,0.9960963299603958,0.0023622219627035326,0.001174784097127157,0.9984585519230993,0.9996333360202264,1,1,0.7753503010524556,0.08948215792899832
USDCOP,22,1m,167,188,2025-09-24,2025-10-23,0.9967632857046868,0.0020943743901970188,7.217881387271439e-4,0.9988576600948837,0.9995794482336109,1,1,0.7182159547665771,0.13939267743171743
USDCOP,22,1m,168,189,2025-09-25,2025-10-24,0.9973142952766427,0.0017099427853574645,6.273985807194564e-4,0.9990242380620001,0.9996516366427196,1,1,0.6985572779128888,0.1289425122689692
USDCOP,22,1m,169,190,2025-09-26,2025-10-27,0.9944853866838735,0.0043098306480758115,8.815641209812686e-4,0.9987952173319493,0.9996767814529306,1,1,0.7069065308707556,0.10441826112097195
USDCOP,22,1m,170,191,2025-09-29,2025-10-28,0.9933983879547298,0.005479795795139271,8.167644090231397e-4,0.998878183749869,0.9996949481588921,1,1,0.6790407008497186,0.06861942485410273
USDCOP,22,1m,171,192,2025-09-30,2025-10-29,0.9924096855865266,0.0065238825879676285,7.671361029476965e-4,0.9989335681744943,0.999700704277442,1,1,0.7024238157838397,0.07167112061715396
USDCOP,22,1m,172,193,2025-10-01,2025-10-30,0.9915261510377628,0.007388885968166224,7.7801775826758e-4,0.998915037005929,0.9996930547641966,1,1,0.7271219994183591,0.061512297789266195
USDCOP,22,1m,173,194,2025-10-02,2025-10-31,0.9909204867547186,0.007929837027741238,8.448836684161081e-4,0.9988503237824597,0.9996952074508759,1,1,0.7616746541512817,0.08971006697119209
USDCOP,22,1m,174,195,2025-10-03,2025-11-03,0.9901781681630576,0.00868999057228206,8.272630143659567e-4,0.9988681587353396,0.9996954217497056,1,1,0.7380537764428093,0.04364370726659708
USDCOP,22,1m,175,196,2025-10-06,2025-11-04,0.9892843253694301,0.009701000323053868,7.15970417241018e-4,0.998985325692484,0.999701296109725,1,2,0.7215912464287656,0.09063327392102587
USDCOP,22,1m,176,197,2025-10-07,2025-11-05,0.9877638254246992,0.01113402156953654,7.879019869435125e-4,0.9988978469942358,0.9996857489811792,1,2,0.7304035413954965,0.021790145559439113
USDCOP,22,1m,177,198,2025-10-08,2025-11-06,0.9853137602442343,0.013483660840954525,8.668904131537112e-4,0.9987974210851889,0.9996643114983426,1,2,0.7368251940944547,0.01801030145790001
USDCOP,22,1m,178,199,2025-10-09,2025-11-07,0.9810801478670018,0.017565213705919278,0.00103746701461858,0.998645361572921,0.9996828285875397,1,2,0.7595923346238161,0.054420652395439015
USDCOP,22,1m,179,200,2025-10-10,2025-11-10,0.9826117976620651,0.015960926550936432,0.0010972502263462173,0.9985727242130015,0.9996699744393477,1,2,0.8468810977178581,0.1456453842792407
USDCOP,22,1m,180,201,2025-10-13,2025-11-11,0.9874585726579368,0.011593830088328873,6.916338632172362e-4,0.9990524027462657,0.9997440366094829,1,2,1.0275691035571104,0.3827324340636555
USDCOP,22,1m,181,202,2025-10-14,2025-11-12,0.9883529250045627,0.010738879984843392,6.545415976424636e-4,0.9990918049894061,0.9997463465870486,1,2,1.0078529318287879,0.05840562240090893
USDCOP,22,1m,182,203,2025-10-15,2025-11-13,0.9884659383199069,0.010650521559859774,6.120467556874776e-4,0.9991164598797667,0.9997285066354542,1,2,1.0435684429280436,0.09956646685345635
USDCOP,22,1m,183,204,2025-10-16,2025-11-14,0.9883021121458327,0.010768440293869863,5.902936933514241e-4,0.9990705524397026,0.9996608461330541,1,2,0.9987742210850189,0.16642190305965487
USDCOP,22,1m,184,205,2025-10-17,2025-11-17,0.99035533931848585,0.008923384822497648,4.191397657019124e-4,0.9992787241409835,0.9996978639066854,1,1,0.8353230829407328,0.44317989111825423
USDCOP,22,1m,185,206,2025-10-20,2025-11-18,0.9898211469550824,0.009410013897305695,4.6293869340220147e-4,0.9992311608523881,0.9996940995457902,1,2,0.8502548717696946,0.08068875147692148
USDCOP,22,1m,186,207,2025-10-21,2025-11-19,0.9900325434225123,0.009111433984949976,4.5662278555009227e-4,0.9991439774074623,0.9996006001930124,1,1,0.8190081608238371,0.14975206352584416
USDCOP,22,1m,187,208,2025-10-22,2025-11-20,0.9900005874395641,0.008947564049051174,5.978000649519847e-4,0.9989481514886153,0.9995459515535673,1,1,0.67304082879185,0.6971436262617571
USDCOP,22,1m,188,209,2025-10-23,2025-11-21,0.9893317438954807,0.009254844098535137,9.443596814318242e-4,0.9985865879940159,0.9995309476754477,1,2,0.6955349566703876,0.281518362071271
USDCOP,22,1m,189,210,2025-10-24,2025-11-24,0.9903426302479138,0.007947627397359285,0.0012127932476685528,0.9982902576452731,0.9995030508929417,1,1,0.6701645107132057,0.3360247618987612
USDCOP,22,1m,190,211,2025-10-27,2025-11-25,0.9874356399648634,0.010821313242111726,0.0011489230905520021,0.9982569532069752,0.9994058762975271,1,2,0.6998878326753398,0.31689049590544877
USDCOP,22,1m,191,212,2025-10-28,2025-11-26,0.9881133619544169,0.010234120120319991,0.0010732351926920154,0.9983474820747369,0.9994207172674289,1,2,0.6537870578547873,0.15750002383556258
USDCOP,22,1m,192,213,2025-10-29,2025-11-27,0.9892148742580293,0.009317178323635626,9.357321013504264e-4,0.998532052581665,0.9994677846830154,1,2,0.630182093821167,0.1347061019834026
USDCOP,22,1m,193,214,2025-10-30,2025-11-28,0.9883951204746576,0.010081796961299122,0.0010059730320071687,0.9984769174359567,0.9994828904679639,1,2,0.6111180205131964,0.08263182580356555
USDCOP,22,1m,194,215,2025-10-31,2025-12-01,0.9875073277867885,0.010758018813824781,0.001186663087053835,0.9982653466006133,0.9994520096876671,1,2,0.6420903722495488,0.0894484310522871
USDCOP,22,1m,195,216,2025-11-03,2025-12-02,0.9880886565992697,0.009787164528719274,0.0015442116533143705,0.997875821127989,0.9994200327813033,1,2,0.6093831203306596,0.10389305241075959
USDCOP,22,1m,196,217,2025-11-04,2025-12-03,0.9883112925442762,0.0093387865719438,0.0018113673902396508,0.99765007911622,0.9994614465064596,1,2,0.5866208284812621,0.12409969638375747
USDCOP,22,1m,197,218,2025-11-05,2025-12-04,0.989898280642604,0.008051800635877729,0.0016152796936218861,0.9979500812784817,0.9995653609721036,1,2,0.5722198640385497,0.07188261041943536
USDCOP,22,1m,198,219,2025-11-06,2025-12-05,0.9918870164320288,0.006390690205135082,0.0013539156162336997,0.9982777066371639,0.9996316222533976,1,1,0.557723193140682,0.04691599477410203
USDCOP,22,1m,199,220,2025-11-07,2025-12-08,0.9931896060519806,0.005225250665558834,0.001254892782665657,0.9984148567175394,0.999669749500205,1,1,0.5471195365550727,0.04994067052964315
USDCOP,22,1m,200,221,2025-11-10,2025-12-09,0.9954409888358976,0.003135196263219135,0.001145302450442118,0.9985761850991167,0.9997214875495588,1,1,0.5299185795651157,0.10602762039408978
USDCOP,22,1m,201,222,2025-11-11,2025-12-10,0.9957375707589208,0.0028706362375222907,0.001126066444709316,0.998608206996443,0.9997342734411524,1,1,0.5285174931612918,0.050115017428094565
USDCOP,22,1m,202,223,2025-11-12,2025-12-11,0.994888723364463,0.0034518003899870328,0.0013850205392449415,0.99834052375445,0.999725544293695,1,1,0.5287487663994466,0.03596451363263538
USDCOP,22,1m,203,224,2025-11-13,2025-12-12,0.9941504484212091,0.0038699276377639606,0.001694328741023349,0.9980203760589731,0.9997147047999965,1,1,0.5172886446589623,0.08440879353081386
USDCOP,22,1m,204,225,2025-11-14,2025-12-15,0.9911690735402036,0.0061363343715047855,0.0023290384356090647,0.9973054079117083,0.9996344463473175,1,1,0.5160449453032979,0.12727161708406262
USDCOP,22,1m,205,226,2025-11-17,2025-12-16,0.9909912059266529,0.006288061369245973,0.002370867684935768,0.9972792672958989,0.9996501349808347,1,1,0.5372205416646707,0.07670052679356426
USDCOP,22,1m,206,227,2025-11-18,2025-12-17,0.9913904682360403,0.005712356768960215,0.002549694575389271,0.9971028250050005,0.9996525195803898,1,1,0.4493244798356017,0.12940838136706911
USDCOP,22,1m,207,228,2025-11-19,2025-12-18,0.9943897533968662,0.0038002187434132244,0.0015484312784577365,0.9981899721402794,0.9997384034187372,1,1,0.44631815718764345,0.07511913601643883
USDCOP,22,1m,208,229,2025-11-20,2025-12-19,0.9962475779999153,0.0024523764500175064,0.0010863927611655408,0.9986999544499328,0.9997863472110983,1,1,0.47563223010433764,0.19167679147028613
USDCOP,22,1m,209,230,2025-11-21,2025-12-22,0.997457998556782,0.0018272505309192063,5.807448143252198e-4,0.9992852490877012,0.9998659939020264,1,1,0.49161568432913716,0.11731767658097698
USDCOP,22,1m,210,231,2025-11-24,2025-12-23,0.9980188354167251,0.0014795384826901306,4.0928246558756797e-4,0.9994983738994152,0.9999076563650028,1,1,0.4948481186927803,0.1340868165068174
USDCOP,22,1m,211,232,2025-11-25,2025-12-24,0.9978019468718348,0.0017718176140132126,3.4393264016032685e-4,0.999573764485848,0.9999176971260083,1,1,0.4830392843161366,0.0770142939568725
USDCOP,22,1m,212,233,2025-11-26,2025-12-25,0.9972491240774157,0.0024073911524049156,2.656597877012041e-4,0.9996565152298207,0.9999221750175219,1,1,0.4680391826774092,0.05957421855000605
USDCOP,22,1m,213,234,2025-11-27,2025-12-26,0.9971995860712358,0.0024686945465534392,2.524291291533614e-4,0.9996682806177892,0.9999207097469426,1,1,0.4563360886671612,0.057088913163966915
USDCOP,22,1m,214,235,2025-11-28,2025-12-29,0.9972603174279403,0.0024250082183526556,2.338120204410501e-4,0.999685325646293,0.999919137666734,1,1,0.474114366770838,0.14388702897313632
USDCOP,22,1m,215,236,2025-12-01,2025-12-30,0.9972087716762875,0.002528743541326439,1.7714171785434806e-4,0.999737515217614,0.9999146569354683,1,1,0.48575812578724525,0.06938033922605286
USDCOP,22,1m,216,237,2025-12-02,2025-12-31,0.9971734190856052,0.002538202212361227,2.0083544420387584e-4,0.9997116212979664,0.9999124567421703,1,1,0.6703090043386145,0.3826972067079189
USDCOP,22,1m,217,238,2025-12-03,2026-01-01,0.9969609133605162,0.0025891314119895754,3.6307467784472405e-4,0.9995500447725058,0.9999131194503504,1,1,0.7255988626683424,0.14037811617238743
USDCOP,22,1m,218,239,2025-12-04,2026-01-02,0.9969910913856,0.002457710349241242,4.645899125734335e-4,0.9994488017348413,0.9999133916474148,1,1,0.7445899880462692,0.032037953791095856
USDCOP,22,1m,219,240,2025-12-05,2026-01-05,0.9956833026252702,0.0031001303070518154,0.0010220815969407026,0.998783432932322,0.9998055145292627,1,1,0.4246871767726423,0.5635305915388776
USDCOP,22,1m,220,241,2025-12-08,2026-01-06,0.9944634189117559,0.003982303135300403,0.0013400210142682396,0.9984457220470564,0.9997857430613246,1,1,0.4038493421778059,0.11445736084205732
USDCOP,22,1m,221,242,2025-12-09,2026-01-07,0.9936886791232855,0.004645426678971273,0.0014476298081242123,0.9983341058022568,0.999781735610381,1,1,0.3975909762623242,0.04228405794713469
USDCOP,22,1m,222,243,2025-12-10,2026-01-08,0.9931570002806432,0.005057759185861732,0.0015616334822813784,0.998214759466505,0.9997763929487864,1,1,0.40893229987740237,0.02559887272578552
USDCOP,22,1m,223,244,2025-12-11,2026-01-09,0.9921359774354852,0.0057843806170196944,0.0018224937296232294,0.9979203580525049,0.9997428517821282,1,1,0.4117156908267358,0.027915450496202417
USDCOP,22,1m,224,245,2025-12-12,2026-01-12,0.9916742414478875,0.005864645723676484,0.00217393816205552,0.997538887171564,0.9997128253336195,1,1,0.41206560684375804,0.06679390546051901
USDCOP,22,1m,225,246,2025-12-15,2026-01-13,0.9920206428274242,0.005160047430722544,0.0025446533828916685,0.9971806902581467,0.9997253436410384,1,1,0.4314000401992635,0.09355305026371726
USDCOP,22,1m,226,247,2025-12-16,2026-01-14,0.991749838875945,0.005362565509942271,0.002619566137164899,0.9971124043858873,0.9997319705230522,1,1,0.4191812218676689,0.05776504806650031
USDCOP,22,1m,227,248,2025-12-17,2026-01-15,0.9924874871186589,0.004724847485988593,0.002556796783581801,0.9972123346046474,0.9997691313882292,1,1,0.4151238337609837,0.06120267935947551
USDCOP,22,1m,228,249,2025-12-18,2026-01-16,0.993146367374643,0.00416575349123655,0.0024645891970762664,0.9973121208658796,0.9997767100629559,1,1,0.41600611335079174,0.10910263352946939
USDCOP,22,1m,229,250,2025-12-19,2026-01-19,0.9923529789458709,0.004632980005546141,0.002762427702790518,0.9969859589514171,0.9997483866542076,1,1,0.42618749283585095,0.08409070840808888
USDCOP,22,1m,230,251,2025-12-22,2026-01-20,0.9928122880405156,0.004654709546683101,0.0023245195553546942,0.9974669975871987,0.9997915171425533,1,1,0.512189888716327,0.2115936255381834
USDCOP,22,1m,231,252,2025-12-23,2026-01-21,0.9903173092594187,0.00635211594089374,0.003072002336780674,0.9966694252003124,0.9997414275370932,1,1,0.5315659121529943,0.036631168787368724
USDCOP,22,1m,232,253,2025-12-24,2026-01-22,0.987459961536612,0.008434430173174535,0.0038281481435583574,0.9958943917097866,0.9997225398533449,1,2,0.534325856165881,0.036562924373835966
USDCOP,22,1m,233,254,2025-12-25,2026-01-23,0.98552665755387,0.009881691940603664,0.004312571867438584,0.9954083494944737,0.9997209213619123,1,2,0.5296112796637307,0.0228272375011239
USDCOP,22,1m,234,255,2025-12-26,2026-01-26,0.984159219937005,0.010787877635785908,0.004786214107506943,0.9949470975727909,0.9997333116802978,1,2,0.5524610569351963,0.04913096208682539
USDCOP,22,1m,235,256,2025-12-29,2026-01-27,0.9810244716039775,0.013137869899282744,0.005468944767000431,0.9941623415032603,0.9996312862702608,1,2,0.5458661222736391,0.04591749465665954
USDCOP,22,1m,236,257,2025-12-30,2026-01-28,0.9754877844190354,0.017099410396527116,0.006776056423289435,0.9925871948155625,0.999363251238852,1,2,0.5396743141684734,0.041901439892245804
USDCOP,22,1m,237,258,2025-12-31,2026-01-29,0.9686252097673587,0.023336558893419998,0.007025461986370064,0.9919617686607787,0.9989872306471487,1,2,0.5396256698176807,0.053579262428662865
USDCOP,22,1m,238,259,2026-01-01,2026-01-30,0.963144382222599,0.02862447643161871,0.006945907663983189,0.9917688586542177,0.9987147663182009,1,2,0.4882596605824517,0.10870764335252962
USDCOP,22,1m,239,260,2026-01-02,2026-02-02,0.9662040608172702,0.026962141175707374,0.005739323374547447,0.9931662019929776,0.998905525367525,1,2,0.46150477429752895,0.1247810184145546
USDCOP,22,1m,240,261,2026-01-05,2026-02-03,0.9724154829018643,0.023551208931380303,0.003581981944308297,0.9959666918332446,0.9995486737775529,1,2,0.5256695985438359,0.387689110100585
USDCOP,22,1m,241,262,2026-01-06,2026-02-04,0.973579064176927,0.02238034902025669,0.0035487584417233623,0.9959594131971836,0.999508171638907,1,2,0.554706364140897,0.055993103206780366
USDCOP,22,1m,242,263,2026-01-07,2026-02-05,0.9768320871853011,0.01879644213215151,0.003860911535895551,0.9956285293174526,0.9994894408533482,1,2,0.5750631194908951,0.04479228029479985
USDCOP,22,1m,243,264,2026-01-08,2026-02-06,0.981171770177744,0.014031719511794587,0.004249195645610954,0.9952034896895386,0.9994526853351495,1,2,0.610104228053795,0.06615835852799551
USDCOP,22,1m,244,265,2026-01-09,2026-02-09,0.9793314368266759,0.015760466593411602,0.0038682834456099584,0.9950919034200875,0.9989601868656974,1,2,0.6470060679758602,0.2068654404962088
USDCOP,22,1m,245,266,2026-01-12,2026-02-10,0.9758287432382974,0.019324776445866814,0.003719623489765837,0.9951535196841642,0.9988731431739301,1,2,0.6806639148033701,0.10480955903977762
USDCOP,22,1m,246,267,2026-01-13,2026-02-11,0.9672671240990449,0.026850603002225974,0.004292308158170077,0.9941177271012709,0.9984100352594409,1,2,0.6873741106668434,0.06002258934277574
USDCOP,22,1m,247,268,2026-01-14,2026-02-12,0.966966796318003,0.026864726580706228,0.004508488985141127,0.9938315228987092,0.9983400118838504,1,2,0.7202022974285265,0.10794556143385978
USDCOP,22,1m,248,269,2026-01-15,2026-02-13,0.9615667158455414,0.03123524851816932,0.0051815828139119054,0.9928019643637107,0.9979835471776226,1,2,0.7275823544666625,0.07951450331360915
USDCOP,22,1m,249,270,2026-01-16,2026-02-16,0.9556919813751911,0.034867242720711844,0.005780172911775992,0.9905592240959029,0.9963393970076789,1,2,1.0337817239429519,0.5848038072136806
USDCOP,22,1m,250,271,2026-01-19,2026-02-17,0.9645366585404864,0.026600757775614395,0.005257476590820389,0.9911374163161009,0.9963948929069212,1,2,1.2734075104196847,0.49924338396377127
USDCOP,22,1m,251,272,2026-01-20,2026-02-18,0.9592327539834387,0.031684691784859755,0.005709626806388055,0.9909174457682984,0.9966270725746864,1,2,1.4008474798391177,0.49401971628442715
USDCOP,22,1m,252,273,2026-01-21,2026-02-19,0.9589117478188287,0.03123206284210906,0.006089559525886603,0.9901438106609378,0.9962333701868243,1,2,1.4168792044321716,0.2986362526624014
USDCOP,22,1m,253,274,2026-01-22,2026-02-20,0.9545744664546433,0.035895852700040844,0.006277225734144237,0.9904703191546841,0.9967475448888283,1,2,1.4175530855976122,0.15313521307146588
USDCOP,22,1m,254,275,2026-01-23,2026-02-23,0.9442322615885631,0.04573430725989325,0.006737934880456311,0.9899665688484564,0.9967045037289126,2,3,1.4136919386413032,0.10065647862167354
USDCOP,22,1m,255,276,2026-01-26,2026-02-24,0.9381015220563693,0.04776401364076427,0.01006567910817565,0.9858655356971335,0.9959312148053092,2,3,1.4027295737303913,0.3363500862129457
USDCOP,22,1m,256,277,2026-01-27,2026-02-25,0.9354955922566086,0.04937061352887483,0.011448505417537645,0.9848662057854835,0.9963147112030211,2,3,1.3958572269433256,0.07081589951547931
USDCOP,22,1m,257,278,2026-01-28,2026-02-26,0.9281254001136322,0.05619018090198749,0.011937082519349435,0.9843155810156197,0.9962526635349691,2,3,1.4014398557156358,0.053788306966137955
USDCOP,22,1m,258,279,2026-01-29,2026-02-27,0.9214718868864016,0.06214069046864677,0.012399565490263807,0.9836125773550484,0.9960121428453121,2,3,1.403952186739608,0.05068010528404494
USDCOP,22,1m,259,280,2026-01-30,2026-03-02,0.9158727357459194,0.06608053618562328,0.012759116095165874,0.9819532719315427,0.9947123880267086,2,3,1.4032368644941293,0.08241844345990247
USDCOP,22,1m,260,281,2026-02-02,2026-03-03,0.9182828766190416,0.06337776965738724,0.012624528218610591,0.9816606462764289,0.9942851744950395,2,3,1.4049519671692734,0.0513930863372349
USDCOP,22,1m,261,282,2026-02-03,2026-03-04,0.9314600818650796,0.05220548450387735,0.01118920805191338,0.9836655663689569,0.9948547744208703,2,3,1.4047269289342494,0.020325095067931596
USDCOP,22,1m,262,283,2026-02-04,2026-03-05,0.9586223844246025,0.03053855910654592,0.007289772045751783,0.9891609435311484,0.9964507155769001,1,3,1.4048691413814995,0.051053858706364856
USDCOP,22,1m,263,284,2026-02-05,2026-03-06,0.9761729721946396,0.01692257276680989,0.004595071484861238,0.9930955449614495,0.9976906164463107,1,2,1.4072790847310226,0.056167297036677326
USDCOP,22,1m,264,285,2026-02-06,2026-03-09,0.9774781658440411,0.014573827817438254,0.005535791904079592,0.9920519936614793,0.9975877855655589,1,2,1.4178818287624417,0.20444886785715385
USDCOP,22,1m,265,286,2026-02-09,2026-03-10,0.9779600333620954,0.013159818822704374,0.006619871698703421,0.9911198521847997,0.9977397238835032,1,2,1.4220718434751076,0.16492373887184558
USDCOP,22,1m,266,287,2026-02-10,2026-03-11,0.9759044215834561,0.016218036378785973,0.005673573187325105,0.9921224579622421,0.9977960311495672,1,2,1.421791996838296,0.14297850550553612
USDCOP,22,1m,267,288,2026-02-11,2026-03-12,0.9757459496292821,0.017573371991082724,0.004477192420936348,0.9933193216203648,0.9977965140413011,1,2,1.4227178647422145,0.07152269490639443
USDCOP,22,1m,268,289,2026-02-12,2026-03-13,0.9769824363192782,0.017306254357614032,0.003445944233581586,0.9942886906768922,0.9977346349104738,1,2,1.4222966488201039,0.10639798340987734
USDCOP,22,1m,269,290,2026-02-13,2026-03-16,0.9777582325158478,0.017737698633919604,0.0022451267025123942,0.9954959311497674,0.9977410578522798,1,2,1.419639178635636,0.16922642681844133
USDCOP,22,1m,270,291,2026-02-16,2026-03-17,0.9787147014443631,0.01810236537952621,0.0016433734672919673,0.9968170668238894,0.9984604402911813,1,2,0.9670440385670638,1.4030810948094221
USDCOP,22,1m,271,292,2026-02-17,2026-03-18,0.9804376723281889,0.01684047963112139,0.0013833246259621274,0.9972781519593102,0.9986614765852724,1,2,0.9292845334352436,0.18892777282776205
USDCOP,22,1m,272,293,2026-02-18,2026-03-19,0.9861931072784469,0.01175937083432452,9.926933336260402e-4,0.9979524781127714,0.9989451714463975,1,2,0.9266954104109589,0.21051492720813086
USDCOP,22,1m,273,294,2026-02-19,2026-03-20,0.9896612268510787,0.008687940867018901,8.062964275925511e-4,0.9983491677180976,0.9991554641456901,1,2,0.9167596094529774,0.05611809333243611
USDCOP,22,1m,274,295,2026-02-20,2026-03-23,0.9912650387667137,0.00737338123453473,6.721747623658853e-4,0.9986384200012484,0.9993105947636143,1,1,0.8543231039177624,0.15901139647358334
USDCOP,22,1m,275,296,2026-02-23,2026-03-24,0.9936734035800207,0.005275532037282895,4.857904064258556e-4,0.9989489356173036,0.9994347260237294,1,1,0.9202257264159367,0.30225987490998135
USDCOP,22,1m,276,297,2026-02-24,2026-03-25,0.9953741100112453,0.0037898449631870424,4.22922673084563e-4,0.9991639549744323,0.999586877647517,1,1,1.1288268611797587,0.5512218937268919
USDCOP,22,1m,277,298,2026-02-25,2026-03-26,0.9957575245307656,0.0035156749669998863,3.632951675725758e-4,0.9992731994977655,0.9996364946653381,1,1,1.164229741647909,0.37237762700429594
USDCOP,22,1m,278,299,2026-02-26,2026-03-27,0.9962548548624327,0.0031272077888698092,3.329444309161809e-4,0.9993820626513025,0.9997150070822187,1,1,1.065485803000957,0.33364814396127107
USDCOP,44,2m,1,44,2025-02-04,2025-04-04,0.9067811397483216,0.08361800131655175,0.005807942475997654,0.9903991410648734,0.9962070835408711,2,2,0.7074240715151245,NA
USDCOP,44,2m,2,45,2025-02-05,2025-04-07,0.8993002126280938,0.08932164308281373,0.00800946699168121,0.9886218557109075,0.9966313227025887,2,3,0.6042128064176244,0.22265197289626654
USDCOP,44,2m,3,46,2025-02-06,2025-04-08,0.9169799010182281,0.073315372219309,0.007216974749461744,0.9902952732375372,0.9975122479869989,2,2,0.5548047245583283,0.09069718896947233
USDCOP,44,2m,4,47,2025-02-07,2025-04-09,0.9472603764172449,0.04637894539520862,0.004876632948333749,0.9936393218124535,0.9985159547607872,2,2,0.549371114606925,0.04265853455194254
USDCOP,44,2m,5,48,2025-02-10,2025-04-10,0.9567838228107659,0.03756597193878626,0.004537238465607013,0.9943497947495522,0.9988870332151591,1,2,0.5474694433116798,0.019406903225987013
USDCOP,44,2m,6,49,2025-02-11,2025-04-11,0.9581104723911176,0.03539845239019759,0.0055767099242728995,0.9935089247813151,0.9990856347055881,1,2,0.5602716215300263,0.03239969310178424
USDCOP,44,2m,7,50,2025-02-12,2025-04-14,0.9552798331216185,0.03665353770037274,0.007212907897039311,0.9919333708219912,0.9991462787190305,1,2,0.5834715863297842,0.06730671534680985
USDCOP,44,2m,8,51,2025-02-13,2025-04-15,0.9521021130080779,0.03757131383476346,0.009568713505146199,0.9896734268428413,0.9992421403479875,1,3,0.6057778481000233,0.03693668493565003
USDCOP,44,2m,9,52,2025-02-14,2025-04-16,0.9488333897353716,0.03504851448647474,0.015456945703519267,0.9838819042218463,0.9993388499253656,2,3,0.6090191944459714,0.0709242690850742
USDCOP,44,2m,10,53,2025-02-17,2025-04-17,0.9468321310863339,0.03279566883580632,0.019762013245035154,0.9796277999221402,0.9993898131671753,2,3,0.6110746222456237,0.026195222043238885
USDCOP,44,2m,11,54,2025-02-18,2025-04-18,0.9436070106008558,0.03308156480763401,0.02273763749434142,0.9766885754084899,0.9994262129028313,2,3,0.6099076542595627,0.01480532360366838
USDCOP,44,2m,12,55,2025-02-19,2025-04-21,0.940530331708255,0.03352106513229794,0.025397572973796745,0.9740513968405529,0.9994489698143496,2,3,0.6092127500025045,0.009017749963938303
USDCOP,44,2m,13,56,2025-02-20,2025-04-22,0.9432512530885394,0.03209209390156758,0.024094734502698324,0.9753433469901069,0.9994380814928053,2,3,0.6133466505955281,0.007048667413555759
USDCOP,44,2m,14,57,2025-02-21,2025-04-23,0.9471609834688732,0.030341969021994614,0.021930062206794783,0.9775029524908678,0.9994330146976627,2,3,0.6152100684990575,0.008243583077866788
USDCOP,44,2m,15,58,2025-02-24,2025-04-24,0.9523453026185962,0.027868919624306345,0.019234952946375707,0.9802142222429026,0.9994491751892782,1,3,0.6136716893968273,0.012732970524317438
USDCOP,44,2m,16,59,2025-02-25,2025-04-25,0.954467765520938,0.026782674954478388,0.01821532082570621,0.9812504404754164,0.9994657613011226,1,3,0.6105520598236912,0.008760809874808099
USDCOP,44,2m,17,60,2025-02-26,2025-04-28,0.9560768827230682,0.02608385047785804,0.017323785512974418,0.9821607332009262,0.9994845187139006,1,3,0.6085115114976191,0.00732810312602691
USDCOP,44,2m,18,61,2025-02-27,2025-04-29,0.9569564239334014,0.025221639687840382,0.017306643826323506,0.9821780636212418,0.9994847074475653,1,3,0.6090858854179573,0.005364257259069376
USDCOP,44,2m,19,62,2025-02-28,2025-04-30,0.9575180974644356,0.024531751251028987,0.017400979517688108,0.9820498487154646,0.9994508282331527,1,3,0.6003426035636674,0.012750321128209565
USDCOP,44,2m,20,63,2025-03-03,2025-05-01,0.9589900987783332,0.02324574739701151,0.017171818519494623,0.9822358461753447,0.9994076646948393,1,3,0.5944035948411194,0.009903560788232544
USDCOP,44,2m,21,64,2025-03-04,2025-05-02,0.9597901011620767,0.022890261765501945,0.016659346182157,0.9826803629275787,0.9993397091097357,1,3,0.584267232483502,0.017167760796427525
USDCOP,44,2m,22,65,2025-03-05,2025-05-05,0.9615632901999106,0.021779674706622686,0.016002809829116303,0.9833429649065333,0.9993457747356496,1,3,0.5813987698550017,0.013934367344986234
USDCOP,44,2m,23,66,2025-03-06,2025-05-06,0.9634833272991902,0.020956900569844474,0.014916695664262954,0.9844402278690346,0.9993569235332976,1,3,0.5801727418916737,0.019534529928668536
USDCOP,44,2m,24,67,2025-03-07,2025-05-07,0.9642795858137315,0.020703202315894603,0.014361116291033408,0.9849827881296261,0.9993439044206596,1,3,0.5838687321605291,0.01490151419153947
USDCOP,44,2m,25,68,2025-03-10,2025-05-08,0.9665665027865854,0.019748124488318045,0.01302655914430895,0.9863146272749035,0.9993411864192124,1,3,0.5802148611874237,0.011407322157357413
USDCOP,44,2m,26,69,2025-03-11,2025-05-09,0.9669945790502816,0.0198595163082071,0.012516164501265935,0.9868540953584888,0.9993702598597547,1,3,0.572727121248061,0.02045709297640498
USDCOP,44,2m,27,70,2025-03-12,2025-05-12,0.9668061000579115,0.020318967800292777,0.012208607846164036,0.9871250678582042,0.9993336757043683,1,3,0.5711236274400135,0.008607261487720622
USDCOP,44,2m,28,71,2025-03-13,2025-05-13,0.9685999929965909,0.020249850858431274,0.010444163358701769,0.9888498438550222,0.999294007213724,1,3,0.569316874454197,0.016097460472065183
USDCOP,44,2m,29,72,2025-03-14,2025-05-14,0.9694434025664581,0.020570959860196632,0.009178770331807008,0.9900143624266547,0.9991931327584618,1,2,0.5633992518643416,0.012885500751067402
USDCOP,44,2m,30,73,2025-03-17,2025-05-15,0.9700644297021312,0.02066966075335349,0.008337711838582198,0.9907340904554848,0.9990718022940669,1,2,0.5456923918217735,0.032065168116390874
USDCOP,44,2m,31,74,2025-03-18,2025-05-16,0.9710942649230944,0.020331003632088486,0.007602634264805305,0.9914252685551829,0.9990279028199881,1,2,0.5298159137037867,0.04348111324728838
USDCOP,44,2m,32,75,2025-03-19,2025-05-19,0.9721707689256583,0.0198515254780434,0.0069501384552824435,0.9920222944037017,0.9989724328589842,1,2,0.5151252758282068,0.02907565858094764
USDCOP,44,2m,33,76,2025-03-20,2025-05-20,0.9734536863103663,0.019425001362757103,0.006094407379233536,0.9928786876731235,0.998973095052357,1,2,0.49480737585737256,0.05189002118984045
USDCOP,44,2m,34,77,2025-03-21,2025-05-21,0.97176327720354,0.020610806408005743,0.0065715948737989135,0.9923740836115458,0.9989456784853447,1,2,0.48497215013478784,0.039004657332907325
USDCOP,44,2m,35,78,2025-03-24,2025-05-22,0.9719371444429782,0.02046985773306654,0.006540789963282281,0.9924070021760447,0.998947792139327,1,2,0.47594397038166253,0.02790129846532013
USDCOP,44,2m,36,79,2025-03-25,2025-05-23,0.9685611949161945,0.023172447902692916,0.00724878505625967,0.9917336428188874,0.9989824278751471,1,2,0.46798143416745486,0.024606368433344336
USDCOP,44,2m,37,80,2025-03-26,2025-05-26,0.9705145839276209,0.021309724767180144,0.0071729373943904065,0.9918243086948011,0.9989972460891915,1,2,0.46125903859365,0.0219536399048508
USDCOP,44,2m,38,81,2025-03-27,2025-05-27,0.9696121514802946,0.02260936136294459,0.006801773425380052,0.9922215128432391,0.9990232862686192,1,2,0.4529918946266393,0.020580085305533003
USDCOP,44,2m,39,82,2025-03-28,2025-05-28,0.9707177341206906,0.022411064385670282,0.005925796228305646,0.9931287985063609,0.9990545947346665,1,2,0.44506358498694154,0.026520079404679486
USDCOP,44,2m,40,83,2025-03-31,2025-05-29,0.9690219340283582,0.02469194103920582,0.005338767812479628,0.993713875067564,0.9990526428800437,1,2,0.4437550429188194,0.033152555128231724
USDCOP,44,2m,41,84,2025-04-01,2025-05-30,0.9688011938637303,0.02544849438118263,0.004838300868717733,0.994249688244913,0.9990879891136307,1,2,0.4324575527032535,0.037019333361778
USDCOP,44,2m,42,85,2025-04-02,2025-06-02,0.9657928105197165,0.029064992016078237,0.0042780727252089016,0.9948578025357948,0.9991358752610037,1,2,0.4055277224194648,0.06150801234043871
USDCOP,44,2m,43,86,2025-04-03,2025-06-03,0.9648392981217363,0.03048551466140291,0.0038616856738823992,0.9953248127831392,0.9991864984570216,1,2,0.3884847056153131,0.053788850391172274
USDCOP,44,2m,44,87,2025-04-04,2025-06-04,0.9636486658339174,0.03222835898481625,0.0033480584242536787,0.9958770248187336,0.9992250832429873,1,2,0.3713861971502568,0.06752200614577734
USDCOP,44,2m,45,88,2025-04-07,2025-06-05,0.9629905369622437,0.03286396105889074,0.0033714272110095295,0.9958544980211345,0.9992259252321439,1,2,0.36811208669335943,0.01332289719914854
USDCOP,44,2m,46,89,2025-04-08,2025-06-06,0.961965305407957,0.03381107222306711,0.0034562830267148925,0.9957763776310241,0.999232660657739,1,2,0.3698142245791856,0.013931382182417908
USDCOP,44,2m,47,90,2025-04-09,2025-06-09,0.9592308788966009,0.03634470028476626,0.003626875252529456,0.9955755791813671,0.9992024544338965,1,2,0.3694285821402324,0.010463986021371243
USDCOP,44,2m,48,91,2025-04-10,2025-06-10,0.9512595798526561,0.043464488337212275,0.00431627640857182,0.9947240681898684,0.9990403445984402,1,2,0.3663492643491482,0.010972373838897665
USDCOP,44,2m,49,92,2025-04-11,2025-06-11,0.9427206742435955,0.05141190812548445,0.004746610541891246,0.99413258236908,0.9988791929109712,2,2,0.3714559903785995,0.015366147309480514
USDCOP,44,2m,50,93,2025-04-14,2025-06-12,0.9368576725939171,0.057492247239401814,0.004452962020978171,0.9943499198333189,0.998802881854297,2,2,0.36725556957140265,0.035515549623960335
USDCOP,44,2m,51,94,2025-04-15,2025-06-13,0.9309567952127804,0.06380510169908274,0.0040817773632302115,0.9947618969118631,0.9988436742750934,2,2,0.3621879328515465,0.0661614699945101
USDCOP,44,2m,52,95,2025-04-16,2025-06-16,0.9310769291857774,0.064185568148758,0.0036272598036201226,0.9952624973345354,0.9988897571381555,2,2,0.3759474930518147,0.07855405931112411
USDCOP,44,2m,53,96,2025-04-17,2025-06-17,0.9318779279714182,0.06404716294937643,0.002927338583497434,0.9959250909207946,0.9988524295042921,2,2,0.3757162595831432,0.052543978402304355
USDCOP,44,2m,54,97,2025-04-18,2025-06-18,0.9299304963257429,0.0666993251852494,0.002179445184461182,0.9966298215109923,0.9988092666954534,2,2,0.41184786153175235,0.12453097636825099
USDCOP,44,2m,55,98,2025-04-21,2025-06-19,0.9312893374455096,0.06586883723011379,0.001649543024882732,0.9971581746756234,0.9988077177005061,2,2,0.46557708919295865,0.11834079899350117
USDCOP,44,2m,56,99,2025-04-22,2025-06-20,0.9324950789013507,0.06525572904009233,0.001131759194463279,0.9977508079414431,0.9988825671359064,2,2,0.8450704076650721,0.5121566368772826
USDCOP,44,2m,57,100,2025-04-23,2025-06-23,0.9285902069494626,0.06908457497480235,0.0012023344457793106,0.997674781924265,0.9988771163700443,2,2,0.9314759840890042,0.12136319586196047
USDCOP,44,2m,58,101,2025-04-24,2025-06-24,0.921167760255131,0.07627172338196556,0.0013296455629258361,0.9974394836370966,0.9987691292000225,2,2,0.9485228802540453,0.028015809798521998
USDCOP,44,2m,59,102,2025-04-25,2025-06-25,0.9025859817591451,0.09421621585090888,0.0016660817256205665,0.996802197610054,0.9984682793356745,2,2,0.8979533270827973,0.07645450100410915
USDCOP,44,2m,60,103,2025-04-28,2025-06-26,0.8870471716440641,0.10925700296647584,0.0019605146813742105,0.9963041746105399,0.9982646892919141,2,2,0.8494822051146956,0.0725003966026544
USDCOP,44,2m,61,104,2025-04-29,2025-06-27,0.8645680932952893,0.13093405047460083,0.0023974881640519857,0.9955021437698901,0.997899631933942,2,2,0.8144321963256064,0.05784618843246653
USDCOP,44,2m,62,105,2025-04-30,2025-06-30,0.8487594020944327,0.14617425648880866,0.002612564426010804,0.9949336585832413,0.9975462230092521,2,2,0.8428340932230336,0.06584879034016089
USDCOP,44,2m,63,106,2025-05-01,2025-07-01,0.851972025047732,0.14330275697542197,0.002228773120502515,0.9952747820231539,0.9975035551436564,2,2,0.626090090646023,0.37946243222717113
USDCOP,44,2m,64,107,2025-05-02,2025-07-02,0.8533163584517612,0.14225020113737288,0.0022128450498614745,0.9955665595891341,0.9977794046389956,2,2,0.5468779775136563,0.3488824757057611
USDCOP,44,2m,65,108,2025-05-05,2025-07-03,0.855574704433584,0.14034949137423444,0.002320334099976791,0.9959241958078184,0.9982445299077952,2,2,0.5634215777963676,0.18481470658288596
USDCOP,44,2m,66,109,2025-05-06,2025-07-04,0.8449732599707612,0.1504937255219446,0.0026725743538415906,0.9954669854927058,0.9981395598465475,2,2,0.5738799130893923,0.06186709892735116
USDCOP,44,2m,67,110,2025-05-07,2025-07-07,0.8401094216339186,0.1553161122451998,0.0025834315798589215,0.9954255338791184,0.9980089654589773,2,2,0.5661542972319393,0.06524067927963755
USDCOP,44,2m,68,111,2025-05-08,2025-07-08,0.8622534379231379,0.13358119488222633,0.0022254868298548914,0.9958346328053642,0.9980601196352191,2,2,0.5885086218378508,0.09847608160335021
USDCOP,44,2m,69,112,2025-05-09,2025-07-09,0.8766138851877371,0.1196831577371141,0.0017997610512717759,0.9962970429248512,0.998096803976123,2,2,0.7105354767995697,0.19527080025071542
USDCOP,44,2m,70,113,2025-05-12,2025-07-10,0.8923864454527665,0.10429156631795795,0.0014915167051628394,0.9966780117707245,0.9981695284758872,2,2,0.7747421340500226,0.15047478991365695
USDCOP,44,2m,71,114,2025-05-13,2025-07-11,0.9053519505250459,0.09122966548736407,0.0015422259218095195,0.99658161601241,0.9981238419342195,2,2,0.8154289848299516,0.0841218651647343
USDCOP,44,2m,72,115,2025-05-14,2025-07-14,0.9208880976016741,0.07563412267121516,0.0015665682711312068,0.9965222202728893,0.9980887885440205,2,2,0.8308643377691811,0.1164309245398942
USDCOP,44,2m,73,116,2025-05-15,2025-07-15,0.9385237312644854,0.057860311358533346,0.0016387703168044363,0.9963840426230187,0.9980228129398232,2,2,0.8194092834867771,0.047962583271784744
USDCOP,44,2m,74,117,2025-05-16,2025-07-16,0.9463996039101914,0.05001462443769892,0.001626655180291229,0.9964142283478903,0.9980408835281815,2,2,0.8191106735099141,0.22126228279981075
USDCOP,44,2m,75,118,2025-05-19,2025-07-17,0.9506622211940249,0.04577106868117355,0.001664205385183335,0.9964332898751984,0.9980974952603817,1,2,0.887430997650284,0.23905758235980848
USDCOP,44,2m,76,119,2025-05-20,2025-07-18,0.957561050704481,0.038897940527822895,0.0016617805133470702,0.996458991232304,0.9981207717456511,1,2,0.841867468534687,0.10719525385871366
USDCOP,44,2m,77,120,2025-05-21,2025-07-21,0.958480430541907,0.0378436320376123,0.001778170701239557,0.9963240625795193,0.9981022332807589,1,2,0.8762527587418233,0.11026499384101436
USDCOP,44,2m,78,121,2025-05-22,2025-07-22,0.9579845991911541,0.03838930616868678,0.0018982761334013832,0.9963739053598408,0.9982721814932423,1,2,0.9400954432015888,0.13001145234979086
USDCOP,44,2m,79,122,2025-05-23,2025-07-23,0.9596427455620027,0.03675458560764414,0.0020779666374138926,0.9963973311696468,0.9984752978070607,1,2,0.9612316729467709,0.074971024979189907
USDCOP,44,2m,80,123,2025-05-26,2025-07-24,0.9634987426259363,0.033150416044358234,0.002025743412065765,0.9966491586702945,0.9986749020823603,1,2,0.8855022353844122,0.12116879081607612
USDCOP,44,2m,81,124,2025-05-27,2025-07-25,0.9682009877367355,0.028931019889239212,0.0017920997769934994,0.9971320076259746,0.9989241074029682,1,2,0.8959627691651063,0.05466818832255022
USDCOP,44,2m,82,125,2025-05-28,2025-07-28,0.9701304588541938,0.0270673547709212,0.0017422684036111841,0.997197813625115,0.9989400820287262,1,2,0.8599909200717692,0.06309065874457509
USDCOP,44,2m,83,126,2025-05-29,2025-07-29,0.9677807660274241,0.029267942088256036,0.0018572588036764974,0.9970487081156801,0.9989059669193566,1,2,0.8120462595682857,0.10465263744363228
USDCOP,44,2m,84,127,2025-05-30,2025-07-30,0.9684549025015817,0.02846924879809934,0.0019244295394165304,0.996924151299681,0.9988485808390976,1,2,0.7878732052716408,0.06959621297336419
USDCOP,44,2m,85,128,2025-06-02,2025-07-31,0.9692409955235493,0.027773126415831226,0.0019030278630435989,0.9970141219393804,0.9989171498024241,1,2,0.7721485562268845,0.051410226227179896
USDCOP,44,2m,86,129,2025-06-03,2025-08-01,0.9715344665384036,0.025238202026561334,0.001958768469458758,0.9967726685649649,0.9987314370344237,1,2,0.7144131953951777,0.08813659891710872
USDCOP,44,2m,87,130,2025-06-04,2025-08-04,0.9720105752248481,0.024466361410250336,0.0022072563524258132,0.9964769366350985,0.9986841929875243,1,2,0.6707420790015154,0.1310527621880448
USDCOP,44,2m,88,131,2025-06-05,2025-08-05,0.9726567979803674,0.023721789098400583,0.0022999674234528314,0.996378587078768,0.9986785545022209,1,2,0.6504592899361772,0.06578292479826699
USDCOP,44,2m,89,132,2025-06-06,2025-08-06,0.9724897817408573,0.023718578198634235,0.0023574528086448146,0.9962083599394915,0.9985658127481364,1,2,0.6112689591319488,0.08592356898130399
USDCOP,44,2m,90,133,2025-06-09,2025-08-07,0.9722739276525842,0.023944702152705534,0.0024082756016415804,0.9962186298052897,0.9986269054069313,1,2,0.6021288808365118,0.025877679127469803
USDCOP,44,2m,91,134,2025-06-10,2025-08-08,0.9715141692803323,0.024694245763039278,0.002384200550232148,0.9962084150433715,0.9985926155936037,1,2,0.5941953292395241,0.04860140831071539
USDCOP,44,2m,92,135,2025-06-11,2025-08-11,0.9684344808267126,0.02787343667031817,0.002333481789897188,0.9963079174970307,0.998641399286928,1,2,0.5664580789294514,0.05602693152381791
USDCOP,44,2m,93,136,2025-06-12,2025-08-12,0.9630803772369814,0.03339540261664596,0.0022272386471783845,0.9964757798536273,0.9987030185008057,1,2,0.5482909552936397,0.08161844254153285
USDCOP,44,2m,94,137,2025-06-13,2025-08-13,0.9584764013878803,0.038291691896052325,0.0020184919142501286,0.9967680932839326,0.9987865851981828,1,2,0.5221196232523808,0.15723774511635266
USDCOP,44,2m,95,138,2025-06-16,2025-08-14,0.9580488200097623,0.03920214150668846,0.0016190414803410468,0.9972509615164508,0.9988700029967919,1,2,0.5851887353376107,0.3209633933238395
USDCOP,44,2m,96,139,2025-06-17,2025-08-15,0.9584226870477468,0.03891438613023193,0.0015408397022003374,0.9973370731779787,0.998877912880179,1,2,0.6355273325366599,0.14852679718248443
USDCOP,44,2m,97,140,2025-06-18,2025-08-18,0.9497407990429209,0.0474706799184335,0.0016436689769024951,0.9972114789613543,0.9988551479382568,2,2,0.6585611867171469,0.05994759764657609
USDCOP,44,2m,98,141,2025-06-19,2025-08-19,0.9441051669020377,0.05319474206469841,0.001655399440437067,0.9972999089667361,0.9989553084071732,2,2,0.6826544650657562,0.049345671650350774
USDCOP,44,2m,99,142,2025-06-20,2025-08-20,0.9373215062360903,0.05991237475779152,0.001713154335415317,0.9972338809938819,0.9989470353292972,2,2,0.6671093367413897,0.029822490353699316
USDCOP,44,2m,100,143,2025-06-23,2025-08-21,0.9325478740863996,0.06467929607899384,0.0016972117001307046,0.9972271701653934,0.9989243818655241,2,2,0.6419501731928797,0.04954077413571605
USDCOP,44,2m,101,144,2025-06-24,2025-08-22,0.9240720913925747,0.0730388593132967,0.0018039905287289188,0.9971109507058714,0.9989149412346003,2,2,0.6354384143240014,0.02681988042962174
USDCOP,44,2m,102,145,2025-06-25,2025-08-25,0.9172036925982461,0.07980359594422848,0.0018855400229759213,0.9970072885424746,0.9988928285654505,2,2,0.6346119679154867,0.03372408344950406
USDCOP,44,2m,103,146,2025-06-26,2025-08-26,0.9121551160084534,0.08485109511735188,0.0018723881909640055,0.9970062111258053,0.9988785993167694,2,2,0.6312915996503284,0.013418475545207066
USDCOP,44,2m,104,147,2025-06-27,2025-08-27,0.9167819971458746,0.0802184958533343,0.0018648802137604947,0.9970004929992089,0.9988653732129694,2,2,0.5549868772424561,0.15170144497038263
USDCOP,44,2m,105,148,2025-06-30,2025-08-28,0.9211833936176742,0.07575733490995226,0.001874520567448911,0.9969407285276265,0.9988152490950754,2,2,0.5266410106698305,0.10349861432039102
USDCOP,44,2m,106,149,2025-07-01,2025-08-29,0.9180804811042884,0.07848610540809087,0.00229619438982593,0.9965665865123793,0.9988627809022053,2,2,0.4807327815500278,0.07035937173936907
USDCOP,44,2m,107,150,2025-07-02,2025-09-01,0.9125386888274476,0.08389453589360264,0.0024300106244096267,0.9964332247210502,0.9988632353454598,2,2,0.46121468641567676,0.042719819745987306
USDCOP,44,2m,108,151,2025-07-03,2025-09-02,0.9070098928699204,0.08934968684504815,0.0025292826927985476,0.9963595797149686,0.9988888624077671,2,2,0.4509428925073789,0.030873817546412212
USDCOP,44,2m,109,152,2025-07-04,2025-09-03,0.9062838032210955,0.089847305056397625,0.0027618823367121614,0.9961311082774931,0.9988929906142052,2,2,0.4318396539418016,0.057260401315453985
USDCOP,44,2m,110,153,2025-07-07,2025-09-04,0.9010148332450861,0.09464222601451931,0.003185753779455738,0.9956570592596055,0.9988428130390612,2,2,0.4345314061389818,0.06913664629499819
USDCOP,44,2m,111,154,2025-07-08,2025-09-05,0.9015842418117064,0.09334003056549826,0.003927336218282314,0.9949242723772046,0.9988516085954869,2,2,0.4288033502657259,0.05034080586442673
USDCOP,44,2m,112,155,2025-07-09,2025-09-08,0.9051379678004068,0.0875162623658554,0.0062578648756345225,0.9926542301662622,0.9989120950418967,2,2,0.4097838608175526,0.08010476174765362
USDCOP,44,2m,113,156,2025-07-10,2025-09-09,0.9034389986513423,0.08576710082725506,0.009722226609257983,0.9892060994785973,0.9989283260878553,2,3,0.39217308936516104,0.05126413021912835
USDCOP,44,2m,114,157,2025-07-11,2025-09-10,0.9127519520946225,0.07494033367138563,0.011278141099541462,0.9876922857660081,0.9989704268655495,2,3,0.3544786233587661,0.08759080198469905
USDCOP,44,2m,115,158,2025-07-14,2025-09-11,0.9148063876159402,0.06772229997159329,0.01647882073363168,0.9825286875875335,0.9990075083211652,2,3,0.33988279643185776,0.02630437185922091
USDCOP,44,2m,116,159,2025-07-15,2025-09-12,0.9183954905587641,0.061940541467512336,0.01875112808939243,0.9803360320262765,0.9990871601156689,2,3,0.3456191778344658,0.03697634860283152
USDCOP,44,2m,117,160,2025-07-16,2025-09-15,0.9260202675670686,0.05327935654181516,0.019800131705128444,0.9792996241088837,0.9990997558140122,2,3,0.3341615054926696,0.03363812258034438
USDCOP,44,2m,118,161,2025-07-17,2025-09-16,0.9268094282083571,0.0498125322836235,0.02243419242767568,0.9766219604919806,0.9990561529196563,2,3,0.3265884918731055,0.038542148347168216
USDCOP,44,2m,119,162,2025-07-18,2025-09-17,0.9263946136764339,0.04711811996296596,0.025561285341195568,0.9735127336393999,0.9990740189805954,2,3,0.3181502771255073,0.018014841366289173
USDCOP,44,2m,120,163,2025-07-21,2025-09-18,0.927759411750069,0.044930600768670205,0.026422046564139916,0.9726900125187392,0.9991120590828791,2,3,0.31805158679250495,0.015406569622128899
USDCOP,44,2m,121,164,2025-07-22,2025-09-19,0.931403944675268,0.04007191334363785,0.02766405132262063,0.9714758580189058,0.9991399093415265,2,3,0.3184395340093445,0.011995416483882504
USDCOP,44,2m,122,165,2025-07-23,2025-09-22,0.9321671211068389,0.038230242348465275,0.028743563816796876,0.9703973634553041,0.999140927272101,2,3,0.3115698105379299,0.016914619482787465
USDCOP,44,2m,123,166,2025-07-24,2025-09-23,0.9343638011081352,0.03775104043965302,0.02703418810989786,0.9721148415477883,0.9991490296576861,2,3,0.30971486335334447,0.009696637120694575
USDCOP,44,2m,124,167,2025-07-25,2025-09-24,0.9247221053892516,0.04858804210678833,0.02579826556742922,0.97331014749604,0.9991084130634691,2,3,0.3062929519715651,0.01389593816391204
USDCOP,44,2m,125,168,2025-07-28,2025-09-25,0.9043422989262936,0.06834017762613932,0.02632386414370295,0.9726824765524329,0.9990063406961358,2,3,0.3057428355402587,0.016628840933070245
USDCOP,44,2m,126,169,2025-07-29,2025-09-26,0.8858016973825013,0.0890254269544998,0.02415602158156945,0.974827124337001,0.9989831459185705,2,3,0.30909272416611083,0.012302330604333677
USDCOP,44,2m,127,170,2025-07-30,2025-09-29,0.8636611444799382,0.11039653874618424,0.024854196954556495,0.9740576832261225,0.998911880180679,2,3,0.30589380218339635,0.01301595565244011
USDCOP,44,2m,128,171,2025-07-31,2025-09-30,0.8471178836090997,0.12693120481820927,0.024838935187430303,0.974049088427309,0.9988880236147393,2,3,0.30245669339138753,0.009394395964201168
USDCOP,44,2m,129,172,2025-08-01,2025-10-01,0.8202287179222003,0.1515264571986128,0.026986179246076374,0.9717551751208131,0.9987413543668895,2,3,0.3033676222584117,0.009791085300372824
USDCOP,44,2m,130,173,2025-08-04,2025-10-02,0.8299455095889335,0.1493740967736427,0.01949490493374481,0.9793196063625762,0.998814511296321,2,3,0.30285084197149503,0.036144658485221824
USDCOP,44,2m,131,174,2025-08-05,2025-10-03,0.8332505282305006,0.14752093950102388,0.018123059960882135,0.9807714677315245,0.9988945276924066,2,3,0.30282118529297114,0.015205122601982195
USDCOP,44,2m,132,175,2025-08-06,2025-10-06,0.833471046883614,0.14818020007035457,0.017286927094117357,0.9816512469539685,0.9989381740480858,2,3,0.30327451124597055,0.016870140472074028
USDCOP,44,2m,133,176,2025-08-07,2025-10-07,0.8338207773450783,0.1493434880723677,0.015965759651712534,0.983164265417446,0.9991300250691585,2,3,0.3101062599614492,0.055138797344993176
USDCOP,44,2m,134,177,2025-08-08,2025-10-08,0.8324514637394508,0.15194981552227535,0.014699453406065063,0.9844012792617262,0.9991007326677912,2,3,0.3158864383921471,0.0324168708805647
USDCOP,44,2m,135,178,2025-08-11,2025-10-09,0.8280641388126444,0.15671931286610188,0.014286489100096052,0.9847834516787463,0.9990699407788424,2,3,0.31613895168908823,0.010261433128652141
USDCOP,44,2m,136,179,2025-08-12,2025-10-10,0.8434167357207756,0.14229105956503582,0.013321416721052545,0.9857077952858114,0.9990292120068639,2,3,0.31097887599793045,0.037989208186342105
USDCOP,44,2m,137,180,2025-08-13,2025-10-13,0.847379781399677,0.13806313177994797,0.01361111249976881,0.985442913179625,0.9990540256793937,2,3,0.30991881966475626,0.01147754528150847
USDCOP,44,2m,138,181,2025-08-14,2025-10-14,0.8490682344391982,0.13575785387317776,0.014190503687374132,0.984826088312376,0.9990165919997501,2,3,0.30719216092348606,0.019782607956027754
USDCOP,44,2m,139,182,2025-08-15,2025-10-15,0.8524184252904587,0.1318258134657363,0.014761602228471794,0.984244238756195,0.9990058409846668,2,3,0.30609227275497713,0.009845291419429492
USDCOP,44,2m,140,183,2025-08-18,2025-10-16,0.8666035990630739,0.12036688825410809,0.01209366215827686,0.9869704873171821,0.9990641494754589,2,3,0.3146945338877665,0.03757308510741267
USDCOP,44,2m,141,184,2025-08-19,2025-10-17,0.9095695246888182,0.0807734654395863,0.008861916168516053,0.9903429901284045,0.9992049062969206,2,2,0.3036360170145196,0.03755924711740454
USDCOP,44,2m,142,185,2025-08-20,2025-10-20,0.9302262201382575,0.06171644787160976,0.007349010304801808,0.9919426680098673,0.999291678314669,2,2,0.30087611881652526,0.029447531112983816
USDCOP,44,2m,143,186,2025-08-21,2025-10-21,0.9434369106610411,0.04954618244711764,0.00635238656934442,0.9929830931081587,0.9993354796775031,2,2,0.30104691733824623,0.014326109454560558
USDCOP,44,2m,144,187,2025-08-22,2025-10-22,0.9547027289906331,0.03923688809099323,0.00545728494805132,0.9939396170816264,0.9993969020296777,1,2,0.30267981317627224,0.010295243006780454
USDCOP,44,2m,145,188,2025-08-25,2025-10-23,0.9615804133415075,0.03279052300281594,0.005061479329912989,0.9943709363443234,0.9994324156742364,1,2,0.30545788397372114,0.02039121930492554
USDCOP,44,2m,146,189,2025-08-26,2025-10-24,0.9694100953137591,0.025699382643861218,0.0044161501156147675,0.9951094779576203,0.9995256280732351,1,2,0.3081076631237201,0.014609911572200181
USDCOP,44,2m,147,190,2025-08-27,2025-10-27,0.97320110287123,0.021626282717496753,0.004688325025211101,0.9948273855887267,0.9995157106139378,1,2,0.29561036547156716,0.06811608707192417
USDCOP,44,2m,148,191,2025-08-28,2025-10-28,0.9749525980273116,0.019721467341113144,0.004846735401582934,0.9946740653684247,0.9995208007700077,1,2,0.2876168661796152,0.023596665687356033
USDCOP,44,2m,149,192,2025-08-29,2025-10-29,0.9764058277928406,0.018020606583028214,0.005092949059126201,0.9944264343758688,0.999519383434995,1,2,0.281680683535278,0.028825428389072885
USDCOP,44,2m,150,193,2025-09-01,2025-10-30,0.9786008943275135,0.01601008815640186,0.00492413344524156,0.9946109824839153,0.9995351159291569,1,2,0.285494253743683,0.011935479976462483
USDCOP,44,2m,151,194,2025-09-02,2025-10-31,0.9811026091236514,0.013989835413295357,0.004458088399644924,0.9950924445369468,0.9995505329365917,1,2,0.28891908322922816,0.0147342595345723
USDCOP,44,2m,152,195,2025-09-03,2025-11-03,0.9829199902752428,0.012141050621339567,0.004477710909193071,0.9950610408965823,0.9995387518057754,1,2,0.30933321786094803,0.03752025721902364
USDCOP,44,2m,153,196,2025-09-04,2025-11-04,0.9843969976578476,0.011318223904747338,0.003827495969084145,0.995715221562595,0.9995427175316791,1,2,0.33438539336927053,0.04614904852948161
USDCOP,44,2m,154,197,2025-09-05,2025-11-05,0.9861504089871026,0.010264677941184184,0.0031598979346757886,0.9964150869282867,0.9995749848629626,1,2,0.3892376140069057,0.06760812410649616
USDCOP,44,2m,155,198,2025-09-08,2025-11-06,0.9873321477364336,0.009896674950924207,0.0023801267890225224,0.9972288226873578,0.9996089494763803,1,2,0.48113590706686715,0.10950669401355491
USDCOP,44,2m,156,199,2025-09-09,2025-11-07,0.9869683009729241,0.010917469660442616,0.0017410176596413694,0.9978857706333667,0.9996267882930081,1,2,0.5657251365549155,0.10413668814327622
USDCOP,44,2m,157,200,2025-09-10,2025-11-10,0.9862771611484611,0.011913832007320654,0.0014659713127063102,0.9981909931557817,0.9996569644684881,1,2,0.6884311573511707,0.15143741154742224
USDCOP,44,2m,158,201,2025-09-11,2025-11-11,0.9853300811597206,0.013154937929533338,0.0011604334195835287,0.998485019089254,0.9996454525088375,1,2,0.793292633043497,0.14869094695622803
USDCOP,44,2m,159,202,2025-09-12,2025-11-12,0.9850400478921165,0.013468584871790772,0.0011313417025937262,0.9985086327639073,0.999639974466501,1,2,0.812437061405218,0.04552830559334887
USDCOP,44,2m,160,203,2025-09-15,2025-11-13,0.9872641383817107,0.011264469066138118,0.0011506675851337045,0.9985286074478488,0.9996792750329825,1,2,0.8164045274048376,0.13216447601199074
USDCOP,44,2m,161,204,2025-09-16,2025-11-14,0.9867010606232152,0.01183490950985192,0.0011007985304306918,0.998535970133067,0.9996367686634978,1,2,0.8319128248439074,0.025525392290650366
USDCOP,44,2m,162,205,2025-09-17,2025-11-17,0.9863315922551524,0.012217476996524061,0.0010817669728258896,0.9985490692516765,0.9996308362245024,1,2,0.8516849307653884,0.05983109391086613
USDCOP,44,2m,163,206,2025-09-18,2025-11-18,0.986020613231485,0.012498710154856211,0.0010845609994285842,0.9985193233863413,0.9996038843857699,1,2,0.8633843041835384,0.034463732036599415
USDCOP,44,2m,164,207,2025-09-19,2025-11-19,0.9853634054300008,0.013098311774130957,0.0010942398699996232,0.9984617172041318,0.9995559570741314,1,2,0.88606313609378,0.06176868083246192
USDCOP,44,2m,165,208,2025-09-22,2025-11-20,0.984512731786425,0.013631229381375719,0.001351672137189901,0.9981439611678007,0.9994956333049906,1,2,0.8674117650247801,0.12626187131196986
USDCOP,44,2m,166,209,2025-09-23,2025-11-21,0.9838179731318886,0.014044113740157982,0.001581763894830169,0.9978620868720466,0.9994438507668767,1,2,0.8324182199320392,0.11098935001970746
USDCOP,44,2m,167,210,2025-09-24,2025-11-24,0.9832630416790814,0.01426749048060399,0.0018360100057721455,0.9975305321596853,0.9993665421654575,1,2,0.8110138916351495,0.09740938413784038
USDCOP,44,2m,168,211,2025-09-25,2025-11-25,0.9829581495007896,0.014207812050065037,0.002152520073005315,0.9971659615508547,0.9993184816238599,1,2,0.7795107505493634,0.08381724154315619
USDCOP,44,2m,169,212,2025-09-26,2025-11-26,0.9840375003436059,0.013101277467025494,0.0021301286505605007,0.9971387778106314,0.9992689064611919,1,2,0.7611355841927895,0.058241047195075786
USDCOP,44,2m,170,213,2025-09-29,2025-11-27,0.9852663827864916,0.012067070889389851,0.0019407142912474561,0.9973334536758814,0.9992741679671289,1,2,0.7479412294609588,0.04991702296924787
USDCOP,44,2m,171,214,2025-09-30,2025-11-28,0.9852813108731244,0.011869493247505357,0.0021076464956634616,0.9971508041206297,0.9992584506162933,1,2,0.730641607569408,0.07711763829534514
USDCOP,44,2m,172,215,2025-10-01,2025-12-01,0.9849418382762493,0.011822368279736437,0.0024664500749900517,0.9967642065559857,0.9992306566309758,1,2,0.7220008668696336,0.06512072092938906
USDCOP,44,2m,173,216,2025-10-02,2025-12-02,0.9851577885126254,0.011304376333353886,0.0027408868782000002,0.9964621648459793,0.9992030517241792,1,2,0.7012473123547065,0.05496292716932649
USDCOP,44,2m,174,217,2025-10-03,2025-12-03,0.9855136548422085,0.01099442407032269,0.0026874092583328776,0.9965080789125312,0.9991954881708641,1,2,0.6849472504426352,0.0717225067049161
USDCOP,44,2m,175,218,2025-10-06,2025-12-04,0.9864826881263649,0.010316221187875363,0.002387484464805653,0.9967989093142402,0.9991863937790458,1,2,0.677430258808315,0.0622676850166391
USDCOP,44,2m,176,219,2025-10-07,2025-12-05,0.9870547515291316,0.009814364039676836,0.0023202220312862044,0.9968691155688084,0.9991893376000947,1,2,0.6725541670049378,0.03594769218573076
USDCOP,44,2m,177,220,2025-10-08,2025-12-08,0.9871563611409508,0.009623970474113277,0.0024022942380366057,0.9967803316150641,0.9991826258531007,1,2,0.6677640531201031,0.029404891946059896
USDCOP,44,2m,178,221,2025-10-09,2025-12-09,0.9872821292734449,0.0094609540660683,0.0024380418527014626,0.9967430833395132,0.9991811251922147,1,2,0.6749102751364425,0.04562674728226827
USDCOP,44,2m,179,222,2025-10-10,2025-12-10,0.988457401261826,0.00849978457586472,0.0022537666084223393,0.9969571858376908,0.9992109524461131,1,2,0.6769752608317056,0.04302521848328086
USDCOP,44,2m,180,223,2025-10-13,2025-12-11,0.9898415076164367,0.007519757399135876,0.0019316799203047475,0.9973612650155727,0.9992929449358774,1,2,0.7234816238279723,0.15101117861554747
USDCOP,44,2m,181,224,2025-10-14,2025-12-12,0.9896245287810408,0.007634324347843391,0.0020342350316050824,0.9972588531288842,0.9992930881604892,1,2,0.7132027436497207,0.0503238074300529
USDCOP,44,2m,182,225,2025-10-15,2025-12-15,0.9881235946438901,0.00854552137408678,0.0025729293521300203,0.9966691160179769,0.9992420453701069,1,2,0.6716475578641061,0.1012621461048638
USDCOP,44,2m,183,226,2025-10-16,2025-12-16,0.9865097805363897,0.009684477372616452,0.003039342842870454,0.9961942579090062,0.9992336007518766,1,2,0.65095058006207,0.06727209682950597
USDCOP,44,2m,184,227,2025-10-17,2025-12-17,0.9859960527793753,0.010112274281394064,0.0031955440637254965,0.9961083270607693,0.9993038711244948,1,2,0.5911163471131028,0.14344715919221948
USDCOP,44,2m,185,228,2025-10-20,2025-12-18,0.9854527404554471,0.011131355163188927,0.0027828541502902164,0.996584095618636,0.9993669497689263,1,2,0.5367360453075294,0.0978116187398323
USDCOP,44,2m,186,229,2025-10-21,2025-12-19,0.9880805716284862,0.008874998588313162,0.0024635412545441476,0.9969555702167994,0.9994191114713434,1,2,0.5250436350056958,0.16518319737025772
USDCOP,44,2m,187,230,2025-10-22,2025-12-22,0.9899903765915069,0.0077701329955358655,0.0018106890778183426,0.9977605095870428,0.9995711986648611,1,2,0.5108071654915045,0.043768235671071624
USDCOP,44,2m,188,231,2025-10-23,2025-12-23,0.9907765986372693,0.007328585317296911,0.001542905847950069,0.9981051839545663,0.9996480898025163,1,1,0.5004635751345833,0.03966463905919828
USDCOP,44,2m,189,232,2025-10-24,2025-12-24,0.990634195470008,0.007771644242845422,0.0012730573674544208,0.9984058397128533,0.9996788970803078,1,1,0.5079565958155249,0.06741815707330184
USDCOP,44,2m,190,233,2025-10-27,2025-12-25,0.9898655007624215,0.00862816572750583,0.001210715655873457,0.9984936664899273,0.9997043821458008,1,2,0.5250273489749556,0.06874068657816712
USDCOP,44,2m,191,234,2025-10-28,2025-12-26,0.9898994110613928,0.008708032167266625,0.0011273742124891604,0.9986074432286595,0.9997348174411486,1,2,0.5226675519506754,0.0597557653871388
USDCOP,44,2m,192,235,2025-10-29,2025-12-29,0.9900036944916487,0.008663233339639443,0.0010786002353181854,0.9986669278312882,0.9997455280666063,1,1,0.5222236806088641,0.01972510544775294
USDCOP,44,2m,193,236,2025-10-30,2025-12-30,0.9899111489656236,0.008791768172682431,0.0010488711647245316,0.9987029171383061,0.9997517883030306,1,2,0.5235471108952977,0.01711581820766861
USDCOP,44,2m,194,237,2025-10-31,2025-12-31,0.9896655451558134,0.00897384909370304,0.001103386785366334,0.9986393942495164,0.9997427810348828,1,2,0.5236337995887171,0.042673466246226706
USDCOP,44,2m,195,238,2025-11-03,2026-01-01,0.9891088660424749,0.00945353422643106,0.0011656906236012753,0.998562400268906,0.9997280908925072,1,2,0.5217909369621273,0.05528545983542645
USDCOP,44,2m,196,239,2025-11-04,2026-01-02,0.9890078031808779,0.009513882667390013,0.0012075470808070028,0.998521685848268,0.9997292329290749,1,2,0.5268362207308097,0.03827471662435616
USDCOP,44,2m,197,240,2025-11-05,2026-01-05,0.9875856256328195,0.010612256991369098,0.001361340173418663,0.9981978826241886,0.9995592227976072,1,2,0.40227438065361415,0.23670443908947889
USDCOP,44,2m,198,241,2025-11-06,2026-01-06,0.9865358748404761,0.011424909108315286,0.00153562441156922,0.9979607839487914,0.9994964083603606,1,2,0.3774361638817328,0.1642967515331218
USDCOP,44,2m,199,242,2025-11-07,2026-01-07,0.9859577955585749,0.01191122215515429,0.0016213079638275753,0.9978690177137292,0.9994903256775567,1,2,0.3783682759663689,0.08320561511560196
USDCOP,44,2m,200,243,2025-11-10,2026-01-08,0.9856383410437065,0.012265588984614849,0.0015876621612508394,0.9979039300283213,0.9994915921895722,1,2,0.380745649972258,0.051533381572658764
USDCOP,44,2m,201,244,2025-11-11,2026-01-09,0.9851053244705981,0.012797117153668127,0.0015854107258654962,0.9979024416242662,0.9994878523501317,1,2,0.37107637885706696,0.04819105355599233
USDCOP,44,2m,202,245,2025-11-12,2026-01-12,0.9846402186901414,0.013162676235811762,0.0017003656318101065,0.9978028949259532,0.9995032605577633,1,2,0.3667721037523838,0.043917056056152586
USDCOP,44,2m,203,246,2025-11-13,2026-01-13,0.9843758769910038,0.01334203007761918,0.0018125948187161828,0.997717907068623,0.9995305018873392,1,2,0.34380639257192674,0.04942677097087464
USDCOP,44,2m,204,247,2025-11-14,2026-01-14,0.9835451111455124,0.014157645850863484,0.0018562148637049781,0.9977027569963758,0.9995589718600808,1,2,0.3436013828959188,0.03358218511655259
USDCOP,44,2m,205,248,2025-11-17,2026-01-15,0.9826501957099432,0.015074540562987515,0.001859418431240398,0.9977247362729307,0.9995841547041711,1,2,0.33178431825899846,0.022696748235945752
USDCOP,44,2m,206,249,2025-11-18,2026-01-16,0.9814400007069771,0.016248600750094017,0.0018906214802893318,0.9976886014570712,0.9995792229373605,1,2,0.3263362539147265,0.04547872308809544
USDCOP,44,2m,207,250,2025-11-19,2026-01-19,0.9801963601415721,0.017295928378969795,0.002098570709763965,0.9974922885205418,0.9995908592303059,1,2,0.33616457158938895,0.053208993985065574
USDCOP,44,2m,208,251,2025-11-20,2026-01-20,0.9792199893524272,0.01821219040171761,0.002164636360423363,0.9974321797541448,0.9995968161145681,1,2,0.34672133790333687,0.041659850305662806
USDCOP,44,2m,209,252,2025-11-21,2026-01-21,0.9781691509126798,0.019184885516410115,0.0022535087226334028,0.9973540364290898,0.9996075451517232,1,2,0.355002377857371,0.030916410189419374
USDCOP,44,2m,210,253,2025-11-24,2026-01-22,0.9769583147390217,0.020295041826844173,0.0023736331154927837,0.9972533565658659,0.9996269896813587,1,2,0.35657634229905055,0.03929551372460454
USDCOP,44,2m,211,254,2025-11-25,2026-01-23,0.9759738432803453,0.021172465539058567,0.002493998934488457,0.9971463088194039,0.9996403077538923,1,2,0.3641339401449548,0.022528028264983624
USDCOP,44,2m,212,255,2025-11-26,2026-01-26,0.9753892192736575,0.021737247163095035,0.0025356169168645336,0.9971264664367525,0.9996620833536171,1,2,0.37829974539301536,0.02182557810797541
USDCOP,44,2m,213,256,2025-11-27,2026-01-27,0.9747285009479317,0.022386241908268954,0.002528673977833061,0.9971147428562007,0.9996434168340338,1,2,0.37020722686928503,0.018936190494372864
USDCOP,44,2m,214,257,2025-11-28,2026-01-28,0.9743528984545099,0.022854660951566196,0.0024155131031949177,0.9972075594060761,0.999623072509271,1,2,0.3721506771284699,0.0277482562927149
USDCOP,44,2m,215,258,2025-12-01,2026-01-29,0.9745515115061215,0.022702209237216903,0.002366579518688278,0.9972537207433384,0.9996203002620268,1,2,0.372817422331344,0.016410457912675883
USDCOP,44,2m,216,259,2025-12-02,2026-01-30,0.9747811620185853,0.022510233429925582,0.0023218863739666563,0.9972913954485109,0.9996132818224776,1,2,0.37503244969985333,0.010851107471696625
USDCOP,44,2m,217,260,2025-12-03,2026-02-02,0.9745302032752853,0.02275444991431998,0.0023202407713785143,0.9972846531896052,0.9996048939609837,1,2,0.3749772213402995,0.011797677121339407
USDCOP,44,2m,218,261,2025-12-04,2026-02-03,0.9748943172083908,0.022387604564114042,0.002312930148836047,0.9972819217725049,0.9995948519213409,1,2,0.37721289605893654,0.0148226598648695
USDCOP,44,2m,219,262,2025-12-05,2026-02-04,0.975633291403142,0.021594165767290664,0.0023422387798629736,0.9972274571704327,0.9995696959502957,1,2,0.378505577953493,0.018961288403710728
USDCOP,44,2m,220,263,2025-12-08,2026-02-05,0.9766095662012293,0.020543511723496104,0.0023943047677309724,0.9971530779247254,0.9995473826924564,1,2,0.37433169844187625,0.017318561095585456
USDCOP,44,2m,221,264,2025-12-09,2026-02-06,0.9779182424652265,0.019195928561176096,0.0024046210956767825,0.9971141710264027,0.9995187921220794,1,2,0.36901390352356783,0.018542039974392126
USDCOP,44,2m,222,265,2025-12-10,2026-02-09,0.9782537695482644,0.018650098339392972,0.0024820611565788443,0.9969038678876574,0.9993859290442362,1,2,0.374513165351232,0.053584678226407535
USDCOP,44,2m,223,266,2025-12-11,2026-02-10,0.9790455667794173,0.01755971121136978,0.002708096784727028,0.9966052779907871,0.9993133747755142,1,2,0.3777982950482649,0.05296652106725054
USDCOP,44,2m,224,267,2025-12-12,2026-02-11,0.980771231779384,0.015664298634060245,0.0028453494038834467,0.9964355304134442,0.9992808798173276,1,2,0.38304087184064817,0.047891997958300535
USDCOP,44,2m,225,268,2025-12-15,2026-02-12,0.9820657830722678,0.014340697566975149,0.0028669749413823536,0.996406480639243,0.9992734555806253,1,2,0.39123906699349126,0.0530615990644793
USDCOP,44,2m,226,269,2025-12-16,2026-02-13,0.9826805104377,0.01383580445569308,0.0027540194633847125,0.9965163148933931,0.9992703343567778,1,2,0.3964860317815201,0.03760060440372772
USDCOP,44,2m,227,270,2025-12-17,2026-02-16,0.9809777862918221,0.015275054724231922,0.0027233499834618657,0.996252841016054,0.9989761909995158,1,2,0.32136879896836146,0.17829413068989144
USDCOP,44,2m,228,271,2025-12-18,2026-02-17,0.9798706165268324,0.016168589467715662,0.0026816729175302262,0.9960392059945481,0.9987208789120783,1,2,0.3273213478214869,0.08967410771869673
USDCOP,44,2m,229,272,2025-12-19,2026-02-18,0.9772324066993823,0.018204537027309446,0.002903658805494575,0.9954369437266917,0.9983406025321863,1,2,0.33715617837188205,0.1616093461420077
USDCOP,44,2m,230,273,2025-12-22,2026-02-19,0.9742159165559665,0.020604948907321084,0.0031148663648007625,0.9948208654632876,0.9979357318280884,1,2,0.3537591163765796,0.062422845710285065
USDCOP,44,2m,231,274,2025-12-23,2026-02-20,0.9651760061473954,0.02788578258879677,0.004107387691059988,0.9930617887361922,0.9971691764272521,1,2,0.43219646048748067,0.19441949733305272
USDCOP,44,2m,232,275,2025-12-24,2026-02-23,0.95686449422651,0.03398367307395937,0.005640841569130913,0.9908481673004693,0.9964890088696002,1,2,0.5691117615481353,0.2251448136629401
USDCOP,44,2m,233,276,2025-12-25,2026-02-24,0.9519767358660626,0.03732147473752812,0.006123356820191018,0.9892982106035907,0.9954215674237817,1,3,0.6166505859434362,0.07552393905298355
USDCOP,44,2m,234,277,2025-12-26,2026-02-25,0.945149364077902,0.0423810255015596,0.006770675826506743,0.9875303895794616,0.9943010654059683,2,3,0.7251881581770235,0.15196085607125565
USDCOP,44,2m,235,278,2025-12-29,2026-02-26,0.9337159759431938,0.051874760356192366,0.007797144543337223,0.9855907362993861,0.9933878808427233,2,3,0.812643407395522,0.11567657980417084
USDCOP,44,2m,236,279,2025-12-30,2026-02-27,0.9130770820468798,0.06938351896477217,0.009481966792421729,0.9824606010116519,0.9919425678040736,2,3,0.8778578776682083,0.09383494062801566
USDCOP,44,2m,237,280,2025-12-31,2026-03-02,0.8922089370646231,0.08725490836866123,0.011067851951664499,0.9794638454332844,0.9905316973849488,2,3,0.9929737079041961,0.17244282597435556
USDCOP,44,2m,238,281,2026-01-01,2026-03-03,0.8883124256312311,0.08975954956617563,0.011531422282718452,0.9780719751974067,0.9896033974801253,2,4,1.0682941443191099,0.12878404228619716
USDCOP,44,2m,239,282,2026-01-02,2026-03-04,0.9029768778008092,0.07769423813521488,0.010243043102690846,0.9806711159360241,0.9909141590387148,2,3,1.231894823225318,0.3162232692666936
USDCOP,44,2m,240,283,2026-01-05,2026-03-05,0.9288073231787429,0.05711372371009859,0.007902566160794742,0.9859210468888415,0.9938236130496363,2,3,1.3556536497039366,0.3501189635933224
USDCOP,44,2m,241,284,2026-01-06,2026-03-06,0.9482714628206858,0.04123145640762191,0.005891938977749828,0.9895029192283077,0.9953948582060574,2,3,1.3829375419577687,0.12161083000907119
USDCOP,44,2m,242,285,2026-01-07,2026-03-09,0.949924051980271,0.03919645359285438,0.006232022313336357,0.9891205055731254,0.9953525278864617,2,3,1.4133353084972302,0.19583340270911384
USDCOP,44,2m,243,286,2026-01-08,2026-03-10,0.9521679689383244,0.036466564454137956,0.00677916327156024,0.9886345333924624,0.9954136966640227,1,3,1.421175158120219,0.19496086814322616
USDCOP,44,2m,244,287,2026-01-09,2026-03-11,0.9538896368776792,0.03417292123486866,0.0075177405969679215,0.988062558112548,0.9955802987095158,1,3,1.4118404058497538,0.15822306027726898
USDCOP,44,2m,245,288,2026-01-12,2026-03-12,0.954982441068538,0.03261902143276838,0.008146398397176527,0.9876014625013064,0.9957478608984829,1,3,1.4059242527668956,0.06679507317189395
USDCOP,44,2m,246,289,2026-01-13,2026-03-13,0.954488148029944,0.03198934776441144,0.009094047526020499,0.9864774957943554,0.9955715433203759,1,3,1.4016216671806823,0.05880510670376727
USDCOP,44,2m,247,290,2026-01-14,2026-03-16,0.9584993971975851,0.028009775490590538,0.009179292497768167,0.9865091726881757,0.9956884651859439,1,3,1.3952649018124783,0.0806785605691225
USDCOP,44,2m,248,291,2026-01-15,2026-03-17,0.9600281172041775,0.025631570300822804,0.01000764158667512,0.9856596875050003,0.9956673290916754,1,3,1.391071163707255,0.060451947661127256
USDCOP,44,2m,249,292,2026-01-16,2026-03-18,0.9641616291472865,0.021756113476504198,0.010248649460860631,0.9859177426237907,0.9961663920846514,1,3,1.39403852634244,0.06541982493840452
USDCOP,44,2m,250,293,2026-01-19,2026-03-19,0.9747891239195021,0.01513079582935655,0.007331851653393622,0.9899199197488586,0.9972517714022523,1,3,1.396306778269528,0.03595392709516665
USDCOP,44,2m,251,294,2026-01-20,2026-03-20,0.9795680176712557,0.012349556239527788,0.005982736421801464,0.9919175739107835,0.997900310332585,1,2,1.4029893401202267,0.05041235307750319
USDCOP,44,2m,252,295,2026-01-21,2026-03-23,0.9825690474263498,0.010590189594927406,0.005100303248788585,0.9931592370212772,0.9982595402700658,1,2,1.4060016223291618,0.035119163904719385
USDCOP,44,2m,253,296,2026-01-22,2026-03-24,0.98606463483416,0.008532009966474978,0.004079030523456693,0.9945966448006349,0.9986756753240916,1,2,1.4107011905822286,0.046136454068057
USDCOP,44,2m,254,297,2026-01-23,2026-03-25,0.9876106753902683,0.007632992553409436,0.0035775929689369278,0.9952436679436777,0.9988212609126146,1,2,1.4127578012066302,0.027513060396560398
USDCOP,44,2m,255,298,2026-01-26,2026-03-26,0.988597034174085,0.007086593466701244,0.003229340390573182,0.9956836276407862,0.9989129680313594,1,2,1.4151819669764039,0.0389892395573993
USDCOP,44,2m,256,299,2026-01-27,2026-03-27,0.9903930439452907,0.006044163438635592,0.0026676589364724415,0.9964372073839263,0.9991048663203987,1,1,1.4170458774961219,0.045834497982962116
USDCOP,66,3m,1,66,2025-02-04,2025-05-06,0.9542114238407365,0.025973150315761997,0.01850574260093079,0.9801845741564985,0.9986903167574294,1,3,0.6002872752290065,NA
USDCOP,66,3m,2,67,2025-02-05,2025-05-07,0.953637434487884,0.02656221733413481,0.018559420132559564,0.9801996518220187,0.9987590719545784,1,3,0.6042633708179281,0.011076886074154003
USDCOP,66,3m,3,68,2025-02-06,2025-05-08,0.9543832329300932,0.02568807318687436,0.018775498864066556,0.9800713061169676,0.9988468049810341,1,3,0.6068245406260694,0.02168682406064318
USDCOP,66,3m,4,69,2025-02-07,2025-05-09,0.9543080608543718,0.02579700648134969,0.018807541482827622,0.9801050673357214,0.9989126088185492,1,3,0.6103578403495609,0.009373834708972214
USDCOP,66,3m,5,70,2025-02-10,2025-05-12,0.9536232976935181,0.026429096718753282,0.018879592482002855,0.9800523944122713,0.9989319868942742,1,3,0.6119875809747723,0.006974019848482322
USDCOP,66,3m,6,71,2025-02-11,2025-05-13,0.9527239074250572,0.027259184567599064,0.01898134002547474,0.9799830919926562,0.998964432018131,1,3,0.6125160076798906,0.012893716667091146
USDCOP,66,3m,7,72,2025-02-12,2025-05-14,0.9509240456921029,0.028430027327623536,0.019561083550915764,0.9793540730197264,0.9989151565706422,1,3,0.6142688711363828,0.01595560230453905
USDCOP,66,3m,8,73,2025-02-13,2025-05-15,0.9498443002234075,0.029048248754583922,0.019946728533265262,0.9788925489779914,0.9988392775112567,2,3,0.6182283173246648,0.007707335085420273
USDCOP,66,3m,9,74,2025-02-14,2025-05-16,0.9507063433875977,0.02834212646226632,0.01974460050357061,0.979048469849864,0.9987930703534347,1,3,0.6294466552325727,0.01785152178011188
USDCOP,66,3m,10,75,2025-02-17,2025-05-19,0.9515816047967401,0.027759903564477162,0.019382838962436505,0.9793415083612174,0.9987243473236538,1,3,0.6391643678862939,0.012252589138306
USDCOP,66,3m,11,76,2025-02-18,2025-05-20,0.9521177142541245,0.027196035248065267,0.019371719866159237,0.9793137495021897,0.998685469368349,1,3,0.6489940817735561,0.013522345422003326
USDCOP,66,3m,12,77,2025-02-19,2025-05-21,0.9512699545265433,0.02775346148832265,0.01960774245898728,0.979023416014866,0.9986311584738532,1,3,0.6575793820454684,0.020734791580994894
USDCOP,66,3m,13,78,2025-02-20,2025-05-22,0.9524498807085953,0.02723290799710828,0.01891670598498981,0.9796827887057036,0.9985994946906933,1,3,0.66412849747735,0.011926055228248467
USDCOP,66,3m,14,79,2025-02-21,2025-05-23,0.950539337631728,0.02988922492947412,0.018144060288767302,0.9804285625612021,0.9985726228499695,1,3,0.6716094067608898,0.028449617518928893
USDCOP,66,3m,15,80,2025-02-24,2025-05-26,0.9517706592699972,0.0294961755959313,0.017309023628976298,0.9812668348659285,0.9985758584949047,1,3,0.6767839984741995,0.011351632477537926
USDCOP,66,3m,16,81,2025-02-25,2025-05-27,0.9510910169064012,0.03078766238775045,0.016701563893268608,0.9818786792941516,0.9985802431874202,1,3,0.6753271952119065,0.011781985532797086
USDCOP,66,3m,17,82,2025-02-26,2025-05-28,0.9519211281075445,0.030903624542041895,0.015781245040913508,0.9828247526495864,0.9986059976904998,1,3,0.674845231408938,0.010623362151990005
USDCOP,66,3m,18,83,2025-02-27,2025-05-29,0.9507404838184563,0.032850449865847155,0.01502070003604918,0.9835909336843035,0.9986116337203527,1,3,0.6739505424498937,0.01678809663905943
USDCOP,66,3m,19,84,2025-02-28,2025-05-30,0.9498772096845353,0.03435188227264013,0.0143854304935111,0.9842290919571755,0.9986145224506865,2,3,0.6716342257105196,0.012728053911221296
USDCOP,66,3m,20,85,2025-03-03,2025-06-02,0.9478420084569279,0.03714945820528921,0.013632822792270183,0.9849914666622172,0.9986242894544873,2,3,0.6658800934536371,0.013860078644024146
USDCOP,66,3m,21,86,2025-03-04,2025-06-03,0.9462248749188881,0.03956367946660906,0.012862383851309514,0.9857885543854972,0.9986509382368066,2,3,0.6570514267528107,0.014238665249660257
USDCOP,66,3m,22,87,2025-03-05,2025-06-04,0.9447966849744917,0.041674579906975824,0.012205314953859627,0.9864712648814675,0.9986765798353271,2,3,0.6479916237932488,0.019199052353617393
USDCOP,66,3m,23,88,2025-03-06,2025-06-05,0.944008428726627,0.043178486998818974,0.011514737967359245,0.987186915725446,0.9987016536928053,2,3,0.6368357139677988,0.02798463617063147
USDCOP,66,3m,24,89,2025-03-07,2025-06-06,0.942262739598742,0.04548209514305252,0.010962572744735782,0.9877448347417945,0.9987074074865303,2,3,0.6249451973614834,0.018908115012730323
USDCOP,66,3m,25,90,2025-03-10,2025-06-09,0.9416881955136055,0.046794495314950904,0.010273318845666636,0.9884826908285564,0.9987560096742231,2,3,0.6056155558476288,0.027118091714686036
USDCOP,66,3m,26,91,2025-03-11,2025-06-10,0.941177343959336,0.047638754465809806,0.010010233588608176,0.9888160984251458,0.998826332013754,2,3,0.5874063938819173,0.024616384928380974
USDCOP,66,3m,27,92,2025-03-12,2025-06-11,0.939534246214582,0.049420214509312,0.009902751645240375,0.988954460723894,0.9988572123691344,2,3,0.5780024482096742,0.013965480762089255
USDCOP,66,3m,28,93,2025-03-13,2025-06-12,0.9383403423950402,0.05111821618926384,0.009421228681913455,0.989458558584304,0.9988797872662175,2,3,0.5635888291393046,0.018401602964421067
USDCOP,66,3m,29,94,2025-03-14,2025-06-13,0.93412096976010806,0.055749250050928,0.00904029302645434,0.9898702198110361,0.9989105128374904,2,3,0.550182378438511,0.018167293185694027
USDCOP,66,3m,30,95,2025-03-17,2025-06-16,0.9343408944049562,0.05617644426135419,0.008411678685832391,0.9905173386663103,0.9989290173521428,2,2,0.5375081203469102,0.01787516520164571
USDCOP,66,3m,31,96,2025-03-18,2025-06-17,0.9365485300309156,0.054586151273357524,0.00784360677972116,0.9911346813042732,0.9989782880839944,2,2,0.5177196419672324,0.026008849317598722
USDCOP,66,3m,32,97,2025-03-19,2025-06-18,0.9368475989593531,0.054590112238880606,0.007560433528190295,0.9914377111982338,0.998998144726424,2,2,0.506320215352971,0.015591830150962925
USDCOP,66,3m,33,98,2025-03-20,2025-06-19,0.9375364941142785,0.05423340640678118,0.007259538313511673,0.9917699005210597,0.9990294388345714,2,2,0.49439968960161873,0.016379949053641096
USDCOP,66,3m,34,99,2025-03-21,2025-06-20,0.9389375157782108,0.052863910255026236,0.007224007096400768,0.9918014260332371,0.9990254331296379,2,2,0.4910138866324536,0.006199200302198828
USDCOP,66,3m,35,100,2025-03-24,2025-06-23,0.9404707090341953,0.051533452397726436,0.007022004284970079,0.9920041614319217,0.9990261657168917,2,2,0.4852391432639276,0.010731665456380015
USDCOP,66,3m,36,101,2025-03-25,2025-06-24,0.9430422393357505,0.04917264850832995,0.006804858817614629,0.9922148878440804,0.999019746661695,2,2,0.477288623051925,0.015576578020059894
USDCOP,66,3m,37,102,2025-03-26,2025-06-25,0.9461406186653599,0.04628523898428754,0.006603147982778847,0.9924258576496474,0.9990290056324264,2,2,0.4716153994920298,0.01830260483320692
USDCOP,66,3m,38,103,2025-03-27,2025-06-26,0.9473245042356294,0.04556123453078173,0.0061471203393995725,0.9928857387664112,0.9990328591058107,2,2,0.46566780824634596,0.015246374775143639
USDCOP,66,3m,39,104,2025-03-28,2025-06-27,0.9484945602913136,0.045013549273707154,0.005526907365406079,0.9935081095650208,0.9990350169304268,2,2,0.4619912976841148,0.018876587380096895
USDCOP,66,3m,40,105,2025-03-31,2025-06-30,0.948504373194133,0.04545001833241662,0.005041267383877002,0.9939543915265496,0.9989956589104266,2,2,0.4613161304953117,0.014997832396414596
USDCOP,66,3m,41,106,2025-04-01,2025-07-01,0.9499418587460935,0.04444727480003211,0.00462102706113126,0.9943891335461256,0.9990101606072569,2,2,0.44748084341662275,0.036553825523152936
USDCOP,66,3m,42,107,2025-04-02,2025-07-02,0.949074265252123,0.0456803938275405,0.004278287087462859,0.9947546590796635,0.9990329461671263,2,2,0.4223990155516305,0.051040415711746966
USDCOP,66,3m,43,108,2025-04-03,2025-07-03,0.9502929935235834,0.04478036142102471,0.003985455885679485,0.9950733549446081,0.9990588108302876,1,2,0.40361059460292364,0.04596653218406786
USDCOP,66,3m,44,109,2025-04-04,2025-07-04,0.951015277590688,0.04438948145433549,0.0036703694676813946,0.9954047590450236,0.999075128512705,1,2,0.38144142999763575,0.05753423876046509
USDCOP,66,3m,45,110,2025-04-07,2025-07-07,0.9520817814880939,0.0433114849056898,0.003677128944736728,0.9953932663937837,0.9990703953385204,1,2,0.3803853183754952,0.013749862854387665
USDCOP,66,3m,46,111,2025-04-08,2025-07-08,0.9534248762962928,0.0418153910739529,0.003822451685584277,0.9952402673702457,0.99906271905583,1,2,0.37782026327791685,0.015266759125185509
USDCOP,66,3m,47,112,2025-04-09,2025-07-09,0.9520193490467855,0.04286829904082767,0.004120985902381612,0.9948876480876132,0.9990086339899948,1,2,0.3764849956766888,0.012864376129846814
USDCOP,66,3m,48,113,2025-04-10,2025-07-10,0.9428571504553361,0.05118938247326525,0.004790721368965482,0.9940465329286013,0.9988372542975669,2,2,0.3773013639945643,0.009916585003876308
USDCOP,66,3m,49,114,2025-04-11,2025-07-11,0.9350695230543323,0.05839715502884442,0.0051975887226480295,0.9934666780831768,0.9986642668058248,2,2,0.3806839816845509,0.010839716778537005
USDCOP,66,3m,50,115,2025-04-14,2025-07-14,0.9316583340072118,0.06198171257139411,0.004938087330043035,0.9936400465786058,0.9985781339086489,2,2,0.3754712707707193,0.020190375235868308
USDCOP,66,3m,51,116,2025-04-15,2025-07-15,0.9316013781185807,0.062316806294489734,0.004663554317100222,0.9939181844130704,0.9985817387301706,2,2,0.3687330511181104,0.043865263692966554
USDCOP,66,3m,52,117,2025-04-16,2025-07-16,0.9315665676212198,0.06276848594899145,0.0042670054670601865,0.9943350535702112,0.9986020590372715,2,2,0.36697250703532225,0.0520152202038833
USDCOP,66,3m,53,118,2025-04-17,2025-07-17,0.9305211845046281,0.06431912963247936,0.003719742405720996,0.9948403141371074,0.9985600565428284,2,2,0.3693881719554865,0.05273445540591803
USDCOP,66,3m,54,119,2025-04-18,2025-07-18,0.9287601026423703,0.0666910423592017,0.003088908070861906,0.995451145001572,0.9985400530724339,2,2,0.39037214711109036,0.08478980720566581
USDCOP,66,3m,55,120,2025-04-21,2025-07-21,0.9296669957702551,0.06631793062317862,0.0025676738179289823,0.9959849263934337,0.9985526002113627,2,2,0.41420266631114605,0.06440175296934077
USDCOP,66,3m,56,121,2025-04-22,2025-07-22,0.9300983693389223,0.06647387667979207,0.0020005500723072663,0.9965722460187144,0.9985727960910217,2,2,0.4967418427846752,0.13661852192913346
USDCOP,66,3m,57,122,2025-04-23,2025-07-23,0.924167374098897,0.07225967577493612,0.002088870704761592,0.9964270498738331,0.9985159205785947,2,2,0.5272521761209077,0.07399719487705904
USDCOP,66,3m,58,123,2025-04-24,2025-07-24,0.9155140847710107,0.08063867963123675,0.002287965833517739,0.9961527644022474,0.9984407302357652,2,2,0.5571001218164492,0.07309237287047936
USDCOP,66,3m,59,124,2025-04-25,2025-07-25,0.9012417451925631,0.0944034603104755,0.0026398841794017442,0.9956452055030386,0.9982850896824403,2,2,0.5846363015256367,0.05055152266959409
USDCOP,66,3m,60,125,2025-04-28,2025-07-28,0.892367774811452,0.1030617681092302,0.0027547540680334386,0.9954295429206822,0.9981842969887157,2,2,0.609842107957064,0.04756337523078403
USDCOP,66,3m,61,126,2025-04-29,2025-07-29,0.8856664356783124,0.10952692021147112,0.002847766441552103,0.9951933558897835,0.9980411223313356,2,2,0.6388866948326237,0.049852141855950195
USDCOP,66,3m,62,127,2025-04-30,2025-07-30,0.8842944343019198,0.11095241657362803,0.0027206698240919143,0.9952468508755479,0.9979675206996397,2,2,0.6671251464459496,0.04201315766435019
USDCOP,66,3m,63,128,2025-05-01,2025-07-31,0.8921993563589176,0.10354160099994637,0.0024074977858654562,0.9957409573588639,0.9981484551447294,2,2,0.6689106057957517,0.12349648262663489
USDCOP,66,3m,64,129,2025-05-02,2025-08-01,0.8934887825924651,0.10241110933657745,0.0023177837724966234,0.9958998919290426,0.9982176757015392,2,2,0.6373616322224956,0.1488349298666643
USDCOP,66,3m,65,130,2025-05-05,2025-08-04,0.8978310982218642,0.0983555579897601,0.0022850753189183567,0.9961866562116244,0.9984717315305427,2,2,0.6232616788042555,0.1319774375045095
USDCOP,66,3m,66,131,2025-05-06,2025-08-05,0.8974158323637204,0.09877173553987939,0.002240354009070161,0.9961875679035997,0.9984279219126699,2,2,0.5946340049832345,0.102306532961359
USDCOP,66,3m,67,132,2025-05-07,2025-08-06,0.9010174658503374,0.09518205997838716,0.00208580310617471,0.9961995258287245,0.9982853289348993,2,2,0.5585570269565718,0.0696142300634058
USDCOP,66,3m,68,133,2025-05-08,2025-08-07,0.9108091176973461,0.0855674409244433,0.0018942376169422523,0.9963765586217894,0.9982707962387316,2,2,0.5546270571437104,0.0397745749910907
USDCOP,66,3m,69,134,2025-05-09,2025-08-08,0.918871752800623,0.07778049282706996,0.0016281190405372566,0.9966522456276931,0.9982803646682302,2,2,0.5965956718023401,0.08807529828644868
USDCOP,66,3m,70,135,2025-05-12,2025-08-11,0.9247357157890498,0.07199444889470805,0.0015448967316269704,0.9967301646837579,0.9982750614153848,2,2,0.6028678446743426,0.08645042475362473
USDCOP,66,3m,71,136,2025-05-13,2025-08-12,0.9302718037372462,0.06642487614605229,0.001564692627769887,0.9966966798832985,0.9982613725110684,2,2,0.6119392216097732,0.033666357855983826
USDCOP,66,3m,72,137,2025-05-14,2025-08-13,0.9360180626504393,0.06066327615068708,0.0015843150999738204,0.9966813388011264,0.9982656539011002,2,2,0.6157185896948861,0.0233957450226513
USDCOP,66,3m,73,138,2025-05-15,2025-08-14,0.9411296042560707,0.055545401645215806,0.0016026805254191927,0.9966750059012865,0.9982776864267058,2,2,0.6273492466594741,0.03322197534786969
USDCOP,66,3m,74,139,2025-05-16,2025-08-15,0.9433374392672167,0.053352452710167204,0.0016171179015332937,0.9966898919773839,0.9983070098789172,2,2,0.6245813702563637,0.016667361148166512
USDCOP,66,3m,75,140,2025-05-19,2025-08-18,0.9406603444711291,0.056037390842226156,0.001639759758470196,0.9966977353133553,0.9983374950718255,2,2,0.628126877578844,0.03088060047993398
USDCOP,66,3m,76,141,2025-05-20,2025-08-19,0.9369453593945621,0.05970480465800836,0.001671312229977645,0.9966501640525705,0.9983214762825482,2,2,0.6388005695649059,0.021477912618699323
USDCOP,66,3m,77,142,2025-05-21,2025-08-20,0.9301872151432481,0.06637768046450253,0.0017553761384100713,0.9965648956077506,0.9983202717461607,2,2,0.641050647199906,0.013205544874895104
USDCOP,66,3m,78,143,2025-05-22,2025-08-21,0.9246791539922194,0.07191621114136224,0.0017753665689660776,0.9965953651335817,0.9983707317025478,2,2,0.65235016199275,0.04554270996108129
USDCOP,66,3m,79,144,2025-05-23,2025-08-22,0.9163886696336981,0.08018666818589933,0.0018284627640657064,0.9965753378195975,0.9984038005836632,2,2,0.6528039697307484,0.0056971682473776495
USDCOP,66,3m,80,145,2025-05-26,2025-08-25,0.9098919577049936,0.08669456198485251,0.0018854547933188554,0.9965865196898461,0.998471974483165,2,2,0.6675171608204913,0.026345620750758844
USDCOP,66,3m,81,146,2025-05-27,2025-08-26,0.8990633471166688,0.09744505918090789,0.001938122576339429,0.9965084062975766,0.9984465288739162,2,2,0.6645763166048202,0.017482690099566656
USDCOP,66,3m,82,147,2025-05-28,2025-08-27,0.8948763580576399,0.10165111680625849,0.0019617872937422957,0.9965274748638984,0.9984892621576407,2,2,0.6710714711965801,0.05620087302568655
USDCOP,66,3m,83,148,2025-05-29,2025-08-28,0.8879812845028001,0.1084286992784235,0.002055710223274006,0.9964099837812236,0.9984656940044976,2,2,0.6833518362428105,0.02809854969396164
USDCOP,66,3m,84,149,2025-05-30,2025-08-29,0.8836571540236828,0.11245604406141349,0.002264361829796054,0.9961131980850964,0.9983775599148924,2,2,0.6136540092242871,0.10051656236510997
USDCOP,66,3m,85,150,2025-06-02,2025-09-01,0.8785377192701528,0.11744726358610107,0.0023590116955839813,0.9959849828562538,0.9983439945518379,2,2,0.5813644330877027,0.052677343295558676
USDCOP,66,3m,86,151,2025-06-03,2025-09-02,0.8798199728112664,0.11612617983468478,0.0023958402327975536,0.9959461526459512,0.9983419928787488,2,2,0.5628061835953269,0.0323948584551886
USDCOP,66,3m,87,152,2025-06-04,2025-09-03,0.8789087679716086,0.11688081891878235,0.002539587197291464,0.9957895868903909,0.9983291740876824,2,2,0.5351726733553127,0.05168521410282095
USDCOP,66,3m,88,153,2025-06-05,2025-09-04,0.8796588858788086,0.11587098669873616,0.0027944077951199344,0.9955298725775448,0.9983242803726646,2,2,0.4961823675067816,0.10881894281655852
USDCOP,66,3m,89,154,2025-06-06,2025-09-05,0.8798875249134283,0.1152511563602318,0.0032205652877363763,0.99513868127366,0.9983592465613964,2,2,0.47683427837663556,0.05796605513806499
USDCOP,66,3m,90,155,2025-06-09,2025-09-08,0.8828770728755417,0.11090249275728101,0.004678482842868662,0.9937795656328228,0.9984580484756914,2,2,0.43119002951352947,0.11294275242684436
USDCOP,66,3m,91,156,2025-06-10,2025-09-09,0.8851928848740495,0.10631936131743419,0.00697681309391953,0.9915122461914836,0.9984890592854032,2,2,0.40365204227566037,0.067548632416539
USDCOP,66,3m,92,157,2025-06-11,2025-09-10,0.8951809008991222,0.0950467902537858,0.00839082621474723,0.990227691152908,0.9986185173676552,2,2,0.3614811149848248,0.09335993558643566
USDCOP,66,3m,93,158,2025-06-12,2025-09-11,0.8929099811646343,0.09345981878746125,0.01233704020250507,0.9863697999520955,0.9987068401546005,2,3,0.3438454280309556,0.030211192467260842
USDCOP,66,3m,94,159,2025-06-13,2025-09-12,0.8950934707232018,0.08787729717825797,0.015861562089270892,0.9829707679014598,0.9988323299907307,2,3,0.34266970874471947,0.030347398919981502
USDCOP,66,3m,95,160,2025-06-16,2025-09-15,0.897479528601361,0.08361942389775201,0.017783437821103955,0.981098952499113,0.998882390320217,2,3,0.33372720159115066,0.030451611454827728
USDCOP,66,3m,96,161,2025-06-17,2025-09-16,0.8975226610704559,0.0817235283901136,0.01963839221717448,0.9792461894605695,0.998884581677744,2,3,0.3300470135377345,0.025616439842089174
USDCOP,66,3m,97,162,2025-06-18,2025-09-17,0.8932452089682427,0.08369114706906296,0.021955160385478328,0.9769363560373057,0.998891516422784,2,3,0.3202767181650771,0.015027158536409149
USDCOP,66,3m,98,163,2025-06-19,2025-09-18,0.8954500494154415,0.08086204470712377,0.022640410427235108,0.9763120941225653,0.9989525045498003,2,3,0.3206556693410288,0.010255861920495924
USDCOP,66,3m,99,164,2025-06-20,2025-09-19,0.8966607111596326,0.07847825976987895,0.023843396103405474,0.9751389709295116,0.9989823670329171,2,3,0.3207943064655657,0.008185922454299374
USDCOP,66,3m,100,165,2025-06-23,2025-09-22,0.8962596852139665,0.0775107806567019,0.02523618094609697,0.9737704658706684,0.9990066468167653,2,3,0.31518696883953096,0.017778377456752814
USDCOP,66,3m,101,166,2025-06-24,2025-09-23,0.8998863328355259,0.07278648444001057,0.026382490571069565,0.9726728172755364,0.999055307846606,2,3,0.31259131335984336,0.013231293638442948
USDCOP,66,3m,102,167,2025-06-25,2025-09-24,0.8969081244400556,0.07358663252039166,0.02857248833121642,0.9704947569604473,0.9990672452916637,2,3,0.30898411984535634,0.0128907527280692
USDCOP,66,3m,103,168,2025-06-26,2025-09-25,0.8885730341112966,0.08062100960925356,0.029893021643408967,0.9691940437205502,0.9990870653639592,2,3,0.30693888742994396,0.011418790376182817
USDCOP,66,3m,104,169,2025-06-27,2025-09-26,0.8792485764156246,0.08967447261392289,0.030202011390739084,0.9689230490295475,0.9991250604202866,2,3,0.30838885841077646,0.006630791182141827
USDCOP,66,3m,105,170,2025-06-30,2025-09-29,0.8710928212042226,0.09776308465206136,0.030257953470834993,0.968855905856284,0.9991138593271189,2,3,0.30587209383195585,0.011743233154668468
USDCOP,66,3m,106,171,2025-07-01,2025-09-30,0.8655021719461775,0.10375302036081137,0.029893905628869163,0.9692551923069889,0.999149097935858,2,3,0.3032545667172446,0.008134795748737144
USDCOP,66,3m,107,172,2025-07-02,2025-10-01,0.8608256756777627,0.10828912607723692,0.030042579453918763,0.9691148017549996,0.9991573812089184,2,3,0.30497308621331504,0.005102369329086969
USDCOP,66,3m,108,173,2025-07-03,2025-10-02,0.8513412301657101,0.11812427038277419,0.029708148570245167,0.9694655005484842,0.9991736491187294,2,3,0.306450553580455,0.004597856928814431
USDCOP,66,3m,109,174,2025-07-04,2025-10-03,0.8455334335942242,0.1246888894054303,0.02896743529000611,0.9702223229996545,0.9991897582896606,2,3,0.30698040699392676,0.003983123441696882
USDCOP,66,3m,110,175,2025-07-07,2025-10-06,0.8379350758973455,0.13223136575406458,0.029015694157869025,0.9701664416514101,0.9991821358092791,2,3,0.30665052966957856,0.0022754570185816855
USDCOP,66,3m,111,176,2025-07-08,2025-10-07,0.8351904569004845,0.1352860747394233,0.028710736927703265,0.9704765316399079,0.9991872685676111,2,3,0.30703985824901536,0.002743293436507402
USDCOP,66,3m,112,177,2025-07-09,2025-10-08,0.8291754305484705,0.1410834505319837,0.028890187434009302,0.9702588810804542,0.9991490685144635,2,3,0.3054241010831663,0.005215835711425794
USDCOP,66,3m,113,178,2025-07-10,2025-10-09,0.824263618371018,0.14598198317181152,0.028904113350020574,0.9702456015428296,0.9991497148928501,2,3,0.3045178103619545,0.0021179096123994587
USDCOP,66,3m,114,179,2025-07-11,2025-10-10,0.8178224559456385,0.15268804656526688,0.028598770865084482,0.9705105025109054,0.9991092733759899,2,3,0.301552901914811,0.008773354453524005
USDCOP,66,3m,115,180,2025-07-14,2025-10-13,0.8164131397579867,0.15462424002691227,0.028070257815676566,0.971037379784899,0.9991076376005755,2,3,0.3011092227350654,0.0031097606379698267
USDCOP,66,3m,116,181,2025-07-15,2025-10-14,0.8155458293213688,0.15565315161821333,0.027899085440533555,0.9711989809395821,0.9990980663801157,2,3,0.3006456903946016,0.00658050834378832
USDCOP,66,3m,117,182,2025-07-16,2025-10-15,0.8152018418134797,0.15663356678866439,0.027257404146482887,0.971835408602144,0.9990928127486269,2,3,0.30006535570545384,0.0026380582073943135
USDCOP,66,3m,118,183,2025-07-17,2025-10-16,0.8154425032093416,0.1571941041283496,0.02646052892803106,0.9726366073376913,0.9990971362657223,2,3,0.29999718079079685,0.0031385672756153865
USDCOP,66,3m,119,184,2025-07-18,2025-10-17,0.8422341905624612,0.13531744287515876,0.021626906183494096,0.97755163343762,0.999178539621114,2,3,0.2982927951857093,0.013174788247547
USDCOP,66,3m,120,185,2025-07-21,2025-10-20,0.8607052523088171,0.11993863563909353,0.018563736654788457,0.9806438879479107,0.9992076246026991,2,3,0.2983634350186196,0.013296813342577873
USDCOP,66,3m,121,186,2025-07-22,2025-10-21,0.875463827884402,0.10738612632400706,0.016385644210508116,0.982849954208409,0.9992355984189172,2,3,0.3002101065831742,0.014436964732697006
USDCOP,66,3m,122,187,2025-07-23,2025-10-22,0.8897544473228624,0.09530719774216623,0.014219687605408269,0.9850616450650286,0.9992813326704368,2,3,0.299871063338806,0.01170695140070172
USDCOP,66,3m,123,188,2025-07-24,2025-10-23,0.9014037263527577,0.08589900849897374,0.011991412860097882,0.9873027348517314,0.9992941477118293,2,3,0.29931297408276114,0.009296639663958987
USDCOP,66,3m,124,189,2025-07-25,2025-10-24,0.9151123515458347,0.0745706178362801,0.00967956290992328,0.9896829693821148,0.9993625322920381,2,3,0.29721281590916815,0.010951764081563637
USDCOP,66,3m,125,190,2025-07-28,2025-10-27,0.9203538599299537,0.06998609578650086,0.009032140124492693,0.9903399557164545,0.9993720958409472,2,2,0.2973327491863522,0.02194161228725721
USDCOP,66,3m,126,191,2025-07-29,2025-10-28,0.9254237014550382,0.06562510439192759,0.008332867248509967,0.9910488058469658,0.9993816730954758,2,2,0.2981624661658303,0.008949096964253053
USDCOP,66,3m,127,192,2025-07-30,2025-10-29,0.9268707716812357,0.06398612509435646,0.008522367981496382,0.9908568967755921,0.9993792647570885,2,2,0.2999435401318853,0.009365571420893955
USDCOP,66,3m,128,193,2025-07-31,2025-10-30,0.9311613318315146,0.060006737798553735,0.008238111990540245,0.9911680696300683,0.9994061816206086,2,2,0.29767017607708224,0.010236462097472088
USDCOP,66,3m,129,194,2025-08-01,2025-10-31,0.9357880422850524,0.05571320336064983,0.007936918922422584,0.9915012456457022,0.9994381645681248,2,2,0.2956111765066379,0.014522941598352278
USDCOP,66,3m,130,195,2025-08-04,2025-11-03,0.940331846032386,0.052115062305419055,0.006981800735398893,0.992446908337805,0.9994287090732039,2,2,0.2955466731389927,0.02459950413245064
USDCOP,66,3m,131,196,2025-08-05,2025-11-04,0.9421220008828685,0.050204113731712484,0.007110074343738653,0.992326114614581,0.9994361889583196,2,2,0.2972963697737561,0.0148074186764976
USDCOP,66,3m,132,197,2025-08-06,2025-11-05,0.9444715651132538,0.04790086506023959,0.0070767862761983,0.9923724301734934,0.9994492164496916,2,2,0.296419751018779,0.006498025471949336
USDCOP,66,3m,133,198,2025-08-07,2025-11-06,0.9467376399859353,0.04558642359894017,0.0071633046261557745,0.9923240635848755,0.9994873682110312,2,2,0.29983161644094325,0.02732942511291624
USDCOP,66,3m,134,199,2025-08-08,2025-11-07,0.9490067029302772,0.04320022540286611,0.007289846985844637,0.9922069283331434,0.999496775318988,2,2,0.3002289513479632,0.008765469107486261
USDCOP,66,3m,135,200,2025-08-11,2025-11-10,0.9490806602376145,0.04240625256027952,0.007991855147638387,0.991486912797894,0.9994787679455324,2,2,0.3065872076936433,0.028157227325281618
USDCOP,66,3m,136,201,2025-08-12,2025-11-11,0.9500422666398546,0.041036434655626786,0.008379939015932977,0.9910787012954814,0.9994586403114143,1,2,0.31262949215563807,0.022286871932142537
USDCOP,66,3m,137,202,2025-08-13,2025-11-12,0.9502201601098764,0.040464015306975694,0.008772672922912329,0.9906841754168522,0.9994568483397644,1,2,0.31342781941644987,0.010030270312307892
USDCOP,66,3m,138,203,2025-08-14,2025-11-13,0.9513271536534488,0.03924233661925775,0.008864946157356725,0.9905694902727066,0.9994344364300632,1,2,0.3138365383098073,0.007431075801003262
USDCOP,66,3m,139,204,2025-08-15,2025-11-14,0.9534065952126358,0.037231926951172535,0.008788360375029822,0.9906385221638083,0.9994268825388382,1,2,0.3146644832670721,0.004188514567594719
USDCOP,66,3m,140,205,2025-08-18,2025-11-17,0.9568472552551667,0.034034127287455265,0.00854964218960578,0.9908813825426219,0.9994310247322277,1,2,0.3162164156889712,0.01159715153164024
USDCOP,66,3m,141,206,2025-08-19,2025-11-18,0.9587115642748087,0.032173873024469765,0.00853174556020322,0.9908854372992785,0.9994171828594818,1,2,0.3159385090916754,0.002859576534917772
USDCOP,66,3m,142,207,2025-08-20,2025-11-19,0.960452848107529,0.03046522097973294,0.008490325231566084,0.9909180690872619,0.999408394318828,1,2,0.3153248173635563,0.009387550465497933
USDCOP,66,3m,143,208,2025-08-21,2025-11-20,0.9621177629845862,0.02866508445957738,0.008588126138381521,0.9907828474441636,0.9993709735825451,1,2,0.3171849747375774,0.01165886189521802
USDCOP,66,3m,144,209,2025-08-22,2025-11-21,0.9642820288992616,0.02642765143689012,0.00863863163886162,0.9907096803361517,0.9993483119750134,1,2,0.3175641292944664,0.009388522048289782
USDCOP,66,3m,145,210,2025-08-25,2025-11-24,0.9665684223474479,0.02436914269516642,0.008386789367440245,0.9909375650426143,0.9993243544100545,1,2,0.32014726978953406,0.009919112819150852
USDCOP,66,3m,146,211,2025-08-26,2025-11-25,0.9686436704874637,0.022603987464517396,0.008063313449682865,0.9912476579519811,0.9993109714016639,1,2,0.3222239225871582,0.01389453577200645
USDCOP,66,3m,147,212,2025-08-27,2025-11-26,0.9714273065430356,0.020494555079763683,0.007380976595574524,0.9919218616227993,0.9993028382183737,1,2,0.32419116561190914,0.009968598759896613
USDCOP,66,3m,148,213,2025-08-28,2025-11-27,0.9733731026015637,0.01918300330715879,0.0067479376303655626,0.9925561059087226,0.9993040435390881,1,2,0.32185630639415824,0.018376280341821878
USDCOP,66,3m,149,214,2025-08-29,2025-11-28,0.9746103754586504,0.018272721415157966,0.006391330741492888,0.9928830968738084,0.9992744276153013,1,2,0.31369232755310045,0.02006372414417877
USDCOP,66,3m,150,215,2025-09-01,2025-12-01,0.9759298291944718,0.017252783407429466,0.006056990861050121,0.9931826126019012,0.9992396034629514,1,2,0.3205676857488643,0.022882217100576623
USDCOP,66,3m,151,216,2025-09-02,2025-12-02,0.9775212524341028,0.016211542489317752,0.005493160356765217,0.9937327949234206,0.9992259552801858,1,2,0.3266968573118976,0.03090100375578317
USDCOP,66,3m,152,217,2025-09-03,2025-12-03,0.9798598864345487,0.01444814656082098,0.0049273076000777806,0.9943080329953696,0.9992353405954475,1,2,0.33674566509530834,0.03497499986518069
USDCOP,66,3m,153,218,2025-09-04,2025-12-04,0.982165452947341,0.0131524369850408,0.003941021558938243,0.9953178899323818,0.9992589114913201,1,2,0.3574886597974647,0.04477775310657761
USDCOP,66,3m,154,219,2025-09-05,2025-12-05,0.9842822764625472,0.011843002918626416,0.003183412926627267,0.9961252793811736,0.9993086923078008,1,2,0.4043976907399495,0.06762448294305184
USDCOP,66,3m,155,220,2025-09-08,2025-12-08,0.985943868838299,0.010892793846160402,0.0025174152815114065,0.9968366626844594,0.9993540779659708,1,2,0.4692753580780936,0.09102654017826399
USDCOP,66,3m,156,221,2025-09-09,2025-12-09,0.9866492433847638,0.01065679390490717,0.0020814773023014837,0.9973060372896709,0.9993875145919724,1,2,0.5339308857802093,0.09065654686712472
USDCOP,66,3m,157,222,2025-09-10,2025-12-10,0.9880600699910559,0.00960174274205507,0.0017785427994892536,0.9976618127331109,0.9994403555326002,1,2,0.5852779184564177,0.07040091886073997
USDCOP,66,3m,158,223,2025-09-11,2025-12-11,0.988400150001366,0.009459258747588026,0.0015708231174197372,0.9978594087489541,0.9994302318663738,1,2,0.6157109754249024,0.08032169974586012
USDCOP,66,3m,159,224,2025-09-12,2025-12-12,0.9888012385729014,0.009013085396911993,0.001611965725653998,0.9978143239698134,0.9994262896954673,1,2,0.6189850309344125,0.036705510736699906
USDCOP,66,3m,160,225,2025-09-15,2025-12-15,0.9899105154740914,0.007467918136397727,0.0020593538883398174,0.9973784336104891,0.99943778749882894,1,2,0.6219203250768016,0.06620924247620849
USDCOP,66,3m,161,226,2025-09-16,2025-12-16,0.9890254679699327,0.007749262237317544,0.0026297844785908384,0.9967747302072503,0.9994045146858411,1,2,0.6302241459822219,0.04098081144418587
USDCOP,66,3m,162,227,2025-09-17,2025-12-17,0.987836581392121,0.007951623561773584,0.0035923170452398278,0.9957882049538946,0.9993805219991344,1,2,0.5875544077420188,0.05437467140730844
USDCOP,66,3m,163,228,2025-09-18,2025-12-18,0.9865206511798968,0.00765335082613356,0.005198362373407601,0.9941740020060305,0.999372364379438,1,2,0.5904440933123954,0.07490118908962112
USDCOP,66,3m,164,229,2025-09-19,2025-12-19,0.9856716000393647,0.00783955625746085,0.005856774944292874,0.9935111562968255,0.9993679312411184,1,2,0.6210575575525044,0.07381785238592303
USDCOP,66,3m,165,230,2025-09-22,2025-12-22,0.9863145637390589,0.007020391098413329,0.006088007404480641,0.9933349548374723,0.9994229622419528,1,2,0.6242368604867423,0.046081140743994976
USDCOP,66,3m,166,231,2025-09-23,2025-12-23,0.986663412884206,0.007057613953316115,0.00573683714469244,0.9937210268375222,0.9994578639822146,1,2,0.624646525661252,0.01817677894637264
USDCOP,66,3m,167,232,2025-09-24,2025-12-24,0.9862977923861825,0.007594571092634933,0.00556905853698664,0.9938923634788175,0.9994614220158041,1,2,0.6224818987168805,0.01837595790792238
USDCOP,66,3m,168,233,2025-09-25,2025-12-25,0.9858688196255588,0.008281499695418245,0.005322422968992995,0.9941503193209771,0.9994727422899701,1,2,0.6194225340485437,0.025444846960088995
USDCOP,66,3m,169,234,2025-09-26,2025-12-26,0.9859755024519389,0.008580701697694903,0.0049286427495515055,0.9945562041496337,0.9994848468991853,1,2,0.6181013463530074,0.010430737850732192
USDCOP,66,3m,170,235,2025-09-29,2025-12-29,0.9861797320349804,0.008787800403855597,0.004530517977709911,0.9949675324388361,0.9994980504165459,1,2,0.614933606055891,0.014160761818241935
USDCOP,66,3m,171,236,2025-09-30,2025-12-30,0.9861277767943989,0.009120971567848975,0.00425799092090841,0.9952487483622479,0.9995067392831563,1,2,0.6182720687929711,0.01445394928894654
USDCOP,66,3m,172,237,2025-10-01,2025-12-31,0.9859541607919754,0.009401918796172396,0.004146850400988364,0.9953560795881478,0.9995029299891361,1,2,0.6176511477940481,0.009852744874092031
USDCOP,66,3m,173,238,2025-10-02,2026-01-01,0.9856489364621727,0.009975020045552318,0.0038792095904083756,0.995623956507725,0.9995031660981334,1,2,0.6049409880375671,0.020696402370232254
USDCOP,66,3m,174,239,2025-10-03,2026-01-02,0.9854595137850883,0.010327107220173748,0.003719975339060292,0.995786621005262,0.9995065963443224,1,2,0.5972352518187262,0.013892462799356627
USDCOP,66,3m,175,240,2025-10-06,2026-01-05,0.9841659958620419,0.01158957735112664,0.003544142344873808,0.9957555732131685,0.9992997155580423,1,2,0.5181821905394948,0.09373855628103982
USDCOP,66,3m,176,241,2025-10-07,2026-01-06,0.9829344732111509,0.012779156246947641,0.0034482884644821783,0.9957136294580985,0.9991619179225807,1,2,0.4425263961767505,0.0917677427619713
USDCOP,66,3m,177,242,2025-10-08,2026-01-07,0.981767120102364,0.013979316952165567,0.003349921609952699,0.9957464370545296,0.9990963586644823,1,2,0.3767703022691347,0.08530823801812583
USDCOP,66,3m,178,243,2025-10-09,2026-01-08,0.980539348673516,0.015253984172723604,0.0032659237998518198,0.9957933328462396,0.9990592566460914,1,2,0.33855101552818123,0.07349774638151976
USDCOP,66,3m,179,244,2025-10-10,2026-01-09,0.9792419459152146,0.016615201009033624,0.0031761597153281947,0.9958571469242482,0.9990333066395765,1,2,0.3099848583358094,0.07571581679772396
USDCOP,66,3m,180,245,2025-10-13,2026-01-12,0.9785656749954247,0.01756592475498006,0.0029039043582199855,0.9961315997504048,0.9990355041086247,1,2,0.3094158841749657,0.09981713371539923
USDCOP,66,3m,181,246,2025-10-14,2026-01-13,0.9773790727634432,0.018585841775863227,0.003086851319845468,0.9959649145393064,0.9990517658591519,1,2,0.317972730992714,0.07592221596451192
USDCOP,66,3m,182,247,2025-10-15,2026-01-14,0.9758411134910748,0.020091680923468625,0.003149903693806577,0.9959327944145434,0.99908269810835,1,2,0.33325385887747866,0.05868417104871804
USDCOP,66,3m,183,248,2025-10-16,2026-01-15,0.9741925251530991,0.021719985555885033,0.0032205865413037463,0.9959125107089841,0.9991330972502879,1,2,0.3458666758632687,0.03839716416572756
USDCOP,66,3m,184,249,2025-10-17,2026-01-16,0.9723818631029332,0.023794755315057238,0.003023062659807332,0.9961766184179904,0.9991996810777978,1,2,0.3837235910221594,0.07190692550322238
USDCOP,66,3m,185,250,2025-10-20,2026-01-19,0.9696951235261931,0.026437732430458518,0.003050604885730504,0.9961328559566517,0.9991834608423822,1,2,0.37745818629393607,0.02352445465744688
USDCOP,66,3m,186,251,2025-10-21,2026-01-20,0.9673867074748683,0.02884950528077807,0.0029464171905331286,0.9962362127556464,0.9991826299461796,1,2,0.38206236649936526,0.026714522309161104
USDCOP,66,3m,187,252,2025-10-22,2026-01-21,0.9650773735082356,0.031208298151135645,0.0028951931208631553,0.9962856716593713,0.9991808647802345,1,2,0.3847136710548681,0.02332717289266264
USDCOP,66,3m,188,253,2025-10-23,2026-01-22,0.9624754786386699,0.03382357107241842,0.0028801558000071214,0.9962990497110883,0.9991792055110954,1,2,0.37448348921743835,0.03093154160984822
USDCOP,66,3m,189,254,2025-10-24,2026-01-23,0.960675865829567,0.03581816356374603,0.002706329705328468,0.996494029393313,0.9992003590986415,1,2,0.38861073302287397,0.04040112223192868
USDCOP,66,3m,190,255,2025-10-27,2026-01-26,0.9589768924104798,0.03760065991614272,0.0026388100163206958,0.9965775523266225,0.9992163623429432,1,2,0.3946892406615731,0.029780400577987528
USDCOP,66,3m,191,256,2025-10-28,2026-01-27,0.9579573995785502,0.0386775219970883,0.002585999540858071,0.9966349215756385,0.9992209211164965,1,2,0.3937165875325666,0.03263198912015388
USDCOP,66,3m,192,257,2025-10-29,2026-01-28,0.9575448006249068,0.039107804945447626,0.002563156570975261,0.9966526055703544,0.9992157621413297,1,2,0.3850773394873155,0.019024931576012222
USDCOP,66,3m,193,258,2025-10-30,2026-01-29,0.9572250854749617,0.03946251612080087,0.0025294991812534412,0.9966876015957625,0.999217100777016,1,2,0.3797292034472522,0.012428203692830738
USDCOP,66,3m,194,259,2025-10-31,2026-01-30,0.9571938042028129,0.03952162780940358,0.002500566859376064,0.9967154320122165,0.9992159988715925,1,2,0.3748296039256565,0.010641372042989181
USDCOP,66,3m,195,260,2025-11-03,2026-02-02,0.9559872696044224,0.040721105859878766,0.0024985333087522645,0.9967083754643011,0.9992069087730534,1,2,0.3718104434379,0.011314303872606676
USDCOP,66,3m,196,261,2025-11-04,2026-02-03,0.9548476446951224,0.04186150432386596,0.0024936304082569414,0.9967091490189883,0.9992027794272453,1,2,0.3691454905641739,0.011019992574796602
USDCOP,66,3m,197,262,2025-11-05,2026-02-04,0.9543333133582275,0.04237774030087891,0.0024807619486076774,0.9967110536591064,0.9991918156077141,1,2,0.3628118383790861,0.016107932159739866
USDCOP,66,3m,198,263,2025-11-06,2026-02-05,0.954657857948817,0.04206394978436843,0.0024742103243377725,0.9967218077331854,0.9991960180575231,1,2,0.3537627670844979,0.016022163128027296
USDCOP,66,3m,199,264,2025-11-07,2026-02-06,0.9553209818592875,0.04144307558834991,0.002436145097175916,0.9967640574476374,0.9992002025448133,1,2,0.33977630595756814,0.02501981886647241
USDCOP,66,3m,200,265,2025-11-10,2026-02-09,0.954699053973698,0.04204291404720421,0.0023867401853816276,0.9967419680209022,0.9991287082062839,1,2,0.33207267968042276,0.038897581103147214
USDCOP,66,3m,201,266,2025-11-11,2026-02-10,0.9525273298356354,0.04404405492942896,0.002521885059056561,0.9965713847650643,0.9990932698241209,1,2,0.3213582212370207,0.05805720186935283
USDCOP,66,3m,202,267,2025-11-12,2026-02-11,0.9503442735779136,0.045992827702085716,0.002742214090742316,0.9963371012799993,0.9990793153707417,1,2,0.3249115558094478,0.0562819277266153
USDCOP,66,3m,203,268,2025-11-13,2026-02-12,0.9486573019691237,0.04740612258087401,0.003018967173610636,0.9960634245499977,0.9990823917236084,2,2,0.3314908129338219,0.060088258111977974
USDCOP,66,3m,204,269,2025-11-14,2026-02-13,0.9473316334175198,0.04857587293943889,0.0031745907665073855,0.9959075063569587,0.9990820971234661,2,2,0.34940909081469684,0.03368823563665994
USDCOP,66,3m,205,270,2025-11-17,2026-02-16,0.9449930619206265,0.05020879038139375,0.0036631233413930583,0.9952018523020203,0.9988649756434133,2,2,0.2625734829492183,0.16474755695587603
USDCOP,66,3m,206,271,2025-11-18,2026-02-17,0.9442283545159835,0.05069109519347267,0.003710196432109896,0.9949194497094562,0.9986296461415661,2,2,0.26566362861754933,0.08178222641666452
USDCOP,66,3m,207,272,2025-11-19,2026-02-18,0.943148437486236,0.051222430641010445,0.004031271092998126,0.9943708681272464,0.9984021392202446,2,2,0.32654683776165827,0.13960124678449654
USDCOP,66,3m,208,273,2025-11-20,2026-02-19,0.9429979296946392,0.05113849159687081,0.00408077121257297,0.99413642129151,0.998217192504083,2,2,0.3664210799330788,0.05217146110689293
USDCOP,66,3m,209,274,2025-11-21,2026-02-20,0.9413130458536133,0.05216054463269584,0.004614987225325199,0.9934735904863091,0.9980885777116344,2,2,0.45822413633612374,0.12073650454777003
USDCOP,66,3m,210,275,2025-11-24,2026-02-23,0.9413071395045938,0.05157438877572125,0.005161044022528579,0.9928815282803151,0.9980425723028435,2,2,0.5308420818424937,0.09403463241334208
USDCOP,66,3m,211,276,2025-11-25,2026-02-24,0.9431265207361871,0.049569966343872444,0.005074751468506523,0.9926964870800595,0.9977712385485661,2,2,0.5251804698865815,0.011857107529581455
USDCOP,66,3m,212,277,2025-11-26,2026-02-25,0.9448686021165293,0.04783505902602666,0.0048829743174302505,0.992703661142556,0.9975866354599863,2,2,0.5332816835045036,0.012011569397437298
USDCOP,66,3m,213,278,2025-11-27,2026-02-26,0.9443748288842603,0.048108947141315785,0.005042540818363135,0.992483776025576,0.9975263168439392,2,2,0.5700598119402012,0.04593002380602028
USDCOP,66,3m,214,279,2025-11-28,2026-02-27,0.9427971458197184,0.04960584820238959,0.005089163795211493,0.992402994022108,0.9974921578173195,2,2,0.6107626931825,0.05402906597692847
USDCOP,66,3m,215,280,2025-12-01,2026-03-02,0.9428558298899898,0.04960756135060295,0.005004044082072743,0.9924633912405928,0.9974674353226656,2,2,0.6227427579419276,0.020392129510111857
USDCOP,66,3m,216,281,2025-12-02,2026-03-03,0.9442971784113787,0.04817864455373069,0.004923571414307639,0.9924758229651094,0.997399394379417,2,2,0.6059784932923905,0.02691362173757041
USDCOP,66,3m,217,282,2025-12-03,2026-03-04,0.9472724461507732,0.04535496918896409,0.004774912396267301,0.9926274153397373,0.9974023277360046,2,2,0.6019255484152413,0.010925820602704858
USDCOP,66,3m,218,283,2025-12-04,2026-03-05,0.9528058538002009,0.040168814668086444,0.004521789263986577,0.9929746684682873,0.9974964577322739,1,2,0.5684973094749521,0.04286062324275582
USDCOP,66,3m,219,284,2025-12-05,2026-03-06,0.9590915276473285,0.03436803356968242,0.004167880516920743,0.993459561217011,0.9976274417339317,1,2,0.5375840051846663,0.041034047681396436
USDCOP,66,3m,220,285,2025-12-08,2026-03-09,0.9603160541831639,0.03298706031938918,0.004102234278669109,0.993303114502553,0.9974053487812222,1,2,0.5380123240761324,0.013135244631259669
USDCOP,66,3m,221,286,2025-12-09,2026-03-10,0.9615716069589837,0.031560503323962284,0.0039958373898614456,0.993132110282946,0.9971279476728074,1,2,0.5050117082888117,0.0500402532910197
USDCOP,66,3m,222,287,2025-12-10,2026-03-11,0.9632773155333862,0.029552227003170596,0.003992312817403702,0.9928295425365569,0.9968218553539605,1,2,0.3976720431726873,0.15600366079724168
USDCOP,66,3m,223,288,2025-12-11,2026-03-12,0.96515456211106,0.0275126138093396,0.003907999398540752,0.9926671759203995,0.9965751753189404,1,2,0.34924498564606005,0.10230030106886988
USDCOP,66,3m,224,289,2025-12-12,2026-03-13,0.9669871988056565,0.025748870935605236,0.0036865505460876823,0.9927360697412617,0.9964226202873494,1,2,0.33607448895160247,0.10511083850515983
USDCOP,66,3m,225,290,2025-12-15,2026-03-16,0.9689232634947138,0.02404025851465784,0.0034547101536716706,0.9929635220093717,0.9964182321630433,1,2,0.4100494981328023,0.27479083648918484
USDCOP,66,3m,226,291,2025-12-16,2026-03-17,0.9698721504987569,0.02309733986196609,0.00345848898417878,0.9929694903607229,0.9964279793449017,1,2,0.6788169014895475,0.3822076725462742
USDCOP,66,3m,227,292,2025-12-17,2026-03-18,0.970641721291557,0.022091523743820753,0.0038241712179682007,0.9927332450353777,0.9965574162533459,1,2,0.9014045922140814,0.2990010705519835
USDCOP,66,3m,228,293,2025-12-18,2026-03-19,0.9710536489166889,0.02230350545263141,0.003534327375964525,0.9933571543693203,0.9968914817452849,1,2,0.9164368019803362,0.029641847036740495
USDCOP,66,3m,229,294,2025-12-19,2026-03-20,0.9704870235878224,0.02295391931896857,0.0035251474929669144,0.993440942906791,0.9969660903997578,1,2,0.9038585286492927,0.020801461204088764
USDCOP,66,3m,230,295,2025-12-22,2026-03-23,0.9699686453669798,0.02341798569094671,0.0035597199617188767,0.9933866310579265,0.9969463510196453,1,2,0.8998112511018138,0.03372536459935599
USDCOP,66,3m,231,296,2025-12-23,2026-03-24,0.9693681419700525,0.023983500083865752,0.003584588565900837,0.9933516420539182,0.9969362306198191,1,2,0.8913856879486912,0.014352165784166745
USDCOP,66,3m,232,297,2025-12-24,2026-03-25,0.9702041317731751,0.023190896446504006,0.00356795321060388,0.9933950282196791,0.996962981430283,1,2,0.8974874791915797,0.013154937635439684
USDCOP,66,3m,233,298,2025-12-25,2026-03-26,0.9719174661286927,0.02175993750346598,0.0034030103171174535,0.9936774036321586,0.9970804139492762,1,2,0.9397780445497633,0.05880037250482454
USDCOP,66,3m,234,299,2025-12-26,2026-03-27,0.9751702879483273,0.01928619834590745,0.0029607047066696553,0.9944564862942348,0.9974171910009044,1,2,0.9942447473825736,0.07952874868474842
USDCOP,88,4m,1,88,2025-02-04,2025-06-05,0.9320349898450546,0.04763908571656866,0.018379052397199426,0.9796740755616233,0.9980531279588227,2,3,0.7101973887570296,NA
USDCOP,88,4m,2,89,2025-02-05,2025-06-06,0.9300670013117844,0.05006975703414029,0.017966011589816276,0.9801367583459247,0.998102769935741,2,3,0.7079085096876682,0.016382795706545016
USDCOP,88,4m,3,90,2025-02-06,2025-06-09,0.9289975303605742,0.051636464363145465,0.017550800138701278,0.9806339947237197,0.998184794862421,2,3,0.7050012627815812,0.017566568862621982
USDCOP,88,4m,4,91,2025-02-07,2025-06-10,0.9285817804696744,0.05236563151125846,0.01729049530707403,0.9809474119809329,0.9982379072880069,2,3,0.7050104726401198,0.011525155609926629
USDCOP,88,4m,5,92,2025-02-10,2025-06-11,0.9273128983062067,0.05381898992282681,0.01715356867998934,0.9811318882290335,0.9982854569090228,2,3,0.7034732885654325,0.008378878126849586
USDCOP,88,4m,6,93,2025-02-11,2025-06-12,0.925870700880121,0.055408128517243235,0.017071916284672882,0.9812788293973642,0.9983507456820372,2,3,0.7012192932453788,0.011518189024847022
USDCOP,88,4m,7,94,2025-02-12,2025-06-13,0.9215811108856259,0.05956803136185077,0.01724740470480725,0.9811491422474766,0.9983965469522839,2,3,0.7007001372882344,0.009523561774321667
USDCOP,88,4m,8,95,2025-02-13,2025-06-16,0.9210577679841373,0.06018893448075629,0.017205100072259862,0.9812467024648935,0.9984518025371535,2,3,0.6989342037055961,0.010241719050169353
USDCOP,88,4m,9,96,2025-02-14,2025-06-17,0.9229470563503973,0.05888710370402593,0.016682668334882786,0.9818341600544233,0.998516828389306,2,3,0.6962701864676204,0.010701987273903325
USDCOP,88,4m,10,97,2025-02-17,2025-06-18,0.9231301560861621,0.05902697059348082,0.01637287771183642,0.98215712667964294,0.9985300043914793,2,3,0.6946946555893476,0.005755683573583507
USDCOP,88,4m,11,98,2025-02-18,2025-06-19,0.9238727044194314,0.05837615049190321,0.016306371464658513,0.9822488549113346,0.9985552263759931,2,3,0.6916095986681843,0.007961956510721993
USDCOP,88,4m,12,99,2025-02-19,2025-06-20,0.924797786425697,0.057601817027738506,0.01617172233409756,0.9823996034534355,0.998571325787533,2,3,0.691029158362946,0.006716123614121706
USDCOP,88,4m,13,100,2025-02-20,2025-06-23,0.9260449947778566,0.056924282497475887,0.015613914069550237,0.9829692772753325,0.9985831913448827,2,3,0.6898578992919293,0.004622264125275564
USDCOP,88,4m,14,101,2025-02-21,2025-06-24,0.9271922635050981,0.0564936926450533,0.01488832499585166,0.9836859561501514,0.998574281146003,2,3,0.6893797128764495,0.005813800703901716
USDCOP,88,4m,15,102,2025-02-24,2025-06-25,0.9283734515892798,0.055754508888319995,0.01444748259883258,0.9841279604775998,0.9985754430764323,2,3,0.6908686446273495,0.004570377028202501
USDCOP,88,4m,16,103,2025-02-25,2025-06-26,0.9296881047380735,0.05483389019284987,0.014058862659775847,0.9845219949309234,0.9985808575906993,2,3,0.6867097266038091,0.008385001562212916
USDCOP,88,4m,17,104,2025-02-26,2025-06-27,0.930775907152745,0.054309642533539385,0.013502976619071872,0.9850855496862845,0.9985885263053563,2,3,0.682926070848107,0.008489869553654612
USDCOP,88,4m,18,105,2025-02-27,2025-06-30,0.9308118453677195,0.05476068042109442,0.012995157002300198,0.9855725257888139,0.9985676827911142,2,3,0.6783913088822677,0.009257020050255483
USDCOP,88,4m,19,106,2025-02-28,2025-07-01,0.9313522749696352,0.054690603153327876,0.012526205410426207,0.9860428781229631,0.9985690835333894,2,3,0.6726300481326677,0.0090734664945247
USDCOP,88,4m,20,107,2025-03-03,2025-07-02,0.9312231393700381,0.05538140884607656,0.011968098607175136,0.9866045482161147,0.9985726468232898,2,3,0.662353247009917,0.014860383911412674
USDCOP,88,4m,21,108,2025-03-04,2025-07-03,0.9311609758988829,0.05598657622634967,0.011432867275494507,0.9871475521252326,0.9985804194007271,2,3,0.650341456273634,0.016504623704348766
USDCOP,88,4m,22,109,2025-03-05,2025-07-04,0.9311604083524391,0.05640691001399132,0.011019656605745904,0.9875673183664304,0.9985869749721763,2,3,0.6356068670713104,0.02224862863948862
USDCOP,88,4m,23,110,2025-03-06,2025-07-07,0.9311974612308601,0.05689532069832807,0.01052071400808286,0.9880927819291881,0.998613495937271,2,3,0.622755501617949,0.02274279426307349
USDCOP,88,4m,24,111,2025-03-07,2025-07-08,0.9313419440414316,0.057161745099669176,0.010102698655033313,0.9885036891411008,0.9986063877961341,2,3,0.6073938104681694,0.01999943650374397
USDCOP,88,4m,25,112,2025-03-10,2025-07-09,0.9319121938498034,0.05704809645818574,0.009666736038338956,0.9889602903079892,0.998627026346328,2,3,0.5852488599032829,0.02837456534660498
USDCOP,88,4m,26,113,2025-03-11,2025-07-10,0.9309809702378482,0.05825944763844415,0.009460222770562155,0.9892404178762924,0.9987006406468545,2,3,0.5667900459391643,0.025818467791613932
USDCOP,88,4m,27,114,2025-03-12,2025-07-11,0.9307727068428299,0.0586057162329044,0.009343215264831334,0.9893784230757343,0.9987216383405656,2,3,0.5568602924066197,0.013609995031466676
USDCOP,88,4m,28,115,2025-03-13,2025-07-14,0.9315374802840213,0.05827456850152004,0.008941697560553031,0.9898120487855413,0.9987537463460944,2,3,0.5425735131107842,0.017592996011684278
USDCOP,88,4m,29,116,2025-03-14,2025-07-15,0.931424920771314,0.05870870505934229,0.008648884017268,0.9901336258306563,0.9987825098479243,2,2,0.5283730299277525,0.01828823806964758
USDCOP,88,4m,30,117,2025-03-17,2025-07-16,0.9312786440593178,0.059275978047615585,0.008239452155156772,0.9905546221069335,0.9987940742620902,2,2,0.5142808139181817,0.017063668501257682
USDCOP,88,4m,31,118,2025-03-18,2025-07-17,0.9316217194273044,0.059269750529659125,0.007937646698760743,0.9908914699569635,0.9988291166557243,2,2,0.4963612802908707,0.026149574900854868
USDCOP,88,4m,32,119,2025-03-19,2025-07-18,0.9315039639492951,0.05955218219652591,0.007792628712139336,0.991056146145821,0.9988487748579604,2,2,0.48335398482815317,0.0165990205905324
USDCOP,88,4m,33,120,2025-03-20,2025-07-21,0.9319522150485596,0.059337810679429386,0.007586116257980768,0.991290025727989,0.9988761419859697,2,2,0.47146445222174577,0.016250458150477744
USDCOP,88,4m,34,121,2025-03-21,2025-07-22,0.9329763993224498,0.05828424183007075,0.007589118554472368,0.9912606411525205,0.998849759706993,2,2,0.4655442750564793,0.00975981144206668
USDCOP,88,4m,35,122,2025-03-24,2025-07-23,0.933004692966358,0.058326442586942216,0.0075109445856700674,0.9913311355533002,0.9988420801389704,2,2,0.45805666332647144,0.014890426179851944
USDCOP,88,4m,36,123,2025-03-25,2025-07-24,0.9337574420072345,0.057680737938855885,0.007403017615395064,0.9914381799460904,0.9988411975614855,2,2,0.44792609576342834,0.022068718496331255
USDCOP,88,4m,37,124,2025-03-26,2025-07-25,0.9360136973639744,0.05575906174024185,0.007080599829513253,0.9917727591042163,0.9988533589337295,2,2,0.4405583028265487,0.024171067288616514
USDCOP,88,4m,38,125,2025-03-27,2025-07-28,0.9364585655984061,0.05581848546988717,0.006584534132184429,0.9922770510682933,0.9988615852004777,2,2,0.43449201760298783,0.017306461988939256
USDCOP,88,4m,39,126,2025-03-28,2025-07-29,0.9376042745549225,0.05524451302679561,0.006010258536599228,0.992848787581718,0.9988590461183173,2,2,0.42730327759773573,0.02127236288345011
USDCOP,88,4m,40,127,2025-03-31,2025-07-30,0.9381406702402603,0.05513085697002165,0.005572361616577997,0.9932715272102819,0.9988438888268599,2,2,0.42276310255085603,0.018599111706737323
USDCOP,88,4m,41,128,2025-04-01,2025-07-31,0.9401287453910854,0.05364794930834341,0.005095725837015578,0.9937766946994288,0.9988724205364443,2,2,0.4130881697448903,0.04282214697035077
USDCOP,88,4m,42,129,2025-04-02,2025-08-01,0.9397179099179832,0.0544067152095848,0.004774447534220605,0.994124625127568,0.9988990726617886,2,2,0.394939531743228,0.04264452397157264
USDCOP,88,4m,43,130,2025-04-03,2025-08-04,0.941857048783547,0.05265934524805725,0.004410442674169501,0.9945163940316043,0.9989268367057738,2,2,0.38293284410997924,0.03887288627735526
USDCOP,88,4m,44,131,2025-04-04,2025-08-05,0.9434560214081832,0.05148949454611991,0.004005879509107349,0.9949455159543031,0.9989513954634105,2,2,0.3712187998401497,0.04832506385786937
USDCOP,88,4m,45,132,2025-04-07,2025-08-06,0.9452862055907308,0.04965541899258294,0.003976721361081914,0.9949416245833138,0.9989183459443957,2,2,0.371585692569254,0.010880757075937317
USDCOP,88,4m,46,133,2025-04-08,2025-08-07,0.9473799160086075,0.0475010776299057,0.004031144631283683,0.9948809936385132,0.9989121382697969,2,2,0.3712985225366987,0.005865190059758886
USDCOP,88,4m,47,134,2025-04-09,2025-08-08,0.9467689027906222,0.047843847193609186,0.004255208446746056,0.9946127499842314,0.9988679584309774,2,2,0.36994053509745745,0.007986532913515237
USDCOP,88,4m,48,135,2025-04-10,2025-08-11,0.9389399143664698,0.05494468295984753,0.004818208672242227,0.9938845973263174,0.9987028059985597,2,2,0.3695086664969946,0.00950700493037714
USDCOP,88,4m,49,136,2025-04-11,2025-08-12,0.9313713903874496,0.06211342084938499,0.0050575822451709804,0.9934848112368346,0.9985423934820056,2,2,0.37252504719021373,0.011155851967336313
USDCOP,88,4m,50,137,2025-04-14,2025-08-13,0.927843412682733,0.0658499172378641,0.004766717991553517,0.993693329920597,0.9984600479121506,2,2,0.3685945485710597,0.01815802223972882
USDCOP,88,4m,51,138,2025-04-15,2025-08-14,0.9277972391052921,0.06615613620855343,0.0045087222764515,0.9939533753138455,0.998462097590297,2,2,0.36415231095330686,0.03958031672559427
USDCOP,88,4m,52,139,2025-04-16,2025-08-15,0.9287323292810191,0.06566008126041167,0.004083584936645346,0.9943924105414308,0.9984759954780762,2,2,0.3634948406909366,0.047478288421082336
USDCOP,88,4m,53,140,2025-04-17,2025-08-18,0.9265933661708425,0.06825289241400458,0.0036069280825170315,0.9948462585848471,0.9984531866673642,2,2,0.3697958788657268,0.05064731603887767
USDCOP,88,4m,54,141,2025-04-18,2025-08-19,0.9232917981715808,0.07208555366074178,0.003049119147483532,0.9953773518323226,0.9984264709798061,2,2,0.3956476155644682,0.08379596301575044
USDCOP,88,4m,55,142,2025-04-21,2025-08-20,0.9224855152031538,0.07335486212177085,0.002599697512295694,0.9958403773249247,0.9984400748372203,2,2,0.42051848697499095,0.060804694532819205
USDCOP,88,4m,56,143,2025-04-22,2025-08-21,0.9221003696942801,0.07431577618566575,0.002050015406959204,0.9964161458799459,0.998466161286905,2,2,0.48996991504376336,0.10834897274488746
USDCOP,88,4m,57,144,2025-04-23,2025-08-22,0.916640172673015,0.07968904231321888,0.002085068803297454,0.996329214986234,0.9984142837895313,2,2,0.5182318344725816,0.07011148701074918
USDCOP,88,4m,58,145,2025-04-24,2025-08-25,0.9078990974731458,0.08825069149422868,0.0021557653840374954,0.9961497889673745,0.998305554351412,2,2,0.5341448589583617,0.055325934322824184
USDCOP,88,4m,59,146,2025-04-25,2025-08-26,0.8902020591391232,0.1054026315842655,0.0024595483430526494,0.9956046907233886,0.9980642390664414,2,2,0.5565274421389018,0.04356723384786642
USDCOP,88,4m,60,147,2025-04-28,2025-08-27,0.8787947216049896,0.11653512812539372,0.0026383740809185247,0.9953298497303833,0.9979682238113019,2,2,0.5810498041630118,0.046126194074823
USDCOP,88,4m,61,148,2025-04-29,2025-08-28,0.8669792819862047,0.12803364144729457,0.0027968114524565945,0.9950129234334992,0.9978097348859558,2,2,0.5982715951562998,0.027819676559335878
USDCOP,88,4m,62,149,2025-04-30,2025-08-29,0.8602807562667079,0.1345131024078359,0.0029094442725673027,0.9947938586745437,0.9977033029471111,2,2,0.5637892921015447,0.04731693661060128
USDCOP,88,4m,63,150,2025-05-01,2025-09-01,0.8581226372731429,0.13686467862963939,0.00280289417496427,0.9949873159027822,0.9977902100777465,2,2,0.5285228095424263,0.13123395206256758
USDCOP,88,4m,64,151,2025-05-02,2025-09-02,0.8584798068566477,0.1367364952607436,0.002732262656406151,0.9952163021173913,0.9979485647737975,2,2,0.5219151094234161,0.11308946909673681
USDCOP,88,4m,65,152,2025-05-05,2025-09-03,0.8577663047515388,0.1375986057793597,0.00283593051389511,0.9953649105308985,0.9982008410447937,2,2,0.5110935620057545,0.10861050390752598
USDCOP,88,4m,66,153,2025-05-06,2025-09-04,0.8531418090295882,0.1420123644826111,0.003004855276940044,0.9951541735121994,0.9981590287891394,2,2,0.47904192301393517,0.12102715864364044
USDCOP,88,4m,67,154,2025-05-07,2025-09-05,0.8516158081439535,0.14335338784738444,0.0031461019463147194,0.994969195991338,0.9981152979376527,2,2,0.44314969180371,0.0809524052930169
USDCOP,88,4m,68,155,2025-05-08,2025-09-08,0.8557047589196264,0.13842427321488984,0.0040056047281218305,0.9941290321345162,0.998134636862638,2,2,0.41712626668488395,0.1156683782040609
USDCOP,88,4m,69,156,2025-05-09,2025-09-09,0.8575457438932076,0.1353114918469109,0.005287781939480765,0.9928572357401185,0.9981450176795993,2,2,0.40204356579741196,0.05912063833902929
USDCOP,88,4m,70,157,2025-05-12,2025-09-10,0.866485818864361,0.12522171062252158,0.0065275230893991065,0.9917075294868827,0.9982350525762818,2,2,0.36874729190085903,0.06995554368742843
USDCOP,88,4m,71,158,2025-05-13,2025-09-11,0.868079054424424,0.12060458602232456,0.009589402661028167,0.9886836404467486,0.9982730431077768,2,3,0.35521406272309697,0.030103287381786262
USDCOP,88,4m,72,159,2025-05-14,2025-09-12,0.8744557434733273,0.11123337647665833,0.01266128724524851,0.9856891199499856,0.9983504071952342,2,3,0.3623679786687094,0.03164295132714553
USDCOP,88,4m,73,160,2025-05-15,2025-09-15,0.877255595233638,0.10682450203619044,0.01432734705307783,0.9840800972698285,0.9984074443229063,2,3,0.3509424521434862,0.029240148795656656
USDCOP,88,4m,74,161,2025-05-16,2025-09-16,0.8732552352175748,0.10912351134287339,0.01606876467895249,0.9823787465604481,0.9984475112394007,2,3,0.34384818037300247,0.029921764494763154
USDCOP,88,4m,75,162,2025-05-19,2025-09-17,0.8667025310349044,0.11415329524337102,0.01763923280797017,0.9808558262782754,0.9984950590862456,2,3,0.3348933563715817,0.023456357992043854
USDCOP,88,4m,76,163,2025-05-20,2025-09-18,0.8631303336482886,0.11700648900555975,0.01839699451715383,0.9801368226538484,0.9985338171710022,2,3,0.33098355490875714,0.017174240845224252
USDCOP,88,4m,77,164,2025-05-21,2025-09-19,0.8567937853516988,0.12233448645621851,0.019440265748379943,0.9791282718079173,0.9985685375562973,2,3,0.32819797758475866,0.018072598205476274
USDCOP,88,4m,78,165,2025-05-22,2025-09-22,0.8531473927209027,0.12476623975105494,0.02069719404538239,0.9779136324719576,0.99861082651734,2,3,0.32413906890109107,0.012212986298447285
USDCOP,88,4m,79,166,2025-05-23,2025-09-23,0.8494334207361932,0.1276614876606732,0.021569963327425015,0.9770949083968664,0.9986648717242914,2,3,0.3228352195275379,0.006493239490999998
USDCOP,88,4m,80,167,2025-05-26,2025-09-24,0.8452785046610847,0.1300564837431145,0.023382928733135987,0.9753349884041992,0.9987179171373352,2,3,0.32008077665806256,0.01150977782292044
USDCOP,88,4m,81,168,2025-05-27,2025-09-25,0.8363374591717229,0.13733559731670894,0.025045718767278825,0.9736730564884318,0.9987187752557106,2,3,0.3165645994820552,0.013899693926833
USDCOP,88,4m,82,169,2025-05-28,2025-09-26,0.8305032856113174,0.14199526497775541,0.02625532464411707,0.9724985505890728,0.9987538752331898,2,3,0.3164402758519838,0.008336715792463612
USDCOP,88,4m,83,170,2025-05-29,2025-09-29,0.8216870766493019,0.14944845514083616,0.02759166037939791,0.971135531790138,0.9987271921695359,2,3,0.3132516027334145,0.013899017853309553
USDCOP,88,4m,84,171,2025-05-30,2025-09-30,0.8176593281731035,0.15292556332951987,0.028140256366151323,0.9705848915026234,0.9987251478687746,2,3,0.3118778913344468,0.00680422784714311
USDCOP,88,4m,85,172,2025-06-02,2025-10-01,0.8144869467454047,0.1556508696732628,0.028593307223563038,0.9701378164186675,0.9987311236422305,2,3,0.3132420356098071,0.00580933380004007
USDCOP,88,4m,86,173,2025-06-03,2025-10-02,0.8118203672199316,0.15870074107227855,0.028231559683485292,0.97052110829221,0.9987526679756954,2,3,0.31466952275558824,0.005093401050186299
USDCOP,88,4m,87,174,2025-06-04,2025-10-03,0.8090893550644546,0.16167386597720013,0.028008666974193484,0.9707632210416547,0.9987718880158482,2,3,0.31501370084008873,0.0055093502046300695
USDCOP,88,4m,88,175,2025-06-05,2025-10-06,0.8070765470153333,0.1640850848683467,0.02764159606425483,0.97116163188368,0.9988032279479347,2,3,0.31407075107074167,0.007690520843513109
USDCOP,88,4m,89,176,2025-06-06,2025-10-07,0.8047749075572787,0.16684942108297812,0.027208707524720516,0.9716243286402568,0.9988330361649773,2,3,0.3141075238670107,0.0060829586533203
USDCOP,88,4m,90,177,2025-06-09,2025-10-08,0.8012311124195056,0.1706694408599338,0.026935788101696872,0.9719005532794394,0.9988363413811363,2,3,0.31215967679227646,0.007650802243837378
USDCOP,88,4m,91,178,2025-06-10,2025-10-09,0.8002824839512673,0.1720466855783355,0.026529659493826897,0.9723291695296028,0.9988588290234297,2,3,0.311521603991998,0.006801140389048051
USDCOP,88,4m,92,179,2025-06-11,2025-10-10,0.7976132781625711,0.17500306780787764,0.02626933738666092,0.9726163459704488,0.9988856833571097,2,3,0.30823646353249873,0.009078851749229377
USDCOP,88,4m,93,180,2025-06-12,2025-10-13,0.7916989596005103,0.1809502872698705,0.02626572144207113,0.9726492468703808,0.998914968312452,2,3,0.30734528735948846,0.003752775698130112
USDCOP,88,4m,94,181,2025-06-13,2025-10-14,0.7856861772812371,0.18687123135694741,0.02637270502162473,0.9725574086381845,0.9989301136598093,2,3,0.3061047271253641,0.005088061951049577
USDCOP,88,4m,95,182,2025-06-16,2025-10-15,0.7804160233809926,0.19236425142474028,0.026157008536563484,0.9727802748057328,0.9989372833422964,2,3,0.30546187116088264,0.008601551619633581
USDCOP,88,4m,96,183,2025-06-17,2025-10-16,0.7809732341448687,0.19209147276344207,0.025894280936677894,0.9730647069083108,0.9989589878449887,2,3,0.3056681878440712,0.004419424875228389
USDCOP,88,4m,97,184,2025-06-18,2025-10-17,0.8037800995208862,0.17241463843226104,0.022850448944303974,0.9761947379531473,0.9990451868974513,2,3,0.3033552929021734,0.01073038079260768
USDCOP,88,4m,98,185,2025-06-19,2025-10-20,0.823279311374075,0.15538352467196376,0.020420420964420448,0.9786628360460388,0.9990832570104592,2,3,0.3019068962104704,0.009169070205551123
USDCOP,88,4m,99,186,2025-06-20,2025-10-21,0.8366785794904997,0.1436873254880999,0.018744423608753415,0.9803659049785997,0.999110328587353,2,3,0.3010420542173184,0.009064191662035514
USDCOP,88,4m,100,187,2025-06-23,2025-10-22,0.8501043568800478,0.13195740225841404,0.01710932118036596,0.9820617591384618,0.9991710803188278,2,3,0.3004951443516505,0.006887961337569
USDCOP,88,4m,101,188,2025-06-24,2025-10-23,0.8595734209579176,0.12359480864538101,0.0160442079766247,0.9831682296032985,0.9992124375799233,2,3,0.2990757495589991,0.0085316519491632
USDCOP,88,4m,102,189,2025-06-25,2025-10-24,0.8738979128897938,0.1109820256920307,0.014414494942451186,0.9848799385818245,0.9992944335242757,2,3,0.29834945289075215,0.006507175825655514
USDCOP,88,4m,103,190,2025-06-26,2025-10-27,0.8797330744673036,0.10576356570048338,0.013816518830369866,0.985496640167787,0.9993131589981569,2,3,0.2987133211614617,0.01490299682849945
USDCOP,88,4m,104,191,2025-06-27,2025-10-28,0.8820280410955016,0.10374491711713844,0.01355205311271894,0.98577295821264,0.999325011325359,2,3,0.2990843741054217,0.007095536497448827
USDCOP,88,4m,105,192,2025-06-30,2025-10-29,0.8815507228288256,0.10422313369058658,0.013544087969638111,0.9857738565194122,0.9993179444890503,2,3,0.3002682287944243,0.008246995347956908
USDCOP,88,4m,106,193,2025-07-01,2025-10-30,0.8850254615110495,0.10121767840565818,0.013105385224660126,0.9862431399167078,0.9993485251413678,2,3,0.2995707694712837,0.00771327169299734
USDCOP,88,4m,107,194,2025-07-02,2025-10-31,0.8879907591003587,0.09866334596218064,0.012722774904748536,0.9866541050625394,0.999376879967288,2,3,0.29921288804719054,0.0029212296657316825
USDCOP,88,4m,108,195,2025-07-03,2025-11-03,0.8880885075854646,0.09859338643844817,0.012687322091585854,0.9866818940239128,0.9993692161154987,2,3,0.2997801921327962,0.005997020891934004
USDCOP,88,4m,109,196,2025-07-04,2025-11-04,0.8894091918819952,0.0974530638784715,0.012506308301371985,0.9868622557604667,0.9993685640618387,2,3,0.3004163817450099,0.0059573387384948395
USDCOP,88,4m,110,197,2025-07-07,2025-11-05,0.8908155285517413,0.09623886237296424,0.012321032115804785,0.9870543909247055,0.9993754230405103,2,3,0.299748744911818,0.0034391094529552762
USDCOP,88,4m,111,198,2025-07-08,2025-11-06,0.8912926580402764,0.09578628214313814,0.012296032205625076,0.9870789401834145,0.9993749723890396,2,3,0.3005243150500164,0.005801000352960746
USDCOP,88,4m,112,199,2025-07-09,2025-11-07,0.8916976524741091,0.09539874898112617,0.01228310336136276,0.9870964014552354,0.9993795048165981,2,3,0.3001319104280614,0.0038899401221360757
USDCOP,88,4m,113,200,2025-07-10,2025-11-10,0.8902185699375186,0.09680464541465815,0.012342040661087067,0.9870232153521767,0.9993652560132638,2,3,0.3017034067555117,0.009016250592782668
USDCOP,88,4m,114,201,2025-07-11,2025-11-11,0.8909187794671831,0.09617295168668487,0.012249188684475006,0.987091731153868,0.999340919838343,2,3,0.30220095577051104,0.007882638779854447
USDCOP,88,4m,115,202,2025-07-14,2025-11-12,0.8903236397419917,0.09674753318015852,0.012261838251520068,0.9870711729221502,0.9993330111736702,2,3,0.30314905416196636,0.006205677388253726
USDCOP,88,4m,116,203,2025-07-15,2025-11-13,0.8899708459424257,0.0970169642112891,0.012329116870373651,0.9869878101537148,0.9993169270240885,2,3,0.3033134326745462,0.004518285796503618
USDCOP,88,4m,117,204,2025-07-16,2025-11-14,0.8927056374388981,0.09450051406177148,0.012105113554787024,0.9872061515006696,0.9993112650554566,2,3,0.3036201484015416,0.002905724432264965
USDCOP,88,4m,118,205,2025-07-17,2025-11-17,0.8960658645559594,0.0914048445134403,0.011839910808265188,0.9874707090693997,0.9993106198776649,2,3,0.30379864946892526,0.003072452249916638
USDCOP,88,4m,119,206,2025-07-18,2025-11-18,0.8989799250068594,0.08873253998870727,0.01159636563903863,0.9877124649955666,0.9993088306346053,2,3,0.3042919243006222,0.005544170443963798
USDCOP,88,4m,120,207,2025-07-21,2025-11-19,0.9023373791187741,0.08564632754471564,0.011318832763154896,0.9879837066634898,0.9993025394266446,2,3,0.30463024889373586,0.006411459558088127
USDCOP,88,4m,121,208,2025-07-22,2025-11-20,0.9037522443866923,0.08423033663233949,0.01129616826012489,0.9879825810190318,0.9992787492791567,2,3,0.30739821209769663,0.010172189276090107
USDCOP,88,4m,122,209,2025-07-23,2025-11-21,0.9068026402835407,0.08136317282046161,0.011102614282920935,0.9881658131040023,0.9992684273869233,2,3,0.3081860464637557,0.009769800680648548
USDCOP,88,4m,123,210,2025-07-24,2025-11-24,0.9123568234575875,0.07643962377528109,0.010459970230590044,0.9887964472328686,0.9992564174634586,2,3,0.31218301988116787,0.01468290883467544
USDCOP,88,4m,124,211,2025-07-25,2025-11-25,0.9176833876413402,0.07177133248971675,0.009791342390206874,0.989454720131057,0.9992460625212638,2,3,0.31426601231689216,0.010858173806236706
USDCOP,88,4m,125,212,2025-07-28,2025-11-26,0.9242318971780957,0.065968470267088,0.009038496798439712,0.9902003674451837,0.9992388642436234,2,2,0.3134166192088158,0.009251958568363137
USDCOP,88,4m,126,213,2025-07-29,2025-11-27,0.9322239724662208,0.058767575058795526,0.008261066688282269,0.9909915475250163,0.9992526142132986,2,2,0.31706168090211334,0.011671391736283709
USDCOP,88,4m,127,214,2025-07-30,2025-11-28,0.9347222200780375,0.056265767523527896,0.00824423485442892,0.9909879876015654,0.9992322224559943,2,2,0.31552888246627575,0.005451977018149617
USDCOP,88,4m,128,215,2025-07-31,2025-12-01,0.9373842008615829,0.053621054072851636,0.008196900843715627,0.9910052549344346,0.9992021557781502,2,2,0.3146102699935189,0.007711341502777429
USDCOP,88,4m,129,216,2025-08-01,2025-12-02,0.9404607648995428,0.05057672265233638,0.008151879205174939,0.9910374875518791,0.999189366757054,2,2,0.3115412294937148,0.009743140460777098
USDCOP,88,4m,130,217,2025-08-04,2025-12-03,0.9462168579457062,0.04551737086491357,0.007462518769589706,0.9917342288106198,0.9991967475802095,2,2,0.31135396136558846,0.019448166458417192
USDCOP,88,4m,131,218,2025-08-05,2025-12-04,0.9503766148980409,0.041714816804979876,0.007124348624296733,0.9920914317030208,0.9992157803273175,1,2,0.3077379966109623,0.0069566141047209314
USDCOP,88,4m,132,219,2025-08-06,2025-12-05,0.9542335260627668,0.03822615632188614,0.006779546854128228,0.992459682384653,0.9992392292387812,1,2,0.3078543574597732,0.006520726507735135
USDCOP,88,4m,133,220,2025-08-07,2025-12-08,0.9578903097997278,0.03491588570049174,0.006471723798408756,0.9928061955002195,0.9992779192986283,1,2,0.3096548810512484,0.015188770563435233
USDCOP,88,4m,134,221,2025-08-08,2025-12-09,0.9613400438860584,0.03179730906118259,0.006159309962983464,0.993137352947241,0.9992966629102245,1,2,0.3105087566162064,0.007378746143102823
USDCOP,88,4m,135,222,2025-08-11,2025-12-10,0.9652684790204656,0.028330847632095858,0.005731909147660648,0.9935993266525615,0.9993312358002221,1,2,0.3122420819334455,0.00766167190027898
USDCOP,88,4m,136,223,2025-08-12,2025-12-11,0.9677187594241182,0.026076457001781215,0.005545489183506179,0.9937952164258994,0.9993407056094056,1,2,0.3118012300875058,0.005676269111513447
USDCOP,88,4m,137,224,2025-08-13,2025-12-12,0.9691645970044435,0.024719044101029097,0.0054590809550707125,0.9938836411054726,0.9993427220605433,1,2,0.31102861632497786,0.005384891057627325
USDCOP,88,4m,138,225,2025-08-14,2025-12-15,0.9699982428356566,0.023804682381191003,0.005501537433266835,0.9938029252168477,0.9993044626501144,1,2,0.311418599592481,0.010644227426873466
USDCOP,88,4m,139,226,2025-08-15,2025-12-16,0.9707301304353243,0.022938834885818347,0.005584865652379607,0.9936689653211427,0.9992538309735223,1,2,0.31462450174682083,0.017084033451525087
USDCOP,88,4m,140,227,2025-08-18,2025-12-17,0.9721058805468585,0.021327489945441837,0.00579022643746541,0.9934333704923004,0.9992235969297658,1,2,0.31564720778709804,0.02593454748386422
USDCOP,88,4m,141,228,2025-08-19,2025-12-18,0.9730985907189703,0.01993538487390644,0.006121291346334142,0.9930339755928768,0.9991552669392109,1,2,0.33927456833148323,0.048523174747789506
USDCOP,88,4m,142,229,2025-08-20,2025-12-19,0.9737793497965754,0.018158217204949357,0.007174128795770669,0.9919375670015248,0.9991116957972954,1,2,0.3888010638208329,0.08597040988644442
USDCOP,88,4m,143,230,2025-08-21,2025-12-22,0.9763533212956793,0.015709445946908186,0.007053074964954421,0.9920627672425875,0.9991158422075419,1,2,0.42104565813255684,0.04431286904685733
USDCOP,88,4m,144,231,2025-08-22,2025-12-23,0.9780208135973497,0.014003908988659353,0.0071019034306652766,0.992024722586009,0.9991266260166743,1,2,0.44105942179326363,0.0277039576068893
USDCOP,88,4m,145,232,2025-08-25,2025-12-24,0.9788909325689965,0.013210669418683938,0.007016875204477576,0.9921016019876805,0.9991184771921581,1,2,0.4572060767774918,0.026582713905238236
USDCOP,88,4m,146,233,2025-08-26,2025-12-25,0.9796650521969688,0.012592933247262544,0.00685631948326771,0.9922579854442313,0.999114304927499,1,2,0.47329812899623813,0.03213073563022992
USDCOP,88,4m,147,234,2025-08-27,2025-12-26,0.9803465533178288,0.011947854157887251,0.0068376763083316085,0.9922944074757161,0.9991320837840477,1,2,0.49558989727590624,0.0319205534048206
USDCOP,88,4m,148,235,2025-08-28,2025-12-29,0.9806979280545342,0.011551148224551753,0.006891641112261626,0.9922490762790859,0.9991407173913476,1,2,0.5162044826831405,0.028743574250606356
USDCOP,88,4m,149,236,2025-08-29,2025-12-30,0.9809396968542061,0.01124252259839132,0.006969392677282319,0.9921822194525974,0.9991516121298798,1,2,0.5374552073673057,0.032037761902055914
USDCOP,88,4m,150,237,2025-09-01,2025-12-31,0.9810893482041673,0.010971103420373917,0.0071208440225607305,0.9920604516245412,0.9991812956471019,1,2,0.5543104213372149,0.025995882273478065
USDCOP,88,4m,151,238,2025-09-02,2026-01-01,0.981272939113397,0.010846250549240764,0.007115027586653495,0.9921191896626377,0.9992342172492912,1,2,0.5705521755439917,0.027130948533036464
USDCOP,88,4m,152,239,2025-09-03,2026-01-02,0.9817009484302075,0.01045331963626102,0.007135074449970065,0.9921542680664686,0.9992893425164386,1,2,0.5846326439019395,0.030753572811725916
USDCOP,88,4m,153,240,2025-09-04,2026-01-05,0.9809882119244308,0.011146062498731187,0.007089744561279658,0.9921342744231619,0.9992240189844416,1,2,0.5587110480033802,0.040272085553754354
USDCOP,88,4m,154,241,2025-09-05,2026-01-06,0.980543383297387,0.011685439264369022,0.006938928587693368,0.992228822561756,0.9991677511494493,1,2,0.5296872765575101,0.03907133343290934
USDCOP,88,4m,155,242,2025-09-08,2026-01-07,0.9801515082641252,0.012249979259110939,0.006721983508294791,0.9924014875232362,0.999123471031531,1,2,0.5032396854135572,0.03379107466519306
USDCOP,88,4m,156,243,2025-09-09,2026-01-08,0.9789856396478005,0.01337240935510485,0.006718453530116085,0.9923580490029054,0.9990765025330214,1,2,0.48168445231888474,0.028419011896613156
USDCOP,88,4m,157,244,2025-09-10,2026-01-09,0.9779050039208198,0.014601061109971442,0.006516398376183391,0.9925060650307912,0.9990224634069746,1,2,0.4582115501451021,0.030339162376447865
USDCOP,88,4m,158,245,2025-09-11,2026-01-12,0.9761793287866863,0.01626084774399027,0.00650099728959791,0.9924401765306766,0.9989411738202745,1,2,0.43261247829822563,0.03301115190230015
USDCOP,88,4m,159,246,2025-09-12,2026-01-13,0.9749533443630094,0.01769075218135102,0.00621572722984572,0.9926440965443604,0.9988598237742061,1,2,0.4054625960297142,0.03362960056817215
USDCOP,88,4m,160,247,2025-09-15,2026-01-14,0.9737401348968008,0.019946251124466453,0.005109415787422535,0.9936863860212672,0.9987958018086898,1,2,0.39594071415882814,0.043810624430413364
USDCOP,88,4m,161,248,2025-09-16,2026-01-15,0.9715040077328833,0.022144697614979607,0.0050905986029375115,0.9936487053478629,0.99873930395080035,1,2,0.3791472813243787,0.02143108367731149
USDCOP,88,4m,162,249,2025-09-17,2026-01-16,0.969342427612923,0.024238657662621965,0.005127310637144783,0.993581085275545,0.9987083959126898,1,2,0.37038732817445236,0.020952209449708534
USDCOP,88,4m,163,250,2025-09-18,2026-01-19,0.9670243904619954,0.026393365632987154,0.005270770668909798,0.9934177560949825,0.9986885267638923,1,2,0.3637043791532495,0.01895498235603478
USDCOP,88,4m,164,251,2025-09-19,2026-01-20,0.9648048676109475,0.02857983241236633,0.00528892183056231,0.9933847000233138,0.9986736218538762,1,2,0.3560578556257851,0.01711970158602793
USDCOP,88,4m,165,252,2025-09-22,2026-01-21,0.9624478976377147,0.03091557346364693,0.005291133703130681,0.9933634711013616,0.9986546048044923,1,2,0.3471470569073263,0.01674052426205455
USDCOP,88,4m,166,253,2025-09-23,2026-01-22,0.9601177281425226,0.03325729894339551,0.005274337773131062,0.9933750270859181,0.9986493648590492,1,2,0.34646785417612386,0.020974049474722527
USDCOP,88,4m,167,254,2025-09-24,2026-01-23,0.9580881570503693,0.03537425809668456,0.005200077374741776,0.9934624151470539,0.9986624925217956,1,2,0.34112620523777343,0.02139812476679992
USDCOP,88,4m,168,255,2025-09-25,2026-01-26,0.9570357161121582,0.036540054960340206,0.00512070003268601,0.9935757710724984,0.9986964711051844,1,2,0.3339433750703786,0.017565488800056747
USDCOP,88,4m,169,256,2025-09-26,2026-01-27,0.9556778579392531,0.03813951798607648,0.004870668222777224,0.9938173759253296,0.9986880441481067,1,2,0.3197967644178322,0.018277683333665678
USDCOP,88,4m,170,257,2025-09-29,2026-01-28,0.9548971975065673,0.03915789738491501,0.004640179164714986,0.9940550948914824,0.9986952740561973,1,2,0.3041367891979571,0.02102593386658014
USDCOP,88,4m,171,258,2025-09-30,2026-01-29,0.9541670514634989,0.040079132465626964,0.004456654417368702,0.9942461839291259,0.9987028383464945,1,2,0.2951487511623264,0.015702286693900468
USDCOP,88,4m,172,259,2025-10-01,2026-01-30,0.9533424812389637,0.041058276999225866,0.00430677686385819,0.9944007582381895,0.9987075351020478,1,2,0.28410623018182557,0.016774023325573904
USDCOP,88,4m,173,260,2025-10-02,2026-02-02,0.9510988543993436,0.04349951757282256,0.0041119472213294395,0.9945983719721662,0.9987103191934956,1,2,0.2651251609139597,0.030917953338757586
USDCOP,88,4m,174,261,2025-10-03,2026-02-03,0.9493685876964146,0.045364210234485974,0.003979937981057627,0.9947327979309006,0.9987127359119582,2,2,0.24982078249616738,0.025092839202485253
USDCOP,88,4m,175,262,2025-10-06,2026-02-04,0.9479545559921245,0.04690293222566565,0.003853196434461588,0.9948574882177902,0.9987106846522518,2,2,0.23368192734418097,0.03017793351732668
USDCOP,88,4m,176,263,2025-10-07,2026-02-05,0.9467189982118065,0.048228284909250234,0.0037740224033100626,0.9949472831210567,0.9987213055243668,2,2,0.2190777520537919,0.031440102810934185
USDCOP,88,4m,177,264,2025-10-08,2026-02-06,0.9455211162184938,0.04953066605562752,0.003689780116973972,0.9950517822741213,0.9987415623910952,2,2,0.20675679281470935,0.03593493207602412
USDCOP,88,4m,178,265,2025-10-09,2026-02-09,0.9424954174552528,0.052559088399841594,0.003636776708147124,0.9950545058550944,0.9986912825632415,2,2,0.21473482195734073,0.0468232635257234
USDCOP,88,4m,179,266,2025-10-10,2026-02-10,0.9396974314576083,0.0553577440586456,0.003635347777140863,0.9950551755162539,0.9986905232933948,2,2,0.2294316582870348,0.04382520394262542
USDCOP,88,4m,180,267,2025-10-13,2026-02-11,0.9381908771658786,0.057064722951400984,0.0034428539304525506,0.9952556001172795,0.998698454047732,2,2,0.2525294380469333,0.04763902584366051
USDCOP,88,4m,181,268,2025-10-14,2026-02-12,0.9355865995335453,0.05951769306146452,0.003604202611522935,0.9951042925950098,0.9987084952065327,2,2,0.2685017224874187,0.03177318481014278
USDCOP,88,4m,182,269,2025-10-15,2026-02-13,0.932986256866328,0.06203860432833401,0.003693921651363378,0.9950248611946619,0.9987187828460253,2,2,0.287853982000215,0.0309944140858026
USDCOP,88,4m,183,270,2025-10-16,2026-02-16,0.9286245242596525,0.06581231412585795,0.004098677585327846,0.9944368383855104,0.9985355159708382,2,2,0.21746545105635146,0.11433215584001716
USDCOP,88,4m,184,271,2025-10-17,2026-02-17,0.9262320381710518,0.06813409873118774,0.003969908940624358,0.9943661369022395,0.998336045842864,2,2,0.19999134149883682,0.04361066389633132
USDCOP,88,4m,185,272,2025-10-20,2026-02-18,0.9232349521157724,0.0706093480647447,0.004225994060433893,0.9938443001805172,0.9980702942409511,2,2,0.23786057368436775,0.132032938105981
USDCOP,88,4m,186,273,2025-10-21,2026-02-19,0.9211213929160817,0.07254827020952118,0.004209627700196284,0.9936696631256029,0.9978792908257992,2,2,0.2838559750848315,0.06045267298691981
USDCOP,88,4m,187,274,2025-10-22,2026-02-20,0.9182067595927835,0.07489154211117449,0.0046362225950330755,0.9930983017039581,0.9977345242989911,2,2,0.395469771288602,0.13914377124264213
USDCOP,88,4m,188,275,2025-10-23,2026-02-23,0.9168381861497891,0.07570579835294712,0.005118131124630574,0.9925439845027362,0.9976621156273667,2,2,0.49222564744957054,0.11553530560923869
USDCOP,88,4m,189,276,2025-10-24,2026-02-24,0.917801993431348,0.07475492834179281,0.004899640568446191,0.9925569217731409,0.9974565623415871,2,2,0.515925419250912,0.026402847846968138
USDCOP,88,4m,190,277,2025-10-27,2026-02-25,0.9185823563832636,0.07396791859108845,0.0047508382270759365,0.992550274974352,0.997301113201428,2,2,0.5498000361836798,0.037262525943026946
USDCOP,88,4m,191,278,2025-10-28,2026-02-26,0.9177368950894859,0.0745419031222695,0.004968750383271667,0.9922787982117554,0.9972475485950271,2,2,0.5931570484098807,0.05616503338485033
USDCOP,88,4m,192,279,2025-10-29,2026-02-27,0.9159126224230444,0.07610800697958443,0.005208039763541151,0.9920206294026288,0.9972286691661699,2,2,0.6172483090815726,0.036392661055840735
USDCOP,88,4m,193,280,2025-10-30,2026-03-02,0.9154188015654913,0.07654814329961532,0.005241156887451566,0.9919669448651066,0.9972081017525581,2,2,0.6352081750643113,0.02516508941294234
USDCOP,88,4m,194,281,2025-10-31,2026-03-03,0.9170060524757357,0.0749278818341534,0.005220234036598028,0.9919339343098892,0.9971541683464872,2,2,0.6197204734512576,0.02083063560602101
USDCOP,88,4m,195,282,2025-11-03,2026-03-04,0.9202206807301949,0.07183066213240233,0.00511276583764653,0.9920513428625972,0.9971641087002437,2,2,0.6190144139090855,0.006016826437975666
USDCOP,88,4m,196,283,2025-11-04,2026-03-05,0.9259780876876711,0.06640698446024304,0.004881940451482296,0.9923850721479142,0.9972670125993964,2,2,0.585923374737052,0.03855411321637293
USDCOP,88,4m,197,284,2025-11-05,2026-03-06,0.9333838562510299,0.05951341886719598,0.004537567539206792,0.9928972751182259,0.9974348426574327,2,2,0.5548338471587144,0.0374854719709269
USDCOP,88,4m,198,285,2025-11-06,2026-03-09,0.9338413045216449,0.05890373253395491,0.004532000647379213,0.9927450370555998,0.997277037702979,2,2,0.5545893863983851,0.014297280082413117
USDCOP,88,4m,199,286,2025-11-07,2026-03-10,0.9342753980324093,0.05825330459043795,0.004546636095492058,0.9925287026228473,0.9970753387183393,2,2,0.5308086069199265,0.0339299197603489
USDCOP,88,4m,200,287,2025-11-10,2026-03-11,0.9354149598812002,0.05682921448928386,0.004626100506152392,0.9922441743704841,0.9968702748766364,2,2,0.4667301238557244,0.07779681232576546
USDCOP,88,4m,201,288,2025-11-11,2026-03-12,0.9344626101457381,0.057509705129168025,0.004744150255278679,0.991972315274906,0.9967164655301848,2,2,0.44537327706996466,0.03141103244609786
USDCOP,88,4m,202,289,2025-11-12,2026-03-13,0.9327176295480938,0.05898947333118222,0.004867732386375629,0.991707102879276,0.9965748352656516,2,2,0.45719056207383096,0.020142919322184403
USDCOP,88,4m,203,290,2025-11-13,2026-03-16,0.932377196544479,0.05921346850348345,0.004950765959803992,0.9915906650479624,0.9965414310077665,2,2,0.436964573301201,0.02962714461003832
USDCOP,88,4m,204,291,2025-11-14,2026-03-17,0.9320918624101018,0.05933655112999517,0.004955487891495678,0.9914284135400969,0.9963839014315926,2,2,0.4010543870110269,0.0502735424407932
USDCOP,88,4m,205,292,2025-11-17,2026-03-18,0.9336389011537398,0.05755800139003117,0.004935843017884317,0.991196902543771,0.9961327455616553,2,2,0.31765802565652207,0.11637090915848423
USDCOP,88,4m,206,293,2025-11-18,2026-03-19,0.9375087845459295,0.05425048015541721,0.004649540776418342,0.9917592647013467,0.996408805477765,2,2,0.339095218537696,0.035656230065883296
USDCOP,88,4m,207,294,2025-11-19,2026-03-20,0.9405350200309132,0.051665787724482465,0.004361087383163251,0.9922008077553957,0.9965618951385589,2,2,0.34302795951399,0.016185376211874845
USDCOP,88,4m,208,295,2025-11-20,2026-03-23,0.9431413771752739,0.04941224338994232,0.004145736867462397,0.9925536205652162,0.9966993574326787,2,2,0.35662252660793364,0.02122574927508565
USDCOP,88,4m,209,296,2025-11-21,2026-03-24,0.9473475578346019,0.04575691875869638,0.0038377783749669373,0.9931044765932983,0.9969422549682652,2,2,0.3640475458369865,0.014164904991312352
USDCOP,88,4m,210,297,2025-11-24,2026-03-25,0.9505917766347236,0.042847760552942,0.0036577897953208836,0.9934395371876656,0.9970973269829865,1,2,0.3754827610626364,0.017967733042164896
USDCOP,88,4m,211,298,2025-11-25,2026-03-26,0.9534655734104936,0.040257204741705965,0.003485251256240454,0.9937227781521996,0.9972080294084401,1,2,0.3803761090925182,0.008586590485685183
USDCOP,88,4m,212,299,2025-11-26,2026-03-27,0.9578725925954239,0.03636343723315744,0.003231721988035374,0.9942360298285814,0.9974677518166167,1,2,0.37371088037331457,0.018323844643577468
USDCOP,110,5m,1,110,2025-02-04,2025-07-07,0.9183711012288879,0.06278348831656855,0.0168307555316261,0.9811545895454564,0.9979853450770825,2,3,0.7091011873196926,NA
USDCOP,110,5m,2,111,2025-02-05,2025-07-08,0.918336886441464,0.06321015287595197,0.01646841510367138,0.981547039317416,0.9980154544210874,2,3,0.7045334329609538,0.01595638342636888
USDCOP,110,5m,3,112,2025-02-06,2025-07-09,0.9185841003381241,0.06330253604579406,0.01617318978359328,0.9818866363839182,0.9980598261675114,2,3,0.6997595594115102,0.01813543656277849
USDCOP,110,5m,4,113,2025-02-07,2025-07-10,0.9179490245369653,0.06428780959112355,0.015880677458720138,0.9822368341280888,0.998117511586809,2,3,0.6977866531687758,0.012741995826682402
USDCOP,110,5m,5,114,2025-02-10,2025-07-11,0.9178979872074933,0.06450820880976403,0.015742538010674673,0.9824061960172573,0.998148734027932,2,3,0.6963629529136576,0.00794785427468001
USDCOP,110,5m,6,115,2025-02-11,2025-07-14,0.918632214561642,0.06395198747467966,0.0156287065868863,0.9825842020363217,0.998212908623208,2,3,0.6944138580501368,0.010072200729570146
USDCOP,110,5m,7,116,2025-02-12,2025-07-15,0.9183836088854325,0.06405313210034672,0.01580388350082763,0.9824367409857792,0.9982406244866068,2,3,0.6940073177710274,0.007161352185361919
USDCOP,110,5m,8,117,2025-02-13,2025-07-16,0.9180715461339979,0.06439744013099787,0.01580800286303629,0.9824689862649958,0.9982769891280321,2,3,0.6920161473771093,0.009798760513276628
USDCOP,110,5m,9,118,2025-02-14,2025-07-17,0.9180637095000289,0.06468583081967938,0.015559378680543485,0.9827495403197083,0.9983089190002518,2,3,0.6893441450280199,0.010618508626323495
USDCOP,110,5m,10,119,2025-02-17,2025-07-18,0.9179357583055782,0.06503866832972338,0.015336336859235621,0.9829744266353015,0.9983107634945372,2,3,0.6861765563337008,0.007719979610245225
USDCOP,110,5m,11,120,2025-02-18,2025-07-21,0.9186561895645783,0.06433167452753118,0.015331334872777902,0.9829878640921095,0.9983191989648874,2,3,0.6829853489546125,0.007711065325010597
USDCOP,110,5m,12,121,2025-02-19,2025-07-22,0.9190462113053586,0.06398048019281,0.015272496652288577,0.9830266914981686,0.9982991881504572,2,3,0.68182283679917,0.007112606534142844
USDCOP,110,5m,13,122,2025-02-20,2025-07-23,0.9186386358862503,0.06473886434671727,0.014907216021658103,0.9833775002329675,0.9982847162546257,2,3,0.6795997864668135,0.006075916554160142
USDCOP,110,5m,14,123,2025-02-21,2025-07-24,0.9180162808769831,0.06590732433680571,0.01434041173695037,0.9839236052137887,0.9982640169507392,2,3,0.6749608228809643,0.009363633832973842
USDCOP,110,5m,15,124,2025-02-24,2025-07-25,0.9190260042853682,0.0655134470753997,0.013727780588633522,0.9845394513607679,0.9982672319494014,2,3,0.6728979114813813,0.007927700231623709
USDCOP,110,5m,16,125,2025-02-25,2025-07-28,0.9199170678643162,0.0651153021534245,0.013243121741317327,0.9850323700177407,0.9982754917590579,2,3,0.6687935086276017,0.008542259512707071
USDCOP,110,5m,17,126,2025-02-26,2025-07-29,0.9211309753170611,0.0644382440783168,0.012707945535212206,0.9855692193953779,0.9982771649305902,2,3,0.6639267570685843,0.009405337978103988
USDCOP,110,5m,18,127,2025-02-27,2025-07-30,0.9215701058717037,0.06444870746373375,0.012259546977542408,0.9860188133354375,0.9982783603129799,2,3,0.6573962133362061,0.010366710358768214
USDCOP,110,5m,19,128,2025-02-28,2025-07-31,0.922384899626422,0.0641435150637687,0.011761925339726222,0.9865284146901907,0.9982903400299169,2,3,0.6498223809516447,0.012186513306915473
USDCOP,110,5m,20,129,2025-03-03,2025-08-01,0.9221871312575387,0.0648123765568465,0.011308394295883612,0.9869995078143852,0.9983079021102689,2,3,0.6388420548045384,0.014642137610268006
USDCOP,110,5m,21,130,2025-03-04,2025-08-04,0.9229246019706207,0.06455999094494044,0.010852975908032863,0.9874845929155611,0.9983375688235939,2,3,0.6276269635324019,0.015326063508266706
USDCOP,110,5m,22,131,2025-03-05,2025-08-05,0.9234508414337799,0.0644223966653288,0.010496713108171699,0.9878732380991087,0.9983699512072803,2,3,0.6162149102601765,0.016487099766885536
USDCOP,110,5m,23,132,2025-03-06,2025-08-06,0.9236946559004292,0.06456539106594451,0.010113898561563051,0.9882600469663737,0.9983739455279368,2,3,0.6024056910469505,0.021810846119533326
USDCOP,110,5m,24,133,2025-03-07,2025-08-07,0.9240395751918309,0.06459540627005624,0.009757981598157824,0.9886349814618871,0.998392963060045,2,3,0.5894656552342896,0.016150740655073274
USDCOP,110,5m,25,134,2025-03-10,2025-08-08,0.9246696700458887,0.06438613636730954,0.009394610956279843,0.9890558064131982,0.9984504173694781,2,3,0.5687783467033192,0.025707611775570943
USDCOP,110,5m,26,135,2025-03-11,2025-08-11,0.9247947612318401,0.06451385167256332,0.009217762359699337,0.9893086129044034,0.9985263752641028,2,3,0.5524401091423327,0.021990945304113163
USDCOP,110,5m,27,136,2025-03-12,2025-08-12,0.9244313872741733,0.06499574678850156,0.009118296417185682,0.9894271340626748,0.9985454304798606,2,3,0.5436378351406466,0.011931079058273451
USDCOP,110,5m,28,137,2025-03-13,2025-08-13,0.9245319668482099,0.06522212024973639,0.008818151080284433,0.9897540870979463,0.9985722381782307,2,3,0.5291793796953904,0.017918592821743056
USDCOP,110,5m,29,138,2025-03-14,2025-08-14,0.9244591430739653,0.065584006547113,0.008555273842453708,0.9900431496210782,0.998598423463532,2,2,0.5149931132199426,0.01793811694130964
USDCOP,110,5m,30,139,2025-03-17,2025-08-15,0.9251735779759498,0.06530218712123396,0.008136040661673647,0.9904757650971837,0.9986118057588574,2,2,0.5008647214134493,0.016712219259710736
USDCOP,110,5m,31,140,2025-03-18,2025-08-18,0.9257021802711919,0.06515604501476663,0.007795958548315063,0.9908582252859586,0.9986541838342736,2,2,0.48364622619889874,0.0244799965228843
USDCOP,110,5m,32,141,2025-03-19,2025-08-19,0.9257826110576056,0.06533264934002912,0.007553723346358942,0.9911152603976348,0.9986689837439937,2,2,0.47168917990216147,0.015849704054151405
USDCOP,110,5m,33,142,2025-03-20,2025-08-20,0.9256988129282779,0.06563109826856801,0.007361595475213126,0.991329911196846,0.9986915066720591,2,2,0.4591661119785774,0.017652951853076453
USDCOP,110,5m,34,143,2025-03-21,2025-08-21,0.9264447169228329,0.06493999938608312,0.007288613707208828,0.991384716308916,0.9986733300161249,2,2,0.4545594875126188,0.008269733825403115
USDCOP,110,5m,35,144,2025-03-24,2025-08-22,0.9266690982747475,0.06483051364894034,0.007156233914479473,0.9914996119236879,0.9986558458381674,2,2,0.4466862357385055,0.015796512706216608
USDCOP,110,5m,36,145,2025-03-25,2025-08-25,0.9275138432715789,0.06415473096694344,0.006990728563183057,0.9916685742385224,0.9986593028017055,2,2,0.4389589127610026,0.01784818204022921
USDCOP,110,5m,37,146,2025-03-26,2025-08-26,0.929158726010366,0.06275949638195265,0.006739030009916524,0.9919182223923186,0.9986572524022351,2,2,0.43250380969450597,0.022070888471134167
USDCOP,110,5m,38,147,2025-03-27,2025-08-27,0.9292844559650892,0.0630789513262853,0.0063102914585869965,0.9923634072913745,0.9986736987499615,2,2,0.42169382666730904,0.026365576355448384
USDCOP,110,5m,39,148,2025-03-28,2025-08-28,0.9291492478088149,0.06371297651855805,0.0058226668526368645,0.9928622243273729,0.9986848911800098,2,2,0.4121711217442466,0.02773935097341021
USDCOP,110,5m,40,149,2025-03-31,2025-08-29,0.9285676613747851,0.0644826972240537,0.005627278951824508,0.9930503585988388,0.9986776375506633,2,2,0.400374948772401,0.030538152055525552
USDCOP,110,5m,41,150,2025-04-01,2025-09-01,0.9287686209697773,0.06453684812834483,0.005411569650875932,0.9933054690981221,0.9987170387489981,2,2,0.38983934042855334,0.04104829995548356
USDCOP,110,5m,42,151,2025-04-02,2025-09-02,0.9282430066210794,0.06524944662024366,0.005274463365080067,0.9934924532413231,0.9987669166064032,2,2,0.37611509108603336,0.045891848347134036
USDCOP,110,5m,43,152,2025-04-03,2025-09-03,0.9285629607871828,0.06502790314446996,0.0052219050900859255,0.9935908639316527,0.9988127690217387,2,2,0.3671768575035606,0.039462487223622285
USDCOP,110,5m,44,153,2025-04-04,2025-09-04,0.9289741765622199,0.06466551609225649,0.00521330974804339,0.9936396926544764,0.9988530024025198,2,2,0.36496982877465556,0.03365523004559184
USDCOP,110,5m,45,154,2025-04-07,2025-09-05,0.9295263762186448,0.06383481571534337,0.00549534340452553,0.9933611919339881,0.9988565353385137,2,2,0.3654126950461942,0.008494233029141315
USDCOP,110,5m,46,155,2025-04-08,2025-09-08,0.929485604664789,0.06333704393806579,0.006033363528192428,0.9928226486028549,0.9988560121310472,2,2,0.35949578500998325,0.028638074268066662
USDCOP,110,5m,47,156,2025-04-09,2025-09-09,0.9267369567389478,0.06495641908317383,0.0071187542564013365,0.9916933758221217,0.998812130078523,2,2,0.3548726280321543,0.02427956309293549
USDCOP,110,5m,48,157,2025-04-10,2025-09-10,0.9172500273642893,0.07279071095867315,0.00863819045815525,0.9900407383229625,0.9986789287811176,2,2,0.34344284477247333,0.028683495990984142
USDCOP,110,5m,49,158,2025-04-11,2025-09-11,0.9068589335067319,0.08047745585511795,0.011210674121128106,0.9873363893618499,0.998547063482978,2,3,0.334508720053215,0.02742981295814588
USDCOP,110,5m,50,159,2025-04-14,2025-09-12,0.9035005946973297,0.08205151034686138,0.012947800475398648,0.9855521050441911,0.9984999055195897,2,3,0.33162020681356613,0.02847632773115678
USDCOP,110,5m,51,160,2025-04-15,2025-09-15,0.9016395225402454,0.08294970725331016,0.013940461351535125,0.9845892297935556,0.9985296911450907,2,3,0.3218295844128364,0.029446109995184218
USDCOP,110,5m,52,161,2025-04-16,2025-09-16,0.8986262778997581,0.0849701434565533,0.014951828380547484,0.9835964213563114,0.998548249736859,2,3,0.31651049636097245,0.02645242284950652
USDCOP,110,5m,53,162,2025-04-17,2025-09-17,0.8941127088180645,0.08873767879732863,0.015694223061407882,0.9828503876153931,0.998544610676801,2,3,0.30975482428776047,0.021952325853400106
USDCOP,110,5m,54,163,2025-04-18,2025-09-18,0.8906468691265309,0.09216674154764871,0.015738791667584018,0.9828136106741796,0.9985524023417637,2,3,0.31026673552307904,0.020860717005975717
USDCOP,110,5m,55,164,2025-04-21,2025-09-19,0.8887454754082549,0.09374897766340332,0.0160860340281166,0.9824944530716582,0.9985804870997748,2,3,0.31116361276695786,0.011705601976163335
USDCOP,110,5m,56,165,2025-04-22,2025-09-22,0.8867275597481237,0.09521525728321795,0.016646295740023194,0.9819428170313416,0.9985891127713649,2,3,0.3068928488412878,0.01600454728076672
USDCOP,110,5m,57,166,2025-04-23,2025-09-23,0.8800011793284971,0.10020479193414006,0.018349807655845433,0.9802059712626372,0.9985557789184826,2,3,0.3054183718338863,0.006745784995639171
USDCOP,110,5m,58,167,2025-04-24,2025-09-24,0.8679245154915963,0.10921776696838141,0.021332956617896085,0.9771422824599777,0.9984752390778738,2,3,0.30212449118786,0.008157065818680004
USDCOP,110,5m,59,168,2025-04-25,2025-09-25,0.8473858024055299,0.12485040437510103,0.026072520071551905,0.9722362067806309,0.9983087268521827,2,3,0.29896420152901393,0.008710600234211533
USDCOP,110,5m,60,169,2025-04-28,2025-09-26,0.8337701199807315,0.13452970047564403,0.029938318544078715,0.9682998204563755,0.9982381390004542,2,3,0.2990984983499788,0.005750574216153027
USDCOP,110,5m,61,170,2025-04-29,2025-09-29,0.8187514918455407,0.14575486018814346,0.033621277285390466,0.9645063520336842,0.9981276293190746,2,3,0.29524664226757785,0.011381589175716555
USDCOP,110,5m,62,171,2025-04-30,2025-09-30,0.8085712124599665,0.15404493081814027,0.03547954006241749,0.9626161432781069,0.9980956833405243,2,3,0.29342113395370206,0.00620905018404952
USDCOP,110,5m,63,172,2025-05-01,2025-10-01,0.8045888747233402,0.15787567257749274,0.035736144570010425,0.9624645473008329,0.9982006918708434,2,3,0.29804089556315605,0.010324563904437598
USDCOP,110,5m,64,173,2025-05-02,2025-10-02,0.8011608312195438,0.16119490190702512,0.03598190837850374,0.962355733126569,0.9983376415050728,2,3,0.3018090527172914,0.011141490272589987
USDCOP,110,5m,65,174,2025-05-05,2025-10-03,0.797900335321197,0.16476107643694404,0.035873607262444776,0.962661411758141,0.9985350190205858,2,3,0.30636555059019455,0.016452346576647157
USDCOP,110,5m,66,175,2025-05-06,2025-10-06,0.7887690144890817,0.1735905180988876,0.03619447044653938,0.9623595325879692,0.9985540030345086,2,3,0.3078095294147321,0.011550797627826839
USDCOP,110,5m,67,176,2025-05-07,2025-10-07,0.7826390993318143,0.18044149233150353,0.03547925451542601,0.9630805916633178,0.9985598461787438,2,3,0.3071338815742852,0.007976366968066884
USDCOP,110,5m,68,177,2025-05-08,2025-10-08,0.7803013530733118,0.1848112030329675,0.033440033071461345,0.9651125561062793,0.9985525891777407,2,3,0.3059093455687843,0.011938507743276202
USDCOP,110,5m,69,178,2025-05-09,2025-10-09,0.7774612280844266,0.18950034060529328,0.0316062615352105,0.9669615686897199,0.9985678302249305,2,3,0.30555300246134703,0.009340930006706412
USDCOP,110,5m,70,179,2025-05-12,2025-10-10,0.7786962401254542,0.1896561607793952,0.03022515935331495,0.9683524009048494,0.9985775602581644,2,3,0.30415403267670693,0.012308033614606436
USDCOP,110,5m,71,180,2025-05-13,2025-10-13,0.7753673832591598,0.1945424076954909,0.02868494933242536,0.9699097909546507,0.9985947402870761,2,3,0.3063997373767156,0.009004702919959183
USDCOP,110,5m,72,181,2025-05-14,2025-10-14,0.7714627046418973,0.19985061342102123,0.027287521172824895,0.9713133180629185,0.9986008392357434,2,3,0.30913717236711136,0.009331922705875401
USDCOP,110,5m,73,182,2025-05-15,2025-10-15,0.7670816422503851,0.20552417467117703,0.026013055277604055,0.9726058169215621,0.9986188721991662,2,3,0.31131643495771183,0.009950529010685254
USDCOP,110,5m,74,183,2025-05-16,2025-10-16,0.7642694874822183,0.20891117763652314,0.02547925271028477,0.9731806651187415,0.9986599178290263,2,3,0.3118992437136425,0.008467935736171002
USDCOP,110,5m,75,184,2025-05-19,2025-10-17,0.7875424825923067,0.1888660122426559,0.022363613046741948,0.9764084948349626,0.9987721078817046,2,3,0.3087341739349356,0.010117669305242261
USDCOP,110,5m,76,185,2025-05-20,2025-10-20,0.8036242041279762,0.17495254579334135,0.020237405019698725,0.9785767499213176,0.9988141549410162,2,3,0.3052110635146874,0.009296980930729193
USDCOP,110,5m,77,186,2025-05-21,2025-10-21,0.813603104307063,0.166299231288463,0.01894963129724208,0.979902335595526,0.998851966892768,2,3,0.302145662545563,0.007686144496503665
USDCOP,110,5m,78,187,2025-05-22,2025-10-22,0.8269069766869527,0.1544563857984126,0.017555702539453818,0.9813633624853653,0.9989190650248191,2,3,0.30055417624889763,0.004593400317256969
USDCOP,110,5m,79,188,2025-05-23,2025-10-23,0.8350117065810688,0.14724935240648573,0.016695389233317436,0.9822610589875546,0.998956448220872,2,3,0.2976550004906804,0.007173054947153649
USDCOP,110,5m,80,189,2025-05-26,2025-10-24,0.8507118510348504,0.13320583854682888,0.015140581123698543,0.9839176895816792,0.9990582707053778,2,3,0.29756463057480964,0.00866657472221726
USDCOP,110,5m,81,190,2025-05-27,2025-10-27,0.8560157215897198,0.12855212650202616,0.014506030702688882,0.984567848091746,0.9990738787944349,2,3,0.2965335787617511,0.00897717027921889
USDCOP,110,5m,82,191,2025-05-28,2025-10-28,0.8585928416739126,0.12633261812352659,0.014160758393134756,0.9849254597974392,0.999086218190574,2,3,0.2964200517494206,0.005848103742230357
USDCOP,110,5m,83,192,2025-05-29,2025-10-29,0.8567273616552261,0.12817263812722252,0.014180375380050318,0.9848999997824486,0.9990803751624989,2,3,0.2966582508428214,0.007053662711175393
USDCOP,110,5m,84,193,2025-05-30,2025-10-30,0.8599994202672766,0.12549613698426315,0.01361319311114833,0.9854955572515398,0.9991087503626881,2,3,0.2982818989090975,0.008296354086673471
USDCOP,110,5m,85,194,2025-06-02,2025-10-31,0.8643993998656552,0.12167001709954925,0.013074036008965997,0.9860694169652044,0.9991434529741704,2,3,0.2985766881834009,0.004487121744436023
USDCOP,110,5m,86,195,2025-06-03,2025-11-03,0.8650653476535789,0.12123222832366795,0.012834861581664548,0.9862975759772469,0.9991324375589113,2,3,0.2989546442565543,0.007202388437650617
USDCOP,110,5m,87,196,2025-06-04,2025-11-04,0.8666557006047221,0.1198932344824557,0.01258269239477649,0.9865489350871778,0.9991316274819543,2,3,0.2992766006156894,0.005855842693827837
USDCOP,110,5m,88,197,2025-06-05,2025-11-05,0.8689051994694886,0.11797862056444114,0.012266326025442238,0.9868838200339298,0.999150146059372,2,3,0.2986153739725206,0.0061748037034784625
USDCOP,110,5m,89,198,2025-06-06,2025-11-06,0.8692812905032031,0.11778917921949913,0.012087662048395394,0.9870704697227023,0.9991581317710977,2,3,0.29897538110326527,0.006972631838341819
USDCOP,110,5m,90,199,2025-06-09,2025-11-07,0.8707214542174019,0.11657524671201915,0.011879244340726978,0.987296700929421,0.999175945270148,2,3,0.29828986895347726,0.0056990655808214375
USDCOP,110,5m,91,200,2025-06-10,2025-11-10,0.8687646941738582,0.11863442440631934,0.011773522008113855,0.9873991185801775,0.9991726405882914,2,3,0.30010146692699,0.013106344658022004
USDCOP,110,5m,92,201,2025-06-11,2025-11-11,0.867061959343975,0.12038535335645155,0.011719281358433,0.9874473127004265,0.9991665940588595,2,3,0.3001158813375645,0.006647576668424609
USDCOP,110,5m,93,202,2025-06-12,2025-11-12,0.8658575214301748,0.12157125301791648,0.011744700257515218,0.9874287744480913,0.9991734747056065,2,3,0.300261730425885,0.0036960383847022787
USDCOP,110,5m,94,203,2025-06-13,2025-11-13,0.866179394711043,0.12123579433416802,0.011753016421042532,0.987415189045211,0.9991682054662535,2,3,0.2995427036044046,0.0034964003088169835
USDCOP,110,5m,95,204,2025-06-16,2025-11-14,0.870855833023951,0.11683391008929762,0.011484034223975826,0.9876897431132486,0.9991737773372245,2,3,0.29901305400370204,0.006704342686500474
USDCOP,110,5m,96,205,2025-06-17,2025-11-17,0.8728085385504865,0.11500570806429511,0.011369547085692834,0.9878142466147816,0.9991837937004744,2,3,0.2993813594191148,0.004159565011259841
USDCOP,110,5m,97,206,2025-06-18,2025-11-18,0.871786078611735,0.11594562166095133,0.011464809424770395,0.9877317002726863,0.9991965096974567,2,3,0.29879305734123174,0.0031121111525547456
USDCOP,110,5m,98,207,2025-06-19,2025-11-19,0.8733828889632089,0.11442640484698788,0.011390985432330206,0.9878092938101968,0.999200279242527,2,3,0.29898018791659303,0.004045831442076888
USDCOP,110,5m,99,208,2025-06-20,2025-11-20,0.8726826160696094,0.11501698598331314,0.011481298393087338,0.9876996020529225,0.9991809004460098,2,3,0.29978153580388023,0.007506211674567505
USDCOP,110,5m,100,209,2025-06-23,2025-11-21,0.8732198586142376,0.114451183862222,0.011509646687291345,0.9876710424764595,0.9991806891637509,2,3,0.29988407716156174,0.005246138289038495
USDCOP,110,5m,101,210,2025-06-24,2025-11-24,0.8751021595950719,0.11263766601487199,0.01144494046780674,0.9877398256099439,0.9991847660777506,2,3,0.30064042379929035,0.008770394056500808
USDCOP,110,5m,102,211,2025-06-25,2025-11-25,0.8768120930842543,0.11099511502638577,0.011378348981509091,0.9878072081106402,0.9991855570921492,2,3,0.3011817731971211,0.005025219895647961
USDCOP,110,5m,103,212,2025-06-26,2025-11-26,0.8821818374110265,0.10601113905099492,0.011001950176645483,0.9881929764620214,0.9991949266386669,2,3,0.30033631840424746,0.003587582398334574
USDCOP,110,5m,104,213,2025-06-27,2025-11-27,0.8890855313632633,0.09965832434952177,0.010472039690756513,0.988743855712785,0.9992158954035416,2,3,0.3017906644828098,0.00373842759285493
USDCOP,110,5m,105,214,2025-06-30,2025-11-28,0.8896045881964382,0.09909203850865657,0.010498527837731399,0.9886966267050947,0.9991951545428261,2,3,0.3012486169555191,0.004774273443369945
USDCOP,110,5m,106,215,2025-07-01,2025-12-01,0.8912149711622611,0.09748227882515825,0.010476887876469271,0.9886972499874194,0.9991741378638886,2,3,0.3009362591576432,0.008150959169339177
USDCOP,110,5m,107,216,2025-07-02,2025-12-02,0.8924198703806774,0.09626159704212302,0.010482792919390577,0.9886814674228004,0.999164260342191,2,3,0.2991577849883675,0.006200001184308289
USDCOP,110,5m,108,217,2025-07-03,2025-12-03,0.896672897863772,0.09222724874399309,0.01026804549398855,0.9889001466077652,0.9991681921017537,2,3,0.29623257913174195,0.006499590202156627
USDCOP,110,5m,109,218,2025-07-04,2025-12-04,0.9032158801335942,0.08621887746140264,0.009751115891870842,0.9894347575949969,0.9991858734868677,2,3,0.2934784206392763,0.0052336728053210425
USDCOP,110,5m,110,219,2025-07-07,2025-12-05,0.9090682374787501,0.08085834960815931,0.009279555040611542,0.9899265870869094,0.9992061421275209,2,3,0.2924175852509858,0.0024203057280169616
USDCOP,110,5m,111,220,2025-07-08,2025-12-08,0.9136351995141369,0.07663531271224942,0.008949407472818268,0.9902705122263863,0.9992199196992045,2,2,0.2926034699592725,0.0023954292796063473
USDCOP,110,5m,112,221,2025-07-09,2025-12-09,0.9179885160035591,0.07262007983747903,0.008627895229990188,0.9906085958410382,0.9992364910710283,2,2,0.2919258935385478,0.001961443273548112
USDCOP,110,5m,113,222,2025-07-10,2025-12-10,0.9242481825908343,0.06695776901916026,0.008064892802921636,0.9912059516099946,0.9992708444129161,2,2,0.29128021453004943,0.002251198181704024
USDCOP,110,5m,114,223,2025-07-11,2025-12-11,0.9285935948973781,0.06292436915861861,0.007762070230705493,0.9915179640559968,0.9992800342867022,2,2,0.2902647180429325,0.003426179342389366
USDCOP,110,5m,115,224,2025-07-14,2025-12-12,0.9309943054818576,0.060685036697005625,0.007600947970198036,0.9916793421788632,0.9992802901490613,2,2,0.29021217391738496,0.0027869024611769
USDCOP,110,5m,116,225,2025-07-15,2025-12-15,0.931604889771319,0.059944924239567404,0.007696009989127839,0.9915498140108864,0.9992458240000142,2,2,0.2909138223482951,0.010203100829242105
USDCOP,110,5m,117,226,2025-07-16,2025-12-16,0.9328743604546326,0.05857519464475323,0.0077472423423727435,0.9914495550993858,0.9991967974417585,2,2,0.29279983368935114,0.014347586834384229
USDCOP,110,5m,118,227,2025-07-17,2025-12-17,0.9341951017455269,0.05701648324553629,0.007954792283697675,0.9912115849910632,0.9991663772747609,2,2,0.2927243913485018,0.018734373960660654
USDCOP,110,5m,119,228,2025-07-18,2025-12-18,0.9364615956353699,0.054515057949053196,0.0081250041514209035,0.9909766535844231,0.999101657735844,2,2,0.30905417231841015,0.037452245453451966
USDCOP,110,5m,120,229,2025-07-21,2025-12-19,0.9392215995939244,0.05129498519251101,0.008508180900676714,0.9905165847864353,0.9990247656871121,2,2,0.34468665258592857,0.06460630172847293
USDCOP,110,5m,121,230,2025-07-22,2025-12-22,0.9442804948028872,0.046525023595764034,0.008207368918844177,0.9908055183986513,0.9990128873174955,2,2,0.37073485330968015,0.0396035688172248
USDCOP,110,5m,122,231,2025-07-23,2025-12-23,0.9477230590465948,0.04321489301475435,0.008077225569058624,0.9909379520613492,0.9990151776304078,2,2,0.3898722382019524,0.028699331460484256
USDCOP,110,5m,123,232,2025-07-24,2025-12-24,0.9508273712375723,0.04037307900153311,0.007803468837109417,0.9912004502391054,0.9990039190762149,1,2,0.4085399774694961,0.026553512965526212
USDCOP,110,5m,124,233,2025-07-25,2025-12-25,0.9538761957563134,0.037651168510721776,0.007456403089993707,0.9915273642670352,0.9989837673570289,1,2,0.4245360413662633,0.022442300903476615
USDCOP,110,5m,125,234,2025-07-28,2025-12-26,0.9562282102081304,0.035399801202689256,0.007338230832348886,0.9916280114108197,0.9989662422431685,1,2,0.4415254611564901,0.023347272917095964
USDCOP,110,5m,126,235,2025-07-29,2025-12-29,0.9590000238892659,0.03272434530519913,0.007223099958377977,0.991724369194465,0.9989474691528429,1,2,0.45896408974427555,0.02328783579512142
USDCOP,110,5m,127,236,2025-07-30,2025-12-30,0.9603391074939381,0.03128317963387141,0.0072892311702028,0.9916222871278095,0.9989115182980124,1,2,0.47155937821037297,0.016186048090296015
USDCOP,110,5m,128,237,2025-07-31,2025-12-31,0.961447845047996,0.029992342647383,0.007450744849811556,0.991440187695379,0.9988909325451906,1,2,0.482411704107949,0.014638628293594413
USDCOP,110,5m,129,238,2025-08-01,2026-01-01,0.9627195435300898,0.028681631430055032,0.007482140685407849,0.9914011749601448,0.9988833156455527,1,2,0.4890238930018655,0.010211817022998849
USDCOP,110,5m,130,239,2025-08-04,2026-01-02,0.9651232200006803,0.026544468551904975,0.0072239847662510645,0.9916676885525852,0.9988916733188363,1,2,0.5076340278579342,0.027737584585607655
USDCOP,110,5m,131,240,2025-08-05,2026-01-05,0.9654448696639767,0.02614044426300924,0.007261366266823557,0.9915853139269859,0.9988466801938095,1,2,0.4923787607705239,0.023150140961733963
USDCOP,110,5m,132,241,2025-08-06,2026-01-06,0.9660228866256289,0.02557797728279844,0.007211821234861221,0.9916008639084273,0.9988126851432885,1,2,0.4765001206840403,0.022861763279754962
USDCOP,110,5m,133,242,2025-08-07,2026-01-07,0.9669650863319494,0.024806794298988504,0.007044613607929648,0.9917718806309379,0.9988164942388676,1,2,0.46506578053251685,0.021931088607442514
USDCOP,110,5m,134,243,2025-08-08,2026-01-08,0.9674524427244767,0.024401564236586952,0.006949997887855886,0.9918540069610636,0.9988040048489195,1,2,0.45785977235130393,0.01572328626563677
USDCOP,110,5m,135,244,2025-08-11,2026-01-09,0.9674605390782877,0.02435437163720576,0.006965331856996193,0.9918149107154934,0.9987802425724897,1,2,0.4474278075209663,0.015375420695610433
USDCOP,110,5m,136,245,2025-08-12,2026-01-12,0.9674469032819529,0.024174338193722947,0.007130408515167784,0.9916212414756759,0.9987516499908436,1,2,0.4314104488155012,0.021857701591761078
USDCOP,110,5m,137,246,2025-08-13,2026-01-13,0.9670791906229413,0.02431604971180418,0.00732131246108631,0.9913952403347456,0.9987165527958318,1,2,0.41055578968693973,0.02429894447409115
USDCOP,110,5m,138,247,2025-08-14,2026-01-14,0.9663676136016476,0.024905903788094003,0.007420606714324277,0.9912735173897416,0.9986941241040659,1,2,0.39645472360488127,0.016878574046587744
USDCOP,110,5m,139,248,2025-08-15,2026-01-15,0.9656956976823544,0.025580223281153582,0.007410111597159744,0.991275920963508,0.9986860325606678,1,2,0.38616438594914837,0.013022948362911188
USDCOP,110,5m,140,249,2025-08-18,2026-01-16,0.9655329855551231,0.026205971802843925,0.006951433098766804,0.991738957357967,0.9986903904567338,1,2,0.3892340909647573,0.016183889095175277
USDCOP,110,5m,141,250,2025-08-19,2026-01-19,0.9645404137027648,0.02722750697108189,0.006921829214070406,0.9917679206738467,0.998689749887917,1,2,0.38692393466246333,0.011268591674711264
USDCOP,110,5m,142,251,2025-08-20,2026-01-20,0.9637593607939313,0.028095041096943742,0.006854762091137304,0.991854401890875,0.9987091639820124,1,2,0.38547145878996986,0.010920926865247633
USDCOP,110,5m,143,252,2025-08-21,2026-01-21,0.9629236997100009,0.028985337778205736,0.006810143930715383,0.9919090374882067,0.998719181418922,1,2,0.3842597563566045,0.00917399301537408
USDCOP,110,5m,144,253,2025-08-22,2026-01-22,0.9620813664322959,0.02988105346075129,0.006780106192676467,0.9919624198930472,0.9987425260857237,1,2,0.38398926840960196,0.0092131402982263
USDCOP,110,5m,145,254,2025-08-25,2026-01-23,0.9613856376854161,0.030612269615576254,0.006784725139040086,0.9919979073009924,0.9987826324400324,1,2,0.38399132553857435,0.008641449451340188
USDCOP,110,5m,146,255,2025-08-26,2026-01-26,0.9609994806696428,0.03102636092509829,0.006796532708450761,0.992025841594741,0.9988223743031919,1,2,0.382672402990752,0.01002344633595803
USDCOP,110,5m,147,256,2025-08-27,2026-01-27,0.9602414392498093,0.0318800253433848,0.006707788629004604,0.9921214645931942,0.9988292532221987,1,2,0.3797114806397359,0.006932807600775959
USDCOP,110,5m,148,257,2025-08-28,2026-01-28,0.9595006296268308,0.03265507964422126,0.00667265037293528,0.992155709271052,0.9988283596439873,1,2,0.37733824876112415,0.006327000422057884
USDCOP,110,5m,149,258,2025-08-29,2026-01-29,0.9588811431865524,0.03331631695666017,0.006633255541470339,0.9921974601432125,0.9988307156846828,1,2,0.37561177918270877,0.005956667834240762
USDCOP,110,5m,150,259,2025-09-01,2026-01-30,0.9584178931422509,0.03387866125982381,0.0065440650067972225,0.9922965544020748,0.9988406194088719,1,2,0.3740790008821205,0.005290870058444046
USDCOP,110,5m,151,260,2025-09-02,2026-02-02,0.9568349789342918,0.03544353983843624,0.006559634109232666,0.9922785187727281,0.9988381528819608,1,2,0.3730150784631991,0.0056162484796394956
USDCOP,110,5m,152,261,2025-09-03,2026-02-03,0.9554876380445744,0.03680720124405595,0.006537429832565157,0.9922948392886303,0.9988322691211955,1,2,0.3697439198944938,0.007457066484966936
USDCOP,110,5m,153,262,2025-09-04,2026-02-04,0.9542106234984555,0.03806624293234297,0.006543476180590942,0.9922768664307985,0.9988203426113894,1,2,0.36681972620224307,0.006470642982907709
USDCOP,110,5m,154,263,2025-09-05,2026-02-05,0.9535371677286678,0.03880211217806924,0.006479765124381449,0.9923392799067371,0.9988190450311185,1,2,0.3621189816833816,0.007469989847458982
USDCOP,110,5m,155,264,2025-09-08,2026-02-06,0.9530218076313861,0.039401878113174006,0.0063921967792799185,0.9924236857445601,0.99881588252384,1,2,0.3589531378590171,0.007170985914413666
USDCOP,110,5m,156,265,2025-09-09,2026-02-09,0.9503022035547314,0.041987408094509626,0.006454385809330231,0.992289611649241,0.9987439974585712,1,2,0.35755123989471643,0.01662703900807358
USDCOP,110,5m,157,266,2025-09-10,2026-02-10,0.948124498697749,0.044184512270970394,0.00640464499086468,0.9923090109687194,0.9987136559595841,2,2,0.35571388311736174,0.01796158889962648
USDCOP,110,5m,158,267,2025-09-11,2026-02-11,0.9452801794490935,0.046879719007560064,0.006502194617644573,0.9921598984566535,0.9986620930742981,2,2,0.35771808764547297,0.014003940070739025
USDCOP,110,5m,159,268,2025-09-12,2026-02-12,0.9427738303220399,0.049429295412230206,0.00642677027456486,0.99220312573427,0.9986298960088349,2,2,0.36130914171735146,0.022171794211389848
USDCOP,110,5m,160,269,2025-09-15,2026-02-13,0.940545122099301,0.052315532441807686,0.005751714228410653,0.9928606545411086,0.9986123687695193,2,2,0.3889654653015147,0.054096190355984036
USDCOP,110,5m,161,270,2025-09-16,2026-02-16,0.9355961477026687,0.05664775011437225,0.006246200554254617,0.992243897817041,0.9984900983712957,2,2,0.39214642066694183,0.054043980349299595
USDCOP,110,5m,162,271,2025-09-17,2026-02-17,0.9317170833866554,0.060261665819278235,0.0063599726601786645,0.9919787492059337,0.9983387218661123,2,2,0.40320696362769826,0.0346005329799076
USDCOP,110,5m,163,272,2025-09-18,2026-02-18,0.9282886411214762,0.06318117029922875,0.0067090964330698945,0.991469811420705,0.9981789078537748,2,2,0.4368408600718617,0.059006821661631854
USDCOP,110,5m,164,273,2025-09-19,2026-02-19,0.9247078828842921,0.06650816392003639,0.006788339751679168,0.9912160468043285,0.99800438655600765,2,2,0.4534714458159579,0.025845959215662316
USDCOP,110,5m,165,274,2025-09-22,2026-02-20,0.920571822451131,0.07005705875029888,0.00724840943153401,0.9906288812014299,0.9978772906329639,2,2,0.4914864147999366,0.05262320516925666
USDCOP,110,5m,166,275,2025-09-23,2026-02-23,0.9180544927644672,0.07204269763159328,0.007687908640877525,0.9900971903960605,0.9977850990369379,2,2,0.5345471217571703,0.053361589026458205
USDCOP,110,5m,167,276,2025-09-24,2026-02-24,0.9170561125030605,0.07297952634123388,0.007487419382249842,0.9900356388442944,0.9975230582265442,2,2,0.5361803951997263,0.008702528685367633
USDCOP,110,5m,168,277,2025-09-25,2026-02-25,0.917405331182702,0.07269472757384901,0.007245984970906335,0.9901000587565509,0.9973460437274573,2,2,0.5401883812277887,0.00917271473432399
USDCOP,110,5m,169,278,2025-09-26,2026-02-26,0.9153262879832923,0.07466991202344925,0.007300999071614191,0.9899962000067415,0.9972971990783558,2,3,0.5642800171299548,0.030953774272956373
USDCOP,110,5m,170,279,2025-09-29,2026-02-27,0.9126514819428057,0.07725756410659435,0.007365041850386771,0.9899090460494,0.9972740878997868,2,3,0.5771834556989945,0.023427064242601832
USDCOP,110,5m,171,280,2025-09-30,2026-03-02,0.9113518841988791,0.07862939077135093,0.007260694968560059,0.98998127497023,0.9972419699387901,2,3,0.5900041962932816,0.01832382164797492
USDCOP,110,5m,172,281,2025-10-01,2026-03-03,0.9113211405634375,0.07875681634126085,0.007097218158643433,0.9900779569046984,0.9971751750633417,2,2,0.5807602378802666,0.013024363626083252
USDCOP,110,5m,173,282,2025-10-02,2026-03-04,0.9124198647889326,0.07796624600524613,0.006772986800762889,0.9903861107941787,0.9971590975949416,2,2,0.580280055607005,0.009671060386106801
USDCOP,110,5m,174,283,2025-10-03,2026-03-05,0.9174369079758202,0.07346645487529722,0.006320264916547774,0.9909033628511175,0.9972236277676653,2,2,0.5552316264431335,0.02891369158679761
USDCOP,110,5m,175,284,2025-10-06,2026-03-06,0.9238751995789425,0.06770598326006785,0.0057598529225086955,0.9915811828390103,0.997341035761519,2,2,0.5275658107763398,0.03217421298478337
USDCOP,110,5m,176,285,2025-10-07,2026-03-09,0.9223492088543517,0.06913661466539778,0.005685600054587323,0.9914858235197495,0.9971714235743367,2,2,0.519796619185579,0.014531346932903559
USDCOP,110,5m,177,286,2025-10-08,2026-03-10,0.9205413340660248,0.0707872106748906,0.005623495455300668,0.9913285447409154,0.9969520401962161,2,2,0.49133211021944917,0.03445826257561139
USDCOP,110,5m,178,287,2025-10-09,2026-03-11,0.918861850960897,0.0722218373945455,0.005614130003047413,0.9910836883554425,0.9966978183584899,2,2,0.43081519185978723,0.06882812392286315
USDCOP,110,5m,179,288,2025-10-10,2026-03-12,0.9175038750080926,0.07351108529358515,0.005522088670601917,0.9910149603016778,0.9965370489722797,2,2,0.39685715222877066,0.03966825208865134
USDCOP,110,5m,180,289,2025-10-13,2026-03-13,0.9167829138227542,0.07440879593740266,0.005233056780917969,0.9911917097601569,0.9964247665410748,2,2,0.41003550872771727,0.0216861928409944
USDCOP,110,5m,181,290,2025-10-14,2026-03-16,0.9155820453565999,0.0755889253053842,0.0052041083002731985,0.9911709706619841,0.9963750789622573,2,2,0.38134757583303674,0.03361256079192941
USDCOP,110,5m,182,291,2025-10-15,2026-03-17,0.9139567474841367,0.07708607296474769,0.005185197839395598,0.9910428204488844,0.99622801828828,2,2,0.3386260577777865,0.05180726352658308
USDCOP,110,5m,183,292,2025-10-16,2026-03-18,0.9132898908054546,0.07754260041772,0.005169400244698291,0.9908324912231746,0.9960018914678729,2,2,0.252049253567253,0.1060763358861253
USDCOP,110,5m,184,293,2025-10-17,2026-03-19,0.9159070859477532,0.07549350535161171,0.004840114910865246,0.9914005912993649,0.9962407062102301,2,2,0.2532346622782509,0.025777209160503616
USDCOP,110,5m,185,294,2025-10-20,2026-03-20,0.917776759270574,0.07398974340996851,0.004590163328693727,0.9917665026805426,0.9963566660092362,2,2,0.27785795153313664,0.03008303841641435
USDCOP,110,5m,186,295,2025-10-21,2026-03-23,0.9192730073480905,0.07283067995987526,0.004364853797138838,0.9921036873079657,0.9964685411051045,2,2,0.32112062729861857,0.05145311862993038
USDCOP,110,5m,187,296,2025-10-22,2026-03-24,0.923296960840312,0.06935164386339161,0.004051963852473862,0.9926486047037036,0.9967005685561775,2,2,0.35586206826943356,0.03975873871891886
USDCOP,110,5m,188,297,2025-10-23,2026-03-25,0.9258986370153054,0.06706697733315281,0.0038687444193420926,0.9929656143484582,0.9968343587678002,2,2,0.39101708036861405,0.04087690501407488
USDCOP,110,5m,189,298,2025-10-24,2026-03-26,0.9284600841351385,0.06488677664540866,0.0036046478111087855,0.9933468607805471,0.9969515085916559,2,2,0.44065355381487825,0.05542617632447043
USDCOP,110,5m,190,299,2025-10-27,2026-03-27,0.9333699624518209,0.06047142499164205,0.003361465791879199,0.993841387443463,0.9972028532353422,2,2,0.4630646944012723,0.02918649200200817
USDCOP,132,6m,1,132,2025-02-04,2025-08-06,0.911622998319032,0.07024497328252875,0.015881994707108913,0.9818679716015608,0.9977499663086697,2,3,0.70749235165332,NA
USDCOP,132,6m,2,133,2025-02-05,2025-08-07,0.9117832301415055,0.07041289304273231,0.015607011523823154,0.9821961231842379,0.997803134708061,2,3,0.7041378736804691,0.013487510929157627
USDCOP,132,6m,3,134,2025-02-06,2025-08-08,0.9121572309631651,0.0703710320363759,0.015355483413220024,0.9825282629995411,0.9978837464127611,2,3,0.6988551910476927,0.016358682134330196
USDCOP,132,6m,4,135,2025-02-07,2025-08-11,0.9124074068828054,0.07036294791836305,0.015164389473861064,0.9827703548011685,0.9979347442750295,2,3,0.6978301692635569,0.010635932811531952
USDCOP,132,6m,5,136,2025-02-10,2025-08-12,0.9124278630939463,0.07044058439351852,0.015094053438283433,0.9828684474874648,0.9979625009257482,2,3,0.6972034798040567,0.007018832055243211
USDCOP,132,6m,6,137,2025-02-11,2025-08-13,0.9127576042778611,0.07020300111868794,0.015043258829842433,0.9829606053965491,0.9980038642263915,2,3,0.6957893962390947,0.009842664764099281
USDCOP,132,6m,7,138,2025-02-12,2025-08-14,0.9125880325195651,0.07020397128267238,0.015223104828677125,0.9827920038022375,0.9980151086309146,2,3,0.6962460810363816,0.0077208914972266085
USDCOP,132,6m,8,139,2025-02-13,2025-08-15,0.9130295816098214,0.06982320215130687,0.015195255967439755,0.9828527837611283,0.998048039728568,2,3,0.6950742600839264,0.009076007795171901
USDCOP,132,6m,9,140,2025-02-14,2025-08-18,0.9133882299689833,0.06975081263974169,0.014947285799164642,0.983139042608725,0.9980863284078896,2,3,0.6929971486200358,0.009354440363284136
USDCOP,132,6m,10,141,2025-02-17,2025-08-19,0.9135766259774714,0.06982930312870436,0.01468252875342572,0.9834059291061757,0.9980884578596014,2,3,0.6917373921787408,0.006217387632249585
USDCOP,132,6m,11,142,2025-02-18,2025-08-20,0.9137271840015069,0.06967767141508927,0.014677034230582931,0.9834048554165962,0.998081889647179,2,3,0.6891444023284793,0.0077818007681055125
USDCOP,132,6m,12,143,2025-02-19,2025-08-21,0.9141661399505051,0.06933172148225251,0.014577745810415075,0.9834978614327576,0.9980756072431727,2,3,0.6890638013187841,0.006540646336300267
USDCOP,132,6m,13,144,2025-02-20,2025-08-22,0.9143905516433762,0.06945608683709027,0.014204080634902585,0.9838466384804665,0.9980507191153691,2,3,0.6882578164601509,0.004794236575649625
USDCOP,132,6m,14,145,2025-02-21,2025-08-25,0.9143132698252655,0.07003626913045465,0.013690974484063393,0.9843495389557202,0.9980405134397835,2,3,0.68643951574973,0.00467981564804434
USDCOP,132,6m,15,146,2025-02-24,2025-08-26,0.9148354093971076,0.06993195816977643,0.013254688012638714,0.984767367566884,0.9980220555795227,2,3,0.6883877730604304,0.00603775571982457
USDCOP,132,6m,16,147,2025-02-25,2025-08-27,0.9156738081726662,0.06961998380819415,0.012725753096462131,0.9852937919808603,0.9980195450773225,2,3,0.6837643685574758,0.010821085623751009
USDCOP,132,6m,17,148,2025-02-26,2025-08-28,0.9159425416965469,0.06990069253539954,0.012181053551476879,0.9858432342319464,0.9980242877834233,2,3,0.6783604700073375,0.010803885935403953
USDCOP,132,6m,18,149,2025-02-27,2025-08-29,0.9157039606401236,0.07049486547633867,0.011804611818734528,0.9861988261164623,0.9980034379351967,2,3,0.666797113313412,0.016091024645050307
USDCOP,132,6m,19,150,2025-02-28,2025-09-01,0.9152335986391906,0.0713381189814357,0.011430527501483378,0.9865717176206263,0.9980022451221097,2,3,0.6564372416565876,0.015026328595829168
USDCOP,132,6m,20,151,2025-03-03,2025-09-02,0.915567235236421,0.07145724317592005,0.01098296749374418,0.9870244784123411,0.9980074459060853,2,3,0.6417735096623837,0.01929258434266248
USDCOP,132,6m,21,152,2025-03-04,2025-09-03,0.9152027195225193,0.0722584191560236,0.010546414761562999,0.9874611386785429,0.9980075534401059,2,3,0.6233538334700119,0.02438100959397311
USDCOP,132,6m,22,153,2025-03-05,2025-09-04,0.9152215949010057,0.07252986730552494,0.010271803592248649,0.9877514622065307,0.9980232657987793,2,3,0.6043064346596114,0.02725341785072629
USDCOP,132,6m,23,154,2025-03-06,2025-09-05,0.9150399508206516,0.07300420244877429,0.009988679612081643,0.9880441532694259,0.9980328328815076,2,3,0.5821896785766768,0.03004122203526273
USDCOP,132,6m,24,155,2025-03-07,2025-09-08,0.914665832020515,0.07358032291268689,0.009805412152852105,0.9882461549332019,0.998051567086054,2,3,0.5544825848205005,0.03498731238315366
USDCOP,132,6m,25,156,2025-03-10,2025-09-09,0.9145599977917706,0.07356051830637675,0.00995697634018064,0.9881205160981473,0.998077492438328,2,3,0.5145996324137094,0.051493076356059875
USDCOP,132,6m,26,157,2025-03-11,2025-09-10,0.9155074978511115,0.07272511943697933,0.009909448092057342,0.9882326172880909,0.9981420653801482,2,3,0.4760173620215566,0.05323281977269753
USDCOP,132,6m,27,158,2025-03-12,2025-09-11,0.9144420897911256,0.07287448278063258,0.01084282746829615,0.9873165725717582,0.9981594000400543,2,3,0.4399747676284934,0.04929516143783798
USDCOP,132,6m,28,159,2025-03-13,2025-09-12,0.9153169761224706,0.07141843060252438,0.011505067148459116,0.986735406724995,0.9982404738734542,2,3,0.41621284855080076,0.03274588922043121
USDCOP,132,6m,29,160,2025-03-14,2025-09-15,0.9143393720884883,0.07199655902860094,0.011932877345918278,0.9863359311170892,0.9982688084630075,2,3,0.3856994661398809,0.04633647489697809
USDCOP,132,6m,30,161,2025-03-17,2025-09-16,0.9127305293508742,0.07305907901761519,0.012482009109542839,0.9857896083684894,0.9982716174780322,2,3,0.3581716474339215,0.0455190393735553
USDCOP,132,6m,31,162,2025-03-18,2025-09-17,0.9110463006499865,0.07398590767719299,0.013309082403650056,0.9850322083271794,0.9983412907308296,2,3,0.33731889327598474,0.03663255232675447
USDCOP,132,6m,32,163,2025-03-19,2025-09-18,0.9098669073748513,0.07467248545293279,0.013855054659838701,0.9845393928277841,0.9983944474876228,2,3,0.3274421676735212,0.023813442793973377
USDCOP,132,6m,33,164,2025-03-20,2025-09-19,0.9083284608878155,0.07559622868455852,0.014529974656449675,0.983924689572374,0.9984546642288237,2,3,0.32083421751337493,0.02017956863079667
USDCOP,132,6m,34,165,2025-03-21,2025-09-22,0.9066198936186839,0.0763624190841522,0.015498390557705653,0.9829823127028361,0.9984807032605417,2,3,0.3147466187405405,0.010584797986045214
USDCOP,132,6m,35,166,2025-03-24,2025-09-23,0.9051022713210123,0.07713448903250673,0.016291187027484944,0.982236760353519,0.9985279473810039,2,3,0.31157423286593644,0.007268869293544378
USDCOP,132,6m,36,167,2025-03-25,2025-09-24,0.9029780765478163,0.07805524356854214,0.0175425615052341,0.9810333201163584,0.9985758816215925,2,3,0.3070355997730275,0.008852484475208783
USDCOP,132,6m,37,168,2025-03-26,2025-09-25,0.9016611124566734,0.07799996923741166,0.01895991375398013,0.9796610816940851,0.9986209954480652,2,3,0.3028924817329925,0.009493668856485329
USDCOP,132,6m,38,169,2025-03-27,2025-09-26,0.8999873948643653,0.07824555418968895,0.020433380417007704,0.9782329490540542,0.9986663294710619,2,3,0.30034154180797057,0.009486833548645513
USDCOP,132,6m,39,170,2025-03-28,2025-09-29,0.8975667115049233,0.07934829208151953,0.021784236163791628,0.9769150035864428,0.9986992397502344,2,3,0.2951627780519964,0.007939923812671163
USDCOP,132,6m,40,171,2025-03-31,2025-09-30,0.8945089610261943,0.08124960342077771,0.022958780258932963,0.975758564446972,0.9987173447059049,2,3,0.291889410674059,0.005909300913712409
USDCOP,132,6m,41,172,2025-04-01,2025-10-01,0.8927575066055121,0.08213367172322038,0.02387579284246097,0.9748911783287325,0.9987669711711935,2,3,0.2926485558705164,0.007175377428798963
USDCOP,132,6m,42,173,2025-04-02,2025-10-02,0.8896671283357312,0.08410076362307066,0.02506002448286675,0.9737678919588019,0.9988279164416687,2,3,0.2923164553786557,0.005271050264659224
USDCOP,132,6m,43,174,2025-04-03,2025-10-03,0.8877357255755951,0.08519631053956782,0.025948883890963365,0.9729320361151629,0.9988809200061263,2,3,0.2922159636447184,0.004621125085149296
USDCOP,132,6m,44,175,2025-04-04,2025-10-06,0.8854148576432351,0.08709044589483252,0.026414570186200366,0.9725053035380676,0.998919873724268,2,3,0.29161405285447817,0.0035857995631794356
USDCOP,132,6m,45,176,2025-04-07,2025-10-07,0.8833884891754189,0.08911627061088918,0.02642080135559063,0.9725047597863081,0.9989255611418987,2,3,0.29256882621873403,0.003312704341177755
USDCOP,132,6m,46,177,2025-04-08,2025-10-08,0.8811049678498627,0.09171069185763837,0.026100040260050868,0.9728156597075011,0.9989156999675519,2,3,0.29131719878420237,0.008487901636247068
USDCOP,132,6m,47,178,2025-04-09,2025-10-09,0.8751455021696094,0.09704749544900981,0.026692434537289887,0.9721929976186192,0.9988854321559091,2,3,0.2906100246594939,0.006476914225564876
USDCOP,132,6m,48,179,2025-04-10,2025-10-10,0.8597013655532181,0.10871230339049688,0.030343900949357624,0.968413668943715,0.9987575698930726,2,3,0.28781928929942957,0.008525794993209934
USDCOP,132,6m,49,180,2025-04-11,2025-10-13,0.8445988956475796,0.12137680774982809,0.03268348162395807,0.9659757033974077,0.9986591850213657,2,3,0.28778930900065514,0.0034379765074725745
USDCOP,132,6m,50,181,2025-04-14,2025-10-14,0.835413627965877,0.1300588879431631,0.03314032753554616,0.9654725159090402,0.9986128434445862,2,3,0.2865901640868487,0.005637871015800676
USDCOP,132,6m,51,182,2025-04-15,2025-10-15,0.8312431381390586,0.13517429614365395,0.03220792691210478,0.9664174342827125,0.9986253611948173,2,3,0.28568079721010653,0.008670937270370369
USDCOP,132,6m,52,183,2025-04-16,2025-10-16,0.8292992980085931,0.13779690243306256,0.031552510554633095,0.9670962004416557,0.9986487109962888,2,3,0.2857125638205096,0.007976591068342233
USDCOP,132,6m,53,184,2025-04-17,2025-10-17,0.8382907173335393,0.1307583911355892,0.0296425002206221,0.9690491084691285,0.9986916086897506,2,3,0.27870569272531215,0.012141193052514983
USDCOP,132,6m,54,185,2025-04-18,2025-10-20,0.8443975438430468,0.12597884996158035,0.028325144795226798,0.9703763938046271,0.9987015385998539,2,3,0.27219623032032,0.011761069679606604
USDCOP,132,6m,55,186,2025-04-21,2025-10-21,0.8513324493220268,0.12059357613533134,0.026796735148177084,0.9719260254573581,0.9987227606055352,2,3,0.2671429230959806,0.009525359725320549
USDCOP,132,6m,56,187,2025-04-22,2025-10-22,0.8591817698217737,0.11439704738099431,0.025178390726076562,0.9735788172027681,0.9987572079288446,2,3,0.26283461177188006,0.008230588093246201
USDCOP,132,6m,57,188,2025-04-23,2025-10-23,0.8611756257173393,0.11292067764839869,0.02465319775277682,0.9740963033657379,0.9987495011185148,2,3,0.25964141698412035,0.007698691844215917
USDCOP,132,6m,58,189,2025-04-24,2025-10-24,0.8663370708361097,0.10882610697911561,0.023624442474894602,0.9751631778152253,0.9987876202901199,2,3,0.25799682137413993,0.005388229971644685
USDCOP,132,6m,59,190,2025-04-25,2025-10-27,0.8639829369986612,0.11125180720440328,0.02352748203330518,0.9752347442030646,0.9987622262363697,2,3,0.25959277067233605,0.007043443616518418
USDCOP,132,6m,60,191,2025-04-28,2025-10-28,0.8626997456473159,0.1129184418458048,0.0231380724946472,0.9756181874931207,0.9987562599877678,2,3,0.2613470715370214,0.005452642926171113
USDCOP,132,6m,61,192,2025-04-29,2025-10-29,0.8596164978811623,0.11636463018339058,0.022747815449415214,0.975981128064553,0.9987289435139681,2,3,0.26304083156576025,0.006025675249085872
USDCOP,132,6m,62,193,2025-04-30,2025-10-30,0.8617581855808787,0.11523113915906097,0.02176752029081458,0.9769893247399397,0.9987568450307542,2,3,0.2647533388255563,0.0042106232131365
USDCOP,132,6m,63,194,2025-05-01,2025-10-31,0.8658242654174853,0.11238390791391276,0.02063412591823302,0.978208173331398,0.9988422992496311,2,3,0.2661219013020209,0.009757574223691577
USDCOP,132,6m,64,195,2025-05-02,2025-11-03,0.8652056490900085,0.11359133097419091,0.020089914764139478,0.9787969800641995,0.9988868948283389,2,3,0.268382322137218,0.010603553356704378
USDCOP,132,6m,65,196,2025-05-05,2025-11-04,0.8661535140816029,0.11358540689023235,0.019234216687835187,0.9797389209718352,0.9989731376596704,2,3,0.2729760614755073,0.015987039601204227
USDCOP,132,6m,66,197,2025-05-06,2025-11-05,0.8665562898034848,0.11418877369423107,0.01825772275992602,0.9807450634977158,0.9990027862576418,2,3,0.27776519470796324,0.011272811343903429
USDCOP,132,6m,67,198,2025-05-07,2025-11-06,0.866124990496274,0.1156585321070548,0.01722159529658926,0.9817835226033288,0.9990051178999181,2,3,0.27885552703947625,0.006684495163706436
USDCOP,132,6m,68,199,2025-05-08,2025-11-07,0.8671352137020311,0.11599736584740018,0.01588653420177218,0.9831325795494312,0.9990191137512034,2,3,0.2794349117629129,0.007286922762598037
USDCOP,132,6m,69,200,2025-05-09,2025-11-10,0.8640057296545076,0.12019330426856803,0.0148090138258811,0.9841990339230756,0.9990080477489568,2,3,0.27980210004389194,0.006113784202210896
USDCOP,132,6m,70,201,2025-05-12,2025-11-11,0.8613727747054705,0.12366207074082741,0.013962164082994876,0.9850348454462978,0.9989970095292927,2,3,0.28258599515105604,0.008651041158693135
USDCOP,132,6m,71,202,2025-05-13,2025-11-12,0.8590783428391745,0.12668846812695087,0.013233474100093397,0.9857668109661254,0.9990002850662187,2,3,0.2871436291535139,0.009297485679148189
USDCOP,132,6m,72,203,2025-05-14,2025-11-13,0.8579518311279551,0.12844431208115717,0.012598311198208112,0.9863961432091123,0.9989944544073204,2,3,0.29166942354525954,0.008879543166562458
USDCOP,132,6m,73,204,2025-05-15,2025-11-14,0.8593371607760548,0.12777747339309012,0.011894246431190185,0.9871146341691449,0.9990088806003351,2,3,0.29637150001203005,0.010424794737759572
USDCOP,132,6m,74,205,2025-05-16,2025-11-17,0.8607712923680833,0.12671824685845334,0.011537951077392358,0.9874895392265366,0.9990274903039289,2,3,0.2977133357983675,0.007508323718914609
USDCOP,132,6m,75,206,2025-05-19,2025-11-18,0.8608242954187556,0.12686362884697633,0.011347708802610686,0.9876879242657319,0.9990356330683426,2,3,0.2963800580340649,0.006743629986105619
USDCOP,132,6m,76,207,2025-05-20,2025-11-19,0.860908783137501,0.12696005454690049,0.011166254120584073,0.9878688376844015,0.9990350918049855,2,3,0.2944491248789782,0.004715323152475537
USDCOP,132,6m,77,208,2025-05-21,2025-11-20,0.8582904374175294,0.1294751531163156,0.011248119486624221,0.987765590533845,0.9990137100204692,2,3,0.29220650935682196,0.0043382299387786215
USDCOP,132,6m,78,209,2025-05-22,2025-11-21,0.8582905226141234,0.12946012624241576,0.0112597096111834,0.9877506488565392,0.9990103584677226,2,3,0.29160187365372947,0.0034411418161075335
USDCOP,132,6m,79,210,2025-05-23,2025-11-24,0.8592026555510988,0.12863815817898153,0.011161256655116565,0.9878408137300803,0.9990020703851968,2,3,0.2903163377471744,0.004132023466887275
USDCOP,132,6m,80,211,2025-05-26,2025-11-25,0.8612226912952187,0.1267837634057802,0.01100332904163473,0.9880064547009989,0.9990097837426336,2,3,0.29144747452092695,0.007120330594753127
USDCOP,132,6m,81,212,2025-05-27,2025-11-26,0.8647135305556697,0.12356393901115015,0.010746384491583563,0.9882774695668198,0.9990238540584034,2,3,0.2903749359562577,0.0022920886422507876
USDCOP,132,6m,82,213,2025-05-28,2025-11-27,0.8710499510018439,0.1177142010203756,0.01029042502100453,0.9887641520222195,0.999054577043224,2,3,0.2920833318914965,0.003936794906317372
USDCOP,132,6m,83,214,2025-05-29,2025-11-28,0.8701986392523551,0.11847630717081042,0.010365064141929961,0.9886749464231654,0.9990400105650955,2,3,0.2916893278448433,0.005224060004389534
USDCOP,132,6m,84,215,2025-05-30,2025-12-01,0.8706252433197279,0.11811702789340289,0.010274377164381168,0.9887422712131309,0.9990166483775119,2,3,0.2931133407581106,0.011652638611792266
USDCOP,132,6m,85,216,2025-06-02,2025-12-02,0.872297342313221,0.1165221940286757,0.010190950702929764,0.9888195363418967,0.9990104870448264,2,3,0.29214521497486773,0.00885629751305106
USDCOP,132,6m,86,217,2025-06-03,2025-12-03,0.8769567844421343,0.11216257228975857,0.009899832618161707,0.9891193567318929,0.9990191893500546,2,3,0.2906872841354173,0.0083505246962797125
USDCOP,132,6m,87,218,2025-06-04,2025-12-04,0.8838963824003606,0.10573314548217276,0.009417264223234764,0.9896295278825333,0.9990467921057682,2,3,0.28889359075228394,0.006356562452329711
USDCOP,132,6m,88,219,2025-06-05,2025-12-05,0.8903085008866273,0.09981868728791647,0.008953004358712192,0.9901271881745437,0.999080192533256,2,2,0.288222703743247,0.0068385321530682
USDCOP,132,6m,89,220,2025-06-06,2025-12-08,0.8951367419700865,0.09537386743113364,0.008594663864573197,0.9905106094012202,0.9991052732657933,2,2,0.28883316493980565,0.005997083413764843
USDCOP,132,6m,90,221,2025-06-09,2025-12-09,0.9004705055138802,0.09043120170035106,0.008231490892021527,0.9909017072142312,0.9991331981062528,2,2,0.28852419181531935,0.006109448182953906
USDCOP,132,6m,91,222,2025-06-10,2025-12-10,0.9076658060322595,0.0838451569037292,0.007670412924649292,0.9915109629359887,0.999181375860638,2,2,0.28945640872330414,0.006955053597773057
USDCOP,132,6m,92,223,2025-06-11,2025-12-11,0.9112184373522724,0.08053789549504868,0.007445124712010183,0.991756332847321,0.9992014575593312,2,2,0.2879451231211954,0.002639563588798678
USDCOP,132,6m,93,224,2025-06-12,2025-12-12,0.9142024424727222,0.0777099298810515,0.00730142793389674,0.9919123723537737,0.9992138002876705,2,2,0.2873616522040651,0.0026791374127081427
USDCOP,132,6m,94,225,2025-06-13,2025-12-15,0.9158932684383594,0.07596365461938812,0.0073346324222395174,0.9918569230577475,0.9991915554799871,2,2,0.28717811817633343,0.009595635496135657
USDCOP,132,6m,95,226,2025-06-16,2025-12-16,0.9186195147748532,0.07322473817148921,0.007309967767930527,0.9918442529463424,0.9991542207142728,2,2,0.2882201290752821,0.015452854791376638
USDCOP,132,6m,96,227,2025-06-17,2025-12-17,0.9187225992922684,0.07282075398244334,0.0075867504251722435,0.9915433532747118,0.999130103699884,2,2,0.2874587559034475,0.018016124851666017
USDCOP,132,6m,97,228,2025-06-18,2025-12-18,0.918153079937189,0.07295808251654136,0.007963891845208204,0.9911111624537303,0.9990750542989385,2,2,0.29965330318027283,0.03236695993501736
USDCOP,132,6m,98,229,2025-06-19,2025-12-19,0.9188265428176783,0.07176624677739066,0.008405510534963984,0.9905927895950689,0.9989983001300329,2,2,0.3294455822261284,0.05651432199456726
USDCOP,132,6m,99,230,2025-06-20,2025-12-22,0.9227835268755263,0.06794900664739774,0.008251884616115042,0.9907325335229241,0.9989844181390392,2,2,0.35047932212003396,0.035031981548766584
USDCOP,132,6m,100,231,2025-06-23,2025-12-23,0.9248683243491383,0.06583136103490135,0.008280993668992584,0.9906996853840397,0.9989806790530322,2,2,0.3650090827925408,0.0227991969668842
USDCOP,132,6m,101,232,2025-06-24,2025-12-24,0.9262085119625514,0.06443138552200518,0.0083237444376513,0.9906398974845566,0.9989636419222079,2,2,0.37548613971614436,0.016467634200862637
USDCOP,132,6m,102,233,2025-06-25,2025-12-25,0.927832671240393,0.06281455333743186,0.008288827173986161,0.9906472245778248,0.9989360517518111,2,2,0.3842717245869112,0.013314706460904276
USDCOP,132,6m,103,234,2025-06-26,2025-12-26,0.9290675657025258,0.06148864367758331,0.008358600708196969,0.9905562093801091,0.9989148100883061,2,2,0.39416999794392726,0.014007147331931364
USDCOP,132,6m,104,235,2025-06-27,2025-12-29,0.9305756102362917,0.05989521666439173,0.008420725212991474,0.9904708269006833,0.9988915521136749,2,2,0.4060475798791962,0.015937934654358592
USDCOP,132,6m,105,236,2025-06-30,2025-12-30,0.9313872514573441,0.05893683471211515,0.008527590323165645,0.9903240861694593,0.998851676492625,2,2,0.41842013378318693,0.016579364617509477
USDCOP,132,6m,106,237,2025-07-01,2025-12-31,0.9322661642835964,0.057842148160646686,0.00872376221262598,0.9901083124442431,0.9988320746568691,2,2,0.4292561881721226,0.015450861406478746
USDCOP,132,6m,107,238,2025-07-02,2026-01-01,0.9330425263710188,0.05693277361403551,0.008850281403526821,0.9899752999850543,0.9988255813885811,2,3,0.43630383939166356,0.010314397741394863
USDCOP,132,6m,108,239,2025-07-03,2026-01-02,0.9343553243067388,0.05550408951324673,0.008956538064371767,0.9898594138199855,0.9988159518843573,2,3,0.4434447090046121,0.010348129621916906
USDCOP,132,6m,109,240,2025-07-04,2026-01-05,0.9355465180883848,0.05401395386269514,0.009213899028360324,0.98956047195108,0.9987743709794403,2,3,0.4256541978114951,0.025155754932059668
USDCOP,132,6m,110,241,2025-07-07,2026-01-06,0.9369131197354275,0.05238345622648104,0.009442833623024897,0.9892965759619085,0.9987394095849333,2,3,0.40592338660160054,0.025454940346791
USDCOP,132,6m,111,242,2025-07-08,2026-01-07,0.9385304840616052,0.05056900683684559,0.009624603818689853,0.9890994908984508,0.9987240947171406,2,3,0.38929705342984994,0.02093645038703251
USDCOP,132,6m,112,243,2025-07-09,2026-01-08,0.9392250509238494,0.04956018207158998,0.009920651070020955,0.9887852329954394,0.9987058840654603,2,3,0.37740339231759573,0.017122936982412684
USDCOP,132,6m,113,244,2025-07-10,2026-01-09,0.9394175222135706,0.048933428063053515,0.010330842054806302,0.9883509502766241,0.9986817923314304,2,3,0.3662817723245663,0.016425328451249235
USDCOP,132,6m,114,245,2025-07-11,2026-01-12,0.9401186087983677,0.04765116235829936,0.010887289077715905,0.9877697711566671,0.9986570602343829,2,3,0.35559978271221754,0.017245685986721722
USDCOP,132,6m,115,246,2025-07-14,2026-01-13,0.9403841311873622,0.04679004012455291,0.01144986819125235,0.9871741713119151,0.9986240395031675,2,3,0.34072086472289026,0.01890834873483862
USDCOP,132,6m,116,247,2025-07-15,2026-01-14,0.9400614357770801,0.0464244208011986,0.012112545112712545,0.9864858565782787,0.9985984016909912,2,3,0.32968124554815165,0.015578981925640728
USDCOP,132,6m,117,248,2025-07-16,2026-01-15,0.9405255689534036,0.04557668885268526,0.012483311081765867,0.9861022578060888,0.9985855688878547,2,3,0.32160885915840304,0.012631900487617432
USDCOP,132,6m,118,249,2025-07-17,2026-01-16,0.9412576227861824,0.04492199551173254,0.01240648927973337,0.986179618297915,0.9985861075776483,2,3,0.316251344031398,0.008772057360771673
USDCOP,132,6m,119,250,2025-07-18,2026-01-19,0.9416606046774756,0.04472882102538729,0.012202612549810817,0.9863894257028629,0.9985920382526737,2,3,0.3182074866933168,0.007184435424303732
USDCOP,132,6m,120,251,2025-07-21,2026-01-20,0.9425786165680468,0.04423268015755875,0.011802426826822586,0.9868112967256055,0.9986137235524281,2,3,0.31949546730090433,0.00678910878199636
USDCOP,132,6m,121,252,2025-07-22,2026-01-21,0.9428514258164946,0.04421011980364024,0.011559650806725691,0.9870615456201348,0.9986211964268605,2,3,0.321777359936845,0.007050482577765997
USDCOP,132,6m,122,253,2025-07-23,2026-01-22,0.9434863502982852,0.04410759712821264,0.011049749723481236,0.9875939474264979,0.998643697149979,2,3,0.3232505940680805,0.008568447967216928
USDCOP,132,6m,123,254,2025-07-24,2026-01-23,0.9449668588140452,0.04350813583378457,0.010211762539842817,0.9884749946478297,0.9986867571876725,2,3,0.3315797923860671,0.014479684052920128
USDCOP,132,6m,124,255,2025-07-25,2026-01-26,0.946450192722005,0.04287765046886641,0.009403624195959248,0.9893278431908714,0.9987314673868307,2,3,0.3408560324501151,0.014721602104130978
USDCOP,132,6m,125,256,2025-07-28,2026-01-27,0.9470265164654659,0.042827739859278055,0.008884380793949872,0.9898542563247439,0.9987386371186938,2,3,0.34149226558939394,0.01150755597485445
USDCOP,132,6m,126,257,2025-07-29,2026-01-28,0.9481106437798178,0.042272713334639854,0.008367560599148153,0.9903833571144577,0.9987509177136058,2,2,0.3436375665181819,0.011262501067233562
USDCOP,132,6m,127,258,2025-07-30,2026-01-29,0.948391073816089,0.04221657128845233,0.008154300263147778,0.9906076451045414,0.9987619453676891,2,2,0.34112362116957096,0.007131489037931628
USDCOP,132,6m,128,259,2025-07-31,2026-01-30,0.9488074170664123,0.04207126162861743,0.007893544067035857,0.9908786786950297,0.9987722227620656,2,2,0.3400121345577451,0.007318496114636515
USDCOP,132,6m,129,260,2025-08-01,2026-02-02,0.9480544077814413,0.042906982678668555,0.007805979838797429,0.9909613904601099,0.9987673702989073,2,2,0.33884532116126975,0.0078073482123368594
USDCOP,132,6m,130,261,2025-08-04,2026-02-03,0.948430855687066,0.04306904254692829,0.007272121652498702,0.9914998982339943,0.998772019886493,2,2,0.3503162854983627,0.020462156015481268
USDCOP,132,6m,131,262,2025-08-05,2026-02-04,0.9479598377522962,0.04361406873418982,0.0071828161000348015,0.991573906486486,0.9987567225865208,2,2,0.3498421338377142,0.008546387169758246
USDCOP,132,6m,132,263,2025-08-06,2026-02-05,0.9479757067654039,0.043752811761690207,0.007025841767807768,0.9917285185270941,0.9987543602949018,2,2,0.35023821036010827,0.007910206379571903
USDCOP,132,6m,133,264,2025-08-07,2026-02-06,0.9483576438594612,0.04362931651903566,0.0067820022635796005,0.9919869603784969,0.9987689626420765,2,2,0.3541313746685147,0.013700794134822192
USDCOP,132,6m,134,265,2025-08-08,2026-02-09,0.94731936689956,0.04480106457076949,0.006595647172923249,0.9921204314703295,0.9987160786432527,2,2,0.3616516725138676,0.013375687770621446
USDCOP,132,6m,135,266,2025-08-11,2026-02-10,0.9461982957903737,0.04599167508804425,0.006505515288367081,0.992189970878418,0.998695486166785,2,2,0.36301876883555917,0.012157597905037426
USDCOP,132,6m,136,267,2025-08-12,2026-02-11,0.9453662845612583,0.046858375219235374,0.0064608015921975345,0.9922246597804937,0.9986854613726912,2,2,0.3657285414135207,0.014722506713460091
USDCOP,132,6m,137,268,2025-08-13,2026-02-12,0.9440126752653677,0.048122583323672245,0.006534805194342384,0.99213525858904,0.9986700637833823,2,2,0.3664726129333878,0.013908200227150254
USDCOP,132,6m,138,269,2025-08-14,2026-02-13,0.9428530165641844,0.04923953813418533,0.006563525737374618,0.9920925546983698,0.9986560804357444,2,2,0.36873048475765835,0.012158292989630715
USDCOP,132,6m,139,270,2025-08-15,2026-02-16,0.9403562940793075,0.05138154860432884,0.006858052169828083,0.9917378426836364,0.9985958948534644,2,2,0.3753569062339,0.033807960376512555
USDCOP,132,6m,140,271,2025-08-18,2026-02-17,0.9388927650594858,0.052869739324254664,0.006732168516510739,0.9917625043837405,0.9984946729002512,2,2,0.38943645746319433,0.02818653861716461
USDCOP,132,6m,141,272,2025-08-19,2026-02-18,0.9370645595436046,0.05431736392239796,0.006998974493600083,0.9913819234660025,0.9983808979596026,2,2,0.4154799974267841,0.04334607289707068
USDCOP,132,6m,142,273,2025-08-20,2026-02-19,0.93551857029711,0.0556846375017334,0.007065283680016076,0.9912032077988434,0.9982684914788595,2,2,0.4263604959992507,0.019161906409650892
USDCOP,132,6m,143,274,2025-08-21,2026-02-20,0.9335607671263499,0.05721789439060633,0.00741017893909089,0.9907786615169563,0.9981888404560472,2,2,0.45534935188308884,0.04009553182400608
USDCOP,132,6m,144,275,2025-08-22,2026-02-23,0.9326960424129643,0.057618383520822304,0.007825375208104633,0.9903144259337866,0.9981398011418913,2,2,0.48846552333678617,0.04248595306451796
USDCOP,132,6m,145,276,2025-08-25,2026-02-24,0.9331566147477229,0.057095497590578574,0.007733292464861402,0.9902521123383015,0.9979854048031629,2,2,0.4903136558814094,0.007650901896191342
USDCOP,132,6m,146,277,2025-08-26,2026-02-25,0.9337345364741925,0.05649813170158056,0.007639233100287019,0.990232668175773,0.9978719012760601,2,2,0.4959495672593556,0.009777118325344962
USDCOP,132,6m,147,278,2025-08-27,2026-02-26,0.9321132969254495,0.057924905458065244,0.007797535063500854,0.9900382023835148,0.9978357374470156,2,2,0.5123828644919499,0.021055539306972137
USDCOP,132,6m,148,279,2025-08-28,2026-02-27,0.9293723305826134,0.06040280026231604,0.008021936631319377,0.9897751308449294,0.9977970674762487,2,3,0.5220744294193584,0.01554496237575002
USDCOP,132,6m,149,280,2025-08-29,2026-03-02,0.9277206787002875,0.06192472072573644,0.00811589592669292,0.9896453994260239,0.9977612953527168,2,3,0.5313201022308868,0.014136949404496215
USDCOP,132,6m,150,281,2025-09-01,2026-03-03,0.9276763519684882,0.061996648712105376,0.008053689110429767,0.9896730006805936,0.9977266897910233,2,3,0.5278295423113036,0.006387098281424642
USDCOP,132,6m,151,282,2025-09-02,2026-03-04,0.9286105740259114,0.06119453776398128,0.007920979981369407,0.9898051117898927,0.9977260917712621,2,3,0.5315403113559382,0.00566390144797073
USDCOP,132,6m,152,283,2025-09-03,2026-03-05,0.932093848752441,0.058140556702233163,0.007546327796456724,0.9902344054546741,0.9977807332511308,2,2,0.5276309726545274,0.005265828189296062
USDCOP,132,6m,153,284,2025-09-04,2026-03-06,0.9363890608388515,0.05439629057970877,0.007073718418874156,0.9907853514185603,0.9978590698374344,2,2,0.5257332418581179,0.00432912248858518
USDCOP,132,6m,154,285,2025-09-05,2026-03-09,0.9353546663497195,0.05530607841203463,0.007077921488416951,0.9906607447617541,0.9977386662501712,2,2,0.5249018384564623,0.009136317131678525
USDCOP,132,6m,155,286,2025-09-08,2026-03-10,0.9341057697230121,0.05635921794253192,0.007111362063833708,0.990464987665544,0.9975763497293777,2,2,0.5134339246177854,0.016789761973142473
USDCOP,132,6m,156,287,2025-09-09,2026-03-11,0.9323994208653086,0.05770222189078093,0.007268728266315541,0.9901016427560895,0.9973703710224051,2,2,0.4868303342435999,0.031174722351299013
USDCOP,132,6m,157,288,2025-09-10,2026-03-12,0.9312270135743907,0.05878236202423544,0.007235330063414289,0.9900093755986262,0.9972447056620405,2,2,0.48158690693739153,0.009869812654698738
USDCOP,132,6m,158,289,2025-09-11,2026-03-13,0.9285289856555438,0.061244473503233025,0.00732149633250508,0.9897734591587768,0.9970949554912819,2,3,0.49210623854705776,0.016416630990070513
USDCOP,132,6m,159,290,2025-09-12,2026-03-16,0.926748773683775,0.06306700215852895,0.007204847274432509,0.9898157758423038,0.9970206231167364,2,3,0.4942886424199344,0.00608377735835327
USDCOP,132,6m,160,291,2025-09-15,2026-03-17,0.9246900419333709,0.06545363379797801,0.006734005088119179,0.9901436757313489,0.996877680819468,2,2,0.5246367250320911,0.035721488429512234
USDCOP,132,6m,161,292,2025-09-16,2026-03-18,0.9219608120086595,0.06784081854374127,0.006794201216558252,0.9898016305524008,0.996595831768959,2,3,0.49525820103130747,0.03646350492348712
USDCOP,132,6m,162,293,2025-09-17,2026-03-19,0.9205690912828105,0.06955442979328674,0.006570181756899379,0.9901235210760972,0.9966937028329966,2,2,0.49384849820000415,0.013151120637801945
USDCOP,132,6m,163,294,2025-09-18,2026-03-20,0.9194333377865496,0.07095524882292623,0.0063477783028064085,0.9903885866094758,0.9967363649122822,2,2,0.49538139502871614,0.008875195614197473
USDCOP,132,6m,164,295,2025-09-19,2026-03-23,0.9178582855025131,0.07273513366201934,0.006167215971462468,0.9905934191645325,0.9967606351359949,2,2,0.4997770651451198,0.013592231026243864
USDCOP,132,6m,165,296,2025-09-22,2026-03-24,0.9188910976652588,0.07218798597620153,0.005813277355645411,0.9910790836414604,0.9968923609971058,2,2,0.5007961820230967,0.009486092142197573
USDCOP,132,6m,166,297,2025-09-23,2026-03-25,0.9195640514791749,0.07184321148443867,0.00555441049496642,0.9914072629636135,0.99696167345858,2,2,0.5059714594058506,0.010438738000910375
USDCOP,132,6m,167,298,2025-09-24,2026-03-26,0.9204014681596059,0.07130696232478408,0.00530662498581861,0.99170843048439,0.9970150554702085,2,2,0.5090749687120055,0.007902529607340352
USDCOP,132,6m,168,299,2025-09-25,2026-03-27,0.9248977956582051,0.0673698084999097,0.004953837419583794,0.9922676041581148,0.9972214415776985,2,2,0.4933299488600504,0.020400758228639935
