Par,h,fecha,Modelo,TRAIN_SIZE,K0,RMSE,MAE,WRMSE_short,WRMSE_long
USDARS,1,2025-07-08,PM,110,8,0.14199251740848887,0.11,0.18300176075417907,0.10748565607201477
USDARS,1,2025-07-08,PA,110,8,1.3612308520038365,1.0376361508173255,0.9868844476688197,1.5807926701145152
USDARS,1,2025-07-08,VAR1,110,8,15.557683534981646,10.102748351311972,22.257743044698483,9.340140963235331
USDARS,1,2025-07-08,ARHinc,110,8,1.3635717888411492,1.0310048051148337,0.9775761730813175,1.5839854913851623
USDARS,1,2025-07-08,KernelARH,110,8,1.3834683565735448,1.0439065548017583,1.0076444159942615,1.5974108809692167
USDARS,5,2025-07-14,PM,110,7,0.2597121187303061,0.21534615384615388,0.27358343129380397,0.2231627159796415
USDARS,5,2025-07-14,PA,110,7,1.337175533810851,1.0164030743129455,0.9631442281251564,1.552737938101468
USDARS,5,2025-07-14,VAR1,110,7,24.76908534008686,15.94685318772573,36.4311977018567,14.63374964871934
USDARS,5,2025-07-14,ARHinc,110,7,1.34250973369338,1.0055468438701238,0.9561425752634003,1.5601691835603917
USDARS,5,2025-07-14,KernelARH,110,7,1.41835972796828,1.1009931831032698,1.0714413773633003,1.609028443842241
USDARS,10,2025-07-21,PM,110,5,0.3278229470543278,0.2924999999999999,0.35619548960927594,0.3153414535732609
USDARS,10,2025-07-21,PA,110,5,1.2718574973884975,0.9830654995793947,0.9312259674722285,1.4853598248223925
USDARS,10,2025-07-21,VAR1,110,5,5.1745571126054815,4.634902476941657,5.1708101392248285,4.71193216630884
USDARS,10,2025-07-21,ARHinc,110,5,1.2761678756663135,0.9821901203527585,0.9298243851343418,1.4905977816224711
USDARS,10,2025-07-21,KernelARH,110,5,1.2736177319398974,0.9582591127751177,0.9287361633315251,1.4802024073737736
USDARS,1,2025-07-09,PM,110,8,0.0950768919591684,0.07342307692307685,0.1196510353800952,0.06762256213493349
USDARS,1,2025-07-09,PA,110,8,1.3421551910570857,1.0183162891781083,0.9635921973920342,1.5620342639190645
USDARS,1,2025-07-09,VAR1,110,8,40.88340164237567,28.39016027616156,59.671500923944976,22.904397091645016
USDARS,1,2025-07-09,ARHinc,110,8,1.3410361885513276,1.01921536801517,0.9625997978131149,1.5615997066055638
USDARS,1,2025-07-09,KernelARH,110,8,1.3442326562772189,1.021789300496651,0.9742559541319775,1.5626738871691477
USDARS,5,2025-07-15,PM,110,7,0.2742886779401475,0.22369230769230772,0.3331026140525718,0.22538564585679924
USDARS,5,2025-07-15,PA,110,7,1.3504285890867407,1.036815694683979,1.0320411600892396,1.55477475782999
USDARS,5,2025-07-15,VAR1,110,7,81.20742627908422,57.171972190117565,121.50609636726412,44.70305479127366
USDARS,5,2025-07-15,ARHinc,110,7,1.3525605886530816,1.046516204464909,1.0501662907372034,1.5525766164090988
USDARS,5,2025-07-15,KernelARH,110,7,1.3722324432605886,1.0678641262791562,1.1058437038717273,1.5564868683428765
USDARS,10,2025-07-22,PM,110,5,0.4205416036310981,0.3346153846153849,0.4939975435724395,0.3837216546525404
USDARS,10,2025-07-22,PA,110,5,1.2795333998541247,0.9765399878891052,0.960789561129524,1.4885439184082532
USDARS,10,2025-07-22,VAR1,110,5,21.331774634209953,16.911124064800834,27.79305010938826,13.757960275807056
USDARS,10,2025-07-22,ARHinc,110,5,1.2801278251281123,0.9791610414953191,0.9685183417874379,1.4869687732207397
USDARS,10,2025-07-22,KernelARH,110,5,1.2449200265626927,0.9447750472275727,0.8911777230680902,1.4643286966718965
USDARS,1,2025-07-10,PM,110,8,0.5177742677148915,0.40157692307692283,0.6794521786983398,0.33181940375385716
USDARS,1,2025-07-10,PA,110,8,1.4396040087602122,1.160068534641817,1.210977783334295,1.587522394274127
USDARS,1,2025-07-10,VAR1,110,8,46.74401420413886,32.943121105634425,67.77081690988422,26.202099512936805
USDARS,1,2025-07-10,ARHinc,110,8,1.4479626363809976,1.1709722518110117,1.229877277440725,1.5906131477288383
USDARS,1,2025-07-10,KernelARH,110,8,1.4841251805613844,1.2104822860111666,1.2957797546678471,1.6058432164021685
USDARS,5,2025-07-16,PM,110,7,0.3527675607578975,0.30942307692307697,0.44116060399890433,0.3023353508465887
USDARS,5,2025-07-16,PA,110,7,1.2825352296502548,1.0083356992140597,1.0198907050913044,1.4739043200585984
USDARS,5,2025-07-16,VAR1,110,7,91.1924212555639,63.16594021465554,136.05861482567357,49.65743642383781
USDARS,5,2025-07-16,ARHinc,110,7,1.2879590295957892,1.0191903921629715,1.0399036470902054,1.4734205863422702
USDARS,5,2025-07-16,KernelARH,110,7,1.2770581361718625,0.9894143349995069,1.0075844125524833,1.4676118633132647
USDARS,10,2025-07-23,PM,110,5,0.46526016295269623,0.3561923076923077,0.5342515290397798,0.42019827510025587
USDARS,10,2025-07-23,PA,110,5,1.2791863824417247,0.9772672497187603,0.9339285622763486,1.493420695044093
USDARS,10,2025-07-23,VAR1,110,5,31.15352201966207,24.341358892624328,41.849488626685236,19.354222355684065
USDARS,10,2025-07-23,ARHinc,110,5,1.2780850819054026,0.9769930075541176,0.9359707128443372,1.49124183326248
USDARS,10,2025-07-23,KernelARH,110,5,1.2477023918580397,0.9481699811928311,0.8997076093725797,1.4585002027364333
USDARS,1,2025-07-11,PM,110,8,0.0940887469769487,0.07349999999999993,0.09411592846156226,0.08760295648003563
USDARS,1,2025-07-11,PA,110,8,1.3230064975584503,1.0090301071474077,0.9554501250104105,1.5404553462300912
USDARS,1,2025-07-11,VAR1,110,8,32.97301159989766,22.883139423542598,47.003825996644274,18.909215522265303
USDARS,1,2025-07-11,ARHinc,110,8,1.3297984239918736,1.0096482723742144,0.9593186106513446,1.5447845682898078
USDARS,1,2025-07-11,KernelARH,110,8,1.380592630868204,1.0526975527854752,1.0263051305771125,1.5779446036763183
USDARS,5,2025-07-17,PM,110,7,0.43672651405304325,0.39326923076923076,0.47868745955598657,0.38315187376716325
USDARS,5,2025-07-17,PA,110,7,1.2826022044728642,0.9705220940688237,0.9435789655217972,1.4858757171735433
USDARS,5,2025-07-17,VAR1,110,7,59.92461747569646,40.77061301649298,89.10037837579578,32.618814619412824
USDARS,5,2025-07-17,ARHinc,110,7,1.3226659653760542,1.0062464205301953,1.0105310069560833,1.5100407078341296
USDARS,5,2025-07-17,KernelARH,110,7,1.3818542663195013,1.0737848223871758,1.0597246980085697,1.5564154581039933
USDARS,10,2025-07-24,PM,110,5,0.8081534924181742,0.6183461538461537,0.97864497615728,0.6246720623069619
USDARS,10,2025-07-24,PA,110,5,1.4085681892788462,1.1100711421042595,1.1449931436867147,1.5594442971471465
USDARS,10,2025-07-24,VAR1,110,5,17.690007431978852,14.05383198142307,23.152783022174514,11.381083488640396
USDARS,10,2025-07-24,ARHinc,110,5,1.4377470552994933,1.1340088373334507,1.1964385128781123,1.5744274734869563
USDARS,10,2025-07-24,KernelARH,110,5,1.292705174173031,0.9844187112919526,0.967702981329695,1.4817246718765031
USDARS,1,2025-07-14,PM,110,8,0.29321272469501886,0.20015384615384624,0.47599604871485307,0.15276847359941056
USDARS,1,2025-07-14,PA,110,8,1.329989946158966,1.019290010430928,0.9721162220280644,1.542488211511509
USDARS,1,2025-07-14,VAR1,110,8,35.60276583200036,23.064273650465704,49.91910326808943,21.06020214960689
USDARS,1,2025-07-14,ARHinc,110,8,1.3291853003125156,1.0151921859866941,0.9644883940388997,1.5433701576459609
USDARS,1,2025-07-14,KernelARH,110,8,1.3463933698231894,1.0180707073981174,0.9623840754551298,1.5678502808234227
USDARS,5,2025-07-18,PM,110,7,0.43738064305942587,0.38211538461538463,0.457963642274214,0.37902134232369317
USDARS,5,2025-07-18,PA,110,7,1.3015062461051357,0.9983834030480876,0.9659316027529622,1.4995098533902935
USDARS,5,2025-07-18,VAR1,110,7,69.19934304635582,45.34737979166672,102.4207920738936,38.28801039043331
USDARS,5,2025-07-18,ARHinc,110,7,1.2987092519885488,0.9999122470801611,0.9614798254587594,1.4978692897968957
USDARS,5,2025-07-18,KernelARH,110,7,1.2833186803835142,0.9639509538857409,0.9180724077140324,1.5079860160843486
USDARS,10,2025-07-25,PM,110,5,0.6259871435150676,0.46130769230769203,0.7139362785157504,0.5106952124408021
USDARS,10,2025-07-25,PA,110,5,1.3420407973295967,1.036952459684394,1.0166132523635854,1.5328268092539281
USDARS,10,2025-07-25,VAR1,110,5,22.42279676339841,17.811719486936344,29.353017115294666,14.422175932394177
USDARS,10,2025-07-25,ARHinc,110,5,1.3410150066735058,1.0344501481218427,1.0124697640291627,1.5339101095250334
USDARS,10,2025-07-25,KernelARH,110,5,1.2667509420594143,0.962049135005366,0.9191695881127913,1.4786412990584714
USDARS,1,2025-07-15,PM,110,8,0.19213051453474164,0.14596153846153817,0.28322598094383417,0.1293754403205396
USDARS,1,2025-07-15,PA,110,8,1.3273476127057133,1.0149285616628658,0.9804834100364389,1.54458538761308
USDARS,1,2025-07-15,VAR1,110,8,16.968137488985803,11.264447422986796,24.907064694078503,9.72759397029404
USDARS,1,2025-07-15,ARHinc,110,8,1.321589628028637,1.009128924371941,0.9629299649901709,1.542140237837206
USDARS,1,2025-07-15,KernelARH,110,8,1.3664527591983036,1.0471524873509692,1.0610962994025215,1.5652754890470915
USDARS,5,2025-07-21,PM,110,7,0.2627224332314942,0.20761538461538448,0.2737741143780601,0.2620126197956544
USDARS,5,2025-07-21,PA,110,7,1.268926472682258,0.9802439315599764,0.9337314158135676,1.4800611992135408
USDARS,5,2025-07-21,VAR1,110,7,20.092735583024464,13.882023619647931,29.23201031162245,11.843154644792607
USDARS,5,2025-07-21,ARHinc,110,7,1.2731944787496667,0.9851242693939255,0.9379937728649379,1.4832518611843446
USDARS,5,2025-07-21,KernelARH,110,7,1.263888242769424,0.972596755729346,0.9322909634544599,1.4694786212066988
USDARS,10,2025-07-28,PM,110,5,0.8713600112644425,0.6450384615384613,0.627111733400387,1.0064168411680647
USDARS,10,2025-07-28,PA,110,5,1.4206880831463824,1.0801592458347062,0.972597995756185,1.6892451949023808
USDARS,10,2025-07-28,VAR1,110,5,4.8341613223298365,4.223920509514447,4.427324308584331,5.139520416857732
USDARS,10,2025-07-28,ARHinc,110,5,1.4269226888492283,1.087187539736663,0.9772587126068457,1.6961112371506182
USDARS,10,2025-07-28,KernelARH,110,5,1.4327181831213132,1.0974282784828309,0.9613117783288823,1.7133344553510863
USDARS,1,2025-07-16,PM,110,8,0.23458084550304428,0.18876923076923086,0.26468541264032597,0.23074216489378033
USDARS,1,2025-07-16,PA,110,8,1.251125232414038,0.960376844643727,0.9234960408953833,1.4637522669129015
USDARS,1,2025-07-16,VAR1,110,8,35.5246766306885,25.41424354877561,47.36633624030264,22.40401466586471
USDARS,1,2025-07-16,ARHinc,110,8,1.2524340620218652,0.966605868199232,0.9391943808424061,1.4612703810037457
USDARS,1,2025-07-16,KernelARH,110,8,1.2608573157113996,0.9668723696562631,0.9277640285105665,1.4733546789488372
USDARS,5,2025-07-22,PM,110,7,0.5430931709271368,0.4412307692307691,0.6527798123416109,0.46761425219957076
USDARS,5,2025-07-22,PA,110,7,1.331921076693641,1.0409608202677756,1.0552016529983772,1.516335254018975
USDARS,5,2025-07-22,VAR1,110,7,65.8627048624622,43.571372121019806,96.17456912737306,36.55718775689485
USDARS,5,2025-07-22,ARHinc,110,7,1.3323779316641904,1.0381960644250743,1.0664874702742013,1.5126353667837997
USDARS,5,2025-07-22,KernelARH,110,7,1.3561670749577106,1.0060975751110335,0.9737159200914182,1.5844694666968293
USDARS,10,2025-07-29,PM,110,5,0.8574313439660256,0.6380000000000003,0.6512840899681834,0.9690395083702126
USDARS,10,2025-07-29,PA,110,5,1.4148494554845201,1.0883140850783113,1.0042014858407704,1.6695823523437154
USDARS,10,2025-07-29,VAR1,110,5,31.962600797626642,23.889238877189342,43.88691168551223,19.1459170878794
USDARS,10,2025-07-29,ARHinc,110,5,1.4146837413885278,1.0866887467377588,1.012815628453845,1.6704355252159149
USDARS,10,2025-07-29,KernelARH,110,5,1.4575383794978851,1.1177774762916777,1.023207110097287,1.7264832815374456
USDARS,1,2025-07-17,PM,110,8,0.11219445687664867,0.08269230769230769,0.16756085255053188,0.07576651824134885
USDARS,1,2025-07-17,PA,110,8,1.224732420023227,0.9353767209813076,0.8681824366899108,1.4440179119656436
USDARS,1,2025-07-17,VAR1,110,8,41.92423503034719,27.87840004422049,54.65355797795881,27.051784680183797
USDARS,1,2025-07-17,ARHinc,110,8,1.2237500654215618,0.9364642030077782,0.8673132511506167,1.44415246921642
USDARS,1,2025-07-17,KernelARH,110,8,1.2282860665545154,0.9406594453009596,0.877977878512276,1.446575467563733
USDARS,5,2025-07-23,PM,110,7,0.477997073132333,0.38969230769230756,0.5829112968507119,0.3914671134220947
USDARS,5,2025-07-23,PA,110,7,1.3105478122872734,1.0372390626869727,1.0172663026860689,1.4944651063877397
USDARS,5,2025-07-23,VAR1,110,7,73.75269005785178,45.11622455433561,105.53907511642082,42.08696447421027
USDARS,5,2025-07-23,ARHinc,110,7,1.2864153343100877,1.014751489957835,0.9879177100295528,1.4769150976334071
USDARS,5,2025-07-23,KernelARH,110,7,1.2586198446323862,0.9528908403174557,0.903516666159149,1.4730372558802647
USDARS,10,2025-07-30,PM,110,5,0.8624852562842409,0.6221153846153846,0.5616591107389052,1.0288667020301883
USDARS,10,2025-07-30,PA,110,5,1.4199028590030767,1.1030078199016637,0.9867734589657755,1.685734056657717
USDARS,10,2025-07-30,VAR1,110,5,38.169607097692904,28.590849107537814,51.87940996274399,23.13288880653999
USDARS,10,2025-07-30,ARHinc,110,5,1.4068112485987276,1.093162916678789,0.969598979980898,1.6765542026152476
USDARS,10,2025-07-30,KernelARH,110,5,1.4316149401863218,1.1206938207545865,1.0171816642500904,1.679978673969547
USDARS,1,2025-07-18,PM,110,8,0.09812986881600379,0.07834615384615369,0.10431211440620511,0.0796613752232676
USDARS,1,2025-07-18,PA,110,8,1.2389835364800839,0.9560230700773621,0.8864481787453056,1.457913299899672
USDARS,1,2025-07-18,VAR1,110,8,31.171870494058403,22.53647873000543,39.49113711794671,21.10903594851023
USDARS,1,2025-07-18,ARHinc,110,8,1.2390124153402018,0.955908180884084,0.8867247197782039,1.4579306406575638
USDARS,1,2025-07-18,KernelARH,110,8,1.25026371828314,0.9644620101572331,0.9103781066562513,1.4653201220028809
USDARS,5,2025-07-24,PM,110,7,0.47834138517300645,0.38403846153846133,0.5716963071497534,0.38251352311659076
USDARS,5,2025-07-24,PA,110,7,1.3146011269288014,1.0517059029488722,1.0275468796595237,1.49327197091648
USDARS,5,2025-07-24,VAR1,110,7,53.93263799583535,33.036646505164214,76.77903557649125,31.101642669446623
USDARS,5,2025-07-24,ARHinc,110,7,1.3144346261797493,1.0519531156525912,1.0273616652311024,1.493199380727979
USDARS,5,2025-07-24,KernelARH,110,7,1.3091094477085565,0.9863884950953823,0.9398290040515231,1.5248620406066737
USDARS,10,2025-07-31,PM,110,5,0.9597466111908433,0.7984230769230768,0.7154138286800009,1.0796705934363178
USDARS,10,2025-07-31,PA,110,5,1.4360019946362486,1.1164987799558639,1.0108747584468796,1.6847184775287005
USDARS,10,2025-07-31,VAR1,110,5,27.420153534531895,20.642411370859893,37.31958282571716,16.599803068426255
USDARS,10,2025-07-31,ARHinc,110,5,1.4316478256175806,1.1101177078695184,1.0036616831740284,1.6829690719401245
USDARS,10,2025-07-31,KernelARH,110,5,1.4499886778900912,1.1393148558369297,1.0376415158044732,1.671157584082028
USDARS,1,2025-07-21,PM,110,8,0.20158947717500594,0.14711538461538456,0.21503851547723127,0.1440256310489966
USDARS,1,2025-07-21,PA,110,8,1.2512036179751183,0.9681964967373352,0.8938772663986986,1.462674261538861
USDARS,1,2025-07-21,VAR1,110,8,40.59662056922512,28.127385526461975,50.90672304740574,27.520069681477164
USDARS,1,2025-07-21,ARHinc,110,8,1.2516032602638838,0.9692137805469104,0.8963198179672018,1.4626680542809425
USDARS,1,2025-07-21,KernelARH,110,8,1.255124785177417,0.9736934492109472,0.905626322426529,1.464074870363633
USDARS,5,2025-07-25,PM,110,7,0.3187430240563946,0.26330769230769235,0.4036405822344527,0.24579342695719014
USDARS,5,2025-07-25,PA,110,7,1.280419191123991,0.9998597040549811,0.969726630699528,1.4779860684223247
USDARS,5,2025-07-25,VAR1,110,7,72.8011579435592,44.861609806287795,103.77003107031985,41.80515088525925
USDARS,5,2025-07-25,ARHinc,110,7,1.277604717337951,0.9972870314292189,0.9669629309569706,1.4757884394762975
USDARS,5,2025-07-25,KernelARH,110,7,1.2544503959340978,0.9559181802416935,0.9117088523353196,1.4682091691961758
USDARS,10,2025-08-01,PM,110,5,1.0138777663012442,0.8495,0.8160519099391049,1.1116448658911482
USDARS,10,2025-08-01,PA,110,5,1.452000205473825,1.1477401396613656,1.0461341208342203,1.6929616468672948
USDARS,10,2025-08-01,VAR1,110,5,37.13347697858424,27.642465583909114,50.852023579870014,22.26655660140857
USDARS,10,2025-08-01,ARHinc,110,5,1.4528271443436704,1.1481051144535823,1.0452232735278213,1.694183602046371
USDARS,10,2025-08-01,KernelARH,110,5,1.4648169031853817,1.1703759445128525,1.073078315938916,1.6745982884092694
USDARS,1,2025-07-22,PM,110,8,0.3010662142861856,0.23776923076923076,0.3929437723992916,0.2223143142360263
USDARS,1,2025-07-22,PA,110,8,1.2669519283748745,0.9841164677227362,0.9608893234756494,1.4660767514452444
USDARS,1,2025-07-22,VAR1,110,8,19.398102127854795,13.283437064005705,28.259691506477278,11.114666830515924
USDARS,1,2025-07-22,ARHinc,110,8,1.2689007284960883,0.9935131727050273,0.9647996443304553,1.4661896802076162
USDARS,1,2025-07-22,KernelARH,110,8,1.2563769533509224,0.9736115404968505,0.9397060642612735,1.460381800921181
USDARS,5,2025-07-28,PM,110,7,0.9218421147980731,0.666807692307692,0.5938465130546786,1.1154384032363778
USDARS,5,2025-07-28,PA,110,7,1.4782971501648927,1.1386148736005506,1.0042860345903364,1.767050469442044
USDARS,5,2025-07-28,VAR1,110,7,25.031817032984826,16.973993705529484,36.36164498564742,14.773665165815393
USDARS,5,2025-07-28,ARHinc,110,7,1.474382113491387,1.1395314026436172,1.0097856864101815,1.7571116667837758
USDARS,5,2025-07-28,KernelARH,110,7,1.4273539671196285,1.090888341450378,0.958363666347701,1.7071474106737958
USDARS,10,2025-08-04,PM,110,5,1.255471965345794,1.1502307692307692,1.2062483016759982,1.2143941820538897
USDARS,10,2025-08-04,PA,110,5,1.6074473918544148,1.3659981670256067,1.3277700424421575,1.7543107902883708
USDARS,10,2025-08-04,VAR1,110,5,4.920467127231905,4.473220292308828,4.75012526286358,4.751196420605747
USDARS,10,2025-08-04,ARHinc,110,5,1.6227721939555309,1.3856635727838114,1.3699824952658,1.7546526008133638
USDARS,10,2025-08-04,KernelARH,110,5,1.5683416055946438,1.3304849227036804,1.2775735878700827,1.7153953993335642
USDARS,1,2025-07-23,PM,110,8,0.184549477418346,0.1466153846153844,0.2537559075066262,0.12095805882469798
USDARS,1,2025-07-23,PA,110,8,1.2354410377985907,0.9553298292608267,0.8863713970011085,1.4479107109103169
USDARS,1,2025-07-23,VAR1,110,8,35.37009735816295,25.035622512379316,48.408291887898926,21.881084397848223
USDARS,1,2025-07-23,ARHinc,110,8,1.233944342547576,0.9439973252659659,0.8770671762591968,1.4488212990108458
USDARS,1,2025-07-23,KernelARH,110,8,1.3029684154226597,0.9634912519274401,0.9270164056126551,1.519507980944539
USDARS,5,2025-07-29,PM,110,7,0.8665938239851648,0.6464615384615383,0.5851952438375252,1.0397587338881602
USDARS,5,2025-07-29,PA,110,7,1.4398746607138024,1.1197945495943264,0.9986554374341113,1.716276905278551
USDARS,5,2025-07-29,VAR1,110,7,49.68450726341268,31.895935027080267,70.71040485579049,29.07893660891507
USDARS,5,2025-07-29,ARHinc,110,7,1.444228243876681,1.119306973770231,1.0060745234436748,1.7192888911676552
USDARS,5,2025-07-29,KernelARH,110,7,1.4478246398404595,1.134047034371512,1.0386622742641811,1.6967098055086973
USDARS,10,2025-08-05,PM,110,5,1.1736424850406137,1.093,1.0950098345798052,1.1558131096539437
USDARS,10,2025-08-05,PA,110,5,1.5977020787778222,1.3671372539748021,1.3499959416514202,1.733272438601229
USDARS,10,2025-08-05,VAR1,110,5,20.117632807187373,16.462449300227718,26.364939354621185,13.037152053329093
USDARS,10,2025-08-05,ARHinc,110,5,1.5979684986144866,1.367871045291859,1.3430034131272965,1.7344035526841515
USDARS,10,2025-08-05,KernelARH,110,5,1.5902972359149297,1.3303812151373662,1.2833173957159105,1.7306258985468057
USDARS,1,2025-07-24,PM,110,8,0.1450750800315265,0.11773076923076915,0.14716703850799906,0.11607294178543498
USDARS,1,2025-07-24,PA,110,8,1.2316198620233723,0.9393207561371364,0.8678486779775405,1.4491933639791559
USDARS,1,2025-07-24,VAR1,110,8,27.060478446820337,18.90636919544237,37.58641913876069,16.376060783536367
USDARS,1,2025-07-24,ARHinc,110,8,1.2300391041269156,0.9407964754170723,0.8670731256456908,1.4479452050551944
USDARS,1,2025-07-24,KernelARH,110,8,1.2278663280527948,0.9391844553172755,0.8666249841430855,1.4471671068228598
USDARS,5,2025-07-30,PM,110,7,0.8661551868414271,0.6194615384615384,0.6247402716404954,1.029116877711696
USDARS,5,2025-07-30,PA,110,7,1.4294767251818226,1.1140406727128762,1.0129998814201289,1.7023372504442331
USDARS,5,2025-07-30,VAR1,110,7,37.985460200508605,24.515729491925796,53.9066576620516,22.44625726678963
USDARS,5,2025-07-30,ARHinc,110,7,1.4290878702280063,1.1132152508143078,1.0123348274564252,1.7028293197456976
USDARS,5,2025-07-30,KernelARH,110,7,1.4005778456517806,1.0872861404965972,0.9929675326415629,1.6606421959054765
USDARS,10,2025-08-06,PM,110,5,1.1572218888354988,1.0619615384615382,0.985234329492794,1.1832650047568878
USDARS,10,2025-08-06,PA,110,5,1.5921330084726757,1.336877512114729,1.2744561250014885,1.7578148649843501
USDARS,10,2025-08-06,VAR1,110,5,14.21075313313645,12.014811978614599,18.379046884862227,9.510567690093778
USDARS,10,2025-08-06,ARHinc,110,5,1.585498418929647,1.3289303987001773,1.263360889894218,1.7558851372732698
USDARS,10,2025-08-06,KernelARH,110,5,1.6380473773605226,1.401574591812058,1.3478766438658738,1.7541911714446148
USDARS,1,2025-07-25,PM,110,8,0.2274810854351836,0.17780769230769217,0.3262355474086901,0.15093470112708363
USDARS,1,2025-07-25,PA,110,8,1.2634260625894724,0.9886748914056162,0.9639621577373843,1.4653587679271713
USDARS,1,2025-07-25,VAR1,110,8,28.46876361126998,19.83592319230538,39.58568715455104,17.20378730199431
USDARS,1,2025-07-25,ARHinc,110,8,1.2677412070532728,0.988680205829245,0.9632305794403606,1.4686579623060079
USDARS,1,2025-07-25,KernelARH,110,8,1.2487716637532995,0.9632292537397672,0.9202167486480142,1.46095126760418
USDARS,5,2025-07-31,PM,110,7,0.8546930398146999,0.6282692307692308,0.5629315883302489,1.0170301459659181
USDARS,5,2025-07-31,PA,110,7,1.396399570172955,1.0518964191735904,0.9347326027731888,1.677792399192407
USDARS,5,2025-07-31,VAR1,110,7,40.09067412341294,26.460501468348276,56.940345757882696,23.79988437520895
USDARS,5,2025-07-31,ARHinc,110,7,1.3969171201619892,1.0532726400678787,0.9341746940363567,1.6812846026077943
USDARS,5,2025-07-31,KernelARH,110,7,1.398904062426743,1.0693988220563502,0.960995917824219,1.6482965426817673
USDARS,10,2025-08-07,PM,110,5,1.0842341989058097,0.9676923076923075,0.8811864690239458,1.1512653156413053
USDARS,10,2025-08-07,PA,110,5,1.5391777813226786,1.2650334265518208,1.1793802120246937,1.7387792763590695
USDARS,10,2025-08-07,VAR1,110,5,13.125964994587981,11.688833916486296,16.20116518426671,9.501509907234716
USDARS,10,2025-08-07,ARHinc,110,5,1.5305890203069157,1.2508715809228075,1.159072716835014,1.7388338453820826
USDARS,10,2025-08-07,KernelARH,110,5,1.621623399145929,1.3909958993768894,1.3460993245399162,1.732982342914857
USDARS,1,2025-07-28,PM,110,8,0.8855125362879266,0.6015384615384616,0.5426202300821374,1.0910112005318051
USDARS,1,2025-07-28,PA,110,8,1.4603763503998257,1.1279888916797711,0.974490889123865,1.7587238644332532
USDARS,1,2025-07-28,VAR1,110,8,46.92693457034213,31.880192991406663,61.68968088077016,30.0695922148372
USDARS,1,2025-07-28,ARHinc,110,8,1.457222417836934,1.1253209058498903,0.9763685825622594,1.7541070186717038
USDARS,1,2025-07-28,KernelARH,110,8,1.4676635048075664,1.129371968653444,0.9818767508359425,1.7670571448346197
USDARS,5,2025-08-01,PM,110,7,0.9487110435906021,0.817269230769231,0.7226231524061649,1.066522265985615
USDARS,5,2025-08-01,PA,110,7,1.4376196176118232,1.1154471196482383,1.0066124611788014,1.6922453806585995
USDARS,5,2025-08-01,VAR1,110,7,80.23392759381012,53.98906116009488,113.89846370294973,47.00351311182226
USDARS,5,2025-08-01,ARHinc,110,7,1.4416336879734466,1.1260578006166477,1.020080256415583,1.6889865343952584
USDARS,5,2025-08-01,KernelARH,110,7,1.4283390416618982,1.1077666630556025,1.0030647758355125,1.6670723006835642
USDARS,10,2025-08-08,PM,110,5,1.2934565163218223,1.1653076923076926,1.1782110730242692,1.294382661010136
USDARS,10,2025-08-08,PA,110,5,1.7127172563237636,1.4712499054227965,1.4779653649154691,1.8288994241375607
USDARS,10,2025-08-08,VAR1,110,5,34.7901425171118,26.29981784630118,47.09969738899287,21.234444424782495
USDARS,10,2025-08-08,ARHinc,110,5,1.716996953797045,1.4775781359966376,1.483883712507523,1.8274290112536375
USDARS,10,2025-08-08,KernelARH,110,5,1.7102396125567407,1.463142725081894,1.432713897741342,1.8158088266083405
USDARS,1,2025-07-29,PM,110,8,0.16074780175551628,0.13596153846153852,0.20598861141822555,0.13655828831435118
USDARS,1,2025-07-29,PA,110,8,1.1798656937911787,0.8990471832841098,0.8757644747678143,1.3883751168981386
USDARS,1,2025-07-29,VAR1,110,8,46.57785640419,36.41605809915165,42.3574604361094,45.64437024231907
USDARS,1,2025-07-29,ARHinc,110,8,1.7199656941758652,1.4625988873660463,1.741904188900305,1.7319162288613303
USDARS,1,2025-07-29,KernelARH,110,8,2.216543300658319,1.879648646304774,2.4658366368418325,1.9240526755089937
USDARS,5,2025-08-04,PM,110,7,0.7587048998128324,0.642730769230769,0.8962354361117666,0.5649660979442385
USDARS,5,2025-08-04,PA,110,7,1.329915695018828,1.0860499064993312,1.1602437665988818,1.4357902675604097
USDARS,5,2025-08-04,VAR1,110,7,77.54282533849225,56.19739538014332,115.74055754743075,42.57748410383519
USDARS,5,2025-08-04,ARHinc,110,7,2.1679279009626793,1.859247906203189,2.550582840717837,1.9430919658022132
USDARS,5,2025-08-04,KernelARH,110,7,2.182989977495475,1.9396362897705142,2.1719879250618126,1.993538973731549
USDARS,10,2025-08-11,PM,110,5,1.0607231296112607,0.8936923076923077,1.1992248824394782,0.8448513100938058
USDARS,10,2025-08-11,PA,110,5,1.4641128282948153,1.1699232322887605,1.1887540627683824,1.5715293036953306
USDARS,10,2025-08-11,VAR1,110,5,24.346068705484846,20.797137256695137,30.26058902313048,17.057769258796576
USDARS,10,2025-08-11,ARHinc,110,5,1.9221363237837155,1.5696211473519917,1.7852944322470765,1.8716598146060484
USDARS,10,2025-08-11,KernelARH,110,5,1.7808287768378288,1.5046081790472796,1.502391623948248,1.9033112241665755
USDARS,1,2025-07-30,PM,110,8,0.08021605440692904,0.06576923076923089,0.0835658965588048,0.07401319184859885
USDARS,1,2025-07-30,PA,110,8,1.1588779779876879,0.889031092100582,0.8452950014986985,1.3684288556287019
USDARS,1,2025-07-30,VAR1,110,8,45.47671522189961,32.774361707052336,68.08343969066004,24.829389551533406
USDARS,1,2025-07-30,ARHinc,110,8,1.1611610134648727,0.8861514608973478,0.8454578222011261,1.3704971429156863
USDARS,1,2025-07-30,KernelARH,110,8,1.466101025225091,1.1015904130170981,1.0195694464374292,1.7215060821024704
USDARS,5,2025-08-05,PM,110,7,0.7616053389437946,0.6051538461538463,0.956803905795969,0.5439755863665761
USDARS,5,2025-08-05,PA,110,7,1.3249969196046507,1.0990414991954955,1.1620976805266572,1.4273095844168142
USDARS,5,2025-08-05,VAR1,110,7,64.95895834290195,48.42822525687458,96.8298076246213,36.96787757609334
USDARS,5,2025-08-05,ARHinc,110,7,1.2925403484102944,1.0620865879091668,1.1154724164925962,1.4095860244798841
USDARS,5,2025-08-05,KernelARH,110,7,1.3622336236375265,1.0888716473177469,1.1421409027414593,1.5537519855736643
USDARS,10,2025-08-12,PM,110,5,1.0682473289314747,0.8981923076923075,1.2189632445510827,0.8718612650076456
USDARS,10,2025-08-12,PA,110,5,1.446077916873565,1.1622156211901202,1.1750369917566268,1.5602882955061053
USDARS,10,2025-08-12,VAR1,110,5,13.274442777475722,11.724166566054091,15.25021119145545,10.334663269224901
USDARS,10,2025-08-12,ARHinc,110,5,1.4340694190617915,1.1506858510791549,1.155728478633632,1.5539983536493323
USDARS,10,2025-08-12,KernelARH,110,5,1.4434030053040956,1.1599591976833485,1.1683904688354128,1.5607420632346074
USDARS,1,2025-07-31,PM,110,8,0.3466854731708443,0.27561538461538426,0.4111045236271063,0.26040570500542215
USDARS,1,2025-07-31,PA,110,8,1.1617189780979496,0.8834971888689412,0.8480510395437195,1.3606717952764589
USDARS,1,2025-07-31,VAR1,110,8,44.38105333844995,31.609085288104293,66.6655626309596,24.236349674247464
USDARS,1,2025-07-31,ARHinc,110,8,1.1653739902294658,0.8846785115537014,0.848764157541666,1.3635591545158001
USDARS,1,2025-07-31,KernelARH,110,8,1.1581728123578454,0.8791111982196718,0.8405517472634143,1.3590886040632981
USDARS,5,2025-08-06,PM,110,7,0.9080169644297992,0.7486538461538457,1.0370491598047562,0.7054645001851877
USDARS,5,2025-08-06,PA,110,7,1.4137531481708752,1.1733567592983853,1.242999076912989,1.4933892038515224
USDARS,5,2025-08-06,VAR1,110,7,52.546653133247275,39.489182300754095,77.98349302864112,30.480511231281127
USDARS,5,2025-08-06,ARHinc,110,7,1.4319380004620683,1.1909123942164632,1.2602177960274816,1.50748104362061
USDARS,5,2025-08-06,KernelARH,110,7,1.4087793957963561,1.1708711072557854,1.2367929918192029,1.4901622250109425
USDARS,10,2025-08-13,PM,110,5,1.2118164607791826,1.0215,1.4359933662294142,0.9709614228989111
USDARS,10,2025-08-13,PA,110,5,1.545762786445309,1.283859209316064,1.376244607064947,1.6092562337547764
USDARS,10,2025-08-13,VAR1,110,5,6.641746603553286,5.850228629921001,7.382259798939066,5.41405313915994
USDARS,10,2025-08-13,ARHinc,110,5,1.545503694397872,1.2828839574650497,1.3734231408194797,1.6100023987613328
USDARS,10,2025-08-13,KernelARH,110,5,1.5363825171783665,1.2737938487692604,1.3651246156533545,1.6011695836293978
USDARS,1,2025-08-01,PM,110,8,0.15869934079645945,0.11711538461538483,0.17833870807219457,0.1232316334870095
USDARS,1,2025-08-01,PA,110,8,1.1031522555137507,0.8306366983175777,0.759888038852333,1.3269880185831728
USDARS,1,2025-08-01,VAR1,110,8,68.20200340344368,49.42563806031816,102.15587544176795,37.66735530107073
USDARS,1,2025-08-01,ARHinc,110,8,1.1015053951439573,0.8284070821324542,0.7572226625321835,1.3261987964008501
USDARS,1,2025-08-01,KernelARH,110,8,1.1163773123453136,0.8450194547964252,0.780829082324034,1.3338478332342294
USDARS,5,2025-08-07,PM,110,7,0.6374085530188142,0.5255,0.6848653501536333,0.5393009804202218
USDARS,5,2025-08-07,PA,110,7,1.2604391010376497,1.0160781031974329,1.002108017918314,1.4172613384908546
USDARS,5,2025-08-07,VAR1,110,7,87.37677871099261,65.88845326962823,129.77739598583648,50.96156370431259
USDARS,5,2025-08-07,ARHinc,110,7,1.236389811495013,0.99207073923669,0.9730063825937658,1.4027626597635305
USDARS,5,2025-08-07,KernelARH,110,7,1.3255378058240161,1.0854602284517156,1.112156271690592,1.4476094548604612
USDARS,10,2025-08-14,PM,110,5,0.9182530183828588,0.7709230769230768,1.1093447474241833,0.7479766424443802
USDARS,10,2025-08-14,PA,110,5,1.3600490507220557,1.115762314049892,1.139130817221797,1.4900763394698795
USDARS,10,2025-08-14,VAR1,110,5,8.567347681116035,7.445778355704396,9.982429582133182,6.505865743066127
USDARS,10,2025-08-14,ARHinc,110,5,1.3382692512779666,1.1011174139509905,1.1030858938724677,1.4803810362953034
USDARS,10,2025-08-14,KernelARH,110,5,1.4772930357257577,1.2363569983725848,1.3334198839845488,1.5496441217788883
USDARS,1,2025-08-04,PM,110,8,0.27506651293543816,0.21284615384615388,0.4019070859009997,0.17660254284962726
USDARS,1,2025-08-04,PA,110,8,1.1130564144149724,0.8434215872728329,0.7784591805430445,1.332815743059003
USDARS,1,2025-08-04,VAR1,110,8,60.35325656119411,43.960684818395485,90.45065885203263,33.53179206678017
USDARS,1,2025-08-04,ARHinc,110,8,1.1080248790731937,0.8257179472277096,0.7577749334807403,1.332372920049469
USDARS,1,2025-08-04,KernelARH,110,8,1.1182605971514812,0.8479788967599132,0.7883210047127589,1.3352431004942178
USDARS,5,2025-08-08,PM,110,7,0.5994655472232678,0.5096923076923074,0.5975240822825797,0.5489603002405317
USDARS,5,2025-08-08,PA,110,7,1.2246039906903958,0.9570543172398094,0.917560306258353,1.4089127383985103
USDARS,5,2025-08-08,VAR1,110,7,73.98202566542784,55.91505425642337,109.81039417842987,43.325181478189016
USDARS,5,2025-08-08,ARHinc,110,7,1.2177250426973216,0.9505129111824797,0.9088196242812948,1.4026818598865063
USDARS,5,2025-08-08,KernelARH,110,7,1.3251807567874625,1.078622006872929,1.0812804608582367,1.4607546255163049
USDARS,10,2025-08-15,PM,110,5,0.674891337407506,0.5795769230769231,0.7053066652117004,0.6040258698074511
USDARS,10,2025-08-15,PA,110,5,1.2534717646615217,0.993327605061713,0.9542005541362588,1.4280343244853249
USDARS,10,2025-08-15,VAR1,110,5,4.146192844629643,3.70947685584459,4.255370392309557,3.904858525641684
USDARS,10,2025-08-15,ARHinc,110,5,1.244116569736788,0.9837927455203083,0.9441797039946292,1.4202154382632508
USDARS,10,2025-08-15,KernelARH,110,5,1.3759877708303139,1.1246660301919824,1.1233891332583439,1.5029250438573192
USDARS,1,2025-08-05,PM,110,8,0.0833383972820358,0.066076923076923,0.09059157848672575,0.06664955144364532
USDARS,1,2025-08-05,PA,110,8,1.0902832341771744,0.8175195488634863,0.7316180619155312,1.3237072843961828
USDARS,1,2025-08-05,VAR1,110,8,102.6778207404773,75.06198397004188,152.50851801729434,58.04180356654592
USDARS,1,2025-08-05,ARHinc,110,8,1.0871535347689605,0.8132327012945029,0.725671035837382,1.3216235502176854
USDARS,1,2025-08-05,KernelARH,110,8,1.0934827578458748,0.8263909121740176,0.7485896246185725,1.3230534227944206
USDARS,5,2025-08-11,PM,110,7,0.4250505060487609,0.3565769230769232,0.37366787263223583,0.4397849589431583
USDARS,5,2025-08-11,PA,110,7,1.1524493262013986,0.8675668507011368,0.794958448520721,1.376000410328106
USDARS,5,2025-08-11,VAR1,110,7,153.3631399317409,112.21682109688145,228.1934167818799,88.25737502289344
USDARS,5,2025-08-11,ARHinc,110,7,1.1380142238907702,0.8548161277962506,0.7780491777910914,1.3663347815085418
USDARS,5,2025-08-11,KernelARH,110,7,1.2015209932537252,0.9436214507597076,0.9064497308517326,1.392639475808857
USDARS,10,2025-08-18,PM,110,5,0.46618402812293247,0.38900000000000007,0.4050602189904563,0.48080569923129407
USDARS,10,2025-08-18,PA,110,5,1.1676651398545124,0.8790454820423318,0.8142802202309404,1.3857385817938475
USDARS,10,2025-08-18,VAR1,110,5,14.81336277795558,13.683154608937636,16.452109383104947,12.966754675471066
USDARS,10,2025-08-18,ARHinc,110,5,1.1532654899569057,0.8631122448793924,0.7995275501791709,1.374997191021269
USDARS,10,2025-08-18,KernelARH,110,5,1.2366344813393157,0.9722012933176679,0.9270465891072521,1.4231276812672669
USDARS,1,2025-08-06,PM,110,8,0.17837649250089835,0.14696153846153834,0.15540311518057384,0.1808159404140144
USDARS,1,2025-08-06,PA,110,8,1.102841370716197,0.8269669820099831,0.7424673642518096,1.3354173468032737
USDARS,1,2025-08-06,VAR1,110,8,77.56750935681941,56.78673668255727,115.37210801708346,43.66815571428003
USDARS,1,2025-08-06,ARHinc,110,8,1.1026503932407021,0.8258957958031711,0.7457399851790215,1.3345753976625587
USDARS,1,2025-08-06,KernelARH,110,8,1.0993364940244932,0.8246808740159189,0.7423743047445881,1.33277910666679
USDARS,5,2025-08-12,PM,110,7,0.4102147069148432,0.33899999999999986,0.3403711935525627,0.4359280006288454
USDARS,5,2025-08-12,PA,110,7,1.1400084910786206,0.8507223404392095,0.7848909868259268,1.3631129409584588
USDARS,5,2025-08-12,VAR1,110,7,114.16027822307657,84.52741449097935,169.78056472549935,66.12845865550709
USDARS,5,2025-08-12,ARHinc,110,7,1.1364597147402824,0.848267234458979,0.7811072850514033,1.3597328435177414
USDARS,5,2025-08-12,KernelARH,110,7,1.1841760714630931,0.9117337742250686,0.8574028492896874,1.3864926352770057
USDARS,10,2025-08-19,PM,110,5,0.35436427368110673,0.3151923076923075,0.37071283629263013,0.34629746827445257
USDARS,10,2025-08-19,PA,110,5,1.1737231820658989,0.9161961417990521,0.9169395881415904,1.3674136438512674
USDARS,10,2025-08-19,VAR1,110,5,8.246927841413275,6.997419603314045,7.1091172225222135,9.170087515119613
USDARS,10,2025-08-19,ARHinc,110,5,1.1715456896175152,0.9152974219058823,0.9187492006534514,1.3649052232659207
USDARS,10,2025-08-19,KernelARH,110,5,1.1470388054025935,0.8598678467648238,0.8203235946233866,1.3672758165300951
USDARS,1,2025-08-07,PM,110,8,0.1080246588658207,0.08646153846153842,0.10249395343104502,0.11053032276709726
USDARS,1,2025-08-07,PA,110,8,1.0838015029969792,0.8206751750464104,0.7346200294889274,1.3142640543724464
USDARS,1,2025-08-07,VAR1,110,8,71.45871190209564,52.48094384923026,106.66672443433029,40.09542549731448
USDARS,1,2025-08-07,ARHinc,110,8,1.0838247895483724,0.8215896507897137,0.7364605231167682,1.3141233160361836
USDARS,1,2025-08-07,KernelARH,110,8,1.0848872615985254,0.8229580455418456,0.7430279744589827,1.3139237252870954
USDARS,5,2025-08-13,PM,110,7,0.38167684176337136,0.3246923076923079,0.4717837523983017,0.3341067502894719
USDARS,5,2025-08-13,PA,110,7,1.1296860328432512,0.8665900027864104,0.8186863596706317,1.3419571307707392
USDARS,5,2025-08-13,VAR1,110,7,102.61270473702535,77.35081470723078,152.4558928057756,60.13121370530925
USDARS,5,2025-08-13,ARHinc,110,7,1.1229539330150424,0.858911886062715,0.8062556120471587,1.3374360278829076
USDARS,5,2025-08-13,KernelARH,110,7,1.1776892963919532,0.9214786268002042,0.8893873458540883,1.373909641821202
USDARS,10,2025-08-20,PM,110,5,0.33938660732381465,0.27346153846153837,0.3999718915041244,0.24682681192820627
USDARS,10,2025-08-20,PA,110,5,1.1863561418525836,0.934226942501047,0.935664887177317,1.372854860372716
USDARS,10,2025-08-20,VAR1,110,5,8.383046347800507,6.458801267444831,5.52817925103516,9.871937784930113
USDARS,10,2025-08-20,ARHinc,110,5,1.1885235027694143,0.9356906050018431,0.9411603277949343,1.3739629122616912
USDARS,10,2025-08-20,KernelARH,110,5,1.1469301613298226,0.8789710746430638,0.8379661776671885,1.3627364693132589
USDARS,1,2025-08-08,PM,110,8,0.13587235950303905,0.1168461538461539,0.12175626400388183,0.13926360221452658
USDARS,1,2025-08-08,PA,110,8,1.0811644341022981,0.8153648094716566,0.7411268686985281,1.3081253450105301
USDARS,1,2025-08-08,VAR1,110,8,86.20327615915875,63.366856872447194,128.5610248821357,48.479160166258964
USDARS,1,2025-08-08,ARHinc,110,8,1.0807032198743238,0.8137596290147808,0.7411798346494236,1.307600322640945
USDARS,1,2025-08-08,KernelARH,110,8,1.080261398531455,0.8155987074289593,0.7428511788917659,1.3069546749245624
USDARS,5,2025-08-14,PM,110,7,0.33207187590825993,0.2694615384615384,0.4867094996206359,0.23799253008802787
USDARS,5,2025-08-14,PA,110,7,1.108125699540244,0.8568390799596426,0.8144679441458446,1.314229144238657
USDARS,5,2025-08-14,VAR1,110,7,126.24262096199848,94.63912601087699,187.71025509874698,73.77441821318595
USDARS,5,2025-08-14,ARHinc,110,7,1.1094141549360894,0.8578195045711176,0.8176649994752834,1.31467377054826
USDARS,5,2025-08-14,KernelARH,110,7,1.1578330524671525,0.9084498667504716,0.8953274609979328,1.3475113198504334
USDARS,10,2025-08-21,PM,110,5,0.39872718164757115,0.29630769230769216,0.4271443083332756,0.3359843045532356
USDARS,10,2025-08-21,PA,110,5,1.2026556559474002,0.927324451583009,0.9131679413351902,1.4024963784298718
USDARS,10,2025-08-21,VAR1,110,5,11.466675749056419,8.842964726208299,7.482565249583476,13.534810464350373
USDARS,10,2025-08-21,ARHinc,110,5,1.201377637100212,0.9254030156132139,0.9069178785875954,1.4030587372764725
USDARS,10,2025-08-21,KernelARH,110,5,1.1586661960319251,0.8772542544015224,0.8346885345028224,1.3776802238788564
USDARS,1,2025-08-11,PM,110,8,0.11854810772911492,0.06803846153846159,0.2080026491781569,0.05243049207915166
USDARS,1,2025-08-11,PA,110,8,1.0708144637438546,0.8009929581611115,0.7089469533527472,1.3017898865919093
USDARS,1,2025-08-11,VAR1,110,8,83.14701606453342,61.21476311939304,124.00927833430612,46.873042283924846
USDARS,1,2025-08-11,ARHinc,110,8,1.0707089403166992,0.8014355605595908,0.708793521438638,1.301738902758596
USDARS,1,2025-08-11,KernelARH,110,8,1.0713712166238507,0.8007150248606572,0.7097512776875067,1.302102093440713
USDARS,5,2025-08-15,PM,110,7,0.09351187707369667,0.07353846153846165,0.13035621612519258,0.0648510900614648
USDARS,5,2025-08-15,PA,110,7,1.0730970136971814,0.818270343941322,0.7354516917729705,1.295648668015279
USDARS,5,2025-08-15,VAR1,110,7,125.44620500828036,94.16895525507921,186.4425280735074,73.51543864516155
USDARS,5,2025-08-15,ARHinc,110,7,1.072884007158302,0.8175347902892557,0.7355128677254202,1.2953342489363442
USDARS,5,2025-08-15,KernelARH,110,7,1.103881739883854,0.835217790514336,0.7709862122158329,1.3202859497815589
USDARS,10,2025-08-22,PM,110,5,0.3849100794091641,0.30942307692307663,0.387294014893893,0.372253212565692
USDARS,10,2025-08-22,PA,110,5,1.1957522747112421,0.9080636493195847,0.896872459454114,1.4103575285452878
USDARS,10,2025-08-22,VAR1,110,5,13.363858140387963,10.855626908556207,9.213710961040482,15.365915960290542
USDARS,10,2025-08-22,ARHinc,110,5,1.1970477727763442,0.9088261108446876,0.895171272225523,1.412885095979358
USDARS,10,2025-08-22,KernelARH,110,5,1.1519966301100169,0.8693044928913034,0.8304195266064676,1.3764183277519857
USDARS,1,2025-08-12,PM,110,8,0.09004219096538106,0.07557692307692303,0.10804877785907668,0.08510046912492657
USDARS,1,2025-08-12,PA,110,8,1.0713778342011622,0.8145206884505477,0.7394839536497178,1.2947783267589692
USDARS,1,2025-08-12,VAR1,110,8,113.93011636375846,82.81175537854963,169.00728436743307,64.81751270977536
USDARS,1,2025-08-12,ARHinc,110,8,1.0698607060331744,0.8130847416917308,0.7370423602088488,1.2933802260115888
USDARS,1,2025-08-12,KernelARH,110,8,1.0694658838205384,0.8057037851486313,0.7221924733304044,1.2960373718547014
USDARS,5,2025-08-18,PM,110,7,0.06704834650631405,0.05546153846153838,0.056087421384063196,0.07518205632794268
USDARS,5,2025-08-18,PA,110,7,1.069950018394021,0.8029906020596187,0.7171187310656513,1.2986036062905877
USDARS,5,2025-08-18,VAR1,110,7,188.76543674859874,138.09374950563787,280.95468700783636,109.22627312824713
USDARS,5,2025-08-18,ARHinc,110,7,1.0698672484468348,0.8014252158769333,0.7156885413205843,1.2987177554404643
USDARS,5,2025-08-18,KernelARH,110,7,1.0873355150232922,0.8153050695480968,0.7384490430815225,1.3122433108302323
USDARS,10,2025-08-25,PM,110,5,0.35419627327231995,0.29007692307692307,0.3530361716847379,0.3470904527608607
USDARS,10,2025-08-25,PA,110,5,1.1764354377647406,0.8734931686366314,0.8280625633317634,1.402742846515869
USDARS,10,2025-08-25,VAR1,110,5,19.713039489452125,14.749556671700507,12.401067045239104,23.73730727935101
USDARS,10,2025-08-25,ARHinc,110,5,1.1751501819612444,0.8747736329551736,0.8258118695616827,1.4018286524955115
USDARS,10,2025-08-25,KernelARH,110,5,1.1409306974749744,0.8444664787315663,0.7783110075459613,1.3741961282720279
USDARS,1,2025-08-13,PM,110,8,0.1863341962504675,0.12788461538461543,0.2952510999129944,0.10713639193064885
USDARS,1,2025-08-13,PA,110,8,1.0764490208283484,0.8179537464838867,0.7390144842148167,1.2987943718388744
USDARS,1,2025-08-13,VAR1,110,8,92.09108929497835,67.6910797182582,136.93232669733635,52.30587075480756
USDARS,1,2025-08-13,ARHinc,110,8,1.0748543985101493,0.8152751731470832,0.7357062253997209,1.2977232386274202
USDARS,1,2025-08-13,KernelARH,110,8,1.0797346775286139,0.8216159342505208,0.7474470298957918,1.3003492088435233
USDARS,5,2025-08-19,PM,110,7,0.4757445076282661,0.39115384615384596,0.5647101756703401,0.3545433435358024
USDARS,5,2025-08-19,PA,110,7,1.1948739877173997,0.9479421176891135,0.9543022279795274,1.3648400298007124
USDARS,5,2025-08-19,VAR1,110,7,147.5754674719331,109.24044507865561,219.50054302049261,85.97097460828262
USDARS,5,2025-08-19,ARHinc,110,7,1.1995337817867333,0.9527954914341146,0.9644932461201016,1.3671714197800704
USDARS,5,2025-08-19,KernelARH,110,7,1.146085243496004,0.8876196728669065,0.8656123197517994,1.3415503765765873
USDARS,10,2025-08-26,PM,110,5,0.4464757832178583,0.35603846153846147,0.4269083801570154,0.44226259869309165
USDARS,10,2025-08-26,PA,110,5,1.2166865552502715,0.9171550824729852,0.9004654798103421,1.4308229125943803
USDARS,10,2025-08-26,VAR1,110,5,15.753191873675531,12.162749164347995,10.22879976913466,18.59727995680997
USDARS,10,2025-08-26,ARHinc,110,5,1.2210280975368268,0.9196697339534419,0.9055042604254957,1.4347938256938182
USDARS,10,2025-08-26,KernelARH,110,5,1.1631829621334548,0.8696798138653073,0.8266211004290828,1.3877890569070361
USDARS,1,2025-08-14,PM,110,8,0.07132738712336331,0.05223076923076918,0.0941698428101232,0.04795948526875157
USDARS,1,2025-08-14,PA,110,8,1.065689552553615,0.7961594031101134,0.7125054396700881,1.2919024269232142
USDARS,1,2025-08-14,VAR1,110,8,129.94861096513648,90.22848995886217,191.95435350053035,74.30061368363981
USDARS,1,2025-08-14,ARHinc,110,8,1.066222639048275,0.7941657140885198,0.713053196701547,1.2919784284978149
USDARS,1,2025-08-14,KernelARH,110,8,1.0697994063160166,0.799528809665975,0.7213781175902602,1.2937272511602027
USDARS,5,2025-08-20,PM,110,7,0.6247564910242415,0.5187692307692309,0.7993017294490544,0.46944452280661525
USDARS,5,2025-08-20,PA,110,7,1.2885427197637989,1.0417991896728156,1.1375296653233529,1.4280369611988935
USDARS,5,2025-08-20,VAR1,110,7,240.29319686868536,167.6253699735944,357.6667714015031,137.20030620193555
USDARS,5,2025-08-20,ARHinc,110,7,1.2904642625466183,1.042761143386898,1.1290849874885882,1.4311810886843428
USDARS,5,2025-08-20,KernelARH,110,7,1.1871702017184835,0.9178966374705486,0.9127571833478496,1.3824001526730192
USDARS,10,2025-08-27,PM,110,5,0.5490072771690876,0.44430769230769235,0.5666085597787369,0.5131903084156193
USDARS,10,2025-08-27,PA,110,5,1.266910725647604,0.9606422167859423,0.9691915224431897,1.4658710505347294
USDARS,10,2025-08-27,VAR1,110,5,25.187172078279474,18.690305558806806,16.294776323580134,30.64825189825614
USDARS,10,2025-08-27,ARHinc,110,5,1.2733688145290216,0.9694456569092957,0.974552468294551,1.4717553903518112
USDARS,10,2025-08-27,KernelARH,110,5,1.1838401456159593,0.880705015590296,0.8316913301859584,1.4103569569565328
USDARS,1,2025-08-15,PM,110,8,0.20274913449497514,0.11261538461538463,0.3494737457476132,0.09043107060781926
USDARS,1,2025-08-15,PA,110,8,1.0903701572731668,0.839917665323553,0.8269901350676607,1.2969066601070716
USDARS,1,2025-08-15,VAR1,110,8,127.01967576924686,87.30208778031918,187.3609129840127,72.83416827705024
USDARS,1,2025-08-15,ARHinc,110,8,1.091051391584267,0.8410990644671132,0.8300700512056508,1.2970820686253328
USDARS,1,2025-08-15,KernelARH,110,8,1.086247518908697,0.8342285207782425,0.8108795295020353,1.2958675648844962
USDARS,5,2025-08-21,PM,110,7,0.6661709615406542,0.529884615384615,0.8190515919317329,0.5317395358761321
USDARS,5,2025-08-21,PA,110,7,1.3132867889094777,1.0472432826303182,1.1312773116697759,1.463996352617244
USDARS,5,2025-08-21,VAR1,110,7,247.50795958188874,172.25609385784182,368.1572053870802,141.49621701068344
USDARS,5,2025-08-21,ARHinc,110,7,1.302886090821196,1.0390153707570589,1.120829850394432,1.4560559363158851
USDARS,5,2025-08-21,KernelARH,110,7,1.2086034017499476,0.919917155565776,0.9035623821358658,1.4145162402069442
USDARS,10,2025-08-28,PM,110,5,0.5491850168133757,0.4512692307692307,0.5371667098725882,0.53042807161544
USDARS,10,2025-08-28,PA,110,5,1.2628321540950986,0.9466685099027978,0.9224104135462002,1.4736904549183656
USDARS,10,2025-08-28,VAR1,110,5,27.071572562879563,20.216097329750532,17.223676185520638,32.88235911472245
USDARS,10,2025-08-28,ARHinc,110,5,1.2604174023964112,0.9441836979793231,0.9182979417598687,1.4720808698851546
USDARS,10,2025-08-28,KernelARH,110,5,1.1887116841637897,0.8788119257971762,0.8171378851202994,1.418420827961817
USDARS,1,2025-08-18,PM,110,8,0.10664169880059539,0.07957692307692288,0.15070305517749935,0.06944134939198869
USDARS,1,2025-08-18,PA,110,8,1.0671820313882219,0.7964666713888522,0.7091104123279026,1.2958221923813291
USDARS,1,2025-08-18,VAR1,110,8,76.50698584669854,56.66685252071945,113.62133207157589,43.887013203720045
USDARS,1,2025-08-18,ARHinc,110,8,1.0677892252539314,0.7986325471267745,0.7099733384533984,1.2971719668305908
USDARS,1,2025-08-18,KernelARH,110,8,1.0686966991866484,0.7992716373069799,0.7111175230857396,1.297732056126591
USDARS,5,2025-08-22,PM,110,7,0.4539738534490555,0.3679615384615383,0.4759343464570356,0.4275824512496414
USDARS,5,2025-08-22,PA,110,7,1.2161385444755761,0.9207988597491771,0.9164002807614161,1.4267615810463377
USDARS,5,2025-08-22,VAR1,110,7,129.2225491882648,95.31840869750795,191.98159559231124,75.48358300201956
USDARS,5,2025-08-22,ARHinc,110,7,1.2215349272519862,0.9234149980336599,0.9293766117381452,1.4298131896221475
USDARS,5,2025-08-22,KernelARH,110,7,1.1771789069249283,0.8829216361011828,0.8607016129934573,1.397680022959229
USDARS,10,2025-08-29,PM,110,5,0.581920395031697,0.4641153846153848,0.48090058301109606,0.6024705072398551
USDARS,10,2025-08-29,PA,110,5,1.2872245430508051,0.9719266051461865,0.925873012464431,1.509137619112684
USDARS,10,2025-08-29,VAR1,110,5,15.81675320324944,12.760300711774642,10.833548488403675,18.16279897404991
USDARS,10,2025-08-29,ARHinc,110,5,1.2829986671783438,0.9646944382574798,0.9240428342672704,1.5048992490988804
USDARS,10,2025-08-29,KernelARH,110,5,1.2347801872179895,0.9248601050898642,0.8733473534899618,1.4615670331242079
USDARS,1,2025-08-19,PM,110,8,0.4744775973474567,0.3809230769230766,0.6112641138711092,0.33493253603652723
USDARS,1,2025-08-19,PA,110,8,1.1992803148807936,0.9561234880246855,0.9864791312591253,1.3622679318668767
USDARS,1,2025-08-19,VAR1,110,8,96.49257345469047,70.4354845192945,142.82979324265438,55.51327862196189
USDARS,1,2025-08-19,ARHinc,110,8,1.1997913726097804,0.9537939378605591,0.977959180343646,1.3637591161221452
USDARS,1,2025-08-19,KernelARH,110,8,1.1979870913076205,0.95272682907991,0.9814618296536931,1.361991373622256
USDARS,5,2025-08-25,PM,110,7,0.4003141794986686,0.3198076923076922,0.3814909215509793,0.4005504459065361
USDARS,5,2025-08-25,PA,110,7,1.1916050522005759,0.8852702770199156,0.8422036880778517,1.4165014462286227
USDARS,5,2025-08-25,VAR1,110,7,170.15341284121342,123.01508057514648,253.0634511536651,98.54970938717409
USDARS,5,2025-08-25,ARHinc,110,7,1.1908702537320426,0.8845426738350429,0.8393991341443864,1.416123934914304
USDARS,5,2025-08-25,KernelARH,110,7,1.1703264953265102,0.8666799252459917,0.8074550042781605,1.4012115645399705
USDARS,10,2025-09-01,PM,110,5,0.5413255632099924,0.4253846153846153,0.4500445030210092,0.5641802518338264
USDARS,10,2025-09-01,PA,110,5,1.2689093573757546,0.9470815404385906,0.8888364653497761,1.498338260733333
USDARS,10,2025-09-01,VAR1,110,5,19.369786382801788,15.008814671324322,12.602919111011792,22.82354358085342
USDARS,10,2025-09-01,ARHinc,110,5,1.2664456722771567,0.945074334592851,0.8844654056780907,1.4964783794267265
USDARS,10,2025-09-01,KernelARH,110,5,1.227074133590275,0.910083893396321,0.8424869544920708,1.4613706498629961
USDARS,1,2025-08-20,PM,110,8,0.12964411345620805,0.10811538461538454,0.10406188780096906,0.14607733244759466
USDARS,1,2025-08-20,PA,110,8,1.12619029473446,0.8387877661707897,0.7649974014265619,1.3567711995199585
USDARS,1,2025-08-20,VAR1,110,8,66.035443457506,49.233948650065635,98.23225535690945,37.82646565964463
USDARS,1,2025-08-20,ARHinc,110,8,1.1303843329906031,0.8460192641825391,0.7724191180635871,1.3576184259037523
USDARS,1,2025-08-20,KernelARH,110,8,1.1323608100842284,0.8373877725812401,0.7775889406953288,1.356917753263798
USDARS,5,2025-08-26,PM,110,7,0.4073952201298087,0.350153846153846,0.4125387370597102,0.36548236200837675
USDARS,5,2025-08-26,PA,110,7,1.2025132802534557,0.9061313157168611,0.8666870846381779,1.4122192630106487
USDARS,5,2025-08-26,VAR1,110,7,103.50140675642815,78.02268983388817,153.60425565579328,61.038315385453245
USDARS,5,2025-08-26,ARHinc,110,7,1.2243433051621533,0.9430397750566659,0.9119198270889156,1.4169962970137506
USDARS,5,2025-08-26,KernelARH,110,7,1.188052490939997,0.8949748992271119,0.8412625334345436,1.4058953611954783
USDARS,10,2025-09-02,PM,110,5,0.6957389195889281,0.5749615384615381,0.5418311606619307,0.7636324944924838
USDARS,10,2025-09-02,PA,110,5,1.405337977363217,1.0577389799532222,1.0006341300021844,1.6455840005239484
USDARS,10,2025-09-02,VAR1,110,5,13.176210257143039,11.11943796715498,9.91217869033983,14.408895884140048
USDARS,10,2025-09-02,ARHinc,110,5,1.3785805260932045,1.0391068395698644,0.9808051032452121,1.6140895660422294
USDARS,10,2025-09-02,KernelARH,110,5,1.4550470615366276,1.1111982608842668,1.125296915699103,1.665672802359225
USDARS,1,2025-08-21,PM,110,8,0.14904568220721914,0.12188461538461529,0.167817993384737,0.1314031474724766
USDARS,1,2025-08-21,PA,110,8,1.14066925121738,0.8456494782443356,0.7787206906629103,1.3711930456062573
USDARS,1,2025-08-21,VAR1,110,8,44.3059015931305,32.9439737938227,65.88553663561824,25.452709782066144
USDARS,1,2025-08-21,ARHinc,110,8,1.1418773509220772,0.8439867376669087,0.7782357917232384,1.3732877741028466
USDARS,1,2025-08-21,KernelARH,110,8,1.1395780495571157,0.8440420217809638,0.7784773998991116,1.3711340777149499
USDARS,5,2025-08-27,PM,110,7,0.3228844607595726,0.2635384615384615,0.3946054788457914,0.24872291375533628
USDARS,5,2025-08-27,PA,110,7,1.1779061878680113,0.8870649841289302,0.8447063098088922,1.3940934101605815
USDARS,5,2025-08-27,VAR1,110,7,75.57949057191199,55.7718622256037,112.37246960425753,44.07570292014717
USDARS,5,2025-08-27,ARHinc,110,7,1.174783439329745,0.8836757546563773,0.8385182528165984,1.3928157424161987
USDARS,5,2025-08-27,KernelARH,110,7,1.1827081398904928,0.8800124751210364,0.8202118459716716,1.4118851132531813
USDARS,10,2025-09-03,PM,110,5,0.7035203375771132,0.539653846153846,0.5329838345036364,0.7664398304770993
USDARS,10,2025-09-03,PA,110,5,1.458692421658576,1.1005200097872627,1.057521928720001,1.6934381130304552
USDARS,10,2025-09-03,VAR1,110,5,8.738570071772948,7.0442106172673045,6.246234532817564,9.802246200590028
USDARS,10,2025-09-03,ARHinc,110,5,1.4646390980589452,1.106891267674229,1.070170675967959,1.69639482410215
USDARS,10,2025-09-03,KernelARH,110,5,1.5677201468265136,1.1947451655252748,1.2126234384570505,1.7798272126902028
USDARS,1,2025-08-22,PM,110,8,0.24732968110165462,0.19088461538461532,0.24608294809614661,0.1937166653009453
USDARS,1,2025-08-22,PA,110,8,1.1556070265988,0.8690034306540054,0.8040864240911527,1.3784863444204891
USDARS,1,2025-08-22,VAR1,110,8,59.33112851153008,43.91223027451614,88.17281190781381,34.12316458429299
USDARS,1,2025-08-22,ARHinc,110,8,1.1529373073675138,0.8667402466926386,0.8004326574384041,1.377015200645895
USDARS,1,2025-08-22,KernelARH,110,8,1.154775417078356,0.8656079108146681,0.8026197582892971,1.3782880120688812
USDARS,5,2025-08-28,PM,110,7,0.28958366998689145,0.23519230769230748,0.3916416118970966,0.19081299764984078
USDARS,5,2025-08-28,PA,110,7,1.1699478260423348,0.8875291755638296,0.8338803840837629,1.3874292163897268
USDARS,5,2025-08-28,VAR1,110,7,103.00804396867602,74.80730770097037,153.24194202470315,59.67070507198216
USDARS,5,2025-08-28,ARHinc,110,7,1.1662724226034524,0.8852339612699557,0.8308495760569495,1.384922551570285
USDARS,5,2025-08-28,KernelARH,110,7,1.1850571177705664,0.8852805737893313,0.8222544034881278,1.412151916925494
USDARS,10,2025-09-04,PM,110,5,0.5901410359462325,0.45211538461538464,0.4753156579332411,0.6378430806640505
USDARS,10,2025-09-04,PA,110,5,1.3934272634317266,1.0577100291862649,1.0067592644460663,1.6269393716077842
USDARS,10,2025-09-04,VAR1,110,5,11.76522159807168,9.359753208190579,8.084870580652673,13.468861176443284
USDARS,10,2025-09-04,ARHinc,110,5,1.3968420827297414,1.0651508733953896,1.0171984576765127,1.6273357539932356
USDARS,10,2025-09-04,KernelARH,110,5,1.5360999226046932,1.1761287734122794,1.1808371030335774,1.7500958803024098
USDARS,1,2025-08-25,PM,110,8,0.12369977613312258,0.06438461538461561,0.22119809708872623,0.05329103891880627
USDARS,1,2025-08-25,PA,110,8,1.1284043544249671,0.8518274454269729,0.7644058499042968,1.3622576540786886
USDARS,1,2025-08-25,VAR1,110,8,46.184352356305325,34.26079322259508,68.94360867167285,26.536441521420215
USDARS,1,2025-08-25,ARHinc,110,8,1.1283007158612044,0.8433725805915265,0.7597395640490122,1.3635194041300596
USDARS,1,2025-08-25,KernelARH,110,8,1.1283268835533098,0.8428598983951394,0.7602056183603869,1.3637635492446043
USDARS,5,2025-08-29,PM,110,7,0.21191559912815827,0.17219230769230798,0.2090513542460937,0.2023580713847604
USDARS,5,2025-08-29,PA,110,7,1.170460746513098,0.8777671568171866,0.795824950316101,1.4048299759285308
USDARS,5,2025-08-29,VAR1,110,7,71.0957997311425,54.162248026836835,105.3634650727219,42.17928451578223
USDARS,5,2025-08-29,ARHinc,110,7,1.1797762563732348,0.8765938291900292,0.8077660548249588,1.4128489438672747
USDARS,5,2025-08-29,KernelARH,110,7,1.2220920906308277,0.9097816839496838,0.8477724048414496,1.4525652604691517
USDARS,10,2025-09-05,PM,110,5,0.591453514331756,0.4128846153846155,0.43411901920107254,0.6375610201191433
USDARS,10,2025-09-05,PA,110,5,1.4007479785074224,1.074177478724523,1.0232889711871804,1.625689351860232
USDARS,10,2025-09-05,VAR1,110,5,9.987560591391809,8.704808754246956,8.295402024641325,10.2401506470096
USDARS,10,2025-09-05,ARHinc,110,5,1.4316933597793347,1.1031076440571868,1.066695762724611,1.6499280773841565
USDARS,10,2025-09-05,KernelARH,110,5,1.486259053015915,1.1280993086694209,1.091174795886471,1.7176731338680946
USDARS,1,2025-08-26,PM,110,8,0.10406428301775796,0.07303846153846152,0.15645024412112526,0.07651302582809302
USDARS,1,2025-08-26,PA,110,8,1.1377063069550029,0.8595972946608891,0.7878695157939912,1.3684053217880294
USDARS,1,2025-08-26,VAR1,110,8,59.9843833593986,44.37436359405137,89.18208697562149,34.6939622337887
USDARS,1,2025-08-26,ARHinc,110,8,1.1370502291770295,0.8583173369304361,0.7866567439868971,1.3677752671548047
USDARS,1,2025-08-26,KernelARH,110,8,1.1430745902408412,0.8572302944166762,0.7959315195042371,1.3724894607261173
USDARS,5,2025-09-01,PM,110,7,0.18887164954010432,0.14219230769230778,0.16600679879815242,0.1899397630484015
USDARS,5,2025-09-01,PA,110,7,1.168228907225339,0.8701731998243986,0.7896551089721152,1.405838337836196
USDARS,5,2025-09-01,VAR1,110,7,106.67145028064449,77.5618343124741,158.63165304441813,61.85700794172598
USDARS,5,2025-09-01,ARHinc,110,7,1.1671933446659117,0.868321333225341,0.7876660880602058,1.4048280028098044
USDARS,5,2025-09-01,KernelARH,110,7,1.2025973648747497,0.8825126067734749,0.8066423771275933,1.442353306931993
USDARS,10,2025-09-08,PM,110,5,0.5744727097354313,0.41557692307692307,0.43771287271321324,0.6200349270950954
USDARS,10,2025-09-08,PA,110,5,1.3828564627315183,1.0468679024801262,0.9822724129294648,1.6163342183125542
USDARS,10,2025-09-08,VAR1,110,5,12.132431970263863,9.665087863027738,8.356393416436015,13.844182147185164
USDARS,10,2025-09-08,ARHinc,110,5,1.384863368904565,1.0490043245988143,0.982775189260775,1.6184734910096523
USDARS,10,2025-09-08,KernelARH,110,5,1.452091778774107,1.0886958148435804,1.024283633294552,1.6947734530668281
USDARS,1,2025-08-27,PM,110,8,0.09244931043550278,0.0806153846153844,0.12555983816306432,0.07650566116235043
USDARS,1,2025-08-27,PA,110,8,1.1419838250332026,0.8548087170357966,0.7768961894588955,1.3754712482378495
USDARS,1,2025-08-27,VAR1,110,8,34.47396675201781,24.714765799976906,51.37422946918783,19.99561664393621
USDARS,1,2025-08-27,ARHinc,110,8,1.1412362730307717,0.8572909578128339,0.776838970394989,1.3745784214282954
USDARS,1,2025-08-27,KernelARH,110,8,1.142202221654381,0.8538604580130904,0.7778347416221605,1.3756911486664825
USDARS,5,2025-09-02,PM,110,7,0.5178131252607523,0.3966923076923076,0.4723027076939281,0.5217026480341681
USDARS,5,2025-09-02,PA,110,7,1.330919784593826,1.015602321089876,0.9762509726497582,1.5544845555313527
USDARS,5,2025-09-02,VAR1,110,7,48.57216569013409,37.01848193063415,71.43433692427142,29.612773511779565
USDARS,5,2025-09-02,ARHinc,110,7,1.3267270475139596,1.0115407551213778,0.9763565741867162,1.55016653774481
USDARS,5,2025-09-02,KernelARH,110,7,1.3988274842426225,1.0662286166459713,1.0443485043670717,1.6215595264701386
USDARS,10,2025-09-09,PM,110,5,0.4539714176871961,0.33215384615384597,0.32611280257150077,0.5094359862184091
USDARS,10,2025-09-09,PA,110,5,1.3027503290059457,0.9763391051406878,0.9002152676028539,1.5456944645619708
USDARS,10,2025-09-09,VAR1,110,5,8.3556510768471135,7.4682856156875905,7.918478545874196,7.698044818919286
USDARS,10,2025-09-09,ARHinc,110,5,1.29886266052439,0.9709444924868993,0.8981518062269201,1.5415512346690619
USDARS,10,2025-09-09,KernelARH,110,5,1.3775082182361185,1.030927141034957,0.9641376175622095,1.6225768041189308
USDARS,1,2025-08-28,PM,110,8,0.08977857376730998,0.06449999999999995,0.1329640248835934,0.053603520348538
USDARS,1,2025-08-28,PA,110,8,1.1453371693357763,0.8610958618430244,0.7830985742985499,1.3763271151197358
USDARS,1,2025-08-28,VAR1,110,8,41.4357390554786,31.164389753382437,61.656345564793035,24.286645060621805
USDARS,1,2025-08-28,ARHinc,110,8,1.1470284628997778,0.8657415307097149,0.7891279477509676,1.3766022951541659
USDARS,1,2025-08-28,KernelARH,110,8,1.1462514443507392,0.8603420395195949,0.783919432277816,1.3771607828135508
USDARS,5,2025-09-03,PM,110,7,0.6531126287013832,0.4954615384615384,0.6223351921663439,0.6498337467363059
USDARS,5,2025-09-03,PA,110,7,1.429671703999283,1.1031452086769626,1.0764253581661918,1.6467889715849935
USDARS,5,2025-09-03,VAR1,110,7,69.72801695124244,53.12716431103944,103.27690306361252,41.52564235394097
USDARS,5,2025-09-03,ARHinc,110,7,1.4243508695009859,1.0971198458787417,1.0685773835964174,1.6422670996596382
USDARS,5,2025-09-03,KernelARH,110,7,1.5105388580943524,1.1522322232649413,1.1408242683218806,1.730463544355297
USDARS,10,2025-09-10,PM,110,5,0.39785403923859003,0.3228461538461538,0.3401846138210906,0.42917743454436696
USDARS,10,2025-09-10,PA,110,5,1.2758648594735231,0.9492573881435074,0.8798995158875229,1.5157722290246807
USDARS,10,2025-09-10,VAR1,110,5,9.209875351315725,7.852895660234847,7.148563789799014,9.792839200790562
USDARS,10,2025-09-10,ARHinc,110,5,1.2733407564712333,0.9479473064683703,0.8788588797715562,1.5128136506330463
USDARS,10,2025-09-10,KernelARH,110,5,1.3390322841331757,0.9913016271980062,0.9217683758966158,1.5842538056299071
USDARS,1,2025-08-29,PM,110,8,0.15721998918712599,0.12542307692307694,0.2133015628744538,0.128168397448749
USDARS,1,2025-08-29,PA,110,8,1.1654680751175854,0.8797963842096,0.810793178661939,1.3975131846277442
USDARS,1,2025-08-29,VAR1,110,8,61.073038178316644,45.629449843920355,90.70589694906683,35.877014002925826
USDARS,1,2025-08-29,ARHinc,110,8,1.1648057158212162,0.8783969939693125,0.8097945542946524,1.396737521249115
USDARS,1,2025-08-29,KernelARH,110,8,1.1681787417965983,0.8735676854597499,0.802454195189914,1.4016478619989343
USDARS,5,2025-09-04,PM,110,7,0.6707876756241357,0.5378076923076922,0.7239466566321162,0.6245338658484896
USDARS,5,2025-09-04,PA,110,7,1.4268618351450004,1.1279811936491728,1.1428855608408708,1.6218913872286491
USDARS,5,2025-09-04,VAR1,110,7,111.0707589970417,82.00047002985278,165.02934553985745,65.14945125492052
USDARS,5,2025-09-04,ARHinc,110,7,1.4275174937792652,1.1299781516946945,1.1421295830201628,1.6218951488500708
USDARS,5,2025-09-04,KernelARH,110,7,1.481932718835082,1.1369769306122384,1.1142266799271274,1.7032814287134035
USDARS,10,2025-09-11,PM,110,5,0.37508774614440854,0.29565384615384616,0.3291322411341056,0.4137878273283592
USDARS,10,2025-09-11,PA,110,5,1.2726525694876847,0.9365621779695372,0.8664363268758221,1.5211681490666569
USDARS,10,2025-09-11,VAR1,110,5,12.85882266170704,10.274746678896763,8.888295880233686,14.605730302494155
USDARS,10,2025-09-11,ARHinc,110,5,1.273382820188404,0.9388141925865862,0.8668049515877925,1.5221444105177586
USDARS,10,2025-09-11,KernelARH,110,5,1.341027977375583,0.9888630394117,0.9129479729483351,1.5944351573291309
USDARS,1,2025-09-01,PM,110,8,0.08887085487466552,0.06457692307692325,0.11862285490065866,0.058440239283043996
USDARS,1,2025-09-01,PA,110,8,1.1569643795052114,0.8582116293443853,0.7737912907736353,1.3950915557341075
USDARS,1,2025-09-01,VAR1,110,8,35.667352269122105,22.375508567494943,53.58657806833214,19.44866155762344
USDARS,1,2025-09-01,ARHinc,110,8,1.1567792562252817,0.8601615496182994,0.7707242403390269,1.3968901928326698
USDARS,1,2025-09-01,KernelARH,110,8,1.1544143849432336,0.8546847446089468,0.7697250122888555,1.3943641706763437
USDARS,5,2025-09-05,PM,110,7,0.43873912434471696,0.3217692307692304,0.38213583390717376,0.4583471704384905
USDARS,5,2025-09-05,PA,110,7,1.3360021714273431,1.0190235818032558,0.95420039037583,1.5657903269776676
USDARS,5,2025-09-05,VAR1,110,7,44.39528407977783,30.37752569022079,64.2510590121504,25.984485863810555
USDARS,5,2025-09-05,ARHinc,110,7,1.3315529876574372,1.0142208302521276,0.9571979505440545,1.5603031002818912
USDARS,5,2025-09-05,KernelARH,110,7,1.4158374933322544,1.0807669345835136,1.0255032107443927,1.6484903879665695
USDARS,10,2025-09-12,PM,110,5,0.2871506238356984,0.2140769230769229,0.22623118113887222,0.3293219466934262
USDARS,10,2025-09-12,PA,110,5,1.258772931660441,0.9429299875260535,0.8700701653101701,1.5013674895398
USDARS,10,2025-09-12,VAR1,110,5,9.93286372699955,8.250867035446735,11.609696353729124,7.278702829787948
USDARS,10,2025-09-12,ARHinc,110,5,1.2551830861236022,0.9382645744019993,0.8680816379407118,1.4969031731559224
USDARS,10,2025-09-12,KernelARH,110,5,1.3354845647032398,0.9955425004929962,0.9274921549000189,1.5847526874628295
USDARS,1,2025-09-02,PM,110,8,0.43865846623540716,0.3371538461538459,0.5063132065161134,0.3958385460953369
USDARS,1,2025-09-02,PA,110,8,1.300222421624376,0.9886094824750925,0.9727765945015795,1.5188247021329033
USDARS,1,2025-09-02,VAR1,110,8,38.2559834040834,25.863728392981262,57.2028631068974,21.94282488678718
USDARS,1,2025-09-02,ARHinc,110,8,1.2978207744097963,0.9836531889817596,0.9633987281632266,1.5176264608163104
USDARS,1,2025-09-02,KernelARH,110,8,1.3183344950621632,1.0071006186086224,1.0051156175483613,1.5302933383165684
USDARS,5,2025-09-08,PM,110,7,0.4145321157642673,0.3053461538461537,0.331690290095801,0.44805795026198714
USDARS,5,2025-09-08,PA,110,7,1.3193381754965134,0.9902434164024467,0.9179070910133006,1.557893321701711
USDARS,5,2025-09-08,VAR1,110,7,49.49164668033654,36.098007541144064,72.47039526835164,30.447333885484962
USDARS,5,2025-09-08,ARHinc,110,7,1.3207216260456662,0.9902283601799065,0.9188357719990354,1.5588299067140168
USDARS,5,2025-09-08,KernelARH,110,7,1.4000594541609834,1.0526568064910389,0.9800380599803781,1.6422340955207817
USDARS,10,2025-09-15,PM,110,5,0.3009844424806448,0.2457692307692308,0.22294362279610566,0.34161350760259374
USDARS,10,2025-09-15,PA,110,5,1.2600826923399866,0.9448556328668628,0.8739491630355797,1.5003387272202642
USDARS,10,2025-09-15,VAR1,110,5,9.174586095491176,8.183175960629548,9.237598567509044,7.922112692067767
USDARS,10,2025-09-15,ARHinc,110,5,1.26060342382104,0.9480816088420145,0.8783443873942938,1.499420092168368
USDARS,10,2025-09-15,KernelARH,110,5,1.321828223608177,0.9739896724493898,0.8994021768534831,1.573848445228083
USDARS,1,2025-09-03,PM,110,8,0.17189540088714958,0.11042307692307697,0.15059499413139707,0.17065493643038177
USDARS,1,2025-09-03,PA,110,8,1.2958894634615459,0.98107884593683925,0.9104258338938978,1.5314540606708535
USDARS,1,2025-09-03,VAR1,110,8,23.613214163477604,15.18590254307511,35.29648582655649,13.208459503310339
USDARS,1,2025-09-03,ARHinc,110,8,1.295231384820042,0.9807136042527512,0.9094949733921264,1.5312406522701634
USDARS,1,2025-09-03,KernelARH,110,8,1.307385215220996,0.9881273370816182,0.92595147648047,1.5414998581270218
USDARS,5,2025-09-09,PM,110,7,0.22256546141615205,0.15573076923076926,0.31128909456772963,0.13395557844523034
USDARS,5,2025-09-09,PA,110,7,1.2377115503064535,0.9422925414997698,0.8625838145578077,1.4697050797300433
USDARS,5,2025-09-09,VAR1,110,7,31.282480479055153,21.358779102226293,45.186621137170505,18.78512615414892
USDARS,5,2025-09-09,ARHinc,110,7,1.2400834145113462,0.9484754262920173,0.8672632599029175,1.470401329606293
USDARS,5,2025-09-09,KernelARH,110,7,1.3000521094200022,0.968871016610683,0.8995394725043699,1.5433825541977217
USDARS,10,2025-09-16,PM,110,5,0.35138045072804797,0.22742307692307706,0.46122198804192294,0.21829709113938844
USDARS,10,2025-09-16,PA,110,5,1.2623535153867878,0.98067538239465335,0.912476025772653,1.4802991795379172
USDARS,10,2025-09-16,VAR1,110,5,7.125494596534415,6.030690595935376,8.125187876271124,5.386055254100427
USDARS,10,2025-09-16,ARHinc,110,5,1.2623708079420175,0.9796043852984854,0.9071002834098043,1.4817462180413437
USDARS,10,2025-09-16,KernelARH,110,5,1.3021234777776716,0.9685387323924609,0.8866702129311176,1.557955479845634
USDARS,1,2025-09-04,PM,110,8,0.07388270329484306,0.05684615384615361,0.10115991517892363,0.05023093047878734
USDARS,1,2025-09-04,PA,110,8,1.2650045854263523,0.9529071130037137,0.8739458411404525,1.503562587237644
USDARS,1,2025-09-04,VAR1,110,8,29.867736307924165,19.136545801023093,45.00673238337085,16.030509887330812
USDARS,1,2025-09-04,ARHinc,110,8,1.2684780340542026,0.9601649049849249,0.8754403924132537,1.5077248326111963
USDARS,1,2025-09-04,KernelARH,110,8,1.271973412647158,0.9595510784277066,0.8803182911000218,1.510264670933736
USDARS,5,2025-09-10,PM,110,7,0.43533375790217643,0.3247307692307692,0.5617910125117761,0.3206569273500782
USDARS,5,2025-09-10,PA,110,7,1.2925319186940223,1.0168884577988904,0.9769261481383691,1.4924349973837314
USDARS,5,2025-09-10,VAR1,110,7,49.671088536693595,32.34354010664591,72.4921533676034,27.71014504347167
USDARS,5,2025-09-10,ARHinc,110,7,1.3137270788023834,1.0365678138076744,1.002322088450804,1.5084845485534324
USDARS,5,2025-09-10,KernelARH,110,7,1.2415265911693922,0.952100525227973,0.8774147755733029,1.4697232680434174
USDARS,10,2025-09-17,PM,110,5,0.3691550252838337,0.25476923076923114,0.4189459842613,0.27907389435358265
USDARS,10,2025-09-17,PA,110,5,1.2874691727406156,1.0124302302309882,0.9584352817655082,1.4900413559635448
USDARS,10,2025-09-17,VAR1,110,5,11.343239757468337,10.192241049544021,13.840977657802108,8.376451214453336
USDARS,10,2025-09-17,ARHinc,110,5,1.3036256319900008,1.0309006989636111,0.9802862994586583,1.500335208927689
USDARS,10,2025-09-17,KernelARH,110,5,1.2996326198179151,0.9814244922655103,0.9176956302341319,1.5456854170449899
USDARS,1,2025-09-05,PM,110,8,0.20347533398046455,0.15950000000000011,0.2635043659990877,0.13147309648211034
USDARS,1,2025-09-05,PA,110,8,1.2893930658718222,0.9934595046158253,0.926596068270827,1.5104220085796274
USDARS,1,2025-09-05,VAR1,110,8,22.61769450770978,13.997692286951832,34.555312811283756,11.838275707478692
USDARS,1,2025-09-05,ARHinc,110,8,1.2918982621275628,0.9981065828549384,0.9317979313151029,1.5117022648260612
USDARS,1,2025-09-05,KernelARH,110,8,1.2947392840412018,1.0045624649903735,0.9261894452705068,1.5185948325027059
USDARS,5,2025-09-11,PM,110,7,0.4414846020487622,0.3554615384615385,0.5490292850119862,0.32496923386738796
USDARS,5,2025-09-11,PA,110,7,1.3004857335412332,1.0171569104505827,0.9765157009565428,1.5022143856630912
USDARS,5,2025-09-11,VAR1,110,7,42.14700194716802,28.55428416711849,60.50963150034579,24.658892849404335
USDARS,5,2025-09-11,ARHinc,110,7,1.302340968279515,1.0212448143989303,0.982235754772671,1.503172502220782
USDARS,5,2025-09-11,KernelARH,110,7,1.2481238306090614,0.9384266258308849,0.8657069451033671,1.4854261033301224
USDARS,10,2025-09-18,PM,110,5,0.45150522826856193,0.35696153846153855,0.507196811502412,0.3482312773152365
USDARS,10,2025-09-18,PA,110,5,1.3179978943246151,1.0597324809172881,1.0347874722540276,1.4949550124410913
USDARS,10,2025-09-18,VAR1,110,5,10.920205946755061,9.373956916700717,13.314211520417738,7.830153142135434
USDARS,10,2025-09-18,ARHinc,110,5,1.3183584026547563,1.060570016072463,1.037026821686546,1.4948578397129924
USDARS,10,2025-09-18,KernelARH,110,5,1.2945554827679255,0.9660879052509554,0.9051970642352183,1.5420099013231217
USDARS,1,2025-09-08,PM,110,8,0.09651474578449726,0.066307692307692,0.1555393134410322,0.053340913281215326
USDARS,1,2025-09-08,PA,110,8,1.2633826188071424,0.9558780388459999,0.8755499047350191,1.4989740031097813
USDARS,1,2025-09-08,VAR1,110,8,20.922367512585133,12.892275248392778,31.83850866735962,10.915450385433482
USDARS,1,2025-09-08,ARHinc,110,8,1.262568719383091,0.9498992184177751,0.8727202785877624,1.4993321618498656
USDARS,1,2025-09-08,KernelARH,110,8,1.2654653141780918,0.9598090643153967,0.8779099100780428,1.5005725561885985
USDARS,5,2025-09-12,PM,110,7,0.2596506528750917,0.18807692307692275,0.28214376024497206,0.21201005329266973
USDARS,5,2025-09-12,PA,110,7,1.252554995370593,0.9454405038403985,0.8766214449259178,1.4817812520370064
USDARS,5,2025-09-12,VAR1,110,7,43.36243604099917,28.492298392227728,62.80620186769878,24.4984129773366
USDARS,5,2025-09-12,ARHinc,110,7,1.2508219566528491,0.94006993092031,0.873680236779324,1.4810600886008658
USDARS,5,2025-09-12,KernelARH,110,7,1.2550400371192134,0.9414413244325128,0.8844754955893829,1.4836007166290126
USDARS,10,2025-09-19,PM,110,5,0.23567874565570432,0.17561538461538456,0.21606179507242307,0.20428058090305662
USDARS,10,2025-09-19,PA,110,5,1.251547325104936,0.958834850683979,0.8961907258821133,1.4706185874726247
USDARS,10,2025-09-19,VAR1,110,5,10.768285961033897,9.553676910351511,13.169277542050494,7.868877209086128
USDARS,10,2025-09-19,ARHinc,110,5,1.2472513841734427,0.9531576925956515,0.8884575247177116,1.468713551970829
USDARS,10,2025-09-19,KernelARH,110,5,1.3506253032667526,1.0164957198394855,0.955330031805542,1.5979990390686607
USDARS,1,2025-09-09,PM,110,8,0.11712152630100485,0.0893461538461538,0.12300016030111091,0.10298363963523992
USDARS,1,2025-09-09,PA,110,8,1.2304457089688952,0.932028377779223,0.8466108864233934,1.4676988711997776
USDARS,1,2025-09-09,VAR1,110,8,22.484666785267002,14.181812650442131,34.25015512024129,12.147800906873302
USDARS,1,2025-09-09,ARHinc,110,8,1.2295334773318711,0.9310558912021671,0.8451951348799672,1.4669173347322346
USDARS,1,2025-09-09,KernelARH,110,8,1.23114031771117,0.9340402220357267,0.8467312326827692,1.4681794964763455
USDARS,5,2025-09-15,PM,110,7,0.25738318859092335,0.18784615384615377,0.2806186062204934,0.20675134164121534
USDARS,5,2025-09-15,PA,110,7,1.2456053595247016,0.9393222240048236,0.8663621404613793,1.4763393595935321
USDARS,5,2025-09-15,VAR1,110,7,33.84271490242812,23.729807948989045,47.77226760471284,21.319518080550612
USDARS,5,2025-09-15,ARHinc,110,7,1.2436719483446692,0.9379608170332824,0.864729761348314,1.4748285069089848
USDARS,5,2025-09-15,KernelARH,110,7,1.2514264976341598,0.9429495194816456,0.8837981432471423,1.478906570200507
USDARS,10,2025-09-22,PM,110,5,0.18333384323938431,0.14700000000000035,0.18542370923496282,0.16742484866954113
USDARS,10,2025-09-22,PA,110,5,1.236313098842826,0.9440699974858386,0.8739233217865456,1.464012156486053
USDARS,10,2025-09-22,VAR1,110,5,9.889897346652793,8.160834155879117,11.753100606870904,7.112637402940488
USDARS,10,2025-09-22,ARHinc,110,5,1.234757964747904,0.9416200828328143,0.871541879065307,1.4632506444257727
USDARS,10,2025-09-22,KernelARH,110,5,1.3442825622255852,0.998399792962281,0.9360558069700877,1.5951828036674576
USDARS,1,2025-09-10,PM,110,8,0.14536740588009278,0.10565384615384583,0.20561915461799155,0.10055969653254118
USDARS,1,2025-09-10,PA,110,8,1.2306384251553644,0.9379684205459291,0.8546193556228303,1.4623041057175907
USDARS,1,2025-09-10,VAR1,110,8,18.38256411705047,11.455412501699284,28.099839177614214,9.552980852276406
USDARS,1,2025-09-10,ARHinc,110,8,1.2286288839763337,0.9353465525367897,0.8524112955871911,1.4607261528735451
USDARS,1,2025-09-10,KernelARH,110,8,1.2290034238906409,0.9361041208324345,0.8538582389772527,1.4610332362171718
USDARS,5,2025-09-16,PM,110,7,0.18015444762758392,0.11542307692307656,0.21210206707927476,0.12102261269580154
USDARS,5,2025-09-16,PA,110,7,1.2306374917912297,0.9298431143375179,0.8437227498293196,1.469077588972267
USDARS,5,2025-09-16,VAR1,110,7,31.770216325232553,21.626385653801343,45.01692000180053,18.893999231754677
USDARS,5,2025-09-16,ARHinc,110,7,1.228423190433763,0.9272490012858684,0.8414580683819588,1.467855351850787
USDARS,5,2025-09-16,KernelARH,110,7,1.2831632120860417,0.959152753912922,0.8772525624501429,1.5325014459640107
USDARS,10,2025-09-23,PM,110,5,0.2618542423386898,0.19315384615384643,0.3692453460341347,0.17423079664379726
USDARS,10,2025-09-23,PA,110,5,1.246173285758195,0.9705519268321282,0.9218706450030661,1.4635099662969049
USDARS,10,2025-09-23,VAR1,110,5,9.196849063873318,7.850610758630396,11.080971150996607,6.668382311218501
USDARS,10,2025-09-23,ARHinc,110,5,1.243999670776712,0.9658099433522309,0.9157745615694578,1.463480208270589
USDARS,10,2025-09-23,KernelARH,110,5,1.3581361793423476,1.0310734919200923,0.9788002216402534,1.5967568688516776
USDARS,1,2025-09-11,PM,110,8,0.07640793857265783,0.06223076923076904,0.08083211939967903,0.0643336435211208
USDARS,1,2025-09-11,PA,110,8,1.224790891294846,0.9198202419585069,0.8296966029415062,1.4673354170128425
USDARS,1,2025-09-11,VAR1,110,8,19.84523043828935,11.94629307305743,30.41639036333524,10.402240970909663
USDARS,1,2025-09-11,ARHinc,110,8,1.2247491859558013,0.9215263002682577,0.8291153512432573,1.467230058601174
USDARS,1,2025-09-11,KernelARH,110,8,1.22687292459569,0.9232776209430387,0.8307343780859683,1.469560237998586
USDARS,5,2025-09-17,PM,110,7,0.1942561007852975,0.13253846153846136,0.2978989219024049,0.11245729776080433
USDARS,5,2025-09-17,PA,110,7,1.2313509978423614,0.932585427417395,0.877864886527547,1.464445258883272
USDARS,5,2025-09-17,VAR1,110,7,34.14774298899817,23.79721066285599,48.21501519637204,20.886106855618735
USDARS,5,2025-09-17,ARHinc,110,7,1.2304624114187515,0.9329964678780102,0.8761708780888482,1.4638750821721576
USDARS,5,2025-09-17,KernelARH,110,7,1.2337797417470724,0.9420367001284233,0.8728903939942521,1.4659150183175065
USDARS,10,2025-09-24,PM,110,5,0.272169877664102,0.204153846153846,0.370853428226064,0.20823756617528497
USDARS,10,2025-09-24,PA,110,5,1.229812891998546,0.9414641708011308,0.8832849413076908,1.456643930981104
USDARS,10,2025-09-24,VAR1,110,5,10.050961090534695,8.465170741247052,12.052237467422948,7.2492084649219795
USDARS,10,2025-09-24,ARHinc,110,5,1.2306791380309516,0.9405201161050473,0.8827263886816049,1.458340721573033
USDARS,10,2025-09-24,KernelARH,110,5,1.3464062323964165,1.0178335540002148,0.9543301190118312,1.587560250582586
USDARS,1,2025-09-12,PM,110,8,0.07780214056774457,0.06057692307692318,0.11503123983758808,0.0562446435078007
USDARS,1,2025-09-12,PA,110,8,1.2316983465865665,0.9387358414833785,0.862206073907191,1.4683911706844086
USDARS,1,2025-09-12,VAR1,110,8,28.878597800239305,21.59133874815585,43.184454763418465,16.76340146027423
USDARS,1,2025-09-12,ARHinc,110,8,1.233790336470451,0.9383201673842453,0.8674399454850518,1.4698150053808994
USDARS,1,2025-09-12,KernelARH,110,8,1.2336648937992551,0.9472091900397178,0.8646990718350018,1.4697806098038215
USDARS,5,2025-09-18,PM,110,7,0.11852559768966495,0.08976923076923067,0.16362250697730404,0.08624963598919798
USDARS,5,2025-09-18,PA,110,7,1.2170819506226302,0.9284296775349395,0.8638343076780667,1.4503827739323667
USDARS,5,2025-09-18,VAR1,110,7,39.61085588849601,30.30657803902344,57.69335820225602,25.02483234620917
USDARS,5,2025-09-18,ARHinc,110,7,1.217551263450678,0.9279417627081167,0.8665222656724502,1.4504058317142086
USDARS,5,2025-09-18,KernelARH,110,7,1.2237586489216934,0.9268863763267217,0.8609226615146313,1.4564396712658823
USDARS,10,2025-09-25,PM,110,5,0.21671032597597978,0.18265384615384622,0.25167655350802914,0.1980352355202975
USDARS,10,2025-09-25,PA,110,5,1.2136279137794144,0.9034311772890083,0.8154461489920103,1.4603609936290538
USDARS,10,2025-09-25,VAR1,110,5,7.89086197073303,6.644392471938022,9.0388270710793,5.87075047623912
USDARS,10,2025-09-25,ARHinc,110,5,1.2137780482410185,0.9010268632396707,0.81440401273811,1.460980332493416
USDARS,10,2025-09-25,KernelARH,110,5,1.3358105625479395,0.9878928065236384,0.9087957942979833,1.5890765332647712
USDARS,1,2025-09-15,PM,110,8,0.08333003198588887,0.05700000000000013,0.13600676725808208,0.04897199860870959
USDARS,1,2025-09-15,PA,110,8,1.2214105132600814,0.9244684179559085,0.8281593039757128,1.4630387620806697
USDARS,1,2025-09-15,VAR1,110,8,24.25808469293717,18.122306444099433,36.176556113453756,14.233761297978152
USDARS,1,2025-09-15,ARHinc,110,8,1.221506122641123,0.9250471735604449,0.8281084288686046,1.46326315654521
USDARS,1,2025-09-15,KernelARH,110,8,1.2242096319689926,0.9292264826493932,0.8298812928332777,1.4663899147946535
USDARS,5,2025-09-19,PM,110,7,0.1743174877585767,0.1344230769230769,0.2291259646358786,0.1515973899931026
USDARS,5,2025-09-19,PA,110,7,1.2354516842651095,0.9430131647278275,0.9029727477232743,1.4627417269394702
USDARS,5,2025-09-19,VAR1,110,7,31.591514022360283,23.862498886592892,45.55668151576983,20.23495772374241
USDARS,5,2025-09-19,ARHinc,110,7,1.2358537421331945,0.9440646858227503,0.9055282294466822,1.4626835353335976
USDARS,5,2025-09-19,KernelARH,110,7,1.2343532555920422,0.9291437520387509,0.87554010609324,1.4683234432700558
USDARS,10,2025-09-26,PM,110,5,0.2523571568539015,0.21119230769230768,0.31883990940976087,0.20187835887131833
USDARS,10,2025-09-26,PA,110,5,1.2365029847440228,0.9348024729348877,0.8648042394598882,1.4709132019251208
USDARS,10,2025-09-26,VAR1,110,5,7.374936890437044,6.191543150835132,8.597424536430427,5.433249399983496
USDARS,10,2025-09-26,ARHinc,110,5,1.2357323009384638,0.9340542820300991,0.8632306238269741,1.4704244566615363
USDARS,10,2025-09-26,KernelARH,110,5,1.318647822888225,0.988682028018889,0.920589326379821,1.5590996023924502
USDARS,1,2025-09-16,PM,110,8,0.13658101991125998,0.09857692307692324,0.18401574042103427,0.09012446415694066
USDARS,1,2025-09-16,PA,110,8,1.2274735222850754,0.9271858309963905,0.8530723788219071,1.466841888960974
USDARS,1,2025-09-16,VAR1,110,8,25.091599667723987,19.24639544398982,37.1077786709188,15.072278873755383
USDARS,1,2025-09-16,ARHinc,110,8,1.2275335895889457,0.9255751518050401,0.8528208846456855,1.4668994066834673
USDARS,1,2025-09-16,KernelARH,110,8,1.22696506634226,0.9275271771721227,0.8497034151928825,1.4669027360557374
USDARS,5,2025-09-22,PM,110,7,0.20317787773278875,0.15899999999999997,0.27176730743854,0.1707427471858243
USDARS,5,2025-09-22,PA,110,7,1.2331865007708789,0.9362470564949484,0.8959249346104065,1.462365641413301
USDARS,5,2025-09-22,VAR1,110,7,35.48793400388763,27.353733844333547,51.863123417956174,22.413472545011604
USDARS,5,2025-09-22,ARHinc,110,7,1.2333593166197214,0.9352823346362655,0.8956387244683578,1.4625011895133513
USDARS,5,2025-09-22,KernelARH,110,7,1.2346425861232893,0.9205102522188847,0.8628529525084775,1.4732755712520103
USDARS,10,2025-09-29,PM,110,5,0.2536671425919591,0.20684615384615393,0.32598769660324556,0.2132252573738766
USDARS,10,2025-09-29,PA,110,5,1.2318166494580076,0.9317353079203389,0.8569109362076508,1.4730089155375292
USDARS,10,2025-09-29,VAR1,110,5,6.69918439230516,5.616498169332499,7.650048794228948,4.998479930389123
USDARS,10,2025-09-29,ARHinc,110,5,1.2316235933611885,0.9302766177901302,0.8559431029860204,1.4731078201255565
USDARS,10,2025-09-29,KernelARH,110,5,1.332588692796749,1.001908088914349,0.9337031814126746,1.577436223782766
USDARS,1,2025-09-17,PM,110,8,0.11371755665818553,0.081730769230769,0.16788029966207513,0.06743773919501095
USDARS,1,2025-09-17,PA,110,8,1.2303319988295873,0.9323825031644903,0.8754430553478736,1.463452336405777
USDARS,1,2025-09-17,VAR1,110,8,12.67439578096392,9.495812831748806,18.755833669066366,7.851473084785548
USDARS,1,2025-09-17,ARHinc,110,8,1.2281026839322586,0.9330294271537348,0.8680410394069692,1.463194837233961
USDARS,1,2025-09-17,KernelARH,110,8,1.2307095251341829,0.931968145332294,0.8776897666206486,1.4645385717899215
USDARS,5,2025-09-23,PM,110,7,0.299528475595072,0.21911538461538452,0.40912727400800597,0.2015100195916031
USDARS,5,2025-09-23,PA,110,7,1.2535492066875578,0.9739190967168612,0.9561899942495231,1.4649149606981275
USDARS,5,2025-09-23,VAR1,110,7,23.4067564080905,16.10211344912395,34.567452950846246,13.967369469538731
USDARS,5,2025-09-23,ARHinc,110,7,1.2528455746809266,0.9825499324425917,0.9565614123969491,1.463193706718872
USDARS,5,2025-09-23,KernelARH,110,7,1.2597472629825526,0.9565518889876476,0.9309023001928575,1.4807051387548007
USDARS,10,2025-09-30,PM,110,5,0.3778678798408045,0.262153846153846,0.5515921717952468,0.22083436913445365
USDARS,10,2025-09-30,PA,110,5,1.240911722298845,0.9624118368656063,0.919273691759243,1.4599559400420663
USDARS,10,2025-09-30,VAR1,110,5,2.636410273965502,2.017442175217864,2.06010961003782,3.047548433561921
USDARS,10,2025-09-30,ARHinc,110,5,1.24683462405463,0.9756688694764459,0.9348191580788812,1.460857491295241
USDARS,10,2025-09-30,KernelARH,110,5,1.3065972130812253,1.012014284054461,0.9789977665294056,1.5230218783955045
USDARS,1,2025-09-18,PM,110,8,0.13482288951977534,0.11061538461538453,0.1687078691487386,0.09921722216482724
USDARS,1,2025-09-18,PA,110,8,1.2163832871434,0.9227469694354995,0.8424400424273847,1.4509132721281501
USDARS,1,2025-09-18,VAR1,110,8,27.73809273693417,21.145755318127456,41.08855034942013,17.215766381362972
USDARS,1,2025-09-18,ARHinc,110,8,1.2180363581238005,0.9250710666153035,0.8444547581678304,1.4521976273771242
USDARS,1,2025-09-18,KernelARH,110,8,1.216717380322044,0.9279066885688239,0.8424172898166103,1.4530054461107063
USDARS,5,2025-09-24,PM,110,7,0.3576425885627246,0.23900000000000027,0.5054616782941957,0.22534804772836453
USDARS,5,2025-09-24,PA,110,7,1.2505367258440545,0.9826599292262002,0.9553570111081369,1.4573249599921043
USDARS,5,2025-09-24,VAR1,110,7,47.635419951476806,33.77069676952137,70.59736719127419,28.351038910498882
USDARS,5,2025-09-24,ARHinc,110,7,1.2515544953848003,0.9852783461538619,0.9555011342989913,1.4583103320927122
USDARS,5,2025-09-24,KernelARH,110,7,1.2264049168892484,0.9403955332854985,0.8856630602433715,1.4535933006986352
USDARS,10,2025-10-01,PM,110,5,0.5277503962757686,0.37011538461538435,0.8118685680937985,0.28746297460349857
USDARS,10,2025-10-01,PA,110,5,1.278675021482856,1.026312733993927,1.0372672594403622,1.4666560797981207
USDARS,10,2025-10-01,VAR1,110,5,3.835324798050988,2.993121151631058,2.8556305984154084,4.445309960705627
USDARS,10,2025-10-01,ARHinc,110,5,1.285126938166026,1.0348386436269388,1.050185884897564,1.469442604520772
USDARS,10,2025-10-01,KernelARH,110,5,1.3058226512004674,1.0303749963329443,1.0375984035329489,1.5006811001374425
USDARS,1,2025-09-19,PM,110,8,0.19026196515492882,0.1466923076923076,0.264778460802542,0.13580941610709857
USDARS,1,2025-09-19,PA,110,8,1.2320007423790742,0.9334966808245566,0.8861093741687787,1.4602234991730763
USDARS,1,2025-09-19,VAR1,110,8,9.946548341369773,7.346495778801429,14.514195326428734,6.850950931352338
USDARS,1,2025-09-19,ARHinc,110,8,1.246935261194022,0.9392408223479984,0.9163160102551388,1.4716847246669962
USDARS,1,2025-09-19,KernelARH,110,8,1.240711348184683,0.9330600928708346,0.8980561933272444,1.4686486412335014
USDARS,5,2025-09-25,PM,110,7,0.24317758231066763,0.18730769230769226,0.31816989780247046,0.179785812522915
USDARS,5,2025-09-25,PA,110,7,1.2215771192063551,0.9127270728797195,0.852075673529221,1.4571208371103312
USDARS,5,2025-09-25,VAR1,110,7,21.768300860331124,14.31035931098822,31.674481515584628,12.69390939513103
USDARS,5,2025-09-25,ARHinc,110,7,1.2306984209733824,0.9134827178242569,0.8635983045235681,1.464565994925528
USDARS,5,2025-09-25,KernelARH,110,7,1.2273571137436452,0.9071665388924737,0.8408404605750394,1.4686935148339253
USDARS,10,2025-10-02,PM,110,5,0.3280097325010106,0.22934615384615384,0.47479114068097844,0.18851896382136135
USDARS,10,2025-10-02,PA,110,5,1.2245533814289302,0.9395402488312249,0.875079787664593,1.4512591070824359
USDARS,10,2025-10-02,VAR1,110,5,3.3396437068936082,2.834611298143057,3.576860650758813,3.135816062839778
USDARS,10,2025-10-02,ARHinc,110,5,1.2182321016649933,0.9246535433643396,0.8562775593103649,1.450626704928336
USDARS,10,2025-10-02,KernelARH,110,5,1.296900602234557,0.992221999944156,0.9488569801229366,1.514801211146039
USDARS,1,2025-09-22,PM,110,8,0.0888364963116122,0.07480769230769235,0.1070549376864983,0.06842362636578878
USDARS,1,2025-09-22,PA,110,8,1.2172773716135392,0.9211870266613013,0.8458073165673644,1.4536123237213592
USDARS,1,2025-09-22,VAR1,110,8,19.633084482648588,15.193305794343148,28.85102880603611,12.579206727639846
USDARS,1,2025-09-22,ARHinc,110,8,1.2173010189182223,0.9204218369262187,0.844503443285944,1.4537768333686454
USDARS,1,2025-09-22,KernelARH,110,8,1.2182698509456953,0.9180392555835022,0.8465500030827221,1.4557928350928628
USDARS,5,2025-09-26,PM,110,7,0.2258304120352261,0.1469615384615384,0.3563604701462091,0.11389604322552378
USDARS,5,2025-09-26,PA,110,7,1.2219026767129408,0.921756907843314,0.8436726670074318,1.4585152241157293
USDARS,5,2025-09-26,VAR1,110,7,37.183415074272375,26.922826756658075,55.23329881456536,22.11894864576819
USDARS,5,2025-09-26,ARHinc,110,7,1.2209186018201117,0.9192464905441448,0.8413437694093858,1.4581562414957698
USDARS,5,2025-09-26,KernelARH,110,7,1.3084666400556424,0.993242234636484,0.939159756796198,1.5337230205294012
USDARS,10,2025-10-03,PM,110,5,0.3100269839372546,0.2399615384615383,0.4053117495056224,0.21853205233483988
USDARS,10,2025-10-03,PA,110,5,1.2153334967280311,0.9171112518421515,0.8423478782572397,1.4464740503201567
USDARS,10,2025-10-03,VAR1,110,5,3.0215917176764866,2.3327853103681506,2.380217029413032,3.423512410002605
USDARS,10,2025-10-03,ARHinc,110,5,1.2150000122185736,0.915979437362561,0.8401761424469049,1.446851606735157
USDARS,10,2025-10-03,KernelARH,110,5,1.2712690135068694,0.9567115415456425,0.9092270640925665,1.4898664823123866
USDARS,1,2025-09-23,PM,110,8,0.18374928048001454,0.09738461538461501,0.28255380532294055,0.08967333156424447
USDARS,1,2025-09-23,PA,110,8,1.2343763651082624,0.9562197814554416,0.9069947332181512,1.454872098779233
USDARS,1,2025-09-23,VAR1,110,8,19.343245522710248,15.064499704283596,28.410269214894097,12.395666055948894
USDARS,1,2025-09-23,ARHinc,110,8,1.2359260647260852,0.9598493648357488,0.9100106234817107,1.455468188680541
USDARS,1,2025-09-23,KernelARH,110,8,1.2341109299896509,0.9520508316441306,0.9058008476461455,1.4556706570020057
USDARS,5,2025-09-29,PM,110,7,0.25952304625690087,0.16330769230769224,0.4310357114014524,0.12921388732610006
USDARS,5,2025-09-29,PA,110,7,1.2285452196873727,0.9354285889648434,0.8703453070370731,1.462064580161861
USDARS,5,2025-09-29,VAR1,110,7,36.57061904874722,26.930377608464088,54.29474932594173,21.876720738602895
USDARS,5,2025-09-29,ARHinc,110,7,1.2305464074208543,0.9412143085062962,0.87702595451146,1.4623535779615675
USDARS,5,2025-09-29,KernelARH,110,7,1.2487435355266738,0.9388821401160686,0.8875772210579467,1.4823485439782689
USDARS,10,2025-10-06,PM,110,5,0.4042209981985292,0.33357692307692277,0.5457193937597254,0.2800980705131759
USDARS,10,2025-10-06,PA,110,5,1.2479019214704237,0.9652407014141909,0.9183450028674959,1.45996426539466
USDARS,10,2025-10-06,VAR1,110,5,2.84278594869701,2.180082856869176,2.071156363514423,3.2072985750946024
USDARS,10,2025-10-06,ARHinc,110,5,1.2518696519197061,0.9716604043232636,0.9284084744276582,1.4613488696673071
USDARS,10,2025-10-06,KernelARH,110,5,1.3034242104638591,1.0086963344855262,0.9835180268269401,1.504285496420088
USDARS,1,2025-09-24,PM,110,8,0.05585696017507581,0.038961538461538506,0.08616327326305682,0.03213917515829533
USDARS,1,2025-09-24,PA,110,8,1.2069482894160992,0.915415019052505,0.8441244898105482,1.4415960298982688
USDARS,1,2025-09-24,VAR1,110,8,8.047575833387015,5.991622605773265,11.982720271984983,4.856304304573466
USDARS,1,2025-09-24,ARHinc,110,8,1.2078285468905985,0.9141198390789453,0.8463132333999516,1.4417786824254024
USDARS,1,2025-09-24,KernelARH,110,8,1.2143579169510412,0.9132316097637577,0.8551803516319513,1.4472468706730195
USDARS,5,2025-09-30,PM,110,7,0.25020472386858306,0.15476923076923088,0.4061951412328185,0.13188465956225767
USDARS,5,2025-09-30,PA,110,7,1.2183887054877582,0.9267559100434041,0.8573536834859077,1.4518135974949358
USDARS,5,2025-09-30,VAR1,110,7,11.518920198198954,8.857547883559704,17.048321011372188,7.06044694756107
USDARS,5,2025-09-30,ARHinc,110,7,1.21956628797336,0.9257458346631349,0.8609623977459052,1.4524100074146529
USDARS,5,2025-09-30,KernelARH,110,7,1.3112477673305067,1.0234117952350434,1.0021051810831767,1.5172168551742515
USDARS,10,2025-10-07,PM,110,5,0.3175327057655152,0.24415384615384614,0.38974371890974197,0.23089096286019767
USDARS,10,2025-10-07,PA,110,5,1.2365612891447986,0.937273248822285,0.8638388546808051,1.4643519074508817
USDARS,10,2025-10-07,VAR1,110,5,1.3142753683487787,0.9944930832088705,0.9194984621445464,1.5587613472387607
USDARS,10,2025-10-07,ARHinc,110,5,1.2335401616356443,0.9321474944387358,0.8580490230591761,1.4632232841065231
USDARS,10,2025-10-07,KernelARH,110,5,1.3100666961612393,0.9987046444469844,0.9607410134945507,1.5187033985088387
USDARS,1,2025-09-25,PM,110,8,0.16543212644930377,0.10350000000000005,0.24567767133000967,0.09292119756350448
USDARS,1,2025-09-25,PA,110,8,1.2056919162347401,0.8999280067709484,0.8178437310987838,1.4484965100009182
USDARS,1,2025-09-25,VAR1,110,8,3.994948456558153,2.951449457636283,5.81888753518024,2.6010319523927903
USDARS,1,2025-09-25,ARHinc,110,8,1.206253544734418,0.9002007665766971,0.818705277404942,1.4487702270135276
USDARS,1,2025-09-25,KernelARH,110,8,1.2088755732517884,0.8989049676716414,0.8199097080659038,1.451426170646437
USDARS,5,2025-10-01,PM,110,7,0.29380862753735565,0.1855769230769231,0.4874836078814504,0.1497313629945994
USDARS,5,2025-10-01,PA,110,7,1.2232413976806853,0.946742487790388,0.8843353927381619,1.4499806639043864
USDARS,5,2025-10-01,VAR1,110,7,5.255643234672261,4.12048016304344,7.606881797239036,3.446008440334721
USDARS,5,2025-10-01,ARHinc,110,7,1.2212628479352066,0.9435067461043101,0.8796811081088849,1.449179257745121
USDARS,5,2025-10-01,KernelARH,110,7,1.2621111280076207,0.9911348932849781,0.9777585730641959,1.466211768528005
USDARS,10,2025-10-08,PM,110,5,0.42533883551822527,0.30973076923076936,0.6298268642867735,0.2813833246423727
USDARS,10,2025-10-08,PA,110,5,1.2824754183173896,1.0179058129138003,0.9977799544819481,1.4866654356324298
USDARS,10,2025-10-08,VAR1,110,5,1.2615816467408099,0.9488288242594353,0.8757791555591996,1.4997443603253775
USDARS,10,2025-10-08,ARHinc,110,5,1.2816453643346735,1.0158039618979542,0.9941452325454213,1.4870157644628068
USDARS,10,2025-10-08,KernelARH,110,5,1.3794381625809784,1.113698621536794,1.1499900854136922,1.5537494937335
USDARS,1,2025-09-26,PM,110,8,0.1630033624004308,0.12065384615384626,0.21907934272432264,0.09847554301530345
USDARS,1,2025-09-26,PA,110,8,1.2255431813273376,0.9208562449364458,0.8521874123213726,1.4593712622725301
USDARS,1,2025-09-26,VAR1,110,8,14.78615061414678,10.564473712158327,21.899973882541417,9.70173493680929
USDARS,1,2025-09-26,ARHinc,110,8,1.2240478513713817,0.9206234501003085,0.8469865178808085,1.4592053434257768
USDARS,1,2025-09-26,KernelARH,110,8,1.2230922690105213,0.9239899916526476,0.8462874303875676,1.4587142304163068
USDARS,5,2025-10-02,PM,110,7,0.286833424589148,0.217423076923077,0.3815550355285333,0.18820305881769203
USDARS,5,2025-10-02,PA,110,7,1.2296791741758688,0.9418216549803535,0.8793150368601534,1.4540148106334043
USDARS,5,2025-10-02,VAR1,110,7,28.399318802806885,19.800867633948396,41.97361078403381,16.879602813514023
USDARS,5,2025-10-02,ARHinc,110,7,1.2294793184635313,0.9407715154175861,0.87356089249165,1.4556070610863323
USDARS,5,2025-10-02,KernelARH,110,7,1.2269700597714062,0.9421131480078722,0.8748344500086139,1.4528859053557652
USDARS,10,2025-10-09,PM,110,5,0.434777352392976,0.30188461538461525,0.6141538134618632,0.286425994795286
USDARS,10,2025-10-09,PA,110,5,1.2937872402061599,1.029936282997832,1.028598894495777,1.489165502785586
USDARS,10,2025-10-09,VAR1,110,5,2.2244736923482202,1.671224886640282,1.5641776635882487,2.550159985562046
USDARS,10,2025-10-09,ARHinc,110,5,1.2957838171825535,1.0336762975493519,1.0312689285175372,1.4903425679667677
USDARS,10,2025-10-09,KernelARH,110,5,1.3469266155948445,1.0685352759975726,1.0743606483664934,1.5390315349397152
USDARS,1,2025-09-29,PM,110,8,0.11982900477186394,0.07730769230769248,0.1894600174975796,0.05967974650740759
USDARS,1,2025-09-29,PA,110,8,1.2127525584423622,0.8967073144739875,0.8177808346314764,1.4580641752589494
USDARS,1,2025-09-29,VAR1,110,8,19.663328006971632,14.014523307965643,29.150042684651687,12.906513495364775
USDARS,1,2025-09-29,ARHinc,110,8,1.2113322845213506,0.8960646083287203,0.8132680678773823,1.4577918983495655
USDARS,1,2025-09-29,KernelARH,110,8,1.2142282991613471,0.9056885798686235,0.8227323766313981,1.4586593821946243
USDARS,5,2025-10-03,PM,110,7,0.1937828135985075,0.13811538461538467,0.16236365164219188,0.1827394135468147
USDARS,5,2025-10-03,PA,110,7,1.2051642627815156,0.9020885428145581,0.8195845177702576,1.4440543492030817
USDARS,5,2025-10-03,VAR1,110,7,37.556673080121726,26.1747940195571,55.586930172376825,22.237887038814595
USDARS,5,2025-10-03,ARHinc,110,7,1.2055619570570943,0.9026402186924299,0.820198953434324,1.4444710250144543
USDARS,5,2025-10-03,KernelARH,110,7,1.2193220514668814,0.9172820164348254,0.8463134174072636,1.4486304871454365
USDARS,10,2025-10-10,PM,110,5,0.8267023229489747,0.6840769230769231,0.9062426734287106,0.6529476275673606
USDARS,10,2025-10-10,PA,110,5,1.4471963020987917,1.1730585506343678,1.1497057651837659,1.595107804363823
USDARS,10,2025-10-10,VAR1,110,5,2.8219889757104513,2.140095918627643,2.194177487732828,3.139881172508564
USDARS,10,2025-10-10,ARHinc,110,5,1.456439974465277,1.1828214037322162,1.1650063629047909,1.600368418857409
USDARS,10,2025-10-10,KernelARH,110,5,1.4058824703530157,1.109339944960305,1.0821511348828796,1.5834451981408209
USDARS,1,2025-09-30,PM,110,8,0.13625855654148558,0.1093846153846151,0.15729027028884396,0.10868363131160162
USDARS,1,2025-09-30,PA,110,8,1.2074131142463487,0.899204662722586,0.8194793325361083,1.450903347096924
USDARS,1,2025-09-30,VAR1,110,8,36.766773928492334,27.96688859253585,54.79765841765537,22.05409792708321
USDARS,1,2025-09-30,ARHinc,110,8,1.2078951409879026,0.9033822747441392,0.8250919008781998,1.4497414589386475
USDARS,1,2025-09-30,KernelARH,110,8,1.2174107659431899,0.9200132572510866,0.8559428072947687,1.451197065109152
USDARS,5,2025-10-06,PM,110,7,0.2672797439733535,0.2194230769230768,0.24117491846424965,0.24554462796992038
USDARS,5,2025-10-06,PA,110,7,1.2204323774714387,0.913848217349652,0.8263924740308065,1.4574324891719437
USDARS,5,2025-10-06,VAR1,110,7,56.194060958799426,42.97034436518507,83.59016571302872,34.08116324625703
USDARS,5,2025-10-06,ARHinc,110,7,1.2173962352647154,0.9139483006012934,0.8254362746241822,1.4545293717838825
USDARS,5,2025-10-06,KernelARH,110,7,1.2512219992397393,0.9574901452397248,0.9103109730576598,1.4647607882955813
USDARS,10,2025-10-13,PM,110,5,0.5775081168260755,0.48723076923076925,0.6533638821484885,0.4521331814891991
USDARS,10,2025-10-13,PA,110,5,1.323159163615715,1.0295072382312485,0.9649945190923224,1.5237695812160752
USDARS,10,2025-10-13,VAR1,110,5,6.591079397546391,5.638961056973818,7.050254019549419,5.275180724450329
USDARS,10,2025-10-13,ARHinc,110,5,1.3279692588358898,1.0358544404618941,0.9693046639128857,1.5259787213790474
USDARS,10,2025-10-13,KernelARH,110,5,1.2979816604770236,0.9797829122043267,0.9043385018421152,1.5203450621296828
USDARS,1,2025-10-01,PM,110,8,0.10194667723864267,0.07426923076923075,0.1538979650688184,0.06639201906700037
USDARS,1,2025-10-01,PA,110,8,1.1998934868751827,0.8954941770044512,0.8098709552326471,1.444833589921345
USDARS,1,2025-10-01,VAR1,110,8,47.17172919419562,36.03753114406601,70.27279454407888,28.297528961621673
USDARS,1,2025-10-01,ARHinc,110,8,1.1995894940132257,0.8937017784629461,0.8102305860803879,1.4441692481269284
USDARS,1,2025-10-01,KernelARH,110,8,1.203397446205976,0.901940684490383,0.8245214545003836,1.4446275014274623
USDARS,5,2025-10-07,PM,110,7,0.23619133378226692,0.18550000000000022,0.2620872907742067,0.1970697670514442
USDARS,5,2025-10-07,PA,110,7,1.226693477705005,0.9328867040129618,0.8515704061966435,1.463423070108646
USDARS,5,2025-10-07,VAR1,110,7,70.8060173325263,54.12258254813945,105.27853725106479,42.98187659226353
USDARS,5,2025-10-07,ARHinc,110,7,1.2270129244142485,0.9295579569340856,0.850088937757432,1.4638184271381058
USDARS,5,2025-10-07,KernelARH,110,7,1.2597087182534146,0.9540320728876186,0.9005852197797333,1.4771983391429406
USDARS,10,2025-10-14,PM,110,5,0.8953184059746138,0.7344615384615384,1.1168516420865662,0.6448325927789086
USDARS,10,2025-10-14,PA,110,5,1.4670337539845644,1.2051586547569844,1.2430443407666543,1.5969003332545266
USDARS,10,2025-10-14,VAR1,110,5,8.442071527644927,7.205470776568603,9.211291630024855,6.643708489942907
USDARS,10,2025-10-14,ARHinc,110,5,1.4718349347954132,1.2086169238716673,1.2483232561781983,1.600510319502251
USDARS,10,2025-10-14,KernelARH,110,5,1.4090385831582724,1.1175379634764806,1.113723071936656,1.5835590646573507
USDARS,1,2025-10-02,PM,110,8,0.14071998928587012,0.0715384615384617,0.24864092035638932,0.06093676826438249
USDARS,1,2025-10-02,PA,110,8,1.2029245325705238,0.8981023579700664,0.8318801351950313,1.4442078380928036
USDARS,1,2025-10-02,VAR1,110,8,53.472052007729424,40.902355295959886,79.63095476358433,32.01090561325964
USDARS,1,2025-10-02,ARHinc,110,8,1.2028453649317608,0.8981865503192211,0.8317959981993032,1.4441423966212046
USDARS,1,2025-10-02,KernelARH,110,8,1.2017011319726978,0.8984858969613503,0.8243244381307302,1.443995416540288
USDARS,5,2025-10-08,PM,110,7,0.2758453789297965,0.1942307692307692,0.2571103506299779,0.2665904012185884
USDARS,5,2025-10-08,PA,110,7,1.246322586722733,0.9253446702038983,0.8464732312121205,1.487872801117147
USDARS,5,2025-10-08,VAR1,110,7,82.91374078591623,63.154460837899514,123.56023425103099,50.137561289867186
USDARS,5,2025-10-08,ARHinc,110,7,1.2470719076993124,0.9252707836447033,0.8466560320853266,1.4887507522431473
USDARS,5,2025-10-08,KernelARH,110,7,1.3153492792817603,1.0494836039268158,1.05329193132507,1.5066330495583176
USDARS,10,2025-10-15,PM,110,5,0.7399120594835784,0.609461538461538,0.8616461790157505,0.5693087825611417
USDARS,10,2025-10-15,PA,110,5,1.3919042965637074,1.101788651458356,1.0561963101190506,1.569098664362172
USDARS,10,2025-10-15,VAR1,110,5,9.302258294880495,8.006292848066087,9.864241250820708,7.532937493588878
USDARS,10,2025-10-15,ARHinc,110,5,1.395669483687775,1.1058526552433061,1.0607432410279651,1.5715244231460646
USDARS,10,2025-10-15,KernelARH,110,5,1.3287886752773168,1.008352240953856,0.9392518120563697,1.5425645806096722
USDARS,1,2025-10-03,PM,110,8,0.18237904316180462,0.11680769230769217,0.19703738151126196,0.1584423563535877
USDARS,1,2025-10-03,PA,110,8,1.2049655181516499,0.9061755090285035,0.8262691641222228,1.4439247915336944
USDARS,1,2025-10-03,VAR1,110,8,14.072229409992461,9.581077149747045,21.45600772647362,8.175877084812512
USDARS,1,2025-10-03,ARHinc,110,8,1.2080265453841785,0.9148101636271299,0.8384260076024485,1.445015766116436
USDARS,1,2025-10-03,KernelARH,110,8,1.2082229942562681,0.9087794393345543,0.8253226203840145,1.4449786370883717
USDARS,5,2025-10-09,PM,110,7,0.36119466571152664,0.25599999999999995,0.4021787132135308,0.31796307397678814
USDARS,5,2025-10-09,PA,110,7,1.2708666572694272,0.9675458755266602,0.9099264836442623,1.4969689949808067
USDARS,5,2025-10-09,VAR1,110,7,10.007957512680123,7.000322948508198,13.675389139709063,6.268123859131701
USDARS,5,2025-10-09,ARHinc,110,7,1.2648730849383116,0.9607819577836878,0.8938567787533827,1.4944720538317793
USDARS,5,2025-10-09,KernelARH,110,7,1.3043104162275152,1.0226926114560877,1.008441985651993,1.5073010180050987
USDARS,10,2025-10-16,PM,110,5,0.6755115582909114,0.5208461538461537,0.6407131759486383,0.5724623523303263
USDARS,10,2025-10-16,PA,110,5,1.378716643490955,1.0744227177687349,0.9916178803246319,1.5662950226716474
USDARS,10,2025-10-16,VAR1,110,5,1.9275089457581107,1.6405801180140889,1.7512662344158914,1.906223947786158
USDARS,10,2025-10-16,ARHinc,110,5,1.3708374654611382,1.0655777806754483,0.9819010577007158,1.5624356308049026
USDARS,10,2025-10-16,KernelARH,110,5,1.3211042031576652,0.9994096865192882,0.910309096773686,1.5390717927063071
USDARS,1,2025-10-06,PM,110,8,0.15260809535942313,0.10488461538461537,0.2370498234009975,0.09861960019686904
USDARS,1,2025-10-06,PA,110,8,1.2147437788335747,0.9205776672332039,0.8459926134080566,1.4474149382191148
USDARS,1,2025-10-06,VAR1,110,8,73.19434259417429,53.92043865331166,108.8041832719484,45.987820620291785
USDARS,1,2025-10-06,ARHinc,110,8,1.2190633860992584,0.9197940705214629,0.8409607547692102,1.4544302677064274
USDARS,1,2025-10-06,KernelARH,110,8,1.222028693720405,0.9159744680127654,0.8463508358740914,1.4543598828565543
USDARS,5,2025-10-10,PM,110,7,0.8536318056488902,0.6979615384615386,0.9406491549668745,0.6489495682731056
USDARS,5,2025-10-10,PA,110,7,1.484550371967187,1.2282342981030847,1.2217781412756223,1.6060459834745684
USDARS,5,2025-10-10,VAR1,110,7,138.81370076711784,103.00327751735243,207.64092898576178,82.22674192422956
USDARS,5,2025-10-10,ARHinc,110,7,1.4582177635464462,1.204444668217845,1.202986937604374,1.5890876220200403
USDARS,5,2025-10-10,KernelARH,110,7,1.4246499833167234,1.159447862827509,1.1509358469253193,1.5761016553395766
USDARS,10,2025-10-17,PM,110,5,0.6122281186214572,0.4891538461538461,0.6005204804006129,0.4953451720991571
USDARS,10,2025-10-17,PA,110,5,1.3656399409904325,1.069090194246585,0.9804021312385108,1.5559868590748598
USDARS,10,2025-10-17,VAR1,110,5,10.929786572097683,8.86207831406422,10.872752445099223,9.606578048376095
USDARS,10,2025-10-17,ARHinc,110,5,1.349861675597019,1.0520153926209366,0.9602227490818701,1.5476209293724739
USDARS,10,2025-10-17,KernelARH,110,5,1.3249337416648652,1.009049414212711,0.926007904707368,1.5414677844211588
USDARS,1,2025-10-07,PM,110,8,0.10839542106423285,0.06961538461538479,0.17276145587058686,0.06869501334835768
USDARS,1,2025-10-07,PA,110,8,1.2210130114715931,0.9251379242510029,0.860274653188207,1.4561339181699429
USDARS,1,2025-10-07,VAR1,110,8,15.245162394054718,11.012298081043182,22.426835882831732,10.31481602780915
USDARS,1,2025-10-07,ARHinc,110,8,1.2181975130905212,0.9146294980886233,0.8440148935602357,1.4558245732921213
USDARS,1,2025-10-07,KernelARH,110,8,1.2162315312495222,0.9157344286666627,0.8383618079460745,1.4551754328681976
USDARS,5,2025-10-13,PM,110,7,0.6821389225190019,0.5668846153846154,0.7942418737702318,0.4933724576972653
USDARS,5,2025-10-13,PA,110,7,1.3911810115246273,1.1360334632012912,1.1287793947152247,1.5422435434129795
USDARS,5,2025-10-13,VAR1,110,7,26.69109559463524,18.845278408882134,39.73065765661091,15.647790931389716
USDARS,5,2025-10-13,ARHinc,110,7,1.3933116428867338,1.1332410290384514,1.1104210534619994,1.5479811052612964
USDARS,5,2025-10-13,KernelARH,110,7,1.2962389950388191,0.9964419579003061,0.926002027481574,1.5080026890980767
USDARS,10,2025-10-20,PM,110,5,0.543710100216028,0.4410000000000003,0.5414255128256455,0.43898247804004376
USDARS,10,2025-10-20,PA,110,5,1.325185357856073,1.01874442928973,0.9249375937898705,1.5316485684592491
USDARS,10,2025-10-20,VAR1,110,5,1.9584941102379543,1.641535538511911,1.7086434328827078,2.03302724499807
USDARS,10,2025-10-20,ARHinc,110,5,1.3352846052138136,1.0279512766552394,0.9382428608113031,1.5367883044012507
USDARS,10,2025-10-20,KernelARH,110,5,1.2883193708307061,0.9572881657535925,0.8760320830672566,1.5158128926239094
USDARS,1,2025-10-08,PM,110,8,0.3017069228700136,0.19453846153846163,0.48922259696700665,0.17241041179214694
USDARS,1,2025-10-08,PA,110,8,1.247922461115435,0.9555272691541793,0.9106175761145671,1.4735175816197046
USDARS,1,2025-10-08,VAR1,110,8,75.97922688145077,57.11984628048557,112.87223851904884,47.201366781482484
USDARS,1,2025-10-08,ARHinc,110,8,1.2391796798062813,0.9448179498070414,0.8826672739758532,1.4709121626349857
USDARS,1,2025-10-08,KernelARH,110,8,1.2466972189662393,0.949874326587066,0.8522554998970198,1.482961648709564
USDARS,5,2025-10-14,PM,110,7,0.876957508180326,0.7118076923076923,1.043296051583253,0.6186722623019217
USDARS,5,2025-10-14,PA,110,7,1.5006457640520563,1.25296353438438,1.3226751392083498,1.5938302119499792
USDARS,5,2025-10-14,VAR1,110,7,138.69851336350072,103.6215250544873,207.44191853517427,81.16353131396289
USDARS,5,2025-10-14,ARHinc,110,7,1.4950068789829534,1.2523921137321463,1.335310482262125,1.5867720794462692
USDARS,5,2025-10-14,KernelARH,110,7,1.4183117068789433,1.1491102304890661,1.182596879367571,1.5627551762838516
USDARS,10,2025-10-21,PM,110,5,0.4354569880729192,0.3495000000000001,0.4352861826276497,0.3501505324733005
USDARS,10,2025-10-21,PA,110,5,1.2957080206277087,1.001842864372139,0.9150129784817093,1.5065136805115427
USDARS,10,2025-10-21,VAR1,110,5,10.371352927545109,8.385899211827443,10.686230041569639,8.815952941462081
USDARS,10,2025-10-21,ARHinc,110,5,1.2908894841486875,0.9985835962060056,0.9086978152909161,1.504801575456696
USDARS,10,2025-10-21,KernelARH,110,5,1.2733067211725364,0.9654241814565561,0.886852900440404,1.4983723459970206
USDARS,1,2025-10-09,PM,110,8,0.14679050351803044,0.10688461538461513,0.202584135061169,0.10059158532851216
USDARS,1,2025-10-09,PA,110,8,1.2332719217409622,0.9295054177102835,0.8520432087919642,1.4714965548367374
USDARS,1,2025-10-09,VAR1,110,8,16.625044784181238,12.652270901657124,24.640845677950697,9.805309041812006
USDARS,1,2025-10-09,ARHinc,110,8,1.234902587518785,0.9286529273275069,0.8498868292727236,1.471880825209554
USDARS,1,2025-10-09,KernelARH,110,8,1.2404964629821942,0.9395473090762578,0.8736606698875942,1.4730871622879773
USDARS,5,2025-10-15,PM,110,7,0.7417687087682333,0.6068846153846149,0.9725365385586391,0.4941741274412748
USDARS,5,2025-10-15,PA,110,7,1.4349256331965168,1.1973782867805054,1.2654439591862463,1.5519654459299181
USDARS,5,2025-10-15,VAR1,110,7,27.070899353453004,20.631690553194918,40.11264215461403,15.996719247828967
USDARS,5,2025-10-15,ARHinc,110,7,1.4323392267664394,1.1883822596523923,1.2317593979850698,1.556124244683051
USDARS,5,2025-10-15,KernelARH,110,7,1.3321589380693686,1.0384654924966763,0.9822110239298167,1.5263895935316656
USDARS,10,2025-10-22,PM,110,5,0.5142717965912876,0.4340384615384615,0.6665247294976412,0.37492604630490467
USDARS,10,2025-10-22,PA,110,5,1.2936712013547778,0.997374953360781,0.9020117170977858,1.5113487789218916
USDARS,10,2025-10-22,VAR1,110,5,3.0726660793875076,2.6071007106764994,2.8106605526436486,2.9351480910773824
USDARS,10,2025-10-22,ARHinc,110,5,1.29907578350116,1.0011107058269202,0.9097969278828933,1.5125218687888167
USDARS,10,2025-10-22,KernelARH,110,5,1.2660479075032827,0.9516020695479831,0.8744798822197063,1.4911802267851797
USDARS,1,2025-10-10,PM,110,8,0.8916419059586301,0.7285769230769229,1.1982238077374925,0.5838335937656189
USDARS,1,2025-10-10,PA,110,8,1.5173267945470765,1.2940372770903843,1.4509913067729505,1.5781986272477806
USDARS,1,2025-10-10,VAR1,110,8,14.697906863651735,10.775083642629397,21.61417484739584,9.682935110309666
USDARS,1,2025-10-10,ARHinc,110,8,1.5162069729057417,1.293021952939919,1.456631072776207,1.5775577974337733
USDARS,1,2025-10-10,KernelARH,110,8,1.535502503790429,1.3146213736236392,1.459854681301987,1.5905379006311247
USDARS,5,2025-10-16,PM,110,7,0.5882753067556564,0.4923461538461538,0.719841844001249,0.41485954217313414
USDARS,5,2025-10-16,PA,110,7,1.3538300049131415,1.0943828980313757,1.0705872559636334,1.5243342004212175
USDARS,5,2025-10-16,VAR1,110,7,32.0417605084172,23.586533499403757,47.897237500943035,18.249161645459196
USDARS,5,2025-10-16,ARHinc,110,7,1.3486695971211367,1.090122352171845,1.0646935534247925,1.5228846104714764
USDARS,5,2025-10-16,KernelARH,110,7,1.2890848947612268,0.9750368147451621,0.8860791458782105,1.511257899426821
USDARS,10,2025-10-23,PM,110,5,0.368657517737826,0.30734615384615405,0.43900937477470625,0.29096666915154945
USDARS,10,2025-10-23,PA,110,5,1.262374195476565,0.953827378510594,0.8605777813887454,1.493816771530922
USDARS,10,2025-10-23,VAR1,110,5,2.3099215358920806,1.967478090443702,2.371787041552568,2.1201939632143993
USDARS,10,2025-10-23,ARHinc,110,5,1.265271424328749,0.9587918175031378,0.8638656850692988,1.4973954453751206
USDARS,10,2025-10-23,KernelARH,110,5,1.260169765412358,0.9351017567825984,0.8589156001104697,1.491256848551242
USDARS,1,2025-10-13,PM,110,8,0.2770018050482703,0.20834615384615396,0.35698772539641116,0.20534090481269768
USDARS,1,2025-10-13,PA,110,8,1.2407143246170749,0.9157690997461242,0.8588437650097629,1.4699706891974935
USDARS,1,2025-10-13,VAR1,110,8,64.3781870268781,47.94584944765359,95.06498894951103,41.28324443225538
USDARS,1,2025-10-13,ARHinc,110,8,1.2700344771420762,0.9404402287732405,0.8886014311522435,1.4935325056905413
USDARS,1,2025-10-13,KernelARH,110,8,1.2820985264077143,0.9653730894375478,0.9396183666759114,1.4888279687519286
USDARS,5,2025-10-17,PM,110,7,0.2778162612231328,0.21073076923076925,0.39363776120841315,0.16887301462875737
USDARS,5,2025-10-17,PA,110,7,1.2554348141522076,0.9353267058855907,0.8880260422037165,1.4784483847508165
USDARS,5,2025-10-17,VAR1,110,7,116.26783379566874,86.18592549861928,173.2406068882686,66.43889294226014
USDARS,5,2025-10-17,ARHinc,110,7,1.2793494384720232,0.96107992902777994,0.9161459997559707,1.4983345178380247
USDARS,5,2025-10-17,KernelARH,110,7,1.2980951312374367,0.9879423220205075,0.8979071248182413,1.51884555005271
USDARS,10,2025-10-24,PM,110,5,0.5215675337937478,0.4010769230769229,0.6717867350917267,0.337012769483085
USDARS,10,2025-10-24,PA,110,5,1.4226492579742565,1.1676715866196035,1.2539936223551227,1.5382234285666585
USDARS,10,2025-10-24,VAR1,110,5,9.5131292492051,7.750595547153769,10.118342546087138,7.787738991602432
USDARS,10,2025-10-24,ARHinc,110,5,1.4997660832408257,1.2666004513029316,1.3936150041641047,1.5721955666148864
USDARS,10,2025-10-24,KernelARH,110,5,1.3033948504724042,0.9773245392617339,0.8959994368552214,1.5299011293041267
USDARS,1,2025-10-14,PM,110,8,0.30037676661665585,0.21603846153846165,0.43041959058842505,0.19917704019125942
USDARS,1,2025-10-14,PA,110,8,1.2765538763106472,0.9921616432751376,0.9742640765684827,1.4839074144170967
USDARS,1,2025-10-14,VAR1,110,8,8.920814249285609,6.441645091311871,12.827408271585542,6.292140055294998
USDARS,1,2025-10-14,ARHinc,110,8,1.2837196815466054,0.985188891876323,0.9709974575978444,1.4900790846900163
USDARS,1,2025-10-14,KernelARH,110,8,1.2874823127794888,0.988114137583889,0.973969411779408,1.4952622299123766
USDARS,5,2025-10-20,PM,110,7,0.22108049787003278,0.15249999999999997,0.32186440796740656,0.12421558760249858
USDARS,5,2025-10-20,PA,110,7,1.2302918630199422,0.9254164496033334,0.8479406491278537,1.4628090791882935
USDARS,5,2025-10-20,VAR1,110,7,12.699902526190977,8.41071741356454,18.68676657158667,7.367462729702509
USDARS,5,2025-10-20,ARHinc,110,7,1.231954149402433,0.92422283808965,0.854813199069034,1.4628003435003016
USDARS,5,2025-10-20,KernelARH,110,7,1.3006411368098516,1.002685822041411,0.8979955542924523,1.5163882472834544
USDARS,10,2025-10-27,PM,110,5,0.401406122275184,0.3210384615384614,0.5106770787092019,0.279426536739473
USDARS,10,2025-10-27,PA,110,5,1.330490639659913,1.0760823274578453,1.0811553974481045,1.498400312198329
USDARS,10,2025-10-27,VAR1,110,5,1.418078007434405,1.1478126483928865,1.1490862499822698,1.5802392997478183
USDARS,10,2025-10-27,ARHinc,110,5,1.3224738259322366,1.0648698681148305,1.07426093355953,1.4923287990024026
USDARS,10,2025-10-27,KernelARH,110,5,1.2767233545421486,0.9563597817941423,0.877663870610682,1.500872063186447
USDARS,1,2025-10-15,PM,110,8,0.2757150668297311,0.20546153846153842,0.4137177923598633,0.1608487580685615
USDARS,1,2025-10-15,PA,110,8,1.2545938856525425,0.9632515159525364,0.9083191898017258,1.472795644537553
USDARS,1,2025-10-15,VAR1,110,8,52.2708881840937,39.29069444557173,77.36573233662168,33.11977504323315
USDARS,1,2025-10-15,ARHinc,110,8,1.2599094000464814,0.965537107452263,0.916519394841511,1.4757636538063421
USDARS,1,2025-10-15,KernelARH,110,8,1.258282219206917,0.9702278315551277,0.9167409002903284,1.4741469964118605
USDARS,5,2025-10-21,PM,110,7,0.5260532018283381,0.4134615384615383,0.7033441968551436,0.339567162734352
USDARS,5,2025-10-21,PA,110,7,1.3195752188930683,1.0362166051068546,1.0489024368242292,1.496342391547798
USDARS,5,2025-10-21,VAR1,110,7,84.28198323836264,62.160391233062974,125.30726167056346,48.17400728587315
USDARS,5,2025-10-21,ARHinc,110,7,1.3261652460530071,1.0434145400064827,1.0557107700273778,1.5004037987332266
USDARS,5,2025-10-21,KernelARH,110,7,1.258582567480963,0.965980443120582,0.8802456105051195,1.4836271008387905
USDARS,10,2025-10-28,PM,110,5,0.6257531231674729,0.5066538461538465,0.8197731696361911,0.42797955918598124
USDARS,10,2025-10-28,PA,110,5,1.3867488494977376,1.1391100864320125,1.1807558116743877,1.5234667671483442
USDARS,10,2025-10-28,VAR1,110,5,7.005526576447709,5.708708249427074,7.173721544916228,5.988779754053395
USDARS,10,2025-10-28,ARHinc,110,5,1.4010906160788028,1.1561151352058057,1.1993125643472358,1.5328965039933042
USDARS,10,2025-10-28,KernelARH,110,5,1.2800310126778822,0.9597249324105492,0.8775342080582111,1.504587910636799
USDARS,1,2025-10-16,PM,110,8,0.10193818828471107,0.07557692307692307,0.15478504964511317,0.0699520652515841
USDARS,1,2025-10-16,PA,110,8,1.227816346093193,0.9223889178950125,0.8347307651588073,1.463626098301462
USDARS,1,2025-10-16,VAR1,110,8,13.609132345109733,10.135006159429613,20.041286991834152,8.782386031118781
USDARS,1,2025-10-16,ARHinc,110,8,1.2288468643130532,0.9263635399832698,0.8397184936524115,1.4633130892254016
USDARS,1,2025-10-16,KernelARH,110,8,1.240502379729811,0.9360332182509173,0.8544419894820361,1.4737938786896905
USDARS,5,2025-10-22,PM,110,7,0.29190809604815954,0.2352692307692308,0.3540822210514954,0.2092260155335263
USDARS,5,2025-10-22,PA,110,7,1.2527220286573746,0.9499946222139155,0.8950356352773349,1.4705963014120769
USDARS,5,2025-10-22,VAR1,110,7,22.80758644197453,16.661338261411448,33.806364238007085,13.095747080956588
USDARS,5,2025-10-22,ARHinc,110,7,1.2549165726541236,0.9527749223560456,0.9034194146888112,1.4702660862405188
USDARS,5,2025-10-22,KernelARH,110,7,1.279009787803366,0.9781673740301545,0.9406003432868296,1.48897259832063
USDARS,10,2025-10-29,PM,110,5,0.4985052657695802,0.38430769230769213,0.5882242827316253,0.34187908550019935
USDARS,10,2025-10-29,PA,110,5,1.4041074813581667,1.1434547751255622,1.1680640163829463,1.5429726990052868
USDARS,10,2025-10-29,VAR1,110,5,1.9855733517819016,1.69190953216207,1.8419679941367777,1.9411538656758165
USDARS,10,2025-10-29,ARHinc,110,5,1.399580124895757,1.1364085262138235,1.1642130130924937,1.539960954056315
USDARS,10,2025-10-29,KernelARH,110,5,1.335425450038806,1.0173156000264694,0.9612692619391914,1.54652992377645
USDARS,1,2025-10-17,PM,110,8,0.11338837275895208,0.08415384615384598,0.17230331631049542,0.07313053871049081
USDARS,1,2025-10-17,PA,110,8,1.2347042790082399,0.9264229021759515,0.8469151736379933,1.4703269520060227
USDARS,1,2025-10-17,VAR1,110,8,11.537145515982633,8.656061598061113,17.00030641665929,7.429328765946836
USDARS,1,2025-10-17,ARHinc,110,8,1.2344537842559014,0.9297523958469828,0.847594516361506,1.4697899983660332
USDARS,1,2025-10-17,KernelARH,110,8,1.2354650637024658,0.9268162294129262,0.8437735711209329,1.4712736711506897
USDARS,5,2025-10-23,PM,110,7,0.28319324402523877,0.2238846153846155,0.34023631581897634,0.19787722405046285
USDARS,5,2025-10-23,PA,110,7,1.2413754329036963,0.9191378596365242,0.861548925910928,1.4684475237227594
USDARS,5,2025-10-23,VAR1,110,7,19.33617325522952,14.20501846041284,28.547543639313716,11.151334879131538
USDARS,5,2025-10-23,ARHinc,110,7,1.2438210422935505,0.9209696258938098,0.8645331376099511,1.4700961952049314
USDARS,5,2025-10-23,KernelARH,110,7,1.2617017552981904,0.9593452672380092,0.9186483436506316,1.4761210086327798
USDARS,10,2025-10-30,PM,110,5,0.38747760481190296,0.3060769230769232,0.4207449360116055,0.29072280565538394
USDARS,10,2025-10-30,PA,110,5,1.3814491555375403,1.1162563639694512,1.1122086040543997,1.5457756924587214
USDARS,10,2025-10-30,VAR1,110,5,1.7235166103127986,1.4665137163314879,1.546434263423138,1.7595663984538903
USDARS,10,2025-10-30,ARHinc,110,5,1.382491951152727,1.117761868119768,1.1154985184066286,1.5458506212754577
USDARS,10,2025-10-30,KernelARH,110,5,1.3380432243413511,0.9914525759431283,0.9214362732397667,1.5677078011401786
USDARS,1,2025-10-20,PM,110,8,0.16481749813750868,0.12465384615384613,0.25083415362265366,0.09911925378119954
USDARS,1,2025-10-20,PA,110,8,1.2328131539402662,0.9359051078396006,0.8680901387064663,1.4597240812629844
USDARS,1,2025-10-20,VAR1,110,8,56.264030085068825,42.71136728345054,83.26273013249991,35.290637768426414
USDARS,1,2025-10-20,ARHinc,110,8,1.229427758909358,0.9254311696956593,0.8473150561840187,1.4613256637083427
USDARS,1,2025-10-20,KernelARH,110,8,1.2289041765152597,0.9299694678298074,0.8485041411930274,1.4611622126288886
USDARS,5,2025-10-24,PM,110,7,0.28040449834535053,0.23215384615384624,0.3089889744158999,0.21016125919297196
USDARS,5,2025-10-24,PA,110,7,1.275225058040181,0.9622244197527627,0.9073764279888238,1.4934164066537552
USDARS,5,2025-10-24,VAR1,110,7,86.56587930725385,63.578917294346034,128.0366075536308,49.61717544933146
USDARS,5,2025-10-24,ARHinc,110,7,1.272392275386671,0.9593747284000563,0.8964800888810738,1.4938201489790892
USDARS,5,2025-10-24,KernelARH,110,7,1.2796330118873969,0.9674042588425253,0.9065002216973156,1.4993455719252917
USDARS,10,2025-10-31,PM,110,5,0.41553238557486516,0.3336153846153844,0.4513909457355525,0.3176452534615914
USDARS,10,2025-10-31,PA,110,5,1.366614586931812,1.0903534008632598,1.079805905957486,1.5377978330205229
USDARS,10,2025-10-31,VAR1,110,5,7.573449142979258,6.219906909972913,7.549920383205886,6.6230366490486245
USDARS,10,2025-10-31,ARHinc,110,5,1.3696326146231503,1.093549916653072,1.0785107722982825,1.5407604207226038
USDARS,10,2025-10-31,KernelARH,110,5,1.332886117865572,0.9893413558651368,0.9231209137446786,1.5612558135470382
USDARS,1,2025-10-21,PM,110,8,0.1486330341685651,0.12200000000000007,0.19253489788674208,0.1026042061406574
USDARS,1,2025-10-21,PA,110,8,1.2340929913930563,0.9390782901964241,0.8613310989265721,1.4629930453393245
USDARS,1,2025-10-21,VAR1,110,8,16.23392398529141,12.118855690970705,24.137506097870535,9.96733870243077
USDARS,1,2025-10-21,ARHinc,110,8,1.2341539574675284,0.9423579663339687,0.8648004456160321,1.4614320850596232
USDARS,1,2025-10-21,KernelARH,110,8,1.242293927813283,0.947251902856114,0.8749027584602307,1.4671422431607855
USDARS,5,2025-10-27,PM,110,7,0.2208978618833042,0.17846153846153837,0.22727370640688324,0.1856537898106159
USDARS,5,2025-10-27,PA,110,7,1.2356355584092709,0.9271405870132565,0.8435075690939026,1.4656679897171292
USDARS,5,2025-10-27,VAR1,110,7,27.147968394544595,19.842473045917462,40.10773000771956,15.545643375131734
USDARS,5,2025-10-27,ARHinc,110,7,1.2376307833594933,0.9291211775496798,0.8521456224049784,1.465384085359715
USDARS,5,2025-10-27,KernelARH,110,7,1.2617968901215098,0.9580754661423493,0.9041076623814273,1.476984646427349
USDARS,10,2025-11-03,PM,110,5,0.4469995590257676,0.3585384615384615,0.4701077486061461,0.3465131973629357
USDARS,10,2025-11-03,PA,110,5,1.3881029189585796,1.1130598537370466,1.1014242559710243,1.553790965997961
USDARS,10,2025-11-03,VAR1,110,5,2.611144705306242,2.2100567210563997,2.5045742456414435,2.426578293027971
USDARS,10,2025-11-03,ARHinc,110,5,1.3862364361434596,1.1109469784828871,1.1043737512929406,1.5512138628068728
USDARS,10,2025-11-03,KernelARH,110,5,1.3481562583874516,1.0163272191829462,0.9505101812376239,1.569002788657179
USDARS,1,2025-10-22,PM,110,8,0.0675900396622053,0.05703846153846169,0.09411753892713992,0.0521394219920512
USDARS,1,2025-10-22,PA,110,8,1.2255581624973186,0.9327238549629051,0.8479807302820932,1.4543820729164387
USDARS,1,2025-10-22,VAR1,110,8,61.004373178570056,47.02910569244969,90.49214289246227,37.579883674904885
USDARS,1,2025-10-22,ARHinc,110,8,1.2247152778603245,0.9312815111863572,0.8446651839112713,1.4547599328098832
USDARS,1,2025-10-22,KernelARH,110,8,1.223904360396961,0.9319882776675897,0.8408397500883841,1.4556810467138595
USDARS,5,2025-10-28,PM,110,7,0.24319725295766367,0.19592307692307692,0.30968491420390726,0.1878022591641582
USDARS,5,2025-10-28,PA,110,7,1.2381542016395057,0.931693966976735,0.8496952072108557,1.466633102268373
USDARS,5,2025-10-28,VAR1,110,7,87.72571848651042,64.77905527083513,129.50612504251706,50.405525011826086
USDARS,5,2025-10-28,ARHinc,110,7,1.2388099732238973,0.9318431472749901,0.8492732097270543,1.467313347768755
USDARS,5,2025-10-28,KernelARH,110,7,1.2568606824117428,0.9448764130501549,0.8804004971888881,1.4759741791677807
USDARS,10,2025-11-04,PM,110,5,0.37171839786011707,0.3062307692307693,0.4206473242904415,0.31511447919289703
USDARS,10,2025-11-04,PA,110,5,1.33628557384752,1.0499915623914768,1.0296272770941526,1.5309463830843675
USDARS,10,2025-11-04,VAR1,110,5,7.920298759466594,6.653585984539228,7.977651171699519,6.8728463901328665
USDARS,10,2025-11-04,ARHinc,110,5,1.3426213832935792,1.0553995291056029,1.0374176299988818,1.5347598040345611
USDARS,10,2025-11-04,KernelARH,110,5,1.3429377749632958,1.0273338959517462,0.9681505879110675,1.5632032143247356
USDARS,1,2025-10-23,PM,110,8,0.09955646832132706,0.0637307692307693,0.16011489474610224,0.05576794885820862
USDARS,1,2025-10-23,PA,110,8,1.2161113725754678,0.9085552653285707,0.8194271157947551,1.4539641163723693
USDARS,1,2025-10-23,VAR1,110,8,37.417750077438264,28.88560201863008,55.49543941719255,22.874369346927047
USDARS,1,2025-10-23,ARHinc,110,8,1.2181657548974467,0.9116650563023615,0.8269537017147903,1.4542347267752436
USDARS,1,2025-10-23,KernelARH,110,8,1.2190552368020067,0.9121108660966696,0.8289311862292812,1.4545839224543928
USDARS,5,2025-10-29,PM,110,7,0.30891162851334886,0.2448076923076923,0.3508330323709871,0.23738777297552568
USDARS,5,2025-10-29,PA,110,7,1.2863159406641798,0.9781550848158392,0.9239604710107904,1.5015785781514874
USDARS,5,2025-10-29,VAR1,110,7,54.756478342143524,40.98711432443376,80.65972300898945,31.698627422458824
USDARS,5,2025-10-29,ARHinc,110,7,1.2878170525578505,0.9798525003359685,0.9267300313417642,1.502066362742635
USDARS,5,2025-10-29,KernelARH,110,7,1.3078960435693194,1.0053538717646482,0.963637636299083,1.5078694334437068
USDARS,10,2025-11-05,PM,110,5,0.4962858686901516,0.4108461538461537,0.5487524080838071,0.42687968015147487
USDARS,10,2025-11-05,PA,110,5,1.3914871138858298,1.0982608188539398,1.1137774695860232,1.570589469657034
USDARS,10,2025-11-05,VAR1,110,5,5.5230695863269155,4.60111525871646,5.581639714699262,4.816137257617445
USDARS,10,2025-11-05,ARHinc,110,5,1.3907642744176691,1.0967401069976952,1.1155260572456063,1.5697245620582698
USDARS,10,2025-11-05,KernelARH,110,5,1.3871955335630761,1.0734017823230306,1.0328809951591764,1.599526431797708
USDARS,1,2025-10-24,PM,110,8,0.18666763964947877,0.13761538461538458,0.2386150535591046,0.15158948046601478
USDARS,1,2025-10-24,PA,110,8,1.2519357678983345,0.9503221534620249,0.8690035145836283,1.4844913188958873
USDARS,1,2025-10-24,VAR1,110,8,25.41506015913674,19.629557642475756,37.87770768134864,15.174380532065436
USDARS,1,2025-10-24,ARHinc,110,8,1.2530873013922477,0.9533108185842922,0.8736610510238838,1.4848836810823354
USDARS,1,2025-10-24,KernelARH,110,8,1.2494915560060191,0.9462800715495904,0.8592261016186782,1.4832940860896517
USDARS,5,2025-10-30,PM,110,7,0.2535880972698112,0.2005769230769233,0.23690599665784545,0.24739934869617752
USDARS,5,2025-10-30,PA,110,7,1.2739453273080077,0.9502033276811152,0.866406945042534,1.5109449709255067
USDARS,5,2025-10-30,VAR1,110,7,37.14872382392715,28.073471525416423,54.500890608382186,21.673108614139103
USDARS,5,2025-10-30,ARHinc,110,7,1.2745054601720054,0.9518158765901008,0.8683238944548398,1.5113931107767462
USDARS,5,2025-10-30,KernelARH,110,7,1.279627112710412,0.9541546654727769,0.8851813759068383,1.5076477042731027
USDARS,10,2025-11-06,PM,110,5,0.4163403978994556,0.3482692307692307,0.4348493984351635,0.356113129365073
USDARS,10,2025-11-06,PA,110,5,1.3454302902753708,1.053318565176292,1.018089983814033,1.5386259035869745
USDARS,10,2025-11-06,VAR1,110,5,3.536947060136965,2.8371558259480945,3.392543529699861,3.235938051586839
USDARS,10,2025-11-06,ARHinc,110,5,1.3422810150404154,1.0493478299225327,1.0114208975501089,1.5376207582342651
USDARS,10,2025-11-06,KernelARH,110,5,1.3378937649961098,1.0207566922989106,0.9591154130498886,1.5569724791268618
USDARS,1,2025-10-27,PM,110,8,0.11794045922870099,0.08649999999999988,0.1786460690622761,0.09326421464063947
USDARS,1,2025-10-27,PA,110,8,1.220374249778559,0.9216369055060065,0.8339889701437808,1.4510276678713054
USDARS,1,2025-10-27,VAR1,110,8,129.57854768054275,99.08761563139856,193.15388890500802,76.59511608543927
USDARS,1,2025-10-27,ARHinc,110,8,1.2203263388968781,0.9151064427941096,0.8206603751309025,1.45553637598137
USDARS,1,2025-10-27,KernelARH,110,8,1.2287585086942774,0.9218989737703664,0.8294054074435135,1.463482617785776
USDARS,5,2025-10-31,PM,110,7,0.2581049652310528,0.22061538461538455,0.2513565118948187,0.2531687014224105
USDARS,5,2025-10-31,PA,110,7,1.2717019200290653,0.9418864316945085,0.8779160568454465,1.5070432852758755
USDARS,5,2025-10-31,VAR1,110,7,177.7364745161703,135.29898185740757,259.54882554620616,104.9164961301701
USDARS,5,2025-10-31,ARHinc,110,7,1.2752693212776207,0.9511122042004849,0.8899686310281055,1.5091653520226778
USDARS,5,2025-10-31,KernelARH,110,7,1.270574083945662,0.9492654870572125,0.8809848961980614,1.4991751681763261
USDARS,10,2025-11-07,PM,110,5,0.43145237726330093,0.35300000000000015,0.4919000610802794,0.32344326148921576
USDARS,10,2025-11-07,PA,110,5,1.3542610548170428,1.0882468767363687,1.1120121041553324,1.513480424959872
USDARS,10,2025-11-07,VAR1,110,5,17.097931087737962,13.949150633174327,17.822532938518627,14.330077688640502
USDARS,10,2025-11-07,ARHinc,110,5,1.3697167912339834,1.113764157566453,1.1293133650855869,1.523042090915998
USDARS,10,2025-11-07,KernelARH,110,5,1.3273746308529222,1.0505592474197234,1.0038356176886698,1.5171956790201315
USDARS,1,2025-10-28,PM,110,8,0.10995300569579006,0.08296153846153838,0.1428594654049734,0.0846994655203056
USDARS,1,2025-10-28,PA,110,8,1.2265127690342374,0.9283980308158711,0.8362705579745267,1.456249452287054
USDARS,1,2025-10-28,VAR1,110,8,87.46553169351643,66.38698531055915,130.7978051188489,50.88471161068183
USDARS,1,2025-10-28,ARHinc,110,8,1.2271190078219554,0.9287800179758238,0.8391929065760234,1.45578741016326
USDARS,1,2025-10-28,KernelARH,110,8,1.2296248709900943,0.9268512294048383,0.8396661551353818,1.4586264710964076
USDARS,5,2025-11-03,PM,110,7,0.328392720452439,0.27896153846153837,0.3175069411042204,0.3015589460442238
USDARS,5,2025-11-03,PA,110,7,1.2879904381716627,0.9498302556299139,0.8897035301428923,1.518846016997895
USDARS,5,2025-11-03,VAR1,110,7,115.19832236964082,88.33295940741299,167.98352909432285,68.1465093453165
USDARS,5,2025-11-03,ARHinc,110,7,1.287125753125192,0.9495796185228376,0.888708674950183,1.518120592425803
USDARS,5,2025-11-03,KernelARH,110,7,1.2919528651459675,0.9633177642274801,0.9025535120187334,1.5133027758446527
USDARS,10,2025-11-10,PM,110,5,0.35947076483245594,0.2765384615384618,0.42353795111965137,0.2491884640243357
USDARS,10,2025-11-10,PA,110,5,1.3362998158894173,1.0869841054163492,1.107179893379205,1.4968581202668647
USDARS,10,2025-11-10,VAR1,110,5,8.891405443889884,7.0338539808575975,8.334870256402171,8.455762426125105
USDARS,10,2025-11-10,ARHinc,110,5,1.3313625167385996,1.0779134152084064,1.1020147820945874,1.493909455634859
USDARS,10,2025-11-10,KernelARH,110,5,1.3086507343410476,1.043710827592229,1.002015657479806,1.500386144217421
USDARS,1,2025-10-29,PM,110,8,0.18546070494021916,0.1556923076923075,0.2027607364205116,0.15709848581373095
USDARS,1,2025-10-29,PA,110,8,1.262968720459623,0.9626363024792702,0.8895746144902801,1.4864590666454711
USDARS,1,2025-10-29,VAR1,110,8,112.97683826325623,85.3697333534036,168.9543830363987,65.17796266162827
USDARS,1,2025-10-29,ARHinc,110,8,1.2655451426867712,0.9633785064027809,0.8942430688740544,1.4882856797655049
USDARS,1,2025-10-29,KernelARH,110,8,1.262981945954691,0.95691752212447,0.8866458601870739,1.4882099305939156
USDARS,5,2025-11-04,PM,110,7,0.3020985097867658,0.2533846153846153,0.3556138994095706,0.2687949669028817
USDARS,5,2025-11-04,PA,110,7,1.274086278018499,0.9472740961656443,0.8994981916926892,1.505632417445442
USDARS,5,2025-11-04,VAR1,110,7,149.42917662197812,115.82552995050561,216.67084545505222,89.47415008329072
USDARS,5,2025-11-04,ARHinc,110,7,1.274962457325315,0.9469743052293673,0.9003192313200717,1.5060439517761695
USDARS,5,2025-11-04,KernelARH,110,7,1.2795702186457611,0.9593651622857041,0.9086953154591926,1.5052056865259154
USDARS,10,2025-11-11,PM,110,5,0.38384385597431475,0.2920769230769228,0.4723057575410328,0.2661901216980015
USDARS,10,2025-11-11,PA,110,5,1.3146152906884843,1.0529099954530108,1.0510075704377715,1.49171782793452
USDARS,10,2025-11-11,VAR1,110,5,11.133224752268063,8.800902891763613,10.686134459899296,10.338186134255267
USDARS,10,2025-11-11,ARHinc,110,5,1.3232096460201062,1.0646518539479222,1.0672298375717406,1.4953329870571
USDARS,10,2025-11-11,KernelARH,110,5,1.312652173967097,1.0420563707631159,0.9976734339635068,1.5038762298232005
USDARS,1,2025-10-30,PM,110,8,0.14530703567062617,0.10965384615384617,0.16864163448324412,0.12155300878536306
USDARS,1,2025-10-30,PA,110,8,1.2524593746772454,0.9302986171799656,0.8456478338735314,1.4894850640456323
USDARS,1,2025-10-30,VAR1,110,8,165.5125852211969,124.9033403900694,246.15186755513756,95.08911918937024
USDARS,1,2025-10-30,ARHinc,110,8,1.2496422863690924,0.929994824369724,0.8416104492807932,1.4877905490387389
USDARS,1,2025-10-30,KernelARH,110,8,1.2512908815687231,0.927072575469821,0.843351311777061,1.4881718329525273
USDARS,5,2025-11-05,PM,110,7,0.2925387876977894,0.2430769230769231,0.3499622782481239,0.24819524933174555
USDARS,5,2025-11-05,PA,110,7,1.273672136034112,0.9550221245415281,0.884652738733328,1.5098342986483198
USDARS,5,2025-11-05,VAR1,110,7,242.3149125325449,188.43784612879887,350.7163130595455,145.53848642923674
USDARS,5,2025-11-05,ARHinc,110,7,1.2713657468573412,0.9516668032963438,0.8795064820627382,1.5080668389010157
USDARS,5,2025-11-05,KernelARH,110,7,1.2868399513265523,0.9681351538238492,0.9023753211863411,1.518580701918031
USDARS,10,2025-11-12,PM,110,5,0.2997575141805329,0.2284615384615384,0.3624291778098744,0.2073373245408125
USDARS,10,2025-11-12,PA,110,5,1.2778043706033297,0.9986315458545068,0.9487260755187672,1.4853475362313777
USDARS,10,2025-11-12,VAR1,110,5,16.466417292401026,13.090579286864942,16.378798099087685,14.69412349001072
USDARS,10,2025-11-12,ARHinc,110,5,1.2898153951753462,1.015070233687653,0.9704731070541409,1.4910934449750408
USDARS,10,2025-11-12,KernelARH,110,5,1.3408341002855992,1.0663693148711237,1.0125081326236287,1.5288330267685224
USDARS,1,2025-10-31,PM,110,8,0.09371653248780845,0.058076923076923026,0.1544407896644307,0.048340564897012515
USDARS,1,2025-10-31,PA,110,8,1.2484754825167175,0.9432507976989825,0.8549991245307856,1.4848218971237424
USDARS,1,2025-10-31,VAR1,110,8,130.86692294135477,98.75235397936298,194.56257931488858,75.09911474176072
USDARS,1,2025-10-31,ARHinc,110,8,1.2471722141221264,0.9417419804306515,0.8472657285226167,1.4848333110508682
USDARS,1,2025-10-31,KernelARH,110,8,1.2519058355121089,0.9459963695655446,0.8563297792060196,1.4875897535898943
USDARS,5,2025-11-06,PM,110,7,0.2656047164201257,0.21338461538461537,0.27167650757759054,0.22029910361324248
USDARS,5,2025-11-06,PA,110,7,1.2536015737988608,0.9223764367255632,0.8647663480035084,1.4883408580310826
USDARS,5,2025-11-06,VAR1,110,7,188.61478045806712,146.940104850531,272.714824913751,113.56837992544223
USDARS,5,2025-11-06,ARHinc,110,7,1.2535118883477965,0.9239298449728013,0.8578465874973845,1.4915225070383222
USDARS,5,2025-11-06,KernelARH,110,7,1.2816024030971769,0.960577377524056,0.9017194930409484,1.505430993848817
USDARS,10,2025-11-13,PM,110,5,0.2649078214137021,0.21742307692307683,0.25388804497168094,0.23977111471878168
USDARS,10,2025-11-13,PA,110,5,1.2803105236602572,0.98313936358642,0.9203617731732966,1.4971795061652702
USDARS,10,2025-11-13,VAR1,110,5,12.679904388958603,10.061561262607201,12.533880403407982,11.405088862581168
USDARS,10,2025-11-13,ARHinc,110,5,1.2760509711389103,0.9747164843114161,0.9118855999240988,1.4959008591938336
USDARS,10,2025-11-13,KernelARH,110,5,1.3221523072585837,1.0151320514046056,0.9480048157019622,1.5304663320831637
USDARS,1,2025-11-03,PM,110,8,0.15872175702734068,0.12992307692307709,0.2068477244016712,0.11753409303104748
USDARS,1,2025-11-03,PA,110,8,1.2546548745231192,0.9425330064518525,0.8590583799756026,1.4884054507181876
USDARS,1,2025-11-03,VAR1,110,8,174.4333695517482,132.13278414331884,258.5560531602298,100.51823178392976
USDARS,1,2025-11-03,ARHinc,110,8,1.2562141498951742,0.9417368961245611,0.8574488298416074,1.4902480474828042
USDARS,1,2025-11-03,KernelARH,110,8,1.257694885008055,0.9377527514410826,0.8485102831703105,1.4956630741452328
USDARS,5,2025-11-07,PM,110,7,0.3566318129387784,0.29396153846153816,0.4207185465591493,0.27825097062588267
USDARS,5,2025-11-07,PA,110,7,1.2629227023676173,0.9399298734527879,0.885870842403439,1.4873326027392502
USDARS,5,2025-11-07,VAR1,110,7,255.30088127948892,199.7702708954024,368.66789416567707,154.34000604144202
USDARS,5,2025-11-07,ARHinc,110,7,1.2669977084189703,0.9421850407937962,0.8871309519199341,1.4910875070169924
USDARS,5,2025-11-07,KernelARH,110,7,1.2702296205457366,0.9468768338502619,0.8815319373512188,1.4963132463551396
USDARS,10,2025-11-14,PM,110,5,0.18527798760864064,0.1515384615384613,0.20525190776429292,0.15858407407557112
USDARS,10,2025-11-14,PA,110,5,1.2693732664455035,0.9691340619244129,0.88838989538409,1.5008493106080152
USDARS,10,2025-11-14,VAR1,110,5,18.71841349387181,15.146376386921315,19.605074131294796,15.64866796414715
USDARS,10,2025-11-14,ARHinc,110,5,1.27400762528604,0.9733053838697824,0.8947840429853041,1.5037798087927354
USDARS,10,2025-11-14,KernelARH,110,5,1.3318064475468798,1.0286840892777331,0.9665940826460151,1.540821759920481
USDARS,1,2025-11-04,PM,110,8,0.18106588792268627,0.1250384615384615,0.27338624466699424,0.10339597763552771
USDARS,1,2025-11-04,PA,110,8,1.2490620707814173,0.9504125676316048,0.8672721870508093,1.481073622537826
USDARS,1,2025-11-04,VAR1,110,8,172.6874070115194,131.03667207520115,255.27183718841437,99.82248743599654
USDARS,1,2025-11-04,ARHinc,110,8,1.2503881219115405,0.9536006099753969,0.8693495807696174,1.4815333730049534
USDARS,1,2025-11-04,KernelARH,110,8,1.248171827262558,0.9469305546002955,0.8632629511856451,1.4813854443680154
USDARS,5,2025-11-10,PM,110,7,0.31962605855545057,0.25634615384615406,0.3611938690592274,0.2929485273168496
USDARS,5,2025-11-10,PA,110,7,1.241226956535938,0.9071295922133233,0.8428316448194895,1.4812318502264277
USDARS,5,2025-11-10,VAR1,110,7,261.5920741042568,204.7795923853165,377.22699933767717,158.454688287988
USDARS,5,2025-11-10,ARHinc,110,7,1.2440737873526655,0.9117292468894287,0.8489871620872201,1.4828972777349834
USDARS,5,2025-11-10,KernelARH,110,7,1.2603211540196497,0.938890791544572,0.8804750982513153,1.4899124502743433
USDARS,10,2025-11-17,PM,110,5,0.23881377521150096,0.1932307692307694,0.24732669506019272,0.21675120742744886
USDARS,10,2025-11-17,PA,110,5,1.2806169823702998,0.9627181506060104,0.8709052700342542,1.5174325695237507
USDARS,10,2025-11-17,VAR1,110,5,18.011606499564135,14.582788730299423,18.726244475136358,15.270050682255679
USDARS,10,2025-11-17,ARHinc,110,5,1.2795762952389487,0.9616339192791288,0.8705115086824309,1.5163818780127287
USDARS,10,2025-11-17,KernelARH,110,5,1.3489935712923178,1.0221980475422143,0.9585800066453352,1.5637969660578104
USDARS,1,2025-11-05,PM,110,8,0.17123462873181639,0.13646153846153813,0.22602160796841728,0.13213020882108414
USDARS,1,2025-11-05,PA,110,8,1.2544898458567366,0.9379628186096285,0.855210550552947,1.4939624377896734
USDARS,1,2025-11-05,VAR1,110,8,146.35582559147267,110.90477696403708,216.27236682633583,84.50353699826046
USDARS,1,2025-11-05,ARHinc,110,8,1.2595418615929552,0.9434546016569317,0.8713584547805316,1.4952736014470385
USDARS,1,2025-11-05,KernelARH,110,8,1.2628844444598175,0.9503055838735782,0.8775589136099493,1.4976113030491773
USDARS,5,2025-11-11,PM,110,7,0.4254656950828206,0.34950000000000003,0.47436535222857074,0.3967203823433518
USDARS,5,2025-11-11,PA,110,7,1.2653813898711512,0.9350272370774676,0.868537466934068,1.5026838085042775
USDARS,5,2025-11-11,VAR1,110,7,221.17127061689885,173.63162944848295,318.5152876945949,134.43333107133267
USDARS,5,2025-11-11,ARHinc,110,7,1.2696707174102115,0.943662587145844,0.8795478064534225,1.503978206919817
USDARS,5,2025-11-11,KernelARH,110,7,1.2696109508053408,0.9596289024073957,0.9141725447498001,1.4850528191846033
USDARS,10,2025-11-18,PM,110,5,0.32391572087623255,0.24053846153846178,0.2819979566898167,0.31748615782600936
USDARS,10,2025-11-18,PA,110,5,1.3107842405209547,0.9772851623940243,0.8982553896859367,1.5444264755725285
USDARS,10,2025-11-18,VAR1,110,5,13.840788261773906,11.23488901088141,14.00080889694413,12.166042566943863
USDARS,10,2025-11-18,ARHinc,110,5,1.3048294961843632,0.9740426440678156,0.8930563492986018,1.5397381427173855
USDARS,10,2025-11-18,KernelARH,110,5,1.4217381729205363,1.0602054030832333,1.003575474228613,1.6338370126730941
USDARS,1,2025-11-06,PM,110,8,0.17931842112244395,0.13307692307692318,0.24566338994593176,0.1272101626578153
USDARS,1,2025-11-06,PA,110,8,1.2317449285900295,0.9295221765980128,0.8360250334883215,1.4744055425932734
USDARS,1,2025-11-06,VAR1,110,8,120.73609763068632,91.12166044892001,178.87455712543502,69.34062131747895
USDARS,1,2025-11-06,ARHinc,110,8,1.2298486816551824,0.9252053971291195,0.8307110737273996,1.473318338216391
USDARS,1,2025-11-06,KernelARH,110,8,1.2283564726971505,0.9192575375444603,0.8252814982461405,1.4725694839058276
USDARS,5,2025-11-12,PM,110,7,0.3116973538299857,0.25726923076923064,0.29213308468639565,0.31244883604561613
USDARS,5,2025-11-12,PA,110,7,1.2481873883541814,0.9177348706247654,0.833174405392537,1.4944200116306976
USDARS,5,2025-11-12,VAR1,110,7,174.39708764828632,136.79718401345198,250.92507778360124,106.2709961055383
USDARS,5,2025-11-12,ARHinc,110,7,1.2480049106688393,0.9161160724961039,0.8325877100655872,1.4944533032951575
USDARS,5,2025-11-12,KernelARH,110,7,1.2597101568365205,0.9575805283378457,0.8815436833002037,1.4829255966378478
USDARS,10,2025-11-19,PM,110,5,0.42796679418276923,0.3208076923076921,0.3858453721281289,0.41278477230040084
USDARS,10,2025-11-19,PA,110,5,1.3536436661742164,1.0034669282626354,0.9162776794266265,1.588598547026382
USDARS,10,2025-11-19,VAR1,110,5,11.27946832017768,9.209569390964937,11.390749751360424,9.980398612480835
USDARS,10,2025-11-19,ARHinc,110,5,1.3512834269427993,1.000601815295183,0.9144102291458724,1.5866389439721982
USDARS,10,2025-11-19,KernelARH,110,5,1.4518305741741986,1.0815633028319176,1.024193310599005,1.6635121243919935
USDARS,1,2025-11-07,PM,110,8,0.25405651248976363,0.20726923076923062,0.30603097403977986,0.2137882917228282
USDARS,1,2025-11-07,PA,110,8,1.2453404427123134,0.949245058554923,0.8730731092448158,1.4748206295942248
USDARS,1,2025-11-07,VAR1,110,8,200.1740301736301,151.37236354502846,295.10172636677083,115.6260215883385
USDARS,1,2025-11-07,ARHinc,110,8,1.241165550152393,0.9416500618934902,0.8572391840306406,1.474352677339969
USDARS,1,2025-11-07,KernelARH,110,8,1.252813559323507,0.942654938913722,0.865308135761233,1.4861250095463734
USDARS,5,2025-11-13,PM,110,7,0.25479478922337556,0.2053076923076921,0.22343645609401022,0.26778780487722476
USDARS,5,2025-11-13,PA,110,7,1.2414218966652166,0.9155604097525522,0.8311159817800204,1.485427834689653
USDARS,5,2025-11-13,VAR1,110,7,286.2530690479016,224.47975048730387,411.8431820056314,174.3585173653923
USDARS,5,2025-11-13,ARHinc,110,7,1.2408249351208114,0.9175574263233126,0.8344033838518148,1.4847927629573783
USDARS,5,2025-11-13,KernelARH,110,7,1.2443188373561305,0.9210783632969938,0.8338641510869232,1.4891656987033213
USDARS,10,2025-11-20,PM,110,5,0.4518919097272302,0.3098461538461539,0.34214486432013697,0.44590447820324575
USDARS,10,2025-11-20,PA,110,5,1.3568796003514554,1.0149431147649839,0.935109135890326,1.583842688831505
USDARS,10,2025-11-20,VAR1,110,5,17.24633643036667,14.214651855274015,16.578482016426975,16.10585766364867
USDARS,10,2025-11-20,ARHinc,110,5,1.3581990014669347,1.0136218532579064,0.9314078302400666,1.5868664699717412
USDARS,10,2025-11-20,KernelARH,110,5,1.363589331326677,1.0223680516696734,0.9468623744181025,1.5876513675503543
USDARS,1,2025-11-10,PM,110,8,0.13613677370147323,0.1123076923076922,0.16219576962740997,0.13003859642252294
USDARS,1,2025-11-10,PA,110,8,1.2193633903315255,0.9071956594711378,0.8229364381201628,1.4579217192538694
USDARS,1,2025-11-10,VAR1,110,8,179.52423363259862,135.84528708447627,264.34594361955453,103.92305951872642
USDARS,1,2025-11-10,ARHinc,110,8,1.216639470156078,0.90323723090233,0.813942622104412,1.4569598434151576
USDARS,1,2025-11-10,KernelARH,110,8,1.2212105497629824,0.9078298330229829,0.8199857705654238,1.461812367925853
USDARS,5,2025-11-14,PM,110,7,0.3095422333555943,0.23011538461538467,0.37047068483218243,0.2390276868007412
USDARS,5,2025-11-14,PA,110,7,1.2828534387361128,0.9741050507279343,0.9247784098541221,1.5047373164874915
USDARS,5,2025-11-14,VAR1,110,7,253.09042571908955,198.25736481766467,364.2627206456938,154.34512222960583
USDARS,5,2025-11-14,ARHinc,110,7,1.2964519695399814,0.9863758864769213,0.9529185903049039,1.5121443249234268
USDARS,5,2025-11-14,KernelARH,110,7,1.2569650129852254,0.9481622557358368,0.8663427169397107,1.4945493686222535
USDARS,10,2025-11-21,PM,110,5,0.9467485095761254,0.7514615384615385,1.062170706107356,0.7642387526608364
USDARS,10,2025-11-21,PA,110,5,1.5867588651813482,1.2772485661275303,1.328350403083615,1.7114594918032384
USDARS,10,2025-11-21,VAR1,110,5,18.429228928272522,15.131959085064542,19.08115440632899,15.735786915930554
USDARS,10,2025-11-21,ARHinc,110,5,1.6063352300511147,1.2909113276936637,1.3516375827997194,1.7258315584128054
USDARS,10,2025-11-21,KernelARH,110,5,1.6042000331211743,1.1943559339832646,1.2238681783992402,1.7844271845774755
USDARS,1,2025-11-11,PM,110,8,0.07023723535824318,0.05569230769230769,0.055637205825384235,0.07421483176345735
USDARS,1,2025-11-11,PA,110,8,1.2106805037680308,0.9071416146501977,0.8077220902410609,1.4516029815325804
USDARS,1,2025-11-11,VAR1,110,8,130.40792656495967,98.95946953028302,192.17890243604782,75.56409931308991
USDARS,1,2025-11-11,ARHinc,110,8,1.2107500161197697,0.9047090588450214,0.8081256814771924,1.4513308958467541
USDARS,1,2025-11-11,KernelARH,110,8,1.2150231395608246,0.9068525905207778,0.8146011588955713,1.454477581900719
USDARS,5,2025-11-17,PM,110,7,0.39194736940642366,0.29976923076923107,0.43882319851030743,0.33524175701340386
USDARS,5,2025-11-17,PA,110,7,1.3118697464903821,0.9900904447549305,0.9350452660967805,1.5331751528683606
USDARS,5,2025-11-17,VAR1,110,7,177.8417971339737,138.42266146494018,256.4935168103251,107.98107319600074
USDARS,5,2025-11-17,ARHinc,110,7,1.3240533742292815,0.9984496061075644,0.948115326624057,1.5427660059927195
USDARS,5,2025-11-17,KernelARH,110,7,1.2850720801915334,0.958893305818704,0.8759107865970328,1.5206513147931167
USDARS,10,2025-11-24,PM,110,5,0.8058468133202872,0.6056153846153849,0.8202788086785998,0.7200238901772752
USDARS,10,2025-11-24,PA,110,5,1.514935055685796,1.1432642774927435,1.1170859177799235,1.7056910103116782
USDARS,10,2025-11-24,VAR1,110,5,14.828127560134677,12.224765950033566,15.673044398569418,12.385436031890752
USDARS,10,2025-11-24,ARHinc,110,5,1.525523294101205,1.1532963188235,1.1341986371964414,1.7117869822877685
USDARS,10,2025-11-24,KernelARH,110,5,1.6130762854934357,1.1839161436278958,1.161804631533586,1.8116150456783016
USDARS,1,2025-11-12,PM,110,8,0.19919815221571163,0.16876923076923073,0.19703087182040396,0.19133447541656137
USDARS,1,2025-11-12,PA,110,8,1.2284548157701636,0.9056523505658869,0.8167166184202573,1.47115902583228
USDARS,1,2025-11-12,VAR1,110,8,151.96025024724108,114.80317916945378,223.91380352434396,87.82698525359659
USDARS,1,2025-11-12,ARHinc,110,8,1.2334098541799594,0.9087472402234892,0.8244519437408271,1.475243692835173
USDARS,1,2025-11-12,KernelARH,110,8,1.2267403735434421,0.9084803163928896,0.8191232363081243,1.468802239290537
USDARS,5,2025-11-18,PM,110,7,0.505361399624832,0.38696153846153847,0.562435547300362,0.4383781459914814
USDARS,5,2025-11-18,PA,110,7,1.3541830103431447,1.033983311008651,1.0052286912157455,1.5616083607085942
USDARS,5,2025-11-18,VAR1,110,7,207.25788431669162,161.68837985678434,298.7062264934162,126.07881427528604
USDARS,5,2025-11-18,ARHinc,110,7,1.3688774497547846,1.05034557038304,1.0377166723595128,1.5705130556513054
USDARS,5,2025-11-18,KernelARH,110,7,1.299282130912709,0.9769428439942972,0.9189145665318744,1.526603311209537
USDARS,10,2025-11-25,PM,110,5,0.7158653988221314,0.5270384615384617,0.6535810432277477,0.67591930442793
USDARS,10,2025-11-25,PA,110,5,1.4895879799121627,1.1158969225211561,1.0718136284134325,1.6916555013274255
USDARS,10,2025-11-25,VAR1,110,5,16.34916980132338,13.546544279588579,17.285322777785517,13.764886522544533
USDARS,10,2025-11-25,ARHinc,110,5,1.4981422732665568,1.1203215003478413,1.0778241953924592,1.6999222796594757
USDARS,10,2025-11-25,KernelARH,110,5,1.583084968456956,1.1818379113629007,1.1456429510407458,1.7761042374988425
USDARS,1,2025-11-13,PM,110,8,0.15528865801368855,0.1290384615384615,0.19739700606232327,0.11534128758240568
USDARS,1,2025-11-13,PA,110,8,1.2234637842282383,0.9085665111324952,0.8183719141193001,1.4639516998433653
USDARS,1,2025-11-13,VAR1,110,8,232.00620193969033,174.47688263754785,341.50761582693656,133.77901072797167
USDARS,1,2025-11-13,ARHinc,110,8,1.223554592898244,0.9185224924286127,0.8192371534629156,1.4641490663571994
USDARS,1,2025-11-13,KernelARH,110,8,1.2301187979964623,0.9199719320328685,0.8381460081850355,1.468442915503586
USDARS,5,2025-11-19,PM,110,7,0.43925083730930237,0.3453461538461539,0.4222752687844517,0.3978054173608672
USDARS,5,2025-11-19,PA,110,7,1.3366305373639753,0.9914993502481881,0.9192879437918412,1.5630856809592963
USDARS,5,2025-11-19,VAR1,110,7,399.47260456420946,298.41687795202625,592.0406644724278,227.87695521253187
USDARS,5,2025-11-19,ARHinc,110,7,1.3281996855413063,0.9896107212704346,0.9136436379139511,1.5560742225740951
USDARS,5,2025-11-19,KernelARH,110,7,1.3057678668071444,0.9775114911376465,0.8955102556541148,1.5400344241498478
USDARS,10,2025-11-26,PM,110,5,0.530098321794392,0.3968461538461538,0.4711733160420667,0.49782741796650454
USDARS,10,2025-11-26,PA,110,5,1.3956140903811693,1.064499705966679,1.005784818521619,1.6015259663951131
USDARS,10,2025-11-26,VAR1,110,5,18.57462317745783,15.485240643470833,18.337020676245203,17.089194736607084
USDARS,10,2025-11-26,ARHinc,110,5,1.3919079080003964,1.0625972237927617,0.9989787545744923,1.6000096757848346
USDARS,10,2025-11-26,KernelARH,110,5,1.452183559106808,1.101852582848372,1.0659267063134301,1.6440600910932868
USDARS,1,2025-11-14,PM,110,8,0.1775101568058312,0.12069230769230765,0.22594142170576,0.13516371973431807
USDARS,1,2025-11-14,PA,110,8,1.2527066793690804,0.9378585614104876,0.858768792458465,1.4898374156193726
USDARS,1,2025-11-14,VAR1,110,8,235.69083265116168,175.83409983263036,346.32711669687154,135.8448086062934
USDARS,1,2025-11-14,ARHinc,110,8,1.2570882835515884,0.944925404144239,0.8723175471265947,1.491950638579722
USDARS,1,2025-11-14,KernelARH,110,8,1.2558642466934158,0.9499264394320535,0.8791493225532516,1.4894205870611
USDARS,5,2025-11-20,PM,110,7,0.36122887215299293,0.2587307692307694,0.3279977522227938,0.33785079334847246
USDARS,5,2025-11-20,PA,110,7,1.3287960967075,0.9967023912076286,0.9268306079859927,1.5543284031939855
USDARS,5,2025-11-20,VAR1,110,7,423.09864016378,315.76416767981385,628.5935881783248,240.15094110465623
USDARS,5,2025-11-20,ARHinc,110,7,1.331685430225992,0.9995581404961521,0.9314958562995519,1.5564459799268204
USDARS,5,2025-11-20,KernelARH,110,7,1.3173710604672548,0.988860187345733,0.9098012162423281,1.5488287495808906
USDARS,10,2025-11-27,PM,110,5,0.6005189662668067,0.4438076923076924,0.4996466017213912,0.6076070370310962
USDARS,10,2025-11-27,PA,110,5,1.521189230818266,1.1458398681173514,1.1017301385684901,1.7511640593583233
USDARS,10,2025-11-27,VAR1,110,5,18.602738689471092,15.63164675734184,17.279163703274765,18.114839381605012
USDARS,10,2025-11-27,ARHinc,110,5,1.5277765925363291,1.1510294634861356,1.1084228063522514,1.7560486690701769
USDARS,10,2025-11-27,KernelARH,110,5,1.6156503794833181,1.2080065300912024,1.1758559172992693,1.828798933777951
USDARS,1,2025-11-17,PM,110,8,0.11698352119324,0.08630769230769222,0.13768835718489345,0.09041420224417145
USDARS,1,2025-11-17,PA,110,8,1.260979934806799,0.9484108042182362,0.8624835922068249,1.4965966108949447
USDARS,1,2025-11-17,VAR1,110,8,257.8673518899001,191.78125162180265,379.1701972804707,148.4015867119794
USDARS,1,2025-11-17,ARHinc,110,8,1.2604074142531931,0.9462654044391251,0.8602451537612603,1.4969921849415089
USDARS,1,2025-11-17,KernelARH,110,8,1.262610277921728,0.9493848855715635,0.8645405762321268,1.4980105981066758
USDARS,5,2025-11-21,PM,110,7,0.6627846268121049,0.5378846153846152,0.7267133029490506,0.5390029413176871
USDARS,5,2025-11-21,PA,110,7,1.4448928410394828,1.1406807116291724,1.1344403997399355,1.616646402075474
USDARS,5,2025-11-21,VAR1,110,7,479.1475713704782,358.20440590489386,710.6086755822662,272.2123290842462
USDARS,5,2025-11-21,ARHinc,110,7,1.4385221514984994,1.1368302237608612,1.1296405580457316,1.6120027475211516
USDARS,5,2025-11-21,KernelARH,110,7,1.4853415757345796,1.1962082514375203,1.2275458996727227,1.6386419473591427
USDARS,10,2025-11-28,PM,110,5,0.5103066574280454,0.38807692307692304,0.49171771104817996,0.46464062715009263
USDARS,10,2025-11-28,PA,110,5,1.4712886001828822,1.119972584667724,1.069065237012748,1.7000163750125925
USDARS,10,2025-11-28,VAR1,110,5,18.47758632187412,15.440879070103552,16.57262818833925,18.549337581799016
USDARS,10,2025-11-28,ARHinc,110,5,1.4707214731106444,1.1227531127418449,1.071348207726428,1.6976812907311438
USDARS,10,2025-11-28,KernelARH,110,5,1.6082975849827394,1.2353255698257533,1.2175329152816543,1.7988639688851735
USDARS,1,2025-11-18,PM,110,8,0.12469154249278792,0.08165384615384613,0.1419737525363804,0.10675500893785778
USDARS,1,2025-11-18,PA,110,8,1.265215525955761,0.9517425339684635,0.8641811540335531,1.5011051519695018
USDARS,1,2025-11-18,VAR1,110,8,260.87397842547256,192.27304394309402,383.9605102988767,149.6369145748917
USDARS,1,2025-11-18,ARHinc,110,8,1.265977915600688,0.9562631472569111,0.8654148502325036,1.5020343368098878
USDARS,1,2025-11-18,KernelARH,110,8,1.2674163568926406,0.9606228100511032,0.8733342124234362,1.5022499275813863
USDARS,5,2025-11-24,PM,110,7,0.4286269446643638,0.3161538461538462,0.4098145819342207,0.39241369085299443
USDARS,5,2025-11-24,PA,110,7,1.360970151762009,1.0250027362661607,0.9599066609174967,1.581279467563742
USDARS,5,2025-11-24,VAR1,110,7,486.60182748611015,362.6297956936456,722.0374078667236,275.5929666700495
USDARS,5,2025-11-24,ARHinc,110,7,1.3651686203645979,1.031043351621232,0.9670969031010984,1.5838359205798316
USDARS,5,2025-11-24,KernelARH,110,7,1.3992056004423894,1.0589815516665482,1.0117959969691483,1.609459463119815
USDARS,10,2025-12-01,PM,110,5,0.5055720769583701,0.3589615384615386,0.5585922524667303,0.38190412373574995
USDARS,10,2025-12-01,PA,110,5,1.3894982436700662,1.0929540850048507,1.0824220974531935,1.5607572852047025
USDARS,10,2025-12-01,VAR1,110,5,18.637253367270766,15.469820638567535,15.720963446665381,19.526358504840132
USDARS,10,2025-12-01,ARHinc,110,5,1.3889986739736186,1.0917219891589653,1.0783654396365983,1.5618444045281614
USDARS,10,2025-12-01,KernelARH,110,5,1.5273830672936541,1.1991335042744342,1.2146821883736942,1.6663400748311445
USDARS,1,2025-11-19,PM,110,8,0.10858486578212954,0.08192307692307713,0.13104644166993307,0.09180705413309383
USDARS,1,2025-11-19,PA,110,8,1.2831783267796721,0.9666017443229218,0.8841779030869384,1.516805545478276
USDARS,1,2025-11-19,VAR1,110,8,355.43754234554575,257.50069228984904,523.5698843922822,202.86487674229403
USDARS,1,2025-11-19,ARHinc,110,8,1.2827352371005365,0.9723264002386421,0.8835936580844805,1.51674385577599
USDARS,1,2025-11-19,KernelARH,110,8,1.2760542803908446,0.9493252756992848,0.8616921567668644,1.5152968075365085
USDARS,5,2025-11-25,PM,110,7,0.2882702891651942,0.21023076923076936,0.2739829667754321,0.2623287722773797
USDARS,5,2025-11-25,PA,110,7,1.340742459269763,1.0274332158496529,0.954898782215803,1.5595353775980678
USDARS,5,2025-11-25,VAR1,110,7,645.5745110921447,483.58818226577233,953.1595433405638,368.5762649274118
USDARS,5,2025-11-25,ARHinc,110,7,1.3372199802617752,1.0302901640306479,0.9515755175373265,1.5571535312540974
USDARS,5,2025-11-25,KernelARH,110,7,1.3333169898269215,1.0184137283746995,0.9227036005511983,1.560713711727531
USDARS,10,2025-12-02,PM,110,5,0.6317202170995542,0.4751538461538464,0.7038504135034978,0.48315245038924876
USDARS,10,2025-12-02,PA,110,5,1.5221530521606952,1.193518482573982,1.1951151614622448,1.7053629352578
USDARS,10,2025-12-02,VAR1,110,5,25.430777261481836,20.210774133447313,19.829195544011963,27.93570297960902
USDARS,10,2025-12-02,ARHinc,110,5,1.5359105265915964,1.2156703784986083,1.219938332986125,1.7095584695155817
USDARS,10,2025-12-02,KernelARH,110,5,1.6063104003874418,1.246491916639141,1.2474087487140577,1.781595524680565
USDARS,1,2025-11-20,PM,110,8,0.06680014682158007,0.04946153846153875,0.09065954040289487,0.05096932587215064
USDARS,1,2025-11-20,PA,110,8,1.2807535301467041,0.9645757643419859,0.8706106556711596,1.5179595942416204
USDARS,1,2025-11-20,VAR1,110,8,339.3787448061012,245.1897763568026,497.9960688060942,194.8613362795353
USDARS,1,2025-11-20,ARHinc,110,8,1.2838974983253733,0.9715170679768483,0.8809712568654267,1.5184030388328484
USDARS,1,2025-11-20,KernelARH,110,8,1.2805945754028576,0.9633158492493589,0.864714400398015,1.5198727988847782
USDARS,5,2025-11-26,PM,110,7,0.26855390878383595,0.2170384615384616,0.27528686497397625,0.24180510200454805
USDARS,5,2025-11-26,PA,110,7,1.333186360527808,1.0415373608713088,0.9733423857263729,1.5438009544222333
USDARS,5,2025-11-26,VAR1,110,7,595.2240810117487,449.1187989146728,873.2108791636477,343.8945785178094
USDARS,5,2025-11-26,ARHinc,110,7,1.3353875026474005,1.0468859516691367,0.9814554260358642,1.5436342955829068
USDARS,5,2025-11-26,KernelARH,110,7,1.3520841886456332,1.0420348145672802,0.9679473174532769,1.5673199417432049
USDARS,10,2025-12-03,PM,110,5,0.7809192992384535,0.5813461538461543,0.9314967621419312,0.5618306952911029
USDARS,10,2025-12-03,PA,110,5,1.6111008810240417,1.3124081510471313,1.3829692068399204,1.7327546345709606
USDARS,10,2025-12-03,VAR1,110,5,25.818301313199793,19.927054728903244,18.542584376382553,29.499336572476867
USDARS,10,2025-12-03,ARHinc,110,5,1.6091779633744614,1.3104732924976223,1.3804284769173443,1.73189436753619
USDARS,10,2025-12-03,KernelARH,110,5,1.694114881415557,1.3558065956014171,1.4089845704253137,1.8160864933010015
USDARS,1,2025-11-21,PM,110,8,0.49961215727032454,0.4014999999999997,0.6565978872264874,0.3348311834451538
USDARS,1,2025-11-21,PA,110,8,1.3541082605659382,1.0592276035690709,1.0127926697249314,1.5561675802781212
USDARS,1,2025-11-21,VAR1,110,8,333.6251382668606,245.88103518427496,486.0786766589693,194.725414746772
USDARS,1,2025-11-21,ARHinc,110,8,1.3393711428232202,1.044123559148541,0.9808305842876306,1.5497184372398591
USDARS,1,2025-11-21,KernelARH,110,8,1.365606036647932,1.0867663288414398,1.0498680297002065,1.557648584914613
USDARS,5,2025-11-27,PM,110,7,0.3318426121382984,0.25746153846153835,0.34142031264732187,0.32481070161676273
USDARS,5,2025-11-27,PA,110,7,1.4480109756157267,1.1169717266314676,1.0465242021273353,1.6828067434705316
USDARS,5,2025-11-27,VAR1,110,7,618.3058853439653,468.18427557084436,902.7804335149724,360.2384179877729
USDARS,5,2025-11-27,ARHinc,110,7,1.4472129766035722,1.124676841835352,1.0518843427023392,1.6787800804998894
USDARS,5,2025-11-27,KernelARH,110,7,1.4483339718057726,1.113130843385518,1.0419336181332721,1.6857862920955253
USDARS,10,2025-12-04,PM,110,5,0.7678357133477888,0.5506538461538459,0.931601708675696,0.527951633064404
USDARS,10,2025-12-04,PA,110,5,1.624109610539887,1.3143801002125415,1.4007550785520986,1.738596393160277
USDARS,10,2025-12-04,VAR1,110,5,33.863138459756044,24.787248464956775,22.138515184598624,39.965303202714345
USDARS,10,2025-12-04,ARHinc,110,5,1.6356234530531617,1.3263064625965895,1.4203681466931966,1.7433277217653802
USDARS,10,2025-12-04,KernelARH,110,5,1.6802702171934452,1.3347064368868147,1.4034156083730622,1.8030866082436845
USDARS,1,2025-11-24,PM,110,8,0.2901059985326317,0.22146153846153843,0.41712162411615417,0.17009026583865544
USDARS,1,2025-11-24,PA,110,8,1.3364040229763936,1.0498350995949925,0.9972021397438963,1.542180607355277
USDARS,1,2025-11-24,VAR1,110,8,358.6318713693589,266.9386627183428,518.7218599652277,212.87928670560194
USDARS,1,2025-11-24,ARHinc,110,8,1.3322342492321213,1.0441753132576512,0.982084987243841,1.5422919059797908
USDARS,1,2025-11-24,KernelARH,110,8,1.3975275360645494,1.1159320702126596,1.1050998511058838,1.5741501512046152
USDARS,5,2025-11-28,PM,110,7,0.7626434291331696,0.5920384615384615,0.9609177619302499,0.5081882459539879
USDARS,5,2025-11-28,PA,110,7,1.6180830770783217,1.3139134534451673,1.421142493652693,1.7278829011579775
USDARS,5,2025-11-28,VAR1,110,7,701.1979879061813,533.0548100368701,1020.0345778870395,411.3557464842447
USDARS,5,2025-11-28,ARHinc,110,7,1.6144127434141495,1.316906473529927,1.412455837180617,1.7249420886313716
USDARS,5,2025-11-28,KernelARH,110,7,1.5853763533327774,1.2828576239212381,1.3494837984174757,1.7194732739536067
USDARS,10,2025-12-05,PM,110,5,1.7555524963121136,1.0937692307692315,2.962941935281972,0.8949171602234927
USDARS,10,2025-12-05,PA,110,5,2.3645458015957237,1.8270290906925613,3.358991886306694,1.9122152420155238
USDARS,10,2025-12-05,VAR1,110,5,39.78605802256835,27.763097383461357,24.75336086190363,47.607040513643675
USDARS,10,2025-12-05,ARHinc,110,5,2.3622189384518695,1.8282829520838801,3.3516698940844387,1.9132576601569853
USDARS,10,2025-12-05,KernelARH,110,5,2.5100464032572183,1.9554671954905662,3.559104492566829,1.9958458998631066
USDARS,1,2025-11-25,PM,110,8,0.20958051050757406,0.14003846153846128,0.2836429183271158,0.12134034458127976
USDARS,1,2025-11-25,PA,110,8,1.3307004106372942,1.037869092559205,0.9715293614611571,1.5434757496496465
USDARS,1,2025-11-25,VAR1,110,8,338.6143725265101,253.78995955910372,486.77743471167764,203.9530406318579
USDARS,1,2025-11-25,ARHinc,110,8,1.3401840608226336,1.050005958572629,0.9972494655557369,1.5458372280163855
USDARS,1,2025-11-25,KernelARH,110,8,1.3257720578908736,1.0322596113172322,0.961327753851972,1.5413999049853275
USDARS,5,2025-12-01,PM,110,7,0.6248223978429022,0.4893076923076922,0.73548469699792,0.44804143719977163
USDARS,5,2025-12-01,PA,110,7,1.4674861669277974,1.176003993504198,1.246206199660034,1.5866916777756002
USDARS,5,2025-12-01,VAR1,110,7,661.5994884620931,506.62314677041456,954.6975424593452,395.02727108682626
USDARS,5,2025-12-01,ARHinc,110,7,1.4901690345104135,1.2048472874209875,1.2907298780383758,1.5950287371475278
USDARS,5,2025-12-01,KernelARH,110,7,1.4758021747235142,1.1870341879099673,1.2635612206548108,1.5898544358982258
USDARS,10,2025-12-08,PM,110,5,1.1979975279286168,0.7097692307692307,2.040746243014652,0.6217214323313981
USDARS,10,2025-12-08,PA,110,5,1.8698459066091606,1.4903625325864795,2.3043999146160483,1.7767986778931513
USDARS,10,2025-12-08,VAR1,110,5,36.99543070035717,26.304965343019024,23.575749514028512,43.98924569058916
USDARS,10,2025-12-08,ARHinc,110,5,1.8658222179665378,1.4868298534654387,2.2977525638672023,1.7748751861365806
USDARS,10,2025-12-08,KernelARH,110,5,1.9154515918901112,1.52191050004875,2.373623698961967,1.8032379306261128
USDARS,1,2025-11-26,PM,110,8,0.2510650390758415,0.21911538461538463,0.24700530589823394,0.24610133313064583
USDARS,1,2025-11-26,PA,110,8,1.3380230209917139,1.0390398711537996,0.9877938646406479,1.5451992775669776
USDARS,1,2025-11-26,VAR1,110,8,356.75422413509915,270.37654228728695,506.97599706620593,220.9743232030445
USDARS,1,2025-11-26,ARHinc,110,8,1.3341070823561152,1.037058087956059,0.9786859178330231,1.5436229016544316
USDARS,1,2025-11-26,KernelARH,110,8,1.3419407490237933,1.039569249866064,0.9870278142600953,1.5512580288572535
USDARS,5,2025-12-02,PM,110,7,0.5297981291891356,0.4120769230769236,0.5905733145798487,0.4051062887874068
USDARS,5,2025-12-02,PA,110,7,1.5456561046447679,1.229578473088537,1.2608379387310285,1.7065833035093707
USDARS,5,2025-12-02,VAR1,110,7,726.5247344072181,560.6760546892381,1042.7159602928496,437.9615175286024
USDARS,5,2025-12-02,ARHinc,110,7,1.5410080541969524,1.2267008045145498,1.2514498877925941,1.7048793797032176
USDARS,5,2025-12-02,KernelARH,110,7,1.5617959807304644,1.2487759564749348,1.2909686082456888,1.7114855598165175
USDARS,10,2025-12-09,PM,110,5,1.3861766558248794,0.8466538461538465,2.3678056585990914,0.7019582662337945
USDARS,10,2025-12-09,PA,110,5,1.9910903084285432,1.565886731955862,2.5842253871276073,1.8080990892231692
USDARS,10,2025-12-09,VAR1,110,5,45.175575424614536,31.89122720850427,28.171669679106024,53.996525016536935
USDARS,10,2025-12-09,ARHinc,110,5,1.9881602082933778,1.562608727343299,2.5769863884126525,1.8085913562714129
USDARS,10,2025-12-09,KernelARH,110,5,2.033520282433465,1.5969620758852119,2.60846108932,1.8553668158902135
USDARS,1,2025-11-27,PM,110,8,0.2705110903456642,0.17653846153846164,0.2321593660088436,0.314765364231998
USDARS,1,2025-11-27,PA,110,8,1.4353176893410007,1.0943359152912473,1.0279467509637794,1.6781941552658461
USDARS,1,2025-11-27,VAR1,110,8,350.2751084299353,260.21329854581194,494.7625071986901,220.6332136983193
USDARS,1,2025-11-27,ARHinc,110,8,1.4521939819470868,1.1070560480439522,1.0478099126853049,1.6971811667941465
USDARS,1,2025-11-27,KernelARH,110,8,1.450374800132028,1.1075346207673595,1.0644091104152853,1.6862189020866665
USDARS,5,2025-12-03,PM,110,7,0.5791542241792038,0.4335769230769233,0.7258015900656559,0.3866043819348809
USDARS,5,2025-12-03,PA,110,7,1.5437914492938611,1.2504540163461888,1.2921278551190338,1.688304071543489
USDARS,5,2025-12-03,VAR1,110,7,679.7620486065808,527.0781385140572,971.6057874101006,413.7725729505969
USDARS,5,2025-12-03,ARHinc,110,7,1.5319453648380696,1.2298803974022536,1.2556252509644892,1.690083967848258
USDARS,5,2025-12-03,KernelARH,110,7,1.5826099963705569,1.2813846482055704,1.3079217746941039,1.7279023606356574
USDARS,10,2025-12-10,PM,110,5,1.686461660605514,1.1140384615384618,2.8444004153684883,0.849476356593033
USDARS,10,2025-12-10,PA,110,5,2.2363061195594858,1.7481152974959133,3.0798645539374823,1.8784654371457221
USDARS,10,2025-12-10,VAR1,110,5,59.928596984876286,45.107718534798394,39.40425926037351,70.16614041301293
USDARS,10,2025-12-10,ARHinc,110,5,2.2487640720372326,1.7547028045920294,3.093508350463414,1.8889244538149323
USDARS,10,2025-12-10,KernelARH,110,5,2.2322859379177067,1.739131094365669,3.0383695952161616,1.9047947514602248
USDARS,1,2025-11-28,PM,110,8,0.2575556325265551,0.20707692307692316,0.30817866431965624,0.17962571783527329
USDARS,1,2025-11-28,PA,110,8,1.435093384548481,1.0914819840705365,1.048203321516429,1.6598537805372457
USDARS,1,2025-11-28,VAR1,110,8,404.50999500560005,293.5041033692656,573.4120378494046,252.38227899352782
USDARS,1,2025-11-28,ARHinc,110,8,1.4391149697700165,1.0985476081638264,1.0489941327521715,1.6648606999814797
USDARS,1,2025-11-28,KernelARH,110,8,1.456925749835709,1.1116044338309239,1.0514513139052386,1.6862767872941824
USDARS,5,2025-12-04,PM,110,7,0.6361805727573315,0.4734615384615386,0.7944272326923543,0.43389635631148366
USDARS,5,2025-12-04,PA,110,7,1.5897385382644647,1.2757941891687627,1.3484330621343559,1.7213972236418047
USDARS,5,2025-12-04,VAR1,110,7,794.6715702544229,618.3942192266763,1133.1634272239385,486.3547092205631
USDARS,5,2025-12-04,ARHinc,110,7,1.589062040731289,1.2698174016274626,1.3376234345468512,1.7252874065367432
USDARS,5,2025-12-04,KernelARH,110,7,1.5887277832359108,1.272484446915034,1.3287828333529226,1.7324240880626225
USDARS,10,2025-12-11,PM,110,5,1.117744165375409,0.749692307692308,1.8298215944865273,0.7202932259297187
USDARS,10,2025-12-11,PA,110,5,1.803191743704844,1.4118511514320637,2.2681563497520494,1.680521723525016
USDARS,10,2025-12-11,VAR1,110,5,83.18364815374883,63.67996908253068,53.97762563655997,97.95763086558544
USDARS,10,2025-12-11,ARHinc,110,5,1.7965134283921984,1.402737232145614,2.245604780727888,1.6859113681077935
USDARS,10,2025-12-11,KernelARH,110,5,1.7773722136612702,1.3878570966285075,2.2167252114083653,1.6750825155200237
USDARS,1,2025-12-01,PM,110,8,0.27016768297314336,0.18438461538461523,0.21114632085814505,0.31924868393963857
USDARS,1,2025-12-01,PA,110,8,1.3337658563318073,1.02942656698396,0.9830610874659526,1.5419871854348965
USDARS,1,2025-12-01,VAR1,110,8,392.6896639444102,290.59985362675656,560.3728014627118,240.29801209011643
USDARS,1,2025-12-01,ARHinc,110,8,1.3318208190274394,1.0279061398093545,0.9830913458328729,1.5384630918721762
USDARS,1,2025-12-01,KernelARH,110,8,1.3575158704420724,1.035630580445759,1.0051488873259729,1.5679531959946846
USDARS,5,2025-12-05,PM,110,7,2.2434301839782345,1.5841923076923075,3.6263895480223742,1.1842237474807844
USDARS,5,2025-12-05,PA,110,7,2.7314922645906266,2.181816638680831,3.9157550775723,2.0699746375506654
USDARS,5,2025-12-05,VAR1,110,7,822.7773855429193,641.0981783727176,1174.3316252420052,502.2978710187285
USDARS,5,2025-12-05,ARHinc,110,7,2.71627468883007,2.166465702842318,3.8960834053735374,2.06097727144807
USDARS,5,2025-12-05,KernelARH,110,7,2.7486500886979988,2.1924023058164206,3.954713633183683,2.0650199305470456
USDARS,10,2025-12-12,PM,110,5,1.075496084104018,0.7679999999999998,1.6972039556574043,0.7237739130515034
USDARS,10,2025-12-12,PA,110,5,1.7543766992222454,1.3890726793767696,2.1112437006679734,1.6770992406920653
USDARS,10,2025-12-12,VAR1,110,5,76.54109050627287,52.54728445532211,46.1241547492139,92.33334933933675
USDARS,10,2025-12-12,ARHinc,110,5,1.7411779590973009,1.378687703793503,2.095041919317559,1.6670688312941992
USDARS,10,2025-12-12,KernelARH,110,5,1.67339754286322,1.3118000098395584,1.948959070420339,1.6532770114748525
USDARS,1,2025-12-02,PM,110,8,0.2616590926553686,0.19223076923076932,0.1976073761103101,0.2993463875218307
USDARS,1,2025-12-02,PA,110,8,1.4514268082938853,1.121484808135642,1.0751100084280492,1.6759539952658706
USDARS,1,2025-12-02,VAR1,110,8,379.59600181593663,283.6713098336886,541.6435993865043,232.34742780366648
USDARS,1,2025-12-02,ARHinc,110,8,1.4572590957903708,1.1265580258494505,1.0846607347738715,1.6783158553688466
USDARS,1,2025-12-02,KernelARH,110,8,1.5057178519051817,1.1759277646345971,1.1743441406837605,1.697769740974586
USDARS,5,2025-12-08,PM,110,7,1.4550702633047816,1.0376153846153844,2.3590978180446225,0.778372281814843
USDARS,5,2025-12-08,PA,110,7,2.0770347599703354,1.6710865964729826,2.6859722716380166,1.8414653383812325
USDARS,5,2025-12-08,VAR1,110,7,808.500737026241,631.2863232877978,1152.9768575759822,494.92607737391296
USDARS,5,2025-12-08,ARHinc,110,7,2.032312285733755,1.640389839805598,2.6124983494812253,1.820119464873517
USDARS,5,2025-12-08,KernelARH,110,7,1.9866353224469844,1.5742431354804716,2.4944831155012386,1.8375907718356157
USDARS,10,2025-12-15,PM,110,5,1.0372881155278821,0.7468846153846153,1.6540451553831708,0.5996937991328448
USDARS,10,2025-12-15,PA,110,5,1.7212062274673907,1.3658562222739916,2.040350309574803,1.6481925187059845
USDARS,10,2025-12-15,VAR1,110,5,73.9928196416925,55.4178159965021,47.31666879051896,87.62082808506034
USDARS,10,2025-12-15,ARHinc,110,5,1.7211792469177842,1.3666674193744373,2.042388566324326,1.6466755607092287
USDARS,10,2025-12-15,KernelARH,110,5,1.6626635992821464,1.3070363028885548,1.8968690122643834,1.655012584417177
USDARS,1,2025-12-03,PM,110,8,0.29582560481056824,0.2424615384615385,0.3880398030498583,0.24710552686027948
USDARS,1,2025-12-03,PA,110,8,1.454110564807971,1.1330276411331908,1.0871977555143912,1.6643420957484167
USDARS,1,2025-12-03,VAR1,110,8,463.3726050940798,352.7350107691384,664.7495442288839,279.7430065786162
USDARS,1,2025-12-03,ARHinc,110,8,1.4452264292663297,1.1327106932452469,1.069730895849565,1.6615696478226876
USDARS,1,2025-12-03,KernelARH,110,8,1.4496531771077967,1.124960462864426,1.0797785733964815,1.6601844454416552
USDARS,5,2025-12-09,PM,110,7,1.5395186404297838,1.0470384615384611,2.5337187709163405,0.7708196371755626
USDARS,5,2025-12-09,PA,110,7,2.1670326080684323,1.7494695163340166,2.90109934104586,1.8533817613013304
USDARS,5,2025-12-09,VAR1,110,7,1033.6025623628036,810.9190692107562,1470.6404618146107,635.1102497509621
USDARS,5,2025-12-09,ARHinc,110,7,2.193287364290547,1.7741495729093697,2.951619158900118,1.861892396902773
USDARS,5,2025-12-09,KernelARH,110,7,2.157316051378483,1.734282423018643,2.901545178582256,1.8400929019351422
USDARS,10,2025-12-16,PM,110,5,1.3519957292547478,1.040692307692308,2.0545792571217074,0.8473684636302992
USDARS,10,2025-12-16,PA,110,5,1.9616293673345804,1.5919141524552545,2.4583355104209943,1.7531910985080377
USDARS,10,2025-12-16,VAR1,110,5,100.56211842465105,72.71322786019626,61.693185887573485,121.10931589876489
USDARS,10,2025-12-16,ARHinc,110,5,1.9450388449826506,1.5765280956218035,2.4290002820378263,1.7512630185780902
USDARS,10,2025-12-16,KernelARH,110,5,1.8387452581570554,1.456908863835258,2.24422484873305,1.7228381240360038
USDARS,1,2025-12-04,PM,110,8,0.16517778883093492,0.1076153846153847,0.26710275594308164,0.09926696818092186
USDARS,1,2025-12-04,PA,110,8,1.4731936584173528,1.1675186915515108,1.1548257704985825,1.6716945528233018
USDARS,1,2025-12-04,VAR1,110,8,439.0087956790857,333.06469875159235,629.7884151856141,265.2223982548718
USDARS,1,2025-12-04,ARHinc,110,8,1.4742433916088735,1.1644148312606375,1.151757805901028,1.6731070646734918
USDARS,1,2025-12-04,KernelARH,110,8,1.474637225289952,1.1610172194896389,1.159140077486486,1.6726404674687327
USDARS,5,2025-12-10,PM,110,7,2.036595610987195,1.3723846153846155,3.3349995202709115,1.015935892183509
USDARS,5,2025-12-10,PA,110,7,2.504546317496793,2.0013081786616893,3.538429248578085,1.9617285465501177
USDARS,5,2025-12-10,VAR1,110,7,923.0235924240177,730.2501056470286,1307.7920963499766,573.519235195538
USDARS,5,2025-12-10,ARHinc,110,7,2.501853435825577,2.006438068688498,3.531590394822149,1.9584771530699885
USDARS,5,2025-12-10,KernelARH,110,7,2.3936430219592766,1.911631876060083,3.366223729736337,1.9115000698307065
USDARS,10,2025-12-17,PM,110,5,2.059916295442795,1.5024230769230769,3.21418802276973,1.1288814647085945
USDARS,10,2025-12-17,PA,110,5,2.3899991130643343,1.959879282375847,3.2703713704401687,1.8864990167486033
USDARS,10,2025-12-17,VAR1,110,5,80.49437954098501,54.82150748694663,48.21446206659894,97.22852689668981
USDARS,10,2025-12-17,ARHinc,110,5,2.3946540835887116,1.9644165523098822,3.277519179410744,1.8876462024344236
USDARS,10,2025-12-17,KernelARH,110,5,2.2554487419356706,1.8215626008425403,3.0485350570079577,1.858677384730993
USDARS,1,2025-12-05,PM,110,8,2.4298360185253403,1.6929230769230765,3.868464257344673,1.252634590408165
USDARS,1,2025-12-05,PA,110,8,2.8793599056678882,2.293285829180964,4.175994074140063,2.1024764386570665
USDARS,1,2025-12-05,VAR1,110,8,466.5132159341624,362.0896763887338,664.7856401638696,285.7229876500158
USDARS,1,2025-12-05,ARHinc,110,8,2.88976741086918,2.3025990862253924,4.202758252609542,2.102112706118792
USDARS,1,2025-12-05,KernelARH,110,8,2.914436782664355,2.3177177853809328,4.241108979838429,2.1044952825612806
USDARS,5,2025-12-11,PM,110,7,1.3767377305958293,0.9760000000000001,2.2155456110097274,0.7388594937298416
USDARS,5,2025-12-11,PA,110,7,1.9282408241341225,1.54322037845405,2.533463145018805,1.685565102465169
USDARS,5,2025-12-11,VAR1,110,7,972.1174923680156,780.2681097040157,1357.3125147296728,621.9332962782565
USDARS,5,2025-12-11,ARHinc,110,7,1.9347791336746811,1.549861245586025,2.5467695664461276,1.6893397393759038
USDARS,5,2025-12-11,KernelARH,110,7,1.9767518280961875,1.573038570072885,2.591020680551864,1.7225306404231118
USDARS,10,2025-12-18,PM,110,5,1.685095680346691,1.318769230769231,2.3503346236898683,1.0441687709546907
USDARS,10,2025-12-18,PA,110,5,2.261910161143986,1.881056904547394,2.716813451963725,1.9781446116892258
USDARS,10,2025-12-18,VAR1,110,5,106.23947410965322,81.73301801137214,69.46688021092497,126.04077569762812
USDARS,10,2025-12-18,ARHinc,110,5,2.2559934680280844,1.8774687578224714,2.7059954319214783,1.97717471455749
USDARS,10,2025-12-18,KernelARH,110,5,2.1498842732925696,1.7742329097367089,2.5227013835756478,1.9515205828720146
USDARS,1,2025-12-08,PM,110,8,0.8814953968203036,0.6295384615384617,1.3762145980906288,0.48019140134418303
USDARS,1,2025-12-08,PA,110,8,1.776689818963835,1.4420712147608312,1.731508090589317,1.768068440191261
USDARS,1,2025-12-08,VAR1,110,8,1482.5440316201048,1051.3283008489116,2257.279597216089,807.714337387724
USDARS,1,2025-12-08,ARHinc,110,8,1.7464444405885333,1.4462997568851101,1.6674334933849009,1.7680072250868812
USDARS,1,2025-12-08,KernelARH,110,8,1.8004982869401842,1.4820491167464478,1.825651995327408,1.8329514083247687
USDARS,5,2025-12-12,PM,110,7,1.3974086078551586,1.053807692307692,2.102293682597829,0.852885000895293
USDARS,5,2025-12-12,PA,110,7,1.934275884952734,1.5439302151142684,2.0974643139528357,1.7617694360406633
USDARS,5,2025-12-12,VAR1,110,7,2415.2442601927087,1773.239611788281,3579.964030625371,1367.300736989117
USDARS,5,2025-12-12,ARHinc,110,7,1.78917087048807,1.4417091272872262,1.8365587770011005,1.7127026053385488
USDARS,5,2025-12-12,KernelARH,110,7,1.7697285290726108,1.3797564950151204,1.9350074949773655,1.7733801279200612
USDARS,10,2025-12-19,PM,110,5,1.2895899952191123,0.7285000000000003,2.2153264769748207,0.599860863497495
USDARS,10,2025-12-19,PA,110,5,1.647044833683108,1.3093074152861037,1.3827671809894377,1.766446051731391
USDARS,10,2025-12-19,VAR1,110,5,466.86534820364636,400.1503344145846,458.4694525234629,434.5829680977732
USDARS,10,2025-12-19,ARHinc,110,5,1.6132340290593692,1.3068505504070154,1.3619477340418176,1.740736496512629
USDARS,10,2025-12-19,KernelARH,110,5,1.667194690826132,1.3369526320622036,1.5016024040070972,1.7517724358485818
USDARS,1,2025-12-09,PM,110,8,0.10940310078575688,0.0608076923076923,0.1916692783696081,0.05259896296411643
USDARS,1,2025-12-09,PA,110,8,1.6327289489251862,1.3297302239821334,1.6440586979515028,1.706117449769264
USDARS,1,2025-12-09,VAR1,110,8,1107.9362700163604,780.1038191306673,1693.8103813252599,598.1353488459108
USDARS,1,2025-12-09,ARHinc,110,8,1.6316574121913443,1.3380412949246658,1.5745803048240992,1.7111381640166694
USDARS,1,2025-12-09,KernelARH,110,8,1.9890946666174427,1.5615469570138525,1.6987690299586427,2.0623881261843224
USDARS,5,2025-12-15,PM,110,7,0.6102269833052666,0.4171153846153846,0.86452172499748,0.46207752625954285
USDARS,5,2025-12-15,PA,110,7,1.5579412998476756,1.2838266811186956,1.4877478843473424,1.6144689700539598
USDARS,5,2025-12-15,VAR1,110,7,1748.5096709515096,1285.4611650962747,2589.7754201959183,992.3957337918368
USDARS,5,2025-12-15,ARHinc,110,7,1.602203998686083,1.3041356416670935,1.5641345216464255,1.6269034854934763
USDARS,5,2025-12-15,KernelARH,110,7,2.6928444644151597,2.0139794018455177,2.2616594701987833,2.6985198894797935
USDARS,10,2025-12-22,PM,110,5,0.7266456124919808,0.600653846153846,1.0188151270029016,0.48553173181063297
USDARS,10,2025-12-22,PA,110,5,1.6209336639140293,1.292965991105205,1.379901389960014,1.7302416887600833
USDARS,10,2025-12-22,VAR1,110,5,440.11147229044394,375.7579447003291,546.2263154975651,307.78383648646314
USDARS,10,2025-12-22,ARHinc,110,5,1.6150883658253328,1.2861093750593477,1.3568347471926427,1.7308614041743946
USDARS,10,2025-12-22,KernelARH,110,5,1.6496151355354256,1.318940000816495,1.4357326118553428,1.7443554966674346
USDARS,1,2025-12-10,PM,110,8,0.31202764300619257,0.22788461538461524,0.4835776236816558,0.17062869900466016
USDARS,1,2025-12-10,PA,110,8,1.7047995964253813,1.3823230777007767,1.842947963829989,1.7239846260951328
USDARS,1,2025-12-10,VAR1,110,8,1040.3500411346577,716.9324785188222,1591.3616312969646,559.3055531969873
USDARS,1,2025-12-10,ARHinc,110,8,1.6981525859447595,1.3831110329737881,1.8242745809077008,1.72182243609171
USDARS,1,2025-12-10,KernelARH,110,8,1.6898693800062214,1.3824655138749558,1.7605683623067365,1.7262594059511
USDARS,5,2025-12-16,PM,110,7,0.48012428278840164,0.3550000000000001,0.6341635372410971,0.42429948897345243
USDARS,5,2025-12-16,PA,110,7,1.5453989836010211,1.2843623249989613,1.4625823741317643,1.6155296939479997
USDARS,5,2025-12-16,VAR1,110,7,1847.8825189314755,1366.5526931982445,2728.9830135212583,1056.2909320693834
USDARS,5,2025-12-16,ARHinc,110,7,1.5492213496860712,1.2874064879044105,1.4682332592269574,1.6172701521619468
USDARS,5,2025-12-16,KernelARH,110,7,1.54833641773445,1.2834956805139734,1.461542901706785,1.620478542503644
USDARS,10,2025-12-23,PM,110,5,0.7988078256424962,0.6764615384615384,1.0578914749802837,0.645398827445193
USDARS,10,2025-12-23,PA,110,5,1.5418168379932686,1.2168768929735831,1.3146346796343598,1.644734875551593
USDARS,10,2025-12-23,VAR1,110,5,513.2199855656075,438.33779139655076,638.7595846527978,357.91274627820513
USDARS,10,2025-12-23,ARHinc,110,5,1.538674553118751,1.217732057396274,1.3159207138076217,1.6406887310140188
USDARS,10,2025-12-23,KernelARH,110,5,1.5439894050667304,1.2184476168702112,1.3172887065258314,1.646584225423017
USDARS,1,2025-12-11,PM,110,8,0.7169015528916519,0.5601153846153848,0.9870238808716593,0.5482584039827906
USDARS,1,2025-12-11,PA,110,8,1.636850300523706,1.3412683220991082,1.6022438987338619,1.6456498370682282
USDARS,1,2025-12-11,VAR1,110,8,988.5549695641416,665.8100204896025,1512.2488569234354,529.6742663197336
USDARS,1,2025-12-11,ARHinc,110,8,1.5906690872260394,1.312835219385581,1.540968518721104,1.6262622986450965
USDARS,1,2025-12-11,KernelARH,110,8,1.6090277770913026,1.3254939855513432,1.5547119803122678,1.6400113553028737
USDARS,5,2025-12-17,PM,110,7,0.4120016803550498,0.34538461538461557,0.42210254416271237,0.4070967952631507
USDARS,5,2025-12-17,PA,110,7,1.5837050911439572,1.3186955544649466,1.6108655070528344,1.6223143981377832
USDARS,5,2025-12-17,VAR1,110,7,1902.0291965989566,1402.6246098453807,2814.244176025724,1082.632134428819
USDARS,5,2025-12-17,ARHinc,110,7,1.5957336419228865,1.3229346439018637,1.6511229008910153,1.6265939602496116
USDARS,5,2025-12-17,KernelARH,110,7,1.5993344078087561,1.3262487291561769,1.6583712191413107,1.628369212152771
USDARS,10,2025-12-24,PM,110,5,0.8611170350637148,0.6483846153846151,1.3067237044060558,0.6269909869532191
USDARS,10,2025-12-24,PA,110,5,1.5223023821225596,1.2147060809593515,1.2783143641807537,1.6343843224566585
USDARS,10,2025-12-24,VAR1,110,5,535.5275570647755,447.3224269195428,682.0102819748263,360.47057428846153
USDARS,10,2025-12-24,ARHinc,110,5,1.52579851308144,1.2139019484057878,1.280345622225844,1.6382000439435278
USDARS,10,2025-12-24,KernelARH,110,5,1.5310474329240629,1.2132543444502595,1.2898919403940199,1.6396102292975805
USDARS,1,2025-12-12,PM,110,8,0.2297812504903807,0.13553846153846147,0.38332066664609915,0.10414452286832787
USDARS,1,2025-12-12,PA,110,8,1.4992516064463848,1.249139528286427,1.4407405024676347,1.5574345438569994
USDARS,1,2025-12-12,VAR1,110,8,793.6145104104575,534.027728039269,1209.6497064058465,426.266741074661
USDARS,1,2025-12-12,ARHinc,110,8,1.5454126057473483,1.2705152174074397,1.5008757780922808,1.574079251498492
USDARS,1,2025-12-12,KernelARH,110,8,1.5203992712264565,1.2574653465299512,1.469427683085721,1.5708185069966631
USDARS,5,2025-12-18,PM,110,7,0.6871765672775701,0.5804615384615386,0.6563717093337288,0.5964879091038254
USDARS,5,2025-12-18,PA,110,7,1.7129075310387412,1.3912536422673003,1.5699801227946002,1.789748794890553
USDARS,5,2025-12-18,VAR1,110,7,1534.1793714700048,1133.114211783307,2270.588627060231,872.5196715597774
USDARS,5,2025-12-18,ARHinc,110,7,1.6880302595421388,1.3800466953340904,1.5273680487066017,1.7709697619868823
USDARS,5,2025-12-18,KernelARH,110,7,1.666719262052428,1.3773953519599034,1.508565774215388,1.7448627731781698
USDARS,10,2025-12-25,PM,110,5,0.7089496225457013,0.5859230769230771,0.8324386339045303,0.5150846684051932
USDARS,10,2025-12-25,PA,110,5,1.51118084249886,1.2114208441561047,1.2956069865632251,1.597748608054429
USDARS,10,2025-12-25,VAR1,110,5,415.90923753304696,344.0459331486567,535.7739944032808,276.5432633855593
USDARS,10,2025-12-25,ARHinc,110,5,1.5014416742598835,1.1985859872606375,1.2805488146042727,1.5901832399794407
USDARS,10,2025-12-25,KernelARH,110,5,1.4905107093727397,1.1819552470077959,1.2365581777830372,1.6027584263442791
USDARS,1,2025-12-15,PM,110,8,0.12541201328789478,0.08926923076923077,0.17842368227549485,0.07259755560111208
USDARS,1,2025-12-15,PA,110,8,1.476708436838226,1.2382587057646333,1.413390460783854,1.5569041819707548
USDARS,1,2025-12-15,VAR1,110,8,711.6023390605061,481.97170912483637,1081.5520251304704,384.25860645921034
USDARS,1,2025-12-15,ARHinc,110,8,1.48394865187516,1.242429199353428,1.4148762196083557,1.5587489606481097
USDARS,1,2025-12-15,KernelARH,110,8,1.513808396628631,1.2511532064145807,1.4184085734518492,1.5866187078941358
USDARS,5,2025-12-19,PM,110,7,0.6363959519766823,0.5383461538461538,0.6976835928993502,0.5148513473446679
USDARS,5,2025-12-19,PA,110,7,1.6082218297458915,1.2867611981173444,1.3663232096702924,1.728391205468794
USDARS,5,2025-12-19,VAR1,110,7,1416.6092016422115,1056.9341271296653,2088.814641824692,813.7873068256208
USDARS,5,2025-12-19,ARHinc,110,7,1.5946588447972725,1.286307256119102,1.3509851084438766,1.716888231275839
USDARS,5,2025-12-19,KernelARH,110,7,1.5987927044133194,1.2848962073451666,1.3561517300060957,1.7173897546595285
USDARS,10,2025-12-26,PM,110,5,0.7975058475792368,0.6373846153846155,0.932705135236811,0.557821011437851
USDARS,10,2025-12-26,PA,110,5,1.5362581646158118,1.241782925342577,1.3701734173379527,1.6065851936491349
USDARS,10,2025-12-26,VAR1,110,5,383.23766572379867,316.0075948334186,495.254977913204,253.42076987090874
USDARS,10,2025-12-26,ARHinc,110,5,1.5221768553704684,1.2264235416027915,1.3419040307439414,1.60054912739066
USDARS,10,2025-12-26,KernelARH,110,5,1.483999972283451,1.1736303748087862,1.2381663917730095,1.5967076097568518
USDARS,1,2025-12-16,PM,110,8,0.3054475751317174,0.24473076923076903,0.42499909812594255,0.19813652211342625
USDARS,1,2025-12-16,PA,110,8,1.514613518906687,1.2397313464849868,1.5582549422842613,1.5706281299151128
USDARS,1,2025-12-16,VAR1,110,8,642.822859549603,432.7016034322929,976.209966325129,346.1576520622576
USDARS,1,2025-12-16,ARHinc,110,8,1.5227677692315624,1.244373065657976,1.57146171265956,1.5751186747805792
USDARS,1,2025-12-16,KernelARH,110,8,1.5518694922152898,1.2554772478575205,1.66146236807603,1.585868323277337
USDARS,5,2025-12-22,PM,110,7,0.7308306983258055,0.6231923076923075,0.7842564339388595,0.5770806686523158
USDARS,5,2025-12-22,PA,110,7,1.6369698432898832,1.303200399457179,1.3994388053684312,1.7483149144524055
USDARS,5,2025-12-22,VAR1,110,7,1271.9733678445243,951.0613679624573,1872.2339019517642,732.8844206114787
USDARS,5,2025-12-22,ARHinc,110,7,1.6443629920145222,1.307542874627876,1.4051900604277907,1.753197096723697
USDARS,5,2025-12-22,KernelARH,110,7,2.0555798445776046,1.6522745624557105,2.004668921058453,2.0528897719099644
USDARS,10,2025-12-29,PM,110,5,0.8697172119983333,0.6774615384615382,1.0605568095101445,0.5832052994821095
USDARS,10,2025-12-29,PA,110,5,1.5360985544294796,1.2430314258465325,1.3312612430294182,1.6145963213934764
USDARS,10,2025-12-29,VAR1,110,5,407.9280118016765,341.2673150681447,522.226517480769,273.7919874031166
USDARS,10,2025-12-29,ARHinc,110,5,1.5408544203514736,1.2459850478508818,1.3377520487068326,1.6170175452038993
USDARS,10,2025-12-29,KernelARH,110,5,1.5084554366238427,1.1905807662856507,1.2497692530735152,1.60962612178915
USDARS,1,2025-12-17,PM,110,8,0.5881712204922854,0.44073076923076926,0.8739578930216421,0.34028318369988614
USDARS,1,2025-12-17,PA,110,8,1.642900072241565,1.3185172159813532,1.8949530886251067,1.6040013356929281
USDARS,1,2025-12-17,VAR1,110,8,729.0447151807009,485.1735158664627,1106.3876666125882,390.9871256989797
USDARS,1,2025-12-17,ARHinc,110,8,1.6525665114438062,1.3240191321397663,1.9264160866211768,1.6052358291997915
USDARS,1,2025-12-17,KernelARH,110,8,1.6362712272264577,1.3137531685301267,1.871559753492931,1.6011820379838826
USDARS,5,2025-12-23,PM,110,7,0.4867783613482865,0.3912307692307692,0.6140222538710742,0.3409618031384737
USDARS,5,2025-12-23,PA,110,7,1.4478959519765058,1.173890954810294,1.2382798719404173,1.5579649498366797
USDARS,5,2025-12-23,VAR1,110,7,1405.9214925442743,1059.5101284865464,2061.0636522134455,818.824412710768
USDARS,5,2025-12-23,ARHinc,110,7,1.4479356975693485,1.1762532907158672,1.2402813512057853,1.5583087297504328
USDARS,5,2025-12-23,KernelARH,110,7,1.4775983435506388,1.1944075099633016,1.2819629698820112,1.5756809179751452
USDARS,10,2025-12-30,PM,110,5,0.6448195931361792,0.5101538461538458,0.9262281989264839,0.39543355982444517
USDARS,10,2025-12-30,PA,110,5,1.4008556726966315,1.0945763531168062,1.0748609761416523,1.550605883275531
USDARS,10,2025-12-30,VAR1,110,5,428.2066433410353,354.84053774253,550.5501347644445,284.48762220964215
USDARS,10,2025-12-30,ARHinc,110,5,1.408114399606718,1.1045288597312406,1.083787896222286,1.555906867105523
USDARS,10,2025-12-30,KernelARH,110,5,1.4462984958661724,1.1257784744268367,1.1221995308603807,1.5829855560775592
USDARS,1,2025-12-18,PM,110,8,0.5045212410714813,0.34257692307692317,0.8219338229722103,0.3263428061908342
USDARS,1,2025-12-18,PA,110,8,1.6553217229999342,1.3530882701780609,1.5440744260890236,1.7271626099021329
USDARS,1,2025-12-18,VAR1,110,8,815.9090472659966,538.9806112419141,1238.0855088549438,437.2204203203132
USDARS,1,2025-12-18,ARHinc,110,8,1.6332997942816294,1.3399671518916918,1.500684417851737,1.7232704134984618
USDARS,1,2025-12-18,KernelARH,110,8,1.639178515408763,1.3491087645940498,1.5124452198121898,1.720353697941309
USDARS,5,2025-12-24,PM,110,7,0.602114583076881,0.3476923076923075,1.054187580564532,0.30223027317597667
USDARS,5,2025-12-24,PA,110,7,1.472233627820613,1.1940077000116425,1.3188703261442547,1.554086604679298
USDARS,5,2025-12-24,VAR1,110,7,1563.1793358099885,1179.4172547689413,2288.5183831957747,913.5400240405633
USDARS,5,2025-12-24,ARHinc,110,7,1.4541398576046147,1.179021068176659,1.27360494715335,1.5515896363320048
USDARS,5,2025-12-24,KernelARH,110,7,1.5052113996474124,1.2244659475703066,1.3113206737023935,1.6107033423003538
USDARS,10,2025-12-31,PM,110,5,0.6162026624040553,0.33034615384615373,1.091648539693559,0.3030947534504665
USDARS,10,2025-12-31,PA,110,5,1.4031449888289367,1.1146207367821728,1.1382336610053951,1.5402345585135224
USDARS,10,2025-12-31,VAR1,110,5,490.3151674000688,407.46489690274103,629.8952653655748,326.0302211557723
USDARS,10,2025-12-31,ARHinc,110,5,1.3995369978902028,1.1106158335587744,1.1279421393791724,1.5407440768139171
USDARS,10,2025-12-31,KernelARH,110,5,1.4473382527010572,1.1418876836427547,1.1697313292497862,1.576694452924827
USDARS,1,2025-12-19,PM,110,8,0.3141458198891816,0.2098076923076924,0.5254020621019785,0.170605282615804
USDARS,1,2025-12-19,PA,110,8,1.5226252625822028,1.2398398378314277,1.3095915484071616,1.6633801480743495
USDARS,1,2025-12-19,VAR1,110,8,659.6509170420926,427.88469376825077,1001.1415136717501,352.317578595475
USDARS,1,2025-12-19,ARHinc,110,8,1.5136966125004818,1.2246675460971432,1.2968157012820123,1.658438825558798
USDARS,1,2025-12-19,KernelARH,110,8,1.862433615552864,1.4953371875650623,1.9394952593309,1.8743111069363816
USDARS,5,2025-12-25,PM,110,7,0.4100928014111328,0.29873076923076913,0.4837858125936164,0.40200782023938497
USDARS,5,2025-12-25,PA,110,7,1.4120924629421066,1.1187232099327968,1.1939904925157536,1.5569470074265053
USDARS,5,2025-12-25,VAR1,110,7,1126.967459159582,846.4816302599072,1652.2680765238385,653.9169531024972
USDARS,5,2025-12-25,ARHinc,110,7,1.4101387561302778,1.1151546871015325,1.198489414407254,1.5479635137772776
USDARS,5,2025-12-25,KernelARH,110,7,2.0407945819976363,1.6499330576517839,2.1337783818854033,1.9748480394639003
USDARS,10,2026-01-01,PM,110,5,0.4889290691044916,0.3419615384615385,0.6282968745971111,0.4070906310102593
USDARS,10,2026-01-01,PA,110,5,1.4394497022301758,1.1699835031000598,1.3099087710526247,1.558214778605671
USDARS,10,2026-01-01,VAR1,110,5,380.34348912351305,321.49646907804015,480.92769727460006,259.73307096638354
USDARS,10,2026-01-01,ARHinc,110,5,1.4441123280967207,1.1682650493551592,1.3060318357953273,1.563467825648006
USDARS,10,2026-01-01,KernelARH,110,5,2.223877158642902,1.8015201487296242,2.5664821809987477,2.0456340353168154
USDARS,1,2025-12-22,PM,110,8,0.19562928540403215,0.1398846153846153,0.2218905030582217,0.13147564006341644
USDARS,1,2025-12-22,PA,110,8,1.5127125508678145,1.1990371584578086,1.3007755401570864,1.6657778431758412
USDARS,1,2025-12-22,VAR1,110,8,512.511949694549,334.35051502104926,778.2207886062245,271.57406023921465
USDARS,1,2025-12-22,ARHinc,110,8,1.5330912103704113,1.2111181633134755,1.3488617172304889,1.6742309630055965
USDARS,1,2025-12-22,KernelARH,110,8,1.6339186446053588,1.2755506824761838,1.3353814186295905,1.778700924257573
USDARS,5,2025-12-26,PM,110,7,0.45044774733249915,0.3261923076923075,0.585201578211522,0.3682457688156169
USDARS,5,2025-12-26,PA,110,7,1.4295765874308084,1.1370045771189543,1.3134697455394024,1.551673511788859
USDARS,5,2025-12-26,VAR1,110,7,916.5321153868064,692.0800394937773,1345.3825418417719,528.5844335359154
USDARS,5,2025-12-26,ARHinc,110,7,1.4415913504995581,1.1508579132204075,1.3586358737159996,1.5487162740600078
USDARS,5,2025-12-26,KernelARH,110,7,1.4540531452509473,1.1305393367262921,1.2087938619364254,1.5990136531536245
USDARS,10,2026-01-02,PM,110,5,0.4345391568617883,0.3046153846153845,0.5900019353497298,0.36437710132857093
USDARS,10,2026-01-02,PA,110,5,1.4105082781837932,1.1539178188042003,1.2425690517339498,1.5458836410500056
USDARS,10,2026-01-02,VAR1,110,5,315.1560903726014,260.2734201967535,400.68164027857233,211.2973790076896
USDARS,10,2026-01-02,ARHinc,110,5,1.4102898586336747,1.1532514100863065,1.236900201403369,1.5456323728376922
USDARS,10,2026-01-02,KernelARH,110,5,1.4119133966341584,1.1559525013121104,1.2581763111997648,1.545443402976833
USDARS,1,2025-12-23,PM,110,8,0.2858615520196392,0.19146153846153835,0.2512673578490631,0.3302252534164693
USDARS,1,2025-12-23,PA,110,8,1.4189665073656519,1.133341619134237,1.2725043149037116,1.5539416299847748
USDARS,1,2025-12-23,VAR1,110,8,464.0625984306058,294.50448822786547,707.4391789436859,242.59240364065383
USDARS,1,2025-12-23,ARHinc,110,8,1.4268164771927827,1.135453806422769,1.296613041109749,1.5583840634911938
USDARS,1,2025-12-23,KernelARH,110,8,1.4262315031333352,1.1363731179992986,1.2681117758785139,1.5604230774815053
USDARS,5,2025-12-29,PM,110,7,0.4184776668978978,0.2857307692307694,0.5321604325338147,0.35844796177667926
USDARS,5,2025-12-29,PA,110,7,1.4077077982635444,1.1145413453632305,1.225418648183601,1.5536390922809806
USDARS,5,2025-12-29,VAR1,110,7,738.9404524809452,564.9085712831995,1077.4615528081647,429.44090529270153
USDARS,5,2025-12-29,ARHinc,110,7,1.4190012749263372,1.1249323912192346,1.2562810757264922,1.5579409789394016
USDARS,5,2025-12-29,KernelARH,110,7,1.408318185986792,1.1136224217567816,1.2244258412718927,1.5531509559795735
USDARS,10,2026-01-05,PM,110,5,0.4566792238120086,0.3484999999999999,0.4270725327993222,0.4559005531216809
USDARS,10,2026-01-05,PA,110,5,1.4196377571383405,1.1541491417760024,1.1904510435728612,1.556661726031512
USDARS,10,2026-01-05,VAR1,110,5,278.2672677746452,230.13243462926033,349.65626268281954,188.7960531404511
USDARS,10,2026-01-05,ARHinc,110,5,1.4187301357565394,1.1516832822812313,1.182378110236519,1.56045007484583
USDARS,10,2026-01-05,KernelARH,110,5,1.3987776126074936,1.1383334590426668,1.1451051702423922,1.5500686985633518
USDARS,1,2025-12-24,PM,110,8,0.08366571533834474,0.05453846153846152,0.12567533407958417,0.04499689118281268
USDARS,1,2025-12-24,PA,110,8,1.3980907918088594,1.1272230867788444,1.2407792046374713,1.5240303885903437
USDARS,1,2025-12-24,VAR1,110,8,527.5501456502712,334.0270322631955,804.0297112911312,276.34856295580386
USDARS,1,2025-12-24,ARHinc,110,8,1.4012985932312394,1.1375411744384722,1.2147420685024668,1.52921902178029
USDARS,1,2025-12-24,KernelARH,110,8,1.6952290157509247,1.3468699983291572,1.6165885906728665,1.7507740123914746
USDARS,5,2025-12-30,PM,110,7,0.24059521543935095,0.13215384615384618,0.4013254066285669,0.10756543550685072
USDARS,5,2025-12-30,PA,110,7,1.3305925439060995,1.0368888097928752,1.0214075986787998,1.508898535351954
USDARS,5,2025-12-30,VAR1,110,7,836.105643582319,640.782328576124,1216.81737466706,489.51197318138844
USDARS,5,2025-12-30,ARHinc,110,7,1.334105178233159,1.044971704467455,1.0133218999629399,1.5132949364130315
USDARS,5,2025-12-30,KernelARH,110,7,1.9862730014886243,1.6178403313632779,1.9002395038592543,1.9793585879425137
USDARS,10,2026-01-06,PM,110,5,1.0828713610652858,0.8386153846153849,1.39626792225667,0.7200915452008292
USDARS,10,2026-01-06,PA,110,5,1.815328520616773,1.5348562764315041,1.9795746448500355,1.6556708184518787
USDARS,10,2026-01-06,VAR1,110,5,323.92426216592037,270.2783931440628,402.9364213367399,222.7299013873756
USDARS,10,2026-01-06,ARHinc,110,5,1.7788909937590236,1.5013673619717298,1.9177113343354752,1.6415063865512416
USDARS,10,2026-01-06,KernelARH,110,5,1.7416795628883732,1.4708049359557873,1.8113607940006093,1.652669995731406
USDARS,1,2025-12-25,PM,110,8,0.09032446853087263,0.04273076923076909,0.14258739697887754,0.042681201993688495
USDARS,1,2025-12-25,PA,110,8,1.3761926986472748,1.1060906013463299,1.1810799245831822,1.5151355197591183
USDARS,1,2025-12-25,VAR1,110,8,491.3523156029786,310.65946557326646,747.0617459918484,258.2470592008083
USDARS,1,2025-12-25,ARHinc,110,8,1.3779829104138597,1.1069824418637109,1.189254444978783,1.5154927542235999
USDARS,1,2025-12-25,KernelARH,110,8,1.4899438118182078,1.1756786984963008,1.2339695701967177,1.6064692367840696
USDARS,5,2025-12-31,PM,110,7,0.16992871808722984,0.08450000000000012,0.266078115106939,0.08042864336220688
USDARS,5,2025-12-31,PA,110,7,1.3624538945553768,1.0852886137908484,1.1402884166645824,1.515273409669667
USDARS,5,2025-12-31,VAR1,110,7,785.2044232900901,604.6117264521646,1140.1744963664228,461.0782652713653
USDARS,5,2025-12-31,ARHinc,110,7,1.365954879733655,1.0856243224482114,1.154211226279033,1.5161351027753698
USDARS,5,2025-12-31,KernelARH,110,7,1.3716896455647645,1.0829241224453419,1.1108118028207739,1.5270232845859353
USDARS,10,2026-01-07,PM,110,5,1.1987322429903249,0.9315769230769233,1.520800525143467,0.8008468700994893
USDARS,10,2026-01-07,PA,110,5,1.8709177525524017,1.5941639826291716,2.014669264567445,1.6914083677190055
USDARS,10,2026-01-07,VAR1,110,5,313.0563794581541,263.51439682758576,389.0876350448224,216.35012649624935
USDARS,10,2026-01-07,ARHinc,110,5,1.8601928391135003,1.5837496040754429,1.9986060681270594,1.6866508913788185
USDARS,10,2026-01-07,KernelARH,110,5,1.775731818983629,1.5018867231638127,1.817602888726187,1.6764080518093625
USDARS,1,2025-12-26,PM,110,8,0.08957028825710867,0.05184615384615383,0.13080586173421493,0.051005718048169744
USDARS,1,2025-12-26,PA,110,8,1.3655705257900004,1.0906381962977971,1.1518176749001787,1.5126860998811484
USDARS,1,2025-12-26,VAR1,110,8,445.6669940619467,304.08248522471064,661.389992139293,250.3577464219988
USDARS,1,2025-12-26,ARHinc,110,8,1.3653295554848852,1.090696622661221,1.1496866499041658,1.5128118200288307
USDARS,1,2025-12-26,KernelARH,110,8,1.3656164207607995,1.0892302844691681,1.1468886503459892,1.5133629003114646
USDARS,5,2026-01-01,PM,110,7,0.3410630299293892,0.17530769230769255,0.5981735858031173,0.14410530189264703
USDARS,5,2026-01-01,PA,110,7,1.447243372793697,1.1642793095612163,1.4498014650629816,1.5295416894181255
USDARS,5,2026-01-01,VAR1,110,7,798.8196263088998,619.4783629153841,1155.9076633721352,473.4138374971622
USDARS,5,2026-01-01,ARHinc,110,7,1.447021069338667,1.1646280344921438,1.4500008456466431,1.5294080543228044
USDARS,5,2026-01-01,KernelARH,110,7,1.498751771579253,1.2037945799167074,1.58095883208308,1.54874127494425
USDARS,10,2026-01-08,PM,110,5,1.2101092608012398,0.9315769230769234,1.5548765917827685,0.789365282142703
USDARS,10,2026-01-08,PA,110,5,1.8527997273971335,1.5703603830791244,1.9933899573590101,1.6799239088982023
USDARS,10,2026-01-08,VAR1,110,5,324.1591807122462,273.24998197316353,416.4632709452995,217.72741235286836
USDARS,10,2026-01-08,ARHinc,110,5,1.8561642858510614,1.5739436057628806,1.9973330827291746,1.6817722436155518
USDARS,10,2026-01-08,KernelARH,110,5,1.757832193166255,1.4810193473787987,1.811777749591984,1.6540953582997526
USDARS,1,2025-12-29,PM,110,8,0.12490631104336374,0.09361538461538434,0.1603343651210211,0.07958459181715388
USDARS,1,2025-12-29,PA,110,8,1.3538877677985095,1.0678815256346224,1.0637854957828983,1.5172178195442656
USDARS,1,2025-12-29,VAR1,110,8,523.9870025011604,363.0158079002479,796.1568421939583,280.4230979237902
USDARS,1,2025-12-29,ARHinc,110,8,1.3550814572871182,1.0683337801848696,1.0711134023203892,1.5179275244584969
USDARS,1,2025-12-29,KernelARH,110,8,1.3574452477822425,1.0702189751537559,1.0765791701005727,1.5189481051339246
USDARS,5,2026-01-02,PM,110,7,0.19119273903979325,0.14446153846153853,0.26395396799060117,0.12584131476685523
USDARS,5,2026-01-02,PA,110,7,1.3910722152987318,1.1284312037066875,1.2216662683685384,1.5204749070506944
USDARS,5,2026-01-02,VAR1,110,7,917.2520708254802,676.6975474437237,1359.5430621135988,513.4516264338412
USDARS,5,2026-01-02,ARHinc,110,7,1.3896299111694799,1.1248659762817197,1.2310992659179099,1.519103074255955
USDARS,5,2026-01-02,KernelARH,110,7,1.574863967446926,1.265565766539919,1.6228447520490528,1.6264943287839957
USDARS,10,2026-01-09,PM,110,5,1.3747990762289595,1.047423076923077,1.8688785224064608,0.8554725681009436
USDARS,10,2026-01-09,PA,110,5,1.8431623534856778,1.5724955422241995,2.0003397815658155,1.6772563224056463
USDARS,10,2026-01-09,VAR1,110,5,994.7637618366921,736.8660467735376,1464.8364313478094,563.7876790461211
USDARS,10,2026-01-09,ARHinc,110,5,1.8327859402694169,1.563944004201191,1.978254455685136,1.6742343571865674
USDARS,10,2026-01-09,KernelARH,110,5,1.760331276761986,1.4989391613155763,1.8230593922730227,1.655909035478212
USDARS,1,2025-12-30,PM,110,8,0.16636324945501274,0.10611538461538458,0.27116230836552335,0.08325904655156686
USDARS,1,2025-12-30,PA,110,8,1.3349002373602499,1.0524910183611722,1.0197474649549467,1.5097161672224209
USDARS,1,2025-12-30,VAR1,110,8,449.7344210505084,311.3442173153978,682.722612097315,240.5276492133942
USDARS,1,2025-12-30,ARHinc,110,8,1.3441835398980158,1.0621569191822597,1.040150385115237,1.511962378672965
USDARS,1,2025-12-30,KernelARH,110,8,1.341027825919225,1.0620995247203968,1.0327389005876024,1.5115191351693202
USDARS,5,2026-01-05,PM,110,7,0.4672896997169298,0.3606923076923077,0.5800409439407898,0.3288228723008253
USDARS,5,2026-01-05,PA,110,7,1.3742511628543996,1.1134979447187148,1.1375000227011138,1.5138142423381826
USDARS,5,2026-01-05,VAR1,110,7,782.7467006890035,577.3956771472274,1159.6136375383228,437.1523421902581
USDARS,5,2026-01-05,ARHinc,110,7,1.3892348473713478,1.1272527500852214,1.1695939439265648,1.517813264795588
USDARS,5,2026-01-05,KernelARH,110,7,1.3577717683639063,1.1022915721716526,1.0874751177366193,1.518045153923141
USDARS,10,2026-01-12,PM,110,5,1.648476875668987,1.247576923076923,2.286336463964283,1.0028046348697395
USDARS,10,2026-01-12,PA,110,5,2.0321047043176574,1.7527979847589203,2.3510415823569035,1.7499975521053424
USDARS,10,2026-01-12,VAR1,110,5,839.4348209050752,621.0495323196654,1236.8432672842123,474.10310843041214
USDARS,10,2026-01-12,ARHinc,110,5,2.0171649004901906,1.7399514091684114,2.3324874662427835,1.7415026424868518
USDARS,10,2026-01-12,KernelARH,110,5,1.9163925402282924,1.6505244563347545,2.158360425248282,1.7056671350515824
USDARS,1,2025-12-31,PM,110,8,0.16303005268024387,0.07126923076923103,0.29787010610850195,0.06550657115825237
USDARS,1,2025-12-31,PA,110,8,1.3596892287734097,1.087216873630709,1.12804252682385,1.514483105106217
USDARS,1,2025-12-31,VAR1,110,8,446.6209146505049,308.258669790218,676.9872256646066,239.1107788370297
USDARS,1,2025-12-31,ARHinc,110,8,1.3605555612625124,1.086927839723447,1.1331256640323975,1.5146281110691986
USDARS,1,2025-12-31,KernelARH,110,8,1.3599510506029566,1.0876194723569528,1.1277093966682434,1.5146934988872804
USDARS,5,2026-01-06,PM,110,7,1.1357697745446613,0.8610769230769232,1.4408551649366566,0.740619144981641
USDARS,5,2026-01-06,PA,110,7,1.6956122561481288,1.4253887850564158,1.7189411164573938,1.6293860734816283
USDARS,5,2026-01-06,VAR1,110,7,776.3066380480656,573.2084317921145,1150.3894088627478,433.93233638472196
USDARS,5,2026-01-06,ARHinc,110,7,1.7099555811999847,1.4385224630033135,1.7372667664802495,1.6378740447031193
USDARS,5,2026-01-06,KernelARH,110,7,1.5999298783187368,1.3368936567216028,1.5790602487257137,1.582643173451692
USDARS,10,2026-01-13,PM,110,5,1.6762474258570264,1.309115384615384,2.222896369684408,1.072231486635978
USDARS,10,2026-01-13,PA,110,5,2.049835849584531,1.7787361274661748,2.3236506401116905,1.772844311833958
USDARS,10,2026-01-13,VAR1,110,5,853.41626724729,633.8136430851351,1257.413811029408,484.2290702391106
USDARS,10,2026-01-13,ARHinc,110,5,2.1012852224708674,1.8222724152924765,2.4020952032643,1.7980057808703964
USDARS,10,2026-01-13,KernelARH,110,5,2.035277609616276,1.766318016469731,2.3103739165423107,1.7643715017054744
USDARS,1,2026-01-01,PM,110,8,0.3107769420216173,0.14107692307692296,0.5649838511899157,0.1232194310157788
USDARS,1,2026-01-01,PA,110,8,1.431833024336751,1.1535096339637798,1.3935009765980026,1.5268180826501936
USDARS,1,2026-01-01,VAR1,110,8,520.4706759637999,354.3551600377094,790.8374804032078,277.0130344833122
USDARS,1,2026-01-01,ARHinc,110,8,1.4212790260137933,1.1473314428012782,1.3458123889232723,1.5260787046982431
USDARS,1,2026-01-01,KernelARH,110,8,1.436701329156842,1.1641460352500943,1.4057981408587268,1.5297981201503448
USDARS,5,2026-01-07,PM,110,7,1.2583637689475966,0.9782307692307693,1.6141560294511055,0.8236770980583261
USDARS,5,2026-01-07,PA,110,7,1.7845781364571713,1.5099561392154817,1.8372998614655593,1.671208513150345
USDARS,5,2026-01-07,VAR1,110,7,892.3340277994128,658.9186022857554,1323.8154819861993,499.07806391563025
USDARS,5,2026-01-07,ARHinc,110,7,1.8343243111965066,1.558125548077257,1.9113720944181916,1.6939819875374633
USDARS,5,2026-01-07,KernelARH,110,7,1.6517455698480557,1.3837285470657523,1.627942235055717,1.6085937344794508
USDARS,10,2026-01-14,PM,110,5,1.8264301035289918,1.4288076923076924,2.4650100384679035,1.157656012864123
USDARS,10,2026-01-14,PA,110,5,2.1833316323527887,1.8865127231994243,2.536451942079849,1.829093311907555
USDARS,10,2026-01-14,VAR1,110,5,968.7986038889766,721.5475454122637,1428.0455256910213,550.8411782454701
USDARS,10,2026-01-14,ARHinc,110,5,2.175961420749499,1.8822453998366724,2.5135211732292464,1.8291515290993514
USDARS,10,2026-01-14,KernelARH,110,5,2.0976002362556505,1.8189459933983356,2.3765968101069896,1.7997871751092782
USDARS,1,2026-01-02,PM,110,8,0.3198257488311167,0.2528076923076923,0.45599033956221857,0.198153439436141
USDARS,1,2026-01-02,PA,110,8,1.4218603558712153,1.1661820008954273,1.2355701569973143,1.5324137959337147
USDARS,1,2026-01-02,VAR1,110,8,684.5356143816241,461.1799434730886,1040.9575836830456,364.1603052528784
USDARS,1,2026-01-02,ARHinc,110,8,1.4085257422591797,1.1522387283301962,1.219460102877028,1.527655055099629
USDARS,1,2026-01-02,KernelARH,110,8,1.4119939017228273,1.153900455922221,1.217985111153597,1.5316518621402446
USDARS,5,2026-01-08,PM,110,7,1.455789717618268,1.1019230769230774,2.054767658699946,0.8749759082030245
USDARS,5,2026-01-08,PA,110,7,1.9343653779148013,1.633642136666454,2.1687025596089855,1.7034415007528254
USDARS,5,2026-01-08,VAR1,110,7,1152.7504784844464,849.6705018328602,1711.810472818435,645.5299037260787
USDARS,5,2026-01-08,ARHinc,110,7,1.8805243758955528,1.5888224389315833,2.0673645008744677,1.6846994406579292
USDARS,5,2026-01-08,KernelARH,110,7,1.5540468701362873,1.2815238609757398,1.4693011352043612,1.5701983154737533
USDARS,10,2026-01-15,PM,110,5,2.0436570138809045,1.5696923076923077,2.9116530988051967,1.2304546317194487
USDARS,10,2026-01-15,PA,110,5,2.365904927585085,2.0037544616658844,2.8822927199653456,1.886563320183022
USDARS,10,2026-01-15,VAR1,110,5,1253.3346164810023,934.3173850939123,1847.0637947446273,714.0350177872438
USDARS,10,2026-01-15,ARHinc,110,5,2.3338649400981986,1.9807619089414727,2.8206387268666817,1.8750132496957803
USDARS,10,2026-01-15,KernelARH,110,5,2.1234121231708025,1.8247185769781955,2.4133738537766676,1.8082339798652705
USDARS,1,2026-01-05,PM,110,8,0.42383499828262255,0.23303846153846164,0.619560174653073,0.2846915154309524
USDARS,1,2026-01-05,PA,110,8,1.3771748581933396,1.1059539249305785,1.1362280248142749,1.5167167118255818
USDARS,1,2026-01-05,VAR1,110,8,607.3754891466608,407.15568841176884,924.2428231688074,322.36018925952925
USDARS,1,2026-01-05,ARHinc,110,8,1.3789776530295115,1.107394345826659,1.1390555002809355,1.5175383748996731
USDARS,1,2026-01-05,KernelARH,110,8,1.367110853108644,1.105613656607863,1.0913757995174806,1.5225798301553728
USDARS,5,2026-01-09,PM,110,7,1.2965151701921815,0.9618076923076917,1.8734491805689786,0.7620126208017266
USDARS,5,2026-01-09,PA,110,7,1.81135274900831,1.5320256583703533,2.0095586026459085,1.6421385734676348
USDARS,5,2026-01-09,VAR1,110,7,1024.7081997775288,757.621402942772,1521.1087956089573,575.1831121944457
USDARS,5,2026-01-09,ARHinc,110,7,1.809413119337929,1.5292654088979427,2.0104498386403877,1.639925114102105
USDARS,5,2026-01-09,KernelARH,110,7,1.5174451046211552,1.229724731532156,1.2227696021504117,1.6510154358986726
USDARS,10,2026-01-16,PM,110,5,1.8026236488049217,1.3807307692307689,2.580573658120343,1.076903679035914
USDARS,10,2026-01-16,PA,110,5,2.182996818802231,1.8547303367853551,2.6121258459837065,1.7995215457306786
USDARS,10,2026-01-16,VAR1,110,5,1125.945348475352,839.9741614999401,1658.8402164770798,642.592470411415
USDARS,10,2026-01-16,ARHinc,110,5,2.217158414288434,1.8805622478909436,2.6727254680230974,1.812137341031214
USDARS,10,2026-01-16,KernelARH,110,5,1.6101278629759372,1.3272910042520796,1.421408181017418,1.6837535184045294
USDARS,1,2026-01-06,PM,110,8,0.9036503695482093,0.7238076923076917,1.132317335964228,0.6078089971324919
USDARS,1,2026-01-06,PA,110,8,1.696454092093057,1.41512976885916,1.7838957536056865,1.6166411953922857
USDARS,1,2026-01-06,VAR1,110,8,784.8202880049294,512.2871490405081,1209.9209901455442,405.25241915795124
USDARS,1,2026-01-06,ARHinc,110,8,1.857131599707815,1.552702141043004,2.051891956644191,1.6836513742997163
USDARS,1,2026-01-06,KernelARH,110,8,1.8864618143311158,1.5784744656158098,2.1241949015562893,1.685396148221019
USDARS,5,2026-01-12,PM,110,7,1.2894789123458417,1.021807692307692,1.7691433343441605,0.8123696302988681
USDARS,5,2026-01-12,PA,110,7,1.9531299252400713,1.6481925638302777,2.288165284338151,1.7055845808267174
USDARS,5,2026-01-12,VAR1,110,7,1248.808745784028,921.3789713350558,1860.786449608241,699.5658844997972
USDARS,5,2026-01-12,ARHinc,110,7,2.1171852825136486,1.783898875277947,2.543198605179993,1.7813396497255303
USDARS,5,2026-01-12,KernelARH,110,7,1.8979713100250646,1.6260936483046078,2.1884482710447175,1.6738624908421769
USDARS,10,2026-01-19,PM,110,5,1.5235246646661658,1.227615384615385,1.964671270617255,1.0167327076774604
USDARS,10,2026-01-19,PA,110,5,2.1452240686443735,1.8130334811872595,2.5212402777376526,1.8054971177166503
USDARS,10,2026-01-19,VAR1,110,5,1358.7924249376956,1017.7751281220504,1996.0245503392282,781.2981906260793
USDARS,10,2026-01-19,ARHinc,110,5,2.225269822587803,1.8850205696371014,2.6297092864244522,1.850067752529198
USDARS,10,2026-01-19,KernelARH,110,5,2.1068736277262694,1.8102622454461526,2.383527366344845,1.8071710865707569
USDARS,1,2026-01-07,PM,110,8,0.14329635778290442,0.10250000000000001,0.17317136791530122,0.09650861035488252
USDARS,1,2026-01-07,PA,110,8,1.3230037107063541,1.0713938420781448,1.0766575997974728,1.481794322570075
USDARS,1,2026-01-07,VAR1,110,8,898.3910143064454,573.8063654401893,1403.9135378544026,451.078764752711
USDARS,1,2026-01-07,ARHinc,110,8,1.3637960511072136,1.111210349120965,1.1580744838503318,1.495395790449209
USDARS,1,2026-01-07,KernelARH,110,8,1.3470155016596141,1.0892761220319982,1.1242220609610005,1.4897742820489737
USDARS,5,2026-01-13,PM,110,7,0.6102444733938132,0.4582692307692309,0.9057694383556602,0.3666071580714776
USDARS,5,2026-01-13,PA,110,7,1.4531149542595279,1.220088597271688,1.4342402511922565,1.4972630328283176
USDARS,5,2026-01-13,VAR1,110,7,1398.931338029927,1003.4763534017965,2121.2013095855027,757.1892263243815
USDARS,5,2026-01-13,ARHinc,110,7,1.5082032924153717,1.2675218880942214,1.540506276610116,1.5166411542849751
USDARS,5,2026-01-13,KernelARH,110,7,1.6413890909666622,1.4046041507497846,1.729598695189133,1.5798940843856595
USDARS,10,2026-01-20,PM,110,5,0.3747816030703748,0.3152307692307691,0.4452761328255214,0.295557506293333
USDARS,10,2026-01-20,PA,110,5,1.3917964669786598,1.1269464065588637,1.2071950996978618,1.507863587808111
USDARS,10,2026-01-20,VAR1,110,5,1411.581871387258,1059.3274898442783,2074.270431797241,812.859267691368
USDARS,10,2026-01-20,ARHinc,110,5,1.4594521888497327,1.195630499984002,1.3491358541968856,1.528758758083369
USDARS,10,2026-01-20,KernelARH,110,5,1.5921671594818188,1.2636979584349293,1.2885922113898212,1.7488712289739923
USDARS,1,2026-01-08,PM,110,8,0.07069843867278267,0.0554230769230766,0.07222149899526277,0.06122534239612981
USDARS,1,2026-01-08,PA,110,8,1.3191368204298153,1.0594738991642692,1.0733006577146453,1.4812212824525859
USDARS,1,2026-01-08,VAR1,110,8,978.9802390551805,623.38189508814,1542.7527091503753,483.7499897383536
USDARS,1,2026-01-08,ARHinc,110,8,1.3193168361184895,1.0607506391660213,1.0748642643578532,1.4811569636581454
USDARS,1,2026-01-08,KernelARH,110,8,1.3371847728476354,1.0609351916576495,1.0869561399497953,1.4958449261317779
USDARS,5,2026-01-14,PM,110,7,0.6062629459363197,0.45934615384615424,0.9055642445100734,0.35708262574904903
USDARS,5,2026-01-14,PA,110,7,1.4219358282957726,1.1845391250552602,1.354544176618756,1.4884241022166855
USDARS,5,2026-01-14,VAR1,110,7,1531.7809010291548,1082.8920047299073,2348.226981619934,810.2203057445553
USDARS,5,2026-01-14,ARHinc,110,7,1.41620209941925,1.1783806785138793,1.3408395555402193,1.4867408033850276
USDARS,5,2026-01-14,KernelARH,110,7,1.4631390473663801,1.224736601463094,1.447956286060682,1.4963277091785794
USDARS,10,2026-01-21,PM,110,5,0.3498429592743668,0.28061538461538477,0.4498000257137968,0.2566957814203339
USDARS,10,2026-01-21,PA,110,5,1.3868270081387404,1.1240594680234126,1.2065454503767385,1.5008264915273213
USDARS,10,2026-01-21,VAR1,110,5,1461.7732540828372,1097.2345157048721,2149.127671749577,840.0940255545032
USDARS,10,2026-01-21,ARHinc,110,5,1.3889689464140056,1.1262683701082568,1.2111413715374086,1.501241419028622
USDARS,10,2026-01-21,KernelARH,110,5,1.6424591580525187,1.3650545739880242,1.642323358957096,1.6132309203607869
USDARS,1,2026-01-09,PM,110,8,0.18932356816185988,0.12392307692307682,0.3144863891085987,0.10316413213006181
USDARS,1,2026-01-09,PA,110,8,1.300750463384034,1.036153803358172,1.0337659930787306,1.4708002997112286
USDARS,1,2026-01-09,VAR1,110,8,962.9029459098759,628.5864679901588,1521.2303511845919,474.8308869234958
USDARS,1,2026-01-09,ARHinc,110,8,1.308612496650048,1.0453576742614519,1.0512589827150716,1.4728093685106838
USDARS,1,2026-01-09,KernelARH,110,8,1.3078193800279216,1.0448183138863052,1.0487637371466771,1.472923799972325
USDARS,5,2026-01-15,PM,110,7,0.6243558218737872,0.48638461538461547,0.9011366556154579,0.39098632560384344
USDARS,5,2026-01-15,PA,110,7,1.433899829455015,1.1803291433262177,1.3327632138796255,1.503473764594524
USDARS,5,2026-01-15,VAR1,110,7,1640.361338574682,1143.9514654433112,2540.0972585015434,849.9762587757145
USDARS,5,2026-01-15,ARHinc,110,7,1.4480993604618366,1.1938401423517668,1.364943982485471,1.5075532326089167
USDARS,5,2026-01-15,KernelARH,110,7,1.4751628807209731,1.219406174952607,1.4195273115174631,1.5151744741839401
USDARS,10,2026-01-22,PM,110,5,0.5934827941255557,0.4993461538461536,0.6828148825980851,0.4450519356457067
USDARS,10,2026-01-22,PA,110,5,1.504783602101134,1.224117671368745,1.4033800783727859,1.5546713641076635
USDARS,10,2026-01-22,VAR1,110,5,1462.0498599067207,1097.5548567072801,2149.619402183027,840.0766671110274
USDARS,10,2026-01-22,ARHinc,110,5,1.505322245419667,1.2245198986041717,1.4056547734346159,1.554461465055374
USDARS,10,2026-01-22,KernelARH,110,5,1.6259246954648208,1.3361577496747254,1.4139978583795165,1.7199216241379134
USDARS,1,2026-01-12,PM,110,8,0.2518693571614521,0.14407692307692319,0.431981946887445,0.1134166806781772
USDARS,1,2026-01-12,PA,110,8,1.2824837450681303,1.01163045672255,0.9924119828539779,1.4676814252306776
USDARS,1,2026-01-12,VAR1,110,8,665.5385880145567,468.8249043452063,1022.6307403883105,351.09069640401856
USDARS,1,2026-01-12,ARHinc,110,8,1.295469479118449,1.031245473357018,1.025176890852683,1.4713064071817739
USDARS,1,2026-01-12,KernelARH,110,8,1.281156538965108,1.0099514307288215,0.9901057010905977,1.4671217533906549
USDARS,5,2026-01-16,PM,110,7,0.5406374887397,0.4442307692307693,0.7319593568280521,0.36359925189595227
USDARS,5,2026-01-16,PA,110,7,1.3891347715989468,1.133021754327781,1.2210149571390647,1.4960418463100835
USDARS,5,2026-01-16,VAR1,110,7,1392.5855177223953,980.6460583171234,2153.026892688406,725.9451060652846
USDARS,5,2026-01-16,ARHinc,110,7,1.4195812257257527,1.1619111904280814,1.2802470422029961,1.5085417040241205
USDARS,5,2026-01-16,KernelARH,110,7,1.5181483592295708,1.2659376767429753,1.4895556284725526,1.5368993687724697
USDARS,10,2026-01-23,PM,110,5,0.5364560075876894,0.42719230769230765,0.5012642060379235,0.4937206237824782
USDARS,10,2026-01-23,PA,110,5,1.4340182228370864,1.1527913599258008,1.2149670198793656,1.5629074489587864
USDARS,10,2026-01-23,VAR1,110,5,1283.0633219725278,962.7566383730801,1887.9877599448569,737.0307918002736
USDARS,10,2026-01-23,ARHinc,110,5,1.4514133599672057,1.166454482710614,1.2431444025658136,1.5701648998937527
USDARS,10,2026-01-23,KernelARH,110,5,1.6864110903189464,1.367911960702733,1.430988891182138,1.8076588742564077
USDARS,1,2026-01-13,PM,110,8,0.24486731100741085,0.20211538461538475,0.2430409719428789,0.2148009440190061
USDARS,1,2026-01-13,PA,110,8,1.2437469608594922,0.9563572416183527,0.9078960980835639,1.448585794673823
USDARS,1,2026-01-13,VAR1,110,8,469.9159414149973,355.72765299591197,681.80984512312,278.069295705228
USDARS,1,2026-01-13,ARHinc,110,8,1.2322950453088064,0.9427741962768815,0.8952035520172823,1.4425859814744884
USDARS,1,2026-01-13,KernelARH,110,8,1.2427352859672658,0.9585552854448215,0.9092673667228317,1.446672668646251
USDARS,5,2026-01-19,PM,110,7,0.3277689735164084,0.26326923076923087,0.34632083026419686,0.2673358026279571
USDARS,5,2026-01-19,PA,110,7,1.2865663787065735,1.01105193995366,0.9910710784718357,1.4677286351461867
USDARS,5,2026-01-19,VAR1,110,7,1212.2499511966685,859.3797752250566,1876.697955869251,632.3045664021046
USDARS,5,2026-01-19,ARHinc,110,7,1.290266361323758,1.016082953767529,0.9992340926671677,1.4677237824189266
USDARS,5,2026-01-19,KernelARH,110,7,1.3448555529604826,1.0778780250589826,1.1196286332644283,1.4822282432928153
USDARS,10,2026-01-26,PM,110,5,0.6912105462380975,0.5863076923076921,0.8349256674634186,0.6356115430554492
USDARS,10,2026-01-26,PA,110,5,1.471455024259451,1.1692468860717649,1.2416491757788852,1.6331213571934875
USDARS,10,2026-01-26,VAR1,110,5,1125.6779255778074,842.2783512957899,1660.626882131088,645.4266804784305
USDARS,10,2026-01-26,ARHinc,110,5,1.4717156486188647,1.1700641774175415,1.2344857927536192,1.6340823633415202
USDARS,10,2026-01-26,KernelARH,110,5,1.7976291299137002,1.4231678053504562,1.4927669646379211,1.9494288261288277
USDARS,1,2026-01-14,PM,110,8,0.0990716523920555,0.07642307692307684,0.10771492387078115,0.07418574148815382
USDARS,1,2026-01-14,PA,110,8,1.2265169932983042,0.9512178649848151,0.9097389291250979,1.4326713311336128
USDARS,1,2026-01-14,VAR1,110,8,439.7412389939662,330.0631131349626,608.8009047168429,277.9321731949099
USDARS,1,2026-01-14,ARHinc,110,8,1.2274786033277383,0.9523987774910108,0.9125432660390194,1.4332199574540547
USDARS,1,2026-01-14,KernelARH,110,8,1.2321069527282078,0.9569043657336018,0.915092346306691,1.4352135199509453
USDARS,5,2026-01-20,PM,110,7,0.41431413435107045,0.27680769230769214,0.667732641072276,0.24071977294134836
USDARS,5,2026-01-20,PA,110,7,1.3242790453127398,1.049273442174345,1.1613845012385118,1.480279004848924
USDARS,5,2026-01-20,VAR1,110,7,1203.839866889877,856.5853251221431,1860.8838455768453,629.8174473237617
USDARS,5,2026-01-20,ARHinc,110,7,1.3394622204244326,1.0619714205428976,1.2141542410899788,1.482994084394704
USDARS,5,2026-01-20,KernelARH,110,7,1.3010111317582311,1.0300760977590344,1.041068209906172,1.4825132883728769
USDARS,10,2026-01-27,PM,110,5,1.2879188452395116,1.0043076923076921,1.9151789427061081,0.9005559319765056
USDARS,10,2026-01-27,PA,110,5,1.784473511647042,1.4366770818952073,2.073350234857732,1.730778168618042
USDARS,10,2026-01-27,VAR1,110,5,1165.8957763596247,868.4317837069617,1726.4570424130566,663.3300400083391
USDARS,10,2026-01-27,ARHinc,110,5,1.7880168164300263,1.4406950842627761,2.0811703117360842,1.7304216621416146
USDARS,10,2026-01-27,KernelARH,110,5,1.6443912734378752,1.2933024527001808,1.6648029030794815,1.734455149843747
USDARS,1,2026-01-15,PM,110,8,0.16529882613944052,0.13126923076923078,0.20018745609214605,0.13712675024935073
USDARS,1,2026-01-15,PA,110,8,1.2550588151379545,0.976164844966845,0.9689325262980963,1.446289346464564
USDARS,1,2026-01-15,VAR1,110,8,441.7196386045325,322.9009777315026,580.6598786673964,298.3516221383999
USDARS,1,2026-01-15,ARHinc,110,8,1.2561579217096832,0.9786773854673336,0.9651552933367817,1.4468614460072593
USDARS,1,2026-01-15,KernelARH,110,8,1.2551881216318161,0.9768162253252789,0.9644792606375618,1.446308035780286
USDARS,5,2026-01-21,PM,110,7,0.35805302841038245,0.25542307692307664,0.5622336217140543,0.21793822558916337
USDARS,5,2026-01-21,PA,110,7,1.3191268452935763,1.042843420304024,1.1547184386929281,1.4761842705392225
USDARS,5,2026-01-21,VAR1,110,7,1167.182356100986,837.8202891671897,1798.341698194459,616.0337541614957
USDARS,5,2026-01-21,ARHinc,110,7,1.3174003614980108,1.0413072499539464,1.1503548758591544,1.4754750785775046
USDARS,5,2026-01-21,KernelARH,110,7,1.298953063524853,1.031522722849712,1.0471893647096226,1.4751626622084866
USDARS,10,2026-01-28,PM,110,5,1.3206931091141267,1.0224615384615388,1.9568065909615968,0.8846776854187045
USDARS,10,2026-01-28,PA,110,5,1.8325884151486993,1.4869543801531895,2.1814852614761904,1.7300684630178367
USDARS,10,2026-01-28,VAR1,110,5,1172.203971545595,872.3814321643349,1737.553160415871,666.5204816437199
USDARS,10,2026-01-28,ARHinc,110,5,1.8228384961640722,1.478597716901614,2.1650653996489213,1.7256914094184348
USDARS,10,2026-01-28,KernelARH,110,5,1.6664001596680411,1.3337833677404465,1.7518272089525746,1.7194747302735574
USDARS,1,2026-01-16,PM,110,8,0.08935936522741272,0.06553846153846143,0.13187107920237642,0.05638993761539255
USDARS,1,2026-01-16,PA,110,8,1.2511964162624005,0.9820778709238198,0.9420312283888789,1.4469169216536564
USDARS,1,2026-01-16,VAR1,110,8,551.6023670319171,365.62606591799613,788.8821518959504,324.8470676252116
USDARS,1,2026-01-16,ARHinc,110,8,1.2502913330283474,0.9829460748643837,0.9437957519922667,1.4472491178107805
USDARS,1,2026-01-16,KernelARH,110,8,1.2553332653338523,0.9851429801441487,0.971990880948365,1.448845399004263
USDARS,5,2026-01-22,PM,110,7,0.26077159914967146,0.18238461538461545,0.4125565356596981,0.1658259242967389
USDARS,5,2026-01-22,PA,110,7,1.323764975463828,1.0639465614141816,1.1481595150835162,1.4853807346588883
USDARS,5,2026-01-22,VAR1,110,7,1131.685843645206,818.5615229297802,1738.6335234901417,602.3087922864876
USDARS,5,2026-01-22,ARHinc,110,7,1.32543156681982,1.0657822938897574,1.1338738166252496,1.488605462277329
USDARS,5,2026-01-22,KernelARH,110,7,1.3616054240583368,1.0998398858258533,1.1491198730018215,1.5073911989102011
USDARS,10,2026-01-29,PM,110,5,1.3470992875005967,1.0774230769230766,1.923946190847934,0.9392904489291154
USDARS,10,2026-01-29,PA,110,5,1.8750391004553075,1.5267577313675385,2.2049238081477522,1.777795655017269
USDARS,10,2026-01-29,VAR1,110,5,1162.026105594851,864.2200477445774,1724.6039530359574,659.5027860580138
USDARS,10,2026-01-29,ARHinc,110,5,1.8585740954281238,1.5120463951458918,2.173689217596774,1.7713315637402076
USDARS,10,2026-01-29,KernelARH,110,5,1.7633136792534916,1.3970770505114374,1.820976679284812,1.8260001470378537
USDARS,1,2026-01-19,PM,110,8,0.10665837808341472,0.07480769230769235,0.1581752463569296,0.05961354293937395
USDARS,1,2026-01-19,PA,110,8,1.2531664365462012,0.9787700470092138,0.9745341829516785,1.446709744281659
USDARS,1,2026-01-19,VAR1,110,8,517.6316626707296,340.9696940017085,748.5493828213329,301.0523370108189
USDARS,1,2026-01-19,ARHinc,110,8,1.254733301188697,0.9776641656426697,0.977854080603728,1.4473144904176745
USDARS,1,2026-01-19,KernelARH,110,8,1.267016392683535,0.9958270044625885,1.0240232656158892,1.449880545496337
USDARS,5,2026-01-23,PM,110,7,0.47273356050820975,0.3784230769230769,0.676977325881222,0.348229737880349
USDARS,5,2026-01-23,PA,110,7,1.3795626723771723,1.0965913607848576,1.2794029222835879,1.521412923806149
USDARS,5,2026-01-23,VAR1,110,7,1008.855844191327,736.0796076197358,1540.7818502391106,544.247845305153
USDARS,5,2026-01-23,ARHinc,110,7,1.3766446913816064,1.0948650142635727,1.2725864344175286,1.519409789904937
USDARS,5,2026-01-23,KernelARH,110,7,1.3747903228533325,1.1005141301333028,1.175789015590828,1.5303105108188002
USDARS,10,2026-01-30,PM,110,5,1.6300942486909722,1.2780769230769229,2.437667931067306,1.032670573871084
USDARS,10,2026-01-30,PA,110,5,2.0836203542815004,1.7061884828218858,2.6587854630783485,1.8317637994742
USDARS,10,2026-01-30,VAR1,110,5,1078.6268088452669,802.9346145433383,1600.7536233274484,613.8506282825344
USDARS,10,2026-01-30,ARHinc,110,5,2.081859446533062,1.7045096308995358,2.6537221792269516,1.8319100973749747
USDARS,10,2026-01-30,KernelARH,110,5,1.8549852428037183,1.4871095892200505,2.212779050344956,1.7689462696360554
USDARS,1,2026-01-20,PM,110,8,0.4209834525342917,0.31180769230769256,0.6235584241126938,0.2606544696387099
USDARS,1,2026-01-20,PA,110,8,1.355595209319172,1.0758512943399556,1.2348482463520454,1.490642994431855
USDARS,1,2026-01-20,VAR1,110,8,524.8772080751061,336.0588942268,779.1988810520417,293.4481302350514
USDARS,1,2026-01-20,ARHinc,110,8,1.3616506334357712,1.0821698229394554,1.2515672686499832,1.4924997468934231
USDARS,1,2026-01-20,KernelARH,110,8,1.3601928044303888,1.0827393115271127,1.2531375386527228,1.4907722901256408
USDARS,5,2026-01-26,PM,110,7,0.719073255067831,0.5745,0.8697976259607818,0.6173090385161932
USDARS,5,2026-01-26,PA,110,7,1.5150117814692017,1.2083032304959742,1.430254710829347,1.6308538011961988
USDARS,5,2026-01-26,VAR1,110,7,1026.0944066521363,749.9653858511001,1565.9389089811868,554.9070165225645
USDARS,5,2026-01-26,ARHinc,110,7,1.5234635231814149,1.2150032698982953,1.454249044164962,1.6333411344185034
USDARS,5,2026-01-26,KernelARH,110,7,1.489398668705583,1.1821670518558902,1.3344126215731507,1.6310054147963686
USDARS,10,2026-02-02,PM,110,5,0.8784341948122147,0.7386153846153846,1.0806010491322904,0.6978588785171761
USDARS,10,2026-02-02,PA,110,5,1.5855906245959697,1.2850843925239064,1.523879684593396,1.6581394392948445
USDARS,10,2026-02-02,VAR1,110,5,1094.950102555839,815.27194144104806,1625.963204423703,622.9911451335421
USDARS,10,2026-02-02,ARHinc,110,5,1.595481027011169,1.2938544039522837,1.5460486403567653,1.6616600042477387
USDARS,10,2026-02-02,KernelARH,110,5,1.506687319458705,1.2070138461361768,1.336624815452924,1.639003139109917
USDARS,1,2026-01-21,PM,110,8,0.14735292537097663,0.10161538461538482,0.19853467963145896,0.09174613233759846
USDARS,1,2026-01-21,PA,110,8,1.2944257988157863,1.0243026103054464,1.0387809126323881,1.4678199509691836
USDARS,1,2026-01-21,VAR1,110,8,602.9123426381727,383.8530480024757,899.0360981009391,333.57510102803803
USDARS,1,2026-01-21,ARHinc,110,8,1.293091751941398,1.0188254519329516,1.0466319785517488,1.4675423944536126
USDARS,1,2026-01-21,KernelARH,110,8,1.3139451061249,1.0386520394050047,1.0618346606513047,1.474984942023025
USDARS,5,2026-01-27,PM,110,7,0.957393697654049,0.760153846153846,1.3354474152178535,0.72550857583052
USDARS,5,2026-01-27,PA,110,7,1.6788823927971335,1.3425413102456292,1.8984917556619867,1.670697472422173
USDARS,5,2026-01-27,VAR1,110,7,1165.8387846509395,848.1252361897618,1782.6043518770769,627.3334867673371
USDARS,5,2026-01-27,ARHinc,110,7,1.744508088405265,1.3983570347696304,2.048059556057629,1.6886121305387287
USDARS,5,2026-01-27,KernelARH,110,7,1.7460519775178678,1.3925428833986107,2.0038643472339985,1.720606053796971
USDARS,10,2026-02-03,PM,110,5,0.4010535404502652,0.31269230769230777,0.37735338587725603,0.39496821984280195
USDARS,10,2026-02-03,PA,110,5,1.4066260311762535,1.1511656237780898,1.1792466951727278,1.5581998442033131
USDARS,10,2026-02-03,VAR1,110,5,1215.567083458688,905.8532932460721,1804.020574140168,692.6968118323309
USDARS,10,2026-02-03,ARHinc,110,5,1.4069912703496192,1.1454346491892837,1.1890402046044652,1.5602328366249931
USDARS,10,2026-02-03,KernelARH,110,5,1.4393672614794049,1.1601434557953825,1.2133700080090024,1.5994147867956483
USDARS,1,2026-01-22,PM,110,8,0.2694742031324076,0.2044999999999998,0.3122878257699121,0.18965793241180565
USDARS,1,2026-01-22,PA,110,8,1.336628511916436,1.0816459359857646,1.1157088301049176,1.4883937802419884
USDARS,1,2026-01-22,VAR1,110,8,631.9990767058517,402.3014495182731,940.7167252850444,351.0645384175859
USDARS,1,2026-01-22,ARHinc,110,8,1.3387574694056072,1.0820420707308747,1.1201690188824647,1.4906195676287743
USDARS,1,2026-01-22,KernelARH,110,8,1.3227320764370478,1.0639083639530607,1.1249661097386534,1.4828646643360608
USDARS,5,2026-01-28,PM,110,7,1.0078058087136248,0.8033076923076926,1.4265750105718435,0.7155771702666083
USDARS,5,2026-01-28,PA,110,7,1.7114908983292156,1.3853389932183757,1.966048126070919,1.6702866257847282
USDARS,5,2026-01-28,VAR1,110,7,1234.8609806088991,890.5286739409015,1893.739362366557,658.8961849070458
USDARS,5,2026-01-28,ARHinc,110,7,1.693871541892495,1.3694290704739205,1.9330224616161507,1.663258299696945
USDARS,5,2026-01-28,KernelARH,110,7,1.7514489939454074,1.4121136893338888,2.045610414101175,1.697222238797732
USDARS,10,2026-02-04,PM,110,5,0.49380133618225924,0.3917692307692308,0.6287498314149279,0.3943842327455896
USDARS,10,2026-02-04,PA,110,5,1.4660847786825975,1.1932270945377914,1.3565891082972532,1.5861551433647654
USDARS,10,2026-02-04,VAR1,110,5,1269.0778436593125,943.6331473688404,1884.8263137048746,720.7855336173616
USDARS,10,2026-02-04,ARHinc,110,5,1.4608571235412875,1.192909003802016,1.3424605893127615,1.5835803453872532
USDARS,10,2026-02-04,KernelARH,110,5,1.47319102256665,1.1963138604377588,1.3708613793906195,1.599817070555938
USDARS,1,2026-01-23,PM,110,8,0.23486452723611997,0.20265384615384616,0.2438082772684753,0.20777961664354408
USDARS,1,2026-01-23,PA,110,8,1.3441333762437875,1.0690766016505733,1.1692411588281149,1.499962954807322
USDARS,1,2026-01-23,VAR1,110,8,637.0579913131731,406.8764399741739,945.5483047125351,356.16330606230235
USDARS,1,2026-01-23,ARHinc,110,8,1.3401309002329813,1.0681618853707373,1.1495014768320728,1.4987397834571676
USDARS,1,2026-01-23,KernelARH,110,8,1.345949067147088,1.0697970014375873,1.1853680604202048,1.4989580751639524
USDARS,5,2026-01-29,PM,110,7,1.2321132760424263,1.0291923076923075,1.6333697528637952,0.891261667943563
USDARS,5,2026-01-29,PA,110,7,1.8665267939745096,1.5277957354269707,2.1882922158841303,1.7562579010905144
USDARS,5,2026-01-29,VAR1,110,7,1202.782390771103,867.6588163563462,1843.2355108340112,642.7046944682536
USDARS,5,2026-01-29,ARHinc,110,7,1.8561774959287018,1.519521734092697,2.161749144501934,1.75323377769032
USDARS,5,2026-01-29,KernelARH,110,7,1.801890669091466,1.459441555605624,2.094655346953632,1.7349731726929227
USDARS,10,2026-02-05,PM,110,5,0.8729083791908165,0.6678846153846156,1.0734357671639214,0.6439563353019642
USDARS,10,2026-02-05,PA,110,5,1.6832915807845579,1.33175242613617,1.7510182900334705,1.6981456521649283
USDARS,10,2026-02-05,VAR1,110,5,1236.3829171682464,918.5823690828182,1835.4895430360853,702.2713600327827
USDARS,10,2026-02-05,ARHinc,110,5,1.6734865992969399,1.3253873893976105,1.7213409280711331,1.6963148045741703
USDARS,10,2026-02-05,KernelARH,110,5,1.5738540341786025,1.2445760255970846,1.5833078451212839,1.642022106156026
USDARS,1,2026-01-26,PM,110,8,0.4666455066173397,0.3455384615384614,0.45049872855939727,0.4127427349428099
USDARS,1,2026-01-26,PA,110,8,1.4462549609376654,1.147988430256423,1.3171317105938645,1.57011785154923
USDARS,1,2026-01-26,VAR1,110,8,671.2053155011241,442.4966025933406,969.8387686123219,390.5098269000746
USDARS,1,2026-01-26,ARHinc,110,8,1.4307602909254369,1.1404793501464865,1.28646979807077,1.5639502130310146
USDARS,1,2026-01-26,KernelARH,110,8,1.4985466474251585,1.2089626165130078,1.2723048925607126,1.6377255498231305
USDARS,5,2026-01-30,PM,110,7,1.3158221873969727,1.0506538461538462,1.8625947310215718,0.8473708341805533
USDARS,5,2026-01-30,PA,110,7,1.976468919211341,1.6139292070069433,2.5020901725762017,1.747912091557685
USDARS,5,2026-01-30,VAR1,110,7,1286.2042475698956,918.9873599708155,1976.067481605043,681.2173063125423
USDARS,5,2026-01-30,ARHinc,110,7,1.9966759237925664,1.6272862003644735,2.5678397453153154,1.748415169768425
USDARS,5,2026-01-30,KernelARH,110,7,1.946187370135662,1.5770623402628425,2.4525540317904424,1.7511413236490652
USDARS,10,2026-02-06,PM,110,5,0.7279323985941806,0.5345769230769232,0.8193472175257005,0.5815625709193102
USDARS,10,2026-02-06,PA,110,5,1.596048508760101,1.2559763273410485,1.5893671867869892,1.6644206222077882
USDARS,10,2026-02-06,VAR1,110,5,1318.2508060842463,977.3065212408655,1960.7265089183627,743.5045944200015
USDARS,10,2026-02-06,ARHinc,110,5,1.574247227508545,1.2366454011387116,1.5726207702820807,1.6471219205835301
USDARS,10,2026-02-06,KernelARH,110,5,1.5139868248526334,1.2054196546427105,1.4675756434139136,1.6131806076799644
USDARS,1,2026-01-27,PM,110,8,0.7036918100003285,0.5403846153846156,1.0684645834898958,0.415429028676456
USDARS,1,2026-01-27,PA,110,8,1.5711059451186091,1.2558786295179991,1.7735035943542026,1.566644901252483
USDARS,1,2026-01-27,VAR1,110,8,1033.2093958578957,684.279268097425,1479.5822458500436,609.1097503744223
USDARS,1,2026-01-27,ARHinc,110,8,1.8041236099097717,1.445850125870871,2.2850258870606703,1.627092993053966
USDARS,1,2026-01-27,KernelARH,110,8,1.8266117967433486,1.4733569619821258,2.2559528794852164,1.659101565226598
USDARS,5,2026-02-02,PM,110,7,0.3754872475556566,0.25599999999999967,0.3974254120137007,0.27336021710223884
USDARS,5,2026-02-02,PA,110,7,1.4215011469214724,1.1459563594598732,1.245936881918548,1.543078072563227
USDARS,5,2026-02-02,VAR1,110,7,1867.0603734269441,1280.4393931710383,2907.552077674138,949.2918760680914
USDARS,5,2026-02-02,ARHinc,110,7,1.4552784778042176,1.1655469196844566,1.3056318866106718,1.5608979537706167
USDARS,5,2026-02-02,KernelARH,110,7,1.5218649673587878,1.2019032672047858,1.2959996061572383,1.6419100661980897
USDARS,10,2026-02-09,PM,110,5,0.6099108935548889,0.5073076923076922,0.5264815258345188,0.6032144011382775
USDARS,10,2026-02-09,PA,110,5,1.5335343223482203,1.2100953299669563,1.2343899826001756,1.69053170792019
USDARS,10,2026-02-09,VAR1,110,5,1759.4831932298864,1304.7018300054913,2624.8064155740526,975.7905952975334
USDARS,10,2026-02-09,ARHinc,110,5,1.5408724672319978,1.2088178949778203,1.2342285301813554,1.701581038154262
USDARS,10,2026-02-09,KernelARH,110,5,1.5784589943698322,1.2484147807079602,1.2715005948043656,1.7316714458241138
USDARS,1,2026-01-28,PM,110,8,0.22134716467055154,0.16773076923076918,0.31682404565126016,0.15399928666106663
USDARS,1,2026-01-28,PA,110,8,1.429783941114392,1.16107325473268,1.3395965947422588,1.5315959900012142
USDARS,1,2026-01-28,VAR1,110,8,1184.899944040313,762.0211546482741,1740.2522652729772,673.6989997751901
USDARS,1,2026-01-28,ARHinc,110,8,1.4888311741315803,1.2054074601518665,1.5448138797065327,1.5470631354112836
USDARS,1,2026-01-28,KernelARH,110,8,1.4549791293222711,1.1829397905821555,1.4430722965360407,1.5356731786305562
USDARS,5,2026-02-03,PM,110,7,0.8228779818885197,0.573153846153846,1.3004567029005978,0.4639572221509039
USDARS,5,2026-02-03,PA,110,7,1.5464216896486316,1.2321039582324227,1.4789548349184833,1.5796829927847271
USDARS,5,2026-02-03,VAR1,110,7,1846.5460205650595,1302.75896394826,2831.944116879273,972.3769853482751
USDARS,5,2026-02-03,ARHinc,110,7,1.4504082894311308,1.1674141863726522,1.2855483115959607,1.5480377041588316
USDARS,5,2026-02-03,KernelARH,110,7,1.4581724207872397,1.1745401938693616,1.236961755576219,1.6135777656134398
USDARS,10,2026-02-10,PM,110,5,1.147157314341043,0.928769230769231,1.6632648970614021,0.8556424053134815
USDARS,10,2026-02-10,PA,110,5,1.8077180652701674,1.5178857237557295,1.8420204110050966,1.7950445849654384
USDARS,10,2026-02-10,VAR1,110,5,1975.4964070378294,1491.6046702451856,2926.552968255867,1121.6234582632558
USDARS,10,2026-02-10,ARHinc,110,5,1.6752457568751846,1.3803236070838953,1.551535267564144,1.7500823420142335
USDARS,10,2026-02-10,KernelARH,110,5,1.4004790607971833,1.1215385876984516,1.069189474602919,1.5847455551393432
USDARS,1,2026-01-29,PM,110,8,0.1012180623893096,0.07753846153846161,0.1262012239515797,0.07597157291815279
USDARS,1,2026-01-29,PA,110,8,1.4206242839877103,1.1558184429177696,1.283139281145457,1.5347105676894244
USDARS,1,2026-01-29,VAR1,110,8,1133.647110575453,746.2418755674458,1649.415549501348,658.6021884909086
USDARS,1,2026-01-29,ARHinc,110,8,1.4211961518085998,1.1568714860945204,1.2722095628301664,1.535553564438501
USDARS,1,2026-01-29,KernelARH,110,8,1.4902721760752926,1.1796409126230762,1.2946346849024823,1.5945479737750532
USDARS,5,2026-02-04,PM,110,7,0.6952763009159629,0.5102692307692309,1.0311684067790547,0.42675847095139213
USDARS,5,2026-02-04,PA,110,7,1.5703671924811218,1.254586057996024,1.485232166150619,1.6147458293221733
USDARS,5,2026-02-04,VAR1,110,7,1903.7289444975015,1327.3366769312947,2933.7349638513947,989.2024536527764
USDARS,5,2026-02-04,ARHinc,110,7,1.5679480942595818,1.2535398060619567,1.4814948800317123,1.6132583739639885
USDARS,5,2026-02-04,KernelARH,110,7,1.6072117912810207,1.2824158899284304,1.5336767119197132,1.639841844900888
USDARS,10,2026-02-11,PM,110,5,1.2723067519878397,0.9277307692307691,2.023135791443445,0.7972085356646087
USDARS,10,2026-02-11,PA,110,5,1.834073553395041,1.5450414338309844,2.0224534720514993,1.7595836131432894
USDARS,10,2026-02-11,VAR1,110,5,1956.223787300674,1483.1459680903283,2895.573945278338,1112.1745505547026
USDARS,10,2026-02-11,ARHinc,110,5,1.854991680243115,1.5631815390996453,2.0603339915156624,1.7692202938282207
USDARS,10,2026-02-11,KernelARH,110,5,1.8639931852693845,1.5693537172858707,2.064711630325753,1.780431008912381
USDARS,1,2026-01-30,PM,110,8,0.28778213581163736,0.21361538461538454,0.43385195611822674,0.17567779982479792
USDARS,1,2026-01-30,PA,110,8,1.4862548544309124,1.1945127662182906,1.5121884445784994,1.5537517400629308
USDARS,1,2026-01-30,VAR1,110,8,1066.867105302607,717.0754031301701,1535.2022418803795,636.3356067306686
USDARS,1,2026-01-30,ARHinc,110,8,1.5070563733678342,1.208749464413693,1.5682252820383205,1.5600021455455613
USDARS,1,2026-01-30,KernelARH,110,8,1.4919997629961608,1.19915876378299,1.5289138137685871,1.5548820978601174
USDARS,5,2026-02-05,PM,110,7,0.7532303828281123,0.655153846153846,0.8676291953946982,0.6714279480791747
USDARS,5,2026-02-05,PA,110,7,1.6443943915098558,1.32961869796132,1.4873382115782832,1.732153361028865
USDARS,5,2026-02-05,VAR1,110,7,1792.3150806241078,1261.8395677853296,2749.8602499581566,941.7608959415417
USDARS,5,2026-02-05,ARHinc,110,7,1.6213211494041693,1.3080140320740812,1.4550622643231375,1.7181192073224885
USDARS,5,2026-02-05,KernelARH,110,7,1.5979368774020184,1.2907662544800707,1.436324231972428,1.6949868409239048
USDARS,10,2026-02-12,PM,110,5,1.0687261693249588,0.8083461538461536,1.6418368798781635,0.7351772954160257
USDARS,10,2026-02-12,PA,110,5,1.7166470464696808,1.4337869908930787,1.7326389082275258,1.7314546102984492
USDARS,10,2026-02-12,VAR1,110,5,1889.536094745695,1443.1940962367498,2788.279793479722,1083.8585454408496
USDARS,10,2026-02-12,ARHinc,110,5,1.6748309226975557,1.3925165937174357,1.6492513014468346,1.7133969343753388
USDARS,10,2026-02-12,KernelARH,110,5,1.6851215229453365,1.4032711540689191,1.6797003258859982,1.7125712806170932
USDARS,1,2026-02-02,PM,110,8,0.7569000543715745,0.48526923076923073,1.2735050934944385,0.36345079661888313
USDARS,1,2026-02-02,PA,110,8,1.550439619071934,1.2547173740455357,1.4983973167375475,1.5718841119132423
USDARS,1,2026-02-02,VAR1,110,8,1004.5265463096225,691.9644963113923,1425.4719646646404,618.1943217978584
USDARS,1,2026-02-02,ARHinc,110,8,1.5189247569512856,1.2323837052228146,1.437420401225501,1.5602105975984002
USDARS,1,2026-02-02,KernelARH,110,8,1.5551652423871072,1.2637202917147023,1.5113691743416553,1.5717682657709788
USDARS,5,2026-02-06,PM,110,7,0.9103961257437507,0.7418461538461538,1.2832964619130705,0.6460256509759799
USDARS,5,2026-02-06,PA,110,7,1.7076443296615376,1.3755871729728333,1.656901263744088,1.720672643377525
USDARS,5,2026-02-06,VAR1,110,7,1654.1974413777411,1185.43378699488,2510.0354715687718,890.4380511473387
USDARS,5,2026-02-06,ARHinc,110,7,1.6626953142105485,1.3377203380175253,1.5889152803920896,1.6950201405561112
USDARS,5,2026-02-06,KernelARH,110,7,1.5214980784442294,1.2537175592798508,1.3803849935430665,1.6183517330944146
USDARS,10,2026-02-13,PM,110,5,1.0742758518040099,0.7573076923076927,1.728942101556425,0.6677980963944827
USDARS,10,2026-02-13,PA,110,5,1.7149516328188998,1.4254380458972966,1.7995416387288157,1.682378140503854
USDARS,10,2026-02-13,VAR1,110,5,1879.2684948270505,1445.3582335462177,2763.2637827484946,1087.948322087158
USDARS,10,2026-02-13,ARHinc,110,5,1.6467550423791064,1.3616769986056385,1.6615736656896722,1.6559658524294667
USDARS,10,2026-02-13,KernelARH,110,5,1.455396580098286,1.1230130789152015,1.070878852114273,1.6586163101715614
USDARS,1,2026-02-03,PM,110,8,0.3652018014320719,0.2891153846153843,0.4720521638545103,0.2518220921164493
USDARS,1,2026-02-03,PA,110,8,1.412791256622786,1.1436508065184774,1.228606984613055,1.5303178037766285
USDARS,1,2026-02-03,VAR1,110,8,732.2942332893963,523.3159351616528,1015.4898071380217,466.9228842254616
USDARS,1,2026-02-03,ARHinc,110,8,1.4409555175721092,1.1635675697036596,1.2742129876799737,1.540642312689123
USDARS,1,2026-02-03,KernelARH,110,8,1.4035464629055623,1.1420807037957974,1.2242002515442862,1.540647226043805
USDARS,5,2026-02-09,PM,110,7,0.5313936231197243,0.4648076923076921,0.5052021810371068,0.5335667826616348
USDARS,5,2026-02-09,PA,110,7,1.495528733765513,1.1907883202077043,1.2184209873025984,1.6598616000040585
USDARS,5,2026-02-09,VAR1,110,7,1036.270742274022,802.1663295656923,1514.8601220442802,603.442862273423
USDARS,5,2026-02-09,ARHinc,110,7,1.530218247816099,1.2251724368242685,1.276065136007658,1.6740298930928186
USDARS,5,2026-02-09,KernelARH,110,7,1.5610132869973852,1.2616242275981757,1.2761692010190753,1.7152781309956686
USDARS,10,2026-02-16,PM,110,5,0.4179390827896775,0.3650384615384614,0.4359343391821465,0.40514000917623483
USDARS,10,2026-02-16,PA,110,5,1.4190782667911617,1.097255071421648,1.1033047392812037,1.5900564625608236
USDARS,10,2026-02-16,VAR1,110,5,1333.6123360961483,1027.5148545608533,1958.7785179058553,775.1326066590394
USDARS,10,2026-02-16,ARHinc,110,5,1.4338347391190178,1.1181995807150336,1.142134201200591,1.5935336733438656
USDARS,10,2026-02-16,KernelARH,110,5,1.521650999746213,1.1763600837865398,1.1560820107426772,1.7185824619095778
USDARS,1,2026-02-04,PM,110,8,0.27710861172527207,0.19865384615384607,0.3959450181309478,0.20326628325660276
USDARS,1,2026-02-04,PA,110,8,1.4416885050330042,1.162530694829763,1.3749414863202234,1.5550960001643457
USDARS,1,2026-02-04,VAR1,110,8,631.3851747389505,469.3422364118725,844.9215327091651,424.8209585966247
USDARS,1,2026-02-04,ARHinc,110,8,1.454155473524877,1.1635873639392766,1.42584053336644,1.5559049427445188
USDARS,1,2026-02-04,KernelARH,110,8,1.4712360226842585,1.169503215675136,1.4424896601107062,1.567806738646521
USDARS,5,2026-02-10,PM,110,7,0.5430112798091767,0.4598461538461539,0.5872294802536768,0.5316177569699015
USDARS,5,2026-02-10,PA,110,7,1.459282491531004,1.1208187304213244,1.1115760645204014,1.6497099955133239
USDARS,5,2026-02-10,VAR1,110,7,845.3499414993837,676.1674212900275,1204.5347359631444,515.24057625585294
USDARS,5,2026-02-10,ARHinc,110,7,1.4496278497461141,1.1126844376756058,1.0986501326138287,1.641712350553033
USDARS,5,2026-02-10,KernelARH,110,7,1.40503116786246,1.1000779312688034,1.0628050947071062,1.5899270594448853
USDARS,10,2026-02-17,PM,110,5,0.6303748884592406,0.5344230769230768,0.7310898600016493,0.5306644930039407
USDARS,10,2026-02-17,PA,110,5,1.445245075779433,1.1312953437809987,1.2361378302594697,1.593576864169897
USDARS,10,2026-02-17,VAR1,110,5,1171.740629065316,899.0202016065676,1723.4604411970824,678.1941786532212
USDARS,10,2026-02-17,ARHinc,110,5,1.4435038555419828,1.1307854075771924,1.2384796711666897,1.5893005950023087
USDARS,10,2026-02-17,KernelARH,110,5,1.4115531470050948,1.1261509240357834,1.2747344680588266,1.5426955659142525
USDARS,1,2026-02-05,PM,110,8,0.38495010915501965,0.3155384615384617,0.4099118115753923,0.36415769933751085
USDARS,1,2026-02-05,PA,110,8,1.523780161390732,1.210895145939919,1.4706027431073414,1.6300442675608668
USDARS,1,2026-02-05,VAR1,110,8,702.0803496593834,517.1999036123776,940.0854274480546,470.66244761991356
USDARS,1,2026-02-05,ARHinc,110,8,1.52670367744899,1.2175516081151618,1.4575507290744145,1.6368758786670214
USDARS,1,2026-02-05,KernelARH,110,8,1.5900364477922628,1.2508061407727733,1.5435526287670833,1.695488208604552
USDARS,5,2026-02-11,PM,110,7,0.6809224865521095,0.42507692307692313,1.154657970960176,0.41304250389095193
USDARS,5,2026-02-11,PA,110,7,1.4281338469223712,1.1270124561239612,1.1468276762096186,1.6002187707339115
USDARS,5,2026-02-11,VAR1,110,7,958.7303475549719,762.134675588899,1370.731883697522,579.4465371763328
USDARS,5,2026-02-11,ARHinc,110,7,1.4265861297701683,1.1232086446740814,1.1392226601474595,1.6008648106852275
USDARS,5,2026-02-11,KernelARH,110,7,1.4634186581203537,1.1536035178287884,1.172605215785348,1.6374460064864087
USDARS,10,2026-02-18,PM,110,5,0.4447086340861502,0.37588461538461554,0.5113225733699103,0.3868570672330474
USDARS,10,2026-02-18,PA,110,5,1.398059572534408,1.0937577465569428,1.158562387314218,1.5578178870274757
USDARS,10,2026-02-18,VAR1,110,5,1307.1014883231594,997.8635584402807,1926.475668112405,752.3404077274929
USDARS,10,2026-02-18,ARHinc,110,5,1.40180186357498,1.095723863232065,1.173659762792184,1.5598583574077933
USDARS,10,2026-02-18,KernelARH,110,5,1.4327291632655714,1.1256631503731174,1.2714984539138543,1.587959316794134
USDARS,1,2026-02-06,PM,110,8,0.16056660491953056,0.12103846153846168,0.21409703131215543,0.10852833860198677
USDARS,1,2026-02-06,PA,110,8,1.4711722501785862,1.2199603140629802,1.3448006729924182,1.5895312248669586
USDARS,1,2026-02-06,VAR1,110,8,699.6539016563654,507.71087329270216,942.3373503492835,463.59635920309967
USDARS,1,2026-02-06,ARHinc,110,8,1.4684501343937715,1.2145357348031147,1.359548755766141,1.587325754989097
USDARS,1,2026-02-06,KernelARH,110,8,1.4672950681683976,1.2161369366496788,1.3591702624613826,1.5876370155284185
USDARS,5,2026-02-12,PM,110,7,0.5909961440717633,0.2772692307692312,1.0625570870558654,0.27041716919266784
USDARS,5,2026-02-12,PA,110,7,1.408117527826681,1.1287312904292643,1.1325061103196075,1.5719503316499763
USDARS,5,2026-02-12,VAR1,110,7,833.200172879175,704.0294091830355,1056.2162420656607,591.4870811244708
USDARS,5,2026-02-12,ARHinc,110,7,1.3989500932938912,1.1169712169180714,1.1064953362744039,1.5698896199260548
USDARS,5,2026-02-12,KernelARH,110,7,1.53695836990779,1.1893186726785328,1.1391602925040005,1.7340128756092401
USDARS,10,2026-02-19,PM,110,5,0.36314107769253035,0.28015384615384636,0.46800452467240494,0.2649622799015594
USDARS,10,2026-02-19,PA,110,5,1.4383655828958846,1.14750643412811,1.1944498889778643,1.592555906716519
USDARS,10,2026-02-19,VAR1,110,5,1343.3994494526262,1029.8048630296835,1972.9489760300287,778.2403199183325
USDARS,10,2026-02-19,ARHinc,110,5,1.4363298232534325,1.1447169595252316,1.2090338155268627,1.5897817216285328
USDARS,10,2026-02-19,KernelARH,110,5,1.5736816824053363,1.2424280267176802,1.5188466148693438,1.683704624542227
USDARS,1,2026-02-09,PM,110,8,0.27596003751937037,0.16788461538461538,0.4740620173223534,0.14923316333452313
USDARS,1,2026-02-09,PA,110,8,1.4186242136363836,1.1503933978367105,1.1547013972482942,1.5824073898569924
USDARS,1,2026-02-09,VAR1,110,8,647.8157571052863,461.2819721597478,884.3873292950781,421.7883443981894
USDARS,1,2026-02-09,ARHinc,110,8,1.4174747933521794,1.1511608098798483,1.1527567217542845,1.5813361762332871
USDARS,1,2026-02-09,KernelARH,110,8,1.4154887552185704,1.1431453295825358,1.1435934279269073,1.5844376267430547
USDARS,5,2026-02-13,PM,110,7,0.40594488542165424,0.2300769230769232,0.7185004578331033,0.1820875488493688
USDARS,5,2026-02-13,PA,110,7,1.336161183549409,1.0446759463689876,0.9885048235537679,1.5286496969230905
USDARS,5,2026-02-13,VAR1,110,7,849.9416277422291,708.105794192144,1128.2126943827097,569.5689564989814
USDARS,5,2026-02-13,ARHinc,110,7,1.3405480095359463,1.049582412467534,0.9969927496942208,1.530514489962293
USDARS,5,2026-02-13,KernelARH,110,7,1.3363698971330926,1.0494974725022126,0.9877716746274111,1.5321640894008566
USDARS,10,2026-02-20,PM,110,5,0.43702908722065986,0.34403846153846157,0.5606828315087403,0.31887129792336666
USDARS,10,2026-02-20,PA,110,5,1.442246650170782,1.133077847083622,1.1674059030182709,1.6083225601778013
USDARS,10,2026-02-20,VAR1,110,5,1295.628178525798,992.3192351273915,1902.5340383153411,749.3442288496201
USDARS,10,2026-02-20,ARHinc,110,5,1.4410247241027347,1.1338098054547012,1.164935963981082,1.6068909975164356
USDARS,10,2026-02-20,KernelARH,110,5,1.478026261872773,1.1733963056711396,1.377123567164741,1.605846828232035
USDARS,1,2026-02-10,PM,110,8,0.24805784064949915,0.14303846153846145,0.43328034243708313,0.11958524946126044
USDARS,1,2026-02-10,PA,110,8,1.3829942593125428,1.1020360662060522,1.0627088717316535,1.5675366075875192
USDARS,1,2026-02-10,VAR1,110,8,518.7805679241752,372.7407746899344,698.9121494277857,343.15291023118806
USDARS,1,2026-02-10,ARHinc,110,8,1.3796631605449674,1.1002717898157617,1.056710900875149,1.5662001718112228
USDARS,1,2026-02-10,KernelARH,110,8,1.384301367497268,1.1012277084052275,1.0632444186374235,1.5686569798159913
USDARS,5,2026-02-16,PM,110,7,0.3278043946530402,0.25199999999999995,0.41223076538372794,0.21928572333591737
USDARS,5,2026-02-16,PA,110,7,1.3635288452291137,1.0802756056569678,1.0951876077116205,1.539383803086381
USDARS,5,2026-02-16,VAR1,110,7,625.13065461746,528.6520818393271,718.3901090104487,483.33018464034456
USDARS,5,2026-02-16,ARHinc,110,7,1.3773825387340073,1.0944268795978491,1.131576695129918,1.5445051113895252
USDARS,5,2026-02-16,KernelARH,110,7,1.3524570518748777,1.0644250334396401,1.0538843720688407,1.5360328692655647
USDARS,10,2026-02-23,PM,110,5,0.4346913692937342,0.32588461538461533,0.6347141142115803,0.2510693502445385
USDARS,10,2026-02-23,PA,110,5,1.4174969505691328,1.1234602544958545,1.146797451806305,1.58716897051082
USDARS,10,2026-02-23,VAR1,110,5,1064.2034187992742,814.761462906055,1561.7846087990363,616.9497894992725
USDARS,10,2026-02-23,ARHinc,110,5,1.4220632268418691,1.1250406166209765,1.1644644552933958,1.5879293854460372
USDARS,10,2026-02-23,KernelARH,110,5,1.4988854710335402,1.1875481581556173,1.3125103085633334,1.6550907623651128
USDARS,1,2026-02-11,PM,110,8,0.21084536805623508,0.10207692307692288,0.37794510062433767,0.09479711507516886
USDARS,1,2026-02-11,PA,110,8,1.3380271033759648,1.034632353212765,0.9573085621053004,1.5502245947020208
USDARS,1,2026-02-11,VAR1,110,8,403.06454006102655,292.8479496064436,537.3318869019918,270.1791865057899
USDARS,1,2026-02-11,ARHinc,110,8,1.3411474561714465,1.0380337410720324,0.9662175614444493,1.5508778536449546
USDARS,1,2026-02-11,KernelARH,110,8,1.3503892677963276,1.0549636836079004,0.9925445463206265,1.5525345627648885
USDARS,5,2026-02-17,PM,110,7,0.541277068962482,0.3704230769230773,0.8721542071989757,0.27374340820387494
USDARS,5,2026-02-17,PA,110,7,1.4242770139948724,1.1482445706244702,1.4190501418908843,1.5227052515439234
USDARS,5,2026-02-17,VAR1,110,7,479.13409431233777,400.2841561362681,511.3435581105636,390.4162336093619
USDARS,5,2026-02-17,ARHinc,110,7,1.431798916212259,1.1555803413773522,1.443432043598931,1.5236268281526628
USDARS,5,2026-02-17,KernelARH,110,7,1.3687185250171328,1.0929769941755518,1.23237526546306,1.5140828426127861
USDARS,10,2026-02-24,PM,110,5,0.47742699804424393,0.35257692307692284,0.7418095275766515,0.27902893917053584
USDARS,10,2026-02-24,PA,110,5,1.3952745708820948,1.0931322719779581,1.1170466317950796,1.5746717936494767
USDARS,10,2026-02-24,VAR1,110,5,849.2843187747476,648.4783603158754,1247.8350205750307,491.5500213917332
USDARS,10,2026-02-24,ARHinc,110,5,1.3941700422919898,1.092500392982232,1.1109728802228214,1.5748114734525323
USDARS,10,2026-02-24,KernelARH,110,5,1.4214262062190155,1.1320224239411705,1.158288291735282,1.6051229706611427
USDARS,1,2026-02-12,PM,110,8,0.2623195350360672,0.18996153846153851,0.3993454904993085,0.1454306120815926
USDARS,1,2026-02-12,PA,110,8,1.361768742833228,1.0752467747698717,1.0608655547900963,1.553059056496873
USDARS,1,2026-02-12,VAR1,110,8,321.24808757305783,236.19226813403677,423.182314688861,218.38350362080203
USDARS,1,2026-02-12,ARHinc,110,8,1.364655809311267,1.0798893515243115,1.070311758491574,1.5538247668576015
USDARS,1,2026-02-12,KernelARH,110,8,1.3537416994226814,1.0604041321795992,1.031658349163595,1.5515960709586272
USDARS,5,2026-02-18,PM,110,7,0.7285182868197404,0.42838461538461553,1.2650514790227605,0.3244117335481524
USDARS,5,2026-02-18,PA,110,7,1.4848369834156598,1.1965398443521666,1.6275744279009794,1.5289369473914138
USDARS,5,2026-02-18,VAR1,110,7,382.0651190912906,315.1869071812558,393.36404612013075,317.96918012664855
USDARS,5,2026-02-18,ARHinc,110,7,1.483409603254556,1.1951440533633173,1.6239589081480654,1.5285751084446886
USDARS,5,2026-02-18,KernelARH,110,7,1.388633843691004,1.104064802512201,1.3088104841291104,1.5210931582571816
USDARS,10,2026-02-25,PM,110,5,0.5677192900612876,0.3925769230769227,0.9351937604764213,0.3092965126976572
USDARS,10,2026-02-25,PA,110,5,1.3817536005570534,1.0779652178023102,1.1182487130488912,1.5636093403650795
USDARS,10,2026-02-25,VAR1,110,5,691.0521244608068,524.2247743987256,1019.3095282735117,396.9250837421807
USDARS,10,2026-02-25,ARHinc,110,5,1.3809575243017922,1.07678249151363,1.1140137073768042,1.563545779158948
USDARS,10,2026-02-25,KernelARH,110,5,1.378677884491945,1.0922067335509662,1.0827036598446897,1.5751997649332359
USDARS,1,2026-02-13,PM,110,8,0.19614236391732656,0.14430769230769225,0.30809908690852306,0.1148695157343748
USDARS,1,2026-02-13,PA,110,8,1.3323879497525801,1.0494239723134102,1.0468604952047782,1.5210610543060905
USDARS,1,2026-02-13,VAR1,110,8,306.80621434528615,225.81956783571232,403.49683525610146,208.89327829421973
USDARS,1,2026-02-13,ARHinc,110,8,1.3516290633404358,1.0737255974760322,1.119381553776845,1.5251264342035922
USDARS,1,2026-02-13,KernelARH,110,8,1.331130058411862,1.0458042207798448,1.0311756884618353,1.5222271232498137
USDARS,5,2026-02-19,PM,110,7,0.7399451642884401,0.49326923076923107,1.2383678360290178,0.39269411459998066
USDARS,5,2026-02-19,PA,110,7,1.5518811454582098,1.224294190685301,1.692755225761175,1.5978747945434415
USDARS,5,2026-02-19,VAR1,110,7,362.3393530966262,293.6174542912121,355.92494854116336,309.6329177727698
USDARS,5,2026-02-19,ARHinc,110,7,1.5914260768203787,1.2592261171146353,1.7950344325172078,1.6079496546095842
USDARS,5,2026-02-19,KernelARH,110,7,1.5167834103532598,1.2039884354255816,1.5533014522733484,1.5985863138029064
USDARS,10,2026-02-26,PM,110,5,0.49791020004383557,0.37665384615384606,0.7726236696109102,0.33455354272771326
USDARS,10,2026-02-26,PA,110,5,1.4132064247139835,1.1040480468161735,1.1516716510845837,1.5875298923133505
USDARS,10,2026-02-26,VAR1,110,5,643.315468265612,486.4375573088785,950.2778132525577,368.4215792130433
USDARS,10,2026-02-26,ARHinc,110,5,1.4166874230495294,1.1060298365322832,1.1729001921160767,1.5874537287797177
USDARS,10,2026-02-26,KernelARH,110,5,1.4307251968614594,1.1434780071347475,1.1908535254279047,1.6061673813960562
USDARS,1,2026-02-16,PM,110,8,0.15213591468966675,0.10499999999999993,0.2384053405530988,0.08076226162163486
USDARS,1,2026-02-16,PA,110,8,1.3396934963408813,1.0528454737237443,1.0544266227440426,1.5268659710542827
USDARS,1,2026-02-16,VAR1,110,8,403.3202954486854,287.8897594382943,548.4857307959686,263.26041445624264
USDARS,1,2026-02-16,ARHinc,110,8,1.3369680251389398,1.0522026748814366,1.0407229627343424,1.5266280361071347
USDARS,1,2026-02-16,KernelARH,110,8,1.3505787191159528,1.0618919850530912,1.0839921498291725,1.5306507130746803
USDARS,5,2026-02-20,PM,110,7,0.4936348697320567,0.3645000000000001,0.7845935211032615,0.3179109325696551
USDARS,5,2026-02-20,PA,110,7,1.4604964682839776,1.1489025148539975,1.3892424114849609,1.5915294219280292
USDARS,5,2026-02-20,VAR1,110,7,456.7122643013729,383.1687297213628,489.80989959598077,370.1690405252822
USDARS,5,2026-02-20,ARHinc,110,7,1.4505023749041694,1.1422071053864784,1.3595837405012068,1.5879828047026008
USDARS,5,2026-02-20,KernelARH,110,7,1.4846681850775398,1.1760871688513557,1.468538168113577,1.5917805873775666
USDARS,10,2026-02-27,PM,110,5,0.49947361715186633,0.3678846153846152,0.779171867696861,0.3435604647530554
USDARS,10,2026-02-27,PA,110,5,1.4398408951360486,1.1361321146334007,1.2332487923201416,1.599300958802388
USDARS,10,2026-02-27,VAR1,110,5,794.3468939157849,599.9395661535816,1173.3119609715536,454.5703887884056
USDARS,10,2026-02-27,ARHinc,110,5,1.4402590380575462,1.136667289160316,1.2330667127239285,1.5997632751216009
USDARS,10,2026-02-27,KernelARH,110,5,1.45252308274862,1.1607877626320358,1.3659074703926182,1.5856485668907583
USDARS,1,2026-02-17,PM,110,8,0.18810658292165508,0.10915384615384625,0.3216798970904484,0.10133366656313818
USDARS,1,2026-02-17,PA,110,8,1.3369982622494616,1.063836418585438,1.1282839119537726,1.5054802974133479
USDARS,1,2026-02-17,VAR1,110,8,403.2263754604131,284.7450696033583,555.02594163779,258.4093952962945
USDARS,1,2026-02-17,ARHinc,110,8,1.3404264112933706,1.0652684255151907,1.1489021186213997,1.5053270169237558
USDARS,1,2026-02-17,KernelARH,110,8,1.3439610781955043,1.0658778749469995,1.1596037679108662,1.5069922924258712
USDARS,5,2026-02-23,PM,110,7,0.3258379729488023,0.2655769230769228,0.4580807139682231,0.2647549789258921
USDARS,5,2026-02-23,PA,110,7,1.413039567101371,1.106703557338874,1.225337910220263,1.5801403005377406
USDARS,5,2026-02-23,VAR1,110,7,475.2676272636483,404.7923099881894,523.7582599923185,380.1362763586065
USDARS,5,2026-02-23,ARHinc,110,7,1.4182252007852227,1.1099827339850734,1.2489060652609834,1.5806611495331597
USDARS,5,2026-02-23,KernelARH,110,7,1.4390849737195337,1.145322405011342,1.337538524732897,1.5767616199421537
USDARS,10,2026-03-02,PM,110,5,0.9023645221135582,0.6501153846153848,1.4346566182726632,0.5286272516970748
USDARS,10,2026-03-02,PA,110,5,1.6020915718567355,1.249732943106741,1.6714029646326238,1.653675083351069
USDARS,10,2026-03-02,VAR1,110,5,823.1075197797674,622.7112433478469,1213.0586972205128,473.23018040018286
USDARS,10,2026-03-02,ARHinc,110,5,1.611385151305481,1.2577974461251666,1.6986203743052348,1.6552274210162823
USDARS,10,2026-03-02,KernelARH,110,5,1.738691473998716,1.4032014211468535,2.0429086762052284,1.6721026899046574
USDARS,1,2026-02-18,PM,110,8,0.08730224906786575,0.0657307692307692,0.11647950232426947,0.062483304234875026
USDARS,1,2026-02-18,PA,110,8,1.3362501549760637,1.07011643504437,1.1128880889781465,1.505922101940354
USDARS,1,2026-02-18,VAR1,110,8,484.00577380472976,342.0628652103709,670.3537708585222,308.0609022308461
USDARS,1,2026-02-18,ARHinc,110,8,1.3369524821281258,1.07023753473403,1.114549937850625,1.5062446302047607
USDARS,1,2026-02-18,KernelARH,110,8,1.3560647575426608,1.071393282282414,1.1916709703159691,1.5128334753499575
USDARS,5,2026-02-24,PM,110,7,0.2374781366454929,0.20784615384615385,0.2175525431111836,0.2443286091977413
USDARS,5,2026-02-24,PA,110,7,1.3802111895455331,1.0795081433772244,1.0781332149681073,1.571354300330542
USDARS,5,2026-02-24,VAR1,110,7,611.105539563044,522.027737905943,740.5682575615582,453.07259567268204
USDARS,5,2026-02-24,ARHinc,110,7,1.3860391838498782,1.0871587443210873,1.0805059778403294,1.5749125778529707
USDARS,5,2026-02-24,KernelARH,110,7,1.3860847469428554,1.0880472842467177,1.1635181292287555,1.5636705644389366
USDARS,10,2026-03-03,PM,110,5,1.833202273870256,1.3426538461538455,2.8000058299497312,1.0550301143152239
USDARS,10,2026-03-03,PA,110,5,2.309647373218326,1.8413046705807687,3.01134854141675,1.9420421316658043
USDARS,10,2026-03-03,VAR1,110,5,979.9614080632144,744.419304466641,1438.2251988169362,566.5578159804882
USDARS,10,2026-03-03,ARHinc,110,5,2.281593455840104,1.8137792468874003,2.9597403192294958,1.9337501949508478
USDARS,10,2026-03-03,KernelARH,110,5,2.582755210043874,2.07615966157318,3.5773573017026785,2.002763773918628
USDARS,1,2026-02-19,PM,110,8,0.29095210086885454,0.22788461538461538,0.377017347175569,0.22765434910153803
USDARS,1,2026-02-19,PA,110,8,1.4200375854658691,1.1230139653212556,1.2598014234744348,1.5733478191078965
USDARS,1,2026-02-19,VAR1,110,8,471.67785781175246,348.015238473122,647.37834912731,304.7943734124609
USDARS,1,2026-02-19,ARHinc,110,8,1.421634100192407,1.1232348993307475,1.2679242586817487,1.5731876349425598
USDARS,1,2026-02-19,KernelARH,110,8,1.4571747227848497,1.1425157704828954,1.3651456397762936,1.5837607942355163
USDARS,5,2026-02-25,PM,110,7,0.2760524441534196,0.22565384615384607,0.37567420568933557,0.22284573758283616
USDARS,5,2026-02-25,PA,110,7,1.3632169998722123,1.066618413096125,1.0348986513704697,1.559486938222666
USDARS,5,2026-02-25,VAR1,110,7,663.4783563161677,562.7660097046843,833.549328012428,474.43795255109524
USDARS,5,2026-02-25,ARHinc,110,7,1.3686695951063497,1.0732479209619334,1.0420384115499928,1.5624122517996806
USDARS,5,2026-02-25,KernelARH,110,7,1.3557415324859374,1.0608288475236567,1.0780830814222537,1.5497939907182219
USDARS,10,2026-03-04,PM,110,5,1.0993823659393764,0.8528846153846156,1.5889607869393092,0.7004288585703904
USDARS,10,2026-03-04,PA,110,5,1.8039558480212852,1.4200507437636076,1.9917094153927364,1.7622269168070939
USDARS,10,2026-03-04,VAR1,110,5,1005.2256234962177,765.9615751367073,1467.7405485817608,584.187976032949
USDARS,10,2026-03-04,ARHinc,110,5,1.7913805960059148,1.4071325062374682,1.961868653407553,1.759635309886137
USDARS,10,2026-03-04,KernelARH,110,5,1.9853156444674398,1.5962292603311197,2.4822756941157227,1.7789585655888838
USDARS,1,2026-02-20,PM,110,8,0.10984998511956788,0.0758461538461539,0.17632437243339769,0.06250030510684432
USDARS,1,2026-02-20,PA,110,8,1.3940661071711367,1.1186317788010947,1.12329483770195,1.570703591383714
USDARS,1,2026-02-20,VAR1,110,8,454.47208440003567,338.2037536541588,635.91412328123,283.6126298048964
USDARS,1,2026-02-20,ARHinc,110,8,1.391421696266805,1.117432344084251,1.1408308874687783,1.5682601899255606
USDARS,1,2026-02-20,KernelARH,110,8,1.3946865889557578,1.1133435803215084,1.138038590848246,1.5725046773928915
USDARS,5,2026-02-26,PM,110,7,0.30810907471718046,0.2189615384615386,0.49164948987365564,0.17657523391844077
USDARS,5,2026-02-26,PA,110,7,1.3939113146683155,1.1087285536948437,1.0942805349776517,1.570893248895579
USDARS,5,2026-02-26,VAR1,110,7,703.2109983707785,592.0919213205227,891.7622783122667,496.782454113095
USDARS,5,2026-02-26,ARHinc,110,7,1.3857515634251625,1.1038276995095526,1.0832169704297867,1.5668578634612327
USDARS,5,2026-02-26,KernelARH,110,7,1.3968836590183298,1.1010376545180527,1.1852760213550129,1.568761191308927
USDARS,10,2026-03-05,PM,110,5,1.4377557799196314,1.0198461538461538,2.2320577207418397,0.7890736458572308
USDARS,10,2026-03-05,PA,110,5,2.0486429062052585,1.624099285535441,2.5786422857119513,1.8158873369868587
USDARS,10,2026-03-05,VAR1,110,5,1031.513521576867,791.3303322159336,1489.8753673589135,609.3739811554076
USDARS,10,2026-03-05,ARHinc,110,5,2.098838957053245,1.6639809202359646,2.681487848722391,1.8305304311735369
USDARS,10,2026-03-05,KernelARH,110,5,2.4625941000165983,1.9651676484040221,3.429347795775419,1.9391389095593505
USDARS,1,2026-02-23,PM,110,8,0.097040584293377,0.06584615384615398,0.14481503826621256,0.05804479454927661
USDARS,1,2026-02-23,PA,110,8,1.3843735895102192,1.1126097691782153,1.107260849195202,1.5650611864589452
USDARS,1,2026-02-23,VAR1,110,8,385.794251464467,290.0501768568826,547.7947736026447,234.3516690631124
USDARS,1,2026-02-23,ARHinc,110,8,1.3841473081276827,1.1125258808216913,1.1120338593042634,1.5649097945256187
USDARS,1,2026-02-23,KernelARH,110,8,1.3860336034820775,1.1108482414818668,1.1252402525701974,1.565612119182916
USDARS,5,2026-02-27,PM,110,7,0.1369287082895553,0.09888461538461536,0.13338177659616043,0.12054978993807265
USDARS,5,2026-02-27,PA,110,7,1.402339402770003,1.1222751125694528,1.1743478568845034,1.572470167614716
USDARS,5,2026-02-27,VAR1,110,7,658.2688761513771,551.1390243381376,846.2103427111307,457.4693923868168
USDARS,5,2026-02-27,ARHinc,110,7,1.4016447913414025,1.1225681872437852,1.1763058342868533,1.57167450273809
USDARS,5,2026-02-27,KernelARH,110,7,1.4390416788263305,1.1415202419432255,1.3608817119755678,1.5736454611131006
USDARS,10,2026-03-06,PM,110,5,2.563735433893287,1.8381153846153844,3.931770287136612,1.424822287622552
USDARS,10,2026-03-06,PA,110,5,2.953241111269298,2.3295096859611046,4.119621930479673,2.213162791565712
USDARS,10,2026-03-06,VAR1,110,5,930.4617739214051,717.079678142789,1328.8262418078148,557.7095986315537
USDARS,10,2026-03-06,ARHinc,110,5,2.9665136374487924,2.341030810421613,4.141206449112836,2.2184171929215326
USDARS,10,2026-03-06,KernelARH,110,5,3.3957036272455454,2.661323627190284,4.9181264775589835,2.382750874243878
USDARS,1,2026-02-24,PM,110,8,0.1890585226854374,0.14800000000000027,0.279266488745453,0.11558603053986377
USDARS,1,2026-02-24,PA,110,8,1.3756240538988624,1.0960629048792325,1.0764219557583459,1.5584436767405678
USDARS,1,2026-02-24,VAR1,110,8,315.89937098585125,239.72489315179,450.5449371998125,190.39636894764857
USDARS,1,2026-02-24,ARHinc,110,8,1.3694721905633593,1.0911955997250733,1.0693209770452743,1.5557873798056547
USDARS,1,2026-02-24,KernelARH,110,8,1.3675799849477077,1.0889424171379873,1.0668995035073827,1.555578950032599
USDARS,5,2026-03-02,PM,110,7,0.6316164397188193,0.43123076923076953,1.0070569597390375,0.32880727143274757
USDARS,5,2026-03-02,PA,110,7,1.5660542685589836,1.238717512614028,1.695705458535246,1.6095747771491324
USDARS,5,2026-03-02,VAR1,110,7,585.4466752665834,487.91836699516057,751.9253941352424,406.5000670939061
USDARS,5,2026-03-02,ARHinc,110,7,1.5893574330662665,1.2609599451140594,1.7550360889198835,1.6147967394468332
USDARS,5,2026-03-02,KernelARH,110,7,1.7163220158940102,1.371690050754859,2.0376993413577744,1.6536025177897091
USDARS,10,2026-03-09,PM,110,5,2.149087977402364,1.5632307692307692,3.250906347234512,1.2567950613069183
USDARS,10,2026-03-09,PA,110,5,2.576060297753674,2.0394512298034324,3.4079262863783417,2.1010088274695766
USDARS,10,2026-03-09,VAR1,110,5,822.2377935815273,637.3076490123374,1159.5229029539582,502.2908216743823
USDARS,10,2026-03-09,ARHinc,110,5,2.60258999258619,2.065468922938188,3.456036245052578,2.1096444570520316
USDARS,10,2026-03-09,KernelARH,110,5,2.965258632863974,2.3551068356530673,4.1378067682822754,2.233304019783087
USDARS,1,2026-02-25,PM,110,8,0.10124038415877035,0.07219230769230772,0.1459510235320978,0.0646191682174903
USDARS,1,2026-02-25,PA,110,8,1.3456250814680562,1.062484169890635,1.0279493854316077,1.543292753470686
USDARS,1,2026-02-25,VAR1,110,8,264.2338663318341,200.11957902974567,379.6225634569892,157.16482079084656
USDARS,1,2026-02-25,ARHinc,110,8,1.3491371736262072,1.0659734342420475,1.0307211575106927,1.5445953142254432
USDARS,1,2026-02-25,KernelARH,110,8,1.3445265970057583,1.0606204207510193,1.0270180464639593,1.5431766975323786
USDARS,5,2026-03-03,PM,110,7,1.8815639975624208,1.3376538461538463,2.9229951193588923,1.0184579622108307
USDARS,5,2026-03-03,PA,110,7,2.430983403487955,1.9545635990012413,3.3672845404106306,1.9239997354733775
USDARS,5,2026-03-03,VAR1,110,7,503.8090925656103,418.3713860500255,649.8977642503467,347.857901258821
USDARS,5,2026-03-03,ARHinc,110,7,2.4313324028886303,1.9553265128326534,3.368834123778876,1.9233485446547625
USDARS,5,2026-03-03,KernelARH,110,7,2.5397121956453326,2.0375682035258276,3.55009026238379,1.9713440917195393
USDARS,10,2026-03-10,PM,110,5,1.150220965393506,0.860692307692308,1.6559854457317977,0.7243438070497152
USDARS,10,2026-03-10,PA,110,5,1.8140900026533677,1.438094381629329,1.9315277717719403,1.7893447768447532
USDARS,10,2026-03-10,VAR1,110,5,686.9577822256083,534.3610214213016,955.8335793822281,426.6445574620169
USDARS,10,2026-03-10,ARHinc,110,5,1.8110782765140019,1.4358882636583172,1.9265743642823225,1.7874372078195695
USDARS,10,2026-03-10,KernelARH,110,5,1.9986768105742425,1.6013187065597856,2.374425014700626,1.8354709356509784
USDARS,1,2026-02-26,PM,110,8,0.14354994440424396,0.10161538461538458,0.2108320599586137,0.08912420139010022
USDARS,1,2026-02-26,PA,110,8,1.3750698691352465,1.0955533591436641,1.1189524899239072,1.5580600978019563
USDARS,1,2026-02-26,VAR1,110,8,235.56480986518616,177.03937451923383,341.5084106858285,137.79386321890095
USDARS,1,2026-02-26,ARHinc,110,8,1.3741277743934575,1.0954014077913246,1.1149256982660634,1.5577858086284375
USDARS,1,2026-02-26,KernelARH,110,8,1.3785925505273113,1.0962846864591207,1.1308611768817483,1.5593877663126388
USDARS,5,2026-03-04,PM,110,7,1.2185573121839297,0.8640384615384623,1.8875392137090292,0.6721849264950965
USDARS,5,2026-03-04,PA,110,7,1.9159449278665661,1.5421210677075694,2.3949546224311953,1.742657616432386
USDARS,5,2026-03-04,VAR1,110,7,424.8788097473993,351.6949364500345,546.4839195604947,293.9201076594185
USDARS,5,2026-03-04,ARHinc,110,7,1.9097776440812666,1.538085497936743,2.3839927117502384,1.739919223320858
USDARS,5,2026-03-04,KernelARH,110,7,1.9515956211172107,1.5607039513675425,2.460674344052696,1.7571231517394392
USDARS,10,2026-03-11,PM,110,5,1.666796140804268,1.2333846153846157,2.468295177349059,1.0017864050351695
USDARS,10,2026-03-11,PA,110,5,2.175407212422957,1.7476669169838412,2.6449352163671276,1.9325102147224504
USDARS,10,2026-03-11,VAR1,110,5,552.3833527260376,429.9127648300651,757.0329892458218,348.5020496425047
USDARS,10,2026-03-11,ARHinc,110,5,2.178594075322793,1.751623405564466,2.651314911373614,1.9331136312519743
USDARS,10,2026-03-11,KernelARH,110,5,2.3482509118951937,1.8835435204081525,3.0171272784553698,1.9809166265023177
USDARS,1,2026-02-27,PM,110,8,0.17286583281217296,0.093153846153846,0.30871839805360274,0.07635392970577856
USDARS,1,2026-02-27,PA,110,8,1.4046722136757546,1.1254084333571392,1.2386951895182174,1.564948542400944
USDARS,1,2026-02-27,VAR1,110,8,251.6862526911306,186.36973524296408,369.58593191322956,143.54529995824362
USDARS,1,2026-02-27,ARHinc,110,8,1.4041529140688611,1.1244782358867944,1.2362637444182538,1.5648415303626964
USDARS,1,2026-02-27,KernelARH,110,8,1.4074973316021269,1.123686376140388,1.246550178108896,1.5665667087078845
USDARS,5,2026-03-05,PM,110,7,1.707449712064976,1.1917307692307697,2.702196151027596,0.9048138345199807
USDARS,5,2026-03-05,PA,110,7,2.307430777179718,1.8243766225956584,3.2030089503744126,1.8595988007024458
USDARS,5,2026-03-05,VAR1,110,7,457.66913948991066,376.8813692975539,603.5580325290256,308.3088855022938
USDARS,5,2026-03-05,ARHinc,110,7,2.3217559594989816,1.8347146375354713,3.231942870716947,1.8638680125386726
USDARS,5,2026-03-05,KernelARH,110,7,2.403145416852009,1.8999966333868044,3.3594748279794158,1.9025862661676276
USDARS,10,2026-03-12,PM,110,5,2.777095769587635,2.0071153846153846,4.286823231036351,1.555486543130206
USDARS,10,2026-03-12,PA,110,5,3.1125618674031856,2.4356188061971213,4.425990248163579,2.277397388079881
USDARS,10,2026-03-12,VAR1,110,5,553.6915156211229,430.97672441881696,743.0414046734734,358.0332065558513
USDARS,10,2026-03-12,ARHinc,110,5,3.114247274894544,2.435660709442852,4.428583389479726,2.2789498266895563
USDARS,10,2026-03-12,KernelARH,110,5,3.41214118342833,2.6576825876949526,4.939193666974129,2.401120015575691
USDARS,1,2026-03-02,PM,110,8,0.6350855484469426,0.4724615384615389,0.9465605135396015,0.3600340694341869
USDARS,1,2026-03-02,PA,110,8,1.5636736519925634,1.2382155837976132,1.6598835683726505,1.6147788746040679
USDARS,1,2026-03-02,VAR1,110,8,285.8992141957582,209.17917206861185,425.85561809238453,158.88252586045235
USDARS,1,2026-03-02,ARHinc,110,8,1.5934491505758344,1.2678576105435875,1.7332572457127984,1.622795648165764
USDARS,1,2026-03-02,KernelARH,110,8,1.6085267515998147,1.2850783707323852,1.7750509755365038,1.624526539659006
USDARS,5,2026-03-06,PM,110,7,2.622485278978995,1.9142307692307696,3.980718893783258,1.480249801704268
USDARS,5,2026-03-06,PA,110,7,3.1325710693696274,2.474970491730568,4.503150438974839,2.2591917344380548
USDARS,5,2026-03-06,VAR1,110,7,517.2983472405658,420.41917166719486,698.4488700280527,337.00052816281413
USDARS,5,2026-03-06,ARHinc,110,7,3.167097581070356,2.5019134445431774,4.56087614000608,2.2740481468877856
USDARS,5,2026-03-06,KernelARH,110,7,3.2920917681600423,2.589424513769533,4.786908395863635,2.318969364481895
USDARS,10,2026-03-13,PM,110,5,3.1571429924854533,2.3211923076923084,4.770038353064458,1.8334504303909072
USDARS,10,2026-03-13,PA,110,5,3.5302130983412874,2.7379301426558125,5.0728075862303665,2.504753685209233
USDARS,10,2026-03-13,VAR1,110,5,589.0366390349402,454.73842279928994,783.0972464360893,382.21702375571846
USDARS,10,2026-03-13,ARHinc,110,5,3.5437822693610013,2.7497142070987914,5.096138224102862,2.5091539541529153
USDARS,10,2026-03-13,KernelARH,110,5,3.8231439179389035,2.9447235173345505,5.570632897938458,2.628428613445009
USDARS,1,2026-03-03,PM,110,8,1.084884143938527,0.7833461538461539,1.6548749772330507,0.6042709213216173
USDARS,1,2026-03-03,PA,110,8,1.9092982931061904,1.5258568219558346,2.379615317176613,1.7515497541889817
USDARS,1,2026-03-03,VAR1,110,8,328.769827996498,233.9373997737933,496.7343648042374,176.9119414155784
USDARS,1,2026-03-03,ARHinc,110,8,1.909050764214958,1.5180354473025102,2.3972987073956933,1.7477315702327993
USDARS,1,2026-03-03,KernelARH,110,8,2.0312400365203778,1.6261542539571046,2.620290672483127,1.7893027114821622
USDARS,5,2026-03-09,PM,110,7,1.5307456704796873,1.1360384615384613,2.253713689325839,0.9401718310400168
USDARS,5,2026-03-09,PA,110,7,2.2662975023934635,1.7915524280746253,2.949789790896454,1.9503737783365536
USDARS,5,2026-03-09,VAR1,110,7,632.680331001946,507.4175334885991,877.5804665753382,397.50213915911763
USDARS,5,2026-03-09,ARHinc,110,7,2.3143756509645335,1.8277717896042465,3.058362307598697,1.9625683267924088
USDARS,5,2026-03-09,KernelARH,110,7,2.7607568376494904,2.205406268227652,3.8272157433795746,2.139026327078684
USDARS,10,2026-03-16,PM,110,5,2.0585653611566106,1.5656538461538456,2.977893207571731,1.2670243946929831
USDARS,10,2026-03-16,PA,110,5,2.6605869791560743,2.1170987998028723,3.5700283447690175,2.1276846288936317
USDARS,10,2026-03-16,VAR1,110,5,690.1729889525035,530.3405414202651,915.5189808564062,447.86937868871655
USDARS,10,2026-03-16,ARHinc,110,5,2.693841742055688,2.1405309774577375,3.624743709732592,2.143920341010622
USDARS,10,2026-03-16,KernelARH,110,5,3.2005948281845864,2.5509825756328697,4.424980490889056,2.3796514570182636
USDARS,1,2026-03-04,PM,110,8,0.7666309913661703,0.557576923076923,1.1827323864546302,0.418603759907523
USDARS,1,2026-03-04,PA,110,8,1.6572883520303932,1.3555289972090585,1.5693532478148877,1.6841661337155516
USDARS,1,2026-03-04,VAR1,110,8,345.788551217956,237.32780985563835,532.3412680161815,178.84772992223088
USDARS,1,2026-03-04,ARHinc,110,8,1.6211867556647457,1.3352611286200622,1.505075179322712,1.6706256910351935
USDARS,1,2026-03-04,KernelARH,110,8,2.20184778021138,1.8181385726646642,2.5136622005580795,1.893192781168389
USDARS,5,2026-03-10,PM,110,7,0.8205259804633762,0.5645384615384623,1.3410375462947088,0.41075745991332174
USDARS,5,2026-03-10,PA,110,7,1.6898149190226324,1.3764148659129438,1.6143753176344942,1.7112302323322612
USDARS,5,2026-03-10,VAR1,110,7,786.4997732364975,621.8810390998835,1112.344656824936,480.115958925571
USDARS,5,2026-03-10,ARHinc,110,7,1.608032617203199,1.3071562144879354,1.4567449963684387,1.6825132455179217
USDARS,5,2026-03-10,KernelARH,110,7,1.7032855049735967,1.3916853980055235,1.6450464725334526,1.7119039616677518
USDARS,10,2026-03-17,PM,110,5,0.6966776583294345,0.5519999999999998,0.8256450447427596,0.5332990192263933
USDARS,10,2026-03-17,PA,110,5,1.8510565345732946,1.4723650434256674,2.033277367532961,1.818793770322335
USDARS,10,2026-03-17,VAR1,110,5,975.5034136505492,744.277990424841,1309.7867211155367,626.1674872516429
USDARS,10,2026-03-17,ARHinc,110,5,1.887308219143371,1.491622246716068,2.1237685676191282,1.8295807624820102
USDARS,10,2026-03-17,KernelARH,110,5,1.8532500952495137,1.4725366732590084,2.0390669397306516,1.819330729211319
USDARS,1,2026-03-05,PM,110,8,0.6345472719857959,0.4315769230769238,1.0254594124594976,0.32781790171432407
USDARS,1,2026-03-05,PA,110,8,1.7061643488585456,1.3545640655501434,1.9960152222871348,1.670854762948123
USDARS,1,2026-03-05,VAR1,110,8,243.74484814103144,166.96289682765604,375.3540109200277,125.9369143217439
USDARS,1,2026-03-05,ARHinc,110,8,1.693955390625418,1.3506787222772914,1.9520303865571493,1.6706266591843026
USDARS,1,2026-03-05,KernelARH,110,8,1.7456969880313238,1.3780483264219463,2.082089451614212,1.6844847652865467
USDARS,5,2026-03-11,PM,110,7,0.4921058067123373,0.3801538461538463,0.6304221868027649,0.3618749705151981
USDARS,5,2026-03-11,PA,110,7,1.6575986392654471,1.317290262733209,1.6775040977983355,1.7180549138484653
USDARS,5,2026-03-11,VAR1,110,7,524.623798586353,415.6820753673593,746.1342928315211,319.3015580943863
USDARS,5,2026-03-11,ARHinc,110,7,1.6434502315403037,1.310631773192883,1.6254355108015324,1.7157431093024638
USDARS,5,2026-03-11,KernelARH,110,7,1.6122197645809924,1.2983473731718143,1.5309864301782223,1.7057569103520818
USDARS,10,2026-03-18,PM,110,5,1.4094473651044936,1.1162692307692312,1.9242965915031025,0.9414810847893377
USDARS,10,2026-03-18,PA,110,5,2.1623723468242253,1.7232274512298333,2.6371369148104633,1.9343362493834855
USDARS,10,2026-03-18,VAR1,110,5,599.5095425922699,455.04766502747515,806.917199814193,381.7771933457273
USDARS,10,2026-03-18,ARHinc,110,5,2.137230700520799,1.703922865007696,2.589966658317406,1.923489730392949
USDARS,10,2026-03-18,KernelARH,110,5,2.0319348215206388,1.6115288503210004,2.3993585731722966,1.879789848378869
USDARS,1,2026-03-06,PM,110,8,1.0560963133525858,0.8011538461538465,1.5586720734026769,0.624856224017334
USDARS,1,2026-03-06,PA,110,8,2.0458750457488892,1.610624307183146,2.5853774724876666,1.841832106747113
USDARS,1,2026-03-06,VAR1,110,8,327.3066538130636,219.54498395354446,512.8811062719399,163.56786870355535
USDARS,1,2026-03-06,ARHinc,110,8,2.0351946510479557,1.5973058875456025,2.576697948929405,1.834828841520706
USDARS,1,2026-03-06,KernelARH,110,8,2.1466932138384385,1.6894609051428602,2.8068344992125698,1.869875565475322
USDARS,5,2026-03-12,PM,110,7,1.0884936000306533,0.8187692307692304,1.6017993711134284,0.668248055862217
USDARS,5,2026-03-12,PA,110,7,2.0803494678569194,1.625394202316518,2.6593921847809523,1.8499767648453576
USDARS,5,2026-03-12,VAR1,110,7,770.4477121058228,591.2351068815123,1145.7080088633268,444.3856806787504
USDARS,5,2026-03-12,ARHinc,110,7,2.10104315194021,1.6380257033698173,2.713949303819117,1.8539506488717343
USDARS,5,2026-03-12,KernelARH,110,7,2.234465401360921,1.7397989088652364,2.9787899196994285,1.8986490970748313
USDARS,10,2026-03-19,PM,110,5,1.5985321993340302,1.2873846153846151,2.1749141187819454,1.0635552878516106
USDARS,10,2026-03-19,PA,110,5,2.429242261266251,1.9279711213201918,3.1779020172911583,2.0317987741948444
USDARS,10,2026-03-19,VAR1,110,5,770.9667739480033,580.7916921617457,1048.8840615465097,482.03778300519264
USDARS,10,2026-03-19,ARHinc,110,5,2.4339103485504032,1.9289077968523167,3.1865385869251477,2.0347182653548956
USDARS,10,2026-03-19,KernelARH,110,5,2.5776640948782035,2.0417488319646,3.429149092811443,2.0970670658155837
USDARS,1,2026-03-09,PM,110,8,0.5342879877427098,0.4073461538461542,0.8254665176995873,0.3125944310263518
USDARS,1,2026-03-09,PA,110,8,1.744739900394556,1.4236402469285416,1.6850358223169868,1.7676828047111033
USDARS,1,2026-03-09,VAR1,110,8,318.8134222846318,207.06606034357665,505.5602544396981,156.05831740326303
USDARS,1,2026-03-09,ARHinc,110,8,1.7478393186961567,1.426493449037725,1.6937357206339176,1.7714914043548535
USDARS,1,2026-03-09,KernelARH,110,8,1.7607377777077458,1.4435263323408736,1.716519021550397,1.7680813592038178
USDARS,5,2026-03-13,PM,110,7,0.580209386939153,0.42011538461538445,0.8291988482320821,0.400885935793817
USDARS,5,2026-03-13,PA,110,7,1.9493367653007836,1.5494234611574458,2.336666522977171,1.8238882436992978
USDARS,5,2026-03-13,VAR1,110,7,764.3805727884086,575.3644268803428,1159.5655143325193,443.91541546470853
USDARS,5,2026-03-13,ARHinc,110,7,2.0143523592951205,1.5744709951675604,2.516625411892805,1.8408742406714758
USDARS,5,2026-03-13,KernelARH,110,7,2.321222524163293,1.7863545039789321,3.1323046904373153,1.9516055346051886
USDARS,10,2026-03-20,PM,110,5,1.1320087871702977,0.9111538461538455,1.3904354063691895,0.8576089216343961
USDARS,10,2026-03-20,PA,110,5,2.2261620585022777,1.7541847181249794,2.754252517225788,1.9876635228365829
USDARS,10,2026-03-20,VAR1,110,5,596.9396887751287,430.20857360455864,844.3103108754245,341.82305583023486
USDARS,10,2026-03-20,ARHinc,110,5,2.2237284318955495,1.7496901788161645,2.7522189330338516,1.9883415350796005
USDARS,10,2026-03-20,KernelARH,110,5,2.61859774548408,2.0401017614180175,3.4395711366924515,2.164236673454864
USDARS,1,2026-03-10,PM,110,8,1.1938668790949853,0.8522307692307696,1.882323331034332,0.6469468997913012
USDARS,1,2026-03-10,PA,110,8,1.8939612016427332,1.5491373463643148,1.9862598002564702,1.7870050591930202
USDARS,1,2026-03-10,VAR1,110,8,309.76850731416766,203.83170254497,489.75635887579665,152.54180987428998
USDARS,1,2026-03-10,ARHinc,110,8,1.8713878516210385,1.5301195507502794,1.9534948587786354,1.7769236419147263
USDARS,1,2026-03-10,KernelARH,110,8,1.8841747012941712,1.5416748903810755,1.9689589534196479,1.782282174514201
USDARS,5,2026-03-16,PM,110,7,0.5613512200999409,0.45296153846153825,0.7476701857832847,0.37338498395888414
USDARS,5,2026-03-16,PA,110,7,1.8169608339528913,1.4573164246111823,2.032883810732061,1.7754486895601442
USDARS,5,2026-03-16,VAR1,110,7,718.6623783875292,543.2894685970003,1090.2442410922336,411.33110119846725
USDARS,5,2026-03-16,ARHinc,110,7,1.8141666070135622,1.459828899706297,2.0091213516964053,1.7786609960580775
USDARS,5,2026-03-16,KernelARH,110,7,1.9547263149794458,1.5412002180002324,2.3160473279954124,1.8337100258056664
USDARS,10,2026-03-23,PM,110,5,1.6870893232474042,1.3686153846153843,2.251604660902161,1.1410061571220451
USDARS,10,2026-03-23,PA,110,5,2.4860735601578337,1.9618897493401635,3.1597964967862424,2.107339072190175
USDARS,10,2026-03-23,VAR1,110,5,630.6900098466226,464.7458003840165,878.5706376605938,374.6253616887749
USDARS,10,2026-03-23,ARHinc,110,5,2.5337046577134994,2.000540972401326,3.2403837325191334,2.1286615640484388
USDARS,10,2026-03-23,KernelARH,110,5,2.6325499985089813,2.07655313466234,3.3933522785502577,2.1907856518970297
USDARS,1,2026-03-11,PM,110,8,0.4536326135507931,0.3421923076923078,0.6973623107340183,0.2594436394968807
USDARS,1,2026-03-11,PA,110,8,1.642799207264946,1.318171995200897,1.7003998764763848,1.6975118585054756
USDARS,1,2026-03-11,VAR1,110,8,146.88726562004322,97.03763984519317,229.49456382726194,73.35589607809305
USDARS,1,2026-03-11,ARHinc,110,8,1.6440283598638865,1.3137350168283954,1.6800266245964917,1.7028873616588598
USDARS,1,2026-03-11,KernelARH,110,8,1.8680261950346098,1.4809031977693081,2.1626833801049266,1.7903914713529707
USDARS,5,2026-03-17,PM,110,7,1.3857052668365166,1.0718846153846158,2.0459199754048627,0.8299325213036127
USDARS,5,2026-03-17,PA,110,7,2.1725081239464252,1.7332522607436862,2.7522638182400603,1.9119332450217066
USDARS,5,2026-03-17,VAR1,110,7,349.8741605810051,271.5329263179202,516.8022950871657,205.0219704140761
USDARS,5,2026-03-17,ARHinc,110,7,2.1465970274434727,1.7121592449304712,2.674229182131379,1.9110254012160617
USDARS,5,2026-03-17,KernelARH,110,7,3.0299596551335486,2.4519959291137874,4.128942242702707,2.309826996863411
USDARS,10,2026-03-24,PM,110,5,2.5438807611448846,2.0204615384615394,3.584659378152934,1.6322338357184423
USDARS,10,2026-03-24,PA,110,5,2.9824601518185583,2.3909000933202416,3.9096197948500713,2.3646665584591595
USDARS,10,2026-03-24,VAR1,110,5,384.45187469561534,285.1180290177804,530.3989876032016,232.33117702909092
USDARS,10,2026-03-24,ARHinc,110,5,2.9642459285262452,2.378406505338303,3.873311859516484,2.3583893375350407
USDARS,10,2026-03-24,KernelARH,110,5,2.579944297025393,2.0478898146182414,3.2379733953890875,2.187506015811858
USDARS,1,2026-03-12,PM,110,8,1.2641252106009604,0.8709615384615382,2.0362831434638946,0.6570213768660135
USDARS,1,2026-03-12,PA,110,8,2.1611809765785077,1.6757405565464074,2.923130699323687,1.8374607316908578
USDARS,1,2026-03-12,VAR1,110,8,212.64701006350012,139.58302259932762,335.12380874405824,104.86515204408975
USDARS,1,2026-03-12,ARHinc,110,8,2.1875832833689444,1.6940952166122007,2.9783933899520485,1.8449903543580521
USDARS,1,2026-03-12,KernelARH,110,8,2.091365823074622,1.6181386673619482,2.79005101107678,1.8149463090416684
USDARS,5,2026-03-18,PM,110,7,0.9422989481540915,0.7396538461538458,1.328329663108499,0.6001832524545923
USDARS,5,2026-03-18,PA,110,7,1.9090589317593234,1.5165670642509146,2.2514447462003764,1.7983691234215677
USDARS,5,2026-03-18,VAR1,110,7,491.1274271893366,370.9158167752044,740.4839717580462,280.1847128470281
USDARS,5,2026-03-18,ARHinc,110,7,1.9308281854382494,1.5334978381089508,2.2993238500663593,1.8057380455606438
USDARS,5,2026-03-18,KernelARH,110,7,1.9689430237841077,1.5674761709634693,2.3091570172999916,1.843652709501098
USDARS,10,2026-03-25,PM,110,5,1.1498501783677328,0.9345384615384614,1.3341988909126496,0.8963389038221031
USDARS,10,2026-03-25,PA,110,5,2.014937325146226,1.6136835842590371,2.1378976181631284,1.9449879037260005
USDARS,10,2026-03-25,VAR1,110,5,460.6181126037086,340.6188941614256,635.9071411189517,276.81655729643217
USDARS,10,2026-03-25,ARHinc,110,5,2.0182511982716576,1.6157139812117245,2.1441573909891796,1.9466293754921087
USDARS,10,2026-03-25,KernelARH,110,5,1.9829621639856354,1.5937759669815275,2.0593985798780174,1.9400635908358288
USDARS,1,2026-03-13,PM,110,8,0.5154007029636114,0.37392307692307675,0.7610382995330884,0.3178475047970398
USDARS,1,2026-03-13,PA,110,8,1.9281499922112957,1.5464460371341582,2.3069137298192866,1.8076415833785073
USDARS,1,2026-03-13,VAR1,110,8,410.05299689631556,267.6656440828029,652.5090673313858,200.65183350212854
USDARS,1,2026-03-13,ARHinc,110,8,1.9280677150717116,1.5453473608957684,2.325389904158719,1.8022016859444623
USDARS,1,2026-03-13,KernelARH,110,8,1.9928375969030432,1.580380711937943,2.4988527936513307,1.8176770139136824
USDARS,5,2026-03-19,PM,110,7,0.570140797387938,0.4704230769230768,0.6578811812230743,0.42542201648698585
USDARS,5,2026-03-19,PA,110,7,1.8895709597544093,1.537293384203881,2.1308100016703286,1.8040334925810324
USDARS,5,2026-03-19,VAR1,110,7,927.8270003963952,658.746174048862,1446.20182979702,495.3398603835259
USDARS,5,2026-03-19,ARHinc,110,7,1.9051303535994206,1.5443221930355138,2.1891030566865686,1.8048311485588233
USDARS,5,2026-03-19,KernelARH,110,7,2.3048310620885797,1.8322715326340966,2.9963649841676334,1.959343705610527
USDARS,10,2026-03-26,PM,110,5,0.7715033712972854,0.5801538461538464,1.1321026468858548,0.5457768804568507
USDARS,10,2026-03-26,PA,110,5,1.8049775779868507,1.486718706681795,1.7145957487806243,1.8212966532461636
USDARS,10,2026-03-26,VAR1,110,5,563.5549224733007,403.69940987110084,794.7879051073603,322.61268050707884
USDARS,10,2026-03-26,ARHinc,110,5,1.7927985710544891,1.4780607792005436,1.6983553263544289,1.8137142072811108
USDARS,10,2026-03-26,KernelARH,110,5,1.8861472589170931,1.5264061606829222,1.8384249975637112,1.8997508028392645
