Par,h,fecha,Modelo,TRAIN_SIZE,K0,RMSE,MAE,WRMSE_short,WRMSE_long
USDPEN,1,2025-04-07,PM,44,4,0.06640964075053692,0.05088461538461535,0.08671594952963994,0.04955393458390469
USDPEN,1,2025-04-07,PA,44,4,0.867979292621369,0.6508289007903365,0.6226350906533707,1.0830352684863283
USDPEN,1,2025-04-07,VAR1,44,4,2.982553855444301,2.7587044337898945,3.1974107321930827,2.673760084613864
USDPEN,1,2025-04-07,ARHinc,44,4,0.8747957364608638,0.6580192693277387,0.6382475532945427,1.08691982382236
USDPEN,1,2025-04-07,KernelARH,44,4,0.8697653184696098,0.6470605770524775,0.6240418094651257,1.0849387803380306
USDPEN,5,2025-04-11,PM,44,4,0.17576768430560233,0.1367692307692308,0.19418374241512995,0.13741553888243135
USDPEN,5,2025-04-11,PA,44,4,0.9077363767624851,0.6890272790622646,0.6858253942460558,1.1098543536204968
USDPEN,5,2025-04-11,VAR1,44,4,10.365149455968398,8.48895060490286,12.192532170206208,9.45415966939942
USDPEN,5,2025-04-11,ARHinc,44,4,0.9120123660387025,0.6987270783768149,0.6976199218600334,1.1138312051303414
USDPEN,5,2025-04-11,KernelARH,44,4,0.8936701237133865,0.6704725559554757,0.6623078081157916,1.107058462944262
USDPEN,10,2025-04-18,PM,44,4,0.2616032301023824,0.1696923076923078,0.22563184802105474,0.2607350017593603
USDPEN,10,2025-04-18,PA,44,4,0.9783066642045436,0.7614414945724203,0.7631152103235366,1.1676173110806278
USDPEN,10,2025-04-18,VAR1,44,4,9.610901644141077,7.855524502188601,11.202050877870429,8.754615569054925
USDPEN,10,2025-04-18,ARHinc,44,4,0.9687752538967046,0.755260873581715,0.7705172768364669,1.1570921918737302
USDPEN,10,2025-04-18,KernelARH,44,4,0.9982518886100107,0.7686062665086845,0.7732821895936529,1.1858078825855904
USDPEN,1,2025-04-08,PM,44,4,0.13010812810889255,0.10319230769230776,0.1565488578909952,0.08872048609544379
USDPEN,1,2025-04-08,PA,44,4,0.8627415091554181,0.6447443915513733,0.6237647255649448,1.073908225703994
USDPEN,1,2025-04-08,VAR1,44,4,7.5344669604639,6.123648965722337,8.720135137633727,6.223897878931922
USDPEN,1,2025-04-08,ARHinc,44,4,0.8623542190515538,0.6436064284651661,0.6251304976335197,1.073340966735719
USDPEN,1,2025-04-08,KernelARH,44,4,0.8641449463165745,0.6446356328169948,0.6280959682215391,1.0757822119077218
USDPEN,5,2025-04-14,PM,44,4,0.2984135134339598,0.1986923076923077,0.3200422067506169,0.2674012562911673
USDPEN,5,2025-04-14,PA,44,4,0.9871937441358476,0.7653738398651321,0.7787078178510168,1.1731849002947858
USDPEN,5,2025-04-14,VAR1,44,4,4.513921192419897,4.040212339843451,4.929632615625458,3.7692644129272703
USDPEN,5,2025-04-14,ARHinc,44,4,0.9889863829812798,0.7669807752321957,0.7801646972842762,1.1747684399934022
USDPEN,5,2025-04-14,KernelARH,44,4,0.992643229255155,0.7700184584740226,0.7764670595767338,1.1788601372720968
USDPEN,10,2025-04-21,PM,44,4,0.3072004482168205,0.19700000000000017,0.37627014634768924,0.261288642438053
USDPEN,10,2025-04-21,PA,44,4,0.9798090170312221,0.7564556173300409,0.7804181061134822,1.166014670282233
USDPEN,10,2025-04-21,VAR1,44,4,4.28775468779348,3.2580242301766846,4.895235832094565,3.6137529879726134
USDPEN,10,2025-04-21,ARHinc,44,4,0.9829917080928109,0.7606922348377593,0.7867842660708749,1.1678595429683585
USDPEN,10,2025-04-21,KernelARH,44,4,0.9798125596630651,0.7556069053612374,0.7723963953673694,1.1678389827453304
USDPEN,1,2025-04-09,PM,44,4,0.15409069507174125,0.12350000000000012,0.2196134153708175,0.09928940983971833
USDPEN,1,2025-04-09,PA,44,4,0.8792759698302274,0.6579916216598312,0.6671040426797213,1.0809270470491397
USDPEN,1,2025-04-09,VAR1,44,4,8.556252456901081,7.1378001029259615,9.890164944712906,6.974477211144617
USDPEN,1,2025-04-09,ARHinc,44,4,0.8827360765606879,0.665556542863614,0.6783034215558597,1.0812290025875635
USDPEN,1,2025-04-09,KernelARH,44,4,0.8704566206271186,0.6517065722126465,0.646333000696059,1.078272379256072
USDPEN,5,2025-04-15,PM,44,4,0.3649463870003584,0.23976923076923076,0.36960838235553245,0.32764361878967463
USDPEN,5,2025-04-15,PA,44,4,1.0155463937937546,0.7914336455285687,0.8169107277068803,1.191437750343834
USDPEN,5,2025-04-15,VAR1,44,4,6.744310607302609,5.971196421109701,7.34698163173984,5.636297713590563
USDPEN,5,2025-04-15,ARHinc,44,4,1.0215758811647753,0.7938976908273853,0.8294410627908777,1.1945925973039035
USDPEN,5,2025-04-15,KernelARH,44,4,1.1108090630742484,0.8809546934989522,0.9671321167693029,1.2406060543370583
USDPEN,10,2025-04-22,PM,44,4,0.32411899820899115,0.22219230769230758,0.3355689239044056,0.29601165774820354
USDPEN,10,2025-04-22,PA,44,4,0.9844160944396136,0.7599157563735939,0.7684210563248194,1.1731928469601018
USDPEN,10,2025-04-22,VAR1,44,4,6.811799940728806,5.387646563382013,7.655420461602763,5.8360388400496035
USDPEN,10,2025-04-22,ARHinc,44,4,0.9870299782832709,0.7601783391501084,0.7725522269271722,1.1750108539456967
USDPEN,10,2025-04-22,KernelARH,44,4,1.1009620354850391,0.8976104813738783,0.9336344121128641,1.2365125175100544
USDPEN,1,2025-04-10,PM,44,4,0.11414628771887414,0.07507692307692304,0.16523917163478669,0.09018654198168365
USDPEN,1,2025-04-10,PA,44,4,0.8923271885913993,0.6640500619857906,0.6542708849580415,1.1081153105274695
USDPEN,1,2025-04-10,VAR1,44,4,12.368192323793098,10.192353319553915,14.267960666691952,10.370959538108936
USDPEN,1,2025-04-10,ARHinc,44,4,0.8956662492737764,0.6645176140744165,0.6654737889824737,1.108940168143189
USDPEN,1,2025-04-10,KernelARH,44,4,0.8823443139358671,0.6496350405950004,0.6179712163089596,1.1078291661859423
USDPEN,5,2025-04-16,PM,44,4,0.41089571482498893,0.26919230769230773,0.3678534586070227,0.37166289186943635
USDPEN,5,2025-04-16,PA,44,4,1.024750979020047,0.8027904723459315,0.8057644810498501,1.1989167384827248
USDPEN,5,2025-04-16,VAR1,44,4,7.353445873677218,6.580975086218207,7.7436407876171565,6.225929773561114
USDPEN,5,2025-04-16,ARHinc,44,4,1.025969730188876,0.8049915666185212,0.8085084749857565,1.1998941773816263
USDPEN,5,2025-04-16,KernelARH,44,4,1.1484317044040195,0.9237856534957255,1.0069808208157685,1.2611000864974113
USDPEN,10,2025-04-23,PM,44,4,0.18324925228098057,0.13369230769230786,0.27028363342259243,0.12213435225609941
USDPEN,10,2025-04-23,PA,44,4,0.8991565524062163,0.6751647225620234,0.6770272380425422,1.1104380932537876
USDPEN,10,2025-04-23,VAR1,44,4,5.782728384352779,4.90805301291661,6.341751517361643,4.963516671207603
USDPEN,10,2025-04-23,ARHinc,44,4,0.9030932477559375,0.6810797423551042,0.6892469817193918,1.1115511957879063
USDPEN,10,2025-04-23,KernelARH,44,4,0.9429698189032091,0.7519244365867697,0.7489740304571433,1.1341331374224022
USDPEN,1,2025-04-11,PM,44,4,0.2356025417781134,0.1336538461538461,0.41527322919303294,0.10416394685468024
USDPEN,1,2025-04-11,PA,44,4,0.8952836215786082,0.674614099340409,0.7018154445635302,1.1020898758314335
USDPEN,1,2025-04-11,VAR1,44,4,7.324484301361171,6.201874249335899,8.533078108200549,6.018220126424318
USDPEN,1,2025-04-11,ARHinc,44,4,0.8958053187740639,0.6753467364275652,0.703492067508408,1.102317618366779
USDPEN,1,2025-04-11,KernelARH,44,4,0.8916613322346473,0.6714082662377021,0.6849149922747972,1.1015519533627391
USDPEN,5,2025-04-17,PM,44,4,0.37100221593781524,0.2638461538461539,0.3413457893493911,0.3319925847482189
USDPEN,5,2025-04-17,PA,44,4,0.9993079949925464,0.7797121934914923,0.7685481769995237,1.1853072225439247
USDPEN,5,2025-04-17,VAR1,44,4,4.994100672617116,4.497178321980881,5.165350012112956,4.330675375893443
USDPEN,5,2025-04-17,ARHinc,44,4,1.001841522306324,0.7819447302965146,0.7707684995420503,1.1872551936932232
USDPEN,5,2025-04-17,KernelARH,44,4,1.0515044504110205,0.8359347618152339,0.8369777485080117,1.2168494590544627
USDPEN,10,2025-04-24,PM,44,4,0.17152427502565604,0.1417307692307691,0.2028582329270387,0.14551459625331428
USDPEN,10,2025-04-24,PA,44,4,0.8919117162630548,0.6698696604429013,0.6825669389937028,1.0954259067631469
USDPEN,10,2025-04-24,VAR1,44,4,5.250811442941475,4.327033194265428,5.59505701346361,4.740873876879558
USDPEN,10,2025-04-24,ARHinc,44,4,0.8924827844187331,0.6705468977531582,0.6834187872204543,1.0958664331901882
USDPEN,10,2025-04-24,KernelARH,44,4,0.9391170102196393,0.7562404887548524,0.7558872454525655,1.120484445575495
USDPEN,1,2025-04-14,PM,44,4,0.3913327204271618,0.26211538461538475,0.42549004092001724,0.3243609286228757
USDPEN,1,2025-04-14,PA,44,4,1.009460528461343,0.7875926851005561,0.8082165329407094,1.1866935680873598
USDPEN,1,2025-04-14,VAR1,44,4,27.647794601830565,22.68370883623405,34.55114698290807,21.245058088278817
USDPEN,1,2025-04-14,ARHinc,44,4,0.9973115614582759,0.7720422790927466,0.8066825861126896,1.1760620284612606
USDPEN,1,2025-04-14,KernelARH,44,4,1.0094619240832547,0.7824461715588474,0.8112691595300106,1.1868421426473597
USDPEN,5,2025-04-18,PM,44,4,0.3422319978970631,0.2271923076923077,0.3102554849289617,0.3075124632579736
USDPEN,5,2025-04-18,PA,44,4,0.9945563837663576,0.7759072768418515,0.7732563394606725,1.1795826437202437
USDPEN,5,2025-04-18,VAR1,44,4,16.087207784633755,12.635021923126956,19.6389828996456,14.57208628812584
USDPEN,5,2025-04-18,ARHinc,44,4,0.9853107478802194,0.7633735403041002,0.765227452430047,1.172853684297709
USDPEN,5,2025-04-18,KernelARH,44,4,1.0038325427688986,0.7748068105829591,0.7886637574006944,1.1872672022428121
USDPEN,10,2025-04-25,PM,44,4,0.20111348690573838,0.1383846153846154,0.3225389177736136,0.12249233244948547
USDPEN,10,2025-04-25,PA,44,4,0.9139129693252926,0.7017251225155181,0.7500577640475821,1.0984992411987906
USDPEN,10,2025-04-25,VAR1,44,4,9.253640919580477,7.3492714566648845,11.067452482396734,8.645148395280325
USDPEN,10,2025-04-25,ARHinc,44,4,0.9051903388745776,0.6885326015647865,0.724928977059914,1.0955957880825526
USDPEN,10,2025-04-25,KernelARH,44,4,0.9050463096447613,0.6943545771281094,0.6959723500503661,1.1049859154236994
USDPEN,1,2025-04-15,PM,44,4,0.055963587062688065,0.0358461538461537,0.09055134769785363,0.030220497117977987
USDPEN,1,2025-04-15,PA,44,4,0.9634747010178754,0.7494150436359751,0.756273570020595,1.1537791810136162
USDPEN,1,2025-04-15,VAR1,44,4,3.6963909512516926,2.9355693834345638,3.9850513344686544,3.3166547225376255
USDPEN,1,2025-04-15,ARHinc,44,4,0.9890717544512793,0.7752568856489419,0.7788002313360012,1.1713953295207697
USDPEN,1,2025-04-15,KernelARH,44,4,0.996765497934815,0.7777181072812366,0.7897115385978911,1.177111630818357
USDPEN,5,2025-04-21,PM,44,4,0.17486272088082733,0.08907692307692307,0.29429571383042963,0.08171605879864564
USDPEN,5,2025-04-21,PA,44,4,0.9529695397500857,0.729492780103659,0.746871682816493,1.1459783767970282
USDPEN,5,2025-04-21,VAR1,44,4,3.8653183440497862,3.026730412995904,4.082169864473504,3.5833759289558818
USDPEN,5,2025-04-21,ARHinc,44,4,0.9604739616267249,0.7328019631792917,0.757294793701662,1.1505223025330418
USDPEN,5,2025-04-21,KernelARH,44,4,1.0005902453421396,0.7785755231620222,0.760244227854111,1.1872193216533629
USDPEN,10,2025-04-28,PM,44,4,0.34873480115764416,0.21892307692307714,0.4063194973192745,0.2832033511374344
USDPEN,10,2025-04-28,PA,44,4,0.9297636385211503,0.6969863110678901,0.7398249301092826,1.116462172672832
USDPEN,10,2025-04-28,VAR1,44,4,1.78159538233195,1.5050161713001888,1.8219605069324978,1.701158272276536
USDPEN,10,2025-04-28,ARHinc,44,4,0.912075086600952,0.685341170136347,0.7312412844602624,1.1017394610892624
USDPEN,10,2025-04-28,KernelARH,44,4,0.972970612674737,0.7972640148246248,0.8298967576009517,1.1303999652299062
USDPEN,1,2025-04-16,PM,44,4,0.06323947160777664,0.03615384615384626,0.10371359509351501,0.03499790728787623
USDPEN,1,2025-04-16,PA,44,4,0.9593308029126123,0.7461534022695541,0.753180520621324,1.1483115296539064
USDPEN,1,2025-04-16,VAR1,44,4,3.9060743907916127,3.108605324397512,4.880753552212873,3.203591816449731
USDPEN,1,2025-04-16,ARHinc,44,4,0.9589456665291443,0.744167132190659,0.7502346096152213,1.1485021242139664
USDPEN,1,2025-04-16,KernelARH,44,4,0.9586072443948632,0.7389064766677621,0.7441300404339298,1.1502067363693562
USDPEN,5,2025-04-22,PM,44,4,0.17384384571306427,0.10992307692307708,0.274000033676288,0.094111013712454325
USDPEN,5,2025-04-22,PA,44,4,0.9498069942606369,0.7237667682293053,0.7404038305918478,1.1439608696965726
USDPEN,5,2025-04-22,VAR1,44,4,2.8592262389864063,2.2215735680993736,3.482844607614111,2.6414047824035536
USDPEN,5,2025-04-22,ARHinc,44,4,0.949350549876104,0.7225690733117914,0.7392959302247927,1.1437560713578083
USDPEN,5,2025-04-22,KernelARH,44,4,0.9489224218661672,0.7217591108503146,0.7299802050728376,1.1451108612543517
USDPEN,10,2025-04-29,PM,44,4,0.3680104382925948,0.22923076923076935,0.40492515220140124,0.3062850375275005
USDPEN,10,2025-04-29,PA,44,4,0.9275795461786159,0.6991616712301811,0.7390800813447518,1.1108257271279682
USDPEN,10,2025-04-29,VAR1,44,4,1.3166875928836181,1.1038630535772398,1.3249297208221644,1.37901107996332
USDPEN,10,2025-04-29,ARHinc,44,4,0.9220441491865982,0.6902650503817146,0.7329637353341161,1.1072542281140823
USDPEN,10,2025-04-29,KernelARH,44,4,0.9497383094790703,0.7744788742544729,0.7943907998876906,1.1149230790638531
USDPEN,1,2025-04-17,PM,44,4,0.09366470478828677,0.05657692307692305,0.1441029348842835,0.050727170960682626
USDPEN,1,2025-04-17,PA,44,4,0.9536117435210362,0.7324235507477,0.7390798134382116,1.1483292655175357
USDPEN,1,2025-04-17,VAR1,44,4,7.703925741586976,5.9559259485493214,9.479001808453669,6.984982436678004
USDPEN,1,2025-04-17,ARHinc,44,4,0.9528543137722132,0.7307223450234507,0.737143964257466,1.1480514925852103
USDPEN,1,2025-04-17,KernelARH,44,4,0.95265254083838935,0.7299187234293827,0.7324103349186614,1.1489838633847551
USDPEN,5,2025-04-23,PM,44,4,0.38845428401451676,0.23980769230769233,0.41214257872730525,0.31872257314111846
USDPEN,5,2025-04-23,PA,44,4,0.950508727885551,0.732487628064873,0.7406636279358016,1.1401971842830834
USDPEN,5,2025-04-23,VAR1,44,4,10.257045042388455,8.345848174570913,11.81941300831917,9.6122043761361
USDPEN,5,2025-04-23,ARHinc,44,4,0.9419247259789446,0.7193351377049706,0.7315319640254017,1.134553990588198
USDPEN,5,2025-04-23,KernelARH,44,4,0.9591474688368099,0.7724684038839135,0.7788284308424701,1.1418267233470578
USDPEN,10,2025-04-30,PM,44,4,0.3399606877725266,0.21688461538461534,0.3663361638038803,0.2840434538944201
USDPEN,10,2025-04-30,PA,44,4,0.9221963858201281,0.6923002396703889,0.7244142695404683,1.1080121504460823
USDPEN,10,2025-04-30,VAR1,44,4,4.659238308844832,3.925809885406372,5.1342839605021044,4.15407900346507
USDPEN,10,2025-04-30,ARHinc,44,4,0.91504727537353725,0.6828495039690591,0.7175920485241409,1.102984940996076
USDPEN,10,2025-04-30,KernelARH,44,4,0.9845915637187109,0.8100102472569812,0.8662309067155107,1.1290766683934936
USDPEN,1,2025-04-18,PM,44,4,0.18076280675983175,0.08080769230769234,0.322708445043819,0.07272660320947627
USDPEN,1,2025-04-18,PA,44,4,0.9584503233331264,0.7407295359346437,0.7663499928984356,1.1468509030623057
USDPEN,1,2025-04-18,VAR1,44,4,23.769417963084667,19.126392513907103,30.530216608859636,18.58458940683289
USDPEN,1,2025-04-18,ARHinc,44,4,0.9592026156083387,0.7424483940251435,0.7685906666461849,1.1472333144896145
USDPEN,1,2025-04-18,KernelARH,44,4,0.9706684928530122,0.755332742115989,0.7989333190000858,1.151602316499315
USDPEN,5,2025-04-24,PM,44,4,0.316972836132931,0.18711538461538468,0.30401759974444925,0.27980871263418394
USDPEN,5,2025-04-24,PA,44,4,0.9346335337056206,0.7155136532386499,0.7417783761080728,1.1185144438301928
USDPEN,5,2025-04-24,VAR1,44,4,13.802153599680379,10.886845899235745,16.102441874571127,13.177798380604036
USDPEN,5,2025-04-24,ARHinc,44,4,0.9360021051954125,0.7176575934806216,0.7405377906968186,1.119950108338656
USDPEN,5,2025-04-24,KernelARH,44,4,0.9454546693285139,0.763215243759556,0.7634121142751906,1.1246551610841828
USDPEN,10,2025-05-01,PM,44,4,0.266299155809055,0.16507692307692304,0.25383007237993355,0.24052396490997896
USDPEN,10,2025-05-01,PA,44,4,0.9124692596660371,0.6804630310166886,0.7117753275907911,1.1002456907231972
USDPEN,10,2025-05-01,VAR1,44,4,6.6586588824272575,5.779391195857529,7.8973760469345535,4.969912952586889
USDPEN,10,2025-05-01,ARHinc,44,4,0.9139251280120118,0.6822936108882294,0.7117339186599838,1.1015499287447632
USDPEN,10,2025-05-01,KernelARH,44,4,0.9918246741081933,0.8168328199197684,0.8705694550616293,1.134211369279774
USDPEN,1,2025-04-21,PM,44,4,0.1791793525622173,0.07746153846153847,0.32028178783000316,0.07236284365751319
USDPEN,1,2025-04-21,PA,44,4,0.9655069891824634,0.7486524194192978,0.7936232196548008,1.1462058508331179
USDPEN,1,2025-04-21,VAR1,44,4,10.844700505663772,8.71639761099857,13.842774855688022,8.735022763058524
USDPEN,1,2025-04-21,ARHinc,44,4,0.971514405524149,0.757373189607129,0.8015483750468645,1.1493547705117124
USDPEN,1,2025-04-21,KernelARH,44,4,0.9627750396490052,0.7429290333715752,0.7779351605539598,1.1475481780242767
USDPEN,5,2025-04-25,PM,44,4,0.34222118072740837,0.2206923076923078,0.39648689848627505,0.27603943340734405
USDPEN,5,2025-04-25,PA,44,4,0.949756590497451,0.734731826025869,0.7908199198161159,1.119019356745868
USDPEN,5,2025-04-25,VAR1,44,4,9.254267453314478,7.803524832053513,10.60137046960034,7.31163502899696
USDPEN,5,2025-04-25,ARHinc,44,4,0.9661338799301256,0.7591001628533548,0.803180624823151,1.1307188380533848
USDPEN,5,2025-04-25,KernelARH,44,4,0.8876528608491024,0.6666244725864519,0.6597881603758762,1.0961924649539725
USDPEN,10,2025-05-02,PM,44,4,0.30461656225491085,0.1922692307692308,0.3765673768446965,0.24307626104850108
USDPEN,10,2025-05-02,PA,44,4,0.9289800957274139,0.7134734167028598,0.7696125550428179,1.1017083060668462
USDPEN,10,2025-05-02,VAR1,44,4,14.102491039068749,12.150251695006112,17.97460316016527,10.000185584376185
USDPEN,10,2025-05-02,ARHinc,44,4,0.9429497762728619,0.7286354939072628,0.7795854102953808,1.1119138793034633
USDPEN,10,2025-05-02,KernelARH,44,4,0.905040427847099,0.710343337424232,0.7019822156922515,1.0958595064087038
USDPEN,1,2025-04-22,PM,44,4,0.03154666872575157,0.0242692307692308,0.033297679637977584,0.026389682296253547
USDPEN,1,2025-04-22,PA,44,4,0.9446689947030141,0.7181669457230428,0.72381203967368,1.1421127969791274
USDPEN,1,2025-04-22,VAR1,44,4,45.90653623164118,38.04527020765583,59.08346450473147,34.51042052771053
USDPEN,1,2025-04-22,ARHinc,44,4,0.9471558889518417,0.7198885951348504,0.7277127004511804,1.1435155329010671
USDPEN,1,2025-04-22,KernelARH,44,4,0.950092615024727,0.7268869002714398,0.7449611183656442,1.142577202330829
USDPEN,5,2025-04-28,PM,44,4,0.25575425780349276,0.137769230769231,0.20831425021382666,0.24528261212249383
USDPEN,5,2025-04-28,PA,44,4,0.9191260020210307,0.6845022780576914,0.7120968178197441,1.110840341679051
USDPEN,5,2025-04-28,VAR1,44,4,34.73243798584347,27.63390682439949,43.41674914807431,30.334345116325707
USDPEN,5,2025-04-28,ARHinc,44,4,0.9105472544442929,0.6797226360659212,0.7078496762885257,1.1038426287431824
USDPEN,5,2025-04-28,KernelARH,44,4,0.8895237576836067,0.6666486073124981,0.6639891344585851,1.0944799021001534
USDPEN,10,2025-05-05,PM,44,4,0.19020522823033506,0.15184615384615374,0.26239289671131155,0.13056091167044054
USDPEN,10,2025-05-05,PA,44,4,0.9305114170022994,0.7238984669018708,0.7357274668974361,1.1062516180973503
USDPEN,10,2025-05-05,VAR1,44,4,11.075628869984062,9.41204376640135,11.71453169949602,10.634243614844372
USDPEN,10,2025-05-05,ARHinc,44,4,0.9335285911210209,0.7298272278621104,0.7367950490833657,1.108088929663589
USDPEN,10,2025-05-05,KernelARH,44,4,1.0221408268951484,0.8390186851712564,0.8728622692225868,1.1549942590786044
USDPEN,1,2025-04-23,PM,44,4,0.3135472452438389,0.19519230769230778,0.2942103433939715,0.2735393606170348
USDPEN,1,2025-04-23,PA,44,4,0.9384273260681347,0.711805820653256,0.7213665003670314,1.1334863824905732
USDPEN,1,2025-04-23,VAR1,44,4,46.80227477685924,38.84916109604515,60.0499707415651,35.38586897649637
USDPEN,1,2025-04-23,ARHinc,44,4,0.9356602108840942,0.7070089452961593,0.7186303938895425,1.1317257426822247
USDPEN,1,2025-04-23,KernelARH,44,4,0.9238763790710548,0.6886100706959709,0.7060627267334886,1.123929676144875
USDPEN,5,2025-04-29,PM,44,4,0.26393563463611586,0.15034615384615382,0.21877843618250314,0.2495166742126693
USDPEN,5,2025-04-29,PA,44,4,0.9130287774654284,0.6780590754331124,0.7055017502934449,1.1042834370593322
USDPEN,5,2025-04-29,VAR1,44,4,36.44990825780646,29.109900898181262,45.489613850798875,31.848826870194443
USDPEN,5,2025-04-29,ARHinc,44,4,0.9119086685451905,0.6764349383658534,0.7047629419304153,1.1034788554152475
USDPEN,5,2025-04-29,KernelARH,44,4,0.880634622446863,0.6568746910316192,0.6640832066508333,1.0833180055998786
USDPEN,10,2025-05-06,PM,44,4,0.1621930532990286,0.12888461538461538,0.21978137989858892,0.11802251285039322
USDPEN,10,2025-05-06,PA,44,4,0.9278484343578864,0.7230051970206774,0.7318001927315005,1.1048801081739228
USDPEN,10,2025-05-06,VAR1,44,4,11.648725694120099,9.856536364413873,12.229857678583924,11.379121007492888
USDPEN,10,2025-05-06,ARHinc,44,4,0.928190765695542,0.7236720556113351,0.7319826905702257,1.1050491753045881
USDPEN,10,2025-05-06,KernelARH,44,4,1.181479951458998,0.9755211718668125,1.1130297251101187,1.240385753827627
USDPEN,1,2025-04-24,PM,44,4,0.044476117186643016,0.03249999999999997,0.046782528324341766,0.04066816388449565
USDPEN,1,2025-04-24,PA,44,4,0.8876465006820886,0.6713967428427537,0.6801392964426756,1.090647972389186
USDPEN,1,2025-04-24,VAR1,44,4,33.99481397287844,28.718074917456644,42.862121233100446,25.4677689719516
USDPEN,1,2025-04-24,ARHinc,44,4,0.886249666524903,0.6628567400734233,0.6764132923283177,1.0903430573214223
USDPEN,1,2025-04-24,KernelARH,44,4,0.9026815453784613,0.6883317465244175,0.6778712537841979,1.1069739459735233
USDPEN,5,2025-04-30,PM,44,4,0.10372485793601342,0.08042307692307703,0.13176549819393546,0.08104173879389569
USDPEN,5,2025-04-30,PA,44,4,0.8779714733316114,0.6613876411229649,0.6667782393702685,1.0803384359085029
USDPEN,5,2025-04-30,VAR1,44,4,20.379728889286262,16.26385656954129,26.01585759118948,16.24059445658476
USDPEN,5,2025-04-30,ARHinc,44,4,0.8783185039268401,0.6586705597340442,0.6705222621399496,1.0796927552485434
USDPEN,5,2025-04-30,KernelARH,44,4,0.8803086901778711,0.6584150880545361,0.671995774721235,1.0811647166168679
USDPEN,10,2025-05-07,PM,44,4,0.3273784272296888,0.23492307692307696,0.39719036598633106,0.2522476214830276
USDPEN,10,2025-05-07,PA,44,4,0.9394788265990593,0.7272187235315448,0.7433127767108856,1.1148919010773781
USDPEN,10,2025-05-07,VAR1,44,4,9.056230389075877,7.1712442715726965,11.460587963215549,7.55988866259124
USDPEN,10,2025-05-07,ARHinc,44,4,0.9372966257198349,0.7267867031428594,0.7499343552924888,1.111100539995383
USDPEN,10,2025-05-07,KernelARH,44,4,0.9652790347744973,0.7652029025615882,0.7856404938721776,1.127602359570583
USDPEN,1,2025-04-25,PM,44,4,0.07824210454146116,0.039576923076923044,0.13707366157646594,0.035401531769790294
USDPEN,1,2025-04-25,PA,44,4,0.882683064598106,0.6673799047447282,0.6586025266395118,1.0904744189405844
USDPEN,1,2025-04-25,VAR1,44,4,9.036607034188613,7.447802867385721,11.087730528466823,7.17338821948042
USDPEN,1,2025-04-25,ARHinc,44,4,0.8829618760200952,0.6676396969058381,0.6584450098736429,1.0909216263641688
USDPEN,1,2025-04-25,KernelARH,44,4,0.8842707506315399,0.6677318685055772,0.6575707894700581,1.0927842065427322
USDPEN,5,2025-05-01,PM,44,4,0.09140200721579879,0.07203846153846166,0.12238595327225593,0.06887810134997285
USDPEN,5,2025-05-01,PA,44,4,0.8743817740954837,0.6574628736567826,0.649482518040251,1.0796607840845736
USDPEN,5,2025-05-01,VAR1,44,4,6.98995522203757,5.6190680610401165,8.726187319883184,5.7137938031413995
USDPEN,5,2025-05-01,ARHinc,44,4,0.8750475236204339,0.6577199686569359,0.6500822928085236,1.0802359317270624
USDPEN,5,2025-05-01,KernelARH,44,4,0.8872352669391774,0.6692992363357644,0.686293404200284,1.0838805791588626
USDPEN,10,2025-05-08,PM,44,4,0.31878540527349214,0.20650000000000004,0.36118678303753504,0.25009389558934236
USDPEN,10,2025-05-08,PA,44,4,0.9495086718131237,0.7335288659000937,0.7486942589585889,1.1242027720905923
USDPEN,10,2025-05-08,VAR1,44,4,4.207419759384163,3.3763605635875957,5.198536947912021,3.4984000537659585
USDPEN,10,2025-05-08,ARHinc,44,4,0.9527746454982063,0.7369530644232971,0.7499945037833565,1.1270292183162929
USDPEN,10,2025-05-08,KernelARH,44,4,0.9562964182184516,0.7478090769981997,0.751170473229876,1.1309982115514996
USDPEN,1,2025-04-28,PM,44,4,0.06995706100612994,0.042384615384615326,0.09531326637578472,0.04086612782911313
USDPEN,1,2025-04-28,PA,44,4,0.8847765778623646,0.6737657639567489,0.6728772656486381,1.0876306514557297
USDPEN,1,2025-04-28,VAR1,44,4,18.59876850214069,15.606486743291287,22.4645781743734,15.11087331115212
USDPEN,1,2025-04-28,ARHinc,44,4,0.8834288490093429,0.6718318963733156,0.6672495274995826,1.0874049410541924
USDPEN,1,2025-04-28,KernelARH,44,4,0.8913426968859605,0.6798047298939677,0.6941807056838504,1.0887992874840229
USDPEN,5,2025-05-02,PM,44,4,0.06842212024237147,0.05246153846153848,0.0772015947016204,0.05338887630549762
USDPEN,5,2025-05-02,PA,44,4,0.8773968975059283,0.6659965331875181,0.6586544493914639,1.080038967374483
USDPEN,5,2025-05-02,VAR1,44,4,13.975156272769286,11.557573994709083,17.139660580624955,11.400275747030785
USDPEN,5,2025-05-02,ARHinc,44,4,0.8759403692381539,0.6642011344044554,0.6547337497549757,1.0794439375706861
USDPEN,5,2025-05-02,KernelARH,44,4,0.8879138865541852,0.6736534025328179,0.6893883410835414,1.0833297340537187
USDPEN,10,2025-05-09,PM,44,4,0.29481586495772105,0.17461538461538456,0.3180625941379231,0.23886722075203415
USDPEN,10,2025-05-09,PA,44,4,0.9557781200670401,0.747879526152899,0.7720234854100221,1.1252913908487268
USDPEN,10,2025-05-09,VAR1,44,4,7.436548085245004,6.189886761246613,8.966177605059354,6.083835155559695
USDPEN,10,2025-05-09,ARHinc,44,4,0.952612312923111,0.7425706333488207,0.7711552338195412,1.1224291412727994
USDPEN,10,2025-05-09,KernelARH,44,4,0.9652767808040109,0.7595896858418753,0.7802983729655555,1.132822181927721
USDPEN,1,2025-04-29,PM,44,4,0.026837294659025818,0.01861538461538456,0.028098153463535773,0.025701732828337914
USDPEN,1,2025-04-29,PA,44,4,0.8714027661507435,0.6556474145941584,0.6486515226647722,1.0780205882083609
USDPEN,1,2025-04-29,VAR1,44,4,4.472996211564937,3.684932876276681,5.49815401418805,3.722057439172464
USDPEN,1,2025-04-29,ARHinc,44,4,0.8713676725359125,0.6561868466015434,0.6491376458403891,1.0780033077176017
USDPEN,1,2025-04-29,KernelARH,44,4,0.8738810654877481,0.6641179833565742,0.6576200372606884,1.0785753180594848
USDPEN,5,2025-05-05,PM,44,4,0.35706495853749737,0.2500769230769231,0.38533588622441894,0.288220723549652
USDPEN,5,2025-05-05,PA,44,4,0.9818263304370604,0.7775588982270971,0.8121242201938824,1.1339234938076588
USDPEN,5,2025-05-05,VAR1,44,4,3.4486379040349373,2.8686641405463145,4.243576318747184,2.9116618550760562
USDPEN,5,2025-05-05,ARHinc,44,4,0.9875529544146759,0.7807245357128588,0.8114488853283648,1.1395069529813966
USDPEN,5,2025-05-05,KernelARH,44,4,0.9720752753849439,0.7633172775382026,0.7819092312586539,1.132558180521816
USDPEN,10,2025-05-12,PM,44,4,0.3294510293947051,0.19865384615384638,0.3596948668871938,0.2665830285609188
USDPEN,10,2025-05-12,PA,44,4,0.9958150553714918,0.780530432441649,0.8395485132503315,1.1474941139631887
USDPEN,10,2025-05-12,VAR1,44,4,1.102060958907178,0.8777091934938924,0.9720348105519492,1.2200482263262156
USDPEN,10,2025-05-12,ARHinc,44,4,1.0006752039606983,0.7840547717604847,0.839251204110899,1.1522801289381457
USDPEN,10,2025-05-12,KernelARH,44,4,0.9993105057546269,0.7812900718953848,0.8321416324776679,1.1526030426007867
USDPEN,1,2025-04-30,PM,44,4,0.04183357595189629,0.03238461538461532,0.0586448094244989,0.0352032491243033
USDPEN,1,2025-04-30,PA,44,4,0.8719511298858637,0.6535703837505092,0.646800286116713,1.0789135827577847
USDPEN,1,2025-04-30,VAR1,44,4,3.872721230586477,3.2586039667216906,4.777763727016355,3.25293825399322
USDPEN,1,2025-04-30,ARHinc,44,4,0.8717702109070788,0.6539656668688425,0.6461117098373376,1.0788901226972547
USDPEN,1,2025-04-30,KernelARH,44,4,0.8722142706143718,0.654676168376382,0.6459463014865588,1.0793895257322295
USDPEN,5,2025-05-06,PM,44,4,0.3529370585638355,0.2429230769230769,0.37416579751062995,0.28671634795001905
USDPEN,5,2025-05-06,PA,44,4,0.9769154267335743,0.7752655824734962,0.8004564952670874,1.1313691004647064
USDPEN,5,2025-05-06,VAR1,44,4,4.21059675262088,3.584876718174923,5.170238912195462,3.4928913936951393
USDPEN,5,2025-05-06,ARHinc,44,4,0.975122111379984,0.7724225656312169,0.796871340548184,1.1306600213539333
USDPEN,5,2025-05-06,KernelARH,44,4,0.9791185246805116,0.777195819530362,0.7883246598210547,1.1366915354218432
USDPEN,10,2025-05-13,PM,44,4,0.3389233518976502,0.20123076923076927,0.3583347698423388,0.2803482599382165
USDPEN,10,2025-05-13,PA,44,4,0.9980509354921492,0.7803590430812446,0.8321325731418233,1.1541517870477465
USDPEN,10,2025-05-13,VAR1,44,4,1.7679155065733407,1.5305350915741038,1.8141207337075393,1.6875887007266361
USDPEN,10,2025-05-13,ARHinc,44,4,0.9966396927348988,0.7786830590885684,0.8292796268011765,1.153609117987453
USDPEN,10,2025-05-13,KernelARH,44,4,1.0506769910580116,0.8467915674780435,0.8987628382715317,1.1862502995032027
USDPEN,1,2025-05-01,PM,44,4,0.025711977155224275,0.0185384615384616,0.03240283724794478,0.019502650903294547
USDPEN,1,2025-05-01,PA,44,4,0.8725622236250576,0.655974512000544,0.6458014849070873,1.0784291009398956
USDPEN,1,2025-05-01,VAR1,44,4,5.256961160006055,4.401445383782531,6.580383069340922,4.26487822245351
USDPEN,1,2025-05-01,ARHinc,44,4,0.8724120105760648,0.6556999382782266,0.6451448548266954,1.0783732100397876
USDPEN,1,2025-05-01,KernelARH,44,4,0.8729869255702416,0.6549133147994852,0.6473708911749421,1.0785237561265346
USDPEN,5,2025-05-07,PM,44,4,0.24620836235251575,0.16123076923076926,0.2813005721989766,0.20047163081020303
USDPEN,5,2025-05-07,PA,44,4,0.9319566037793169,0.7229534690382534,0.7374510888450808,1.107577383280932
USDPEN,5,2025-05-07,VAR1,44,4,6.415701399896206,5.478696612903042,7.785350897178323,5.217820295028434
USDPEN,5,2025-05-07,ARHinc,44,4,0.9305693848851135,0.723249484839797,0.7387225188064256,1.1060058218697153
USDPEN,5,2025-05-07,KernelARH,44,4,0.9520974785741511,0.7463227779500233,0.7682871725416045,1.1190710236107542
USDPEN,10,2025-05-14,PM,44,4,0.21902680289091425,0.1466923076923076,0.22161794113734137,0.19433058724019478
USDPEN,10,2025-05-14,PA,44,4,0.9522196246766771,0.7475448666845713,0.7613797311348827,1.129011247695244
USDPEN,10,2025-05-14,VAR1,44,4,3.2700982504129756,2.849608481173496,3.5463880091486724,2.82452964109545
USDPEN,10,2025-05-14,ARHinc,44,4,0.9498988146301375,0.7459581391911118,0.7577448095389439,1.1274693577334867
USDPEN,10,2025-05-14,KernelARH,44,4,0.9794250002428398,0.7618412343092916,0.7728275515298264,1.1533763373049999
USDPEN,1,2025-05-02,PM,44,4,0.03742749400764502,0.028923076923076867,0.04608992231726937,0.031056978886351342
USDPEN,1,2025-05-02,PA,44,4,0.8741500117345035,0.6605004367188548,0.6485270386893489,1.0790284499392957
USDPEN,1,2025-05-02,VAR1,44,4,3.864974043576506,3.2733794350872256,4.840776415694967,3.1335582849564565
USDPEN,1,2025-05-02,ARHinc,44,4,0.8739936970564232,0.6603792432743584,0.6481122074375376,1.0789516195802484
USDPEN,1,2025-05-02,KernelARH,44,4,0.8742574492540736,0.6588579250815754,0.6486281178168642,1.0791751179886546
USDPEN,5,2025-05-08,PM,44,4,0.25091965462458893,0.1482307692307691,0.2676236687685112,0.2049727595098167
USDPEN,5,2025-05-08,PA,44,4,0.9419259257346486,0.7292458731234283,0.7392022461787153,1.1184658831463574
USDPEN,5,2025-05-08,VAR1,44,4,5.071298340903945,4.393620211066276,6.080171632924188,4.143593533957214
USDPEN,5,2025-05-08,ARHinc,44,4,0.9416215436260464,0.728667631901295,0.7393796534475513,1.1181151349752785
USDPEN,5,2025-05-08,KernelARH,44,4,0.9523254749435187,0.7378975415969845,0.7515469889262892,1.1251645408202589
USDPEN,10,2025-05-15,PM,44,4,0.25791713785632775,0.1795,0.2672709522116928,0.2260595355879155
USDPEN,10,2025-05-15,PA,44,4,0.9730863748751779,0.7567800572340884,0.7754816714865408,1.1506137646772259
USDPEN,10,2025-05-15,VAR1,44,4,2.8802002007770717,2.5059181514342965,3.0414644308044396,2.5492160340762764
USDPEN,10,2025-05-15,ARHinc,44,4,0.9724040985357646,0.7563092481701149,0.7740686486931706,1.1502344826576376
USDPEN,10,2025-05-15,KernelARH,44,4,0.9768688546581463,0.7597476256897523,0.7651267753928271,1.1570462968847122
USDPEN,1,2025-05-05,PM,44,4,0.3395368734932017,0.226153846153846,0.3741706672892878,0.2657433673713422
USDPEN,1,2025-05-05,PA,44,4,0.9674542375292832,0.7598282326726794,0.7829305723246545,1.1274028727637753
USDPEN,1,2025-05-05,VAR1,44,4,3.0377372737081445,2.5590327693247716,3.863987870413545,2.4693546261165116
USDPEN,1,2025-05-05,ARHinc,44,4,0.9679464020496513,0.7602777477855892,0.7835373154151032,1.1277081910571907
USDPEN,1,2025-05-05,KernelARH,44,4,0.9726874101092454,0.7657226786651337,0.7905895745653984,1.1302995704543508
USDPEN,5,2025-05-09,PM,44,4,0.25200980597526823,0.14188461538461522,0.2900564605327431,0.19990856678373523
USDPEN,5,2025-05-09,PA,44,4,0.9525862071784803,0.7402688680788058,0.7768562712927896,1.1204073853614862
USDPEN,5,2025-05-09,VAR1,44,4,4.308872275929185,3.742074922185485,5.202557377684285,3.529444497061912
USDPEN,5,2025-05-09,ARHinc,44,4,0.952925094946984,0.7405740183719046,0.7772430666165042,1.1206302007357243
USDPEN,5,2025-05-09,KernelARH,44,4,0.9597495019267872,0.74670271810589,0.7847227597660438,1.1252366306597406
USDPEN,10,2025-05-16,PM,44,4,0.3533207847312084,0.2806538461538463,0.4821678593713536,0.23343295411479068
USDPEN,10,2025-05-16,PA,44,4,0.9788272519287151,0.7608623047309766,0.8515734640308035,1.1292473727786727
USDPEN,10,2025-05-16,VAR1,44,4,2.8878813889602597,2.5010227590391976,3.0958111258295067,2.5315868679729996
USDPEN,10,2025-05-16,ARHinc,44,4,0.9787489224769836,0.7607765633020265,0.8513403596277731,1.1292655438792505
USDPEN,10,2025-05-16,KernelARH,44,4,0.9715494870058818,0.7546408892088886,0.8354661692970349,1.1274281597516722
USDPEN,1,2025-05-06,PM,44,4,0.03309659522344586,0.023769230769230803,0.04742783735661207,0.023394651721484142
USDPEN,1,2025-05-06,PA,44,4,0.9204148956949919,0.7111509662519733,0.7186758703208438,1.1013341094207638
USDPEN,1,2025-05-06,VAR1,44,4,10.534579011286315,8.31743524762536,14.045790725875346,8.102740864776562
USDPEN,1,2025-05-06,ARHinc,44,4,0.921531872545135,0.7123310043354295,0.7211254308413421,1.1017904716564983
USDPEN,1,2025-05-06,KernelARH,44,4,0.9227509510726668,0.7150723085232232,0.7236214514526347,1.1022467764272803
USDPEN,5,2025-05-12,PM,44,4,0.09298573091526544,0.07630769230769226,0.10616406555975341,0.07621104607146645
USDPEN,5,2025-05-12,PA,44,4,0.9502319772138604,0.7429595039253702,0.7743232184035643,1.1221896920075611
USDPEN,5,2025-05-12,VAR1,44,4,13.537399932010715,11.05615815121037,17.623859828823345,10.509107125515254
USDPEN,5,2025-05-12,ARHinc,44,4,0.952419702965784,0.7446899863280079,0.7782663943152551,1.1231803495781514
USDPEN,5,2025-05-12,KernelARH,44,4,0.9768892203347079,0.7630995716416462,0.8071465621450943,1.1376485290521792
USDPEN,10,2025-05-19,PM,44,4,0.5060203895253477,0.4083846153846154,0.6801574668212127,0.32709703797747547
USDPEN,10,2025-05-19,PA,44,4,1.0042033589240225,0.7784349373432762,0.8934333309483738,1.1419467104872447
USDPEN,10,2025-05-19,VAR1,44,4,5.534706968081781,4.6312047238029335,6.790084941058125,4.488950078907663
USDPEN,10,2025-05-19,ARHinc,44,4,0.9989077510921469,0.7722495008543592,0.8747129697910695,1.1419166195659483
USDPEN,10,2025-05-19,KernelARH,44,4,0.9635938861425225,0.7452701287028105,0.8246515410886771,1.1240865323610603
USDPEN,1,2025-05-07,PM,44,4,0.1410257750582113,0.10673076923076925,0.16761887260845326,0.10359102536644632
USDPEN,1,2025-05-07,PA,44,4,0.9175377192312965,0.7085759034019062,0.7231023684550263,1.0987599967918713
USDPEN,1,2025-05-07,VAR1,44,4,9.713074327336415,7.5181359034955415,13.248647716896617,7.480622549029415
USDPEN,1,2025-05-07,ARHinc,44,4,0.9162089462450932,0.7070180641278985,0.7211503243351466,1.0978356934750426
USDPEN,1,2025-05-07,KernelARH,44,4,0.9145904773633705,0.7068926350370499,0.7203796377911561,1.0961729960225335
USDPEN,5,2025-05-13,PM,44,4,0.09328281027235241,0.07592307692307683,0.10205943324956392,0.08451991834208115
USDPEN,5,2025-05-13,PA,44,4,0.9509486381207566,0.7399320404083577,0.7701408136148545,1.1263567993101984
USDPEN,5,2025-05-13,VAR1,44,4,11.975937112474059,9.293874656931195,16.24528615391685,9.21293871622887
USDPEN,5,2025-05-13,ARHinc,44,4,0.9504598290318963,0.7402340839471233,0.7692283885943964,1.126077060086129
USDPEN,5,2025-05-13,KernelARH,44,4,0.9724915634435077,0.7596238585617755,0.7930723800924314,1.1401787036234838
USDPEN,10,2025-05-20,PM,44,4,0.4543313451148249,0.37476923076923074,0.5857330934748232,0.30501034016766115
USDPEN,10,2025-05-20,PA,44,4,0.9846844509915554,0.7586729797211598,0.8351927148162313,1.1390374266256118
USDPEN,10,2025-05-20,VAR1,44,4,3.5997199905758492,2.8522598018571226,4.793185217200797,2.867796242385489
USDPEN,10,2025-05-20,ARHinc,44,4,0.9843445614687869,0.7595779673273381,0.8388391751895223,1.1378325438993384
USDPEN,10,2025-05-20,KernelARH,44,4,0.9600704025393464,0.7427477021547815,0.8062730731159268,1.1257697121468815
USDPEN,1,2025-05-08,PM,44,4,0.07512393606055767,0.049653846153846194,0.10511784203183916,0.04628230613662924
USDPEN,1,2025-05-08,PA,44,4,0.9227175680318198,0.7142437356586974,0.7230250766324873,1.1049208491132443
USDPEN,1,2025-05-08,VAR1,44,4,7.15007199791559,5.741368693987275,9.775688009361119,5.561831848424043
USDPEN,1,2025-05-08,ARHinc,44,4,0.9238518355446319,0.7173496570218554,0.7272793605242012,1.1049932036083985
USDPEN,1,2025-05-08,KernelARH,44,4,0.9254310938345711,0.7141932806839727,0.7235762279931603,1.1072682932992954
USDPEN,5,2025-05-14,PM,44,4,0.22680335009735772,0.16453846153846158,0.3446936850040394,0.12492589364740603
USDPEN,5,2025-05-14,PA,44,4,0.9581772360247516,0.7491727593053974,0.8069469763207113,1.1218856296768953
USDPEN,5,2025-05-14,VAR1,44,4,8.95343140523793,7.175318122735511,12.262954906091464,6.9342582268701625
USDPEN,5,2025-05-14,ARHinc,44,4,0.9626185420564055,0.752020642959051,0.8156917577786477,1.1234470431357693
USDPEN,5,2025-05-14,KernelARH,44,4,0.9464051277987824,0.743800859690699,0.7715456459785164,1.1203588960078699
USDPEN,10,2025-05-21,PM,44,4,0.35821378447041285,0.2847307692307694,0.5207947612490567,0.21532736872173944
USDPEN,10,2025-05-21,PA,44,4,0.9829477069229132,0.761791094464233,0.8717303801843633,1.1264812144256218
USDPEN,10,2025-05-21,VAR1,44,4,2.810924257482653,2.3685220845185206,3.543641573904797,2.376428173253463
USDPEN,10,2025-05-21,ARHinc,44,4,0.991323621891537,0.7690280354840119,0.8848473448007881,1.130513526025639
USDPEN,10,2025-05-21,KernelARH,44,4,0.9566192218124441,0.7429853271016917,0.805561624925637,1.1201143105197082
USDPEN,1,2025-05-09,PM,44,4,0.05899519211179585,0.03715384615384614,0.0902680365715839,0.03677336713984316
USDPEN,1,2025-05-09,PA,44,4,0.931569276259677,0.7217860849698563,0.7513946872989049,1.1072583794326907
USDPEN,1,2025-05-09,VAR1,44,4,9.706525385323324,7.626091203343339,13.231312071750654,7.467156313979472
USDPEN,1,2025-05-09,ARHinc,44,4,0.9316046005440624,0.7231309394802631,0.7507757819830705,1.1073477149828899
USDPEN,1,2025-05-09,KernelARH,44,4,0.9320096647286266,0.7226918230316672,0.7522033257800357,1.1074749815615275
USDPEN,5,2025-05-15,PM,44,4,0.19860620100319903,0.1583076923076924,0.2753279554013205,0.13422482757030454
USDPEN,5,2025-05-15,PA,44,4,0.9574643309136834,0.7470522114904901,0.7701731831829994,1.1357574578906624
USDPEN,5,2025-05-15,VAR1,44,4,11.75951695225855,9.152564971470524,16.21889814597964,8.954474717179865
USDPEN,5,2025-05-15,ARHinc,44,4,0.9591048896194762,0.7483338374401476,0.7756723290524951,1.13611949908025
USDPEN,5,2025-05-15,KernelARH,44,4,0.9603488748657638,0.7491904511091708,0.7714615260141366,1.138530484762597
USDPEN,10,2025-05-22,PM,44,4,0.3406671904005206,0.2653461538461539,0.4611288887700311,0.21910435325044134
USDPEN,10,2025-05-22,PA,44,4,0.9576183137103559,0.7395107935901843,0.8143357388707708,1.1144421864405631
USDPEN,10,2025-05-22,VAR1,44,4,4.063376237869034,3.38651604399151,5.291520617562985,3.304761094421728
USDPEN,10,2025-05-22,ARHinc,44,4,0.9580384460332526,0.7412452463529783,0.8213505289971406,1.1131925053679863
USDPEN,10,2025-05-22,KernelARH,44,4,0.9426238403709638,0.7326138622079549,0.7936158225143318,1.106741018432791
USDPEN,1,2025-05-12,PM,44,4,0.089059185160984225,0.05973076923076932,0.10596758591186764,0.06073454462252261
USDPEN,1,2025-05-12,PA,44,4,0.949950887074701,0.7426035507019288,0.7741711942876068,1.1215766900091806
USDPEN,1,2025-05-12,VAR1,44,4,6.962604405003801,5.4593408089352975,9.532741687686194,5.347578607938218
USDPEN,1,2025-05-12,ARHinc,44,4,0.9494322095582075,0.7413524345328117,0.7738023396231117,1.1211880547343003
USDPEN,1,2025-05-12,KernelARH,44,4,0.9507142326747464,0.7427106389871396,0.775608178146202,1.1218133729124424
USDPEN,5,2025-05-16,PM,44,4,0.45695438250694964,0.3556538461538464,0.6449113597067966,0.27803163792744673
USDPEN,5,2025-05-16,PA,44,4,1.0194760632330189,0.8007603468440154,0.941531126093233,1.1408381295840386
USDPEN,5,2025-05-16,VAR1,44,4,8.830230744121959,6.962149137695219,12.213646868148652,6.685302675673967
USDPEN,5,2025-05-16,ARHinc,44,4,1.0181432453654602,0.7976989257239325,0.9325732114373884,1.1419105760513837
USDPEN,5,2025-05-16,KernelARH,44,4,1.0013116709761836,0.7848162199460207,0.9030647970166089,1.134823933018432
USDPEN,10,2025-05-23,PM,44,4,0.5363661565070581,0.38873076923076927,0.6225327191917573,0.4156470094271452
USDPEN,10,2025-05-23,PA,44,4,0.9856557070799338,0.7834893157558404,0.8528243847168997,1.1246185855745139
USDPEN,10,2025-05-23,VAR1,44,4,3.308825122540517,2.7740431405331187,4.202351332648722,2.740028251633566
USDPEN,10,2025-05-23,ARHinc,44,4,0.9877488545233459,0.7856765764319079,0.8469344022682941,1.1282561053701927
USDPEN,10,2025-05-23,KernelARH,44,4,0.9514587848915824,0.7343619470373365,0.8013152904623995,1.105809584342689
USDPEN,1,2025-05-13,PM,44,4,0.025390223739432966,0.016461538461538396,0.03479475390487901,0.017956461822881194
USDPEN,1,2025-05-13,PA,44,4,0.9499325676631638,0.739864288740754,0.7679767758871214,1.1258246766281506
USDPEN,1,2025-05-13,VAR1,44,4,8.961412846820657,6.977398368510847,12.257502128866836,6.851984663751771
USDPEN,1,2025-05-13,ARHinc,44,4,0.9504071794437126,0.7402695670956141,0.7688481212352989,1.1259793928694912
USDPEN,1,2025-05-13,KernelARH,44,4,0.9514044810935415,0.7423895338349847,0.7696838273633811,1.1266433614820737
USDPEN,5,2025-05-19,PM,44,4,0.44871408148516684,0.3461538461538463,0.6251178276611825,0.2746780928529457
USDPEN,5,2025-05-19,PA,44,4,0.9938474916143748,0.7680713845846274,0.8755895673334462,1.1369540692877405
USDPEN,5,2025-05-19,VAR1,44,4,11.118158405989172,8.6253072191012,15.373428454277317,8.431715942819002
USDPEN,5,2025-05-19,ARHinc,44,4,0.9901154063261232,0.7665501780349282,0.8727433321460834,1.134343961951763
USDPEN,5,2025-05-19,KernelARH,44,4,0.9832979923556002,0.7661703330243045,0.872173832565278,1.1287744009241305
USDPEN,10,2025-05-26,PM,44,4,0.5132349327100079,0.3688846153846153,0.5970044902554076,0.388284967830426
USDPEN,10,2025-05-26,PA,44,4,0.9681993576941311,0.7390140503510555,0.782318392318736,1.1350856931552689
USDPEN,10,2025-05-26,VAR1,44,4,3.945188947520294,3.288807298050239,5.1531090833364965,3.1985208598016897
USDPEN,10,2025-05-26,ARHinc,44,4,0.9620635596048236,0.7341848741539041,0.7774067436114442,1.1306559602372332
USDPEN,10,2025-05-26,KernelARH,44,4,0.9452378567317963,0.7206041638195664,0.7691837272644689,1.1172385162016456
USDPEN,1,2025-05-14,PM,44,4,0.25474213960848263,0.18803846153846146,0.3411380646234362,0.15494615505827547
USDPEN,1,2025-05-14,PA,44,4,0.9519636812476124,0.7451173272301971,0.7760729777400707,1.1230958651152283
USDPEN,1,2025-05-14,VAR1,44,4,8.132508755700638,6.272212429195854,11.216178395492387,6.190439730613081
USDPEN,1,2025-05-14,ARHinc,44,4,0.9516549768024808,0.7449472079778126,0.7763343120488273,1.122773686344205
USDPEN,1,2025-05-14,KernelARH,44,4,0.949049126926427,0.7437936304956007,0.7751500662033511,1.1209110639060889
USDPEN,5,2025-05-20,PM,44,4,0.4026991862611403,0.31549999999999984,0.5384423822983865,0.2566374689444059
USDPEN,5,2025-05-20,PA,44,4,0.9832726251745966,0.7550245679754141,0.8384423956389754,1.136821580240864
USDPEN,5,2025-05-20,VAR1,44,4,10.342918247750383,8.120336500964239,14.282314087150093,7.899030144581918
USDPEN,5,2025-05-20,ARHinc,44,4,0.9829967111839617,0.7552581654424245,0.8394462094182701,1.1363359632330676
USDPEN,5,2025-05-20,KernelARH,44,4,0.9772984720019328,0.7571496542835924,0.8467143410266103,1.1298723667245243
USDPEN,10,2025-05-27,PM,44,4,0.7179521826267133,0.545076923076923,0.8536884195317127,0.5373275831974942
USDPEN,10,2025-05-27,PA,44,4,1.0669357814299514,0.8797127631892387,0.9641380056551383,1.1785184358342868
USDPEN,10,2025-05-27,VAR1,44,4,4.244288813973469,3.5248124547465722,5.362288007146388,3.505133037281535
USDPEN,10,2025-05-27,ARHinc,44,4,1.0660964976807845,0.8791971322563856,0.9651555765740556,1.1774116753977457
USDPEN,10,2025-05-27,KernelARH,44,4,1.0477443526360808,0.8602838501492334,0.9692221600738702,1.15842065560309
USDPEN,1,2025-05-15,PM,44,4,0.0792324962470479,0.06126923076923074,0.08058735916923285,0.07744152973099151
USDPEN,1,2025-05-15,PA,44,4,0.9551162292382928,0.7441413664806699,0.7651041004511786,1.135206160295167
USDPEN,1,2025-05-15,VAR1,44,4,7.093030982076566,5.447456447646596,9.734057111182715,5.511112895768627
USDPEN,1,2025-05-15,ARHinc,44,4,0.9604630789181725,0.7480874056883206,0.7807878056818848,1.1364515919713463
USDPEN,1,2025-05-15,KernelARH,44,4,0.959992042421351,0.7478500844209681,0.7785018340469074,1.1366672386042698
USDPEN,5,2025-05-21,PM,44,4,0.15048239738612934,0.12853846153846163,0.18946583723630808,0.11297021415653749
USDPEN,5,2025-05-21,PA,44,4,0.9587663390386999,0.7407011648515975,0.814151830104364,1.1190306496100717
USDPEN,5,2025-05-21,VAR1,44,4,9.86556875117921,7.7535428674352005,13.480657674106302,7.745464460427608
USDPEN,5,2025-05-21,ARHinc,44,4,0.9660383155071873,0.7467857530070589,0.8314383299435504,1.1212755679870676
USDPEN,5,2025-05-21,KernelARH,44,4,0.9706379232845307,0.7509709186060192,0.8341610672575307,1.1245133095443394
USDPEN,10,2025-05-28,PM,44,4,0.4431495666945174,0.3278076923076923,0.46073649224613167,0.37546409875214426
USDPEN,10,2025-05-28,PA,44,4,0.9867490788971315,0.7879122628162769,0.8763871897863066,1.1148798584701705
USDPEN,10,2025-05-28,VAR1,44,4,4.359053482191054,3.6386064752542535,5.586831845934575,3.633718024984459
USDPEN,10,2025-05-28,ARHinc,44,4,0.998319006255975,0.8024208985348107,0.899877473189909,1.119237542965016
USDPEN,10,2025-05-28,KernelARH,44,4,1.0054457000872672,0.8080981465558018,0.9034112520107808,1.1248967483977401
USDPEN,1,2025-05-16,PM,44,4,0.28842485023099046,0.2288846153846154,0.3625611433053595,0.20275651282203397
USDPEN,1,2025-05-16,PA,44,4,0.9876319561687842,0.7756685310801709,0.8747645598838681,1.1298574506849606
USDPEN,1,2025-05-16,VAR1,44,4,8.798730770859182,6.855188070735568,11.642614653537185,7.231380365657987
USDPEN,1,2025-05-16,ARHinc,44,4,0.9948748077584161,0.7817884242651273,0.8895902920920886,1.1325011563069045
USDPEN,1,2025-05-16,KernelARH,44,4,0.9918452124401823,0.7805306649042532,0.88632160775938,1.1307071967992217
USDPEN,5,2025-05-22,PM,44,4,0.20961640790152494,0.16223076923076932,0.22601807935217158,0.1790962625332969
USDPEN,5,2025-05-22,PA,44,4,0.9476075249121134,0.7367851277811823,0.7969914336135884,1.1109070908305871
USDPEN,5,2025-05-22,VAR1,44,4,14.5607287614491,11.375570536803792,19.23240178292954,11.871782032646468
USDPEN,5,2025-05-22,ARHinc,44,4,0.9518327820156695,0.7396543532589824,0.8046656215749978,1.112724794642952
USDPEN,5,2025-05-22,KernelARH,44,4,0.9557015497404602,0.7419506835209265,0.8163788303035885,1.1124843907899464
USDPEN,10,2025-05-29,PM,44,4,0.3898136265724154,0.2967307692307692,0.39236977239960874,0.3334286220046727
USDPEN,10,2025-05-29,PA,44,4,0.9684217772388182,0.7613860828325868,0.8363622475488394,1.1095469316321498
USDPEN,10,2025-05-29,VAR1,44,4,7.055229541995837,5.542806335867142,9.241246043094431,5.802557201729665
USDPEN,10,2025-05-29,ARHinc,44,4,0.9753710476833433,0.768426482842749,0.8471796897680416,1.1130100845511053
USDPEN,10,2025-05-29,KernelARH,44,4,0.9805973110653173,0.768831299811221,0.8663775773484728,1.1111140989565664
USDPEN,1,2025-05-19,PM,44,4,0.07953530904331349,0.05499999999999989,0.09371236100457392,0.05254777985086278
USDPEN,1,2025-05-19,PA,44,4,0.9178853102028629,0.706552128881792,0.7067005383075157,1.109507161614709
USDPEN,1,2025-05-19,VAR1,44,4,15.273074265039858,11.841219829512642,19.74656404099628,12.558843142240567
USDPEN,1,2025-05-19,ARHinc,44,4,0.9287285545556313,0.7134647433888727,0.7358743434078772,1.1137508191737993
USDPEN,1,2025-05-19,KernelARH,44,4,0.9355985917451888,0.7213387315698081,0.7267346191981844,1.1228095746075883
USDPEN,5,2025-05-23,PM,44,4,0.25934329046206744,0.14750000000000002,0.22335260833025997,0.24941518980171315
USDPEN,5,2025-05-23,PA,44,4,0.8707925888862487,0.6387092290915859,0.6355784447871217,1.07455976628029
USDPEN,5,2025-05-23,VAR1,44,4,25.455612724671752,19.797037332793188,32.90494263346937,20.68976804567461
USDPEN,5,2025-05-23,ARHinc,44,4,0.8705418915215115,0.6364308721889721,0.648285164236457,1.071519007801703
USDPEN,5,2025-05-23,KernelARH,44,4,0.9218214355333124,0.7066498797720098,0.7462281079508561,1.0933463784760928
USDPEN,10,2025-05-30,PM,44,4,0.23520336944865405,0.13934615384615393,0.1868556692574278,0.2361787637682559
USDPEN,10,2025-05-30,PA,44,4,0.8752510983151053,0.6567417357783853,0.6685673374217241,1.0618931176048234
USDPEN,10,2025-05-30,VAR1,44,4,12.816595474550638,10.057261951065714,16.483136434555234,10.434892187557214
USDPEN,10,2025-05-30,ARHinc,44,4,0.8786463566211844,0.6568560799653081,0.6925048362880696,1.0596056924293835
USDPEN,10,2025-05-30,KernelARH,44,4,0.9844436126783623,0.7801138572638365,0.881699438125168,1.1058250613271854
USDPEN,1,2025-05-20,PM,44,4,0.041251456850730686,0.023538461538461446,0.07002346412088756,0.020429283847262086
USDPEN,1,2025-05-20,PA,44,4,0.917114522089763,0.7035933955913786,0.7004989613669311,1.1107856151281124
USDPEN,1,2025-05-20,VAR1,44,4,20.834034302769382,16.458484174320873,26.845304156219825,16.667757856642602
USDPEN,1,2025-05-20,ARHinc,44,4,0.9171682264702863,0.7033072729146851,0.7002523982050869,1.1109038769762891
USDPEN,1,2025-05-20,KernelARH,44,4,0.9180676347601141,0.7017159280971482,0.7010672473216628,1.1115753986474473
USDPEN,5,2025-05-26,PM,44,4,0.22173897509667323,0.13161538461538466,0.21577048340178903,0.20167555518192942
USDPEN,5,2025-05-26,PA,44,4,0.8825669922863996,0.6457498339361876,0.6349272882280033,1.0933798101223102
USDPEN,5,2025-05-26,VAR1,44,4,36.81974210370949,29.26974779252825,47.40616797760501,29.096954885085836
USDPEN,5,2025-05-26,ARHinc,44,4,0.8811732890055847,0.6444521413184762,0.6335759469991933,1.092395994056956
USDPEN,5,2025-05-26,KernelARH,44,4,0.8843218484955704,0.6511724272313062,0.6388562147452499,1.0936426644477621
USDPEN,10,2025-06-02,PM,44,4,0.14737347898347336,0.10399999999999987,0.20115761703844573,0.12234020203813938
USDPEN,10,2025-06-02,PA,44,4,0.89825300157627,0.6918104688693558,0.7008200927180991,1.0816267311620182
USDPEN,10,2025-06-02,VAR1,44,4,21.10342813835147,16.850821300144148,27.106461770592208,16.66092048051335
USDPEN,10,2025-06-02,ARHinc,44,4,0.8976695980466454,0.691303973353349,0.7006660924007108,1.0810860265274946
USDPEN,10,2025-06-02,KernelARH,44,4,0.94903451499557,0.7364810787690291,0.7990452750515592,1.1009230220725987
USDPEN,1,2025-05-21,PM,44,4,0.03145586040543408,0.02219230769230771,0.043347194474209184,0.02027731145969495
USDPEN,1,2025-05-21,PA,44,4,0.9156093749506409,0.7036301024722912,0.7040934569387461,1.1066407969805927
USDPEN,1,2025-05-21,VAR1,44,4,15.499127060005474,12.056852860362753,19.273697284790206,13.942480828412268
USDPEN,1,2025-05-21,ARHinc,44,4,0.9155466044463785,0.7026933181973456,0.7038744566872227,1.1066295472302992
USDPEN,1,2025-05-21,KernelARH,44,4,0.9159320224596028,0.7059766554280543,0.7049242985434995,1.1067276762021567
USDPEN,5,2025-05-27,PM,44,4,0.37029516553066766,0.243653846153846,0.3534273989222639,0.33223410607974313
USDPEN,5,2025-05-27,PA,44,4,0.9165978033955181,0.6931605222639863,0.6954023626244594,1.1103763924096557
USDPEN,5,2025-05-27,VAR1,44,4,21.929955459989,17.023480662257008,27.67646626162284,19.279830292214527
USDPEN,5,2025-05-27,ARHinc,44,4,0.9162813017945249,0.6922358482901438,0.6927376056088416,1.110743408518518
USDPEN,5,2025-05-27,KernelARH,44,4,0.9319355583991931,0.7145032983225222,0.7361775735699407,1.1141850721224673
USDPEN,10,2025-06-03,PM,44,4,0.12608414467513954,0.09846153846153834,0.13355651765872242,0.1259784849292454
USDPEN,10,2025-06-03,PA,44,4,0.8943212013610162,0.6889702052619592,0.6921797169997201,1.079190543515493
USDPEN,10,2025-06-03,VAR1,44,4,8.43263017139095,6.7015160065693316,10.809063730109257,6.851721292240474
USDPEN,10,2025-06-03,ARHinc,44,4,0.8944773206594147,0.6886902098887562,0.6926162159769924,1.079289733605649
USDPEN,10,2025-06-03,KernelARH,44,4,0.9283858535519104,0.7216799214340291,0.7601564603827999,1.090852691036434
USDPEN,1,2025-05-22,PM,44,4,0.06347129878323576,0.05069230769230776,0.055376712123306936,0.06656211182192512
USDPEN,1,2025-05-22,PA,44,4,0.9043571737872329,0.6912094835139865,0.6904201813644871,1.0967530276002848
USDPEN,1,2025-05-22,VAR1,44,4,17.006232861086254,13.27741819302685,21.40387676409681,15.036977683153872
USDPEN,1,2025-05-22,ARHinc,44,4,0.904410574558976,0.6910156316228943,0.6904159923893118,1.0968045157447655
USDPEN,1,2025-05-22,KernelARH,44,4,0.9043044618547542,0.6929005980224995,0.6909249694836943,1.096579574086809
USDPEN,5,2025-05-28,PM,44,4,0.32469801058356224,0.2121923076923077,0.2980761755989976,0.2959742582342172
USDPEN,5,2025-05-28,PA,44,4,0.8890170693055638,0.667605693341276,0.6651985242530843,1.0808506747717312
USDPEN,5,2025-05-28,VAR1,44,4,24.02164565195959,18.70303146270308,30.531862535497382,20.842320676148184
USDPEN,5,2025-05-28,ARHinc,44,4,0.889136928855739,0.6677792830920678,0.6647615114778952,1.0810783239136044
USDPEN,5,2025-05-28,KernelARH,44,4,0.8951137837759668,0.673327754734826,0.6800308731703135,1.0827046281113126
USDPEN,10,2025-06-04,PM,44,4,0.1319921326326803,0.10573076923076914,0.1142201787728309,0.13307278239834983
USDPEN,10,2025-06-04,PA,44,4,0.8904046227430521,0.6899991666360755,0.6861327894976671,1.0737733871771347
USDPEN,10,2025-06-04,VAR1,44,4,8.93057563974383,7.161768373975167,11.398284087379789,7.198545889830978
USDPEN,10,2025-06-04,ARHinc,44,4,0.8904548887645766,0.689884621272653,0.6859888641644737,1.0738766303417875
USDPEN,10,2025-06-04,KernelARH,44,4,0.8938554036364144,0.6949750529231956,0.6940709500586465,1.074719583970822
USDPEN,1,2025-05-23,PM,44,4,0.253568853492574,0.1428076923076924,0.2122298842158961,0.23982936979253913
USDPEN,1,2025-05-23,PA,44,4,0.8710510077643902,0.641275011149734,0.6292048730188126,1.0761010881318478
USDPEN,1,2025-05-23,VAR1,44,4,19.250914442271934,15.041209021438304,24.227886487464705,16.98103768388458
USDPEN,1,2025-05-23,ARHinc,44,4,0.8713945709222665,0.6419313005210535,0.629760419855655,1.0762931632887056
USDPEN,1,2025-05-23,KernelARH,44,4,0.8686991562562677,0.6407678299726988,0.631497841682311,1.0729660422885783
USDPEN,5,2025-05-29,PM,44,4,0.1990983280461422,0.14684615384615382,0.19686085401376904,0.17093608188350382
USDPEN,5,2025-05-29,PA,44,4,0.8800499364779842,0.6653552372837079,0.6636145121014314,1.0725928937198195
USDPEN,5,2025-05-29,VAR1,44,4,22.263969849149294,17.41379429719108,28.353892502360356,19.3433198297125
USDPEN,5,2025-05-29,ARHinc,44,4,0.8806307320870881,0.6659492373217701,0.6645908442813554,1.0728972028860722
USDPEN,5,2025-05-29,KernelARH,44,4,0.8969549823845179,0.6804458283739554,0.697511473560888,1.079500667408138
USDPEN,10,2025-06-05,PM,44,4,0.13991343477582557,0.10338461538461524,0.16137050244333837,0.1450426969412423
USDPEN,10,2025-06-05,PA,44,4,0.8574115292911408,0.6608467293585416,0.6857094007660273,1.0251144480990324
USDPEN,10,2025-06-05,VAR1,44,4,4.886574946340397,4.215404374340291,6.024033560759261,3.803856373783795
USDPEN,10,2025-06-05,ARHinc,44,4,0.856877502502338,0.6596605540290776,0.6838193996837646,1.025104043256154
USDPEN,10,2025-06-05,KernelARH,44,4,0.863123529518944,0.6714260700531175,0.6867450440916908,1.0297621989485695
USDPEN,1,2025-05-26,PM,44,4,0.1010259867558837,0.07549999999999993,0.10333034498778068,0.08782510386107888
USDPEN,1,2025-05-26,PA,44,4,0.8688053804087639,0.6467108023361186,0.6245382453376601,1.0829757276349836
USDPEN,1,2025-05-26,VAR1,44,4,8.662065626256062,6.626051167636915,10.820484205248453,7.440756298220071
USDPEN,1,2025-05-26,ARHinc,44,4,0.8723087389356944,0.6506747471262111,0.6336833457533422,1.083881807177314
USDPEN,1,2025-05-26,KernelARH,44,4,0.900961905226116,0.6845971159950627,0.722491485672985,1.091842417255121
USDPEN,5,2025-05-30,PM,44,4,0.11353434756461632,0.08938461538461545,0.14279622192944932,0.09230174274834985
USDPEN,5,2025-05-30,PA,44,4,0.8500964752114283,0.650392328858136,0.6434729132735313,1.0441189369717874
USDPEN,5,2025-05-30,VAR1,44,4,10.627943418029382,8.387499647007575,12.813021506711394,8.553612671350107
USDPEN,5,2025-05-30,ARHinc,44,4,0.8458594444395274,0.6445757983592566,0.6327357808196916,1.043031421491716
USDPEN,5,2025-05-30,KernelARH,44,4,0.964701404437645,0.7602540736950347,0.8705993343990149,1.0892711613975803
USDPEN,10,2025-06-06,PM,44,4,0.28682177527034236,0.19192307692307692,0.32426903783550487,0.25019924479048294
USDPEN,10,2025-06-06,PA,44,4,0.8962507338347983,0.7010056909262696,0.7512732502777407,1.044289036540848
USDPEN,10,2025-06-06,VAR1,44,4,5.2853049469768205,4.445710965964138,6.2397203839007735,4.044617211562403
USDPEN,10,2025-06-06,ARHinc,44,4,0.902410198227071,0.707740492920306,0.7654120225438966,1.046546558543888
USDPEN,10,2025-06-06,KernelARH,44,4,0.889202340354304,0.6944005583678818,0.7390217461216004,1.0380789275824662
USDPEN,1,2025-05-27,PM,44,4,0.2306802232195369,0.1844230769230768,0.3007447772988056,0.16128459450082455
USDPEN,1,2025-05-27,PA,44,4,0.8685762478287755,0.6464845508399065,0.6460091716380998,1.0772906832000164
USDPEN,1,2025-05-27,VAR1,44,4,3.8382676050655795,2.8588421359004066,4.8167718931609285,3.1070129928795622
USDPEN,1,2025-05-27,ARHinc,44,4,0.8642413827910791,0.6442582969392333,0.6373670189554813,1.0752561627459738
USDPEN,1,2025-05-27,KernelARH,44,4,0.8622204467102114,0.6439387639493924,0.6441917778452637,1.072435701932495
USDPEN,5,2025-06-02,PM,44,4,0.18753768851989353,0.13888461538461536,0.2037735293361331,0.16582341058758557
USDPEN,5,2025-06-02,PA,44,4,0.9056712500571429,0.6999160772337516,0.7128234239712464,1.0854651559981607
USDPEN,5,2025-06-02,VAR1,44,4,4.543270127672611,3.5217307944226124,5.556197446343508,3.5140435738337046
USDPEN,5,2025-06-02,ARHinc,44,4,0.908349453834402,0.7028029530542711,0.7178088903369908,1.086649774019498
USDPEN,5,2025-06-02,KernelARH,44,4,0.9212531818086444,0.7253525928486995,0.7611627733731001,1.0882991513334208
USDPEN,10,2025-06-09,PM,44,4,0.2434495683045922,0.1706153846153845,0.2638115165792508,0.22305071478778732
USDPEN,10,2025-06-09,PA,44,4,0.8841097520922337,0.6873385592118251,0.7272907721055645,1.0400068148440575
USDPEN,10,2025-06-09,VAR1,44,4,2.0296617252175206,1.793364233514068,2.281260829898437,1.7075521167251568
USDPEN,10,2025-06-09,ARHinc,44,4,0.8886968490776499,0.6927142204157806,0.7357470030120179,1.0417065060336583
USDPEN,10,2025-06-09,KernelARH,44,4,0.8692882198942894,0.6803098922194766,0.7077354355805523,1.033511269992752
USDPEN,1,2025-05-28,PM,44,4,0.07726733064248678,0.05569230769230764,0.10335271950847623,0.06360214656637282
USDPEN,1,2025-05-28,PA,44,4,0.8422403331680203,0.6324253988992604,0.6191046110599148,1.048353928595281
USDPEN,1,2025-05-28,VAR1,44,4,6.935285379307408,5.075859684858105,9.128508923816423,5.106374320059054
USDPEN,1,2025-05-28,ARHinc,44,4,0.8401903242688439,0.6277092224771219,0.6099670720643108,1.048510286380727
USDPEN,1,2025-05-28,KernelARH,44,4,0.8586024606202873,0.6495478870719847,0.6437124627989135,1.0570958102205228
USDPEN,5,2025-06-03,PM,44,4,0.32052368507226997,0.20888461538461536,0.3717957247851447,0.26362654512948214
USDPEN,5,2025-06-03,PA,44,4,0.9426353010632356,0.7401094777099374,0.7829130731467967,1.10188702525238
USDPEN,5,2025-06-03,VAR1,44,4,22.05537959828243,18.02688120268194,27.49023580863228,15.573867969874712
USDPEN,5,2025-06-03,ARHinc,44,4,0.9401830831465315,0.7356811712129934,0.7668199593855982,1.1035755615048461
USDPEN,5,2025-06-03,KernelARH,44,4,0.9207303315594313,0.716271321843831,0.7384646103028081,1.0924363997031106
USDPEN,10,2025-06-10,PM,44,4,0.4313152960600686,0.32634615384615384,0.5325954152232393,0.33614781492290874
USDPEN,10,2025-06-10,PA,44,4,0.9478997974491653,0.755598025045152,0.873238512290289,1.0569504497059914
USDPEN,10,2025-06-10,VAR1,44,4,21.396261258422008,18.352254451161752,26.138169400393625,15.356472410142327
USDPEN,10,2025-06-10,ARHinc,44,4,0.9430287239407678,0.7513524044770733,0.8507887320539553,1.0586887019045301
USDPEN,10,2025-06-10,KernelARH,44,4,0.887396168783819,0.6931227277353116,0.7596685246579445,1.0317815514181812
USDPEN,1,2025-05-29,PM,44,4,0.108226747369372,0.06469230769230776,0.1092422223425299,0.09615283356090716
USDPEN,1,2025-05-29,PA,44,4,0.8676616179932383,0.6575487738723916,0.656492720697769,1.06352739248951
USDPEN,1,2025-05-29,VAR1,44,4,3.7432904824717617,2.6194905293016344,4.912163126551182,2.8528000076186806
USDPEN,1,2025-05-29,ARHinc,44,4,0.8675341675074095,0.6585697403067625,0.6577611491331188,1.0631840880621342
USDPEN,1,2025-05-29,KernelARH,44,4,0.8669781827669776,0.6562850883567769,0.6528259310320386,1.0637201163376142
USDPEN,5,2025-06-04,PM,44,4,0.2263792129965186,0.1268461538461539,0.21097576775395263,0.2062256674895686
USDPEN,5,2025-06-04,PA,44,4,0.9107267521543054,0.704762392719172,0.7161743566989259,1.0849694443474172
USDPEN,5,2025-06-04,VAR1,44,4,13.550754630884633,11.121587127136635,16.83455291666636,9.560919367633339
USDPEN,5,2025-06-04,ARHinc,44,4,0.909876042559896,0.704486123382382,0.7163801909561769,1.0841491642107863
USDPEN,5,2025-06-04,KernelARH,44,4,0.89824322468842,0.6924546044724306,0.6937080343496381,1.0789738055225289
USDPEN,10,2025-06-11,PM,44,4,0.45564731004785525,0.3261153846153849,0.6189811750046825,0.31382304598539473
USDPEN,10,2025-06-11,PA,44,4,0.9839370513012711,0.7830175837519913,0.9728158314647004,1.066722986480652
USDPEN,10,2025-06-11,VAR1,44,4,13.390719030890438,11.546181527260053,16.364920468721802,9.623101377855022
USDPEN,10,2025-06-11,ARHinc,44,4,0.9830138781945011,0.781786004360262,0.9744691504482172,1.0654767826899587
USDPEN,10,2025-06-11,KernelARH,44,4,0.91004326366384,0.7133825874752113,0.8236039863593166,1.0397027867008724
USDPEN,1,2025-05-30,PM,44,4,0.07494902113590798,0.054692307692307734,0.07934196809220485,0.0670783547003065
USDPEN,1,2025-05-30,PA,44,4,0.8423333479007125,0.636141082076323,0.621728887612351,1.0426773626341905
USDPEN,1,2025-05-30,VAR1,44,4,2.456380440265497,2.158515552014801,2.9183677290903294,1.9280882866234992
USDPEN,1,2025-05-30,ARHinc,44,4,0.8421935151005572,0.634674912820263,0.6212167992144173,1.0425706654363236
USDPEN,1,2025-05-30,KernelARH,44,4,0.8496076691814461,0.6429844486166406,0.6306906440830871,1.047232245737822
USDPEN,5,2025-06-05,PM,44,4,0.21560725958236057,0.16919230769230775,0.251703717634408,0.17475746531531045
USDPEN,5,2025-06-05,PA,44,4,0.8743994487714052,0.682070284030088,0.7162301251912936,1.0318825336534097
USDPEN,5,2025-06-05,VAR1,44,4,4.798803689421756,4.205895280623301,5.774975118515511,3.571718519343284
USDPEN,5,2025-06-05,ARHinc,44,4,0.8762147510366877,0.6847320795493764,0.7221012863413379,1.0320359031413338
USDPEN,5,2025-06-05,KernelARH,44,4,0.8593899789769422,0.663649658475492,0.6800540176318624,1.0272204771776452
USDPEN,10,2025-06-12,PM,44,4,0.3321107467049554,0.24699999999999991,0.4460413136099383,0.23248167848929158
USDPEN,10,2025-06-12,PA,44,4,0.9165506763168636,0.7256464315744762,0.841278128862006,1.036268632777751
USDPEN,10,2025-06-12,VAR1,44,4,4.1073743958690825,3.5981132165941454,4.931733948235978,3.1913742098146605
USDPEN,10,2025-06-12,ARHinc,44,4,0.9195839133997469,0.7283164315603305,0.8502699296753299,1.0366100599385968
USDPEN,10,2025-06-12,KernelARH,44,4,0.8772923660895083,0.6870121103594058,0.7474151323875082,1.0239723712379203
USDPEN,1,2025-06-02,PM,44,4,0.22850044184438006,0.14234615384615376,0.26254296054888104,0.18410017907075182
USDPEN,1,2025-06-02,PA,44,4,0.9255703841734221,0.7216690227578714,0.7607130464496099,1.091176924985549
USDPEN,1,2025-06-02,VAR1,44,4,3.10687938868097,2.5826712841873154,3.8112637881837075,2.3512879214283466
USDPEN,1,2025-06-02,ARHinc,44,4,0.920795863102414,0.7162632213020397,0.7470542989685329,1.090139657615955
USDPEN,1,2025-06-02,KernelARH,44,4,0.9265562279165818,0.7213454219326259,0.7539145940864952,1.0938948295489597
USDPEN,5,2025-06-06,PM,44,4,0.295805208124952,0.22280769230769232,0.3790315114761666,0.220303606934611
USDPEN,5,2025-06-06,PA,44,4,0.9088021193828076,0.7207597355675205,0.8033394960434229,1.0414372106655059
USDPEN,5,2025-06-06,VAR1,44,4,7.780844216359335,6.60994679355924,9.499759532497581,5.587932989428008
USDPEN,5,2025-06-06,ARHinc,44,4,0.9029374730820127,0.71423436269581,0.7883094074626757,1.0399998391111454
USDPEN,5,2025-06-06,KernelARH,44,4,0.888975947374781,0.6980292396339169,0.7555818260702781,1.0362495834828969
USDPEN,10,2025-06-13,PM,44,4,0.3994896985289725,0.2878846153846155,0.5418713240083034,0.2710695112443988
USDPEN,10,2025-06-13,PA,44,4,0.9532393605335094,0.756721274029059,0.9220119948424362,1.0452917258413579
USDPEN,10,2025-06-13,VAR1,44,4,6.953677683547275,6.07266334374514,8.417419916763135,5.100001523909312
USDPEN,10,2025-06-13,ARHinc,44,4,0.9455043011166078,0.749722818570452,0.9039655923100269,1.0433254258324198
USDPEN,10,2025-06-13,KernelARH,44,4,0.9165397588859767,0.7204169037123331,0.8424685434230451,1.034587942503881
USDPEN,1,2025-06-03,PM,44,4,0.03805676428300636,0.021615384615384637,0.06063126359715603,0.019235638855010163
USDPEN,1,2025-06-03,PA,44,4,0.8906696739716701,0.6833942615816345,0.6945961318509107,1.0744215763212186
USDPEN,1,2025-06-03,VAR1,44,4,10.643582978976683,8.95197332580738,12.905314273929894,7.6699677461695295
USDPEN,1,2025-06-03,ARHinc,44,4,0.8937479265532458,0.6911738555416981,0.7048948792332814,1.0747805495999767
USDPEN,1,2025-06-03,KernelARH,44,4,0.8949196786942439,0.6872396349236676,0.6932347443119048,1.0791472999920166
USDPEN,5,2025-06-09,PM,44,4,0.150410016544521,0.12630769230769234,0.16810031994926752,0.125817259657035
USDPEN,5,2025-06-09,PA,44,4,0.8748795838583802,0.6866637547928977,0.7242579956136472,1.0308969205153542
USDPEN,5,2025-06-09,VAR1,44,4,7.38406081973969,6.352035776882149,8.7738681597205,5.434353467135141
USDPEN,5,2025-06-09,ARHinc,44,4,0.8792712523297695,0.6930883564642659,0.7368584485912769,1.031356114440607
USDPEN,5,2025-06-09,KernelARH,44,4,0.8693541162891154,0.673897116427818,0.7078107456459214,1.0301278210076525
USDPEN,10,2025-06-16,PM,44,4,0.49128579337207684,0.3106538461538463,0.6892815761423617,0.3470296211606369
USDPEN,10,2025-06-16,PA,44,4,1.038194069059519,0.799055328724804,1.1221776369946512,1.052304615391286
USDPEN,10,2025-06-16,VAR1,44,4,5.09776915673758,4.423732833925565,6.081790491312964,3.7798590283264195
USDPEN,10,2025-06-16,ARHinc,44,4,1.049352170347897,0.8045217005153076,1.1468536715619568,1.054042042427515
USDPEN,10,2025-06-16,KernelARH,44,4,1.0439088775147176,0.802136481528491,1.1179145280201823,1.0586678946612675
USDPEN,1,2025-06-04,PM,44,4,0.06088016286746639,0.03753846153846149,0.09850780594106091,0.032126205859452375
USDPEN,1,2025-06-04,PA,44,4,0.8822536435362466,0.6765568888469097,0.678188134275257,1.067215665269298
USDPEN,1,2025-06-04,VAR1,44,4,14.155040416772575,11.422126940970552,17.664606161829415,10.047421441520841
USDPEN,1,2025-06-04,ARHinc,44,4,0.882470156317982,0.677218073191942,0.6781689359118904,1.0674958269122627
USDPEN,1,2025-06-04,KernelARH,44,4,0.8843388722827819,0.6801822190825474,0.679559670442052,1.0692312525949574
USDPEN,5,2025-06-10,PM,44,4,0.1702965456535701,0.13257692307692306,0.20935001172555198,0.13820453095493504
USDPEN,5,2025-06-10,PA,44,4,0.8684467683196669,0.6787586944189363,0.739604136287337,1.0179801749474349
USDPEN,5,2025-06-10,VAR1,44,4,7.350529239911423,5.539347646025894,9.46907493767503,5.1609970066477375
USDPEN,5,2025-06-10,ARHinc,44,4,0.8660077247294479,0.6757174508697105,0.7342068035893149,1.0174259929414422
USDPEN,5,2025-06-10,KernelARH,44,4,0.8623194729729856,0.6704743008351107,0.7244949685946844,1.0168674084984906
USDPEN,10,2025-06-17,PM,44,4,0.36195243790820403,0.24007692307692305,0.45825032541481775,0.31209715505983326
USDPEN,10,2025-06-17,PA,44,4,0.9114023439296253,0.7057506434944035,0.8735692110182138,1.0042645263391687
USDPEN,10,2025-06-17,VAR1,44,4,3.835457016806296,2.5452386976023322,5.293738724333167,2.6064609723724947
USDPEN,10,2025-06-17,ARHinc,44,4,0.9082802562099176,0.7027983879968162,0.865710402190565,1.0041999405148208
USDPEN,10,2025-06-17,KernelARH,44,4,0.9024091433839673,0.6986534826085172,0.8590878878713673,0.9988165247497411
USDPEN,1,2025-06-05,PM,44,4,0.13778763620988535,0.11288461538461536,0.17422058187773035,0.10941113332445258
USDPEN,1,2025-06-05,PA,44,4,0.8598152409118723,0.666454220545193,0.6935079668982745,1.0232434018154404
USDPEN,1,2025-06-05,VAR1,44,4,14.104124553175254,10.731729554956907,18.143242078354263,9.763025545912972
USDPEN,1,2025-06-05,ARHinc,44,4,0.8600868067605759,0.6669918668098405,0.6938259741722151,1.0233689035119518
USDPEN,1,2025-06-05,KernelARH,44,4,0.8574002261110563,0.6629070890090616,0.688052849679978,1.022985121955098
USDPEN,5,2025-06-11,PM,44,4,0.30243530776781913,0.20657692307692305,0.4626903313605067,0.1711360923892147
USDPEN,5,2025-06-11,PA,44,4,0.9187660175756179,0.7312276856523946,0.8664945355860817,1.034670960895953
USDPEN,5,2025-06-11,VAR1,44,4,8.542961606780475,5.94583959962823,11.595791226876864,5.7514193902952
USDPEN,5,2025-06-11,ARHinc,44,4,0.9197914789121815,0.7327567163943957,0.8680705143828631,1.035101032468359
USDPEN,5,2025-06-11,KernelARH,44,4,0.9064716804740104,0.71487144977347306,0.8386128670921242,1.0318782690352415
USDPEN,10,2025-06-18,PM,44,4,0.4118173255405661,0.26999999999999996,0.5877732835383177,0.28547242171435583
USDPEN,10,2025-06-18,PA,44,4,0.9501825998303832,0.7409005861696248,0.9364942047250532,1.0353444995538361
USDPEN,10,2025-06-18,VAR1,44,4,5.417877228548954,3.6041856487333215,7.6744169690598945,3.5484948208347533
USDPEN,10,2025-06-18,ARHinc,44,4,0.9510984272114231,0.7421722856024113,0.9380411496612532,1.0356207350618625
USDPEN,10,2025-06-18,KernelARH,44,4,0.9342234611489468,0.7255436190110809,0.9052317583246621,1.0297530747622052
USDPEN,1,2025-06-06,PM,44,4,0.04932379282315512,0.027884615384615355,0.08392224075502473,0.02408526785860489
USDPEN,1,2025-06-06,PA,44,4,0.8625039506086527,0.6704334787402152,0.7145792172118164,1.0207765142617697
USDPEN,1,2025-06-06,VAR1,44,4,12.070484543978713,9.745268289109529,14.911395801921817,8.851531189235683
USDPEN,1,2025-06-06,ARHinc,44,4,0.8594263820990279,0.6652845322016153,0.703063108752865,1.0210593682092304
USDPEN,1,2025-06-06,KernelARH,44,4,0.8559344144576352,0.6583208590790658,0.6914298544026072,1.0209640581324582
USDPEN,5,2025-06-12,PM,44,4,0.13416694537317747,0.08103846153846149,0.21263066923419777,0.07103819244683313
USDPEN,5,2025-06-12,PA,44,4,0.8853975311483175,0.6935183819755333,0.7915403496115506,1.019355604577896
USDPEN,5,2025-06-12,VAR1,44,4,6.436104725272486,4.830874771346455,8.216988600801901,4.707168814383063
USDPEN,5,2025-06-12,ARHinc,44,4,0.877631438517646,0.6853316668692188,0.7727896790069879,1.0178450126800802
USDPEN,5,2025-06-12,KernelARH,44,4,0.8750554896166842,0.6831798180572333,0.7616099306694726,1.0189446133672149
USDPEN,10,2025-06-19,PM,44,4,0.30154697299604405,0.18488461538461537,0.43456229559214005,0.21255489898187924
USDPEN,10,2025-06-19,PA,44,4,0.9381136593104921,0.7309989220829821,0.9160001074235686,1.0276523694995678
USDPEN,10,2025-06-19,VAR1,44,4,3.590256734642956,2.419912673740061,4.848021880190036,2.560065828180376
USDPEN,10,2025-06-19,ARHinc,44,4,0.9281472043234725,0.7238331232271152,0.8902512497716452,1.0272579247663343
USDPEN,10,2025-06-19,KernelARH,44,4,0.9269756286496869,0.7240386251096556,0.8863444149985172,1.0274145409399513
USDPEN,1,2025-06-09,PM,44,4,0.07694403560630683,0.050961538461538405,0.10036378125704813,0.04683352840787611
USDPEN,1,2025-06-09,PA,44,4,0.8613608971741291,0.6666372223222444,0.6975913937415689,1.0234612941214525
USDPEN,1,2025-06-09,VAR1,44,4,4.628668780020222,4.0173266144867945,5.216742083593673,3.706575623193082
USDPEN,1,2025-06-09,ARHinc,44,4,0.8593652585343451,0.6645412231676616,0.6938659884314471,1.0228818380269857
USDPEN,1,2025-06-09,KernelARH,44,4,0.8567356050625697,0.6613151644875122,0.6872510660100544,1.022703722734799
USDPEN,5,2025-06-13,PM,44,4,0.12295656675303007,0.07050000000000013,0.18406839319196544,0.06723577979104121
USDPEN,5,2025-06-13,PA,44,4,0.877626844506781,0.6875218377068602,0.7757201499612011,1.013908455908994
USDPEN,5,2025-06-13,VAR1,44,4,3.9288239967713894,3.0031751653291137,4.560672833366139,3.5104668459084247
USDPEN,5,2025-06-13,ARHinc,44,4,0.8754925139397224,0.6858279910316312,0.7718911410920947,1.0133359504167383
USDPEN,5,2025-06-13,KernelARH,44,4,0.8678318268863578,0.6764325277652661,0.7361572402909972,1.0183899731118882
USDPEN,10,2025-06-20,PM,44,4,0.35654653650303164,0.2073076923076924,0.5125470454531058,0.23731500409084128
USDPEN,10,2025-06-20,PA,44,4,0.9665398845514608,0.7476084287756382,0.9912690283205189,1.0249221459064455
USDPEN,10,2025-06-20,VAR1,44,4,3.4939376254872916,2.5451469503788235,4.289515716367569,3.031527388700678
USDPEN,10,2025-06-20,ARHinc,44,4,0.9633753713814108,0.7471568169033697,0.9856946272818498,1.0245902297486944
USDPEN,10,2025-06-20,KernelARH,44,4,0.9348001249895711,0.7310996225211056,0.8889878451158796,1.034082798871035
USDPEN,1,2025-06-10,PM,44,4,0.03876953601833438,0.024538461538461533,0.056360716419262595,0.029310158421653666
USDPEN,1,2025-06-10,PA,44,4,0.8517871023716167,0.659245244152604,0.7049086817060795,1.0104437264694164
USDPEN,1,2025-06-10,VAR1,44,4,9.397891504729404,8.15617795260457,10.906915599517673,7.082236584231746
USDPEN,1,2025-06-10,ARHinc,44,4,0.8549449581735683,0.6636345557854967,0.7125707190473071,1.0108043357726904
USDPEN,1,2025-06-10,KernelARH,44,4,0.853575542348298,0.6614935962301326,0.7066553754318727,1.0117803716207603
USDPEN,5,2025-06-16,PM,44,4,0.39210305748910934,0.21330769230769253,0.5870253587961312,0.2543411556677484
USDPEN,5,2025-06-16,PA,44,4,0.9999768474314893,0.7768935601237444,1.0599994048881876,1.0308249450503386
USDPEN,5,2025-06-16,VAR1,44,4,4.6064115830873105,3.8726962430246865,5.051756478168375,3.919228551251876
USDPEN,5,2025-06-16,ARHinc,44,4,1.0091448540850658,0.782007607040748,1.0743063148328715,1.033923809676194
USDPEN,5,2025-06-16,KernelARH,44,4,0.9919421343088995,0.7723412095589144,1.035329450036297,1.0343319458895848
USDPEN,10,2025-06-23,PM,44,4,0.4135916208606673,0.23457692307692307,0.6054735385504407,0.2644792101924977
USDPEN,10,2025-06-23,PA,44,4,1.0128136021104812,0.7818763473414249,1.0649559536554,1.0456200393800548
USDPEN,10,2025-06-23,VAR1,44,4,2.6419377553843297,1.9973805804344993,2.9243688618590227,2.417161613306109
USDPEN,10,2025-06-23,ARHinc,44,4,1.0207750005047722,0.7857352121944693,1.0791126794800505,1.0471976310552573
USDPEN,10,2025-06-23,KernelARH,44,4,1.0112245937528477,0.7811275062885649,1.0534139285415918,1.0502354153312892
USDPEN,1,2025-06-11,PM,44,4,0.12414631566143117,0.06915384615384618,0.2076916643477143,0.059931064618258166
USDPEN,1,2025-06-11,PA,44,4,0.8837054294032248,0.6925727053243942,0.7829361835935056,1.023196721231446
USDPEN,1,2025-06-11,VAR1,44,4,6.115824170871301,5.304848457439491,7.190951817706301,4.585711612534978
USDPEN,1,2025-06-11,ARHinc,44,4,0.876832540044718,0.6863083510063326,0.7622023034909988,1.0220499195940793
USDPEN,1,2025-06-11,KernelARH,44,4,0.8787551339920233,0.6877605970834184,0.7683458288262695,1.022040874133873
USDPEN,5,2025-06-17,PM,44,4,0.228852278521791,0.14330769230769244,0.2761071900037329,0.21488282758975638
USDPEN,5,2025-06-17,PA,44,4,0.8672343087326533,0.6831575760736881,0.7918082300235942,0.9773877470390315
USDPEN,5,2025-06-17,VAR1,44,4,2.863287088573323,2.4560972117208744,2.7635600317200986,2.736560381802329
USDPEN,5,2025-06-17,ARHinc,44,4,0.8641277490813218,0.6780637620163701,0.7727002828068159,0.9813276403138264
USDPEN,5,2025-06-17,KernelARH,44,4,0.8676052986503786,0.6782039889016047,0.7724210017387777,0.9884815428858778
USDPEN,10,2025-06-24,PM,44,4,0.47329862300503434,0.25896153846153835,0.7119232180231085,0.28202750349349204
USDPEN,10,2025-06-24,PA,44,4,1.0457723994383863,0.8011575760736881,1.158557026101498,1.0486696462725873
USDPEN,10,2025-06-24,VAR1,44,4,2.125036757852345,1.6329256489128823,2.0244969893618423,2.2053726802290146
USDPEN,10,2025-06-24,ARHinc,44,4,1.0281798015111292,0.7960170718934204,1.1220153503511656,1.0455465822638812
USDPEN,10,2025-06-24,KernelARH,44,4,1.0192403473894533,0.7908642205037064,1.0778335236626062,1.0604441837485916
USDPEN,1,2025-06-12,PM,44,4,0.0655512864392925,0.038499999999999895,0.10175356502745615,0.035868180947666944
USDPEN,1,2025-06-12,PA,44,4,0.8592201469736981,0.6675349337142247,0.7222924356049478,1.0109697670782425
USDPEN,1,2025-06-12,VAR1,44,4,5.155550600435558,4.357519829513036,6.663188257012064,3.653623020176187
USDPEN,1,2025-06-12,ARHinc,44,4,0.8581187502747705,0.664914556352539,0.7201221882367594,1.0105659182152942
USDPEN,1,2025-06-12,KernelARH,44,4,0.8584142163203758,0.6673645018846468,0.7179553196500752,1.011965843833764
USDPEN,5,2025-06-18,PM,44,4,0.18448590210886853,0.13030769230769232,0.19601442521729928,0.18982242670571636
USDPEN,5,2025-06-18,PA,44,4,0.8826470216327462,0.6963208121712439,0.7893726783850402,1.0076947777810588
USDPEN,5,2025-06-18,VAR1,44,4,1.4688006801151903,1.25565499021567,1.6416957521296942,1.3037191819140224
USDPEN,5,2025-06-18,ARHinc,44,4,0.8843623044928285,0.698429035562683,0.794865523138398,1.0077785682931586
USDPEN,5,2025-06-18,KernelARH,44,4,0.8987911564159624,0.6996625511132476,0.7904268824739145,1.0298734698017258
USDPEN,10,2025-06-25,PM,44,4,0.454855217877919,0.260730769230769,0.6748899750182465,0.2759660686883521
USDPEN,10,2025-06-25,PA,44,4,1.05381891075781,0.8192178682634652,1.176232566795843,1.0453970848643033
USDPEN,10,2025-06-25,VAR1,44,4,2.19843917837033,1.8149670892396252,1.8754762685970845,2.315641221765042
USDPEN,10,2025-06-25,ARHinc,44,4,1.058121911711166,0.8172169985433446,1.1853020293677154,1.0463544225372094
USDPEN,10,2025-06-25,KernelARH,44,4,1.054114878518448,0.8260027640642458,1.1616476496299561,1.0623997224240371
USDPEN,1,2025-06-13,PM,44,4,0.0392734496339939,0.026961538461538547,0.055182946324024165,0.02437317523062449
USDPEN,1,2025-06-13,PA,44,4,0.8536118509577907,0.6623667318457873,0.7120362911279177,1.0070549670830917
USDPEN,1,2025-06-13,VAR1,44,4,1.0153354129122656,0.8040163452640728,1.0193177926690187,1.1072867310609504
USDPEN,1,2025-06-13,ARHinc,44,4,0.8545257863150761,0.6634112955856628,0.7140916947551771,1.0073455566958704
USDPEN,1,2025-06-13,KernelARH,44,4,0.8530678088270255,0.6628117254991398,0.7106275005971702,1.0068854602929025
USDPEN,5,2025-06-19,PM,44,4,0.20149107634372776,0.1388076923076925,0.24688630091764097,0.18388612876584753
USDPEN,5,2025-06-19,PA,44,4,0.8713945836094991,0.688415046849013,0.7575974335567194,1.0041637975182494
USDPEN,5,2025-06-19,VAR1,44,4,2.0913807599905545,1.6255417537054553,2.711447668142385,1.7562270305649297
USDPEN,5,2025-06-19,ARHinc,44,4,0.8715716099165517,0.688753407219812,0.7581178249598877,1.0040550613799604
USDPEN,5,2025-06-19,KernelARH,44,4,0.8760343282988056,0.6908702790337071,0.7670370934201985,1.0071774543710306
USDPEN,10,2025-06-26,PM,44,4,0.5822247203614771,0.31373076923076937,0.8776441407899581,0.3265412013485636
USDPEN,10,2025-06-26,PA,44,4,1.0923333880793973,0.8334478864514576,1.252076780635432,1.0552235333857356
USDPEN,10,2025-06-26,VAR1,44,4,1.2688975264905613,1.0045793605011242,1.3950482327975857,1.2874838683292016
USDPEN,10,2025-06-26,ARHinc,44,4,1.093519757600656,0.8356039986895197,1.254090727984579,1.0556079692448967
USDPEN,10,2025-06-26,KernelARH,44,4,1.1043472247351183,0.8355070195116957,1.2762259358610102,1.0598496582788952
USDPEN,1,2025-06-16,PM,44,4,0.30108769167291294,0.1777692307692308,0.42061202949797827,0.21424373457921653
USDPEN,1,2025-06-16,PA,44,4,0.9352693047514126,0.744048306395401,0.9175681075765477,1.0074998453018336
USDPEN,1,2025-06-16,VAR1,44,4,1.1640427510360205,0.9562673022390753,1.0056219055962514,1.2564026313103527
USDPEN,1,2025-06-16,ARHinc,44,4,0.9309664058451708,0.7412318358974722,0.9106016233544063,1.0057970294260281
USDPEN,1,2025-06-16,KernelARH,44,4,0.931499788938918,0.7417331191484258,0.9115213116668607,1.0058258905681818
USDPEN,5,2025-06-20,PM,44,4,0.24698995619566874,0.1520769230769229,0.3355012510416886,0.19235462996245728
USDPEN,5,2025-06-20,PA,44,4,0.8983225597761926,0.7135542218737367,0.8340703974451621,1.003687139246459
USDPEN,5,2025-06-20,VAR1,44,4,3.505267496346734,2.5739896233260886,4.74682056068965,2.886281466155286
USDPEN,5,2025-06-20,ARHinc,44,4,0.8954440956924717,0.7119196989087611,0.8265006203339588,1.0032897211165608
USDPEN,5,2025-06-20,KernelARH,44,4,0.9026561795494907,0.716365280273492,0.8436174876597543,1.006073922452818
USDPEN,10,2025-06-27,PM,44,4,0.4809209914320645,0.26449999999999996,0.698795107119648,0.2880000269561363
USDPEN,10,2025-06-27,PA,44,4,1.0290677311985952,0.7997156017761167,1.1042728598688922,1.0398869330087839
USDPEN,10,2025-06-27,VAR1,44,4,2.332497301920825,1.7961068125582411,2.914469272581034,2.204975293671247
USDPEN,10,2025-06-27,ARHinc,44,4,1.0233014650516417,0.7972172970419575,1.0940607185918318,1.0380431392473966
USDPEN,10,2025-06-27,KernelARH,44,4,1.040211389648605,0.8045996691021818,1.1279949726777538,1.043941296663933
USDPEN,1,2025-06-17,PM,44,4,0.2637010982737259,0.14734615384615393,0.33217052745162645,0.20575703568757947
USDPEN,1,2025-06-17,PA,44,4,0.84972824933159,0.6622768512789016,0.7445567609897144,0.9691523299885079
USDPEN,1,2025-06-17,VAR1,44,4,1.859249234707559,1.3484548804390664,2.3460447755340494,1.704224200952909
USDPEN,1,2025-06-17,ARHinc,44,4,0.9286396140680134,0.7308348986731741,0.8926162376117674,1.001829897709881
USDPEN,1,2025-06-17,KernelARH,44,4,0.8758437695747451,0.6831569953166325,0.797387044874498,0.9810782306305975
USDPEN,5,2025-06-23,PM,44,4,0.1181046227845334,0.07653846153846158,0.1096349550313173,0.11913506901420785
USDPEN,5,2025-06-23,PA,44,4,0.8884195575938755,0.7102007277141484,0.7855833783031214,1.0041644268451946
USDPEN,5,2025-06-23,VAR1,44,4,9.66773701700873,6.776896641092626,13.591264487800988,7.4701185003897335
USDPEN,5,2025-06-23,ARHinc,44,4,0.9322102244051211,0.7418573599050685,0.8624674370789227,1.0246901060536135
USDPEN,5,2025-06-23,KernelARH,44,4,0.8967203082285986,0.7114361316633241,0.8028187418895991,1.0083041776506845
USDPEN,10,2025-06-30,PM,44,4,0.26877249458632074,0.1501923076923076,0.38806914461946984,0.18055207561494754
USDPEN,10,2025-06-30,PA,44,4,0.9382607340888287,0.7526013196378324,0.926136752321599,1.011203583562402
USDPEN,10,2025-06-30,VAR1,44,4,17.9866088337038,13.613915800855862,24.63027534274448,14.79190247348478
USDPEN,10,2025-06-30,ARHinc,44,4,0.9465829576194411,0.7516572894573132,0.9047258083915457,1.0262476100042535
USDPEN,10,2025-06-30,KernelARH,44,4,0.9832695723554432,0.7792581575669977,1.0335577301554688,1.0225712613103832
USDPEN,1,2025-06-18,PM,44,4,0.08345628749876748,0.06423076923076929,0.09813578322831643,0.08078601871469035
USDPEN,1,2025-06-18,PA,44,4,0.8486949598134621,0.6663187751852386,0.7122876752172964,0.9921525521403476
USDPEN,1,2025-06-18,VAR1,44,4,55.588099707623385,43.92532615263319,72.24427759446081,37.39119345706807
USDPEN,1,2025-06-18,ARHinc,44,4,0.8476756426733126,0.6610930244181075,0.7112458889992256,0.9915932460170446
USDPEN,1,2025-06-18,KernelARH,44,4,0.8921652130393155,0.6867323914547568,0.7744388275554697,1.0297520818862356
USDPEN,5,2025-06-24,PM,44,4,0.30627327227117346,0.16030769230769226,0.46558795801358893,0.17271431185578232
USDPEN,5,2025-06-24,PA,44,4,0.9346658309751421,0.744195790487071,0.9012326820990355,1.0173506150980982
USDPEN,5,2025-06-24,VAR1,44,4,92.42232474266069,64.82471703017444,130.23865724669005,68.63876889781876
USDPEN,5,2025-06-24,ARHinc,44,4,0.9341632554753936,0.7440512346659158,0.9042972015185601,1.0162429708097398
USDPEN,5,2025-06-24,KernelARH,44,4,0.9164156342918506,0.7236329834841643,0.8344670033281031,1.0290293129369092
USDPEN,10,2025-07-01,PM,44,4,0.4124953962447058,0.20661538461538456,0.6357608907413329,0.22155995716679205
USDPEN,10,2025-07-01,PA,44,4,0.967292130538951,0.7696573289486094,0.9903162002838528,1.0124045948651215
USDPEN,10,2025-07-01,VAR1,44,4,116.53428781426592,89.99584899897613,157.40617795191523,97.12899913814165
USDPEN,10,2025-07-01,ARHinc,44,4,0.9672169163870982,0.7695486556944208,0.9958211875919029,1.0108158249501356
USDPEN,10,2025-07-01,KernelARH,44,4,0.9191413425477709,0.7226153811694592,0.8559958507828039,1.013978291708428
USDPEN,1,2025-06-19,PM,44,4,0.024152958092444526,0.015999999999999983,0.03899450333032023,0.014463204831954502
USDPEN,1,2025-06-19,PA,44,4,0.8456839399976575,0.6655894624087969,0.7038268368252537,0.9897874827097574
USDPEN,1,2025-06-19,VAR1,44,4,40.45537149352024,32.78385981456929,51.175804151466245,27.84045647875491
USDPEN,1,2025-06-19,ARHinc,44,4,0.8453044551296873,0.66453638088816,0.703081589528875,0.9897467169856178
USDPEN,1,2025-06-19,KernelARH,44,4,0.8472181468520124,0.6692849404603131,0.7063952829382951,0.9907004724644727
USDPEN,5,2025-06-25,PM,44,4,0.34295484957375055,0.18976923076923086,0.5203726129980341,0.19107463389316592
USDPEN,5,2025-06-25,PA,44,4,0.9621773832440698,0.7619967361547214,0.9701523985594699,1.0178733535358406
USDPEN,5,2025-06-25,VAR1,44,4,42.50127482559102,29.628064016207365,59.91591095105937,30.104934447667357
USDPEN,5,2025-06-25,ARHinc,44,4,0.95861724829448125,0.7600802695812807,0.9642538957321677,1.0163323989551827
USDPEN,5,2025-06-25,KernelARH,44,4,0.9917060390268296,0.7807538427610508,1.0457834318375432,1.0257443794711958
USDPEN,10,2025-07-02,PM,44,4,0.25520570511467217,0.16407692307692315,0.3796633260156883,0.17620492806468524
USDPEN,10,2025-07-02,PA,44,4,0.8619608727163086,0.6847777377540529,0.8127919224116578,0.9617101498243043
USDPEN,10,2025-07-02,VAR1,44,4,44.78300058116898,34.44457720506204,60.80830024302473,36.66026507101853
USDPEN,10,2025-07-02,ARHinc,44,4,0.8617134033114247,0.6837440229744506,0.8108703246868739,0.9623355354442338
USDPEN,10,2025-07-02,KernelARH,44,4,0.922812270572408,0.7217272009540391,0.9388499238242105,0.9938123266002135
USDPEN,1,2025-06-20,PM,44,4,0.10639232548956193,0.05819230769230771,0.16028441003951083,0.06039637979470326
USDPEN,1,2025-06-20,PA,44,4,0.8639275172283524,0.6809477553307972,0.7552178020910763,0.9882470516179541
USDPEN,1,2025-06-20,VAR1,44,4,39.06579141809639,31.4787759648827,49.64285323292069,26.81256496310789
USDPEN,1,2025-06-20,ARHinc,44,4,0.863112568282507,0.681065387058197,0.7537177015727073,0.9879192965043989
USDPEN,1,2025-06-20,KernelARH,44,4,0.8625749844670069,0.6809331987541526,0.7523899071001052,0.9877929329051597
USDPEN,5,2025-06-26,PM,44,4,0.44107958683561505,0.23676923076923076,0.6716264396803531,0.23814627580390735
USDPEN,5,2025-06-26,PA,44,4,1.0032002154311144,0.7888570413289154,1.058491698707671,1.0284670170736716
USDPEN,5,2025-06-26,VAR1,44,4,42.87766801441263,29.773082480558795,60.348338252147975,30.30088139434206
USDPEN,5,2025-06-26,ARHinc,44,4,1.000838051755718,0.7871429372790657,1.0545627319147841,1.027506616082528
USDPEN,5,2025-06-26,KernelARH,44,4,1.0024750384795433,0.7882336085344585,1.058574098927889,1.0277902905093506
USDPEN,10,2025-07-03,PM,44,4,0.34733553108463594,0.17876923076923076,0.5471046045751145,0.18362928880592438
USDPEN,10,2025-07-03,PA,44,4,0.9386935043013931,0.7499043380605606,0.9546050030340308,0.9946083875699097
USDPEN,10,2025-07-03,VAR1,44,4,48.33587806712489,36.54116356550346,66.13857424830711,38.84359666818336
USDPEN,10,2025-07-03,ARHinc,44,4,0.9368209304187277,0.7486994155491415,0.95102315235312,0.9939875637360175
USDPEN,10,2025-07-03,KernelARH,44,4,0.9410840617161539,0.7513910485951579,0.961228663432479,0.9952334145838065
USDPEN,1,2025-06-23,PM,44,4,0.09981665885319634,0.056576923076923,0.12821840437128107,0.06436308003124311
USDPEN,1,2025-06-23,PA,44,4,0.8895811830727588,0.7081833337149634,0.7936867763578154,1.0013933203736949
USDPEN,1,2025-06-23,VAR1,44,4,41.708723285312196,33.24912716541634,53.38346130574743,28.450205584853403
USDPEN,1,2025-06-23,ARHinc,44,4,0.8925726453655483,0.7101263487710563,0.7984333914129232,1.0027748416054014
USDPEN,1,2025-06-23,KernelARH,44,4,0.8914004874146038,0.7087261957906855,0.7956526411935887,1.0025904575491607
USDPEN,5,2025-06-27,PM,44,4,0.264771127580029,0.1499615384615385,0.38433712271311216,0.15262340007277178
USDPEN,5,2025-06-27,PA,44,4,0.9426465632899459,0.7500185417579875,0.9152192408912627,1.0129799251243494
USDPEN,5,2025-06-27,VAR1,44,4,60.67436119829156,42.252061399072964,85.54988818811779,43.50995437619896
USDPEN,5,2025-06-27,ARHinc,44,4,0.9474652578928545,0.7527404623582931,0.9233151110580377,1.0150815253715415
USDPEN,5,2025-06-27,KernelARH,44,4,0.9501014752313441,0.755647976637621,0.9310215821246606,1.0151182806579135
USDPEN,10,2025-07-04,PM,44,4,0.2402169492194664,0.12023076923076936,0.3885199789160985,0.12259028347140587
USDPEN,10,2025-07-04,PA,44,4,0.9159121973191118,0.7340954648349105,0.8994216457414448,0.9909878570326182
USDPEN,10,2025-07-04,VAR1,44,4,79.20267627736015,60.25978675753986,108.40595543592835,63.068607702031755
USDPEN,10,2025-07-04,ARHinc,44,4,0.9193725689234946,0.7361281235703259,0.9056750663644559,0.9922516437473827
USDPEN,10,2025-07-04,KernelARH,44,4,0.9267023725713454,0.7414577651242893,0.9249563074776077,0.9940114152863473
USDPEN,1,2025-06-24,PM,44,4,0.09401462652162161,0.04103846153846144,0.15640326542422703,0.049623950058995156
USDPEN,1,2025-06-24,PA,44,4,0.9034669323836361,0.7193942888257145,0.836930200571888,1.0070589958624234
USDPEN,1,2025-06-24,VAR1,44,4,26.400886680598504,18.453360442729736,35.90988955471486,17.431389547463368
USDPEN,1,2025-06-24,ARHinc,44,4,0.9048716258428032,0.7180859170267079,0.8405065799860428,1.0072914379386202
USDPEN,1,2025-06-24,KernelARH,44,4,0.9088283234769305,0.718882818587488,0.8477447448305907,1.008890370526573
USDPEN,5,2025-06-30,PM,44,4,0.21951618566572886,0.11434615384615371,0.3610588681210696,0.10930344787245161
USDPEN,5,2025-06-30,PA,44,4,0.9282118012910411,0.7441950198453087,0.9110926199575994,1.0048039539053182
USDPEN,5,2025-06-30,VAR1,44,4,61.53080103314945,46.796956666995946,84.36228503451387,48.52405736346762
USDPEN,5,2025-06-30,ARHinc,44,4,0.9313515822394345,0.7464363266941815,0.9180589934489571,1.0055170414598518
USDPEN,5,2025-06-30,KernelARH,44,4,0.941193056909241,0.7534335416554411,0.941229595316904,1.0077101151736076
USDPEN,10,2025-07-07,PM,44,4,0.14441093875039118,0.08976923076923088,0.23552091520267637,0.08412028881466713
USDPEN,10,2025-07-07,PA,44,4,0.8695179441205767,0.6971986306434997,0.7946180487093308,0.9710432675752162
USDPEN,10,2025-07-07,VAR1,44,4,78.867414561629,64.0409137287932,103.01056727698938,66.3674015749581
USDPEN,10,2025-07-07,ARHinc,44,4,0.8716339143194589,0.6984461170296596,0.7996299872499879,0.9714785779418273
USDPEN,10,2025-07-07,KernelARH,44,4,0.8824492514949676,0.7083781152655082,0.8260439185025221,0.9744232782549912
USDPEN,1,2025-06-25,PM,44,4,0.09759388970469557,0.06496153846153842,0.14126218375391053,0.06692270263863884
USDPEN,1,2025-06-25,PA,44,4,0.9153187018786156,0.7300945773005112,0.8609741782277398,1.0065773231703952
USDPEN,1,2025-06-25,VAR1,44,4,55.47719146527404,37.99698080728005,75.85347301550925,36.248811340135255
USDPEN,1,2025-06-25,ARHinc,44,4,0.921712086956394,0.7316112920102424,0.8735144304145551,1.0091404292724708
USDPEN,1,2025-06-25,KernelARH,44,4,0.9191338868768569,0.7368501515324223,0.8617404248716994,1.0109433887940344
USDPEN,5,2025-07-01,PM,44,4,0.11981315582060376,0.08030769230769212,0.18035429192263805,0.07578206530790893
USDPEN,5,2025-07-01,PA,44,4,0.9068469938933202,0.7230573117663119,0.858475857078505,0.995095396802778
USDPEN,5,2025-07-01,VAR1,44,4,165.70762096356847,123.0612662553839,230.48710717113218,125.85073933818666
USDPEN,5,2025-07-01,ARHinc,44,4,0.9129363052257895,0.728126872750017,0.8719520350473504,0.997011530896306
USDPEN,5,2025-07-01,KernelARH,44,4,0.9199191390256395,0.7367960079932766,0.8928975275446002,0.9972783430255863
USDPEN,10,2025-07-08,PM,44,4,0.3063778775403895,0.2300384615384616,0.44832353012036374,0.1807221877696612
USDPEN,10,2025-07-08,PA,44,4,0.903098238808763,0.7090759505580566,0.8565090579963476,0.988852190906501
USDPEN,10,2025-07-08,VAR1,44,4,245.96709162715493,194.56354961424836,328.05596472510763,201.62065808682232
USDPEN,10,2025-07-08,ARHinc,44,4,0.8975167998641111,0.7068364270248807,0.8451050605254803,0.9869377901519535
USDPEN,10,2025-07-08,KernelARH,44,4,0.8786278313101514,0.6986510417469854,0.803095869439046,0.9812290397620852
USDPEN,1,2025-06-26,PM,44,4,0.10427543039765116,0.053653846153846205,0.15476699999545626,0.055147380422439926
USDPEN,1,2025-06-26,PA,44,4,0.9230873148896059,0.7356902138134537,0.8829309896623533,1.0061393060511488
USDPEN,1,2025-06-26,VAR1,44,4,38.07296560369341,26.078231739675566,53.387582099078344,25.075349159992676
USDPEN,1,2025-06-26,ARHinc,44,4,0.9242072936965706,0.7345838673280028,0.8837934512760234,1.0070485465910493
USDPEN,1,2025-06-26,KernelARH,44,4,0.9211883542732948,0.7334461610525792,0.8738367877820216,1.007467067629813
USDPEN,5,2025-07-02,PM,44,4,0.25721960088011,0.17280769230769236,0.27036098768189504,0.22429976795914677
USDPEN,5,2025-07-02,PA,44,4,0.8519510111374098,0.6622430254826687,0.7519897558107872,0.9660898602103548
USDPEN,5,2025-07-02,VAR1,44,4,119.03774874861789,89.45254336114007,164.45030680696894,92.10849037525249
USDPEN,5,2025-07-02,ARHinc,44,4,0.8486031160267368,0.6620769790976069,0.7494603547584033,0.9633363127460888
USDPEN,5,2025-07-02,KernelARH,44,4,0.8491036444576257,0.6624411456479667,0.7496672265905259,0.9637158423665516
USDPEN,10,2025-07-09,PM,44,4,0.3647360083255159,0.2315384615384616,0.5511163888040338,0.203961731326655
USDPEN,10,2025-07-09,PA,44,4,0.9127021349097205,0.729131168778356,0.8777270918230929,0.9913332114230754
USDPEN,10,2025-07-09,VAR1,44,4,172.37986462916908,136.98262571283448,228.2591929723959,143.24390254306584
USDPEN,10,2025-07-09,ARHinc,44,4,0.911918074820023,0.7294206904978012,0.8791341726423436,0.9903407181887082
USDPEN,10,2025-07-09,KernelARH,44,4,0.905061745030409,0.7213624688539343,0.8630586242641454,0.9884717721867537
USDPEN,1,2025-06-27,PM,44,4,0.08463922304063934,0.03511538461538467,0.14289039258773728,0.03711047507601482
USDPEN,1,2025-06-27,PA,44,4,0.9030646977836714,0.7269546693363365,0.8296292618825422,1.001428109605389
USDPEN,1,2025-06-27,VAR1,44,4,41.34423203259924,28.281682832347396,58.55703886662454,27.269894383271957
USDPEN,1,2025-06-27,ARHinc,44,4,0.9038028243203863,0.7285515824850146,0.8310569024267211,1.001669907376662
USDPEN,1,2025-06-27,KernelARH,44,4,0.905310327914664,0.7294654649371265,0.8349539370345368,1.002432135671172
USDPEN,5,2025-07-03,PM,44,4,0.14073365460493636,0.09430769230769236,0.201797583174242,0.0965844088492663
USDPEN,5,2025-07-03,PA,44,4,0.8839572791520192,0.7084931308747979,0.818154573862621,0.9809965697058289
USDPEN,5,2025-07-03,VAR1,44,4,135.6561835553443,102.47174028700783,187.32097583663457,104.94325567115649
USDPEN,5,2025-07-03,ARHinc,44,4,0.8841133461995581,0.7089872347358733,0.8182208520323644,0.9811523443012391
USDPEN,5,2025-07-03,KernelARH,44,4,0.8825022135265992,0.7056293401894648,0.8174392460452131,0.9800363222093678
USDPEN,10,2025-07-10,PM,44,4,0.4875357481962022,0.3122307692307691,0.7429967400107838,0.2654350213775887
USDPEN,10,2025-07-10,PA,44,4,0.9469001443396615,0.7552868903172045,0.9655466324964112,0.9949080209090673
USDPEN,10,2025-07-10,VAR1,44,4,199.7822588934536,157.91734989916628,265.7409024875479,164.8318475146026
USDPEN,10,2025-07-10,ARHinc,44,4,0.9469796448300082,0.7549890505247957,0.9645542082961981,0.9951926052944212
USDPEN,10,2025-07-10,KernelARH,44,4,0.9257687849615486,0.7388232579134592,0.9214698145505654,0.9880672210293967
USDPEN,1,2025-06-30,PM,44,4,0.09142751437404059,0.05765384615384622,0.1341596511978389,0.06532453006924219
USDPEN,1,2025-06-30,PA,44,4,0.902161070524972,0.7183785862341446,0.8427658690727814,0.9990180283630168
USDPEN,1,2025-06-30,VAR1,44,4,29.85171522871996,21.354549251654454,42.37782131258514,20.681135521933133
USDPEN,1,2025-06-30,ARHinc,44,4,0.9019374277959121,0.7172866162690065,0.8415951054896098,0.999167595074079
USDPEN,1,2025-06-30,KernelARH,44,4,0.9023485196383364,0.719454197379599,0.8445533367947378,0.9986587697626136
USDPEN,5,2025-07-04,PM,44,4,0.13384818466629095,0.08734615384615387,0.20872469344885178,0.08680139678818351
USDPEN,5,2025-07-04,PA,44,4,0.885758999211405,0.7088415325495637,0.8206844474372238,0.9845026711041782
USDPEN,5,2025-07-04,VAR1,44,4,94.13184212928252,72.5309090667512,127.73055023629826,75.79975698048132
USDPEN,5,2025-07-04,ARHinc,44,4,0.8859415447455736,0.7086175627413088,0.8204579037979416,0.984648527441438
USDPEN,5,2025-07-04,KernelARH,44,4,0.88487945751682,0.7084408253236678,0.8203852877761957,0.983709787871479
USDPEN,10,2025-07-11,PM,44,4,0.3789916403583837,0.2856538461538459,0.541137949336683,0.23452202880338005
USDPEN,10,2025-07-11,PA,44,4,0.9199730348886185,0.7254074531160306,0.8759118951697712,1.0023614580261224
USDPEN,10,2025-07-11,VAR1,44,4,126.65918077971376,102.03530802783054,165.15902815578377,107.92908737911046
USDPEN,10,2025-07-11,ARHinc,44,4,0.9224438542943028,0.728346325788559,0.8818634710991559,1.003106696266178
USDPEN,10,2025-07-11,KernelARH,44,4,0.9172373737832609,0.7227081406821693,0.8709322315306296,1.0013587395535175
USDPEN,1,2025-07-01,PM,44,4,0.04112422550124103,0.026846153846153846,0.04719569592240281,0.037694382302612975
USDPEN,1,2025-07-01,PA,44,4,0.8940321263754444,0.7194270243144495,0.8277020914938871,0.9908128575848634
USDPEN,1,2025-07-01,VAR1,44,4,56.531891304013556,39.92126195049943,80.3354129057279,39.20611827848543
USDPEN,1,2025-07-01,ARHinc,44,4,0.8941511925136937,0.718492260525077,0.8286747273906423,0.9907181836946073
USDPEN,1,2025-07-01,KernelARH,44,4,0.892831201436967,0.7143947305299734,0.8262985570669427,0.989988301034604
USDPEN,5,2025-07-07,PM,44,4,0.1176935803098616,0.06915384615384612,0.1785415279666048,0.0796154270966653
USDPEN,5,2025-07-07,PA,44,4,0.8595795698999888,0.6832347166221417,0.76589268905819885,0.9691638598346592
USDPEN,5,2025-07-07,VAR1,44,4,162.27781695050734,122.88391640760067,221.98832344059505,130.05392286800316
USDPEN,5,2025-07-07,ARHinc,44,4,0.8583504854293502,0.6814118956571542,0.7630655427556551,0.9689325632797122
USDPEN,5,2025-07-07,KernelARH,44,4,0.8581705887492291,0.6785176998063137,0.7633809307942636,0.9688212826644336
USDPEN,10,2025-07-14,PM,44,4,0.3767863223264717,0.2526923076923078,0.5996020538526067,0.20022523173762216
USDPEN,10,2025-07-14,PA,44,4,0.9281135284110699,0.7371874379393601,0.9137189976035822,1.0038566872841748
USDPEN,10,2025-07-14,VAR1,44,4,216.41273712400127,172.28635374967837,283.81058087480386,185.7174488290696
USDPEN,10,2025-07-14,ARHinc,44,4,0.9200376735906669,0.7305723786491762,0.8940834161228067,1.001472146060306
USDPEN,10,2025-07-14,KernelARH,44,4,0.9085970239810888,0.7210179365707173,0.8667992766271311,0.9979005233158228
USDPEN,1,2025-07-02,PM,44,4,0.2513370974179131,0.164923076923077,0.27268277016092946,0.2079598381926914
USDPEN,1,2025-07-02,PA,44,4,0.858398480349772,0.6657529738950846,0.7642090553256241,0.9678591715748786
USDPEN,1,2025-07-02,VAR1,44,4,48.40436996486307,34.84944350671706,68.42015799620242,35.05848081502185
USDPEN,1,2025-07-02,ARHinc,44,4,0.8644871100864312,0.6680861772184263,0.7735403568906347,0.9706507775406196
USDPEN,1,2025-07-02,KernelARH,44,4,0.8551905600050822,0.6628299592469344,0.7584762444755536,0.9669792815659042
USDPEN,5,2025-07-08,PM,44,4,0.39655366306756973,0.2618076923076924,0.5942938449904377,0.22039015450693628
USDPEN,5,2025-07-08,PA,44,4,0.929330227332049,0.740627320311033,0.918929313298578,0.9954499813490448
USDPEN,5,2025-07-08,VAR1,44,4,119.87831005412428,92.08141511580455,161.95283350028072,98.72370316510948
USDPEN,5,2025-07-08,ARHinc,44,4,0.9373772683879945,0.7488918369183872,0.935458043087606,0.9980296718927697
USDPEN,5,2025-07-08,KernelARH,44,4,0.9187381897537381,0.7308089125151309,0.8952885368589245,0.9924494467368439
USDPEN,10,2025-07-15,PM,44,4,0.3308557523244138,0.24649999999999989,0.5107038878240541,0.19799590825909796
USDPEN,10,2025-07-15,PA,44,4,0.933461675944457,0.7302911892176942,0.897592995027186,1.0219490358650565
USDPEN,10,2025-07-15,VAR1,44,4,151.43450540174612,121.68393518583122,197.1297235643141,131.65796610150414
USDPEN,10,2025-07-15,ARHinc,44,4,0.9392130213743738,0.735593811784092,0.9105227441201083,1.0237337190857345
USDPEN,10,2025-07-15,KernelARH,44,4,0.9223929830159282,0.7230745317376241,0.87175349355466,1.018174596185321
USDPEN,1,2025-07-03,PM,44,4,0.21493402386635907,0.13046153846153843,0.22740548417533116,0.17893877237599293
USDPEN,1,2025-07-03,PA,44,4,0.9040455139185439,0.7208365944911624,0.8522571353464672,0.9909391482994275
USDPEN,1,2025-07-03,VAR1,44,4,79.28866451444883,57.04051290385489,111.98130321604926,57.78081341857333
USDPEN,1,2025-07-03,ARHinc,44,4,0.8883058358225516,0.7068750623222152,0.8317264036435531,0.9815917797545136
USDPEN,1,2025-07-03,KernelARH,44,4,0.9465082823345407,0.7525768378990155,0.9590222127271453,0.9999613483863505
USDPEN,5,2025-07-09,PM,44,4,0.3062935212404047,0.19876923076923095,0.48941490502261326,0.17089476122079872
USDPEN,5,2025-07-09,PA,44,4,0.8860497097518131,0.702469020047981,0.8332457930207076,0.9816119436914474
USDPEN,5,2025-07-09,VAR1,44,4,163.5239376187508,127.05489728391817,219.10215148167669,136.65706364469852
USDPEN,5,2025-07-09,ARHinc,44,4,0.8992080236465441,0.7159861620866034,0.8676487241916941,0.9831962874102232
USDPEN,5,2025-07-09,KernelARH,44,4,0.8611995265400254,0.6855100204918378,0.7515153699790268,0.9795990911998965
USDPEN,10,2025-07-16,PM,44,4,0.3258128149484231,0.2506153846153845,0.43878816405215915,0.260917148977985
USDPEN,10,2025-07-16,PA,44,4,0.9145974517931992,0.7112929176162245,0.8256507698666973,1.0250080334345073
USDPEN,10,2025-07-16,VAR1,44,4,199.4844329712481,161.1007383594172,259.12184619818476,173.93113811086894
USDPEN,10,2025-07-16,ARHinc,44,4,0.9174825151185488,0.7116306744821577,0.8488648191875249,1.0200870411972025
USDPEN,10,2025-07-16,KernelARH,44,4,0.9114374795489162,0.7197959988915495,0.834998679577238,1.0122728816823823
USDPEN,1,2025-07-04,PM,44,4,0.028617168058567656,0.018423076923076938,0.0458405312855836,0.016179126062292784
USDPEN,1,2025-07-04,PA,44,4,0.8828921259020863,0.7069549581457836,0.8135444868514791,0.9829123269848306
USDPEN,1,2025-07-04,VAR1,44,4,48.88235996713,34.94699063875316,69.06875907442159,35.4611276890859
USDPEN,1,2025-07-04,ARHinc,44,4,0.8855707344558721,0.7013315597145655,0.8178525230049112,0.9847100196490879
USDPEN,1,2025-07-04,KernelARH,44,4,0.8824686229862654,0.7045836617644207,0.8134649065293312,0.9826700172897275
USDPEN,5,2025-07-10,PM,44,4,0.4471206492659448,0.31357692307692325,0.7022184997783751,0.24613936884187196
USDPEN,5,2025-07-10,PA,44,4,0.9329903569210756,0.7400650862405065,0.9498887280870186,0.9874175290215473
USDPEN,5,2025-07-10,VAR1,44,4,110.12040966428816,84.31591956945991,148.36274697065505,92.06529650311164
USDPEN,5,2025-07-10,ARHinc,44,4,0.9184133828411447,0.7284890568463717,0.9214066467214328,0.9830466992836988
USDPEN,5,2025-07-10,KernelARH,44,4,0.9137317288945005,0.7296488500211047,0.9094952912366753,0.9812314288693476
USDPEN,10,2025-07-17,PM,44,4,0.3511388751126606,0.23523076923076916,0.5713504457642693,0.19129346942208864
USDPEN,10,2025-07-17,PA,44,4,0.9274836093147711,0.7328074859411828,0.8947446204476875,1.0130422289754757
USDPEN,10,2025-07-17,VAR1,44,4,142.90531283352388,114.17159168958413,186.30107219962176,125.41168111813514
USDPEN,10,2025-07-17,ARHinc,44,4,0.919526660105413,0.7238978336532773,0.873140336508563,1.0124597541353264
USDPEN,10,2025-07-17,KernelARH,44,4,0.9025720705924848,0.7123420340448869,0.8313301617906462,1.00601293133148
USDPEN,1,2025-07-07,PM,44,4,0.07653147919446152,0.045423076923076865,0.12071648831006719,0.042267139324891075
USDPEN,1,2025-07-07,PA,44,4,0.8583106788897805,0.6859718344482454,0.765045598785347,0.9679320114450776
USDPEN,1,2025-07-07,VAR1,44,4,50.83566340351559,36.099256566514065,71.91736795922122,36.687806258342974
USDPEN,1,2025-07-07,ARHinc,44,4,0.8581028997263698,0.685606536618884,0.7641100956554931,0.9679993783361295
USDPEN,1,2025-07-07,KernelARH,44,4,0.8602511663590025,0.6876600202496399,0.7695541069881826,0.9685291231931219
USDPEN,5,2025-07-11,PM,44,4,0.4093560844132573,0.30757692307692325,0.6321358824227498,0.24897326771900968
USDPEN,5,2025-07-11,PA,44,4,0.9415974703005865,0.7329202557345645,0.9346154068238803,1.0081364536453017
USDPEN,5,2025-07-11,VAR1,44,4,105.52500236265251,80.75787911795415,141.65254118357845,89.32721550489583
USDPEN,5,2025-07-11,ARHinc,44,4,0.9385026304342233,0.7310696361573846,0.9270008365183571,1.0071199902548051
USDPEN,5,2025-07-11,KernelARH,44,4,0.9204071196839116,0.7201817350214964,0.8877892590506163,1.0012475635279634
USDPEN,10,2025-07-18,PM,44,4,0.3864208297857501,0.2868461538461538,0.5877830100911309,0.2720499885924559
USDPEN,10,2025-07-18,PA,44,4,0.968407956774967,0.7585377133287101,0.9190594035660434,1.05921446510007
USDPEN,10,2025-07-18,VAR1,44,4,129.08153181003576,103.5403493670224,167.08928023654565,115.17463139991023
USDPEN,10,2025-07-18,ARHinc,44,4,0.9646844574636075,0.755837624724342,0.9114000766348643,1.0574022713050306
USDPEN,10,2025-07-18,KernelARH,44,4,0.9332975832802686,0.7232946554517365,0.8265730626696082,1.0473723081276463
USDPEN,1,2025-07-08,PM,44,4,0.3611072715114741,0.2619999999999998,0.5419466337248706,0.20162046114563809
USDPEN,1,2025-07-08,PA,44,4,0.9171991608552558,0.7253942064833495,0.9019309968376813,0.989924190015484
USDPEN,1,2025-07-08,VAR1,44,4,44.64627049620839,31.438908257500422,63.176024161533306,32.136581497627866
USDPEN,1,2025-07-08,ARHinc,44,4,0.9150944876205246,0.7247167275440992,0.901601712011308,0.988219016365428
USDPEN,1,2025-07-08,KernelARH,44,4,0.9103631958987294,0.7197145286098215,0.8881163892321123,0.9874525662489225
USDPEN,5,2025-07-14,PM,44,4,0.3303002713150101,0.2510769230769231,0.5126654198186694,0.2016250872668746
USDPEN,5,2025-07-14,PA,44,4,0.9147415901025919,0.7221016069654476,0.8874292070268802,0.9997781717529444
USDPEN,5,2025-07-14,VAR1,44,4,90.58423995846711,66.4542580387736,124.38004388638046,73.57594057535246
USDPEN,5,2025-07-14,ARHinc,44,4,0.9159099376143408,0.7227247735884768,0.8909684198074643,1.0002053092798975
USDPEN,5,2025-07-14,KernelARH,44,4,0.8948991663618534,0.7041730539169363,0.8367012754462311,0.9938258995365348
USDPEN,10,2025-07-21,PM,44,4,0.3460114771329014,0.25084615384615405,0.5326356084745015,0.22754208278019744
USDPEN,10,2025-07-21,PA,44,4,0.9022320108944076,0.7118951268951575,0.8567827351920324,0.9965448617061944
USDPEN,10,2025-07-21,VAR1,44,4,114.25256998962509,88.19863533311077,150.64672971900873,100.50521507800572
USDPEN,10,2025-07-21,ARHinc,44,4,0.9040184050587914,0.712655352383389,0.8607149501126351,0.9975308601429762
USDPEN,10,2025-07-21,KernelARH,44,4,0.870430992504679,0.6750215005787847,0.7628276242758697,0.98792077720085
USDPEN,1,2025-07-09,PM,44,4,0.0499846130170229,0.028961538461538455,0.07449569213808395,0.03455705914926416
USDPEN,1,2025-07-09,PA,44,4,0.8572458646096001,0.6807067075918165,0.7593953451554594,0.9731332221003078
USDPEN,1,2025-07-09,VAR1,44,4,47.19476802035307,33.252398151214585,66.68624201275519,34.145807112095426
USDPEN,1,2025-07-09,ARHinc,44,4,0.8553042565441737,0.679113084887199,0.754888340108189,0.9724044051293689
USDPEN,1,2025-07-09,KernelARH,44,4,0.8549388785350551,0.6828742873539851,0.7500146462518368,0.9732107711388962
USDPEN,5,2025-07-15,PM,44,4,0.1715577666784349,0.1332307692307692,0.18205290438367205,0.15805829452030828
USDPEN,5,2025-07-15,PA,44,4,0.8942907980054406,0.6986275425502794,0.7881811935506952,1.0138039513827497
USDPEN,5,2025-07-15,VAR1,44,4,95.00256293837633,69.67517180455523,130.18545032015527,77.38677751528233
USDPEN,5,2025-07-15,ARHinc,44,4,0.8918528907281742,0.6968087728463465,0.7824819520708243,1.0128861841665124
USDPEN,5,2025-07-15,KernelARH,44,4,0.8984183457713707,0.7040118762220451,0.8089415732264096,1.0105289365260297
USDPEN,10,2025-07-22,PM,44,4,0.28067346891690015,0.2250769230769231,0.3109999836069486,0.25423975263832604
USDPEN,10,2025-07-22,PA,44,4,0.8903190835265831,0.6979874615567702,0.7631076089480604,1.0058109395880819
USDPEN,10,2025-07-22,VAR1,44,4,115.89451624546489,89.05839039689621,152.65486599684002,102.10788357970448
USDPEN,10,2025-07-22,ARHinc,44,4,0.8884256293923907,0.6965605769787059,0.7603457906394303,1.00455610035842
USDPEN,10,2025-07-22,KernelARH,44,4,0.8934556160967528,0.6962013796599152,0.791239387453373,0.9986754180095735
USDPEN,1,2025-07-10,PM,44,4,0.09662128687262997,0.07842307692307676,0.1062011025322036,0.09147957326445336
USDPEN,1,2025-07-10,PA,44,4,0.8468836296383224,0.662797572666589,0.7364600634748154,0.9648189214945162
USDPEN,1,2025-07-10,VAR1,44,4,25.367399277735906,17.998460690587645,35.700990682178684,18.44722734322158
USDPEN,1,2025-07-10,ARHinc,44,4,0.8480933700958277,0.6637245268057864,0.7410450104702324,0.9648973683996253
USDPEN,1,2025-07-10,KernelARH,44,4,0.853599370865872,0.6690514277345105,0.7538983492078853,0.96635952817217
USDPEN,5,2025-07-16,PM,44,4,0.17775361080396127,0.14073076923076916,0.2148688630598463,0.154143832500547
USDPEN,5,2025-07-16,PA,44,4,0.8872391223698368,0.6902256291965874,0.7693756182266174,1.0094072250406558
USDPEN,5,2025-07-16,VAR1,44,4,49.50330902460632,36.03793466239806,68.13876546479882,39.405840817478136
USDPEN,5,2025-07-16,ARHinc,44,4,0.8864774011383959,0.6901237145119138,0.7686580186986284,1.0091839090167765
USDPEN,5,2025-07-16,KernelARH,44,4,0.8899208787547003,0.6966144854946658,0.786204847638346,1.007993203973747
USDPEN,10,2025-07-23,PM,44,4,0.2806189073349232,0.22053846153846152,0.3526751858006083,0.23826869585080387
USDPEN,10,2025-07-23,PA,44,4,0.8658639321774045,0.676782447583226,0.7738260844069648,0.9663003496434089
USDPEN,10,2025-07-23,VAR1,44,4,60.23859931058456,45.805661118762174,79.85691650478867,52.26233407219856
USDPEN,10,2025-07-23,ARHinc,44,4,0.8632040708308611,0.6731604156836322,0.7683545111697074,0.9655282573943696
USDPEN,10,2025-07-23,KernelARH,44,4,0.8581616217006315,0.6637902358830755,0.7614037090703594,0.9631242583921618
USDPEN,1,2025-07-11,PM,44,4,0.07577960198445927,0.054076923076923106,0.09838280041893967,0.0637480364549187
USDPEN,1,2025-07-11,PA,44,4,0.8609156067519803,0.6744517207713262,0.7387923806746299,0.9839530134326929
USDPEN,1,2025-07-11,VAR1,44,4,21.696802801762452,15.735336933952352,30.37930680220237,15.656605607696473
USDPEN,1,2025-07-11,ARHinc,44,4,0.8609865204936387,0.6738732084051823,0.7380223774347463,0.9842656091370046
USDPEN,1,2025-07-11,KernelARH,44,4,0.8686351812797748,0.6798964931695265,0.7611284081151395,0.9860741301267032
USDPEN,5,2025-07-17,PM,44,4,0.13248802558373696,0.10526923076923081,0.15572812283190265,0.10412994534010207
USDPEN,5,2025-07-17,PA,44,4,0.8751664054449103,0.6847977398310836,0.7449428500775931,1.001214388223739
USDPEN,5,2025-07-17,VAR1,44,4,43.05865191244217,31.853259694155835,59.440126480280064,33.128202211304846
USDPEN,5,2025-07-17,ARHinc,44,4,0.8756798522667156,0.6854668746308881,0.7450282660900472,1.0016558767678172
USDPEN,5,2025-07-17,KernelARH,44,4,0.8917823118819893,0.7001372353747845,0.8013581980062539,1.0043656802104726
USDPEN,10,2025-07-24,PM,44,4,0.40010875925274264,0.274653846153846,0.257214135583615,0.5374741918242754
USDPEN,10,2025-07-24,PA,44,4,0.9603155795416757,0.7538823814094938,0.8292770919618395,1.1212043133238556
USDPEN,10,2025-07-24,VAR1,44,4,53.91552744553446,41.14676809592426,72.40877445767731,44.717950001488504
USDPEN,10,2025-07-24,ARHinc,44,4,0.960349807265924,0.7538237683178288,0.8286226986921027,1.121418083250157
USDPEN,10,2025-07-24,KernelARH,44,4,0.9783083060412694,0.7685556838397114,0.8836169647525612,1.1216211294994667
USDPEN,1,2025-07-14,PM,44,4,0.07356544705226763,0.05303846153846144,0.08891357668801311,0.050441739135448714
USDPEN,1,2025-07-14,PA,44,4,0.8652978296637789,0.6830449846840416,0.7571211982225556,0.9849362775063885
USDPEN,1,2025-07-14,VAR1,44,4,20.37847631693056,14.763402330793918,28.49943762194913,14.436577761126689
USDPEN,1,2025-07-14,ARHinc,44,4,0.8626722837820479,0.6788891584060924,0.7478236221865748,0.9844579539538675
USDPEN,1,2025-07-14,KernelARH,44,4,0.8683983236376308,0.6856087089401355,0.7659794193206225,0.9858989430690758
USDPEN,5,2025-07-18,PM,44,4,0.15153096916269165,0.10403846153846148,0.14038782602772307,0.1385425244306121
USDPEN,5,2025-07-18,PA,44,4,0.9126006214177318,0.7079368973196599,0.7671060452702452,1.0404755596720283
USDPEN,5,2025-07-18,VAR1,44,4,41.12436119819777,30.550227993015955,56.70577299969058,31.296657312203486
USDPEN,5,2025-07-18,ARHinc,44,4,0.9127691256539265,0.7095705747819783,0.7620590138839846,1.0415837693517835
USDPEN,5,2025-07-18,KernelARH,44,4,0.9168116709947844,0.7106167142631966,0.7781492236734153,1.0423307288085344
USDPEN,10,2025-07-25,PM,44,4,0.3749449318541016,0.24826923076923077,0.23325572789455046,0.504598339692637
USDPEN,10,2025-07-25,PA,44,4,0.9505843388243645,0.7436748223236953,0.8009889989585386,1.1086796929741525
USDPEN,10,2025-07-25,VAR1,44,4,51.268590039271125,39.141630821983526,69.03316793246869,41.82306273986187
USDPEN,10,2025-07-25,ARHinc,44,4,0.9461439989466236,0.7385415167015059,0.785866061107703,1.1088607451896653
USDPEN,10,2025-07-25,KernelARH,44,4,0.9521629921958776,0.7461343118287727,0.80783524215275,1.1058800873899677
USDPEN,1,2025-07-15,PM,44,4,0.07541902177934857,0.04569230769230754,0.11775581580721153,0.0494364296814933
USDPEN,1,2025-07-15,PA,44,4,0.8740960417063182,0.6907107512517525,0.7545925450552106,1.0003802304201104
USDPEN,1,2025-07-15,VAR1,44,4,18.609269120349396,13.703884086642272,26.448076307130787,12.09535511768629
USDPEN,1,2025-07-15,ARHinc,44,4,0.8735441868423786,0.6895199246603756,0.7542794708098197,0.9999559232128913
USDPEN,1,2025-07-15,KernelARH,44,4,0.8798551215948779,0.6955564875809328,0.7692008266252001,1.0029116228621062
USDPEN,5,2025-07-21,PM,44,4,0.09260077670383679,0.06884615384615383,0.12238670622616567,0.07130773197917126
USDPEN,5,2025-07-21,PA,44,4,0.8410174734143023,0.6551234803169751,0.6915338147957671,0.9750622219403104
USDPEN,5,2025-07-21,VAR1,44,4,43.43178443310953,33.461172350578394,61.914353364372865,28.549087833814877
USDPEN,5,2025-07-21,ARHinc,44,4,0.8412915181010524,0.6543582905729681,0.6936263762334793,0.9748307141265441
USDPEN,5,2025-07-21,KernelARH,44,4,0.8508766331388652,0.6647081790219332,0.7042389155252674,0.9809263181707676
USDPEN,10,2025-07-28,PM,44,4,0.26315732717550117,0.2011538461538461,0.28963011232213925,0.292534399203166
USDPEN,10,2025-07-28,PA,44,4,0.8485479778746025,0.6645818503834198,0.7332892232757549,0.973860720624389
USDPEN,10,2025-07-28,VAR1,44,4,55.550715740344664,44.36875835518421,78.98935949394027,37.369966622434944
USDPEN,10,2025-07-28,ARHinc,44,4,0.8504432224878609,0.66678344723891525,0.7394320503689057,0.9752587567870664
USDPEN,10,2025-07-28,KernelARH,44,4,0.8678460331936997,0.6836287342765649,0.7558343480447334,0.9798077568440353
USDPEN,1,2025-07-16,PM,44,4,0.04265638648188927,0.03211538461538459,0.054126784173654297,0.029713077730998076
USDPEN,1,2025-07-16,PA,44,4,0.8615777896532696,0.674438808881233,0.722565781829327,0.9951355099650288
USDPEN,1,2025-07-16,VAR1,44,4,22.74104191781885,16.8410952786739,32.17619194209471,14.607612798821554
USDPEN,1,2025-07-16,ARHinc,44,4,0.8620763253152305,0.6735974251657323,0.7232969132294983,0.995408048574875
USDPEN,1,2025-07-16,KernelARH,44,4,0.8623145971636481,0.67165367731516,0.7240616305684514,0.9954943139820542
USDPEN,5,2025-07-22,PM,44,4,0.14622641164146258,0.11300000000000009,0.1987004086546848,0.12220547446397474
USDPEN,5,2025-07-22,PA,44,4,0.8623407127405577,0.6817257598697783,0.7474063264523968,0.9789297129951559
USDPEN,5,2025-07-22,VAR1,44,4,51.112399969429156,39.14970010088014,72.41353514358225,32.97391523686509
USDPEN,5,2025-07-22,ARHinc,44,4,0.8651937891203063,0.6856703992501285,0.753010950758025,0.9801498694300043
USDPEN,5,2025-07-22,KernelARH,44,4,0.8651706285251878,0.6837666381321675,0.7517776374985083,0.980457583841005
USDPEN,10,2025-07-29,PM,44,4,0.2620542919379054,0.19269230769230775,0.2811596970043574,0.29977856051101376
USDPEN,10,2025-07-29,PA,44,4,0.8549780266759904,0.6699380538562236,0.717319951965469,0.9956176022291165
USDPEN,10,2025-07-29,VAR1,44,4,66.84619808272251,54.086465651016596,94.6187220858441,43.86382592586043
USDPEN,10,2025-07-29,ARHinc,44,4,0.8531105369428992,0.6674683548675079,0.7115546902244694,0.9948721050688294
USDPEN,10,2025-07-29,KernelARH,44,4,0.8693752988874879,0.6821127466672692,0.7450022259356759,1.0039436305493252
USDPEN,1,2025-07-17,PM,44,4,0.07597886851973032,0.05688461538461547,0.10786055933870618,0.05927661057042545
USDPEN,1,2025-07-17,PA,44,4,0.863298116180402,0.6716066782679618,0.7231270660056401,0.9951080960137269
USDPEN,1,2025-07-17,VAR1,44,4,24.37230143837659,18.392627826360773,34.42424521519367,15.527900114571434
USDPEN,1,2025-07-17,ARHinc,44,4,0.8630198853544712,0.6724914431102579,0.7223745083414542,0.995157491010817
USDPEN,1,2025-07-17,KernelARH,44,4,0.8622530984976161,0.6714125483519735,0.719331401676066,0.9949873830900064
USDPEN,5,2025-07-23,PM,44,4,0.14929046932329346,0.11111538461538463,0.19038688673758208,0.13882663634571066
USDPEN,5,2025-07-23,PA,44,4,0.8345491593909576,0.656519271326596,0.7363972454074921,0.9437547911245276
USDPEN,5,2025-07-23,VAR1,44,4,52.6156674123135,40.317719584926344,74.26776232126467,33.60519217854984
USDPEN,5,2025-07-23,ARHinc,44,4,0.8346452872814628,0.6574606820643728,0.7374889002804973,0.9436163036516192
USDPEN,5,2025-07-23,KernelARH,44,4,0.8378570581569675,0.6606236114502466,0.741672104591153,0.945957421366751
USDPEN,10,2025-07-30,PM,44,4,0.24634969672585974,0.18342307692307702,0.25794257693291933,0.2881636065188286
USDPEN,10,2025-07-30,PA,44,4,0.8506706733422055,0.6692121983698158,0.7179533132350122,0.9876781620295141
USDPEN,10,2025-07-30,VAR1,44,4,63.54326182148587,50.8564423178973,89.67165455568765,40.86506080359528
USDPEN,10,2025-07-30,ARHinc,44,4,0.8493707737538261,0.6672105076070921,0.7157727407238439,0.9861353548830639
USDPEN,10,2025-07-30,KernelARH,44,4,0.8507762994739544,0.6673498312243241,0.7163397046984712,0.9865577621191023
USDPEN,1,2025-07-18,PM,44,4,0.11723968709771115,0.0911538461538461,0.09478948730115004,0.12614882372158082
USDPEN,1,2025-07-18,PA,44,4,0.8956508660864045,0.6976386785134276,0.7436039426354454,1.028708208193292
USDPEN,1,2025-07-18,VAR1,44,4,12.20452058923566,9.358894813277171,17.26768357754358,7.808323272512391
USDPEN,1,2025-07-18,ARHinc,44,4,0.8974702707694501,0.6992217296679258,0.7502580245152844,1.0300346604739805
USDPEN,1,2025-07-18,KernelARH,44,4,0.903471002885132,0.7050165308669701,0.7512779010827473,1.0332417699730592
USDPEN,5,2025-07-24,PM,44,4,0.40377092705946704,0.32023076923076915,0.29799988882560724,0.5155137480988372
USDPEN,5,2025-07-24,PA,44,4,0.9358671704767003,0.74293931529176,0.7992381498680622,1.0968608426810615
USDPEN,5,2025-07-24,VAR1,44,4,30.885829557268515,23.813651067250948,43.65925955806574,19.731510822020628
USDPEN,5,2025-07-24,ARHinc,44,4,0.9433767655676913,0.7471599787926818,0.8141500149345746,1.1031851460786992
USDPEN,5,2025-07-24,KernelARH,44,4,0.9392174111604576,0.7473305572034397,0.8101761054326843,1.0895652870729575
USDPEN,10,2025-07-31,PM,44,4,0.22574481423467108,0.16730769230769227,0.17590091966978172,0.2927596825905086
USDPEN,10,2025-07-31,PA,44,4,0.8794579248756573,0.6959340788200726,0.7571403570832806,1.0132789529739104
USDPEN,10,2025-07-31,VAR1,44,4,41.07577663271003,32.05932444284192,58.12016257666548,26.191070507499095
USDPEN,10,2025-07-31,ARHinc,44,4,0.883613665656691,0.6998973092139431,0.7661796286436354,1.0169240961514483
USDPEN,10,2025-07-31,KernelARH,44,4,0.9301627145315766,0.7477715146824707,0.8777382445830145,1.0161196416801572
USDPEN,1,2025-07-21,PM,44,4,0.10982394127385486,0.08119230769230777,0.10883049009734218,0.10663376014788457
USDPEN,1,2025-07-21,PA,44,4,0.838837531381934,0.6511182026048346,0.6920659964041831,0.9718450632415528
USDPEN,1,2025-07-21,VAR1,44,4,2.9673808135015878,2.335852087806405,4.067857236424504,2.07245156961838
USDPEN,1,2025-07-21,ARHinc,44,4,0.8398559131542257,0.6522167469939659,0.6877292078425649,0.9743266493951551
USDPEN,1,2025-07-21,KernelARH,44,4,0.8390256453410774,0.653907339516313,0.6925261165253829,0.9719120872568423
USDPEN,5,2025-07-25,PM,44,4,0.3748851747279015,0.3051923076923076,0.2742700093752476,0.47420788636205313
USDPEN,5,2025-07-25,PA,44,4,0.9048827324863169,0.7216295687212759,0.7237540987722536,1.0777159550714768
USDPEN,5,2025-07-25,VAR1,44,4,2.685617366871587,2.136717879987135,3.62159300872022,2.0252015965737864
USDPEN,5,2025-07-25,ARHinc,44,4,0.9013546368118841,0.7176498743560399,0.7183158906011672,1.0723917173946127
USDPEN,5,2025-07-25,KernelARH,44,4,0.9051062553449944,0.7202801245044683,0.724436312957343,1.075208537051504
USDPEN,10,2025-08-01,PM,44,4,0.2273418723488413,0.17061538461538445,0.16385010336092484,0.2955019489047138
USDPEN,10,2025-08-01,PA,44,4,0.8738234272812215,0.6895607018369455,0.7203540181011878,1.024771670944254
USDPEN,10,2025-08-01,VAR1,44,4,12.755104201330742,10.042174408237804,18.066016092541695,8.324281246829916
USDPEN,10,2025-08-01,ARHinc,44,4,0.8709636684392976,0.687726263091203,0.7161766400399567,1.020914274633884
USDPEN,10,2025-08-01,KernelARH,44,4,0.8726302988254293,0.6900501508224609,0.7203833721109926,1.0214110673201355
USDPEN,1,2025-07-22,PM,44,4,0.16768130256760666,0.08869230769230776,0.278248634275783,0.09215643532089275
USDPEN,1,2025-07-22,PA,44,4,0.8613987230462469,0.6798873096839075,0.7508856233658379,0.975967829322706
USDPEN,1,2025-07-22,VAR1,44,4,5.435940122712173,4.059735968827936,7.640124842646088,3.5988168862326986
USDPEN,1,2025-07-22,ARHinc,44,4,0.8609532841575284,0.6780639550121685,0.7490206412068001,0.9759891148805736
USDPEN,1,2025-07-22,KernelARH,44,4,0.8622004956358931,0.6808757713455766,0.7506102438682689,0.9770297523258892
USDPEN,5,2025-07-28,PM,44,4,0.2650046262295753,0.22361538461538455,0.28354912706371554,0.29580298093390744
USDPEN,5,2025-07-28,PA,44,4,0.841972352306775,0.6641500469744173,0.7174584222092637,0.9750049467403475
USDPEN,5,2025-07-28,VAR1,44,4,16.965291383529912,12.738280983924275,24.128861919163448,10.89137020991169
USDPEN,5,2025-07-28,ARHinc,44,4,0.8428530704847913,0.6652627301299526,0.7202097985504726,0.9759315464615079
USDPEN,5,2025-07-28,KernelARH,44,4,0.8445073276794692,0.6654798653433661,0.7227938232073398,0.9755759117077435
USDPEN,10,2025-08-04,PM,44,4,0.2698388942427571,0.18757692307692309,0.19358652983687277,0.3535545927096413
USDPEN,10,2025-08-04,PA,44,4,0.8751035924180705,0.6794262288764196,0.7218568148965738,1.0377886303238155
USDPEN,10,2025-08-04,VAR1,44,4,26.37756333177405,20.310300590089092,37.46350230747798,17.02371463933139
USDPEN,10,2025-08-04,ARHinc,44,4,0.8755390995311602,0.6797539502961482,0.7221205412622452,1.038850477963083
USDPEN,10,2025-08-04,KernelARH,44,4,0.872594519515615,0.6804440883735162,0.7198942958746131,1.035348045377926
USDPEN,1,2025-07-23,PM,44,4,0.05616125477997749,0.039076923076923085,0.043729647294614635,0.06427497403941751
USDPEN,1,2025-07-23,PA,44,4,0.8296191143553093,0.650038295279401,0.730862064854903,0.9382673321774052
USDPEN,1,2025-07-23,VAR1,44,4,19.96810285858099,14.26254611115854,28.204640929745118,12.853531058452143
USDPEN,1,2025-07-23,ARHinc,44,4,0.8306532902409234,0.653013730718317,0.7335029005773891,0.9392669221549885
USDPEN,1,2025-07-23,KernelARH,44,4,0.8278886088933961,0.6467512560689995,0.7259515919751519,0.9384665320508623
USDPEN,5,2025-07-29,PM,44,4,0.3348174014409831,0.2675769230769233,0.42217890874557185,0.33695227162653646
USDPEN,5,2025-07-29,PA,44,4,0.8678116209693979,0.6859412755726939,0.744926203656983,1.0074133282513147
USDPEN,5,2025-07-29,VAR1,44,4,37.729536415303045,26.700761538555447,53.34597371502704,24.224452055980787
USDPEN,5,2025-07-29,ARHinc,44,4,0.8625419301066475,0.6825308127271495,0.7339052103142767,1.004025526133993
USDPEN,5,2025-07-29,KernelARH,44,4,0.8642624734292981,0.6837791717368217,0.7371417683931855,1.0032831568222753
USDPEN,10,2025-08-05,PM,44,4,0.28892614507464076,0.21792307692307686,0.2549845986719944,0.3637993228938595
USDPEN,10,2025-08-05,PA,44,4,0.9040649336418243,0.7058443585599901,0.7611883786759813,1.0603152200761035
USDPEN,10,2025-08-05,VAR1,44,4,44.2902404000616,32.48560818378666,62.69350246260167,28.592476183532494
USDPEN,10,2025-08-05,ARHinc,44,4,0.8984279280993459,0.7032723066583724,0.7532090273206835,1.0557150559507105
USDPEN,10,2025-08-05,KernelARH,44,4,0.8908361814546453,0.7046056992718281,0.7392441629264981,1.0497168556968552
USDPEN,1,2025-07-24,PM,44,4,0.4652550479203687,0.3819999999999999,0.44277181483228695,0.5594919917412267
USDPEN,1,2025-07-24,PA,44,4,0.930781903306867,0.7454112398995275,0.7853100756854063,1.0986445566466734
USDPEN,1,2025-07-24,VAR1,44,4,17.30401277637204,11.987645113795013,24.359653134226416,11.204817809627702
USDPEN,1,2025-07-24,ARHinc,44,4,0.9321368507339741,0.7465963956048696,0.7876157126289248,1.0999473446230004
USDPEN,1,2025-07-24,KernelARH,44,4,0.9332917971326505,0.7474538471582671,0.7924343697738895,1.099257407561457
USDPEN,5,2025-07-30,PM,44,4,0.3334492666981568,0.25703846153846155,0.4145087579468788,0.3490574066747164
USDPEN,5,2025-07-30,PA,44,4,0.863023656943429,0.6856765895791272,0.7480187426682036,0.9955524115493609
USDPEN,5,2025-07-30,VAR1,44,4,30.142018331805065,20.719867680836973,42.50286165631039,19.340276593791415
USDPEN,5,2025-07-30,ARHinc,44,4,0.8641412577077787,0.6869189378883019,0.7504187179729085,0.9963590048158336
USDPEN,5,2025-07-30,KernelARH,44,4,0.8579703122488037,0.6799261643000071,0.7354374858150325,0.9912706129614317
USDPEN,10,2025-08-06,PM,44,4,0.2949730267981492,0.19834615384615392,0.1931638129045264,0.40965383118534504
USDPEN,10,2025-08-06,PA,44,4,0.9188213249173833,0.7240076722986479,0.7702955405148798,1.0802973866718295
USDPEN,10,2025-08-06,VAR1,44,4,25.65238461981617,18.234963268546988,36.18948588454544,16.611120558752788
USDPEN,10,2025-08-06,ARHinc,44,4,0.9197103032677881,0.7246092186440626,0.7713149200865093,1.0812607590531096
USDPEN,10,2025-08-06,KernelARH,44,4,0.9120901773909511,0.7210149974242508,0.7608098134729476,1.0728707232041876
USDPEN,1,2025-07-25,PM,44,4,0.07580846309564043,0.05557692307692304,0.1035071134592533,0.06661230226703814
USDPEN,1,2025-07-25,PA,44,4,0.8567725342534733,0.6768812370282241,0.694712486201513,1.0048106279562905
USDPEN,1,2025-07-25,VAR1,44,4,22.113696206655835,15.798179521681705,30.60922146136992,15.245811022421735
USDPEN,1,2025-07-25,ARHinc,44,4,0.8630068770054197,0.6839214802158283,0.6898535500809184,1.0205792626745633
USDPEN,1,2025-07-25,KernelARH,44,4,0.8602727689132077,0.6835299242196179,0.6869852129143952,1.0186000042916536
USDPEN,5,2025-07-31,PM,44,4,0.20783742259460694,0.1597692307692308,0.15802300623137502,0.25153776218846535
USDPEN,5,2025-07-31,PA,44,4,0.8646842020787017,0.6733990945454992,0.7423447147601989,0.9879571233554482
USDPEN,5,2025-07-31,VAR1,44,4,39.92021543691882,31.033811710342587,55.15768066329077,28.602103270959685
USDPEN,5,2025-07-31,ARHinc,44,4,0.8590832127007836,0.6696416832842833,0.7331993897487504,0.9871114585468972
USDPEN,5,2025-07-31,KernelARH,44,4,0.8538385388206725,0.6719140561088986,0.7165316748396117,0.990066292802518
USDPEN,10,2025-08-07,PM,44,4,0.2679318046128098,0.22869230769230758,0.3490706832848533,0.2209702490786989
USDPEN,10,2025-08-07,PA,44,4,0.9424299484113822,0.7550757700438783,0.876084255987109,1.0487180484451826
USDPEN,10,2025-08-07,VAR1,44,4,39.01532443504531,33.09569544238137,51.97408496671034,30.907010569508767
USDPEN,10,2025-08-07,ARHinc,44,4,0.9350663814525914,0.7449625625321301,0.8601325726062496,1.0496464491649475
USDPEN,10,2025-08-07,KernelARH,44,4,0.9093025022917364,0.7115830236939463,0.7769598819746939,1.056521522194729
USDPEN,1,2025-07-28,PM,44,4,0.21057647523661552,0.1367307692307692,0.16552284393044445,0.26024467434891424
USDPEN,1,2025-07-28,PA,44,4,0.8177786106805285,0.6388050556630278,0.6665936064353191,0.950359221222952
USDPEN,1,2025-07-28,VAR1,44,4,22.61759934038247,16.08144298536911,31.0799030334321,15.40778368895346
USDPEN,1,2025-07-28,ARHinc,44,4,0.814030181596229,0.6347404837573641,0.6636548696014649,0.9463206815391543
USDPEN,1,2025-07-28,KernelARH,44,4,0.8884442721327898,0.7131358781160492,0.735193463747626,1.0241713416084293
USDPEN,5,2025-08-01,PM,44,4,0.19628435515069237,0.139846153846154,0.14683218246928048,0.23809495758954116
USDPEN,5,2025-08-01,PA,44,4,0.867790536934701,0.6837335540318374,0.7341333353839212,0.9970750710588661
USDPEN,5,2025-08-01,VAR1,44,4,37.30516567647982,27.76567117784198,51.06165568406411,27.1187670401807
USDPEN,5,2025-08-01,ARHinc,44,4,0.8637140675523753,0.6768901730930276,0.728736161549034,0.9939906053912998
USDPEN,5,2025-08-01,KernelARH,44,4,0.9023762566144307,0.7297076300510994,0.7872286281089729,1.0240199039314335
USDPEN,10,2025-08-08,PM,44,4,0.2422969014691241,0.20069230769230764,0.3072870181222453,0.2076266627735411
USDPEN,10,2025-08-08,PA,44,4,0.9327715287771668,0.755425861724145,0.8503746024906662,1.0431079298613721
USDPEN,10,2025-08-08,VAR1,44,4,31.062106285581567,26.150282941765578,40.57111418865877,26.16183483251226
USDPEN,10,2025-08-08,ARHinc,44,4,0.9288446846781425,0.7479954634026819,0.8440749538674254,1.0412423696463569
USDPEN,10,2025-08-08,KernelARH,44,4,0.9468137135335968,0.7740397859813253,0.8781966898664959,1.0495585607465752
USDPEN,1,2025-07-29,PM,44,4,0.05814314232994302,0.039538461538461564,0.08045223279202149,0.05127538862524372
USDPEN,1,2025-07-29,PA,44,4,0.8270436488681969,0.6450203549668023,0.6762753896482815,0.9634761099697338
USDPEN,1,2025-07-29,VAR1,44,4,8.393477368162745,5.792001010005446,11.462676449883784,5.7894956781000735
USDPEN,1,2025-07-29,ARHinc,44,4,0.8238694090566531,0.6413666705192773,0.6726272564166544,0.9585700510520407
USDPEN,1,2025-07-29,KernelARH,44,4,0.8463025472291286,0.6617396996109739,0.7125935970469436,0.9801347829759317
USDPEN,5,2025-08-04,PM,44,4,0.21761822604665343,0.1666923076923078,0.3121098739247062,0.1619989499320647
USDPEN,5,2025-08-04,PA,44,4,0.8610209231801623,0.6631333778348827,0.7336339359135053,1.0028993502600887
USDPEN,5,2025-08-04,VAR1,44,4,11.305357265139081,8.262659268496863,15.545171171668269,7.996647830545258
USDPEN,5,2025-08-04,ARHinc,44,4,0.8613828707487104,0.6710470828205122,0.7446383152769268,0.9967182352566665
USDPEN,5,2025-08-04,KernelARH,44,4,0.8632582491351457,0.6704406280651614,0.7202604471608914,1.0167665912409725
USDPEN,10,2025-08-11,PM,44,4,0.30491746991856417,0.2265769230769233,0.44738358101773384,0.21985975326119978
USDPEN,10,2025-08-11,PA,44,4,0.9330483392414977,0.7325175690688436,0.8418644147927646,1.055341084781563
USDPEN,10,2025-08-11,VAR1,44,4,7.872482767993766,6.2215886650831305,10.726967259396742,5.875162208466794
USDPEN,10,2025-08-11,ARHinc,44,4,0.935290116286675,0.7404824712738381,0.8553758126406228,1.0485940294696048
USDPEN,10,2025-08-11,KernelARH,44,4,0.9232061062530277,0.7237844947579191,0.7892964819493791,1.0723451485490534
USDPEN,1,2025-07-30,PM,44,4,0.03541647812921175,0.027076923076923016,0.033669515748557775,0.036326307506020825
USDPEN,1,2025-07-30,PA,44,4,0.8215080914983759,0.6412776825961204,0.6779161624264469,0.9516231853326876
USDPEN,1,2025-07-30,VAR1,44,4,2.403497825760511,1.6485630482918467,3.140378063469857,1.815587591551502
USDPEN,1,2025-07-30,ARHinc,44,4,0.8230125148217108,0.6431197775065124,0.6795677842193071,0.9534481204351742
USDPEN,1,2025-07-30,KernelARH,44,4,0.8272341286753814,0.647460643193416,0.6863637251757458,0.9576906035164312
USDPEN,5,2025-08-05,PM,44,4,0.15671645758159247,0.11815384615384608,0.22615321818954534,0.11252601513614685
USDPEN,5,2025-08-05,PA,44,4,0.8707117038503213,0.6750907399689834,0.7370283838277903,1.0104132165173203
USDPEN,5,2025-08-05,VAR1,44,4,0.9020550559174069,0.6933248441367701,0.7827040415540751,1.030770655871836
USDPEN,5,2025-08-05,ARHinc,44,4,0.8715386082968809,0.6760769918210846,0.7367786804208015,1.0121488953365794
USDPEN,5,2025-08-05,KernelARH,44,4,0.8740743540266805,0.6829719174608144,0.7317626238828082,1.0213896037485042
USDPEN,10,2025-08-12,PM,44,4,0.2892595819834336,0.20638461538461536,0.4304122817347911,0.19359464228818088
USDPEN,10,2025-08-12,PA,44,4,0.9431916353710084,0.7393640134212153,0.8662111159138964,1.0576283449228032
USDPEN,10,2025-08-12,VAR1,44,4,3.7354479564771057,2.881330107633654,4.9244994909637745,2.9072906999215613
USDPEN,10,2025-08-12,ARHinc,44,4,0.9434643768213743,0.7402042474476909,0.8652646658034266,1.0593111121244025
USDPEN,10,2025-08-12,KernelARH,44,4,0.9362201762687663,0.7357458249339053,0.8214873814696974,1.075109598176708
USDPEN,1,2025-07-31,PM,44,4,0.08851635007595629,0.0495384615384616,0.14295550725541759,0.053729448843168395
USDPEN,1,2025-07-31,PA,44,4,0.8475648928040936,0.6646757735703539,0.7190537534622105,0.975218302908595
USDPEN,1,2025-07-31,VAR1,44,4,5.413882431573059,3.7886025857579253,7.303693841135505,3.867879313824005
USDPEN,1,2025-07-31,ARHinc,44,4,0.848182674887836,0.6656836325710143,0.7196903806605337,0.9760688927875016
USDPEN,1,2025-07-31,KernelARH,44,4,0.8522640587281668,0.6712019369478996,0.7235577782446561,0.9816183082801632
USDPEN,5,2025-08-06,PM,44,4,0.2002397601338496,0.14215384615384627,0.2985450538211321,0.14574837899189894
USDPEN,5,2025-08-06,PA,44,4,0.8944073028212397,0.6969580394754131,0.772659594123777,1.0300957361820071
USDPEN,5,2025-08-06,VAR1,44,4,2.869494403458635,2.2257579759058146,3.839559209794046,2.198272453930221
USDPEN,5,2025-08-06,ARHinc,44,4,0.8947502616275415,0.6972623370650054,0.7723462958895656,1.0309828674895674
USDPEN,5,2025-08-06,KernelARH,44,4,0.8948092284697821,0.6971399200734342,0.7578992110329699,1.0408881843346647
USDPEN,10,2025-08-13,PM,44,4,0.3574511128489085,0.24088461538461536,0.5335108684820391,0.2335770308780463
USDPEN,10,2025-08-13,PA,44,4,0.9770958296043192,0.7677643085510919,0.9371093443837734,1.0696217484240507
USDPEN,10,2025-08-13,VAR1,44,4,1.3302966929701465,1.1296016874575392,1.4405180682466896,1.291645082656999
USDPEN,10,2025-08-13,ARHinc,44,4,0.9768678199471281,0.7680850385914482,0.9362721295282027,1.0701735033020734
USDPEN,10,2025-08-13,KernelARH,44,4,0.966588990857495,0.7655073475125881,0.8882612814584281,1.083657732391285
USDPEN,1,2025-08-01,PM,44,4,0.07078067424201206,0.04430769230769216,0.11309050060756355,0.04343698742501481
USDPEN,1,2025-08-01,PA,44,4,0.8506019230389664,0.6645991494012714,0.7064951074903304,0.9868111517432605
USDPEN,1,2025-08-01,VAR1,44,4,2.332939896132222,1.9500963685547066,2.6986395130351575,2.281333177251827
USDPEN,1,2025-08-01,ARHinc,44,4,0.8490441662190676,0.6618130166896657,0.7060599513649114,0.9837883974518679
USDPEN,1,2025-08-01,KernelARH,44,4,0.8529650369409962,0.6691067686819031,0.7081994024711458,0.9908227187897446
USDPEN,5,2025-08-07,PM,44,4,0.16585848926581495,0.12534615384615386,0.23509781596686055,0.12663826420057167
USDPEN,5,2025-08-07,PA,44,4,0.9063138345255103,0.7117117460105822,0.7975942642843408,1.0353234019294655
USDPEN,5,2025-08-07,VAR1,44,4,7.768513171896725,6.269998094017085,9.260660867956439,7.432184883090582
USDPEN,5,2025-08-07,ARHinc,44,4,0.9060620230265286,0.7116311090608727,0.8007330700687831,1.0324771740379113
USDPEN,5,2025-08-07,KernelARH,44,4,0.907452378498967,0.7124064822285777,0.7726509951989579,1.055121541023935
USDPEN,10,2025-08-14,PM,44,4,0.27607177508756664,0.1963461538461538,0.37659203009517433,0.19864910786240764
USDPEN,10,2025-08-14,PA,44,4,0.9744749086635225,0.7677043156220125,0.9173681207267194,1.0698793796894726
USDPEN,10,2025-08-14,VAR1,44,4,10.982160270136443,8.880721264963919,13.097822734362696,10.646024690148096
USDPEN,10,2025-08-14,ARHinc,44,4,0.9751019722821951,0.7668110444451441,0.9217398621686013,1.0674117609347284
USDPEN,10,2025-08-14,KernelARH,44,4,0.9644772823560118,0.7650003739982396,0.865434774100541,1.089501546270114
USDPEN,1,2025-08-04,PM,44,4,0.15193495571865864,0.10319230769230776,0.14380049679694634,0.1418446839806379
USDPEN,1,2025-08-04,PA,44,4,0.8526148680704964,0.6566973942323041,0.7234771992602798,0.9939010592976494
USDPEN,1,2025-08-04,VAR1,44,4,2.672221664023258,1.9787777880165949,3.1924922971964516,2.5234401454308877
USDPEN,1,2025-08-04,ARHinc,44,4,0.8581773569779568,0.6611141566779295,0.7282484740848146,1.0006996952741622
USDPEN,1,2025-08-04,KernelARH,44,4,0.8582901251876245,0.6608214555494396,0.7228213829580462,1.0043830122179311
USDPEN,5,2025-08-08,PM,44,4,0.1599379386848825,0.10542307692307698,0.21392070728626258,0.1259764361815243
USDPEN,5,2025-08-08,PA,44,4,0.9154900586308944,0.716044542814718,0.8094423489338978,1.0408006914326622
USDPEN,5,2025-08-08,VAR1,44,4,2.6180295876294,2.21026317292085,2.9252657589566193,2.653346552648635
USDPEN,5,2025-08-08,ARHinc,44,4,0.9181477209919066,0.7204810072496302,0.81154463516002,1.0452766258222785
USDPEN,5,2025-08-08,KernelARH,44,4,0.9136143446123275,0.7149819246625864,0.7796685283103708,1.059241831938221
USDPEN,10,2025-08-15,PM,44,4,0.32973022189476225,0.20730769230769233,0.4703085727658404,0.21064183258151034
USDPEN,10,2025-08-15,PA,44,4,1.0021733762530023,0.7877949560683417,0.9790386078831783,1.076392946195404
USDPEN,10,2025-08-15,VAR1,44,4,6.846764507592123,5.51528493921323,7.911492568723643,6.90392095821188
USDPEN,10,2025-08-15,ARHinc,44,4,1.0037950134142724,0.7891354232884221,0.9814999743500077,1.0796115008966667
USDPEN,10,2025-08-15,KernelARH,44,4,0.9799901111289774,0.7774886275964398,0.9032423039871709,1.091433591242282
USDPEN,1,2025-08-05,PM,44,4,0.0911739672696779,0.05719230769230763,0.07252396632911569,0.09000821799173295
USDPEN,1,2025-08-05,PA,44,4,0.864279563042571,0.6791421030808087,0.7303742098243698,1.0013233852399406
USDPEN,1,2025-08-05,VAR1,44,4,26.315904246872858,20.930920235084105,31.54797727545676,24.658214182178718
USDPEN,1,2025-08-05,ARHinc,44,4,0.8650601323955405,0.6809548918564078,0.7315788030083661,1.001351921545273
USDPEN,1,2025-08-05,KernelARH,44,4,0.8657129037060389,0.6787754112690378,0.7348718036718024,1.0014608534433491
USDPEN,5,2025-08-11,PM,44,4,0.19300321340489496,0.12200000000000011,0.20547631333575414,0.1664865065061032
USDPEN,5,2025-08-11,PA,44,4,0.9167342567679467,0.7174530963888934,0.8036909372078823,1.0430119864827199
USDPEN,5,2025-08-11,VAR1,44,4,32.99599666888744,25.844402842883483,39.212204054256304,32.070650078893294
USDPEN,5,2025-08-11,ARHinc,44,4,0.9189147517454708,0.7211432685272801,0.811503150683701,1.0420179485963
USDPEN,5,2025-08-11,KernelARH,44,4,0.9231251867434491,0.7240970741708341,0.7896509160239068,1.071274567472285
USDPEN,10,2025-08-18,PM,44,4,0.6870822157164644,0.40211538461538465,0.8682746572627007,0.5096992513695653
USDPEN,10,2025-08-18,PA,44,4,1.1908532700207817,0.9385828575630931,1.2559245382238016,1.1785937439988108
USDPEN,10,2025-08-18,VAR1,44,4,22.752079588242808,18.511545710859586,26.535813076568214,23.0909083574453
USDPEN,10,2025-08-18,ARHinc,44,4,1.1986387349832983,0.9419692499890691,1.2782831833851143,1.1780181164237757
USDPEN,10,2025-08-18,KernelARH,44,4,1.1553552955485196,0.9203716837584281,1.1961928408913027,1.1768944662750735
USDPEN,1,2025-08-06,PM,44,4,0.07325108295340191,0.045730769230769304,0.10503036201214783,0.04946105311099916
USDPEN,1,2025-08-06,PA,44,4,0.8910780912616321,0.7012935464443815,0.7732810202428312,1.0208240398508646
USDPEN,1,2025-08-06,VAR1,44,4,5.0124560147494375,4.1416016885748945,5.470846053882194,5.2676993101439225
USDPEN,1,2025-08-06,ARHinc,44,4,0.8885509920603708,0.6967259876379477,0.7663020915599803,1.0206511635655051
USDPEN,1,2025-08-06,KernelARH,44,4,0.890182016953028,0.6945644598443138,0.7666883227233457,1.0237142638797538
USDPEN,5,2025-08-12,PM,44,4,0.18671013115769342,0.11642307692307696,0.2486484974040563,0.13819747582620445
USDPEN,5,2025-08-12,PA,44,4,0.940040477934403,0.7398704695213044,0.8609627336095985,1.0497245370290746
USDPEN,5,2025-08-12,VAR1,44,4,11.015167971675252,8.783473485192413,12.027549580331927,11.827302788184692
USDPEN,5,2025-08-12,ARHinc,44,4,0.9365185477502982,0.7363536305124181,0.851286472100445,1.0494717928348969
USDPEN,5,2025-08-12,KernelARH,44,4,0.9379421133302329,0.7377888420317193,0.8280290276291781,1.0731469926127464
USDPEN,10,2025-08-19,PM,44,4,0.5679044644737624,0.35880769230769227,0.6735393475827921,0.4424238286557675
USDPEN,10,2025-08-19,PA,44,4,1.1695218418942885,0.9168621958331739,1.156978481436443,1.1964882824195056
USDPEN,10,2025-08-19,VAR1,44,4,10.41809850776489,8.340671007724964,11.220049650648262,11.517877809055657
USDPEN,10,2025-08-19,ARHinc,44,4,1.1633422051831477,0.9138897388377357,1.140593270801078,1.196004880187416
USDPEN,10,2025-08-19,KernelARH,44,4,1.1365310884936126,0.9072916024005492,1.0772608381869968,1.2060023740816566
USDPEN,1,2025-08-07,PM,44,4,0.04591955758966728,0.029307692307692344,0.056542323059581075,0.031047456425169203
USDPEN,1,2025-08-07,PA,44,4,0.8991262205728376,0.7104299103929809,0.7908192602275544,1.0229646060961188
USDPEN,1,2025-08-07,VAR1,44,4,4.01735191526037,3.3487078856449726,3.975732671605911,4.570758898219464
USDPEN,1,2025-08-07,ARHinc,44,4,0.8991739090447465,0.7099580390416018,0.7907252042312487,1.0232539972971448
USDPEN,1,2025-08-07,KernelARH,44,4,0.8983455061659174,0.7071125159077545,0.7879016415939314,1.023959252089585
USDPEN,5,2025-08-13,PM,44,4,0.198459330264996,0.1174615384615384,0.2731440009708326,0.133080137617814
USDPEN,5,2025-08-13,PA,44,4,0.9733433704624389,0.7723402113717527,0.9297033366559704,1.060622071389823
USDPEN,5,2025-08-13,VAR1,44,4,9.508192489943546,7.490554176565796,9.364606583700745,11.103374917636309
USDPEN,5,2025-08-13,ARHinc,44,4,0.9734048622524187,0.7715857332127547,0.9296365617978976,1.0609368260441903
USDPEN,5,2025-08-13,KernelARH,44,4,0.9695139855510926,0.7632462364467036,0.912769064813113,1.0680486122622475
USDPEN,10,2025-08-20,PM,44,4,0.5482760569415599,0.36407692307692296,0.6675111925116061,0.43004287309478273
USDPEN,10,2025-08-20,PA,44,4,1.1864537306703495,0.9344437370166555,1.1936961219545004,1.207205644758468
USDPEN,10,2025-08-20,VAR1,44,4,8.214540773192939,6.573126526264895,8.11451500975101,9.707945236502901
USDPEN,10,2025-08-20,ARHinc,44,4,1.1870399700426402,0.9343370723792956,1.1949893392464517,1.2076495919245447
USDPEN,10,2025-08-20,KernelARH,44,4,1.1730446663493623,0.9284588115834819,1.1561968055701177,1.2204920619350328
USDPEN,1,2025-08-08,PM,44,4,0.04193458734010164,0.0324999999999999,0.03753539586728747,0.04710518134655108
USDPEN,1,2025-08-08,PA,44,4,0.902686493254492,0.7105394422821445,0.7866186820327506,1.0306274958293289
USDPEN,1,2025-08-08,VAR1,44,4,1.7715971911113677,1.4077770929474787,1.500482327369571,2.1866175098174256
USDPEN,1,2025-08-08,ARHinc,44,4,0.9019534589339329,0.7093095322905584,0.7845232639090991,1.0305671892057964
USDPEN,1,2025-08-08,KernelARH,44,4,0.9028739777267999,0.7087541838761808,0.7864003810563044,1.0313743601534167
USDPEN,5,2025-08-14,PM,44,4,0.160385203374683,0.10349999999999987,0.19910837239292484,0.12166421021078651
USDPEN,5,2025-08-14,PA,44,4,0.9642083458076842,0.7676906039570727,0.9016364175463605,1.0576551601137645
USDPEN,5,2025-08-14,VAR1,44,4,5.704395076570237,4.341989582163426,4.916977428407675,7.191987177604863
USDPEN,5,2025-08-14,ARHinc,44,4,0.9631926197174077,0.7671355376252755,0.8987211491775331,1.057591082972622
USDPEN,5,2025-08-14,KernelARH,44,4,0.9618375419393812,0.7601208522744084,0.8932100847893295,1.0600086829728712
USDPEN,10,2025-08-21,PM,44,4,0.5060165891169364,0.33703846153846156,0.5640593446072467,0.42390276391189086
USDPEN,10,2025-08-21,PA,44,4,1.1704538412410628,0.9242729592118067,1.1374245525408335,1.2073982784662085
USDPEN,10,2025-08-21,VAR1,44,4,6.073212951039101,4.721116575515354,5.465778652399716,7.5444452186653
USDPEN,10,2025-08-21,ARHinc,44,4,1.1694997993594982,0.923785700497496,1.1340505893740436,1.2076452878219615
USDPEN,10,2025-08-21,KernelARH,44,4,1.1692353259234287,0.9207190141136236,1.129225008906112,1.2138302856871563
USDPEN,1,2025-08-11,PM,44,4,0.04835366504285813,0.029653846153846107,0.06359035190306198,0.03144060274361067
USDPEN,1,2025-08-11,PA,44,4,0.9095961204432295,0.7186295650768486,0.8026285575609593,1.034206850734256
USDPEN,1,2025-08-11,VAR1,44,4,0.9464807988158929,0.7519589674214524,0.7936583366253009,1.1153540781143285
USDPEN,1,2025-08-11,ARHinc,44,4,0.9082651289724036,0.715743311419251,0.79932938984412,1.0339108608231253
USDPEN,1,2025-08-11,KernelARH,44,4,0.9105516435271381,0.7176261453935673,0.8052454414396653,1.03438693905038
USDPEN,5,2025-08-15,PM,44,4,0.19218293068364273,0.10684615384615384,0.265590578578212,0.12482470552019029
USDPEN,5,2025-08-15,PA,44,4,0.9773583490478838,0.7819181901429747,0.9300719651281264,1.0633344488336411
USDPEN,5,2025-08-15,VAR1,44,4,3.2405000843486014,2.2777770937995148,2.3466332102330765,4.325517628904446
USDPEN,5,2025-08-15,ARHinc,44,4,0.9753662924763721,0.7797991806403636,0.9251911189252402,1.062783119836067
USDPEN,5,2025-08-15,KernelARH,44,4,0.9752122180613247,0.7760961721657493,0.9226708632216345,1.0638165162191056
USDPEN,10,2025-08-22,PM,44,4,0.4982693124127831,0.31834615384615383,0.6058144728946661,0.3888023395309508
USDPEN,10,2025-08-22,PA,44,4,1.168185446623823,0.9291548187649481,1.1651141799170643,1.195514054560231
USDPEN,10,2025-08-22,VAR1,44,4,4.074944936331852,3.1922683308156072,3.565196510157102,5.041881533292353
USDPEN,10,2025-08-22,ARHinc,44,4,1.1668921240515122,0.92744522118010575,1.1608608464862713,1.1959450940954814
USDPEN,10,2025-08-22,KernelARH,44,4,1.17372167869633,0.9250982433172948,1.170128788671496,1.2020720168247816
USDPEN,1,2025-08-12,PM,44,4,0.04816088821695606,0.02719230769230757,0.07254353825187916,0.028870864239452333
USDPEN,1,2025-08-12,PA,44,4,0.9185935160914811,0.7271207908839479,0.8219384648699619,1.0385582314567616
USDPEN,1,2025-08-12,VAR1,44,4,1.291644677444158,0.956532411984333,1.066870871437496,1.5489355848403858
USDPEN,1,2025-08-12,ARHinc,44,4,0.9182280477982644,0.7263989144865083,0.8209756283039448,1.0384690176007974
USDPEN,1,2025-08-12,KernelARH,44,4,0.9207539344976658,0.7284038672985765,0.8271276677289894,1.0389986447187796
USDPEN,5,2025-08-18,PM,44,4,0.507135716170124,0.296576923076923,0.6757920672922311,0.35956077844796247
USDPEN,5,2025-08-18,PA,44,4,1.1500405483526415,0.9203464151295714,1.2165229563110243,1.1481175878462855
USDPEN,5,2025-08-18,VAR1,44,4,2.0919737093234727,1.8180321571307503,2.3365719725360674,1.860386872119533
USDPEN,5,2025-08-18,ARHinc,44,4,1.1492961217233209,0.919784938165955,1.2144384522629632,1.1480507107719011
USDPEN,5,2025-08-18,KernelARH,44,4,1.1539037887169716,0.915912578697475,1.2197083569975606,1.1503418070418376
USDPEN,10,2025-08-25,PM,44,4,0.49874954212433187,0.3184615384615383,0.637340143736171,0.36550981286907563
USDPEN,10,2025-08-25,PA,44,4,1.1662060351556487,0.9328909362481205,1.1921333449041602,1.1801670637191104
USDPEN,10,2025-08-25,VAR1,44,4,3.1384253132388102,2.6535796677810093,3.7356103657777915,2.6865905701020525
USDPEN,10,2025-08-25,ARHinc,44,4,1.1657374979965853,0.9325060490843415,1.190705114979587,1.1802008570303082
USDPEN,10,2025-08-25,KernelARH,44,4,1.1746216024678497,0.9331947339049619,1.2063434587949673,1.1842524273009378
USDPEN,1,2025-08-13,PM,44,4,0.08682376048418661,0.04896153846153853,0.1262520077153413,0.05265885411961658
USDPEN,1,2025-08-13,PA,44,4,0.9440153254096477,0.7529754313657926,0.873354855350508,1.0490953426672913
USDPEN,1,2025-08-13,VAR1,44,4,1.4942229211130114,1.167941360307777,1.377666408661413,1.7069030922016404
USDPEN,1,2025-08-13,ARHinc,44,4,0.9441876376882813,0.7529069903144638,0.8728272528049963,1.0496730033237411
USDPEN,1,2025-08-13,KernelARH,44,4,0.9471381775156904,0.7546438427368697,0.8794679043508804,1.0505591273488302
USDPEN,5,2025-08-19,PM,44,4,0.405702856401465,0.2550384615384617,0.44866756340337055,0.33350114959026417
USDPEN,5,2025-08-19,PA,44,4,1.1028484315485818,0.8869636311093337,1.0462436181260069,1.1624795553862493
USDPEN,5,2025-08-19,VAR1,44,4,3.0473077078387245,2.6361372865265142,3.5889688073513484,2.737046330703014
USDPEN,5,2025-08-19,ARHinc,44,4,1.1033297993285036,0.8875465071040157,1.0459803883773526,1.1631995773250137
USDPEN,5,2025-08-19,KernelARH,44,4,1.1150714054673294,0.8910664704443481,1.0661656658258456,1.1687298765506122
USDPEN,10,2025-08-26,PM,44,4,0.1651342693782152,0.12907692307692314,0.17061283266915447,0.15376436936019333
USDPEN,10,2025-08-26,PA,44,4,0.8960857391143059,0.7138168095585765,0.7671546885586983,1.033625992567489
USDPEN,10,2025-08-26,VAR1,44,4,3.991149607918555,3.474574752690447,4.9250381838054675,3.298241079799411
USDPEN,10,2025-08-26,ARHinc,44,4,0.8960645103940734,0.7138128292671737,0.767084394197725,1.0337705533608825
USDPEN,10,2025-08-26,KernelARH,44,4,0.8935599772461191,0.7116314609018064,0.7669654903385524,1.0299658496014095
USDPEN,1,2025-08-14,PM,44,4,0.034115894107721,0.023384615384615375,0.04772052492197125,0.02636632498947252
USDPEN,1,2025-08-14,PA,44,4,0.9338396960004584,0.7439781596186901,0.8409997609580725,1.0481044248559996
USDPEN,1,2025-08-14,VAR1,44,4,1.9832894327055697,1.6492294940058934,2.226386153928568,1.987495059725257
USDPEN,1,2025-08-14,ARHinc,44,4,0.9347153167714485,0.7445799112574587,0.8425124055639694,1.0487054707127106
USDPEN,1,2025-08-14,KernelARH,44,4,0.934380131986962,0.7438002718028675,0.8423901953976277,1.0478386324257858
USDPEN,5,2025-08-20,PM,44,4,0.38968028068385263,0.2614615384615384,0.4600719616817914,0.31624364456085496
USDPEN,5,2025-08-20,PA,44,4,1.115144414622647,0.8896252353649593,1.0786065315304547,1.1697900542054114
USDPEN,5,2025-08-20,VAR1,44,4,5.085689269851995,4.488357560896694,6.447077139490567,4.2792295842788395
USDPEN,5,2025-08-20,ARHinc,44,4,1.1160447586275228,0.89072242065851015,1.0806560849466051,1.1700549020436133
USDPEN,5,2025-08-20,KernelARH,44,4,1.1271409967050652,0.8959148006086214,1.0979530662345451,1.175877757666127
USDPEN,10,2025-08-27,PM,44,4,0.07201028238543972,0.055884615384615366,0.09597308113139949,0.05507009366584209
USDPEN,10,2025-08-27,PA,44,4,0.9339460901669319,0.7455795247238923,0.8507364691023573,1.0448420838032277
USDPEN,10,2025-08-27,VAR1,44,4,6.622883401887469,5.860477660756944,8.521670442152752,5.341025289296048
USDPEN,10,2025-08-27,ARHinc,44,4,0.9344503063844511,0.746228045649424,0.8520824987842873,1.045003048287741
USDPEN,10,2025-08-27,KernelARH,44,4,0.9374428233933781,0.7448445564714877,0.8607828686586084,1.0444877438971512
USDPEN,1,2025-08-15,PM,44,4,0.05043226607578186,0.029423076923076975,0.072970335930386,0.032255625821534684
USDPEN,1,2025-08-15,PA,44,4,0.9390582502799104,0.7451585809771687,0.8536191170575887,1.0493922430869365
USDPEN,1,2025-08-15,VAR1,44,4,3.9752624871863254,3.337800127520635,5.325199281719716,2.9543540964493733
USDPEN,1,2025-08-15,ARHinc,44,4,0.938769748230898,0.7444823158920534,0.8516121074363047,1.0500882013974027
USDPEN,1,2025-08-15,KernelARH,44,4,0.9385129346038694,0.7430180787657693,0.8507689147610141,1.0493250620965942
USDPEN,5,2025-08-21,PM,44,4,0.3640809689108687,0.24246153846153862,0.39393967929154405,0.3113268814410597
USDPEN,5,2025-08-21,PA,44,4,1.0932250861356183,0.8731483402561271,1.0208780731588971,1.1634576878714205
USDPEN,5,2025-08-21,VAR1,44,4,1.4508138217064284,1.173007115943602,1.6291159402014421,1.3466729323452984
USDPEN,5,2025-08-21,ARHinc,44,4,1.0929677992855817,0.8734630149295861,1.0177941658434415,1.1643212797914464
USDPEN,5,2025-08-21,KernelARH,44,4,1.1312711876039345,0.8929425463497527,1.0651369256640693,1.1938208228181995
USDPEN,10,2025-08-28,PM,44,4,0.09850175711045035,0.07219230769230778,0.1455007218546174,0.07413390878883523
USDPEN,10,2025-08-28,PA,44,4,0.9374670024608223,0.7489217294340481,0.8624577007749581,1.0461262212344982
USDPEN,10,2025-08-28,VAR1,44,4,3.3397272254921413,2.8624908124737334,4.4005007515640795,2.554121980348504
USDPEN,10,2025-08-28,ARHinc,44,4,0.9365828939473287,0.7487107257018094,0.8603487047144548,1.0458450191429483
USDPEN,10,2025-08-28,KernelARH,44,4,0.9655764868975816,0.761306538774332,0.900080177515313,1.0751243309107719
USDPEN,1,2025-08-18,PM,44,4,0.3468382603551025,0.2118076923076924,0.46045419588243136,0.24868078711633732
USDPEN,1,2025-08-18,PA,44,4,1.0786881602413465,0.8750837512182704,1.0867547723535782,1.1190452615741746
USDPEN,1,2025-08-18,VAR1,44,4,2.1175077689693107,1.721018260407344,2.776753473811989,1.6280685853837917
USDPEN,1,2025-08-18,ARHinc,44,4,1.0784550508956838,0.87344211597549,1.0920907169722756,1.116254471090374
USDPEN,1,2025-08-18,KernelARH,44,4,1.0774359608888873,0.8746640726999871,1.080675762555514,1.119664091184317
USDPEN,5,2025-08-22,PM,44,4,0.34745994511819406,0.2355000000000001,0.4133192296766215,0.28274570494992857
USDPEN,5,2025-08-22,PA,44,4,1.1040079063732935,0.8802903545014554,1.0643061607233515,1.1619791229996024
USDPEN,5,2025-08-22,VAR1,44,4,1.8248321069010451,1.4988784127255634,2.22886270149,1.5484404135964065
USDPEN,5,2025-08-22,ARHinc,44,4,1.1034791137360838,0.8786401588303964,1.0657361889209747,1.160841857083876
USDPEN,5,2025-08-22,KernelARH,44,4,1.1313367436793622,0.8924416585039668,1.0931886025729536,1.185729750342677
USDPEN,10,2025-08-29,PM,44,4,0.10150383660805062,0.08096153846153863,0.1319162477376695,0.07755945369529454
USDPEN,10,2025-08-29,PA,44,4,0.9239419420999632,0.7426687791770634,0.8216234368308717,1.0409601225794216
USDPEN,10,2025-08-29,VAR1,44,4,1.2180835544170903,1.0109552978522156,1.3590318304755202,1.1817944023580993
USDPEN,10,2025-08-29,ARHinc,44,4,0.9238945879815336,0.7418219480412429,0.8221148110217553,1.0402722689716792
USDPEN,10,2025-08-29,KernelARH,44,4,0.9428892343176272,0.7410428206163967,0.8431733774566054,1.0610514404352653
USDPEN,1,2025-08-19,PM,44,4,0.20942790663357896,0.11934615384615399,0.361154629750638,0.10098067159267705
USDPEN,1,2025-08-19,PA,44,4,1.0192095276271476,0.817872917947068,0.9455745368834348,1.1114356003566246
USDPEN,1,2025-08-19,VAR1,44,4,18.693446145412434,15.005335302407028,26.337730671686625,12.312430799354086
USDPEN,1,2025-08-19,ARHinc,44,4,1.0277624825980745,0.8199295201540103,0.9653028498722017,1.1142841490098416
USDPEN,1,2025-08-19,KernelARH,44,4,1.056309651991055,0.8406592970834597,1.0405014299305375,1.123731572599114
USDPEN,5,2025-08-25,PM,44,4,0.25324632657370755,0.18511538461538468,0.4020279734947754,0.15574431328393298
USDPEN,5,2025-08-25,PA,44,4,1.0682462018671819,0.871295994870145,1.0496233701518525,1.1284023656638098
USDPEN,5,2025-08-25,VAR1,44,4,27.504484756177494,21.14064276250055,39.19207345534203,17.173049505881767
USDPEN,5,2025-08-25,ARHinc,44,4,1.0737586856355237,0.8724556259117989,1.060733764533949,1.1303542212378426
USDPEN,5,2025-08-25,KernelARH,44,4,1.091521452199085,0.8783619881425756,1.0994560877421315,1.1366340860889605
USDPEN,10,2025-09-01,PM,44,4,0.380563158106105,0.24426923076923077,0.4751995271151842,0.290972438669272
USDPEN,10,2025-09-01,PA,44,4,0.9724559467982752,0.7616806102547605,0.8949530628001974,1.0666719327141343
USDPEN,10,2025-09-01,VAR1,44,4,28.545766137961092,20.276518628958428,40.57771459208836,17.536694732618727
USDPEN,10,2025-09-01,ARHinc,44,4,0.9766905774485111,0.7643450162523718,0.9166813662197058,1.0634498232031868
USDPEN,10,2025-09-01,KernelARH,44,4,0.9448514982017809,0.7510012260751628,0.8638669108557007,1.05053737489048
USDPEN,1,2025-08-20,PM,44,4,0.15956054433252706,0.13230769230769235,0.20894747993753224,0.1174222662232134
USDPEN,1,2025-08-20,PA,44,4,1.032932715434449,0.83536350368308,0.9578975834655676,1.1215709949371182
USDPEN,1,2025-08-20,VAR1,44,4,7.922327024917566,6.397451265072131,7.8490887150840445,9.035121514596383
USDPEN,1,2025-08-20,ARHinc,44,4,1.041274256036307,0.843187517490489,0.971040093104425,1.1267401688310748
USDPEN,1,2025-08-20,KernelARH,44,4,1.0941671072834072,0.8719022494283922,1.039245531930779,1.1601948109459703
USDPEN,5,2025-08-26,PM,44,4,0.5487708292875297,0.3620384615384616,0.5861437787362169,0.4687326493184632
USDPEN,5,2025-08-26,PA,44,4,1.022909221449803,0.8256804758016941,0.9429546912698726,1.108230430803306
USDPEN,5,2025-08-26,VAR1,44,4,18.561307758242275,15.991737902968875,22.50913267110323,17.615156538905822
USDPEN,5,2025-08-26,ARHinc,44,4,0.9919403735471977,0.7883324289833094,0.9070699303256375,1.0890199571503596
USDPEN,5,2025-08-26,KernelARH,44,4,0.9121998596432015,0.7214145895384526,0.7996189759399978,1.039915440764966
USDPEN,10,2025-09-02,PM,44,4,0.3720036057517556,0.2411153846153846,0.38736937265086896,0.31974183027265335
USDPEN,10,2025-09-02,PA,44,4,0.9669497437782171,0.7384007247284963,0.86992791392585,1.0649319196834726
USDPEN,10,2025-09-02,VAR1,44,4,12.450637539520681,10.626190994677511,14.322376251456626,12.59208990505561
USDPEN,10,2025-09-02,ARHinc,44,4,0.9455736390528648,0.7377165716697769,0.8458249686190359,1.0520610737953204
USDPEN,10,2025-09-02,KernelARH,44,4,0.9132546031861236,0.7323556343393248,0.8088828373952468,1.030375484875183
USDPEN,1,2025-08-21,PM,44,4,0.06274605412049684,0.03634615384615389,0.10331988401686672,0.031012259525023348
USDPEN,1,2025-08-21,PA,44,4,1.0248420514719778,0.8282604498218169,0.9266233533779842,1.1214360887835935
USDPEN,1,2025-08-21,VAR1,44,4,7.522493606324849,5.823553446716272,6.163983361340665,9.306066386840074
USDPEN,1,2025-08-21,ARHinc,44,4,1.0252832056981687,0.8282927298946776,0.9271589537827021,1.1216987507049283
USDPEN,1,2025-08-21,KernelARH,44,4,1.054015250310926,0.8448941625582999,0.9657009936388973,1.1494213038090724
USDPEN,5,2025-08-27,PM,44,4,0.38324945431242197,0.24538461538461548,0.41677816197000156,0.3219095604259794
USDPEN,5,2025-08-27,PA,44,4,0.9784813061081834,0.7562527726943838,0.8914841424842422,1.0761312240773173
USDPEN,5,2025-08-27,VAR1,44,4,15.366429179359528,11.60088820074742,12.710735738255039,19.003383433808178
USDPEN,5,2025-08-27,ARHinc,44,4,0.9749041662906729,0.7539211606778823,0.8856273163363887,1.074138830442233
USDPEN,5,2025-08-27,KernelARH,44,4,0.9968501298861193,0.777582015632273,0.9128114718431622,1.0907821977338863
USDPEN,10,2025-09-03,PM,44,4,0.3608693429654392,0.23134615384615406,0.40125878095966566,0.30227611166620116
USDPEN,10,2025-09-03,PA,44,4,0.951490824253889,0.7328165177495759,0.8453560670004694,1.0569797004794235
USDPEN,10,2025-09-03,VAR1,44,4,15.508185825466507,12.382387970464364,13.38010387335893,18.67359247590563
USDPEN,10,2025-09-03,ARHinc,44,4,0.9481236458923135,0.7310365407897864,0.8396802599488956,1.0550771510335428
USDPEN,10,2025-09-03,KernelARH,44,4,0.9534845699676678,0.7342357703505439,0.847144772796377,1.0588134006806287
USDPEN,1,2025-08-22,PM,44,4,0.05379314011169949,0.035153846153846105,0.07867966087468704,0.03884062708651463
USDPEN,1,2025-08-22,PA,44,4,1.035567513877698,0.8424449686365455,0.9621601230797506,1.121885983646154
USDPEN,1,2025-08-22,VAR1,44,4,11.433752617925858,8.641960450255247,9.065717644098806,14.348624659752257
USDPEN,1,2025-08-22,ARHinc,44,4,1.0355552579062455,0.8421088371497645,0.9619874169969727,1.121849343048276
USDPEN,1,2025-08-22,KernelARH,44,4,1.0354477795462391,0.8397412293560327,0.9615336550383062,1.121907974691095
USDPEN,5,2025-08-28,PM,44,4,0.3666347086888865,0.22350000000000003,0.34169296766544377,0.3282397861618242
USDPEN,5,2025-08-28,PA,44,4,0.9848186551830977,0.7609817340975726,0.8953050473865315,1.083076902244422
USDPEN,5,2025-08-28,VAR1,44,4,22.168932393247843,17.360351996953934,18.413122063806618,27.187704877198176
USDPEN,5,2025-08-28,ARHinc,44,4,0.9851842795492334,0.7602614236741757,0.896764374032276,1.0826633374118027
USDPEN,5,2025-08-28,KernelARH,44,4,0.9822393788494179,0.7567141207061195,0.8950722583701369,1.0803556239581005
USDPEN,10,2025-09-04,PM,44,4,0.3120229435597522,0.19923076923076918,0.3056991743242031,0.28113359112304315
USDPEN,10,2025-09-04,PA,44,4,0.9502877263248998,0.7355566341352546,0.8414210477069128,1.0577162504499513
USDPEN,10,2025-09-04,VAR1,44,4,24.45484427503865,19.96237943645381,22.31300111193841,28.59645819427106
USDPEN,10,2025-09-04,ARHinc,44,4,0.9504128520873958,0.7350617051985927,0.843487742616188,1.056569620123046
USDPEN,10,2025-09-04,KernelARH,44,4,0.9479766035663459,0.7352050584254315,0.8415858956328169,1.054817890741842
USDPEN,1,2025-08-25,PM,44,4,0.1121728148198813,0.08692307692307691,0.13101423895522152,0.09693960367386903
USDPEN,1,2025-08-25,PA,44,4,1.044610475620221,0.8436938529420377,0.9922241508569796,1.1203601679967115
USDPEN,1,2025-08-25,VAR1,44,4,8.54675384243518,7.118232216954095,7.946813381429579,9.89146585437299
USDPEN,1,2025-08-25,ARHinc,44,4,1.0455497797595157,0.8449431651518055,0.9935036093715239,1.121330548361684
USDPEN,1,2025-08-25,KernelARH,44,4,1.0445747412087047,0.8445076693525789,0.9921707759715147,1.1204392006487587
USDPEN,5,2025-08-29,PM,44,4,0.3855287328412159,0.24430769230769228,0.4252808843107489,0.32318929310778144
USDPEN,5,2025-08-29,PA,44,4,0.9759600024202205,0.7527528387995098,0.8849132357146462,1.0743947596760088
USDPEN,5,2025-08-29,VAR1,44,4,18.75891296997183,15.278264569783271,16.78450405973326,22.200076353671125
USDPEN,5,2025-08-29,ARHinc,44,4,0.9758683888971291,0.7533436441852326,0.883091090972158,1.0751143502171274
USDPEN,5,2025-08-29,KernelARH,44,4,0.976476784687061,0.7516051606959766,0.8844262808997414,1.07479400421544
USDPEN,10,2025-09-05,PM,44,4,0.33886469105847217,0.22450000000000012,0.395555458768461,0.28001532122922385
USDPEN,10,2025-09-05,PA,44,4,0.9580216808283767,0.7452081430621607,0.8755260023216053,1.0537882082012824
USDPEN,10,2025-09-05,VAR1,44,4,20.912821801263057,17.14297786214556,19.54954434006527,24.15639425458514
USDPEN,10,2025-09-05,ARHinc,44,4,0.9580424082510641,0.7455436980855507,0.8737382195800586,1.0547636924682688
USDPEN,10,2025-09-05,KernelARH,44,4,0.9581981786394791,0.7442697436748016,0.8746846211285542,1.0538293482984011
USDPEN,1,2025-08-26,PM,44,4,0.5756082067624712,0.32880769230769225,0.6938728255185488,0.4459835521258502
USDPEN,1,2025-08-26,PA,44,4,1.0289016737416499,0.8331392429878655,0.9637255196586164,1.1089312783807932
USDPEN,1,2025-08-26,VAR1,44,4,10.15264215303482,8.460577034501583,10.043251757351031,11.273959583198518
USDPEN,1,2025-08-26,ARHinc,44,4,1.0280534180215872,0.8335068306263554,0.963736511486905,1.1081256471605734
USDPEN,1,2025-08-26,KernelARH,44,4,1.025435568562317,0.8304583642603588,0.9516664700272663,1.109941984418759
USDPEN,5,2025-09-01,PM,44,4,0.380106007480909,0.24992307692307697,0.4616152538933563,0.29583965029397846
USDPEN,5,2025-09-01,PA,44,4,0.9788430066561308,0.749291850678516,0.9023524075115849,1.0705293555264983
USDPEN,5,2025-09-01,VAR1,44,4,20.57009123735171,16.584953959331013,17.958820344543447,24.72507409854867
USDPEN,5,2025-09-01,ARHinc,44,4,0.9781409560831159,0.7507641397116889,0.9024237794870961,1.0697305477150683
USDPEN,5,2025-09-01,KernelARH,44,4,0.9742330079096726,0.7519607305498912,0.8920214725354766,1.0692922296699403
USDPEN,10,2025-09-08,PM,44,4,0.16300837637750648,0.135923076923077,0.1805296387578703,0.14442926785213972
USDPEN,10,2025-09-08,PA,44,4,1.0292872185803272,0.8174286341284583,0.9989215905972513,1.0797502485941313
USDPEN,10,2025-09-08,VAR1,44,4,19.73933450869148,15.65850889659961,16.508018936028943,24.26573199663962
USDPEN,10,2025-09-08,ARHinc,44,4,1.0299572536656267,0.8199648723287074,1.0002114122023054,1.0799958748800884
USDPEN,10,2025-09-08,KernelARH,44,4,1.0320365773697167,0.8244371747525484,1.0030840598151776,1.0817529704644018
USDPEN,1,2025-08-27,PM,44,4,0.21673694619550662,0.13884615384615395,0.2744145216624579,0.17529429430066448
USDPEN,1,2025-08-27,PA,44,4,0.9502303596294935,0.7526339485211397,0.8783374601221905,1.0519315176238677
USDPEN,1,2025-08-27,VAR1,44,4,5.401521709225593,4.201843452603228,4.634803846933891,6.712847352497418
USDPEN,1,2025-08-27,ARHinc,44,4,0.9302598386000478,0.7393079019875537,0.841023514285684,1.0439696068899793
USDPEN,1,2025-08-27,KernelARH,44,4,1.0348627621042636,0.8121475932358329,1.028004092063684,1.0950415717292412
USDPEN,5,2025-09-02,PM,44,4,0.1852909614218013,0.1311153846153847,0.20449740800774568,0.16215274471214602
USDPEN,5,2025-09-02,PA,44,4,0.9239923951078894,0.7322877946749858,0.8214282671251276,1.0353981967444248
USDPEN,5,2025-09-02,VAR1,44,4,9.694119681956396,8.139975995453147,11.196649274302228,9.967415141170601
USDPEN,5,2025-09-02,ARHinc,44,4,0.9067171128911042,0.7153240090808954,0.7941442857746365,1.0277535989437647
USDPEN,5,2025-09-02,KernelARH,44,4,0.9077335238149589,0.721474346407803,0.7983713586000627,1.0273426880033771
USDPEN,10,2025-09-09,PM,44,4,0.7926605636908964,0.46819230769230774,1.0089204432491068,0.5747541838922028
USDPEN,10,2025-09-09,PA,44,4,1.2947080345871427,0.997652414768276,1.4228616332564707,1.208659966115408
USDPEN,10,2025-09-09,VAR1,44,4,5.048426545532089,4.20722676434077,5.817430353448491,5.164377184822179
USDPEN,10,2025-09-09,ARHinc,44,4,1.204426280485565,0.9510824642715862,1.2952788697315254,1.1579470440802138
USDPEN,10,2025-09-09,KernelARH,44,4,1.1854401015503007,0.9435188774686736,1.2698780907265201,1.146887880448556
USDPEN,1,2025-08-28,PM,44,4,0.04476058104386726,0.028846153846153806,0.0652953619011437,0.029788246307587096
USDPEN,1,2025-08-28,PA,44,4,0.9340010912227122,0.7472078430795415,0.851752170560172,1.0455524580847009
USDPEN,1,2025-08-28,VAR1,44,4,4.168533849246562,3.1775267943816043,3.4197484576287414,5.235951346455366
USDPEN,1,2025-08-28,ARHinc,44,4,0.9322772567237221,0.7410404533441215,0.8493348207920777,1.0440803784125396
USDPEN,1,2025-08-28,KernelARH,44,4,0.9341974582811379,0.748497898905688,0.8526467659012326,1.045302633406612
USDPEN,5,2025-09-03,PM,44,4,0.06249538444495788,0.04484615384615388,0.0841700002481089,0.04974675077641053
USDPEN,5,2025-09-03,PA,44,4,0.9128799997623268,0.7268241204425281,0.8016770824100249,1.0324240361619554
USDPEN,5,2025-09-03,VAR1,44,4,10.8559702686432,9.143731329269107,12.8052585720784,10.886114179001908
USDPEN,5,2025-09-03,ARHinc,44,4,0.9097537405160899,0.7206366170808126,0.798307781464256,1.0283008404823037
USDPEN,5,2025-09-03,KernelARH,44,4,0.9111598721269724,0.7259771398727659,0.8033691533843332,1.0288231047423566
USDPEN,10,2025-09-10,PM,44,4,0.6182505171231778,0.34446153846153854,0.7925978731372526,0.42971463729024134
USDPEN,10,2025-09-10,PA,44,4,1.2298691795240282,0.9774175945433253,1.3289564302068722,1.177028954138915
USDPEN,10,2025-09-10,VAR1,44,4,5.764375897528865,4.805888171915324,6.635151914746352,5.916269829433013
USDPEN,10,2025-09-10,ARHinc,44,4,1.2283813079557535,0.9739261320332921,1.332297976557872,1.1721542320618745
USDPEN,10,2025-09-10,KernelARH,44,4,1.213880118232455,0.9608470690405638,1.3296459066785618,1.1571901969409137
USDPEN,1,2025-08-29,PM,44,4,0.06693423868015748,0.03280769230769238,0.11386816465016782,0.037509330754807335
USDPEN,1,2025-08-29,PA,44,4,0.9210193652356379,0.7338479938277636,0.8188951444060043,1.0376937104112693
USDPEN,1,2025-08-29,VAR1,44,4,2.533775763438136,1.9168821907901126,2.0827404212596123,3.104239429267682
USDPEN,1,2025-08-29,ARHinc,44,4,0.9213671136210544,0.7331872214162343,0.8173351743839664,1.038741104050686
USDPEN,1,2025-08-29,KernelARH,44,4,0.9225453069991535,0.7382813110897514,0.8194503784423939,1.040376594493597
USDPEN,5,2025-09-04,PM,44,4,0.09784603289784496,0.07465384615384624,0.11216658328159093,0.0915607388897851
USDPEN,5,2025-09-04,PA,44,4,0.9183743436166751,0.7270940270500277,0.8089439416546751,1.0337097510665463
USDPEN,5,2025-09-04,VAR1,44,4,5.471180687647812,4.542247026312414,6.187555358236255,5.743548933841587
USDPEN,5,2025-09-04,ARHinc,44,4,0.9206049565810823,0.7296299765074263,0.8104482135496325,1.0360074547130051
USDPEN,5,2025-09-04,KernelARH,44,4,0.9200626337790235,0.7278146708716653,0.8166447485188466,1.0327929267582385
USDPEN,10,2025-09-11,PM,44,4,0.6528797156267939,0.3710384615384616,0.8064184671112399,0.4725662205947012
USDPEN,10,2025-09-11,PA,44,4,1.2464837473480395,0.990794629724516,1.332509212346103,1.197922814373147
USDPEN,10,2025-09-11,VAR1,44,4,2.1637723420089685,1.7052665277693684,2.1158555216674975,2.439084344605753
USDPEN,10,2025-09-11,ARHinc,44,4,1.2590690198844847,0.9981003713686395,1.3513831455494696,1.205060705382241
USDPEN,10,2025-09-11,KernelARH,44,4,1.2543909258818622,0.9882969479000129,1.3686363076860233,1.1929371068657866
USDPEN,1,2025-09-01,PM,44,4,0.0748045530288508,0.052923076923076996,0.11547424509953909,0.04430857339553706
USDPEN,1,2025-09-01,PA,44,4,0.9245132548914712,0.7306246195537417,0.8264248583743362,1.0380055178820224
USDPEN,1,2025-09-01,VAR1,44,4,1.9386559914615595,1.4455450642214287,1.5352496342490818,2.397832270118945
USDPEN,1,2025-09-01,ARHinc,44,4,0.9225010862131313,0.7290079188208121,0.8229428260604458,1.036992403319412
USDPEN,1,2025-09-01,KernelARH,44,4,0.9231281326342898,0.7283768552492321,0.8266918995712269,1.035466678101713
USDPEN,5,2025-09-05,PM,44,4,0.07634656558695412,0.05565384615384619,0.06742300460081514,0.07337246763766729
USDPEN,5,2025-09-05,PA,44,4,0.9235854938490344,0.7332998023799594,0.8230914518147984,1.0333010471707011
USDPEN,5,2025-09-05,VAR1,44,4,4.8382313984849254,4.008693850600373,5.548169181268534,5.006368061565351
USDPEN,5,2025-09-05,ARHinc,44,4,0.9220419081417156,0.7318997091918792,0.8217165411354919,1.0320357131583249
USDPEN,5,2025-09-05,KernelARH,44,4,0.9199915856840309,0.7313018317344212,0.8222189247366962,1.0287130824863997
USDPEN,10,2025-09-12,PM,44,4,0.6211515360757235,0.3537692307692307,0.7437323940153437,0.46064131731844926
USDPEN,10,2025-09-12,PA,44,4,1.2308668255738187,0.9799864555047129,1.273654356431155,1.1995663084962669
USDPEN,10,2025-09-12,VAR1,44,4,2.048499476729417,1.611959485876706,1.911197177672863,2.3521940628376883
USDPEN,10,2025-09-12,ARHinc,44,4,1.2200174063119629,0.9738773971044324,1.2563474886760015,1.1940136458917598
USDPEN,10,2025-09-12,KernelARH,44,4,1.2152135055404358,0.965146481134908,1.2651666687212837,1.1856140854072064
USDPEN,1,2025-09-02,PM,44,4,0.08823019498840687,0.05246153846153842,0.14646924332553607,0.04430980468953532
USDPEN,1,2025-09-02,PA,44,4,0.9075807961430067,0.7249097031341342,0.7980497475044002,1.0280988411613792
USDPEN,1,2025-09-02,VAR1,44,4,3.465529884475997,2.4203330682200765,4.807885661742026,2.321765478975401
USDPEN,1,2025-09-02,ARHinc,44,4,0.907189883660396,0.7239150338400427,0.7982320610554022,1.0272532842750521
USDPEN,1,2025-09-02,KernelARH,44,4,0.9071570208194616,0.7239034094934104,0.7988926317781061,1.026551565435624
USDPEN,5,2025-09-08,PM,44,4,0.4623483119234476,0.2762692307692309,0.5308338011407251,0.35762269241956335
USDPEN,5,2025-09-08,PA,44,4,1.1202392773357674,0.9038088633829999,1.1101895421114947,1.1360760387457254
USDPEN,5,2025-09-08,VAR1,44,4,2.397306700966159,1.8428176298888708,2.1840162830067773,2.7289660865532404
USDPEN,5,2025-09-08,ARHinc,44,4,1.1186295134348498,0.9023698086460796,1.1075651459497524,1.1349458660546525
USDPEN,5,2025-09-08,KernelARH,44,4,1.1136637118148411,0.895637443586609,1.1154873150889109,1.1262784749609869
USDPEN,10,2025-09-15,PM,44,4,0.5648960932364873,0.3240384615384616,0.5969989504882444,0.45491373161027254
USDPEN,10,2025-09-15,PA,44,4,1.1978583583332083,0.9561934787676153,1.1714546341353205,1.1988096842247038
USDPEN,10,2025-09-15,VAR1,44,4,1.4866564751853488,1.1283099807524744,1.519008486146556,1.456888087114843
USDPEN,10,2025-09-15,ARHinc,44,4,1.1963853716860549,0.9547411038434513,1.1692353448351522,1.197786369472155
USDPEN,10,2025-09-15,KernelARH,44,4,1.1928258760072437,0.9509371798653568,1.1784256339073895,1.190478566469212
USDPEN,1,2025-09-03,PM,44,4,0.06363394413482341,0.04926923076923061,0.07714546418793121,0.051336096848065435
USDPEN,1,2025-09-03,PA,44,4,0.9080326641921077,0.7138774464804916,0.7963029284771687,1.0267223029230172
USDPEN,1,2025-09-03,VAR1,44,4,1.374847972200797,1.0480429604786847,1.29467604408164,1.537010166928509
USDPEN,1,2025-09-03,ARHinc,44,4,0.9107942627919074,0.7184494265732885,0.8010308829415923,1.0282283086048811
USDPEN,1,2025-09-03,KernelARH,44,4,0.9100368991232288,0.7201667486446781,0.8003457981596604,1.0280524034521608
USDPEN,5,2025-09-09,PM,44,4,0.6240919942666244,0.3431538461538462,0.8164304492748965,0.43106223124189236
USDPEN,5,2025-09-09,PA,44,4,1.2016850907886565,0.952674607021062,1.2889763722857637,1.15717657954992
USDPEN,5,2025-09-09,VAR1,44,4,2.0501383401129316,1.6077963582748935,1.9410821671573135,2.35034342268449
USDPEN,5,2025-09-09,ARHinc,44,4,1.212299993533339,0.9602841692645779,1.304215157699535,1.1636863448405164
USDPEN,5,2025-09-09,KernelARH,44,4,1.190355683119918,0.9455717309479698,1.278250644906448,1.1487883998184627
USDPEN,10,2025-09-16,PM,44,4,0.5591750018485336,0.337,0.6023238946225927,0.4458989869906873
USDPEN,10,2025-09-16,PA,44,4,1.156891529548363,0.9239759257447681,1.1183854548839864,1.1644701467476681
USDPEN,10,2025-09-16,VAR1,44,4,1.3320074762123788,1.0447875413107623,1.2363138273385512,1.397481484582639
USDPEN,10,2025-09-16,ARHinc,44,4,1.1659828971114665,0.930438400218554,1.1294489626795619,1.1706157665952044
USDPEN,10,2025-09-16,KernelARH,44,4,1.1388659421424638,0.9103559115495041,1.0945134913473953,1.1537324155911215
USDPEN,1,2025-09-04,PM,44,4,0.06456474091352632,0.04488461538461544,0.06778569019768685,0.050391841693072564
USDPEN,1,2025-09-04,PA,44,4,0.9179371066028393,0.7277491447641916,0.8089777088773371,1.0333482951783668
USDPEN,1,2025-09-04,VAR1,44,4,3.1546766663880796,2.2517801704848,4.362065724032509,2.125663950193867
USDPEN,1,2025-09-04,ARHinc,44,4,0.9158079034314427,0.7248762778479881,0.8072118593982672,1.0309080142536302
USDPEN,1,2025-09-04,KernelARH,44,4,0.9170881174777255,0.7268459063128475,0.8094993286844289,1.031707638608046
USDPEN,5,2025-09-10,PM,44,4,0.6138049286089315,0.3188461538461539,0.8138077046014064,0.41145946880730627
USDPEN,5,2025-09-10,PA,44,4,1.2171903460681213,0.9686703014739713,1.3224396176912245,1.1644184031957032
USDPEN,5,2025-09-10,VAR1,44,4,2.3646631717109554,1.8676189369775602,2.1988137811498483,2.760027989459344
USDPEN,5,2025-09-10,ARHinc,44,4,1.2131183569122042,0.9651473850428833,1.3182854193871634,1.1608800669577886
USDPEN,5,2025-09-10,KernelARH,44,4,1.2200652563764705,0.9639048903727456,1.3379732055106228,1.1606844979877682
USDPEN,10,2025-09-17,PM,44,4,0.5461867372273671,0.33188461538461544,0.6426642444615736,0.40860376634134915
USDPEN,10,2025-09-17,PA,44,4,1.1719714460175932,0.9402087630124327,1.1958255126298136,1.1567882067168938
USDPEN,10,2025-09-17,VAR1,44,4,1.4686592328481698,1.1329974677900168,1.490702745162968,1.4781851729456645
USDPEN,10,2025-09-17,ARHinc,44,4,1.1680478831393386,0.9366555851782493,1.1928470935957183,1.152723101154912
USDPEN,10,2025-09-17,KernelARH,44,4,1.1658676665200451,0.9335434410817647,1.196327803242377,1.147647377859969
USDPEN,1,2025-09-05,PM,44,4,0.0556841194044242,0.0400000000000002,0.07960876156623001,0.044547631581078176
USDPEN,1,2025-09-05,PA,44,4,0.9189064590699478,0.7270576413088564,0.8215017941115373,1.028396873294225
USDPEN,1,2025-09-05,VAR1,44,4,1.462701263211295,1.1143549177251988,1.8099659727472681,1.2458763417208398
USDPEN,1,2025-09-05,ARHinc,44,4,0.9196827641741047,0.7255227751876675,0.8224538038183665,1.0289055626281385
USDPEN,1,2025-09-05,KernelARH,44,4,0.9191554957420249,0.727907457203916,0.8205629481784183,1.0286036685434938
USDPEN,5,2025-09-11,PM,44,4,0.6222957650753934,0.3270769230769229,0.8257507648036647,0.4203034592255096
USDPEN,5,2025-09-11,PA,44,4,1.2343645905051308,0.980934196297026,1.3382154931642574,1.1818425695487107
USDPEN,5,2025-09-11,VAR1,44,4,1.331299316725284,1.0531463599593016,1.3030497852548093,1.4087843325276268
USDPEN,5,2025-09-11,ARHinc,44,4,1.243171698366509,0.98604221238667,1.3513547246375233,1.1865806218589598
USDPEN,5,2025-09-11,KernelARH,44,4,1.2589889056614378,0.9900271911418598,1.3740334124301081,1.1957620842128653
USDPEN,10,2025-09-18,PM,44,4,0.570912730768763,0.3337692307692309,0.7174179032672238,0.4034466842984227
USDPEN,10,2025-09-18,PA,44,4,1.2032980784614988,0.9618284469612484,1.270129353311465,1.1652523736632152
USDPEN,10,2025-09-18,VAR1,44,4,1.1976301762101678,0.9548191198312564,1.2491038389908953,1.170046556508407
USDPEN,10,2025-09-18,ARHinc,44,4,1.2117716240572325,0.9676174887107268,1.2821929386330932,1.1700972363779605
USDPEN,10,2025-09-18,KernelARH,44,4,1.2163098316208425,0.9665219142655651,1.2870836251941102,1.172085223097889
USDPEN,1,2025-09-08,PM,44,4,0.4446385740558972,0.2468846153846153,0.5436812103293935,0.3206884295970138
USDPEN,1,2025-09-08,PA,44,4,1.113645778097995,0.8998359122439373,1.1166122269400989,1.1263834591862958
USDPEN,1,2025-09-08,VAR1,44,4,2.490624460890085,1.8321014311625015,3.326840726966463,1.8079826895645585
USDPEN,1,2025-09-08,ARHinc,44,4,1.107429889717778,0.8948889478045725,1.1063021820386063,1.1229823116792286
USDPEN,1,2025-09-08,KernelARH,44,4,1.1257377382375395,0.9020408972875137,1.1326539262360935,1.1330978714072
USDPEN,5,2025-09-12,PM,44,4,0.5746216564635579,0.32330769230769235,0.7120343694079501,0.408938421872044
USDPEN,5,2025-09-12,PA,44,4,1.2090085043481693,0.9662974507054759,1.2582457889632488,1.1808795673861114
USDPEN,5,2025-09-12,VAR1,44,4,1.6828903696873596,1.1860842051684717,2.0472047899711994,1.3946939104882945
USDPEN,5,2025-09-12,ARHinc,44,4,1.204862328447227,0.9632732372296653,1.2509642624159008,1.178789267096369
USDPEN,5,2025-09-12,KernelARH,44,4,1.2165072988977002,0.964696381438681,1.2657506385528565,1.1869057804558234
USDPEN,10,2025-09-19,PM,44,4,0.542085227829323,0.3044230769230769,0.6955319783938784,0.37526859640886157
USDPEN,10,2025-09-19,PA,44,4,1.1902723148323304,0.9531051430131682,1.2649248799840647,1.1550103959048597
USDPEN,10,2025-09-19,VAR1,44,4,1.1278688868933542,0.9053588999527571,1.1483889169179686,1.134501943282725
USDPEN,10,2025-09-19,ARHinc,44,4,1.1862370061520249,0.9500285004096989,1.2584109085545105,1.1525779549444595
USDPEN,10,2025-09-19,KernelARH,44,4,1.186832701792304,0.9478734230095208,1.2563681508939675,1.1531914168654203
USDPEN,1,2025-09-09,PM,44,4,0.15088011032706639,0.0763461538461539,0.24580065890006636,0.07478468638273143
USDPEN,1,2025-09-09,PA,44,4,1.0569761359753422,0.8486706692548401,1.06917169281649,1.0843812819162757
USDPEN,1,2025-09-09,VAR1,44,4,9.172253847125987,6.471447266522121,12.800476873692428,5.9364103959001655
USDPEN,1,2025-09-09,ARHinc,44,4,1.0835418892904654,0.8616283014405406,1.1228152823820436,1.0937510024642805
USDPEN,1,2025-09-09,KernelARH,44,4,1.0830329019433718,0.8729472615415392,1.1311440312642824,1.089863241849589
USDPEN,5,2025-09-15,PM,44,4,0.1540554345781962,0.11488461538461532,0.1835523485287779,0.12450076995525129
USDPEN,5,2025-09-15,PA,44,4,1.0697091475268847,0.8513446498880982,1.030004235026937,1.1152137518399103
USDPEN,5,2025-09-15,VAR1,44,4,7.946771070987151,6.116699804974848,10.647900487888922,5.913900616620173
USDPEN,5,2025-09-15,ARHinc,44,4,1.091279601891074,0.8750178010431242,1.0590135943064645,1.1265414856845268
USDPEN,5,2025-09-15,KernelARH,44,4,1.102355062480307,0.8883886154817244,1.0756347040604617,1.1315255126143775
USDPEN,10,2025-09-22,PM,44,4,0.22324550990402392,0.13726923076923062,0.35149471728012466,0.11363125545349088
USDPEN,10,2025-09-22,PA,44,4,1.0953013405785637,0.8721496450429396,1.1599402941224983,1.095009912606138
USDPEN,10,2025-09-22,VAR1,44,4,5.827593995155765,4.108542138483158,8.218535732612004,3.693940528163854
USDPEN,10,2025-09-22,ARHinc,44,4,1.1220372080066747,0.8954161420823871,1.2107580131144182,1.104140382199869
USDPEN,10,2025-09-22,KernelARH,44,4,1.135435731833475,0.9131141762219975,1.23390490022195,1.1099027247009432
USDPEN,1,2025-09-10,PM,44,4,0.06552120913226384,0.04253846153846167,0.10305946335501648,0.042039731511767146
USDPEN,1,2025-09-10,PA,44,4,1.0660010514238758,0.8566100599392809,1.0850977870212422,1.0903822759326152
USDPEN,1,2025-09-10,VAR1,44,4,8.954925158338831,6.193611625807626,12.650980609656338,5.569318808433545
USDPEN,1,2025-09-10,ARHinc,44,4,1.0674469857183682,0.8527571007591616,1.0879299181161393,1.0912528188224746
USDPEN,1,2025-09-10,KernelARH,44,4,1.077073673985138,0.8547965381064684,1.1047529093689115,1.0958651400646642
USDPEN,5,2025-09-16,PM,44,4,0.21326310943563095,0.1072692307692307,0.372787923088761,0.10388206022055177
USDPEN,5,2025-09-16,PA,44,4,1.0273526048385897,0.8091930838039545,0.9808116614989298,1.0825716124935296
USDPEN,5,2025-09-16,VAR1,44,4,8.202576123131717,6.131585687518129,11.230915036508328,5.694700896791808
USDPEN,5,2025-09-16,ARHinc,44,4,1.0267890761987644,0.8086267325360403,0.9776028566922217,1.0826169874776506
USDPEN,5,2025-09-16,KernelARH,44,4,1.1007223819052798,0.884655774165289,1.0453912080652847,1.1310699704808138
USDPEN,10,2025-09-23,PM,44,4,0.1594138904284644,0.10415384615384607,0.23932471308330633,0.08644829137990229
USDPEN,10,2025-09-23,PA,44,4,1.0893419267803288,0.859124913261176,1.1442572199746763,1.093739996560044
USDPEN,10,2025-09-23,VAR1,44,4,6.781911145791335,4.783143950532683,9.559821034875949,4.2560264470825375
USDPEN,10,2025-09-23,ARHinc,44,4,1.0930395372925308,0.8639623128454923,1.152608021141688,1.0946539629734795
USDPEN,10,2025-09-23,KernelARH,44,4,1.2291753856324303,0.9684329837728798,1.3733453097333967,1.1567726762990642
USDPEN,1,2025-09-11,PM,44,4,0.07815541715562169,0.05961538461538468,0.09095822495496794,0.07335505291753178
USDPEN,1,2025-09-11,PA,44,4,1.0773610766008128,0.8594475076829717,1.0824946944809477,1.10759603679006
USDPEN,1,2025-09-11,VAR1,44,4,9.36955130696268,6.384969588468617,13.282323260947926,5.744633593275168
USDPEN,1,2025-09-11,ARHinc,44,4,1.079489220062235,0.8589582570749082,1.0866267771519786,1.1082825797541949
USDPEN,1,2025-09-11,KernelARH,44,4,1.0793166761659805,0.8591734960505248,1.0868183015895032,1.107918866676079
USDPEN,5,2025-09-17,PM,44,4,0.17790609017983883,0.10419230769230774,0.29878979813166145,0.09060141505836174
USDPEN,5,2025-09-17,PA,44,4,1.0515785845576944,0.8362551999906641,1.0558598005319597,1.0817729271220342
USDPEN,5,2025-09-17,VAR1,44,4,10.407560675715628,7.393663945479887,14.564791220080838,6.679912935229005
USDPEN,5,2025-09-17,ARHinc,44,4,1.0504322782067788,0.8362549349757309,1.0521562043726267,1.0815865966350975
USDPEN,5,2025-09-17,KernelARH,44,4,1.0540309047448717,0.8372984553909175,1.0464413861298416,1.0856674510988662
USDPEN,10,2025-09-24,PM,44,4,0.13416945370572353,0.09234615384615381,0.20119824054208732,0.08236424628412958
USDPEN,10,2025-09-24,PA,44,4,1.0686199069878894,0.8467551999906642,1.0952988382717468,1.0874199379020317
USDPEN,10,2025-09-24,VAR1,44,4,8.63263418727827,5.939956913704734,12.284503648532601,5.280142658949144
USDPEN,10,2025-09-24,ARHinc,44,4,1.069050940437984,0.8467470681154153,1.0956370329642724,1.087649412233953
USDPEN,10,2025-09-24,KernelARH,44,4,1.1697798191293316,0.9369139380136569,1.2516614390067258,1.1363050766590392
USDPEN,1,2025-09-12,PM,44,4,0.11145497538675218,0.04623076923076923,0.19892493406528808,0.045896976574051694
USDPEN,1,2025-09-12,PA,44,4,1.0707241916780266,0.8672068965638949,1.067970247694332,1.1058877899437816
USDPEN,1,2025-09-12,VAR1,44,4,7.554029950845862,5.306112242640306,10.634513472335659,4.733589878766374
USDPEN,1,2025-09-12,ARHinc,44,4,1.06963475695098,0.8630135409151446,1.0642621143815354,1.1059184290715178
USDPEN,1,2025-09-12,KernelARH,44,4,1.0678422285899074,0.8603514675526543,1.0584029195919655,1.1059459539872807
USDPEN,5,2025-09-18,PM,44,4,0.12610092112150623,0.08261538461538462,0.19797050936129962,0.0789361326281314
USDPEN,5,2025-09-18,PA,44,4,1.0728893476832195,0.8622453581023565,1.0888746571948045,1.0955747773958238
USDPEN,5,2025-09-18,VAR1,44,4,12.144660131436234,8.216642714188227,17.23402971159944,7.425956697121786
USDPEN,5,2025-09-18,ARHinc,44,4,1.0722311488661458,0.8588468345969072,1.0877697372822224,1.0948517939202689
USDPEN,5,2025-09-18,KernelARH,44,4,1.0701591172076617,0.8540522538339184,1.0787789143678632,1.0949450456330343
USDPEN,10,2025-09-25,PM,44,4,0.167103290259003,0.12242307692307702,0.23958852868101574,0.12275685576748205
USDPEN,10,2025-09-25,PA,44,4,1.0578313165905366,0.8453607427177411,1.0754406805071643,1.0824805087443485
USDPEN,10,2025-09-25,VAR1,44,4,10.971183952831424,7.556096571723616,15.612958532969882,6.7542750383786005
USDPEN,10,2025-09-25,ARHinc,44,4,1.0567764488845406,0.8419555593296403,1.0744089407742172,1.080768448504947
USDPEN,10,2025-09-25,KernelARH,44,4,1.0512458277064076,0.8364679473696187,1.0594294658352998,1.079396795308088
USDPEN,1,2025-09-15,PM,44,4,0.11769766516212374,0.0720384615384615,0.1997476800415628,0.06103389678621509
USDPEN,1,2025-09-15,PA,44,4,1.0625562124901882,0.8399289370719016,1.0380701589328196,1.1080286472242935
USDPEN,1,2025-09-15,VAR1,44,4,17.07447157230282,11.405888235513657,24.173799345525758,10.454053219633252
USDPEN,1,2025-09-15,ARHinc,44,4,1.0626136916837934,0.8421169239524866,1.0373009505475674,1.1089998058338173
USDPEN,1,2025-09-15,KernelARH,44,4,1.0632800374030864,0.8441888292768206,1.024946060591706,1.1116842200694428
USDPEN,5,2025-09-19,PM,44,4,0.1186324316793425,0.08696153846153859,0.160332282078833,0.0917573215155759
USDPEN,5,2025-09-19,PA,44,4,1.066640965291679,0.852254630410881,1.0844526992036645,1.0901444898979384
USDPEN,5,2025-09-19,VAR1,44,4,22.289809428483686,14.812806251410128,31.623702848952274,13.591901219230659
USDPEN,5,2025-09-19,ARHinc,44,4,1.0657767814171784,0.8537744508435736,1.0815980099246743,1.0909720446623852
USDPEN,5,2025-09-19,KernelARH,44,4,1.0632503094654409,0.8505111303391765,1.0751744846673696,1.088899038512215
USDPEN,10,2025-09-26,PM,44,4,0.16263751577806873,0.11388461538461551,0.2397726584976861,0.1075353708144963
USDPEN,10,2025-09-26,PA,44,4,1.071101449167661,0.8566212447642096,1.0972323631117262,1.09023835195275
USDPEN,10,2025-09-26,VAR1,44,4,15.851831526982501,10.73550734814587,22.516021239202487,9.713525379612951
USDPEN,10,2025-09-26,ARHinc,44,4,1.069314657238477,0.8566405437346929,1.0917907564689657,1.091020748722788
USDPEN,10,2025-09-26,KernelARH,44,4,1.0638401921039375,0.847201680621614,1.0798464394468903,1.0878043509585045
USDPEN,1,2025-09-16,PM,44,4,0.09410049864986819,0.06088461538461528,0.1407027366249178,0.06292661436624794
USDPEN,1,2025-09-16,PA,44,4,1.027960023595509,0.8172331406204658,0.9835151030926735,1.0835960000617875
USDPEN,1,2025-09-16,VAR1,44,4,19.192665550921475,13.083332643424495,26.876107885227768,12.010075313184103
USDPEN,1,2025-09-16,ARHinc,44,4,1.0335426514622068,0.8203037215538188,1.0009377480281394,1.0833415134084963
USDPEN,1,2025-09-16,KernelARH,44,4,1.0271880895213854,0.8076576586524323,0.9768796994676702,1.084188807174378
USDPEN,5,2025-09-22,PM,44,4,0.20809206542371497,0.10953846153846145,0.34662909047471063,0.11898706654700296
USDPEN,5,2025-09-22,PA,44,4,1.0738838284813355,0.855713009659744,1.1100752941373073,1.0913368313198817
USDPEN,5,2025-09-22,VAR1,44,4,33.14425540832059,22.0948760832391,46.750676398807336,20.40985245415476
USDPEN,5,2025-09-22,ARHinc,44,4,1.0736410611293705,0.8536140504945142,1.109004783365754,1.0906423307885897
USDPEN,5,2025-09-22,KernelARH,44,4,1.0726257615904586,0.8479905036626684,1.1114031496172907,1.0880593543613355
USDPEN,10,2025-09-29,PM,44,4,0.18050956186052006,0.12330769230769237,0.27472660485977124,0.11324484993425156
USDPEN,10,2025-09-29,PA,44,4,1.0776177593504286,0.861987090145849,1.1001091182737284,1.097228988200825
USDPEN,10,2025-09-29,VAR1,44,4,27.723171868775406,18.665287324380124,39.18487365878837,17.120485438104122
USDPEN,10,2025-09-29,ARHinc,44,4,1.078224881648146,0.8626464641960904,1.1032466595793518,1.0959016549485983
USDPEN,10,2025-09-29,KernelARH,44,4,1.079179256650127,0.8575699387459224,1.1033574448005923,1.0955249894061423
USDPEN,1,2025-09-17,PM,44,4,0.11236252283773962,0.06476923076923063,0.1827043486333348,0.06552182735466902
USDPEN,1,2025-09-17,PA,44,4,1.0463033189793796,0.8462021350179011,1.0381371984695482,1.0812938090960797
USDPEN,1,2025-09-17,VAR1,44,4,18.80393377726056,13.7956367060678,25.311688334924746,13.104606593350281
USDPEN,1,2025-09-17,ARHinc,44,4,1.0459839833313695,0.8474439253085396,1.0377529157139063,1.0812478480492733
USDPEN,1,2025-09-17,KernelARH,44,4,1.049595405283087,0.8373453689131951,1.046526095563984,1.0807005444264057
USDPEN,5,2025-09-23,PM,44,4,0.2804995543668476,0.12692307692307683,0.4821854861847564,0.12740877000350698
USDPEN,5,2025-09-23,PA,44,4,1.0979264635070953,0.8778040013547722,1.166974098039949,1.0955395209914958
USDPEN,5,2025-09-23,VAR1,44,4,38.254665417280236,25.50231564219952,53.851295378808125,23.615117933760434
USDPEN,5,2025-09-23,ARHinc,44,4,1.0948489849959957,0.8747897499231091,1.1597800779330298,1.0947881641913606
USDPEN,5,2025-09-23,KernelARH,44,4,1.1093757683751562,0.8806981407305338,1.1862885967261663,1.099431047051952
USDPEN,10,2025-09-30,PM,44,4,0.1765965632560447,0.10180769230769224,0.27670577750348724,0.09215654008020067
USDPEN,10,2025-09-30,PA,44,4,1.080985492670816,0.8655635821338439,1.105452203936728,1.099193899165618
USDPEN,10,2025-09-30,VAR1,44,4,31.05740311370212,21.045521531227443,43.86182774477593,19.29420642857668
USDPEN,10,2025-09-30,ARHinc,44,4,1.0797095461630928,0.8635232442735951,1.1034923582553187,1.098651899754226
USDPEN,10,2025-09-30,KernelARH,44,4,1.1276273392847656,0.9097931801125412,1.1638895751256324,1.1250580880311754
USDPEN,1,2025-09-18,PM,44,4,0.09287087810503367,0.052115384615384654,0.14196436888914246,0.051989038834373
USDPEN,1,2025-09-18,PA,44,4,1.0692711151232221,0.8602435000236637,1.0777987219680585,1.0936843296803846
USDPEN,1,2025-09-18,VAR1,44,4,14.103788828525946,11.330816796449103,17.313591471210707,12.009433617996757
USDPEN,1,2025-09-18,ARHinc,44,4,1.0702404427972705,0.8605143827561982,1.0797730420946599,1.093995775045728
USDPEN,1,2025-09-18,KernelARH,44,4,1.0754260191567013,0.8537615493857806,1.0887359767205733,1.0964210282288043
USDPEN,5,2025-09-24,PM,44,4,0.11868024266911487,0.05819230769230773,0.2011308369203136,0.05562025609047406
USDPEN,5,2025-09-24,PA,44,4,1.0692192312619313,0.8549738968654513,1.0980955014286977,1.0865129865633778
USDPEN,5,2025-09-24,VAR1,44,4,30.526773066976553,20.38169389486441,42.74412018250342,18.96471684599149
USDPEN,5,2025-09-24,ARHinc,44,4,1.0702787733427872,0.85551478659349,1.1003772726668848,1.0869014181682666
USDPEN,5,2025-09-24,KernelARH,44,4,1.0856629347009654,0.8626945378155283,1.1244510717603347,1.094214300930724
USDPEN,10,2025-10-01,PM,44,4,0.17099637310593635,0.12515384615384617,0.2416279882509367,0.12448207076951552
USDPEN,10,2025-10-01,PA,44,4,1.0916638732431732,0.8771402948927643,1.1383803650253177,1.0997436975108346
USDPEN,10,2025-10-01,VAR1,44,4,24.611461656767634,16.734709219304936,34.61713374581602,15.348143019336346
USDPEN,10,2025-10-01,ARHinc,44,4,1.0929578597294791,0.8784986873018894,1.140532131288249,1.1004873178763073
USDPEN,10,2025-10-01,KernelARH,44,4,1.1662111364067993,0.9384471928175208,1.259925668263612,1.1307556225236457
USDPEN,1,2025-09-19,PM,44,4,0.05845280805257159,0.03850000000000004,0.06334100459066236,0.045667118066746934
USDPEN,1,2025-09-19,PA,44,4,1.0618092241847046,0.8619616279448099,1.0743144889048437,1.0873862476648102
USDPEN,1,2025-09-19,VAR1,44,4,12.461789164457626,10.245616198464568,14.753718065438227,11.112766511000048
USDPEN,1,2025-09-19,ARHinc,44,4,1.0610000698232405,0.8593939324253081,1.0724774481841677,1.0871686256361959
USDPEN,1,2025-09-19,KernelARH,44,4,1.0614642824953637,0.8553698127116038,1.0735038258191274,1.0875828924157778
USDPEN,5,2025-09-25,PM,44,4,0.06754521277804044,0.05199999999999991,0.07279159432414258,0.06001906150247407
USDPEN,5,2025-09-25,PA,44,4,1.0482373004042524,0.8451923971755791,1.0545499714518092,1.07692140230907
USDPEN,5,2025-09-25,VAR1,44,4,28.151078613639783,18.815036170174697,39.5531680295057,17.398311789164435
USDPEN,5,2025-09-25,ARHinc,44,4,1.0476739811472284,0.8435275559239013,1.0533306614667513,1.0767144029142508
USDPEN,5,2025-09-25,KernelARH,44,4,1.0523964662551104,0.8347242726812604,1.0602480295894003,1.0797403647776869
USDPEN,10,2025-10-02,PM,44,4,0.12074587905055927,0.08173076923076902,0.17444617128377002,0.07218175521722738
USDPEN,10,2025-10-02,PA,44,4,1.0919068559765983,0.8700809492963647,1.1332318348546988,1.09938713191515
USDPEN,10,2025-10-02,VAR1,44,4,23.459942002527605,15.92844456169953,33.08429324103259,14.578481036663039
USDPEN,10,2025-10-02,ARHinc,44,4,1.0928871363147512,0.8688912972440964,1.1345762086954478,1.0997672140416197
USDPEN,10,2025-10-02,KernelARH,44,4,1.1264928298675483,0.9020506012948094,1.1810285853758749,1.1170738303468835
USDPEN,1,2025-09-22,PM,44,4,0.10778919062403522,0.059807692307692326,0.17389756025632983,0.05380929767101195
USDPEN,1,2025-09-22,PA,44,4,1.0694177401488238,0.8511244056083315,1.1063111008928994,1.086441980328562
USDPEN,1,2025-09-22,VAR1,44,4,11.147018330298918,9.363486561427496,12.303165087844528,10.534274879660462
USDPEN,1,2025-09-22,ARHinc,44,4,1.0685218229150855,0.8529620229057788,1.1045481915752933,1.0860866562595066
USDPEN,1,2025-09-22,KernelARH,44,4,1.0716215791001862,0.8487299330148849,1.1105344167800968,1.08736492134294
USDPEN,5,2025-09-26,PM,44,4,0.06317634050813643,0.03873076923076927,0.09420846178300156,0.03455398793873065
USDPEN,5,2025-09-26,PA,44,4,1.0597049366480522,0.8507222465486541,1.0717938434001781,1.0855700014290424
USDPEN,5,2025-09-26,VAR1,44,4,27.09351107498077,18.042979742030443,38.01978964354136,16.745483715702818
USDPEN,5,2025-09-26,ARHinc,44,4,1.059345992094606,0.8524610075136111,1.0709155829394945,1.0854979031099194
USDPEN,5,2025-09-26,KernelARH,44,4,1.065779975660925,0.8440460853338309,1.0816900590795555,1.08864071459093
USDPEN,10,2025-10-03,PM,44,4,0.18941902572786165,0.14346153846153845,0.2619139519006686,0.1491688911485977
USDPEN,10,2025-10-03,PA,44,4,1.0648503873797768,0.8415686881717533,1.1570803725372556,1.0343741443495664
USDPEN,10,2025-10-03,VAR1,44,4,24.489285752896475,16.34546076686522,34.53445939983289,15.061440009649258
USDPEN,10,2025-10-03,ARHinc,44,4,1.0635401770254427,0.8410842560729805,1.1538119061884222,1.034434987421791
USDPEN,10,2025-10-03,KernelARH,44,4,1.0916855974099111,0.8673719017280129,1.2009883768085643,1.0457982915303128
USDPEN,1,2025-09-23,PM,44,4,0.06523994175349952,0.03807692307692304,0.10227145702303651,0.03268007087581033
USDPEN,1,2025-09-23,PA,44,4,1.077939555097616,0.8536283881328544,1.1201715770069531,1.0904117166436356
USDPEN,1,2025-09-23,VAR1,44,4,6.602235772220434,5.704466462229606,6.775429363370169,6.435931618328278
USDPEN,1,2025-09-23,ARHinc,44,4,1.0801658156187561,0.8521825853789629,1.1254665623616906,1.0907792260831344
USDPEN,1,2025-09-23,KernelARH,44,4,1.0786369874865815,0.855692122128436,1.1227088023706535,1.09007787476165
USDPEN,5,2025-09-29,PM,44,4,0.09810683932874871,0.06511538461538462,0.15593562556110144,0.05718338314535373
USDPEN,5,2025-09-29,PA,44,4,1.0696988370996552,0.8467037278270478,1.0900630776493574,1.0914779310671676
USDPEN,5,2025-09-29,VAR1,44,4,16.726099805199873,11.043529711493766,23.708959425736825,10.155314265307542
USDPEN,5,2025-09-29,ARHinc,44,4,1.0696024204244345,0.8460911176051312,1.0886289317145428,1.0915162800276326
USDPEN,5,2025-09-29,KernelARH,44,4,1.0761817200648904,0.8539563161105181,1.0981618831879254,1.0943107684045101
USDPEN,10,2025-10-06,PM,44,4,0.24920276730158777,0.1815769230769232,0.3751814575783205,0.16483702420846763
USDPEN,10,2025-10-06,PA,44,4,1.090586826295214,0.8618893286209208,1.215500754907848,1.0428545630641683
USDPEN,10,2025-10-06,VAR1,44,4,15.675080552591648,10.305465178418066,22.414113244413524,9.371755708065113
USDPEN,10,2025-10-06,ARHinc,44,4,1.094562299216158,0.8694462070422075,1.2234433956975566,1.0439728301632487
USDPEN,10,2025-10-06,KernelARH,44,4,1.1189757871056474,0.9007199887838555,1.2696651604859137,1.0523548176904551
USDPEN,1,2025-09-24,PM,44,4,0.08715177962788662,0.05269230769230769,0.13912500307474074,0.0459642033215874
USDPEN,1,2025-09-24,PA,44,4,1.0658066733629024,0.8613526952394165,1.0908228291988626,1.0858390696068325
USDPEN,1,2025-09-24,VAR1,44,4,6.657515576195687,5.633390478352802,7.526995609066611,5.7192015331635755
USDPEN,1,2025-09-24,ARHinc,44,4,1.0662021428954067,0.8593299992310038,1.0916608427374082,1.0860455462089458
USDPEN,1,2025-09-24,KernelARH,44,4,1.0650131049539824,0.8555282976110299,1.088123488904518,1.0858504938341835
USDPEN,5,2025-09-30,PM,44,4,0.16808251178879613,0.0841923076923077,0.2944172944992448,0.0776922360239169
USDPEN,5,2025-09-30,PA,44,4,1.0778232443441877,0.8566988490855705,1.110319800649138,1.0958797945579912
USDPEN,5,2025-09-30,VAR1,44,4,18.114202641010433,11.879230674814542,25.753620630051067,10.947100584510416
USDPEN,5,2025-09-30,ARHinc,44,4,1.0787495122566595,0.8554515977160032,1.1124719037224358,1.0962689068326088
USDPEN,5,2025-09-30,KernelARH,44,4,1.0811211651077932,0.8588990598972467,1.10637982084385,1.0992448599300542
USDPEN,10,2025-10-07,PM,44,4,0.269627948790979,0.19188461538461557,0.42426799284941735,0.1733321200305191
USDPEN,10,2025-10-07,PA,44,4,1.099976376209762,0.8776751373783194,1.2423564247533458,1.045596660005212
USDPEN,10,2025-10-07,VAR1,44,4,18.5571113108488,12.130901067316639,26.799416319348772,10.849911896686898
USDPEN,10,2025-10-07,ARHinc,44,4,1.1014687314269187,0.8785891374016082,1.245748364674434,1.0460740551101821
USDPEN,10,2025-10-07,KernelARH,44,4,1.1407289863919696,0.9224637664016406,1.3264682235663117,1.0579104042246255
USDPEN,1,2025-09-25,PM,44,4,0.06841790420193089,0.0368461538461538,0.10603505987831773,0.03971027052279845
USDPEN,1,2025-09-25,PA,44,4,1.0483299570257685,0.848872297523325,1.0548089485717898,1.0773941855591778
USDPEN,1,2025-09-25,VAR1,44,4,6.771285856309137,5.715769984556107,7.7125610495190156,5.7397716547909985
USDPEN,1,2025-09-25,ARHinc,44,4,1.0495937115268463,0.8499741684260741,1.058027943621902,1.0777094766123085
USDPEN,1,2025-09-25,KernelARH,44,4,1.0483897463069949,0.8410661359434717,1.0544438200261217,1.077648714080618
USDPEN,5,2025-10-01,PM,44,4,0.12303669715232865,0.09134615384615374,0.1614069219728506,0.10341140791706636
USDPEN,5,2025-10-01,PA,44,4,1.0865316829475122,0.8787569129079406,1.1271500055415182,1.0992277335551728
USDPEN,5,2025-10-01,VAR1,44,4,20.13955954297688,13.07105014061616,28.734630740950493,12.072626587161231
USDPEN,5,2025-10-01,ARHinc,44,4,1.086904820917215,0.8794115357220351,1.1280815129956256,1.099454506994055
USDPEN,5,2025-10-01,KernelARH,44,4,1.0917257391152992,0.8773559127878785,1.1399046782369489,1.0996062000792977
USDPEN,10,2025-10-08,PM,44,4,0.18365440998705237,0.1380769230769231,0.2247881489243256,0.1823343997544916
USDPEN,10,2025-10-08,PA,44,4,1.0215117884796425,0.8060507160182372,1.0754382808838847,1.0130940322630937
USDPEN,10,2025-10-08,VAR1,44,4,20.083479841151036,12.931312027163633,29.117627150865278,11.663590440330717
USDPEN,10,2025-10-08,ARHinc,44,4,1.022118528474667,0.8067897958559163,1.0774197422950407,1.0134808222438842
USDPEN,10,2025-10-08,KernelARH,44,4,1.0310815268469056,0.8193420526425055,1.0915887590879019,1.0172178285555527
USDPEN,1,2025-09-26,PM,44,4,0.03829227176497996,0.028884615384615474,0.04592214548836106,0.032441464563616206
USDPEN,1,2025-09-26,PA,44,4,1.0587400734196386,0.8564270563405927,1.069219821648319,1.0853426552189736
USDPEN,1,2025-09-26,VAR1,44,4,7.762152052261437,5.845499469266319,10.191235158909302,5.418710333295346
USDPEN,1,2025-09-26,ARHinc,44,4,1.0588717967137866,0.8578933760373552,1.0694229472080967,1.0854696878362142
USDPEN,1,2025-09-26,KernelARH,44,4,1.0617732525019608,0.8504203195012797,1.0765386209568983,1.0862933608421854
USDPEN,5,2025-10-02,PM,44,4,0.11804375003818249,0.0754615384615384,0.16794468148731498,0.07006039932499299
USDPEN,5,2025-10-02,PA,44,4,1.0930964881712044,0.8723765679141567,1.1325169142368108,1.1001465557132708
USDPEN,5,2025-10-02,VAR1,44,4,16.137769724923622,10.978222136376155,22.63853493821834,10.063306945732746
USDPEN,5,2025-10-02,ARHinc,44,4,1.091798421771334,0.8721801752286088,1.1313713233541873,1.0994737527689553
USDPEN,5,2025-10-02,KernelARH,44,4,1.0996783864627464,0.8740167178618997,1.1446190341266655,1.1034222569679664
USDPEN,10,2025-10-09,PM,44,4,0.2803814366180471,0.18842307692307686,0.42003915637150335,0.21028772952671237
USDPEN,10,2025-10-09,PA,44,4,1.036589100425832,0.8205850283321845,1.1535215115181847,0.9981944873616864
USDPEN,10,2025-10-09,VAR1,44,4,11.733902630575926,8.05704388872404,16.407603610534494,7.351688345102578
USDPEN,10,2025-10-09,ARHinc,44,4,1.032369231897456,0.8170495045509752,1.1431630891709532,0.9978115012137964
USDPEN,10,2025-10-09,KernelARH,44,4,1.0444627218578633,0.8301091037189502,1.165475773674065,1.0040742440636061
USDPEN,1,2025-09-29,PM,44,4,0.08890411862052466,0.06346153846153856,0.10690170024916881,0.05801365262067368
USDPEN,1,2025-09-29,PA,44,4,1.068192463783847,0.8518151831339001,1.0849596914908368,1.0904790669717948
USDPEN,1,2025-09-29,VAR1,44,4,8.324137939955248,6.118922396627069,11.183462162863774,5.6016670276069425
USDPEN,1,2025-09-29,ARHinc,44,4,1.0688277004406568,0.8518904235359395,1.0858818317646608,1.090757981731047
USDPEN,1,2025-09-29,KernelARH,44,4,1.0711604001529773,0.850484879931385,1.0904877300760574,1.0916689615457933
USDPEN,5,2025-10-03,PM,44,4,0.16068378526209132,0.1173846153846154,0.20508333886200467,0.13860694739825175
USDPEN,5,2025-10-03,PA,44,4,1.061132563234435,0.8419020522924053,1.1476969756067534,1.0338035613506282
USDPEN,5,2025-10-03,VAR1,44,4,17.50110198725336,11.721109852950253,24.64824131140191,10.765957348867365
USDPEN,5,2025-10-03,ARHinc,44,4,1.0615921540135533,0.8419181360667934,1.1485277770082463,1.0338531598520537
USDPEN,5,2025-10-03,KernelARH,44,4,1.0687324012779489,0.8463488778856529,1.162064416351464,1.037619523283828
USDPEN,10,2025-10-10,PM,44,4,0.22773550785606889,0.17407692307692316,0.2422205285591437,0.25124607877164246
USDPEN,10,2025-10-10,PA,44,4,0.9185347604220565,0.7144910619887817,0.8854933239961493,0.9565371625143942
USDPEN,10,2025-10-10,VAR1,44,4,13.37016165044531,8.960525987686822,18.863069438170886,8.203906360314564
USDPEN,10,2025-10-10,ARHinc,44,4,0.9183109243645636,0.7144781436681793,0.885107795481795,0.9562844892710837
USDPEN,10,2025-10-10,KernelARH,44,4,0.9237898179277838,0.7221320667627532,0.8937523779484919,0.9612565171410958
USDPEN,1,2025-09-30,PM,44,4,0.08210365165682117,0.039346153846153996,0.14451583253215922,0.036191595592657555
USDPEN,1,2025-09-30,PA,44,4,1.0774119743494648,0.8580507086775316,1.1073896816062025,1.0957819527520394
USDPEN,1,2025-09-30,VAR1,44,4,12.999979426842897,9.41386892668207,17.38985875047324,8.773449728360763
USDPEN,1,2025-09-30,ARHinc,44,4,1.0757193241481144,0.855070463270531,1.100713972056771,1.095846308729666
USDPEN,1,2025-09-30,KernelARH,44,4,1.0758329762277599,0.8561086067646895,1.1029032470148976,1.095493317975069
USDPEN,5,2025-10-06,PM,44,4,0.226336097090486,0.1581923076923078,0.3515716911932048,0.1505586470925334
USDPEN,5,2025-10-06,PA,44,4,1.0937481846074542,0.8739123322680769,1.222444850308752,1.0439772077747953
USDPEN,5,2025-10-06,VAR1,44,4,25.14962920117554,16.704492733959942,35.300204509486285,15.496572916311173
USDPEN,5,2025-10-06,ARHinc,44,4,1.0953662689563763,0.8764919391511612,1.2252064094849762,1.0441371475109928
USDPEN,5,2025-10-06,KernelARH,44,4,1.1050538570194797,0.8876373825189945,1.2437645126818597,1.0472291015969655
USDPEN,10,2025-10-13,PM,44,4,0.19301118441088413,0.1514615384615385,0.20458793732633834,0.2025047721326006
USDPEN,10,2025-10-13,PA,44,4,0.9875285307568233,0.783278959279647,0.9737966045419656,1.008547506807627
USDPEN,10,2025-10-13,VAR1,44,4,17.153488373844972,11.39997320791954,24.20588545479417,10.488458493723227
USDPEN,10,2025-10-13,ARHinc,44,4,0.9892553972843533,0.7859753376782037,0.9753434580251065,1.009224049211809
USDPEN,10,2025-10-13,KernelARH,44,4,0.996836182575608,0.7952904911114314,0.9849309305653782,1.0131928546711302
USDPEN,1,2025-10-01,PM,44,4,0.13277294094111883,0.09369230769230769,0.14005619467253902,0.128905153001168
USDPEN,1,2025-10-01,PA,44,4,1.0863665666869,0.8818569037020897,1.1240740714386581,1.0998399705794686
USDPEN,1,2025-10-01,VAR1,44,4,17.42549618014126,12.073657488999764,23.915944770166412,11.188172262706376
USDPEN,1,2025-10-01,ARHinc,44,4,1.0858897531686582,0.8808588517871674,1.1246067425550172,1.0991271827667126
USDPEN,1,2025-10-01,KernelARH,44,4,1.0883323974516959,0.8757446107150257,1.13168024541962,1.098980613726356
USDPEN,5,2025-10-07,PM,44,4,0.33111132801289295,0.2129615384615387,0.5446020776183432,0.1912301099560582
USDPEN,5,2025-10-07,PA,44,4,1.1053107014935355,0.8893137766879418,1.257226287850012,1.0442138045065483
USDPEN,5,2025-10-07,VAR1,44,4,31.542073603306974,20.609832702946033,44.548206676665615,19.116234624765344
USDPEN,5,2025-10-07,ARHinc,44,4,1.105162257015317,0.8890183355775205,1.256657877538492,1.0443622316898657
USDPEN,5,2025-10-07,KernelARH,44,4,1.1241064488373937,0.9080616224454156,1.2951705308901966,1.0508693353374754
USDPEN,10,2025-10-14,PM,44,4,0.22203873968989513,0.16484615384615403,0.27533849272379607,0.21430873785754043
USDPEN,10,2025-10-14,PA,44,4,0.959301863847219,0.7582359206081837,0.9278772648165382,0.993480162414872
USDPEN,10,2025-10-14,VAR1,44,4,22.984930077491917,14.965304443646334,32.62112356683871,13.83523322183076
USDPEN,10,2025-10-14,ARHinc,44,4,0.9599134746452817,0.7575680707244683,0.9289394713676198,0.9940100367900437
USDPEN,10,2025-10-14,KernelARH,44,4,0.9643979584309655,0.762758927056615,0.9289971887782797,0.9983320879214732
USDPEN,1,2025-10-02,PM,44,4,0.1184986205697056,0.08526923076923063,0.08529799528978126,0.12837759985860764
USDPEN,1,2025-10-02,PA,44,4,1.0899586016016936,0.8742216236595902,1.1253356827663263,1.099681896390524
USDPEN,1,2025-10-02,VAR1,44,4,17.35097118814085,12.05506281521164,23.794300614563436,11.159804980848355
USDPEN,1,2025-10-02,ARHinc,44,4,1.0934458785712045,0.876221314573313,1.1279067144113655,1.1021738751100314
USDPEN,1,2025-10-02,KernelARH,44,4,1.0934074937847464,0.8720828974817316,1.1296428556860558,1.1016343623063856
USDPEN,5,2025-10-08,PM,44,4,0.15819124866390738,0.12211538461538465,0.1414971411546483,0.18376312992917052
USDPEN,5,2025-10-08,PA,44,4,1.0140934493245344,0.8041076875513464,1.0632468031567381,1.0060871082660865
USDPEN,5,2025-10-08,VAR1,44,4,28.41430127815669,18.794176479366442,40.0387827237689,17.340735584861047
USDPEN,5,2025-10-08,ARHinc,44,4,1.0138343077420924,0.8059013676742016,1.0617293338936515,1.00555047394169
USDPEN,5,2025-10-08,KernelARH,44,4,1.022066525220213,0.8085891077067248,1.0771564544581138,1.0114079718728113
USDPEN,10,2025-10-15,PM,44,4,0.23914400634185004,0.1948461538461538,0.3059977357080062,0.22205307151934528
USDPEN,10,2025-10-15,PA,44,4,0.9966588665093313,0.7952924276202761,1.017718663715272,1.0022442265694966
USDPEN,10,2025-10-15,VAR1,44,4,18.937917521624087,12.587514426011236,26.66487532082147,11.560656026359709
USDPEN,10,2025-10-15,ARHinc,44,4,1.0005083593002808,0.8008538499183809,1.0246723082204117,1.003404735932676
USDPEN,10,2025-10-15,KernelARH,44,4,1.0039306163035235,0.8075896725513508,1.031246884450165,1.0059629404773107
USDPEN,1,2025-10-03,PM,44,4,0.125565643267698,0.08869230769230778,0.12671737992635473,0.1374798265586131
USDPEN,1,2025-10-03,PA,44,4,1.053805675658989,0.8489720972946107,1.133094400508481,1.0304882333579353
USDPEN,1,2025-10-03,VAR1,44,4,11.390846355048279,8.16417371316887,15.3330111527068,7.5892622665285465
USDPEN,1,2025-10-03,ARHinc,44,4,1.0546667802816938,0.8466406274643873,1.1344799309452391,1.0314224469194202
USDPEN,1,2025-10-03,KernelARH,44,4,1.055431113630997,0.8454006704467182,1.136444573868884,1.0317961631294574
USDPEN,5,2025-10-09,PM,44,4,0.2675799664801879,0.17496153846153856,0.3948478482895735,0.2247393444855618
USDPEN,5,2025-10-09,PA,44,4,1.0151593722989158,0.8059644561140428,1.1071262280409866,0.9896684433147622
USDPEN,5,2025-10-09,VAR1,44,4,30.996038671319734,20.152682734197523,44.370122459499726,18.3797258432869
USDPEN,5,2025-10-09,ARHinc,44,4,1.0160939073511681,0.8060568268279696,1.1086444004875649,0.9906321871965492
USDPEN,5,2025-10-09,KernelARH,44,4,1.027927077728403,0.813238308334799,1.1348065739395108,0.995195349072142
USDPEN,10,2025-10-16,PM,44,4,0.22020183049612957,0.1685000000000001,0.2675118986771664,0.22216338065714006
USDPEN,10,2025-10-16,PA,44,4,0.9716419703438471,0.7679911871119085,0.978909078304651,0.9892425987757136
USDPEN,10,2025-10-16,VAR1,44,4,30.17435147964661,19.567557339005106,43.45815673850277,17.699725526312363
USDPEN,10,2025-10-16,ARHinc,44,4,0.9716512398086296,0.7666623140452565,0.9774609952069102,0.990144162571523
USDPEN,10,2025-10-16,KernelARH,44,4,0.9789209555904225,0.7752874470950225,0.9868368165026079,0.9947528810849047
USDPEN,1,2025-10-06,PM,44,4,0.1505620878830137,0.09999999999999996,0.2367340679758892,0.07703765942210551
USDPEN,1,2025-10-06,PA,44,4,1.0768772174207062,0.8530726127671152,1.1874694605521745,1.0362698312089533
USDPEN,1,2025-10-06,VAR1,44,4,8.674107871695156,6.465143664957453,11.203617257778896,6.165980419602788
USDPEN,1,2025-10-06,ARHinc,44,4,1.0760413624296086,0.8516136591640671,1.1852703197085535,1.0365653893437135
USDPEN,1,2025-10-06,KernelARH,44,4,1.088692026673472,0.8684359699454768,1.212813909916947,1.0408618913548282
USDPEN,5,2025-10-10,PM,44,4,0.23892256148094376,0.1483461538461539,0.3548018413817815,0.16272390861364036
USDPEN,5,2025-10-10,PA,44,4,0.9175289984907737,0.7226071933474565,0.8903627407157468,0.9503782229070755
USDPEN,5,2025-10-10,VAR1,44,4,25.416754585831672,16.54732974396423,36.330739310150875,15.13273995026839
USDPEN,5,2025-10-10,ARHinc,44,4,0.9193488033607361,0.7227612850299847,0.8923988728556789,0.9518632183492082
USDPEN,5,2025-10-10,KernelARH,44,4,0.9177107679354105,0.7130159595981562,0.8867439093852362,0.9544006503475048
USDPEN,10,2025-10-17,PM,44,4,0.18094809072897558,0.1297692307692309,0.2757772295656305,0.12128035669286956
USDPEN,10,2025-10-17,PA,44,4,0.9857226408599781,0.7849093870847967,1.0076803139380643,0.9940631814873625
USDPEN,10,2025-10-17,VAR1,44,4,23.129910455533658,14.969896749564864,33.36988268826427,13.519487768824437
USDPEN,10,2025-10-17,ARHinc,44,4,0.9841919461416567,0.7825351991226881,1.0041124102312493,0.9939415804409186
USDPEN,10,2025-10-17,KernelARH,44,4,0.9967061365390442,0.7947422159344142,1.0257410488198706,1.0009430000644215
USDPEN,1,2025-10-07,PM,44,4,0.09651026250731448,0.05503846153846147,0.1689663892754623,0.04510834840286138
USDPEN,1,2025-10-07,PA,44,4,1.0706479331239582,0.8531984526481009,1.1790235120532628,1.0330508196080455
USDPEN,1,2025-10-07,VAR1,44,4,6.860155156528317,5.124496828466397,9.037993653016297,4.747707110485255
USDPEN,1,2025-10-07,ARHinc,44,4,1.073205970170707,0.8552718856892287,1.184799978856988,1.0338082204829413
USDPEN,1,2025-10-07,KernelARH,44,4,1.0738535607754158,0.8558545882332135,1.1859528051223296,1.0345574844646375
USDPEN,5,2025-10-13,PM,44,4,0.2693426827839042,0.1567692307692308,0.4434517647855239,0.15228228089808185
USDPEN,5,2025-10-13,PA,44,4,0.9900684397011179,0.7834832524263756,1.0037921055116086,0.9999777832235144
USDPEN,5,2025-10-13,VAR1,44,4,22.208935402341154,14.548083303249248,31.906450435545192,13.162952245755596
USDPEN,5,2025-10-13,ARHinc,44,4,0.9902290964601033,0.7816807029400986,1.0012367746078168,1.0009587815616345
USDPEN,5,2025-10-13,KernelARH,44,4,0.9852487139976825,0.7817726419909938,0.9737830465374604,1.0040866882930277
USDPEN,10,2025-10-20,PM,44,4,0.22201015655907425,0.13650000000000004,0.35479599768512277,0.1377185152319693
USDPEN,10,2025-10-20,PA,44,4,0.9976789194177949,0.7902259014749287,1.036476985668374,0.9944237114220001
USDPEN,10,2025-10-20,VAR1,44,4,23.941645570337805,15.622847202348348,34.70554424448306,13.925162619094062
USDPEN,10,2025-10-20,ARHinc,44,4,1.0002750067772306,0.7917476556817303,1.0398065158599559,0.9958898744741125
USDPEN,10,2025-10-20,KernelARH,44,4,1.0170689644867699,0.8155516833517149,1.0603977298171967,1.0063691552271894
USDPEN,1,2025-10-08,PM,44,4,0.27980685302543973,0.1585384615384614,0.47627003554760095,0.13802424889617285
USDPEN,1,2025-10-08,PA,44,4,1.0297762058356534,0.8293067519904591,1.1119487147223137,1.0040383300162683
USDPEN,1,2025-10-08,VAR1,44,4,6.4026903592256525,4.270940395198629,9.657407374118938,3.5500195116210245
USDPEN,1,2025-10-08,ARHinc,44,4,1.0375245087947953,0.828393387075217,1.123754390473242,1.0087018897470519
USDPEN,1,2025-10-08,KernelARH,44,4,1.0384000395380792,0.82522467994203,1.1264883775731256,1.0092105704621477
USDPEN,5,2025-10-14,PM,44,4,0.3927728718307234,0.2096153846153847,0.6686945338000122,0.19117013938424393
USDPEN,5,2025-10-14,PA,44,4,0.9919279711370143,0.7770326698843693,1.036725600086657,0.9904388536847211
USDPEN,5,2025-10-14,VAR1,44,4,9.063601524103834,5.930639564336738,13.512416240929705,5.0300218613058165
USDPEN,5,2025-10-14,ARHinc,44,4,0.9910263085904877,0.7779396357548106,1.0332066141747354,0.9908577719621556
USDPEN,5,2025-10-14,KernelARH,44,4,0.9600339103306889,0.7557118771115267,0.9365510523464635,0.9906278548954344
USDPEN,10,2025-10-21,PM,44,4,0.22290908805713042,0.14492307692307688,0.34564263369009596,0.1438691493141321
USDPEN,10,2025-10-21,PA,44,4,1.0363944484339438,0.8216039601698062,1.11173134834879,1.0155105473735206
USDPEN,10,2025-10-21,VAR1,44,4,13.790102336025216,9.026907600705282,20.19869628111883,7.876988262722982
USDPEN,10,2025-10-21,ARHinc,44,4,1.0305952842644241,0.8176455812569989,1.099218541650791,1.0140045767209427
USDPEN,10,2025-10-21,KernelARH,44,4,1.0695796175136405,0.8563647823141225,1.168807853252692,1.0319152299320533
USDPEN,1,2025-10-09,PM,44,4,0.23550589981177494,0.11230769230769223,0.4161100829002325,0.1083884572948259
USDPEN,1,2025-10-09,PA,44,4,1.0363133183109907,0.8234939714331829,1.1619131607403053,0.992589646415846
USDPEN,1,2025-10-09,VAR1,44,4,10.887017310209801,8.772909998525241,12.732566293598966,8.714533015043116
USDPEN,1,2025-10-09,ARHinc,44,4,1.035713031127387,0.8232923361132753,1.1627278030469899,0.9889632822083539
USDPEN,1,2025-10-09,KernelARH,44,4,1.0518558419469588,0.8313844341084057,1.188629814081831,1.0006383147661257
USDPEN,5,2025-10-15,PM,44,4,0.1920364048018779,0.12903846153846155,0.30804119936609675,0.12241511404800934
USDPEN,5,2025-10-15,PA,44,4,1.0032113011554449,0.8037470596335995,1.0401296408845402,1.0007093143491965
USDPEN,5,2025-10-15,VAR1,44,4,28.75824813781329,18.56040434002969,41.476036653460895,16.899579243353156
USDPEN,5,2025-10-15,ARHinc,44,4,0.9998144396602135,0.8021600183912646,1.0352936017113614,0.9972352294118282
USDPEN,5,2025-10-15,KernelARH,44,4,0.992625224678276,0.7911276148247941,1.0113829204251867,0.9993030919338682
USDPEN,10,2025-10-22,PM,44,4,0.29057866669537435,0.21011538461538462,0.4385212776801886,0.19690756766771975
USDPEN,10,2025-10-22,PA,44,4,1.0352438121872398,0.8226710066047649,1.1345955827510334,0.9979293965520689
USDPEN,10,2025-10-22,VAR1,44,4,22.202544727974942,14.311013781498383,32.53345235040061,12.630909363176364
USDPEN,10,2025-10-22,ARHinc,44,4,1.0307820105635785,0.8206307402941384,1.128876468570646,0.9934960511284587
USDPEN,10,2025-10-22,KernelARH,44,4,1.0167715847413152,0.8118303614048727,1.0901339136031012,0.9941490733287058
USDPEN,1,2025-10-10,PM,44,4,0.2783482358209142,0.1233076923076922,0.46323593235334065,0.13730374110594767
USDPEN,1,2025-10-10,PA,44,4,0.9335647413100133,0.7227038851484426,0.9383188204100068,0.9496082277122371
USDPEN,1,2025-10-10,VAR1,44,4,1.8166129773242925,1.2532577902545459,2.0456830651347255,1.5767239800129371
USDPEN,1,2025-10-10,ARHinc,44,4,0.9267372129188648,0.7199811573816601,0.9122438194826027,0.9529589216200872
USDPEN,1,2025-10-10,KernelARH,44,4,0.9318179163446354,0.7347996148099192,0.9143422600266852,0.963538725015637
USDPEN,5,2025-10-16,PM,44,4,0.17617653951909445,0.09807692307692306,0.29105554397845185,0.10154369526088443
USDPEN,5,2025-10-16,PA,44,4,0.9713142312353172,0.7656464695277316,0.9858474988535966,0.9835407686128271
USDPEN,5,2025-10-16,VAR1,44,4,1.4447943827529217,1.137667393108422,1.8329519032513213,1.1928544235389011
USDPEN,5,2025-10-16,ARHinc,44,4,0.9689997439832314,0.7641934012944918,0.9772476200140371,0.9850206357151049
USDPEN,5,2025-10-16,KernelARH,44,4,0.9740608431058113,0.7697582754412681,0.9807195266601432,0.9902178742977507
USDPEN,10,2025-10-23,PM,44,4,0.17065414304511198,0.12826923076923072,0.19840173732329233,0.1373467750378668
USDPEN,10,2025-10-23,PA,44,4,1.0122107231252317,0.803618432282985,1.0924367588143757,0.9870592210353383
USDPEN,10,2025-10-23,VAR1,44,4,2.8691876049922436,2.265502266092898,3.8072590597272424,2.022967708880591
USDPEN,10,2025-10-23,ARHinc,44,4,1.0196629626366027,0.8107017185467397,1.1081636510192934,0.9908500866869994
USDPEN,10,2025-10-23,KernelARH,44,4,1.0482532733878869,0.8343479603923737,1.1635790109818296,1.0022696680570722
USDPEN,1,2025-10-13,PM,44,4,0.1740817944353921,0.11588461538461536,0.2078807509370812,0.13497565526024521
USDPEN,1,2025-10-13,PA,44,4,0.9888263055864729,0.7956579172799307,0.9880863206713829,0.9966771759167193
USDPEN,1,2025-10-13,VAR1,44,4,9.885042873836358,7.537597677442109,13.325008719631853,6.950702439013617
USDPEN,1,2025-10-13,ARHinc,44,4,0.9815825192305462,0.7880560280480617,0.9768364044498884,0.9937698158143093
USDPEN,1,2025-10-13,KernelARH,44,4,0.9993108965887535,0.8107638352283164,1.004947221282821,1.0052091199922424
USDPEN,5,2025-10-17,PM,44,4,0.2130611369464715,0.12123076923076924,0.31729403432810643,0.13015458800936755
USDPEN,5,2025-10-17,PA,44,4,1.004352884199833,0.8141330577240201,1.0594236739554819,0.9919223909565285
USDPEN,5,2025-10-17,VAR1,44,4,15.481540227073351,10.397694813758616,22.162796728119154,9.316575628633007
USDPEN,5,2025-10-17,ARHinc,44,4,0.9958539297809661,0.8077311043901331,1.0398390114609706,0.9899115071166411
USDPEN,5,2025-10-17,KernelARH,44,4,1.0038548418078628,0.8072138062766127,1.0419199284479268,1.0026895546862058
USDPEN,10,2025-10-24,PM,44,4,0.44719725470466,0.21692307692307683,0.7025495837535031,0.23012854933192078
USDPEN,10,2025-10-24,PA,44,4,1.1090929315521967,0.8787651024120157,1.3137976778347453,1.006312338831762
USDPEN,10,2025-10-24,VAR1,44,4,9.909318418348066,6.236633756398161,14.540768691124038,5.637245841786426
USDPEN,10,2025-10-24,ARHinc,44,4,1.0870859719570045,0.8716449964772044,1.268762897311155,1.0002549890143313
USDPEN,10,2025-10-24,KernelARH,44,4,1.0821807788504152,0.8545691641276634,1.2415539932936848,1.0111176674910278
USDPEN,1,2025-10-14,PM,44,4,0.09070106224464893,0.04923076923076914,0.14107518404683034,0.05280702645071392
USDPEN,1,2025-10-14,PA,44,4,0.9625019834677994,0.7657151801799941,0.9478400336876475,0.9849116603275911
USDPEN,1,2025-10-14,VAR1,44,4,15.338566347922807,12.132056201399278,19.64277714668204,12.349152397119717
USDPEN,1,2025-10-14,ARHinc,44,4,0.9538897074175937,0.7576356055530789,0.9293439119381552,0.9808429836290172
USDPEN,1,2025-10-14,KernelARH,44,4,0.9616931450990531,0.7659493005287421,0.9424928559774699,0.9861233999308366
USDPEN,5,2025-10-20,PM,44,4,0.15385073310492572,0.0813461538461538,0.24629834585630353,0.07895814723926715
USDPEN,5,2025-10-20,PA,44,4,1.0052929569697848,0.8126767071941402,1.049425974722816,0.9935737480961231
USDPEN,5,2025-10-20,VAR1,44,4,28.33563577797401,20.201394491107706,39.59606640241482,18.416044038580846
USDPEN,5,2025-10-20,ARHinc,44,4,1.0051323632250764,0.8097709083712277,1.0511992419483929,0.9918028224067794
USDPEN,5,2025-10-20,KernelARH,44,4,1.0181079123098165,0.8189926966256116,1.0648112394695535,1.004992255780632
USDPEN,10,2025-10-27,PM,44,4,0.4345539269004657,0.23757692307692296,0.7202847676888584,0.20888209837006882
USDPEN,10,2025-10-27,PA,44,4,1.1197421715019609,0.9072467890263586,1.3225702743523697,1.0273506352725421
USDPEN,10,2025-10-27,VAR1,44,4,16.328353125694495,10.748463529350223,23.506733229789535,9.662594547399529
USDPEN,10,2025-10-27,ARHinc,44,4,1.1251034404486098,0.9062740162887496,1.332839291697792,1.0276367222747507
USDPEN,10,2025-10-27,KernelARH,44,4,1.1286568957715788,0.9029177179605358,1.322113376238816,1.0384282025672669
USDPEN,1,2025-10-15,PM,44,4,0.19355778306390928,0.10203846153846147,0.334154247559331,0.09059823309758444
USDPEN,1,2025-10-15,PA,44,4,0.9993080985532371,0.8076990382270427,1.045493619992997,0.9908454788046763
USDPEN,1,2025-10-15,VAR1,44,4,24.803244039144925,19.215821610640937,33.10392078536274,18.44918939190289
USDPEN,1,2025-10-15,ARHinc,44,4,0.9941013642312984,0.8039452377339686,1.0293333511559823,0.9909279975866819
USDPEN,1,2025-10-15,KernelARH,44,4,1.0000302201233777,0.8044984946594297,1.029904439226534,0.9975251482274602
USDPEN,5,2025-10-21,PM,44,4,0.34430706610412565,0.1679999999999998,0.5739229490147939,0.15893232404807567
USDPEN,5,2025-10-21,PA,44,4,1.0780312661215277,0.8669668163032608,1.2128372097093658,1.0212637133058442
USDPEN,5,2025-10-21,VAR1,44,4,42.51489126419509,31.862224634182592,58.21582811944395,29.561334409619867
USDPEN,5,2025-10-21,ARHinc,44,4,1.0677872000701893,0.8623946340021225,1.1897993210446884,1.0188519740660866
USDPEN,5,2025-10-21,KernelARH,44,4,1.0543997654821489,0.8512306285782837,1.1598030293309114,1.0158842100225185
USDPEN,10,2025-10-28,PM,44,4,0.28280709992719544,0.1654615384615384,0.45572209823331045,0.1647436702811501
USDPEN,10,2025-10-28,PA,44,4,1.031887791671184,0.8240086521504062,1.1289313825536313,1.0147630417737765
USDPEN,10,2025-10-28,VAR1,44,4,26.0691601299604,18.667813482784307,36.544245303532854,16.830071364770777
USDPEN,10,2025-10-28,ARHinc,44,4,1.0254971313437649,0.8190631145222501,1.1110221360091792,1.014214599134409
USDPEN,10,2025-10-28,KernelARH,44,4,1.0305412111523042,0.823113573666212,1.1235242570590327,1.0156473227950094
USDPEN,1,2025-10-16,PM,44,4,0.09237179264755585,0.06088461538461534,0.14619800706529873,0.05160080279951137
USDPEN,1,2025-10-16,PA,44,4,0.963546630313209,0.7817509800781168,0.975575681962224,0.9751168215141681
USDPEN,1,2025-10-16,VAR1,44,4,4.631279842258679,3.484982106163224,6.403754991591654,3.162153084912966
USDPEN,1,2025-10-16,ARHinc,44,4,0.9629112952620242,0.7761769581672336,0.9745616727677853,0.9747161677315651
USDPEN,1,2025-10-16,KernelARH,44,4,0.963959236500344,0.7710522385127097,0.9761901501705351,0.975267830557474
USDPEN,5,2025-10-22,PM,44,4,0.13252902439727052,0.08965384615384615,0.17963876195737766,0.09151530257270359
USDPEN,5,2025-10-22,PA,44,4,0.98542194932479,0.784669636422752,1.045377635097576,0.9698426772533023
USDPEN,5,2025-10-22,VAR1,44,4,10.086205195240272,7.575893786320501,13.956606304593175,6.86585979950601
USDPEN,5,2025-10-22,ARHinc,44,4,0.994209358687236,0.7944734494196778,1.0668321544101402,0.9714510286092158
USDPEN,5,2025-10-22,KernelARH,44,4,0.9973114471831216,0.7957256752868002,1.0733319157311734,0.9725801137961203
USDPEN,10,2025-10-29,PM,44,4,0.2702525528236362,0.18223076923076909,0.4150255669842056,0.1598656318779478
USDPEN,10,2025-10-29,PA,44,4,1.0663897428279605,0.8481761841108326,1.1960727998043632,1.0296083260737774
USDPEN,10,2025-10-29,VAR1,44,4,11.754809730975937,8.97815895260161,16.091023699098496,8.216260060942181
USDPEN,10,2025-10-29,ARHinc,44,4,1.0711928601248228,0.849823858699485,1.2107404760267995,1.0296900247123815
USDPEN,10,2025-10-29,KernelARH,44,4,1.068122077706268,0.8480496954934008,1.2062594615747753,1.0274369490204731
USDPEN,1,2025-10-17,PM,44,4,0.08466165692830584,0.04776923076923071,0.14303699865981118,0.0427512240723588
USDPEN,1,2025-10-17,PA,44,4,0.9756773977421417,0.779908621558951,0.9972796946966032,0.9825446630010634
USDPEN,1,2025-10-17,VAR1,44,4,13.961690937062508,10.407863360995718,19.38405389103183,9.440580958538025
USDPEN,1,2025-10-17,ARHinc,44,4,0.9734849763513955,0.7803551392225002,0.9907368645916518,0.9823222505875006
USDPEN,1,2025-10-17,KernelARH,44,4,0.9771399768734823,0.780353350291804,1.0011700028356463,0.9828644397892694
USDPEN,5,2025-10-23,PM,44,4,0.24714339110975775,0.12519230769230766,0.38917175451529845,0.12424345311924159
USDPEN,5,2025-10-23,PA,44,4,1.0210383378830348,0.8138054203714525,1.1309672780131654,0.9780260529861141
USDPEN,5,2025-10-23,VAR1,44,4,24.900262170417555,18.9754713009216,34.072683877917946,17.6302100915049
USDPEN,5,2025-10-23,ARHinc,44,4,1.0168742049984882,0.8109762640282412,1.1211895722634517,0.9770448185030779
USDPEN,5,2025-10-23,KernelARH,44,4,1.0262499447716098,0.8168960481992412,1.1421607454149731,0.9796080451913842
USDPEN,10,2025-10-30,PM,44,4,0.5950166852864135,0.5294615384615385,0.5804676759419387,0.5368407717639846
USDPEN,10,2025-10-30,PA,44,4,1.1349551976708614,0.8934625980181542,1.1786932736099474,1.115792340654714
USDPEN,10,2025-10-30,VAR1,44,4,24.005469368162707,18.690369747659553,32.337413506254094,17.62919401200552
USDPEN,10,2025-10-30,ARHinc,44,4,1.1384168901392087,0.8912114319035422,1.189459068957495,1.1151727770372668
USDPEN,10,2025-10-30,KernelARH,44,4,1.1266225005927764,0.8886659479040226,1.1659122853795252,1.1117160003494742
USDPEN,1,2025-10-20,PM,44,4,0.09727167545670129,0.05457692307692291,0.1401257661948739,0.052347603516108746
USDPEN,1,2025-10-20,PA,44,4,0.9886705625572744,0.793528358267699,1.0216857732010178,0.9859950753199145
USDPEN,1,2025-10-20,VAR1,44,4,7.988255323502882,5.882704522434844,11.261583765749794,5.227753850690873
USDPEN,1,2025-10-20,ARHinc,44,4,0.989413880336363,0.7929579943516654,1.0233284375610783,0.985843823756464
USDPEN,1,2025-10-20,KernelARH,44,4,0.9886428338423429,0.791836002969426,1.0212285584450524,0.9856174330309595
USDPEN,5,2025-10-24,PM,44,4,0.24429500215297698,0.11549999999999983,0.3899137848038306,0.12343022551595749
USDPEN,5,2025-10-24,PA,44,4,1.040920710630074,0.8272715852951842,1.1766765293448676,0.983842644557921
USDPEN,5,2025-10-24,VAR1,44,4,10.755106119032309,8.173355193832679,14.862791548556455,7.442137985888646
USDPEN,5,2025-10-24,ARHinc,44,4,1.043585353209408,0.8294209845126237,1.1839993001722962,0.9841245138299584
USDPEN,5,2025-10-24,KernelARH,44,4,1.0482260880195593,0.8319565638843607,1.1939337723025574,0.9855504215760632
USDPEN,10,2025-10-31,PM,44,4,0.65722588611878,0.587423076923077,0.6910411818626195,0.5705685491984853
USDPEN,10,2025-10-31,PA,44,4,1.164371279855131,0.9016452822486012,1.23100788834443,1.1293662776880742
USDPEN,10,2025-10-31,VAR1,44,4,8.694981148488896,6.7528727843583765,11.913706204713074,6.0772546166078705
USDPEN,10,2025-10-31,ARHinc,44,4,1.1603201344196543,0.9043840276782659,1.2177864912374232,1.1299852547199694
USDPEN,10,2025-10-31,KernelARH,44,4,1.145299151870805,0.8973730471335987,1.1921465424440458,1.122801939754134
USDPEN,1,2025-10-21,PM,44,4,0.12715810116664877,0.07230769230769232,0.21509682348506787,0.06527182768236224
USDPEN,1,2025-10-21,PA,44,4,1.0283311286329029,0.8185117548134416,1.0994247029695128,1.009226907665156
USDPEN,1,2025-10-21,VAR1,44,4,17.442948260201646,13.287454542365433,24.200280690178243,12.045987148820494
USDPEN,1,2025-10-21,ARHinc,44,4,1.0310689693791388,0.8197483738442325,1.1040808420511912,1.0105531169370727
USDPEN,1,2025-10-21,KernelARH,44,4,1.0519757929186953,0.8385287601004889,1.153103536866672,1.0154190352224968
USDPEN,5,2025-10-27,PM,44,4,0.2899146923599316,0.16476923076923078,0.4850883697069742,0.13908965986155986
USDPEN,5,2025-10-27,PA,44,4,1.0672163863850883,0.8545980117414194,1.214920808914614,1.0103248033861079
USDPEN,5,2025-10-27,VAR1,44,4,26.41837294058011,20.395408345262894,36.28649971156437,18.79705904178247
USDPEN,5,2025-10-27,ARHinc,44,4,1.0717096928416867,0.8545669356964171,1.2234647635978515,1.0116255110708696
USDPEN,5,2025-10-27,KernelARH,44,4,1.0843606383316886,0.8608933059033627,1.2518865148533247,1.0145332844558121
USDPEN,10,2025-11-03,PM,44,4,0.6240091376303345,0.5524999999999999,0.6273203413883903,0.5494760229405267
USDPEN,10,2025-11-03,PA,44,4,1.147873946269123,0.9059455053662884,1.2061372321924417,1.120240437154002
USDPEN,10,2025-11-03,VAR1,44,4,21.33123578930702,16.50628901536903,29.370907258914578,14.974237124181533
USDPEN,10,2025-11-03,ARHinc,44,4,1.142240676089758,0.8985917850843299,1.2080521953694587,1.1134150097129434
USDPEN,10,2025-11-03,KernelARH,44,4,1.1388581836282368,0.8932374526954132,1.2088929039102032,1.1100767353232155
USDPEN,1,2025-10-22,PM,44,4,0.08381498626783244,0.061076923076923174,0.1176581081150023,0.06837303745824914
USDPEN,1,2025-10-22,PA,44,4,0.9764348551080194,0.7828004687418978,1.025604531844948,0.9677995580330137
USDPEN,1,2025-10-22,VAR1,44,4,8.225313699256546,6.283550303253665,11.439014041584217,5.666461152519196
USDPEN,1,2025-10-22,ARHinc,44,4,0.9765455537970399,0.7802666108688694,1.0253194750865113,0.9680657871859051
USDPEN,1,2025-10-22,KernelARH,44,4,0.9966180589739354,0.7954121951425739,1.065394836755379,0.9759626831847098
USDPEN,5,2025-10-28,PM,44,4,0.24929053177120308,0.20880769230769233,0.3143076539425583,0.18161166931089656
USDPEN,5,2025-10-28,PA,44,4,1.0272503167006317,0.8336850841265132,1.0990322472046783,1.0162310107585666
USDPEN,5,2025-10-28,VAR1,44,4,11.693691141428573,9.018083098402414,16.159594264248938,8.18358018434034
USDPEN,5,2025-10-28,ARHinc,44,4,1.0249597249172084,0.8321135463903615,1.0940853682971778,1.0158770986617889
USDPEN,5,2025-10-28,KernelARH,44,4,1.0254102843573005,0.8155139018905155,1.1072569434065247,1.0146117819587193
USDPEN,10,2025-11-04,PM,44,4,0.6266158343404306,0.5569615384615384,0.6416037895925195,0.5491453079169404
USDPEN,10,2025-11-04,PA,44,4,1.1594884230844973,0.9016269560084059,1.2177079466511975,1.1264243485662155
USDPEN,10,2025-11-04,VAR1,44,4,9.131311803775077,7.206171733894132,12.501759787060669,6.4684974799149995
USDPEN,10,2025-11-04,ARHinc,44,4,1.1580408193922507,0.9023717599212605,1.2122047579267392,1.1274347546147674
USDPEN,10,2025-11-04,KernelARH,44,4,1.1188833746568907,0.8624938588014699,1.1817289587562525,1.0983672941759868
USDPEN,1,2025-10-23,PM,44,4,0.07490442628391909,0.036499999999999935,0.12107806614118446,0.03820806733795567
USDPEN,1,2025-10-23,PA,44,4,0.9946240972401722,0.7960253663581939,1.070270347093712,0.9717221895811076
USDPEN,1,2025-10-23,VAR1,44,4,12.364171483745473,9.399450246571861,17.224169096288342,8.515215332264065
USDPEN,1,2025-10-23,ARHinc,44,4,0.9941905631601737,0.7962378178631869,1.0691110789447413,0.9716584829167603
USDPEN,1,2025-10-23,KernelARH,44,4,0.9967553911788183,0.796628633407113,1.0759884595451439,0.971758422634793
USDPEN,5,2025-10-29,PM,44,4,0.22823612941256854,0.1794999999999998,0.3100354758858762,0.17482481145582665
USDPEN,5,2025-10-29,PA,44,4,1.0540211127040697,0.8538715202043476,1.1589201757828083,1.0275284679660122
USDPEN,5,2025-10-29,VAR1,44,4,16.01949973478749,12.345358348446627,22.12167782124744,11.309039813944052
USDPEN,5,2025-10-29,ARHinc,44,4,1.0535486903946956,0.8539553257230756,1.1576322027693615,1.0274150136398648
USDPEN,5,2025-10-29,KernelARH,44,4,1.0578431557056418,0.8483615991335908,1.1757222427023517,1.0270095367802063
USDPEN,10,2025-11-05,PM,44,4,0.6100398394934798,0.5429999999999998,0.6573470587750198,0.5358997894884161
USDPEN,10,2025-11-05,PA,44,4,1.199901472271094,0.9336607416086079,1.311672964006769,1.147512963850937
USDPEN,10,2025-11-05,VAR1,44,4,13.030074764338714,10.223376264822909,17.880652181469333,9.265886058796315
USDPEN,10,2025-11-05,ARHinc,44,4,1.198961946203166,0.9336193654135904,1.309678690727932,1.147089318937221
USDPEN,10,2025-11-05,KernelARH,44,4,1.187671525973556,0.9148356125923373,1.3174485040609807,1.132565854210407
USDPEN,1,2025-10-24,PM,44,4,0.08288430305134808,0.04353846153846159,0.13942114785481996,0.04299295812622512
USDPEN,1,2025-10-24,PA,44,4,1.0106821895708809,0.8072998844728619,1.1046772680728476,0.9768580851459665
USDPEN,1,2025-10-24,VAR1,44,4,7.74192891434049,6.0633342641008205,10.533676408063974,5.717005107808014
USDPEN,1,2025-10-24,ARHinc,44,4,1.0126058350551108,0.8076578559739784,1.1100674935217854,0.9772031337179852
USDPEN,1,2025-10-24,KernelARH,44,4,1.014756890089358,0.80835483847095,1.1161127641165167,0.9774468631955737
USDPEN,5,2025-10-30,PM,44,4,0.707015803326804,0.6378846153846154,0.7643600261130908,0.5944857667584409
USDPEN,5,2025-10-30,PA,44,4,1.210039187023897,0.9390019231544146,1.2980561154427641,1.1501193378120265
USDPEN,5,2025-10-30,VAR1,44,4,8.773357817524056,7.005363511347829,11.862157338838234,6.482614388430778
USDPEN,5,2025-10-30,ARHinc,44,4,1.2039996508110844,0.9339181073486058,1.2863592104842225,1.1481839174499187
USDPEN,5,2025-10-30,KernelARH,44,4,1.1607442383634852,0.9019338021727238,1.2185563231243217,1.127102183368435
USDPEN,10,2025-11-06,PM,44,4,0.6084217445413742,0.5443846153846152,0.6542173965040557,0.5290498734039516
USDPEN,10,2025-11-06,PA,44,4,1.1811953982446746,0.9169581964691276,1.2603770461664947,1.1361715887267123
USDPEN,10,2025-11-06,VAR1,44,4,6.278262724765161,5.060467857303496,8.523235582973284,4.6237583068711245
USDPEN,10,2025-11-06,ARHinc,44,4,1.1786589503861404,0.9158220210128942,1.254939489751649,1.135309662649487
USDPEN,10,2025-11-06,KernelARH,44,4,1.1412320920796406,0.872821459785013,1.2107652257904837,1.1077599725585638
USDPEN,1,2025-10-27,PM,44,4,0.1256251674319587,0.0974230769230768,0.17990001539498165,0.09013497306270621
USDPEN,1,2025-10-27,PA,44,4,1.0280255132964338,0.8140914039738727,1.1209190525568091,1.001649440360983
USDPEN,1,2025-10-27,VAR1,44,4,1.2445570976066853,0.9478334260160495,1.4964234896828956,1.1286793855377917
USDPEN,1,2025-10-27,ARHinc,44,4,1.031686006712143,0.8164881424473144,1.1308401344935455,1.002199564101498
USDPEN,1,2025-10-27,KernelARH,44,4,1.0514476041299898,0.8365531776492312,1.177690852697828,1.006958740168786
USDPEN,5,2025-10-31,PM,44,4,0.7746890505228534,0.6917692307692309,0.9008881566532744,0.6271026776005076
USDPEN,5,2025-10-31,PA,44,4,1.2469900448848177,0.9551365400984334,1.3749734850819602,1.1644816043154265
USDPEN,5,2025-10-31,VAR1,44,4,4.898440122992269,3.7929153874916275,6.751090759070351,3.4231272975129783
USDPEN,5,2025-10-31,ARHinc,44,4,1.236956464075339,0.9520146685006475,1.3514167285414174,1.1623791263219088
USDPEN,5,2025-10-31,KernelARH,44,4,1.1849894589927608,0.9156660877776664,1.2555278460117363,1.1415000070836951
USDPEN,10,2025-11-07,PM,44,4,0.5469265085632903,0.47434615384615364,0.6614481588411939,0.44461476501013686
USDPEN,10,2025-11-07,PA,44,4,1.2140523819844338,0.9329095849572977,1.4162703019632927,1.1196770864986865
USDPEN,10,2025-11-07,VAR1,44,4,8.789482864832646,6.5849603807854775,12.357126502503897,5.854814128731988
USDPEN,10,2025-11-07,ARHinc,44,4,1.2086158292204763,0.9263549510595916,1.4057510302698775,1.117969441446832
USDPEN,10,2025-11-07,KernelARH,44,4,1.205438830933462,0.9135122849299222,1.4255332316542957,1.1070532490520586
USDPEN,1,2025-10-28,PM,44,4,0.3706959411286165,0.28430769230769215,0.5382461132157876,0.2187601942807599
USDPEN,1,2025-10-28,PA,44,4,1.0588731280191392,0.8487963752802462,1.1623806866089668,1.0275492931106085
USDPEN,1,2025-10-28,VAR1,44,4,2.0166602473982542,1.353560949780332,2.765928533756208,1.4648017714509394
USDPEN,1,2025-10-28,ARHinc,44,4,1.0555834324804785,0.8477378933171653,1.154686315793281,1.0268225948004124
USDPEN,1,2025-10-28,KernelARH,44,4,1.0386774990518526,0.8428961021643109,1.1203617502047798,1.0220789701207578
USDPEN,5,2025-11-03,PM,44,4,0.7766071115881122,0.6916923076923075,0.9275418846795469,0.6104178077410941
USDPEN,5,2025-11-03,PA,44,4,1.2301820278873508,0.9255465139635805,1.368563215346416,1.1473919765606662
USDPEN,5,2025-11-03,VAR1,44,4,1.728395049722844,1.3848686419549587,2.149326482830709,1.4085709157995612
USDPEN,5,2025-11-03,ARHinc,44,4,1.2283183416271517,0.9267874428647931,1.3622150201490846,1.1478565068696522
USDPEN,5,2025-11-03,KernelARH,44,4,1.1613226548382478,0.904041636006233,1.2399266753955736,1.1213847428185388
USDPEN,10,2025-11-10,PM,44,4,0.6069556757356275,0.527,0.7538947589432827,0.4667118219892871
USDPEN,10,2025-11-10,PA,44,4,1.1668108060212066,0.9072785677058606,1.307146839415448,1.1135497925927016
USDPEN,10,2025-11-10,VAR1,44,4,6.024373583994303,4.462723765751949,8.507817306921163,3.9230592517611784
USDPEN,10,2025-11-10,ARHinc,44,4,1.1650004618415668,0.904855108784188,1.3020022650462653,1.1135567963414819
USDPEN,10,2025-11-10,KernelARH,44,4,1.1255874509866595,0.8569084071610409,1.2556632634948424,1.087503129370772
USDPEN,1,2025-10-29,PM,44,4,0.12003224726970414,0.062038461538461556,0.1954951321657591,0.062165776563257495
USDPEN,1,2025-10-29,PA,44,4,1.0579512521139398,0.8407252363080369,1.1811971280870395,1.023736617268758
USDPEN,1,2025-10-29,VAR1,44,4,3.955766256399193,2.9498444382089226,5.518811650392904,2.7092409336384966
USDPEN,1,2025-10-29,ARHinc,44,4,1.054535024671714,0.8468355906450926,1.1673967765427646,1.0237967533676304
USDPEN,1,2025-10-29,KernelARH,44,4,1.0726971193398884,0.8500637129785151,1.2103770499565525,1.030690187650321
USDPEN,5,2025-11-04,PM,44,4,0.43459165183670273,0.36096153846153844,0.3762786514318053,0.4206171086703213
USDPEN,5,2025-11-04,PA,44,4,1.1219035754675601,0.8760324672651023,1.1751074539036883,1.1020683118092776
USDPEN,5,2025-11-04,VAR1,44,4,7.5731377969884575,5.504289232538274,10.766034324789254,4.84479884404234
USDPEN,5,2025-11-04,ARHinc,44,4,1.1322028974933527,0.8799790143606787,1.1958592218038089,1.1042710798394462
USDPEN,5,2025-11-04,KernelARH,44,4,1.1206954102968376,0.862449318320711,1.1848408780829367,1.0998088832078534
USDPEN,10,2025-11-11,PM,44,4,0.36388951197180286,0.30584615384615377,0.42941150287180385,0.30683937908520215
USDPEN,10,2025-11-11,PA,44,4,1.044491089613861,0.8131098857416914,1.0579320781434327,1.059402117025647
USDPEN,10,2025-11-11,VAR1,44,4,8.46736674094278,6.052101718490077,12.168180193320762,5.312811015437316
USDPEN,10,2025-11-11,ARHinc,44,4,1.0620888305889076,0.820235808624659,1.100724952824791,1.0632971621284364
USDPEN,10,2025-11-11,KernelARH,44,4,1.037828639396274,0.799448396606535,1.0477400385690876,1.0564128740877945
USDPEN,1,2025-10-30,PM,44,4,0.5736301408238051,0.48596153846153856,0.603813950256506,0.4998242179593912
USDPEN,1,2025-10-30,PA,44,4,1.1430289390247899,0.8887683653087641,1.197747918286081,1.1150182990176605
USDPEN,1,2025-10-30,VAR1,44,4,1.916721898787257,1.6152316186202134,2.110815404273119,1.9589469598089808
USDPEN,1,2025-10-30,ARHinc,44,4,1.1334949328824244,0.8843623262783064,1.1842149364036907,1.1100431971097795
USDPEN,1,2025-10-30,KernelARH,44,4,1.163794500862938,0.8989984998571899,1.231814288734347,1.1245507718529826
USDPEN,5,2025-11-05,PM,44,4,0.44768104416838156,0.37842307692307714,0.4039473352037678,0.4299656086469766
USDPEN,5,2025-11-05,PA,44,4,1.1624471964755274,0.9099825208774617,1.2642513045573158,1.1229004999984125
USDPEN,5,2025-11-05,VAR1,44,4,4.5513391743230445,3.7502347347933336,5.926284180245822,3.6957729481703905
USDPEN,5,2025-11-05,ARHinc,44,4,1.1637045425391181,0.907425275763516,1.2724650315467583,1.121418911184166
USDPEN,5,2025-11-05,KernelARH,44,4,1.1842413843522372,0.9238575371408667,1.2968268853655736,1.1353361517557068
USDPEN,10,2025-11-12,PM,44,4,0.38360041559695146,0.30976923076923085,0.45464530537071685,0.31958218929780113
USDPEN,10,2025-11-12,PA,44,4,1.0364037185021462,0.8177919117252239,1.0401413680137719,1.0526070738573996
USDPEN,10,2025-11-12,VAR1,44,4,6.312286247083377,4.812279719225666,8.819687231635685,4.360867978610116
USDPEN,10,2025-11-12,ARHinc,44,4,1.03322819508434,0.8163592416701911,1.03548480898481,1.0506336052060565
USDPEN,10,2025-11-12,KernelARH,44,4,1.0499794524579475,0.8228491818259754,1.0640706906231614,1.0585101140095396
USDPEN,1,2025-10-31,PM,44,4,0.06238258201182072,0.03742307692307693,0.09805724057114232,0.03656145590119695
USDPEN,1,2025-10-31,PA,44,4,1.0497530209772041,0.8305470401238556,1.1653889244595883,1.0290348003871161
USDPEN,1,2025-10-31,VAR1,44,4,7.235240895905699,6.339196076324276,9.111701859884064,5.7569795579999985
USDPEN,1,2025-10-31,ARHinc,44,4,1.024659969072994,0.8190096918579165,1.0545282647556498,1.0430817487508077
USDPEN,1,2025-10-31,KernelARH,44,4,1.0472123034905423,0.8201531305920969,1.1111247324741396,1.0470760690126828
USDPEN,5,2025-11-06,PM,44,4,0.2751464644931438,0.1511538461538461,0.34081243167363706,0.17237341506750203
USDPEN,5,2025-11-06,PA,44,4,1.1756880351406804,0.9092633313668033,1.3630307268190809,1.0760640771472871
USDPEN,5,2025-11-06,VAR1,44,4,7.133691078327922,6.388110813197496,8.784181594357849,5.978224819009499
USDPEN,5,2025-11-06,ARHinc,44,4,1.1032608667336679,0.8750598165890613,1.1963078977129133,1.0653522349634634
USDPEN,5,2025-11-06,KernelARH,44,4,1.1295046960690414,0.8672842386971272,1.2106586053916626,1.092639025825376
USDPEN,10,2025-11-13,PM,44,4,0.21892558886877173,0.19388461538461546,0.24381141932454753,0.18550298369855156
USDPEN,10,2025-11-13,PA,44,4,1.0393609144551936,0.8211465961940888,1.1530120118004639,1.0139852788676444
USDPEN,10,2025-11-13,VAR1,44,4,5.37269613686679,4.68626015773667,6.7989471206190535,4.234759497913872
USDPEN,10,2025-11-13,ARHinc,44,4,0.9776983979054008,0.7855464172266279,1.004042531399217,1.0022031459807337
USDPEN,10,2025-11-13,KernelARH,44,4,1.0029014968840484,0.7810775114759861,1.0042198229229806,1.026492297887844
USDPEN,1,2025-11-03,PM,44,4,0.1381942264740797,0.07988461538461546,0.20935265519798635,0.07604563699339069
USDPEN,1,2025-11-03,PA,44,4,0.9922197901279616,0.7875046018988191,1.0860670134319799,0.9843296683082041
USDPEN,1,2025-11-03,VAR1,44,4,6.158449026310494,4.230808322535261,8.972939232662537,3.771070305414676
USDPEN,1,2025-11-03,ARHinc,44,4,0.9871823830104288,0.7848688526557761,1.0750559198110008,0.9828061054118521
USDPEN,1,2025-11-03,KernelARH,44,4,1.0876539323035261,0.9271424470449379,1.1519409713774948,1.0712320771252881
USDPEN,5,2025-11-07,PM,44,4,0.5404371449968143,0.3129230769230768,0.8278972431548909,0.30354415824519415
USDPEN,5,2025-11-07,PA,44,4,1.195294665864891,0.9252317548210626,1.475771004981154,1.0681122685108586
USDPEN,5,2025-11-07,VAR1,44,4,5.920314156087099,4.210194877767457,8.4776498091875645,3.7333769493697515
USDPEN,5,2025-11-07,ARHinc,44,4,1.175106179763569,0.9119069434123345,1.4399745563115522,1.0604850305392506
USDPEN,5,2025-11-07,KernelARH,44,4,1.247378628879616,1.029332024890205,1.4526359824843722,1.1491143151905643
USDPEN,10,2025-11-14,PM,44,4,0.2435517438309094,0.20415384615384613,0.265021906128018,0.20621548359189365
USDPEN,10,2025-11-14,PA,44,4,0.9499194683199078,0.7690164167775251,0.9377917219811073,0.99096673106587
USDPEN,10,2025-11-14,VAR1,44,4,3.89914292354642,2.8186056604027785,5.539558221516167,2.513256506030782
USDPEN,10,2025-11-14,ARHinc,44,4,0.94162299531962,0.7517438733006921,0.9262789770448091,0.986102078103854
USDPEN,10,2025-11-14,KernelARH,44,4,1.0253526126335137,0.8748620092885145,0.9859319717367776,1.0635587023827031
USDPEN,1,2025-11-04,PM,44,4,0.10056403432639328,0.06265384615384623,0.1422614456327963,0.05947343926926672
USDPEN,1,2025-11-04,PA,44,4,0.9948459591967967,0.7892036851071038,1.068169946419528,0.9927743306875711
USDPEN,1,2025-11-04,VAR1,44,4,3.558738377911984,2.4834715095216997,5.2127135213155595,2.2871187728096873
USDPEN,1,2025-11-04,ARHinc,44,4,0.9989913331293447,0.7938361595905196,1.0770478958346497,0.9937858638044156
USDPEN,1,2025-11-04,KernelARH,44,4,0.9955350006588795,0.7860784725738276,1.0680482192433463,0.99364718383332
USDPEN,5,2025-11-10,PM,44,4,0.30336834997941153,0.2250769230769231,0.41658523252764534,0.20963343649917646
USDPEN,5,2025-11-10,PA,44,4,1.054120261064231,0.8392768051542193,1.1717597140260998,1.0365123182116505
USDPEN,5,2025-11-10,VAR1,44,4,5.860953261804599,4.195498227452888,8.540198354380347,3.8450094132333232
USDPEN,5,2025-11-10,ARHinc,44,4,1.061233550787018,0.845138318384983,1.1877366522556307,1.0379661992776736
USDPEN,5,2025-11-10,KernelARH,44,4,1.0604708438184471,0.841204633992544,1.1925271408926659,1.0349398511422119
USDPEN,10,2025-11-17,PM,44,4,0.23985472365900667,0.21203846153846154,0.28011130610509033,0.20465965716949672
USDPEN,10,2025-11-17,PA,44,4,0.9600609348175451,0.776984801862518,1.0038362697624712,0.9735905083036507
USDPEN,10,2025-11-17,VAR1,44,4,6.625021680368083,4.815708378758309,9.612120508109358,4.369498334307439
USDPEN,10,2025-11-17,ARHinc,44,4,0.9648617657050385,0.7832315215322483,1.0142781688545426,0.97542590964283
USDPEN,10,2025-11-17,KernelARH,44,4,0.9963672770606167,0.7820384163563802,1.0620446368961884,0.9941388804458496
USDPEN,1,2025-11-05,PM,44,4,0.1564986483107024,0.08253846153846157,0.2584182767659163,0.0824287987487159
USDPEN,1,2025-11-05,PA,44,4,1.0590886268225885,0.8356935570361756,1.1944177378306087,1.0260617543142778
USDPEN,1,2025-11-05,VAR1,44,4,1.7777764777086023,1.422044715647469,2.338576545544229,1.4458981799348027
USDPEN,1,2025-11-05,ARHinc,44,4,1.054793737168948,0.8362404314909981,1.1843384566392257,1.0255571276122086
USDPEN,1,2025-11-05,KernelARH,44,4,1.0599427144485427,0.8449664059246217,1.191743613983426,1.0282827763515785
USDPEN,5,2025-11-11,PM,44,4,0.19400138778250647,0.1421538461538462,0.26348830100233217,0.14799472901240782
USDPEN,5,2025-11-11,PA,44,4,0.9638102538432117,0.7593567710826697,0.9592811691801447,1.0049115275034355
USDPEN,5,2025-11-11,VAR1,44,4,3.4418518666003135,2.5476301442150984,4.917611653614086,2.421057337933061
USDPEN,5,2025-11-11,ARHinc,44,4,0.9643996498565838,0.7538533662434399,0.9661878014050616,1.0039622971251096
USDPEN,5,2025-11-11,KernelARH,44,4,1.0307127244328158,0.8093197525809442,1.044526942149036,1.0485765008660772
USDPEN,10,2025-11-18,PM,44,4,0.19730455275654832,0.16657692307692312,0.21002684127685786,0.18874044672032322
USDPEN,10,2025-11-18,PA,44,4,0.9309023797342701,0.736717861526212,0.9609177787494608,0.955351041110869
USDPEN,10,2025-11-18,VAR1,44,4,3.9796804542083284,2.9909062551655565,5.638244301725709,2.7848371986309437
USDPEN,10,2025-11-18,ARHinc,44,4,0.9278419246498594,0.7270928107796687,0.9567269450496176,0.9528135622414047
USDPEN,10,2025-11-18,KernelARH,44,4,1.0033703629710113,0.7740473794470345,1.0488519368491434,1.0074433741303235
USDPEN,1,2025-11-06,PM,44,4,0.16691070274942735,0.06023076923076934,0.30208612428838366,0.07431671435646568
USDPEN,1,2025-11-06,PA,44,4,1.0162734031485263,0.8132258328111657,1.0796480477205825,1.0097060741475994
USDPEN,1,2025-11-06,VAR1,44,4,2.2539683203949705,1.7258549745185374,3.0917635736592017,1.7502978496334411
USDPEN,1,2025-11-06,ARHinc,44,4,1.0170981999838946,0.812961091523947,1.0809032004098356,1.0096795442818653
USDPEN,1,2025-11-06,KernelARH,44,4,1.0152241641547068,0.8120882014297762,1.078443398046792,1.0090018196441144
USDPEN,5,2025-11-12,PM,44,4,0.25593080495141035,0.16023076923076904,0.4028949975779658,0.159794315346281
USDPEN,5,2025-11-12,PA,44,4,0.9649205677718999,0.7615278250423335,0.9595617809948668,1.0018445246908716
USDPEN,5,2025-11-12,VAR1,44,4,4.615303596523598,3.53703611770778,6.454622300944766,3.404455737270606
USDPEN,5,2025-11-12,ARHinc,44,4,0.9652843653977862,0.7634536226428242,0.9588359598845242,1.0024253504772223
USDPEN,5,2025-11-12,KernelARH,44,4,0.9692059756309809,0.7813651765477903,0.9753774368895194,0.9996640726921076
USDPEN,10,2025-11-19,PM,44,4,0.2571714670439519,0.19838461538461521,0.32490026533668803,0.23005583883329134
USDPEN,10,2025-11-19,PA,44,4,0.9327519617562356,0.7398219531580591,0.9498639696387096,0.9573889765869797
USDPEN,10,2025-11-19,VAR1,44,4,4.964742952363305,3.8904575603437097,6.863030206304991,3.7020706534246246
USDPEN,10,2025-11-19,ARHinc,44,4,0.9347416272456458,0.7442918661984734,0.953461888222251,0.9586211250470009
USDPEN,10,2025-11-19,KernelARH,44,4,0.9922408856458543,0.7756819968168975,1.0290870448546923,0.9965443457872609
USDPEN,1,2025-11-07,PM,44,4,0.33409083000332074,0.1642307692307694,0.5773068076445222,0.16660829545906955
USDPEN,1,2025-11-07,PA,44,4,1.174210813511016,0.9027843417665727,1.454561406869143,1.0554502246610156
USDPEN,1,2025-11-07,VAR1,44,4,3.44503695591782,3.0078349478864714,3.5128431217324416,3.378515659961924
USDPEN,1,2025-11-07,ARHinc,44,4,1.1326690544330797,0.8797844190235918,1.3646215543569287,1.0440494682085286
USDPEN,1,2025-11-07,KernelARH,44,4,1.120494473966796,0.8698882188558508,1.342184487696964,1.0389278460309292
USDPEN,5,2025-11-13,PM,44,4,0.22321481977958074,0.165653846153846,0.27695882093945745,0.16549013022300652
USDPEN,5,2025-11-13,PA,44,4,0.9370862640124544,0.7449593676166566,0.9342368726602017,0.978356716737885
USDPEN,5,2025-11-13,VAR1,44,4,6.338944122798106,5.39205263018389,7.864305420547399,5.663833805598723
USDPEN,5,2025-11-13,ARHinc,44,4,0.9309198883979758,0.7287622082585267,0.9218948203123547,0.9753485086524607
USDPEN,5,2025-11-13,KernelARH,44,4,0.9664932839020401,0.7721833569997348,0.9664245115909879,0.9972254425908632
USDPEN,10,2025-11-20,PM,44,4,0.22905250069999902,0.19630769230769238,0.2616999430064219,0.21467121420272706
USDPEN,10,2025-11-20,PA,44,4,0.9796677961495996,0.792049485653719,1.0481920756253302,0.9721320817031993
USDPEN,10,2025-11-20,VAR1,44,4,5.114117942601795,4.366549556779905,6.31172213590926,4.585913925702755
USDPEN,10,2025-11-20,ARHinc,44,4,0.9630854325698299,0.7728219050366685,1.0107679112253218,0.9669015319831354
USDPEN,10,2025-11-20,KernelARH,44,4,1.0003677420200368,0.7852084777916454,1.0523978302378731,0.9970217269377818
USDPEN,1,2025-11-10,PM,44,4,0.15817103692862647,0.07384615384615374,0.2599017486153602,0.07820936804196174
USDPEN,1,2025-11-10,PA,44,4,1.0105570660263135,0.7960955641518477,1.0886868592239427,1.0170049200280322
USDPEN,1,2025-11-10,VAR1,44,4,2.968197749591637,2.419158565905231,3.7008751550797103,2.688925528408738
USDPEN,1,2025-11-10,ARHinc,44,4,1.0489460928652177,0.8269755482726762,1.1792116736576626,1.0281707479911373
USDPEN,1,2025-11-10,KernelARH,44,4,1.0455001423619081,0.8281325194872448,1.1800612986932006,1.0231676006274477
USDPEN,5,2025-11-14,PM,44,4,0.4761774374359593,0.22219230769230766,0.7951995019064572,0.22457206878676664
USDPEN,5,2025-11-14,PA,44,4,0.9742581742011939,0.7591994409244416,1.0348559240156452,0.9846157680525875
USDPEN,5,2025-11-14,VAR1,44,4,2.5159368362423162,2.0047201707979942,3.2027520683773933,2.2035186920717016
USDPEN,5,2025-11-14,ARHinc,44,4,0.9360136813096328,0.7265549156043122,0.9327375499101694,0.9785439512233803
USDPEN,5,2025-11-14,KernelARH,44,4,0.9643895619478401,0.7686542625027515,0.9543624365566589,1.0011769860461612
USDPEN,10,2025-11-21,PM,44,4,0.5428541913598192,0.2916538461538463,0.8832185268223265,0.3198197692519661
USDPEN,10,2025-11-21,PA,44,4,0.9470194750992799,0.7375533272452094,1.0239004939482808,0.938410493780918
USDPEN,10,2025-11-21,VAR1,44,4,2.188714571709727,1.7204468331412406,2.8463015671677607,1.852362198511401
USDPEN,10,2025-11-21,ARHinc,44,4,0.9090020009394894,0.695622697470451,0.9241232225435166,0.9303969367756875
USDPEN,10,2025-11-21,KernelARH,44,4,0.9453941625486532,0.7376635132230593,0.9308229508562176,0.9708163831531303
USDPEN,1,2025-11-11,PM,44,4,0.28287194710953295,0.10019230769230762,0.4917216980757832,0.12138013496994268
USDPEN,1,2025-11-11,PA,44,4,0.9682016219892817,0.7497500026546555,0.9836090119796236,1.0025316235167834
USDPEN,1,2025-11-11,VAR1,44,4,2.119471309228424,1.7203650910938124,2.5192213330645634,2.0324870645082003
USDPEN,1,2025-11-11,ARHinc,44,4,0.9748952937070235,0.7533329233291564,1.0051781917595504,1.0022442974082129
USDPEN,1,2025-11-11,KernelARH,44,4,0.9633977896772005,0.7619919755272403,0.9515884254924218,1.0079759721920596
USDPEN,5,2025-11-17,PM,44,4,0.19608168921690225,0.13323076923076918,0.2676594740946891,0.16861213491847427
USDPEN,5,2025-11-17,PA,44,4,0.9479327839525182,0.7361745377604507,0.9789068844271747,0.9743541841642763
USDPEN,5,2025-11-17,VAR1,44,4,2.1940939474827963,1.7992486518711224,2.6178677470928666,2.0830460867555574
USDPEN,5,2025-11-17,ARHinc,44,4,0.9458416459487772,0.7291025169840913,0.977496621147227,0.9709967409704797
USDPEN,5,2025-11-17,KernelARH,44,4,0.9685221725263718,0.7677098533505509,1.028222920620917,0.9799600771893978
USDPEN,10,2025-11-24,PM,44,4,0.3041327518851443,0.19526923076923072,0.436452499668794,0.2600511523136584
USDPEN,10,2025-11-24,PA,44,4,0.9503387506771483,0.7377649391737416,0.9850233407839543,0.9625503135702497
USDPEN,10,2025-11-24,VAR1,44,4,1.5482938897791885,1.2195151921135197,1.8954547999943059,1.4089433259111837
USDPEN,10,2025-11-24,ARHinc,44,4,0.9491472817303311,0.7306542637002945,0.98912234935107,0.9581065873647653
USDPEN,10,2025-11-24,KernelARH,44,4,0.9711502320410617,0.7611666055642098,0.995615250126634,0.9796403108934051
USDPEN,1,2025-11-12,PM,44,4,0.06500591689045883,0.04003846153846163,0.10525558438104722,0.038910366342899586
USDPEN,1,2025-11-12,PA,44,4,0.9679944340207487,0.7750136908806028,0.9821959112883867,0.9967119058519762
USDPEN,1,2025-11-12,VAR1,44,4,1.2762795587212108,1.0463370114688346,1.2720955722959653,1.269106386396189
USDPEN,1,2025-11-12,ARHinc,44,4,0.957055232920021,0.7610476018839345,0.9593921492760537,0.9934132091467175
USDPEN,1,2025-11-12,KernelARH,44,4,0.9596051785164473,0.7706022015567264,0.9618821350795401,0.9942943750492288
USDPEN,5,2025-11-18,PM,44,4,0.17988685012016264,0.12215384615384621,0.2525253474163482,0.1619480298038716
USDPEN,5,2025-11-18,PA,44,4,0.9472296836952733,0.7509989169560536,1.0097012661203324,0.9606615147624198
USDPEN,5,2025-11-18,VAR1,44,4,3.383850086867762,2.927675704538703,3.833272643189948,3.357711712609302
USDPEN,5,2025-11-18,ARHinc,44,4,0.9260606380459925,0.7288559446484592,0.9522776545516801,0.9565719017740634
USDPEN,5,2025-11-18,KernelARH,44,4,0.9600021601372374,0.7561145701340921,0.9979100796244569,0.9760941664231702
USDPEN,10,2025-11-25,PM,44,4,0.26580085807582743,0.1761923076923077,0.37391604304556764,0.2233989523238431
USDPEN,10,2025-11-25,PA,44,4,1.0186424706132664,0.8045468457110592,1.1467019297333714,0.9720073898027624
USDPEN,10,2025-11-25,VAR1,44,4,2.1334181288466145,1.7787266318783495,2.418848126899967,2.111084774487193
USDPEN,10,2025-11-25,ARHinc,44,4,0.9865627899592179,0.7808123632660741,1.0728254125009342,0.9645502584883038
USDPEN,10,2025-11-25,KernelARH,44,4,1.0232415736418288,0.8061982962208036,1.1130087783401408,0.9915689069110422
USDPEN,1,2025-11-13,PM,44,4,0.09932851476868977,0.06965384615384614,0.11266821711309098,0.07828877635494945
USDPEN,1,2025-11-13,PA,44,4,0.9310120476665495,0.7466649173492715,0.9301355148219386,0.9712638356491367
USDPEN,1,2025-11-13,VAR1,44,4,1.1833620355616536,1.0044370164706775,1.2415516638520494,1.2029167623308266
USDPEN,1,2025-11-13,ARHinc,44,4,0.9277020334914263,0.7431490359375337,0.9223400654026556,0.9705479663865492
USDPEN,1,2025-11-13,KernelARH,44,4,0.9461848459964642,0.762097899592996,0.9557102440980155,0.9782674663028581
USDPEN,5,2025-11-19,PM,44,4,0.14498789737290252,0.1066153846153845,0.1738826917176701,0.14666775467568174
USDPEN,5,2025-11-19,PA,44,4,0.9361776754629465,0.7435967737316534,0.9819451364563198,0.9496076980593479
USDPEN,5,2025-11-19,VAR1,44,4,1.3284735964585754,1.0947258083213225,1.380513401961878,1.3293272405671241
USDPEN,5,2025-11-19,ARHinc,44,4,0.9334214748057573,0.7415851102906112,0.9731834294785823,0.9502855042742608
USDPEN,5,2025-11-19,KernelARH,44,4,0.9559441595405515,0.7592871753391707,0.9875336814299125,0.9707531313198778
USDPEN,10,2025-11-26,PM,44,4,0.668408126130228,0.5678076923076922,0.8067701440810695,0.5856635773564132
USDPEN,10,2025-11-26,PA,44,4,1.1899066722112979,0.9778195742965382,1.3526704063119954,1.0990177322110688
USDPEN,10,2025-11-26,VAR1,44,4,1.1985607805240117,1.0036998123804024,1.2184773970650862,1.1500699878493812
USDPEN,10,2025-11-26,ARHinc,44,4,1.197971055538466,0.9898432657989927,1.3618907812084386,1.1068469715694587
USDPEN,10,2025-11-26,KernelARH,44,4,1.1306387949884145,0.9059462176882507,1.273198477216304,1.0707306962424876
USDPEN,1,2025-11-14,PM,44,4,0.048335267423725785,0.027730769230769302,0.07489104854031155,0.026550754072463687
USDPEN,1,2025-11-14,PA,44,4,0.9265129164969471,0.7320931039689487,0.9141370514022402,0.9738776907041865
USDPEN,1,2025-11-14,VAR1,44,4,1.742758172464005,1.474999294529959,1.7926796669885159,1.7299188670494943
USDPEN,1,2025-11-14,ARHinc,44,4,0.9264853587384448,0.7324589032540563,0.9141597478341876,0.9737024225245889
USDPEN,1,2025-11-14,KernelARH,44,4,0.9305085784324443,0.7365170035205788,0.9246683417426566,0.974518043724612
USDPEN,5,2025-11-20,PM,44,4,0.17836544163382856,0.11784615384615367,0.2576102216733588,0.12947892283276874
USDPEN,5,2025-11-20,PA,44,4,0.9543990553900304,0.7561801153163048,1.0042767921539364,0.9598751413525136
USDPEN,5,2025-11-20,VAR1,44,4,1.7198669785922938,1.446228622397726,1.759897078842559,1.7476974490400239
USDPEN,5,2025-11-20,ARHinc,44,4,0.9586590409480683,0.7606223598067788,1.0168894094298317,0.9599019205425413
USDPEN,5,2025-11-20,KernelARH,44,4,0.9623934828111609,0.7666165170403699,1.0088685769519279,0.9683986101166077
USDPEN,10,2025-11-27,PM,44,4,0.8032980694994468,0.6542307692307693,1.0647153735317578,0.6256216692735765
USDPEN,10,2025-11-27,PA,44,4,1.274136885856344,1.055447355836273,1.5048185018438538,1.146349781298201
USDPEN,10,2025-11-27,VAR1,44,4,1.3543851233963513,1.1111018875333458,1.2941973317718436,1.3405369709027888
USDPEN,10,2025-11-27,ARHinc,44,4,1.2788921991343565,1.0538660199774534,1.5187584645706502,1.1450327416904216
USDPEN,10,2025-11-27,KernelARH,44,4,1.1765286701989062,0.9466403891640276,1.3760208716197995,1.0864893869005798
USDPEN,1,2025-11-17,PM,44,4,0.19338905585135097,0.10457692307692297,0.3207257285066275,0.10685408752440591
USDPEN,1,2025-11-17,PA,44,4,0.9712311618347051,0.7704660805459268,1.0586588155779117,0.9690943191527046
USDPEN,1,2025-11-17,VAR1,44,4,3.3209602346445513,2.8449121843870153,3.1360432589466822,3.2672434321200168
USDPEN,1,2025-11-17,ARHinc,44,4,0.96193875289312325,0.7642738500007759,1.03852527117164,0.9652055220249522
USDPEN,1,2025-11-17,KernelARH,44,4,0.946407046890306,0.7499656284260082,0.9971907335252659,0.9621743496727643
USDPEN,5,2025-11-21,PM,44,4,0.13738614167039168,0.09603846153846157,0.13384464668323773,0.16304221047625989
USDPEN,5,2025-11-21,PA,44,4,0.8914184882707725,0.6993301203379351,0.8706328269231673,0.9295790128247864
USDPEN,5,2025-11-21,VAR1,44,4,2.352714602266461,2.0145581376119126,2.4013761448753854,2.2672316808355486
USDPEN,5,2025-11-21,ARHinc,44,4,0.888620605806347,0.6955180117880888,0.8674696459101312,0.9268948363096738
USDPEN,5,2025-11-21,KernelARH,44,4,0.9193508940044093,0.7264761320474753,0.9102688913339676,0.9475099341547154
USDPEN,10,2025-11-28,PM,44,4,1.0502220461187464,0.8565384615384617,1.2847030551933454,1.0390711126453267
USDPEN,10,2025-11-28,PA,44,4,1.5086144173986455,1.2139850365568574,1.7920489622856592,1.4417956395960079
USDPEN,10,2025-11-28,VAR1,44,4,1.6782427613018027,1.3981394888209673,1.5898184000517943,1.6240477357215939
USDPEN,10,2025-11-28,ARHinc,44,4,1.4865526701211744,1.198735976396662,1.7549196459607195,1.4285995171481456
USDPEN,10,2025-11-28,KernelARH,44,4,1.3633686703426315,1.0783778922475569,1.5639557430209934,1.3592391536343982
USDPEN,1,2025-11-18,PM,44,4,0.052819540381887506,0.036499999999999935,0.06326759466207445,0.04817965824813419
USDPEN,1,2025-11-18,PA,44,4,0.9238909841497654,0.7390778688358056,0.9522320629967356,0.947959945707525
USDPEN,1,2025-11-18,VAR1,44,4,1.0493213591204062,0.8434636195887957,1.1206220460946623,1.0575805187532104
USDPEN,1,2025-11-18,ARHinc,44,4,0.9203928864375331,0.7254541464246095,0.9454576340748821,0.9486296333073617
USDPEN,1,2025-11-18,KernelARH,44,4,0.9219354099314351,0.7370357254969079,0.9466487171315469,0.9494217300580425
USDPEN,5,2025-11-24,PM,44,4,0.13179839645341784,0.07376923076923075,0.1986445399935209,0.10330141946672584
USDPEN,5,2025-11-24,PA,44,4,0.9269988527255707,0.7468086380665747,0.9651157990486486,0.9301831231891906
USDPEN,5,2025-11-24,VAR1,44,4,1.106050187109759,0.8950731827870986,1.1767511299972409,1.1235895829739138
USDPEN,5,2025-11-24,ARHinc,44,4,0.922599839170277,0.7349347519744259,0.9494016724779594,0.9322732338518316
USDPEN,5,2025-11-24,KernelARH,44,4,0.9284457043172274,0.7477269610970163,0.9527267690285987,0.9399215284002261
USDPEN,10,2025-12-01,PM,44,4,1.088058874962479,0.8715000000000002,1.3145206803695568,1.0179055925675853
USDPEN,10,2025-12-01,PA,44,4,1.4662788088306913,1.1736840189225723,1.7232670682828293,1.3686223764524967
USDPEN,10,2025-12-01,VAR1,44,4,1.3954756289645414,1.1388837071511775,1.5474928635813419,1.2675672657625647
USDPEN,10,2025-12-01,ARHinc,44,4,1.5275183550024707,1.2175086832381732,1.8190123849001067,1.410464950178174
USDPEN,10,2025-12-01,KernelARH,44,4,1.5068597610014456,1.1569165342288232,1.8207358962591849,1.398940323080877
USDPEN,1,2025-11-19,PM,44,4,0.033894633112723824,0.01819230769230761,0.04364651869661582,0.023814947257109174
USDPEN,1,2025-11-19,PA,44,4,0.9227118165609824,0.7409778063337558,0.9450224350053745,0.9457114902609385
USDPEN,1,2025-11-19,VAR1,44,4,1.0621348487747273,0.8790201321525235,1.034032151100065,1.1452477892381836
USDPEN,1,2025-11-19,ARHinc,44,4,0.9236605848004439,0.7417305704552684,0.9461188110859914,0.946235312611632
USDPEN,1,2025-11-19,KernelARH,44,4,0.9222617224153128,0.7346757105395717,0.9416383085117805,0.9472883899941594
USDPEN,5,2025-11-25,PM,44,4,0.1572942795673618,0.0816538461538461,0.20632347984476218,0.1019934150095741
USDPEN,5,2025-11-25,PA,44,4,0.9644166005917629,0.7760162678722172,1.0409031315355612,0.9431776990394932
USDPEN,5,2025-11-25,VAR1,44,4,1.2285591336145663,1.02243832091476,1.1818515141071748,1.2943217129781623
USDPEN,5,2025-11-25,ARHinc,44,4,0.9636583982166435,0.7760729584596897,1.0386341604800655,0.9432522588373219
USDPEN,5,2025-11-25,KernelARH,44,4,0.9747705208690796,0.7730086095930165,1.0579825386887844,0.9517857542191505
USDPEN,10,2025-12-02,PM,44,4,1.1047022310246184,0.8987307692307692,1.318027681887521,1.0320459375570057
USDPEN,10,2025-12-02,PA,44,4,1.4670915368388966,1.180113861513933,1.7079523492028226,1.3658208107923877
USDPEN,10,2025-12-02,VAR1,44,4,1.6413093169641078,1.3427211841721507,1.7564362963142544,1.477376511028812
USDPEN,10,2025-12-02,ARHinc,44,4,1.46168426942732,1.1800510836496763,1.6943002370786813,1.3659858490129018
USDPEN,10,2025-12-02,KernelARH,44,4,1.4985053959058057,1.1760528217329063,1.770811717871046,1.40825893340637
USDPEN,1,2025-11-20,PM,44,4,0.04984832764728177,0.02599999999999997,0.06446342546723188,0.030525337335479737
USDPEN,1,2025-11-20,PA,44,4,0.9380367830875751,0.7551734640602973,0.9706862269649575,0.9497561955121664
USDPEN,1,2025-11-20,VAR1,44,4,1.6976203585634664,1.3586426336074935,1.4667138763835654,1.854542003669566
USDPEN,1,2025-11-20,ARHinc,44,4,0.9378739181370689,0.7557763729476865,0.9698356312221786,0.9497636077834873
USDPEN,1,2025-11-20,KernelARH,44,4,0.9402559609302393,0.7503434241625951,0.9729602424758846,0.951736571423434
USDPEN,5,2025-11-26,PM,44,4,0.6118958166098338,0.5119999999999999,0.7279189958515654,0.5128649541243305
USDPEN,5,2025-11-26,PA,44,4,1.1557291582458495,0.9653059711143713,1.2868805662492062,1.0731460810728328
USDPEN,5,2025-11-26,VAR1,44,4,2.428668619694858,1.9851032714063113,2.2287315814193196,2.4082145845440968
USDPEN,5,2025-11-26,ARHinc,44,4,1.1538220226296134,0.964448122567586,1.2812010413034591,1.0729662088473797
USDPEN,5,2025-11-26,KernelARH,44,4,1.1777060646574393,0.9829614780109492,1.3172105557290923,1.0999422172013529
USDPEN,10,2025-12-03,PM,44,4,1.1719271808895346,0.9148076923076921,1.491853753448952,1.0361556435869068
USDPEN,10,2025-12-03,PA,44,4,1.5628642752146231,1.2219497649014088,1.9300153576980579,1.3817414584373298
USDPEN,10,2025-12-03,VAR1,44,4,2.447954588561324,2.0167039146266115,2.541370922485081,2.1874664924017573
USDPEN,10,2025-12-03,ARHinc,44,4,1.5582537959618372,1.2207445876299439,1.919153162507514,1.3806527219659972
USDPEN,10,2025-12-03,KernelARH,44,4,1.58270764374584,1.2135096988242056,1.9635871264361335,1.424128362049066
USDPEN,1,2025-11-21,PM,44,4,0.22333034345491948,0.09884615384615388,0.3772688995840867,0.11183408866176732
USDPEN,1,2025-11-21,PA,44,4,0.8946498199968601,0.714811417275152,0.9095623997326733,0.9114148376345361
USDPEN,1,2025-11-21,VAR1,44,4,2.1095615594088906,1.6585821683153887,1.87907141897063,2.2265682214613918
USDPEN,1,2025-11-21,ARHinc,44,4,0.8967065891671022,0.7150418663270393,0.9152656016917782,0.911704188405162
USDPEN,1,2025-11-21,KernelARH,44,4,0.8970534088880742,0.7114911448031545,0.9137174011085463,0.9129693013338122
USDPEN,5,2025-11-27,PM,44,4,0.6797328377894,0.5553846153846153,0.898407322392783,0.5271784754179795
USDPEN,5,2025-11-27,PA,44,4,1.2061800796213162,1.0024043290110156,1.4118465288064375,1.08382628149018
USDPEN,5,2025-11-27,VAR1,44,4,3.3178713257661308,2.7406751249633263,3.1393433015631556,3.236558344732355
USDPEN,5,2025-11-27,ARHinc,44,4,1.20504948289186,1.0023445588000623,1.4080505281328282,1.0839050346704173
USDPEN,5,2025-11-27,KernelARH,44,4,1.2126203925472696,1.0042961679947053,1.4181696176061631,1.1013859859984396
USDPEN,10,2025-12-04,PM,44,4,1.2292558920244894,0.8991923076923077,1.7030114712543558,1.0319613288058824
USDPEN,10,2025-12-04,PA,44,4,1.6387694201028664,1.2248121870060351,2.177543041994699,1.3804125173978352
USDPEN,10,2025-12-04,VAR1,44,4,3.1712469744120106,2.6271779021954575,3.3119623619929808,2.8399707996999175
USDPEN,10,2025-12-04,ARHinc,44,4,1.6355854418132907,1.2243920692184207,2.1699848678425733,1.3797244908384734
USDPEN,10,2025-12-04,KernelARH,44,4,1.6578240804498805,1.213851854411046,2.205452137491818,1.4241607477880986
USDPEN,1,2025-11-24,PM,44,4,0.1370580309436622,0.054807692307692474,0.22696710772275258,0.06417147442057237
USDPEN,1,2025-11-24,PA,44,4,0.9339347412589395,0.7463330404663838,0.9861521627636082,0.927668789769043
USDPEN,1,2025-11-24,VAR1,44,4,4.86636232462051,3.9885255179743795,4.56527067146738,4.723617199307122
USDPEN,1,2025-11-24,ARHinc,44,4,0.9194049868668432,0.7432961122707311,0.9519576841743306,0.9238413936402072
USDPEN,1,2025-11-24,KernelARH,44,4,0.9182575322730746,0.7397472260648505,0.9461378973464002,0.9259909999234792
USDPEN,5,2025-11-28,PM,44,4,1.02194740098726,0.8171538461538462,1.341556006476449,0.9299233011942823
USDPEN,5,2025-11-28,PA,44,4,1.461000357433266,1.1527822964941454,1.7849192449110691,1.340785502554745
USDPEN,5,2025-11-28,VAR1,44,4,5.037647734367571,4.219662149421693,4.939510484892732,4.67094134956946
USDPEN,5,2025-11-28,ARHinc,44,4,1.4165088756712452,1.129494056594862,1.7010054035034083,1.3220349746825935
USDPEN,5,2025-11-28,KernelARH,44,4,1.371688064375101,1.110854751735388,1.5794566375229087,1.3478658851856564
USDPEN,10,2025-12-05,PM,44,4,1.0812734657302507,0.8344615384615384,1.3211340792249369,1.0320450367919258
USDPEN,10,2025-12-05,PA,44,4,1.4577608120557508,1.1233788724425173,1.7316123473145983,1.3623249723121007
USDPEN,10,2025-12-05,VAR1,44,4,4.103524489348665,3.472292870943885,3.998415414354759,3.7754536964418146
USDPEN,10,2025-12-05,ARHinc,44,4,1.4139503760603478,1.0993296759585878,1.6468113490748875,1.3435561909540699
USDPEN,10,2025-12-05,KernelARH,44,4,1.3589402541393794,1.0587988733391345,1.5156058338429128,1.3644031301708883
USDPEN,1,2025-11-25,PM,44,4,0.15486563655186833,0.059153846153846126,0.25187310507022564,0.0730525960395668
USDPEN,1,2025-11-25,PA,44,4,0.9852903778463865,0.7855547727429437,1.092307883925677,0.9462105373228095
USDPEN,1,2025-11-25,VAR1,44,4,2.7622193458447466,2.2201232968022846,2.6073128934340364,2.7096536169657037
USDPEN,1,2025-11-25,ARHinc,44,4,1.0007734698889426,0.7953291049950955,1.127814450122508,0.9500634879174065
USDPEN,1,2025-11-25,KernelARH,44,4,0.9735177179121273,0.7745887404439677,1.0636393349943136,0.9442732225250094
USDPEN,5,2025-12-01,PM,44,4,1.108863525104732,0.8601923076923078,1.4262911593754435,0.9731194623297795
USDPEN,5,2025-12-01,PA,44,4,1.569241995560535,1.2103073019327826,1.9339874882150014,1.3928431317667034
USDPEN,5,2025-12-01,VAR1,44,4,3.1947929931995658,2.700697879193675,3.2669265589629823,2.8685082065035328
USDPEN,5,2025-12-01,ARHinc,44,4,1.5939155133875589,1.219418446458682,1.9825064148227964,1.401449659817806
USDPEN,5,2025-12-01,KernelARH,44,4,1.5179164695165348,1.1871772719142648,1.829561455413273,1.3949778480716326
USDPEN,10,2025-12-08,PM,44,4,1.0975259546606841,0.8730769230769233,1.3652811112429641,1.0204139247790944
USDPEN,10,2025-12-08,PA,44,4,1.5027765943950837,1.1750561625003528,1.8116997270486819,1.3798069614912
USDPEN,10,2025-12-08,VAR1,44,4,2.827334987861078,2.408437486677902,2.96381356308962,2.5102264355306128
USDPEN,10,2025-12-08,ARHinc,44,4,1.5256807112244972,1.1842737750332217,1.8574890565088722,1.3879814489482984
USDPEN,10,2025-12-08,KernelARH,44,4,1.4333186287469795,1.1230675555408882,1.6786868908611297,1.3772420794312639
USDPEN,1,2025-11-26,PM,44,4,0.5175965164548094,0.4466538461538461,0.5804297874090649,0.45832720733469934
USDPEN,1,2025-11-26,PA,44,4,1.171468793708876,0.976468778103603,1.3158627029019536,1.0819726490369197
USDPEN,1,2025-11-26,VAR1,44,4,1.7097868929693234,1.3691852522381995,1.7675024335303131,1.5675280247549868
USDPEN,1,2025-11-26,ARHinc,44,4,1.1875911060405222,0.9875589797621386,1.3464594305970154,1.0888228218152958
USDPEN,1,2025-11-26,KernelARH,44,4,1.1758101097147282,0.9816909041312958,1.325375466233422,1.0839869991449467
USDPEN,5,2025-12-02,PM,44,4,0.9971688046664919,0.820346153846154,1.1663915995240774,0.9643296819620776
USDPEN,5,2025-12-02,PA,44,4,1.509483684452505,1.198250382920241,1.7889707197085631,1.3852384774197175
USDPEN,5,2025-12-02,VAR1,44,4,2.1740699715966882,1.7735679140132585,2.3222619874570296,1.923081171674851
USDPEN,5,2025-12-02,ARHinc,44,4,1.5250527026397764,1.2060156376967601,1.8189014428954486,1.3914620261784332
USDPEN,5,2025-12-02,KernelARH,44,4,1.4989143172733421,1.1876883783646377,1.7711702469710715,1.396253845117774
USDPEN,10,2025-12-09,PM,44,4,0.9825104227280396,0.8058076923076926,1.1074456699728614,1.000052906225862
USDPEN,10,2025-12-09,PA,44,4,1.4205819484313282,1.1375173881225682,1.6313903874131037,1.3570505961342174
USDPEN,10,2025-12-09,VAR1,44,4,2.167621038105515,1.8055531958534279,2.3037413023377784,1.9344549595679386
USDPEN,10,2025-12-09,ARHinc,44,4,1.434827336385749,1.1450060381332015,1.659346651223259,1.3628762708700661
USDPEN,10,2025-12-09,KernelARH,44,4,1.391011794312824,1.101182234048074,1.582056996367837,1.3639339349576138
USDPEN,1,2025-11-27,PM,44,4,0.17666379412275215,0.08184615384615382,0.2876167234527083,0.07892522722033546
USDPEN,1,2025-11-27,PA,44,4,1.0668235447639434,0.8648401711506677,1.2139897503649304,0.9885715388754281
USDPEN,1,2025-11-27,VAR1,44,4,2.6148462777990114,2.197071153160192,2.921526419941699,2.5770627921256684
USDPEN,1,2025-11-27,ARHinc,44,4,1.065005104994377,0.8737183085811213,1.2044992701626311,0.9913427776009737
USDPEN,1,2025-11-27,KernelARH,44,4,1.0919222741576153,0.8801800189720623,1.2692926859998634,1.000038614388948
USDPEN,5,2025-12-03,PM,44,4,0.6839057093128914,0.44838461538461544,0.8929905409369397,0.6341858557456871
USDPEN,5,2025-12-03,PA,44,4,1.4192957296829078,1.0630223105911085,1.7771382578004946,1.2472393743290227
USDPEN,5,2025-12-03,VAR1,44,4,3.159747660106449,2.568559335147195,3.6671046230194677,3.150767284395412
USDPEN,5,2025-12-03,ARHinc,44,4,1.412399945880983,1.0700833902923594,1.7548425605673248,1.2505911802499872
USDPEN,5,2025-12-03,KernelARH,44,4,1.5066278776746043,1.136190853917259,1.893439410016525,1.3384339760423587
USDPEN,10,2025-12-10,PM,44,4,0.6089406390799328,0.4733076923076923,0.7939599474377739,0.6035103539928206
USDPEN,10,2025-12-10,PA,44,4,1.215335537797274,0.9599574628541021,1.415080865632154,1.1847745940357353
USDPEN,10,2025-12-10,VAR1,44,4,1.9341833134588673,1.5328790828373338,2.144866210587079,2.001626436077409
USDPEN,10,2025-12-10,ARHinc,44,4,1.2232767981776556,0.9743950447021986,1.428131012781707,1.1910135555273378
USDPEN,10,2025-12-10,KernelARH,44,4,1.3339937208925627,1.0676733319522755,1.5823248078708299,1.306689126205212
USDPEN,1,2025-11-28,PM,44,4,0.4292354002714057,0.25800000000000006,0.3294772784583058,0.5700457294842618
USDPEN,1,2025-11-28,PA,44,4,1.1137694495411203,0.8735378673126355,1.217044965325003,1.1001041569842815
USDPEN,1,2025-11-28,VAR1,44,4,2.5906373803359894,2.2937353281703694,2.6537558895356113,2.387807338072735
USDPEN,1,2025-11-28,ARHinc,44,4,1.1166832849551207,0.87616361734188275,1.22010665463158,1.10442034972282
USDPEN,1,2025-11-28,KernelARH,44,4,1.0872815901036064,0.8669740321229761,1.1950903057076847,1.0422483790380865
USDPEN,5,2025-12-04,PM,44,4,0.7360157489431239,0.45080769230769235,1.060650456332274,0.6381918186316893
USDPEN,5,2025-12-04,PA,44,4,1.3652314657340812,1.0002065597630234,1.7957369676310035,1.158750201961351
USDPEN,5,2025-12-04,VAR1,44,4,3.4162943313034044,2.726815395945188,3.2067893908358807,3.9447946561948237
USDPEN,5,2025-12-04,ARHinc,44,4,1.3698098770653833,1.0029495958473025,1.8026425693413881,1.1631197031183507
USDPEN,5,2025-12-04,KernelARH,44,4,1.3021091942464114,0.9719648336017053,1.7054985347327225,1.0920663060625586
USDPEN,10,2025-12-11,PM,44,4,0.5763501706695064,0.41307692307692306,0.6969600517442133,0.6141819144644125
USDPEN,10,2025-12-11,PA,44,4,1.1469894640966922,0.9025322955751762,1.321950242503115,1.108363149133625
USDPEN,10,2025-12-11,VAR1,44,4,4.6232902774950535,3.558475742032487,4.814931283122173,5.162891373020175
USDPEN,10,2025-12-11,ARHinc,44,4,1.150861209962973,0.9055741763636174,1.327701949753368,1.112707594978695
USDPEN,10,2025-12-11,KernelARH,44,4,1.1325838217321649,0.8928016338059052,1.3124317269323458,1.0843629726457436
USDPEN,1,2025-12-01,PM,44,4,0.32004612047448605,0.16507692307692304,0.48363523631137395,0.16933181207863762
USDPEN,1,2025-12-01,PA,44,4,1.0920347111026338,0.8685382670402746,1.2875081335545737,0.9690141564785526
USDPEN,1,2025-12-01,VAR1,44,4,9.1620553601883,7.029781473590914,8.00389874225956,11.45947076490522
USDPEN,1,2025-12-01,ARHinc,44,4,1.0824947539070635,0.8636953147147837,1.26782428816688,0.9638968255057185
USDPEN,1,2025-12-01,KernelARH,44,4,1.0852193205851788,0.8716419427286977,1.2555700831106256,0.9782186485964318
USDPEN,5,2025-12-05,PM,44,4,0.3226854714137878,0.24703846153846148,0.38572285361228426,0.2803575965321281
USDPEN,5,2025-12-05,PA,44,4,1.0350402639809193,0.8048161968710146,1.1650274030689407,0.9459063634952208
USDPEN,5,2025-12-05,VAR1,44,4,61.205840935197614,49.835877030670666,60.853319244777744,70.08075954088613
USDPEN,5,2025-12-05,ARHinc,44,4,1.0346466070418343,0.8105843340887768,1.1659448029846506,0.9413302531655554
USDPEN,5,2025-12-05,KernelARH,44,4,1.0295253232014474,0.8076313696843177,1.1586829993065924,0.9382478590323271
USDPEN,10,2025-12-12,PM,44,4,0.35793793778767324,0.2274999999999998,0.5316742718239443,0.22026058778947685
USDPEN,10,2025-12-12,PA,44,4,1.0570384263345345,0.8628094721638335,1.2457213899218964,0.950352859913111
USDPEN,10,2025-12-12,VAR1,44,4,262.0959247450197,218.76960900665898,264.64708110394764,294.4704014129747
USDPEN,10,2025-12-12,ARHinc,44,4,1.0586383083635955,0.8659021317301073,1.246918705245213,0.9480238206939867
USDPEN,10,2025-12-12,KernelARH,44,4,1.0566385173901205,0.8625943324054529,1.2461159099395804,0.9492464965033511
USDPEN,1,2025-12-02,PM,44,4,0.069569417463091,0.04023076923076915,0.10211570225147949,0.040235161009167617
USDPEN,1,2025-12-02,PA,44,4,1.066564979519598,0.8526480483097566,1.2209018596042003,0.9647044558579367
USDPEN,1,2025-12-02,VAR1,44,4,6.8274288640546,5.462555510572683,5.648872433762588,8.545089156908679
USDPEN,1,2025-12-02,ARHinc,44,4,1.0886059868798257,0.8709886379402982,1.2575511109393387,0.9813556769424427
USDPEN,1,2025-12-02,KernelARH,44,4,1.0939150485034683,0.8775899825583612,1.2549135503563522,0.9945820547315194
USDPEN,5,2025-12-08,PM,44,4,0.22290434305738904,0.15257692307692305,0.32586523582008536,0.15474064129850948
USDPEN,5,2025-12-08,PA,44,4,1.0094098537722502,0.8007976584696824,1.147138655860998,0.9164102663668102
USDPEN,5,2025-12-08,VAR1,44,4,10.199895793292448,7.893896755036256,9.0276896430882,12.649602954145427
USDPEN,5,2025-12-08,ARHinc,44,4,1.0199670275809078,0.8161343165534167,1.1616110839840752,0.9289572867174318
USDPEN,5,2025-12-08,KernelARH,44,4,1.007586207975882,0.7979630848403354,1.1443692292940297,0.9144159101753648
USDPEN,10,2025-12-15,PM,44,4,0.55767154139056,0.30726923076923074,0.9209630581964545,0.26393514204040547
USDPEN,10,2025-12-15,PA,44,4,1.0969665204805756,0.8894541520817623,1.3485002443867085,0.9581283297210259
USDPEN,10,2025-12-15,VAR1,44,4,11.980487327284994,9.337059722228345,11.281045563814946,14.437916318855557
USDPEN,10,2025-12-15,ARHinc,44,4,1.0982644953910765,0.8913444289243236,1.34988158089061,0.9657800804224588
USDPEN,10,2025-12-15,KernelARH,44,4,1.0949521276198637,0.8871937925697096,1.3453465245337792,0.9570031868015546
USDPEN,1,2025-12-03,PM,44,4,0.13562090121420725,0.04919230769230762,0.23373313951870933,0.0579803158855892
USDPEN,1,2025-12-03,PA,44,4,1.1184733022219528,0.8849776457759235,1.3595161653174697,0.9643596545212557
USDPEN,1,2025-12-03,VAR1,44,4,7.547859580170243,5.995687771238686,6.236618714264557,9.462830672669316
USDPEN,1,2025-12-03,ARHinc,44,4,1.1101464638535725,0.883572722708216,1.3386096777216179,0.9622152520798308
USDPEN,1,2025-12-03,KernelARH,44,4,1.1131144924379932,0.8840573464024681,1.3473473145635915,0.9626567480746383
USDPEN,5,2025-12-09,PM,44,4,0.2399383935353152,0.15938461538461549,0.34477654601818375,0.16355362151617606
USDPEN,5,2025-12-09,PA,44,4,0.9759897691170494,0.7730776005093702,1.093708376125844,0.8875995073341362
USDPEN,5,2025-12-09,VAR1,44,4,16.97508541571597,13.273788576108535,15.69927417181236,20.5952576468035
USDPEN,5,2025-12-09,ARHinc,44,4,0.9792065775369612,0.7756573766416727,1.1012871215111724,0.8873552014539926
USDPEN,5,2025-12-09,KernelARH,44,4,0.9770949716258388,0.7750782107076645,1.0948182410001472,0.8896584497896048
USDPEN,10,2025-12-16,PM,44,4,0.6529953542654862,0.3648846153846155,0.9735025933276495,0.38828341807743033
USDPEN,10,2025-12-16,PA,44,4,1.0595883455145247,0.846534096910692,1.2713006277915633,0.9291547773298561
USDPEN,10,2025-12-16,VAR1,44,4,25.47855444591186,20.085227081035452,24.806011877437516,29.894498897427376
USDPEN,10,2025-12-16,ARHinc,44,4,1.0760917391641889,0.8542376735921428,1.3018119982644423,0.9331515250719373
USDPEN,10,2025-12-16,KernelARH,44,4,1.0623256523937807,0.8491740269032763,1.2720373112540155,0.9359749917493176
USDPEN,1,2025-12-04,PM,44,4,0.23589121107310998,0.0999999999999998,0.40576282261608687,0.10333720335164
USDPEN,1,2025-12-04,PA,44,4,1.170309495087612,0.8969977186402126,1.5002759917643191,0.9667813102810512
USDPEN,1,2025-12-04,VAR1,44,4,11.2824913565564,8.851687035478918,9.325451486423352,14.1628152677544
USDPEN,1,2025-12-04,ARHinc,44,4,1.1842942862579238,0.903785237892395,1.5395994869233458,0.9696981323332222
USDPEN,1,2025-12-04,KernelARH,44,4,1.1842396342628785,0.9045764342731324,1.5416068420674303,0.9682573231560957
USDPEN,5,2025-12-10,PM,44,4,0.5391146142590575,0.28169230769230774,0.8841163059468121,0.25655682942405234
USDPEN,5,2025-12-10,PA,44,4,1.0562827456803792,0.8263971602148334,1.2551463207694795,0.9442918174591907
USDPEN,5,2025-12-10,VAR1,44,4,22.556968062896207,17.615491837679848,21.227291049091782,27.115738405864498
USDPEN,5,2025-12-10,ARHinc,44,4,1.0424194202255928,0.8229417820457954,1.229521395613046,0.941596949380865
USDPEN,5,2025-12-10,KernelARH,44,4,1.0368534554411901,0.8198313217458202,1.220528766270675,0.9390769136180127
USDPEN,10,2025-12-17,PM,44,4,0.714196832382093,0.4318076923076923,1.0868884036714048,0.440565266736289
USDPEN,10,2025-12-17,PA,44,4,1.074078077832129,0.8629451801735688,1.292068629774285,0.9487845408214022
USDPEN,10,2025-12-17,VAR1,44,4,29.626547312256534,23.68670656786909,29.347625237740147,34.273737657015715
USDPEN,10,2025-12-17,ARHinc,44,4,1.0563773978700082,0.8573034723709629,1.2570648640769366,0.9460222307917779
USDPEN,10,2025-12-17,KernelARH,44,4,1.0461241321224284,0.8488721776645708,1.2443980365189622,0.9374119590930371
USDPEN,1,2025-12-05,PM,44,4,0.4946722399730958,0.24565384615384603,0.8055362558774534,0.29288905567902634
USDPEN,1,2025-12-05,PA,44,4,1.0984555041039819,0.8342615268146455,1.3125433028825386,0.9409699456485255
USDPEN,1,2025-12-05,VAR1,44,4,19.84212066404924,15.474666874086184,18.773926684171904,23.787895937271976
USDPEN,1,2025-12-05,ARHinc,44,4,1.0597258445705815,0.8213016050630632,1.2038720629101247,0.9581970248562255
USDPEN,1,2025-12-05,KernelARH,44,4,1.4445808606623656,1.201688858875206,1.4731205685957978,1.509715340442871
USDPEN,5,2025-12-11,PM,44,4,0.5285285724755824,0.24819230769230766,0.8941290111205114,0.23486395343886168
USDPEN,5,2025-12-11,PA,44,4,1.127162643082063,0.8897648317376025,1.3790640050149943,0.9666249792072003
USDPEN,5,2025-12-11,VAR1,44,4,33.21190802960655,25.97218510152583,32.334169096810484,39.097759053287255
USDPEN,5,2025-12-11,ARHinc,44,4,1.1047537005490424,0.8928608170789234,1.3193416994500216,0.975094260116501
USDPEN,5,2025-12-11,KernelARH,44,4,1.5749906081041667,1.2898015290933618,1.9034058451221327,1.4818274220143839
USDPEN,10,2025-12-18,PM,44,4,0.9246473860134676,0.4999230769230771,1.4614187799116585,0.4983126263704361
USDPEN,10,2025-12-18,PA,44,4,1.2950316917177132,1.001272768068899,1.6666581978224113,1.0498716335491565
USDPEN,10,2025-12-18,VAR1,44,4,28.78293957210911,23.121086346689957,29.116570455197014,32.781938111498945
USDPEN,10,2025-12-18,ARHinc,44,4,1.258677701685159,1.002710098935396,1.5660710504214743,1.0672073602950851
USDPEN,10,2025-12-18,KernelARH,44,4,1.50668518037996,1.2326312574107632,1.6577350762566037,1.5408389743693924
USDPEN,1,2025-12-08,PM,44,4,0.24028458688044832,0.17276923076923079,0.3657525971203848,0.15803998629029464
USDPEN,1,2025-12-08,PA,44,4,1.0466629693042404,0.8576285268750489,1.2013456187406757,0.9530752757321796
USDPEN,1,2025-12-08,VAR1,44,4,11.051742690820987,8.591329787880019,10.197792401106048,13.43981999520619
USDPEN,1,2025-12-08,ARHinc,44,4,1.0121631392545167,0.800718743354541,1.1618047303600476,0.9119171248622061
USDPEN,1,2025-12-08,KernelARH,44,4,1.0071024154176926,0.8074816386820092,1.1653380860029938,0.8983709074284402
USDPEN,5,2025-12-12,PM,44,4,0.47302961770989477,0.32461538461538453,0.7647358876047636,0.3094783290461643
USDPEN,5,2025-12-12,PA,44,4,1.1192287626612514,0.9191305448430378,1.3571769874395387,0.9972316991418853
USDPEN,5,2025-12-12,VAR1,44,4,16.684122920901928,13.106165619478078,16.312694704468512,19.521511381348752
USDPEN,5,2025-12-12,ARHinc,44,4,1.0913882289240477,0.8865312657798524,1.3228690410064452,0.964258263489135
USDPEN,5,2025-12-12,KernelARH,44,4,1.1705329150200263,0.9567198845407788,1.4257099211590358,1.0615449596500797
USDPEN,10,2025-12-19,PM,44,4,0.635489438876113,0.42923076923076897,0.9608314774925948,0.41657417661988866
USDPEN,10,2025-12-19,PA,44,4,1.1176911080857443,0.9288075705591291,1.2708572251205554,1.0510632725909033
USDPEN,10,2025-12-19,VAR1,44,4,15.879249462913728,13.06062756332119,16.305100568154895,17.68180143508929
USDPEN,10,2025-12-19,ARHinc,44,4,1.1496299223101527,0.9417785919660422,1.4133102619791262,1.0182794703245173
USDPEN,10,2025-12-19,KernelARH,44,4,1.2439913760640748,1.0184324698499279,1.1081670995476023,1.411289444894151
USDPEN,1,2025-12-09,PM,44,4,0.06764834127251824,0.023192307692307717,0.11898245881000057,0.028745489945702477
USDPEN,1,2025-12-09,PA,44,4,0.9670374155040122,0.7627427524276795,1.0869495352558627,0.8777701186747745
USDPEN,1,2025-12-09,VAR1,44,4,4.075775171667904,3.0073517703221695,3.4532800753299178,5.113669200883481
USDPEN,1,2025-12-09,ARHinc,44,4,0.9957805293800833,0.7747993985090411,1.1380808055402731,0.8889580087239068
USDPEN,1,2025-12-09,KernelARH,44,4,1.042872745901216,0.8184245265509723,1.1943893340670666,0.9375228395603439
USDPEN,5,2025-12-15,PM,44,4,0.467640301859321,0.3074615384615384,0.7319690218475997,0.2660971434191091
USDPEN,5,2025-12-15,PA,44,4,1.0658322098328081,0.8485403011396444,1.3170150104456493,0.9295295952651409
USDPEN,5,2025-12-15,VAR1,44,4,13.068345413129435,11.167364441204466,12.892825344419727,13.727290415237816
USDPEN,5,2025-12-15,ARHinc,44,4,1.0862982892845214,0.8690085976738618,1.3418926351388563,0.9381157597822358
USDPEN,5,2025-12-15,KernelARH,44,4,1.076466364193635,0.8614364669849668,1.3326314881341084,0.9363828816796868
USDPEN,10,2025-12-22,PM,44,4,0.858153849170505,0.5518076923076922,1.3290638750171133,0.48780821531848706
USDPEN,10,2025-12-22,PA,44,4,1.1121321314558792,0.8832559206135834,1.3966025429996052,0.9454671902672434
USDPEN,10,2025-12-22,VAR1,44,4,20.839421105610295,18.096705871084698,21.229748591951765,20.522819746273274
USDPEN,10,2025-12-22,ARHinc,44,4,1.1847151879135343,0.9320196977479275,1.5442437196946606,0.9624071615587478
USDPEN,10,2025-12-22,KernelARH,44,4,1.1970006352548448,0.949331063359015,1.5445542722730223,0.9984836580124946
USDPEN,1,2025-12-10,PM,44,4,0.32272629210429166,0.20526923076923062,0.5134373710486806,0.18897055861852116
USDPEN,1,2025-12-10,PA,44,4,1.0060381620108232,0.805560233402111,1.1650040534615491,0.9295507199634374
USDPEN,1,2025-12-10,VAR1,44,4,2.5161783917196363,1.757784089436647,2.027980142020703,3.1357742935068664
USDPEN,1,2025-12-10,ARHinc,44,4,1.0084877500709593,0.8043750553602993,1.1638246538855903,0.9321886235082953
USDPEN,1,2025-12-10,KernelARH,44,4,1.0078403502437556,0.8059741935097614,1.1664701670295599,0.9308659643305152
USDPEN,5,2025-12-16,PM,44,4,0.5658539326336108,0.3326153846153844,0.8283553808696118,0.3496603168243627
USDPEN,5,2025-12-16,PA,44,4,1.0302141900752708,0.8263866887969922,1.2192396536851764,0.9151038134804925
USDPEN,5,2025-12-16,VAR1,44,4,5.714903929142191,4.727995395312857,5.520824982433065,5.7858936699273205
USDPEN,5,2025-12-16,ARHinc,44,4,1.0365399589311517,0.8297819439661606,1.231866824067096,0.9136295689951199
USDPEN,5,2025-12-16,KernelARH,44,4,1.0739947907849114,0.86213789979038,1.2769211526658233,0.9627199241319194
USDPEN,10,2025-12-23,PM,44,4,0.8011240300593047,0.5659615384615386,1.1336084916751747,0.5304868362109826
USDPEN,10,2025-12-23,PA,44,4,1.0876571176082275,0.8828933771788905,1.2635511928082062,0.9844970700343681
USDPEN,10,2025-12-23,VAR1,44,4,9.877277546257305,8.369583531514126,10.007469800713656,9.325384085916308
USDPEN,10,2025-12-23,ARHinc,44,4,1.099293166398669,0.8913319722004871,1.2936278164690422,0.9835617011681594
USDPEN,10,2025-12-23,KernelARH,44,4,1.1693606139906088,0.9472981550850598,1.4179714649223503,1.0394727915747204
USDPEN,1,2025-12-11,PM,44,4,0.1825765118855866,0.12311538461538461,0.2789498105362264,0.1195447023164706
USDPEN,1,2025-12-11,PA,44,4,1.0263706059393247,0.817228483812506,1.1946361850518719,0.9312080007527623
USDPEN,1,2025-12-11,VAR1,44,4,10.327253658697716,7.926504681943894,9.196262063071284,12.691786540062028
USDPEN,1,2025-12-11,ARHinc,44,4,1.0247860805155895,0.8156922722142486,1.2013412974277105,0.928019526184012
USDPEN,1,2025-12-11,KernelARH,44,4,1.1379515739938046,0.9156411284608846,1.2821209576127668,1.0614989406275666
USDPEN,5,2025-12-17,PM,44,4,0.4075358054113869,0.28276923076923083,0.5288274952036721,0.35770999407148907
USDPEN,5,2025-12-17,PA,44,4,1.0053348535383475,0.8089043569503549,1.1612142397166187,0.9116953210693882
USDPEN,5,2025-12-17,VAR1,44,4,26.889670521777663,22.66593144486935,26.436368084959565,29.84203028300421
USDPEN,5,2025-12-17,ARHinc,44,4,0.9993041626462902,0.8056507734515455,1.1565594737012967,0.9060002302199808
USDPEN,5,2025-12-17,KernelARH,44,4,1.0341217668172995,0.8353428978380588,1.228749435801634,0.8994667217518717
USDPEN,10,2025-12-24,PM,44,4,0.6294663490730736,0.4950769230769229,0.8597299416302456,0.48261491028694803
USDPEN,10,2025-12-24,PA,44,4,1.077421028763334,0.8609307475481643,1.1889796015064624,1.0042574764402312
USDPEN,10,2025-12-24,VAR1,44,4,48.77099487036322,42.65419854063753,49.540089612723236,50.844889551469976
USDPEN,10,2025-12-24,ARHinc,44,4,1.0652456092100286,0.852160219234688,1.1742667592804508,0.9948309075989153
USDPEN,10,2025-12-24,KernelARH,44,4,1.0698303072798274,0.866493259318275,1.201446294942135,0.9891691249983677
USDPEN,1,2025-12-12,PM,44,4,0.0729238274872117,0.05300000000000001,0.09801141675395633,0.047492260528247364
USDPEN,1,2025-12-12,PA,44,4,1.0330418509300452,0.8329350567296361,1.2242569591708736,0.9247544454875971
USDPEN,1,2025-12-12,VAR1,44,4,12.822424162106204,9.949584911919041,11.771448363319344,15.538117540024295
USDPEN,1,2025-12-12,ARHinc,44,4,1.0353733983209317,0.833754578621037,1.2309708627465983,0.9277287195474418
USDPEN,1,2025-12-12,KernelARH,44,4,1.068758471125449,0.8552760348632561,1.2310414547234452,0.9679616588924285
USDPEN,5,2025-12-18,PM,44,4,0.49716373444384887,0.2964615384615386,0.715464867502492,0.3477613286483517
USDPEN,5,2025-12-18,PA,44,4,1.0967725172311507,0.8846502758851966,1.3171089478536202,0.9610693097764924
USDPEN,5,2025-12-18,VAR1,44,4,23.815273695473362,18.2711607927981,22.6545727435659,28.418525556586303
USDPEN,5,2025-12-18,ARHinc,44,4,1.0877162052940692,0.8787275805905251,1.297266995726451,0.9625033377608226
USDPEN,5,2025-12-18,KernelARH,44,4,1.1142240898608586,0.8901456460528664,1.3612476060856857,0.9433025958317824
USDPEN,10,2025-12-25,PM,44,4,0.779948500518809,0.5258076923076923,1.2454050011568796,0.47459517086093833
USDPEN,10,2025-12-25,PA,44,4,1.0974236798433517,0.883125322256103,1.2697027957647795,1.0067340011411328
USDPEN,10,2025-12-25,VAR1,44,4,26.485118590140917,21.051023909136017,25.87738356518064,30.766106392587066
USDPEN,10,2025-12-25,ARHinc,44,4,1.0798558820405844,0.867952910261587,1.2248143972493741,1.0067453972786942
USDPEN,10,2025-12-25,KernelARH,44,4,1.0904285814077797,0.883974808981873,1.263896289549421,0.9986184041596955
USDPEN,1,2025-12-15,PM,44,4,0.14881131574012685,0.09684615384615396,0.21491201423231282,0.08455553449045784
USDPEN,1,2025-12-15,PA,44,4,1.066285043517142,0.8551052070768407,1.30638869588416,0.9373508898711725
USDPEN,1,2025-12-15,VAR1,44,4,9.750877871661022,7.518527217760114,8.933938712538474,11.890058241814945
USDPEN,1,2025-12-15,ARHinc,44,4,1.063753775785834,0.8517705430072591,1.3039137978269562,0.9348857351228513
USDPEN,1,2025-12-15,KernelARH,44,4,1.0617223540704455,0.8471446330147638,1.295867737831919,0.9336245134298508
USDPEN,5,2025-12-19,PM,44,4,0.723317145039223,0.3891538461538462,1.275423117814407,0.3677156788594505
USDPEN,5,2025-12-19,PA,44,4,1.0570270897526441,0.8414973916403298,1.2567553989946687,0.9600270232758313
USDPEN,5,2025-12-19,VAR1,44,4,20.283463319554905,16.008411604214956,19.60388927286581,23.852261654083236
USDPEN,5,2025-12-19,ARHinc,44,4,1.0574330297623171,0.8407114161908739,1.2671352386879104,0.9539603218419477
USDPEN,5,2025-12-19,KernelARH,44,4,1.0674744489598094,0.8508276252558259,1.297158284688128,0.9491183977154535
USDPEN,10,2025-12-26,PM,44,4,0.7391058462243933,0.49007692307692285,1.197963265341242,0.4221221657006024
USDPEN,10,2025-12-26,PA,44,4,1.0440454229602458,0.8347314416029084,1.1517002965300394,0.9908058707195446
USDPEN,10,2025-12-26,VAR1,44,4,23.222287332399908,19.138045249954928,22.942148834758118,26.32922723215364
USDPEN,10,2025-12-26,ARHinc,44,4,1.0417743422345396,0.8338366928177702,1.1566003028413832,0.9845383627664225
USDPEN,10,2025-12-26,KernelARH,44,4,1.0517052878349014,0.8437748187912291,1.1821236906545771,0.9838477463667636
USDPEN,1,2025-12-16,PM,44,4,0.3830792496840069,0.2597692307692309,0.5643092833477522,0.28332839710514957
USDPEN,1,2025-12-16,PA,44,4,1.0242744583838064,0.8159638787616595,1.1932658280885098,0.9372100081312965
USDPEN,1,2025-12-16,VAR1,44,4,7.36241051496998,5.738529867900913,7.1119929916504185,8.709415765665543
USDPEN,1,2025-12-16,ARHinc,44,4,1.0297435162348954,0.8146197306607434,1.209612572936072,0.9252195145247747
USDPEN,1,2025-12-16,KernelARH,44,4,1.0473371626540917,0.8535830522768676,1.1878947230915708,1.0119547515990406
USDPEN,5,2025-12-22,PM,44,4,0.7848719885825577,0.4503461538461541,1.360338720810907,0.41398803105168075
USDPEN,5,2025-12-22,PA,44,4,1.083964497289959,0.861800361715265,1.309265386259267,0.9681487126548095
USDPEN,5,2025-12-22,VAR1,44,4,15.555153190531696,12.816853468911733,15.357475637005166,17.664245566249143
USDPEN,5,2025-12-22,ARHinc,44,4,1.0966284117754415,0.8604215613837797,1.3547555745893398,0.9568582624318459
USDPEN,5,2025-12-22,KernelARH,44,4,1.2201224306372476,1.020001332075879,1.1414312648441358,1.3391348000966197
USDPEN,10,2025-12-29,PM,44,4,0.8711071646517967,0.5502692307692307,1.46402475572187,0.4765117748184689
USDPEN,10,2025-12-29,PA,44,4,1.0675005563063709,0.8641071802377898,1.211848756055197,1.0072674231614913
USDPEN,10,2025-12-29,VAR1,44,4,18.858168835815306,16.18951135403421,18.99652894596387,20.536434883545564
USDPEN,10,2025-12-29,ARHinc,44,4,1.0688708579526272,0.8588805578476953,1.2369062542113638,0.9947758420857309
USDPEN,10,2025-12-29,KernelARH,44,4,1.3283701523324751,1.118944480431404,1.2791797492787296,1.4183059020838031
USDPEN,1,2025-12-17,PM,44,4,0.2020112811015952,0.1651923076923077,0.27714040960954395,0.14509828352557536
USDPEN,1,2025-12-17,PA,44,4,1.064511737511431,0.8762511698889004,1.239014558545832,1.0001897817894554
USDPEN,1,2025-12-17,VAR1,44,4,2.4355581386018827,1.9148816296410607,2.2477477366580394,2.9145799278316797
USDPEN,1,2025-12-17,ARHinc,44,4,1.0670457296857778,0.8753431319584498,1.238768007764839,1.012434646277418
USDPEN,1,2025-12-17,KernelARH,44,4,1.1190898630925206,0.9141291982441218,1.2706116280567894,1.1013793227133504
USDPEN,5,2025-12-23,PM,44,4,0.5237256511689184,0.34196153846153865,0.8267555645658511,0.300184228303191
USDPEN,5,2025-12-23,PA,44,4,1.0680180343885959,0.883256632900806,1.1447455000873974,1.0314108005109244
USDPEN,5,2025-12-23,VAR1,44,4,5.603289843109146,4.428800162451437,5.117610757746046,6.8502324312973855
USDPEN,5,2025-12-23,ARHinc,44,4,1.0458473737316263,0.8604868810426054,1.1005370076423087,1.0254551357706108
USDPEN,5,2025-12-23,KernelARH,44,4,1.2917744737986565,1.0781961984454564,1.1742414798583773,1.436731252011497
USDPEN,10,2025-12-30,PM,44,4,0.5664313896940821,0.38138461538461543,0.8051555214379584,0.3261818249307542
USDPEN,10,2025-12-30,PA,44,4,1.1041438745040806,0.8958211475504768,1.1851577665881128,1.0517040909156268
USDPEN,10,2025-12-30,VAR1,44,4,7.071856502900017,5.531461383865561,6.301717290629674,8.695025304795077
USDPEN,10,2025-12-30,ARHinc,44,4,1.081109511865512,0.8822870310835103,1.142220119529405,1.0446461145638464
USDPEN,10,2025-12-30,KernelARH,44,4,1.401301215118129,1.1880197336058318,1.42205289737245,1.4610677327088195
USDPEN,1,2025-12-18,PM,44,4,0.17217039301450537,0.08876923076923068,0.2616160119932446,0.08938053185705991
USDPEN,1,2025-12-18,PA,44,4,1.064110883810716,0.8734208953765292,1.2920094541729867,0.9397265975946687
USDPEN,1,2025-12-18,VAR1,44,4,3.7478657859717583,2.9419132189577617,3.1216111868716867,4.7082718396698695
USDPEN,1,2025-12-18,ARHinc,44,4,1.0667591210953584,0.8743018078723044,1.2996043438848683,0.9338131895781778
USDPEN,1,2025-12-18,KernelARH,44,4,1.062001358723754,0.8670404202493844,1.286062297383237,0.9341398880960792
USDPEN,5,2025-12-24,PM,44,4,0.49859576851856197,0.3566153846153846,0.7427468462485646,0.33410080159535377
USDPEN,5,2025-12-24,PA,44,4,1.0014081915474273,0.8115314470671713,1.0735304214455266,0.9605121307204144
USDPEN,5,2025-12-24,VAR1,44,4,8.493879768972343,6.546240007600511,6.723800539195358,10.999824605299166
USDPEN,5,2025-12-24,ARHinc,44,4,1.015172012303537,0.8238160553377932,1.1050682725018353,0.9617140993730868
USDPEN,5,2025-12-24,KernelARH,44,4,1.0384532734236254,0.8429306403582334,1.122046800212399,1.0036929640411072
USDPEN,10,2025-12-31,PM,44,4,0.5454912658822744,0.38642307692307687,0.7809226420328627,0.3300593274871005
USDPEN,10,2025-12-31,PA,44,4,1.0351294345860849,0.8376649172570328,1.1362363100837973,0.9686569703670852
USDPEN,10,2025-12-31,VAR1,44,4,10.591463162418417,8.073192421650567,8.303782375742882,13.754057980191263
USDPEN,10,2025-12-31,ARHinc,44,4,1.0429530491807828,0.8348206368261323,1.1544255751540013,0.9680302261544992
USDPEN,10,2025-12-31,KernelARH,44,4,1.109375180903133,0.9071085645675641,1.1918485053171606,1.0823441217368563
USDPEN,1,2025-12-19,PM,44,4,0.5752495695849693,0.23103846153846147,1.0597174142345271,0.2250901061940034
USDPEN,1,2025-12-19,PA,44,4,0.9548823672065478,0.7841868629912758,1.044312964373113,0.9013539722764451
USDPEN,1,2025-12-19,VAR1,44,4,2.993811333102755,2.5827323582447685,3.0922524923155845,2.6087405439822646
USDPEN,1,2025-12-19,ARHinc,44,4,0.951580564307074,0.7790317361993577,1.051207173985304,0.8968179536002764
USDPEN,1,2025-12-19,KernelARH,44,4,0.9542768857378209,0.7912781193905104,1.0264504384772297,0.9115364779889288
USDPEN,5,2025-12-25,PM,44,4,0.6478167475926649,0.4338076923076924,1.061811474438738,0.3584741887916726
USDPEN,5,2025-12-25,PA,44,4,0.9656124185292134,0.7854170903899013,1.0117149457988388,0.9384778210755752
USDPEN,5,2025-12-25,VAR1,44,4,1.4839799687188595,1.1967362370826318,1.5841370276569737,1.3403771427176008
USDPEN,5,2025-12-25,ARHinc,44,4,0.9561962114904581,0.7723291007106856,1.0042781687356064,0.9325755943024019
USDPEN,5,2025-12-25,KernelARH,44,4,1.0131065111399136,0.827641840838938,1.0447864811517071,1.0142572750246912
USDPEN,10,2026-01-01,PM,44,4,0.7050110132800437,0.4569615384615384,1.0456917512075667,0.37889266815139716
USDPEN,10,2026-01-01,PA,44,4,1.170593670698214,0.954473529970004,1.4897045407805278,0.9872155002628653
USDPEN,10,2026-01-01,VAR1,44,4,2.187703338937403,1.7910561638713522,1.7686520684121438,2.673737799644883
USDPEN,10,2026-01-01,ARHinc,44,4,1.1387323009043977,0.9283858808474046,1.436291972203572,0.9738908507008881
USDPEN,10,2026-01-01,KernelARH,44,4,1.5633733969056767,1.3132212813640294,1.8492634005150714,1.5061118762370853
USDPEN,1,2025-12-22,PM,44,4,0.21943349264027054,0.14703846153846156,0.30372387570230414,0.14309922766493258
USDPEN,1,2025-12-22,PA,44,4,0.9091017192530232,0.7419863545275295,0.9763347559016956,0.8697529629114702
USDPEN,1,2025-12-22,VAR1,44,4,16.132265757581507,12.688392835562562,11.478202556785712,21.15485445798588
USDPEN,1,2025-12-22,ARHinc,44,4,0.9232292631369023,0.7629380123080248,1.0036035725728063,0.877929411133705
USDPEN,1,2025-12-22,KernelARH,44,4,0.9594946372625844,0.7763397549137298,1.0859970801159804,0.8911864059725948
USDPEN,5,2025-12-26,PM,44,4,0.3989639828548244,0.28384615384615364,0.5699160048226942,0.23827504142012212
USDPEN,5,2025-12-26,PA,44,4,0.9633526815582716,0.7900355946535355,1.0479128887684452,0.9196274851465968
USDPEN,5,2025-12-26,VAR1,44,4,45.4500877626927,34.93571064774579,30.865143843686567,59.90639386991926
USDPEN,5,2025-12-26,ARHinc,44,4,0.9607333671012882,0.8031627445474245,1.0500926810327886,0.9153929469763878
USDPEN,5,2025-12-26,KernelARH,44,4,1.0381498366422348,0.8736328717525719,1.1899596992621264,0.9526934864224721
USDPEN,10,2026-01-02,PM,44,4,0.623250860099996,0.3835384615384615,1.0572485649579635,0.3001908269222121
USDPEN,10,2026-01-02,PA,44,4,1.1070396382570447,0.898668464123166,1.4088781324000235,0.9574428527495511
USDPEN,10,2026-01-02,VAR1,44,4,55.188901467583975,42.645698221013966,39.53594645568529,70.74597636905624
USDPEN,10,2026-01-02,ARHinc,44,4,1.1151848991217543,0.9155219828612142,1.434148202707969,0.9566648050544553
USDPEN,10,2026-01-02,KernelARH,44,4,1.1407192050192465,0.9366130995288052,1.4716910170158706,0.9695069663297274
USDPEN,1,2025-12-23,PM,44,4,0.30732265054574415,0.21988461538461537,0.45616722933253667,0.192366346962273
USDPEN,1,2025-12-23,PA,44,4,0.9169492102742227,0.7478192189323898,0.9730595041914645,0.9057226128171474
USDPEN,1,2025-12-23,VAR1,44,4,16.2209554088824,12.705674630743259,10.90940224767496,21.300469416877437
USDPEN,1,2025-12-23,ARHinc,44,4,0.9260057981488743,0.7675859931974135,1.0011769279116358,0.9065136938027553
USDPEN,1,2025-12-23,KernelARH,44,4,0.9394705076233076,0.7711849667175461,1.0169550589306797,0.9255650000305332
USDPEN,5,2025-12-29,PM,44,4,0.523858557686651,0.30584615384615366,0.8061825952467773,0.2685866271508394
USDPEN,5,2025-12-29,PA,44,4,0.9818845639658956,0.8070909519607627,1.08678193298191,0.9234791991703992
USDPEN,5,2025-12-29,VAR1,44,4,110.03557551326423,86.74361881556857,80.15238405130515,138.55960781215748
USDPEN,5,2025-12-29,ARHinc,44,4,1.0049575553241779,0.8290078403093917,1.1315902049381157,0.9291013580467715
USDPEN,5,2025-12-29,KernelARH,44,4,0.9926597863635674,0.8156204807371963,1.1100613800122403,0.9256820394427286
USDPEN,10,2026-01-05,PM,44,4,0.9110777905231888,0.5601538461538464,1.4949957174955515,0.4224583065459973
USDPEN,10,2026-01-05,PA,44,4,1.3110230402732603,1.0400365242960152,1.7899514532184477,1.0099660953578897
USDPEN,10,2026-01-05,VAR1,44,4,299.9902638691123,245.88824456257254,229.74940766247332,369.0197023348282
USDPEN,10,2026-01-05,ARHinc,44,4,1.373630820257608,1.082945921072231,1.907303612367,1.029428565604656
USDPEN,10,2026-01-05,KernelARH,44,4,1.320726247220337,1.04778102877831,1.8078140885118361,1.0129227734783008
USDPEN,1,2025-12-24,PM,44,4,0.1768793319665219,0.091923076923077,0.30381798228363277,0.07694562929719898
USDPEN,1,2025-12-24,PA,44,4,0.9088372209791797,0.7348400817625895,0.9689551184533153,0.894736973626558
USDPEN,1,2025-12-24,VAR1,44,4,3.394571702993377,2.9871749149929694,4.04593272438639,2.9593618567584756
USDPEN,1,2025-12-24,ARHinc,44,4,0.9150305843277282,0.7319266804829011,0.9717250420781022,0.8991694449822649
USDPEN,1,2025-12-24,KernelARH,44,4,0.9259068680918765,0.761074571668452,1.0044875863375138,0.9046843916994279
USDPEN,5,2025-12-30,PM,44,4,0.3503653313109267,0.2207692307692307,0.5608821257298948,0.17678571160459006
USDPEN,5,2025-12-30,PA,44,4,0.9484087098323463,0.7862563576099361,1.0651507188506926,0.8948331355471231
USDPEN,5,2025-12-30,VAR1,44,4,4.07483520679127,3.630106801207016,4.727881976243893,3.7626927905963394
USDPEN,5,2025-12-30,ARHinc,44,4,0.9436307509019074,0.7705257686881247,1.0482984286195367,0.89496335099453594
USDPEN,5,2025-12-30,KernelARH,44,4,0.9590614053552159,0.7956879894030873,1.0955713698041538,0.8960751930674993
USDPEN,10,2026-01-06,PM,44,4,1.027199305617726,0.6665000000000001,1.576926886941357,0.5536281143504591
USDPEN,10,2026-01-06,PA,44,4,1.3751810700868858,1.0852783936963282,1.8546095375488412,1.0428939311408607
USDPEN,10,2026-01-06,VAR1,44,4,2.629929204006621,2.2320114526712516,3.013594088152509,2.6602936510205546
USDPEN,10,2026-01-06,ARHinc,44,4,1.3396397406651486,1.061892950799738,1.7928869414546706,1.0274072884191576
USDPEN,10,2026-01-06,KernelARH,44,4,1.4694555848526079,1.1252996821435721,2.0447219642333723,1.0662712568381034
USDPEN,1,2025-12-25,PM,44,4,0.17083336460287396,0.06865384615384623,0.3120193973639563,0.06685931320443729
USDPEN,1,2025-12-25,PA,44,4,0.908255121769105,0.7224481347013636,0.9570929120929721,0.8945915534878832
USDPEN,1,2025-12-25,VAR1,44,4,1.925318575050571,1.604275351520683,2.1987024133599755,1.6851940130573924
USDPEN,1,2025-12-25,ARHinc,44,4,0.9138641476259901,0.7269899655163363,0.9678390919560135,0.8969898929383058
USDPEN,1,2025-12-25,KernelARH,44,4,0.9443372172290232,0.7538398858375444,1.0200588285822845,0.9145354189763201
USDPEN,5,2025-12-31,PM,44,4,0.31841705839499734,0.212846153846154,0.4782905360851965,0.1712611031470569
USDPEN,5,2025-12-31,PA,44,4,0.9558539125493872,0.786510269024993,1.0778016601000233,0.896601224778769
USDPEN,5,2025-12-31,VAR1,44,4,2.9566367326727994,2.630199049301906,3.4991941090191054,2.555919718764078
USDPEN,5,2025-12-31,ARHinc,44,4,0.9543369027259234,0.7803808786800954,1.0728380825038741,0.8963557601097691
USDPEN,5,2025-12-31,KernelARH,44,4,0.9934980332400658,0.8259032137872394,1.086636338876955,0.9473526982490386
USDPEN,10,2026-01-07,PM,44,4,1.0840520273847205,0.7273846153846154,1.5955043259559452,0.6302852450893417
USDPEN,10,2026-01-07,PA,44,4,1.4447037983813744,1.1433213325651717,1.9418023371648006,1.0924868982542388
USDPEN,10,2026-01-07,VAR1,44,4,3.1657967506226856,2.795454053278309,3.7381244435222123,2.8287182746709187
USDPEN,10,2026-01-07,ARHinc,44,4,1.432584240420698,1.1348299647159565,1.9223233851839634,1.0857065468503129
USDPEN,10,2026-01-07,KernelARH,44,4,1.5275348406597407,1.2138361886729359,2.020076455701775,1.1780914471058874
USDPEN,1,2025-12-26,PM,44,4,0.12467573325045439,0.08876923076923082,0.1609064849603476,0.1064807514933179
USDPEN,1,2025-12-26,PA,44,4,0.8916283390316421,0.7252818900058734,0.9270045179782817,0.8860691184217719
USDPEN,1,2025-12-26,VAR1,44,4,2.494822592717237,2.087740048795524,2.9373552604152704,2.2636083225083055
USDPEN,1,2025-12-26,ARHinc,44,4,0.8917956788901098,0.7275232600976902,0.9291487181133022,0.8852977047131134
USDPEN,1,2025-12-26,KernelARH,44,4,0.8925999384768748,0.7258546529474175,0.9300420683841456,0.8874242436899196
USDPEN,5,2026-01-01,PM,44,4,0.6765884799151152,0.3832692307692305,1.182202642043328,0.29750513989869715
USDPEN,5,2026-01-01,PA,44,4,1.1236182166294357,0.903051799749619,1.5058584731658586,0.9259181919786522
USDPEN,5,2026-01-01,VAR1,44,4,3.1406391046985394,2.638009132552653,3.858825467521955,2.9404429654443938
USDPEN,5,2026-01-01,ARHinc,44,4,1.1275923813246338,0.907301316483313,1.5138531102734805,0.9273039807611041
USDPEN,5,2026-01-01,KernelARH,44,4,1.1233558304000462,0.9052888210641287,1.4978043231206737,0.9292403462176191
USDPEN,10,2026-01-08,PM,44,4,1.1268449615220775,0.7469615384615382,1.6550808816863847,0.6572721047362955
USDPEN,10,2026-01-08,PA,44,4,1.4990178755571324,1.1570244281370305,1.9778884647481179,1.1203827773069046
USDPEN,10,2026-01-08,VAR1,44,4,2.235054188545445,1.890426232934084,2.461100910786191,2.3928752375735076
USDPEN,10,2026-01-08,ARHinc,44,4,1.5055730117438788,1.1624343421862569,1.9870341283590014,1.12486020481761
USDPEN,10,2026-01-08,KernelARH,44,4,1.491369226698439,1.160436722617224,1.9521468852760042,1.124796854982014
USDPEN,1,2025-12-29,PM,44,4,0.16520660142332733,0.12461538461538464,0.2420478650804945,0.11920057573167087
USDPEN,1,2025-12-29,PA,44,4,0.9079421895986064,0.7472455515851678,0.9636865410912967,0.8905391962686294
USDPEN,1,2025-12-29,VAR1,44,4,1.9683791719141304,1.5874437234501533,2.1806221959436614,1.8857349133974652
USDPEN,1,2025-12-29,ARHinc,44,4,0.907093799385671,0.7464981872920221,0.9604918159377691,0.8905904873009454
USDPEN,1,2025-12-29,KernelARH,44,4,0.9105688821724031,0.7508688342980101,0.9675610558321155,0.8923228284480533
USDPEN,5,2026-01-02,PM,44,4,0.39801967722907694,0.17919230769230793,0.7235479379949675,0.16512414420618843
USDPEN,5,2026-01-02,PA,44,4,0.9871244021761776,0.8030363571289282,1.1756610315340716,0.9111454759712491
USDPEN,5,2026-01-02,VAR1,44,4,2.52983984881532,2.1373431586027665,2.5529112531733493,2.8011818015840646
USDPEN,5,2026-01-02,ARHinc,44,4,0.9870657103945306,0.8033388509023678,1.175749252347095,0.9111569623935003
USDPEN,5,2026-01-02,KernelARH,44,4,0.9854225510812479,0.8023053380971169,1.1685076043678686,0.9115014597885309
USDPEN,10,2026-01-09,PM,44,4,1.1854668627558964,0.6785384615384612,1.7759039958661598,0.6793521980704957
USDPEN,10,2026-01-09,PA,44,4,1.585316176996444,1.1721851519797362,2.1376143572679247,1.1596807021254605
USDPEN,10,2026-01-09,VAR1,44,4,2.371537074000929,1.9144127076656763,2.123502005774531,2.855745569365608
USDPEN,10,2026-01-09,ARHinc,44,4,1.5888055309570617,1.1723050392441186,2.144517800431729,1.1606720047183319
USDPEN,10,2026-01-09,KernelARH,44,4,1.5768315409841276,1.170155577434676,2.119982850443706,1.1578946350222983
USDPEN,1,2025-12-30,PM,44,4,0.3287909085398523,0.1420384615384615,0.6016908009915083,0.14278478533610922
USDPEN,1,2025-12-30,PA,44,4,0.9232909273981581,0.7646169119566084,1.0363571950269834,0.8819418261405041
USDPEN,1,2025-12-30,VAR1,44,4,2.9657912085176332,2.4699715264484605,2.8186480364687174,3.3375630446649684
USDPEN,1,2025-12-30,ARHinc,44,4,0.9270697707092888,0.7699203042113213,1.0458294070591019,0.8824441905286842
USDPEN,1,2025-12-30,KernelARH,44,4,0.9228178404357223,0.7651105582751845,1.03514204949152,0.8818569549891893
USDPEN,5,2026-01-05,PM,44,4,0.6768425350904688,0.37711538461538474,1.1699802889719597,0.3118966371090388
USDPEN,5,2026-01-05,PA,44,4,1.1762951361993002,0.9405414497956469,1.535614649962992,0.9642637444703782
USDPEN,5,2026-01-05,VAR1,44,4,9.076251310389738,7.166080563840535,6.362420468099615,11.250116413157972
USDPEN,5,2026-01-05,ARHinc,44,4,1.183663484829262,0.9480217413719412,1.5488879408500307,0.9665925724151191
USDPEN,5,2026-01-05,KernelARH,44,4,1.1481400057183135,0.9383316619504067,1.4661454245463945,0.9600847744915891
USDPEN,10,2026-01-12,PM,44,4,1.3056490980763906,0.7052692307692309,2.0620665851562645,0.703826125107639
USDPEN,10,2026-01-12,PA,44,4,1.7081825541833955,1.1624458261993063,2.415016428790355,1.1667616012266064
USDPEN,10,2026-01-12,VAR1,44,4,14.074152480284763,11.964847240555104,10.925356980887589,16.948625693328125
USDPEN,10,2026-01-12,ARHinc,44,4,1.7160896775941035,1.17028594033932,2.4242460098873577,1.1729380410112682
USDPEN,10,2026-01-12,KernelARH,44,4,1.6521775599317532,1.167317362576213,2.2941158361300906,1.159525434564466
USDPEN,1,2025-12-31,PM,44,4,0.11935785720648265,0.07253846153846163,0.19769364556646787,0.05608858562861089
USDPEN,1,2025-12-31,PA,44,4,0.9177434925974705,0.750405731551632,0.996904619407438,0.8841457660253386
USDPEN,1,2025-12-31,VAR1,44,4,1.0789504230703213,0.9054319430702932,1.2522047485203502,0.9966721629667933
USDPEN,1,2025-12-31,ARHinc,44,4,0.9140338112956554,0.7444382225046866,0.9862772355921122,0.8843731624651032
USDPEN,1,2025-12-31,KernelARH,44,4,0.9290271966518031,0.76842199582072,1.0138424055298842,0.8917127771822534
USDPEN,5,2026-01-06,PM,44,4,0.7211919554033179,0.44849999999999984,1.0700642700339396,0.4054319027102751
USDPEN,5,2026-01-06,PA,44,4,1.2457532993197173,1.0070303524692514,1.6048192306157514,1.0006796596231338
USDPEN,5,2026-01-06,VAR1,44,4,1.3065500977599587,1.0635300381388102,1.7152942290762974,1.055890594320652
USDPEN,5,2026-01-06,ARHinc,44,4,1.234518226852065,0.9945761881944627,1.5905343707803832,0.9934222554440489
USDPEN,5,2026-01-06,KernelARH,44,4,1.3193652281207338,1.0356485191861502,1.7507838506530804,1.023208328887543
USDPEN,10,2026-01-13,PM,44,4,1.6684775274529124,0.8667692307692311,2.666517493189049,0.8514459073564703
USDPEN,10,2026-01-13,PA,44,4,2.001676839552968,1.335404034484215,3.016573125508033,1.2609836238212861
USDPEN,10,2026-01-13,VAR1,44,4,1.8154836864265127,1.219484018057595,2.7402075934383467,1.1913936751402483
USDPEN,10,2026-01-13,ARHinc,44,4,1.989113736030424,1.32231760637789,3.00380936019901,1.2496071755701674
USDPEN,10,2026-01-13,KernelARH,44,4,2.1194085366317146,1.378637054976944,3.2218405172493916,1.3067557416466709
USDPEN,1,2026-01-01,PM,44,4,0.311115162328629,0.15534615384615372,0.5576078640631507,0.1275915338023236
USDPEN,1,2026-01-01,PA,44,4,1.0079953363816736,0.8094242429203913,1.2404113875895375,0.900904997436033
USDPEN,1,2026-01-01,VAR1,44,4,1.0474910751708753,0.8609431699153496,1.2319266212264517,0.9939284260656283
USDPEN,1,2026-01-01,ARHinc,44,4,1.0049654725936419,0.8057646080923222,1.2301676309700376,0.9008944072671399
USDPEN,1,2026-01-01,KernelARH,44,4,1.0344884330873068,0.837673756940836,1.288743141177459,0.9134928544180634
USDPEN,5,2026-01-07,PM,44,4,0.8208234315425152,0.5178076923076923,1.1946158733741445,0.4912167571165246
USDPEN,5,2026-01-07,PA,44,4,1.3482944894759405,1.0692250614645458,1.7631857909116293,1.0545815339032811
USDPEN,5,2026-01-07,VAR1,44,4,1.2413461870980118,1.003205288980718,1.3593663913008776,1.2562048643332042
USDPEN,5,2026-01-07,ARHinc,44,4,1.33309391809514,1.062620567395966,1.735366117318988,1.0485135032756516
USDPEN,5,2026-01-07,KernelARH,44,4,1.4478269063348312,1.122699024742237,1.9495110232616415,1.0924014735516014
USDPEN,10,2026-01-14,PM,44,4,1.3731458302576045,0.7036923076923077,2.1597796311201907,0.722939532444001
USDPEN,10,2026-01-14,PA,44,4,1.7453685714794827,1.1844173691568531,2.5577544154581733,1.1568612994140637
USDPEN,10,2026-01-14,VAR1,44,4,1.5922378083409336,1.1613125934878923,2.0388656936125416,1.427296252025968
USDPEN,10,2026-01-14,ARHinc,44,4,1.7228136414280533,1.1774019774564224,2.519127050166815,1.1472190764757724
USDPEN,10,2026-01-14,KernelARH,44,4,1.8769463339897097,1.244357319290796,2.782725507600932,1.2127846368460438
USDPEN,1,2026-01-02,PM,44,4,0.2860311978680755,0.18838461538461532,0.45925122681370306,0.149073694472322
USDPEN,1,2026-01-02,PA,44,4,0.9387367616134875,0.7566007602895173,0.9884262352746399,0.9129972177271913
USDPEN,1,2026-01-02,VAR1,44,4,3.6440004803964343,3.065517573172876,4.442255055085605,3.184320686309634
USDPEN,1,2026-01-02,ARHinc,44,4,0.9566586735971248,0.7720935099052597,1.0159851132934272,0.9228455120285924
USDPEN,1,2026-01-02,KernelARH,44,4,1.0091587886459457,0.8190355419581432,1.0975333827329508,0.950719488755842
USDPEN,5,2026-01-08,PM,44,4,0.6930297890145405,0.41711538461538467,0.8435960507455086,0.46189199947035137
USDPEN,5,2026-01-08,PA,44,4,1.2470716220944156,1.006989750523092,1.467830330525894,1.041352891777157
USDPEN,5,2026-01-08,VAR1,44,4,7.885832941581354,6.737328147904855,8.723716561224256,7.8098152017418645
USDPEN,5,2026-01-08,ARHinc,44,4,1.222791999337449,0.9918475907060206,1.4250814483464367,1.0305092348383633
USDPEN,5,2026-01-08,KernelARH,44,4,1.3877483663766919,1.1093941627227355,1.7124906481687991,1.1129664230856864
USDPEN,10,2026-01-15,PM,44,4,1.476668645452167,0.8161538461538461,2.3291947626941862,0.810967634502839
USDPEN,10,2026-01-15,PA,44,4,1.8419757346579855,1.2406768067284002,2.778892818490715,1.1979552955518622
USDPEN,10,2026-01-15,VAR1,44,4,8.67713784353049,7.5864172609215075,8.430096868197756,9.423050994545411
USDPEN,10,2026-01-15,ARHinc,44,4,1.794637744522492,1.2196982514470573,2.7028304818204814,1.1724830330961131
USDPEN,10,2026-01-15,KernelARH,44,4,2.089714034271777,1.3863397176032297,3.195714015493954,1.3143093274950375
USDPEN,1,2026-01-05,PM,44,4,0.36304382284745224,0.2265,0.49470897932829977,0.20577341418351416
USDPEN,1,2026-01-05,PA,44,4,1.0084368723855457,0.8478419817220622,1.1452186465802288,0.9289439750888736
USDPEN,1,2026-01-05,VAR1,44,4,1.3815358423416317,1.1330092255453026,1.3872288438932137,1.4459781468563293
USDPEN,1,2026-01-05,ARHinc,44,4,1.0133526446232468,0.8525238408228353,1.1564142722691602,0.9303168696344529
USDPEN,1,2026-01-05,KernelARH,44,4,1.0408162556009797,0.8788030365804207,1.210413567297321,0.9412215619911726
USDPEN,5,2026-01-09,PM,44,4,0.9851045922602875,0.5734230769230767,1.3830145380316432,0.5932929832749007
USDPEN,5,2026-01-09,PA,44,4,1.423405456272178,1.0763177947240787,1.8242673546337147,1.1063419034669224
USDPEN,5,2026-01-09,VAR1,44,4,3.1367465058012303,2.67584101957096,3.4556092853146514,3.1391734864776937
USDPEN,5,2026-01-09,ARHinc,44,4,1.4376460205871968,1.0825155785398621,1.848084376849741,1.1135377690290238
USDPEN,5,2026-01-09,KernelARH,44,4,1.5158473263629042,1.1389694834778084,1.9777643389580992,1.155431687026895
USDPEN,10,2026-01-16,PM,44,4,1.6018143559005924,0.8978076923076921,2.5199626034959497,0.8795289079612028
USDPEN,10,2026-01-16,PA,44,4,1.90605473252895,1.2613048491604815,2.8623766817649376,1.2390397357041762
USDPEN,10,2026-01-16,VAR1,44,4,3.313899569102404,2.799007849029387,3.468760525051126,3.491284468574099
USDPEN,10,2026-01-16,ARHinc,44,4,1.9248131887722681,1.2685463730536073,2.891466659412799,1.2500360727468565
USDPEN,10,2026-01-16,KernelARH,44,4,2.0329488502035735,1.3378255115781101,3.080031022076765,1.2945257044255565
USDPEN,1,2026-01-06,PM,44,4,0.32873928762891896,0.18511538461538463,0.46983626456599914,0.208675362586021
USDPEN,1,2026-01-06,PA,44,4,1.1735384036033008,0.9255054089755734,1.4748665486551238,0.9716502808072119
USDPEN,1,2026-01-06,VAR1,44,4,1.2635163007361658,1.0547534883283152,1.4329005573981126,1.2547651547525258
USDPEN,1,2026-01-06,ARHinc,44,4,1.1657449161572473,0.926240055175225,1.4569314806120361,0.9702123487518577
USDPEN,1,2026-01-06,KernelARH,44,4,1.1898418138951268,0.9391351207527804,1.508996682249732,0.9762199281736771
USDPEN,5,2026-01-12,PM,44,4,0.8116641854855985,0.48173076923076946,1.2151835040548933,0.4656190461810757
USDPEN,5,2026-01-12,PA,44,4,1.4942915508657553,1.0613972494383979,2.0291471506601506,1.08825235322216
USDPEN,5,2026-01-12,VAR1,44,4,1.94438406057903,1.5735449656389326,1.9774965389757306,2.1364233870001006
USDPEN,5,2026-01-12,ARHinc,44,4,1.4829352659672816,1.06017376558951,2.004497535790323,1.0860174118728343
USDPEN,5,2026-01-12,KernelARH,44,4,1.5449959069450045,1.1048412148166877,2.096281177131231,1.1225414646285956
USDPEN,10,2026-01-19,PM,44,4,1.228121298193677,0.7203076923076926,1.9347851519086785,0.7005053880872814
USDPEN,10,2026-01-19,PA,44,4,1.8329630270561075,1.2041391039489409,2.7262476192488267,1.1927896909686189
USDPEN,10,2026-01-19,VAR1,44,4,2.1717533701889327,1.7761582292350904,2.3954190180398767,2.2715521365978204
USDPEN,10,2026-01-19,ARHinc,44,4,1.820072574267806,1.2045843127776565,2.700066561687988,1.1903477355936436
USDPEN,10,2026-01-19,KernelARH,44,4,1.9229285423807707,1.2962046011993897,2.8473799403744406,1.261296602145175
USDPEN,1,2026-01-07,PM,44,4,0.22738448039186152,0.14942307692307671,0.3066257282209417,0.16008853970529144
USDPEN,1,2026-01-07,PA,44,4,1.1887807027217954,0.9554782827608606,1.4654912230260686,0.9939620705916608
USDPEN,1,2026-01-07,VAR1,44,4,2.2675231340198487,1.9142726514835162,2.7513841037956865,1.9160759839729433
USDPEN,1,2026-01-07,ARHinc,44,4,1.1878921982482207,0.9579939720699573,1.4642154001271361,0.9939384900023717
USDPEN,1,2026-01-07,KernelARH,44,4,1.2211847470465655,0.9879564103312712,1.5147175680299618,1.0116160822605775
USDPEN,5,2026-01-13,PM,44,4,1.0033230364068273,0.4578846153846153,1.6801363544879917,0.4762698650599433
USDPEN,5,2026-01-13,PA,44,4,1.7726393400896077,1.1795685471195216,2.6365898314985734,1.1609689002734453
USDPEN,5,2026-01-13,VAR1,44,4,4.3577185530874845,3.654628783621655,5.229881314243174,3.872263100068537
USDPEN,5,2026-01-13,ARHinc,44,4,1.7716434890632498,1.1822155158083274,2.6362054777894333,1.160193676115994
USDPEN,5,2026-01-13,KernelARH,44,4,1.9320276427934784,1.2777728058069713,2.8927527755263864,1.2382534629341795
USDPEN,10,2026-01-20,PM,44,4,0.935990271563513,0.562576923076923,1.503598914356574,0.5335257040131383
USDPEN,10,2026-01-20,PA,44,4,1.6411867400199776,1.1239858432419734,2.4063408339052947,1.1114333952935729
USDPEN,10,2026-01-20,VAR1,44,4,4.075150878411517,3.4145276077303572,4.492928131990138,3.9999655477997687
USDPEN,10,2026-01-20,ARHinc,44,4,1.639858951022585,1.1262867117922584,2.406236622218719,1.1092466533992107
USDPEN,10,2026-01-20,KernelARH,44,4,1.8530407313236184,1.2625889193803677,2.7307544639726427,1.2404862624010053
USDPEN,1,2026-01-08,PM,44,4,0.22924583714029326,0.10588461538461526,0.2866551574864567,0.13929176297699664
USDPEN,1,2026-01-08,PA,44,4,1.1407711222762837,0.9075335101845983,1.3225159004827862,0.9840884496417126
USDPEN,1,2026-01-08,VAR1,44,4,3.447488498523591,2.8688931075243644,4.263549354251794,2.968420847916759
USDPEN,1,2026-01-08,ARHinc,44,4,1.1300243270772792,0.9015897867052046,1.29825294599464,0.9819406945733002
USDPEN,1,2026-01-08,KernelARH,44,4,1.150393087476266,0.9184519579614876,1.338632693851164,0.9884816666958889
USDPEN,5,2026-01-14,PM,44,4,0.6588638968826451,0.31115384615384617,1.0963688367746618,0.3094506449925544
USDPEN,5,2026-01-14,PA,44,4,1.507230080706952,1.027648963804709,2.1743085756938147,1.0461793940620638
USDPEN,5,2026-01-14,VAR1,44,4,7.435028316227446,6.426495655144329,8.55280568332888,6.959790717894976
USDPEN,5,2026-01-14,ARHinc,44,4,1.4811090923740202,1.0213756934387874,2.124595296658491,1.0386623889780657
USDPEN,5,2026-01-14,KernelARH,44,4,1.646525411989206,1.1186947293637333,2.3925302106430553,1.116914347298197
USDPEN,10,2026-01-21,PM,44,4,0.5668895819089669,0.38434615384615384,0.8259186861207616,0.36666873118283017
USDPEN,10,2026-01-21,PA,44,4,1.381251987095584,1.0007210861994595,1.8626778960090415,1.0252631240561942
USDPEN,10,2026-01-21,VAR1,44,4,7.356771222630403,6.51822079882132,7.638787364802099,7.604353681530493
USDPEN,10,2026-01-21,ARHinc,44,4,1.355255838314856,0.9947092645951712,1.8128480921796692,1.0165018179525258
USDPEN,10,2026-01-21,KernelARH,44,4,1.596378943515082,1.1575461724891434,2.178282779474847,1.1667210261500192
USDPEN,1,2026-01-09,PM,44,4,0.29650642099675945,0.1489999999999997,0.5096935075945235,0.12933472901722487
USDPEN,1,2026-01-09,PA,44,4,1.3414423165643168,0.9769275932018926,1.7747304688884566,1.0357889588780405
USDPEN,1,2026-01-09,VAR1,44,4,2.5783344136135895,1.9727029354721122,3.636778910958541,1.817860390491961
USDPEN,1,2026-01-09,ARHinc,44,4,1.3424468232697002,0.9785811891739336,1.772184617175722,1.036927394408842
USDPEN,1,2026-01-09,KernelARH,44,4,1.3105347486802255,0.9757845171262167,1.7037083868315752,1.0320772943115453
USDPEN,5,2026-01-15,PM,44,4,0.9964208544740365,0.4724999999999998,1.7305147968852024,0.4681072528118507
USDPEN,5,2026-01-15,PA,44,4,1.8556156524735823,1.1311520311883971,2.900051290315668,1.130599593811611
USDPEN,5,2026-01-15,VAR1,44,4,2.7398790679487997,2.1590616318515194,3.573163554273862,2.6325084716919296
USDPEN,5,2026-01-15,ARHinc,44,4,1.8554012837743195,1.1361985836563622,2.894407300013014,1.13432789678541
USDPEN,5,2026-01-15,KernelARH,44,4,1.8924421662838458,1.237819709578444,2.9024674489970885,1.1988344870833896
USDPEN,10,2026-01-22,PM,44,4,0.5204291867886913,0.3998076923076923,0.6581966161194804,0.43720910819131825
USDPEN,10,2026-01-22,PA,44,4,1.4385630210746136,1.0440470447522645,1.8950203274882915,1.0855048100498994
USDPEN,10,2026-01-22,VAR1,44,4,2.726768980804697,2.1994960299981874,2.1714160810619845,3.292281800654826
USDPEN,10,2026-01-22,ARHinc,44,4,1.4425924149294058,1.0492555768013918,1.893094594206507,1.0927074137538446
USDPEN,10,2026-01-22,KernelARH,44,4,1.5360997137887997,1.1773982321862595,1.9510766083080688,1.2147450234549333
USDPEN,1,2026-01-12,PM,44,4,0.13926679570025094,0.07584615384615384,0.22903349239682008,0.07218436242815353
USDPEN,1,2026-01-12,PA,44,4,1.3517299252336579,0.992630903711652,1.809455270579144,1.027188421096472
USDPEN,1,2026-01-12,VAR1,44,4,1.895637188584765,1.4108128203931887,2.6671441633907684,1.302889857988413
USDPEN,1,2026-01-12,ARHinc,44,4,1.3677792627978107,0.9951452441322213,1.8451624274156389,1.0297890196245398
USDPEN,1,2026-01-12,KernelARH,44,4,1.4648862608329831,1.0519416931387966,1.9947081604145638,1.0716692755446309
USDPEN,5,2026-01-16,PM,44,4,0.7639681326418709,0.39830769230769214,1.317408158264433,0.37209745180300247
USDPEN,5,2026-01-16,PA,44,4,1.7505811188273406,1.135387826655585,2.68689325638088,1.10561874305664
USDPEN,5,2026-01-16,VAR1,44,4,1.895950310673474,1.3358783707778548,2.881604290212149,1.3240287776090156
USDPEN,5,2026-01-16,ARHinc,44,4,1.7733538317244812,1.1388674564049106,2.7299777583324514,1.112233733271853
USDPEN,5,2026-01-16,KernelARH,44,4,1.9007392131172183,1.2476568513040054,2.8871053516878318,1.219907364217141
USDPEN,10,2026-01-23,PM,44,4,0.6012313086811611,0.45107692307692315,0.8926385561675273,0.4264430437158874
USDPEN,10,2026-01-23,PA,44,4,1.4896436553130774,1.1305265215425178,2.0254785800741266,1.0964616166987766
USDPEN,10,2026-01-23,VAR1,44,4,1.320359211194966,1.0576924361347513,1.392302735693868,1.3433893325950592
USDPEN,10,2026-01-23,ARHinc,44,4,1.5057096483381867,1.1330724633396851,2.058513502536421,1.100817388237026
USDPEN,10,2026-01-23,KernelARH,44,4,1.6181092073752403,1.2360677370539082,2.1497865719930367,1.2319614753521484
USDPEN,1,2026-01-13,PM,44,4,0.6280135808183671,0.279576923076923,1.110120584590915,0.2622201386141222
USDPEN,1,2026-01-13,PA,44,4,1.6743649969774002,1.149340287262159,2.5014226582148655,1.1149198400614397
USDPEN,1,2026-01-13,VAR1,44,4,2.347851035013229,1.6528605587411973,3.5196216168540646,1.4664971702334055
USDPEN,1,2026-01-13,ARHinc,44,4,1.6738017163395267,1.147014181424219,2.5005171106318067,1.1144300122961734
USDPEN,1,2026-01-13,KernelARH,44,4,1.706680418368181,1.1506668869257484,2.5587195951640838,1.1229713156657504
USDPEN,5,2026-01-19,PM,44,4,0.5850092043983319,0.36865384615384644,0.9768130160886893,0.31652049758088446
USDPEN,5,2026-01-19,PA,44,4,1.541649102180929,1.0838752030451129,2.2789283181391995,1.0422538963745223
USDPEN,5,2026-01-19,VAR1,44,4,2.4998100387601108,1.8760074556919104,3.624392727582019,1.675550778572859
USDPEN,5,2026-01-19,ARHinc,44,4,1.5416031876530167,1.0823610575913742,2.279154807912616,1.0420289918831862
USDPEN,5,2026-01-19,KernelARH,44,4,1.7009459655719676,1.1615163988779824,2.521784300967087,1.133479868142639
USDPEN,10,2026-01-26,PM,44,4,0.5827327861035453,0.43653846153846165,0.8725725391070513,0.4250468002438878
USDPEN,10,2026-01-26,PA,44,4,1.3381829907119638,1.0682802054061928,1.767121735713245,1.031384872033321
USDPEN,10,2026-01-26,VAR1,44,4,1.5455542619834264,1.2358257456229205,1.9547025344350355,1.2592036233239132
USDPEN,10,2026-01-26,ARHinc,44,4,1.336095378293968,1.0664359433122534,1.762772603873036,1.0306937813926862
USDPEN,10,2026-01-26,KernelARH,44,4,1.5193125099689402,1.186500043918426,1.9970264642179458,1.178459063300955
USDPEN,1,2026-01-14,PM,44,4,0.27148921568041917,0.15630769230769218,0.45692639354632936,0.13393186877974575
USDPEN,1,2026-01-14,PA,44,4,1.1580514127453563,0.8947702041059332,1.4850198188491313,0.9423824449221885
USDPEN,1,2026-01-14,VAR1,44,4,18.67476869232328,15.37715907875385,25.771748683449445,12.382513225158684
USDPEN,1,2026-01-14,ARHinc,44,4,1.1581415392770984,0.8971763208691363,1.4825824049694165,0.9451538828609303
USDPEN,1,2026-01-14,KernelARH,44,4,1.2743772485195481,1.0270889239663892,1.6135122466455394,1.0294438455959118
USDPEN,5,2026-01-20,PM,44,4,0.3191712525612829,0.2315769230769228,0.423282925377181,0.264324899760012
USDPEN,5,2026-01-20,PA,44,4,1.1500287535995444,0.9017808728460607,1.512385095786476,0.9257135725469736
USDPEN,5,2026-01-20,VAR1,44,4,38.7726418065924,32.88041369837731,51.297382875008964,28.32320263736583
USDPEN,5,2026-01-20,ARHinc,44,4,1.147818114683329,0.896881474887223,1.513044680709511,0.9219640315799351
USDPEN,5,2026-01-20,KernelARH,44,4,1.469969319986636,1.124020485732041,2.04764631053385,1.10144307139746
USDPEN,10,2026-01-27,PM,44,4,1.1550340071583642,0.6731923076923081,1.9086368120775434,0.6210750855358975
USDPEN,10,2026-01-27,PA,44,4,1.2919550438193688,0.9954228769722383,1.7480791020925117,0.9664439855930282
USDPEN,10,2026-01-27,VAR1,44,4,29.9050706783568,26.08934811297448,37.40706919348992,24.32098388769416
USDPEN,10,2026-01-27,ARHinc,44,4,1.2650197905038312,0.9795461736148012,1.6954224359371686,0.9543846663463061
USDPEN,10,2026-01-27,KernelARH,44,4,1.4445574184778116,1.1125840947613947,1.830584925785687,1.192417125472354
USDPEN,1,2026-01-15,PM,44,4,0.40017916660492875,0.2661153846153847,0.65841044780179,0.23504408043755565
USDPEN,1,2026-01-15,PA,44,4,1.311823961340653,0.9773835580256884,1.8863654974284365,0.9605772064843918
USDPEN,1,2026-01-15,VAR1,44,4,12.118389635708933,9.772021160957818,16.889542864935944,7.664932061492985
USDPEN,1,2026-01-15,ARHinc,44,4,1.326118494448242,0.9810834087928014,1.918557165359945,0.9631508785630405
USDPEN,1,2026-01-15,KernelARH,44,4,1.2344879941598659,0.9218093694823145,1.7364347686541295,0.932990081488798
USDPEN,5,2026-01-21,PM,44,4,0.2949665072251686,0.20711538461538473,0.4406510200357394,0.2202912689301451
USDPEN,5,2026-01-21,PA,44,4,1.0658228694303171,0.8675254120022606,1.2665301069943478,0.9144422951341694
USDPEN,5,2026-01-21,VAR1,44,4,21.74892308493957,17.878877108916832,29.926755911717184,14.494384019804436
USDPEN,5,2026-01-21,ARHinc,44,4,1.0702228872772626,0.8708448272692512,1.2782729971899558,0.9151420221760769
USDPEN,5,2026-01-21,KernelARH,44,4,1.0485093393488758,0.8144498700996209,1.2173845381756445,0.9190045539640059
USDPEN,10,2026-01-28,PM,44,4,0.9629648727517772,0.6523846153846155,1.5278603028528945,0.5614765590104508
USDPEN,10,2026-01-28,PA,44,4,1.2880634883740698,0.9607614776077402,1.7191942243453306,0.9832149225627461
USDPEN,10,2026-01-28,VAR1,44,4,13.922749524960768,11.701659106496395,18.300790969778625,10.233739495871479
USDPEN,10,2026-01-28,ARHinc,44,4,1.2852971667901651,0.95743591132253425,1.7200186452871116,0.9802494984324365
USDPEN,10,2026-01-28,KernelARH,44,4,1.28964457321558,0.9676187994378569,1.7478456662913393,0.9489666605134974
USDPEN,1,2026-01-16,PM,44,4,0.111805118914049,0.06273076923076928,0.19548393708600484,0.0507220696763159
USDPEN,1,2026-01-16,PA,44,4,1.1740788489775056,0.8978150327858799,1.5410353713553224,0.9330473826332286
USDPEN,1,2026-01-16,VAR1,44,4,45.99905775159053,37.31567371999034,64.192175313154,29.52712956425606
USDPEN,1,2026-01-16,ARHinc,44,4,1.1785792201309129,0.8981796865395897,1.557824018481114,0.9355335404205511
USDPEN,1,2026-01-16,KernelARH,44,4,1.1948969502139237,0.9225155122298613,1.528758548758072,0.9671914274847391
USDPEN,5,2026-01-22,PM,44,4,0.6828877455899491,0.28538461538461524,1.2139867983559984,0.31083855360570817
USDPEN,5,2026-01-22,PA,44,4,1.1580812082578957,0.922667153430157,1.4106025735857552,0.9615729563162202
USDPEN,5,2026-01-22,VAR1,44,4,123.78700881560721,102.4385631008302,168.1384163084729,85.29041830189902
USDPEN,5,2026-01-22,ARHinc,44,4,1.139967784339589,0.9052335460989882,1.3754610908662366,0.9550424477634597
USDPEN,5,2026-01-22,KernelARH,44,4,1.1980398465601627,0.928603267012105,1.5149702572980666,0.9600307350650552
USDPEN,10,2026-01-29,PM,44,4,1.0544031760632682,0.5980769230769228,1.7578403044840691,0.5199579464023609
USDPEN,10,2026-01-29,PA,44,4,1.4212901706425332,1.0589393020801783,1.9728954163236694,1.0081208810702988
USDPEN,10,2026-01-29,VAR1,44,4,103.76748152451903,88.38205564068593,134.83207675383167,78.50652933712779
USDPEN,10,2026-01-29,ARHinc,44,4,1.3994248590424996,1.0404426244978882,1.9384405437050212,0.9972628664616955
USDPEN,10,2026-01-29,KernelARH,44,4,1.4163795200356952,1.0592391115195192,1.9738724663879377,0.9932485858622827
USDPEN,1,2026-01-19,PM,44,4,0.1470810543151682,0.06750000000000002,0.243813250972536,0.06916731595007405
USDPEN,1,2026-01-19,PA,44,4,1.1146715473910882,0.8676749635697802,1.4193362748247669,0.9129049315990178
USDPEN,1,2026-01-19,VAR1,44,4,38.983406618588994,31.47037427306623,54.72157108156412,24.666543248738872
USDPEN,1,2026-01-19,ARHinc,44,4,1.1144507286316185,0.8673737701970223,1.4190210707048332,0.9123796100618746
USDPEN,1,2026-01-19,KernelARH,44,4,1.112542355342497,0.8603616743650742,1.4023037337993252,0.9171365933835891
USDPEN,5,2026-01-23,PM,44,4,0.5658353678072253,0.2893461538461539,0.9834514430961794,0.278126671227085
USDPEN,5,2026-01-23,PA,44,4,1.12889017828294,0.8889904981402964,1.3566844000584737,0.950223293631338
USDPEN,5,2026-01-23,VAR1,44,4,107.04433522796612,88.46463046361856,145.73038188962357,73.2428814086499
USDPEN,5,2026-01-23,ARHinc,44,4,1.1312618505481082,0.8904535301894637,1.3620110039786208,0.9507652033381424
USDPEN,5,2026-01-23,KernelARH,44,4,1.1319129565409025,0.8884138190953368,1.3719051872537926,0.9448685291638946
USDPEN,10,2026-01-30,PM,44,4,1.2812229546864136,0.6351153846153847,2.1885303678701122,0.5937793269812063
USDPEN,10,2026-01-30,PA,44,4,1.4561232163072837,1.1028858090855997,2.0658042992865577,1.0008200637305036
USDPEN,10,2026-01-30,VAR1,44,4,97.61892999684592,82.74468854860032,127.86720165040688,72.76834100422253
USDPEN,10,2026-01-30,ARHinc,44,4,1.4616237054809103,1.105856868213713,2.076556284474443,1.0024080865109477
USDPEN,10,2026-01-30,KernelARH,44,4,1.4480641270298233,1.0989162915293489,2.0480172188614927,1.0022211522675228
USDPEN,1,2026-01-20,PM,44,4,0.09905757843877377,0.06311538461538438,0.12051418349403913,0.0721312672488283
USDPEN,1,2026-01-20,PA,44,4,1.1193743127130993,0.8664630844523681,1.474789928341043,0.902768665851565
USDPEN,1,2026-01-20,VAR1,44,4,22.29809274486779,17.814933989117076,31.534447525168975,13.785358556379668
USDPEN,1,2026-01-20,ARHinc,44,4,1.1073761595100682,0.8562763203632165,1.4469605322272894,0.8987514428732265
USDPEN,1,2026-01-20,KernelARH,44,4,1.139933049604931,0.8843611677989014,1.5162614208667642,0.9089493968039624
USDPEN,5,2026-01-26,PM,44,4,0.5070225112586982,0.27165384615384586,0.8766862104103151,0.25548870272251173
USDPEN,5,2026-01-26,PA,44,4,1.0551789020263926,0.8417495487511619,1.2483412583651028,0.9078987836734168
USDPEN,5,2026-01-26,VAR1,44,4,55.75770573389312,45.879036047717115,76.43594797879159,37.513795219647825
USDPEN,5,2026-01-26,ARHinc,44,4,1.059079221999972,0.8371887744852714,1.260401202786103,0.9063649959998624
USDPEN,5,2026-01-26,KernelARH,44,4,1.1053577646263701,0.8891163182700004,1.3065639802962463,0.9499399949772717
USDPEN,10,2026-02-02,PM,44,4,0.8104989856682306,0.45634615384615396,1.3504803697910865,0.40673475537427994
USDPEN,10,2026-02-02,PA,44,4,1.1646597420796294,0.9056965724764123,1.4830096027623185,0.9171299333981698
USDPEN,10,2026-02-02,VAR1,44,4,50.19469186728772,42.44395663019658,65.96935310869566,37.13098866998287
USDPEN,10,2026-02-02,ARHinc,44,4,1.1846574085415298,0.9217586728383792,1.5260789687120238,0.9203412146384995
USDPEN,10,2026-02-02,KernelARH,44,4,1.2080054888739558,0.9434179270754077,1.5193936256922078,0.9698749918480184
USDPEN,1,2026-01-21,PM,44,4,0.3120345764864479,0.1191538461538461,0.5468286392254451,0.13226777241607224
USDPEN,1,2026-01-21,PA,44,4,1.0374167150210658,0.8072760854306895,1.2169376764031576,0.894416307147163
USDPEN,1,2026-01-21,VAR1,44,4,29.55690740947505,23.66567403762874,41.79017143603814,18.440128513915194
USDPEN,1,2026-01-21,ARHinc,44,4,1.0329253945887842,0.8118950333100462,1.2080796627650103,0.8941549535441128
USDPEN,1,2026-01-21,KernelARH,44,4,1.0535351761503235,0.8187042266601033,1.243306900971342,0.9045959640740902
USDPEN,5,2026-01-27,PM,44,4,1.0255721667590096,0.541076923076923,1.715829951805946,0.4830192552130144
USDPEN,5,2026-01-27,PA,44,4,1.3594885725396777,1.035525953821579,1.8832318795965965,0.9627523887282659
USDPEN,5,2026-01-27,VAR1,44,4,83.81476567291455,69.48534250801693,113.42946416713755,58.24381795045883
USDPEN,5,2026-01-27,ARHinc,44,4,1.337276255771636,1.021147662276638,1.8429913118798589,0.955773583434992
USDPEN,5,2026-01-27,KernelARH,44,4,1.3452775938555346,1.0242174476069563,1.8617177390902733,0.9528893373384738
USDPEN,10,2026-02-03,PM,44,4,0.8141881574729708,0.44138461538461565,1.3611775198136535,0.39389488462565525
USDPEN,10,2026-02-03,PA,44,4,1.265464532100761,0.9847334127270659,1.6642229477343624,0.9560352574160668
USDPEN,10,2026-02-03,VAR1,44,4,84.07660575991876,71.5502831186177,109.48914812189828,63.392210413641365
USDPEN,10,2026-02-03,ARHinc,44,4,1.2456800825828995,0.9707053982694468,1.625966210399881,0.9504898111247961
USDPEN,10,2026-02-03,KernelARH,44,4,1.233745909709179,0.9612397100811706,1.606361802362365,0.9451198401953231
USDPEN,1,2026-01-22,PM,44,4,0.2664756627652024,0.1849615384615385,0.4018055889539255,0.18076950234351333
USDPEN,1,2026-01-22,PA,44,4,1.0451744870955733,0.8262396712536849,1.1826207727670344,0.9169282831057846
USDPEN,1,2026-01-22,VAR1,44,4,8.821888581531828,6.5363991301001345,12.913794191470307,5.167112301681309
USDPEN,1,2026-01-22,ARHinc,44,4,1.0477117181937685,0.8223699643728009,1.1907133190447325,0.9156582691731121
USDPEN,1,2026-01-22,KernelARH,44,4,1.246107234200137,0.9843750672018805,1.5074939425872482,1.0400909642540712
USDPEN,5,2026-01-28,PM,44,4,0.7922413130334237,0.5336538461538461,1.2257413550676148,0.44244519524429515
USDPEN,5,2026-01-28,PA,44,4,1.1176796981335833,0.8450394121716167,1.4242821526700091,0.892716357524026
USDPEN,5,2026-01-28,VAR1,44,4,20.917958884664802,16.297152589458697,29.940493654022642,12.61167978401919
USDPEN,5,2026-01-28,ARHinc,44,4,1.1492983408875561,0.8695673330076629,1.4780445418073926,0.9038176139457478
USDPEN,5,2026-01-28,KernelARH,44,4,1.388021826368042,1.1179558223170765,1.8354570260566558,1.100541300198891
USDPEN,10,2026-02-04,PM,44,4,0.6605657904111736,0.419846153846154,1.0458082890526,0.3569854953496584
USDPEN,10,2026-02-04,PA,44,4,1.084757559904797,0.8434506741395982,1.3220840868011172,0.8924926810453078
USDPEN,10,2026-02-04,VAR1,44,4,19.07413121062828,15.559123951848715,26.20362344456824,12.792389903118995
USDPEN,10,2026-02-04,ARHinc,44,4,1.1298922639916344,0.8829339699965157,1.413171231027222,0.9054398212873205
USDPEN,10,2026-02-04,KernelARH,44,4,1.2565015322379551,1.0438324044826992,1.4915152694331424,1.0849228923795204
USDPEN,1,2026-01-23,PM,44,4,0.16979838157242674,0.09453846153846161,0.2909554357387789,0.0760866133375815
USDPEN,1,2026-01-23,PA,44,4,1.0598966941042436,0.8439267125190693,1.2612632826755286,0.9150139457613778
USDPEN,1,2026-01-23,VAR1,44,4,3.677985488675209,2.8049509879408614,5.240304268088593,2.2576093832602164
USDPEN,1,2026-01-23,ARHinc,44,4,1.065602148488834,0.8507050437196169,1.2728311038751474,0.9215193261985661
USDPEN,1,2026-01-23,KernelARH,44,4,1.0634235597291113,0.8552407465835318,1.270442550837722,0.9212886472868856
USDPEN,5,2026-01-29,PM,44,4,0.7213540286262944,0.49742307692307686,1.0613924010848568,0.4342037167748672
USDPEN,5,2026-01-29,PA,44,4,1.0814381115713065,0.8218961736201699,1.3825064733973074,0.8765096995328382
USDPEN,5,2026-01-29,VAR1,44,4,7.272810622964504,5.382033619948541,10.547779060333998,4.2822797127393635
USDPEN,5,2026-01-29,ARHinc,44,4,1.083669444665099,0.8263689505158432,1.3859685858319202,0.878779129278782
USDPEN,5,2026-01-29,KernelARH,44,4,1.1546753256957323,0.8641441230148217,1.5515076638926355,0.8956796683407872
USDPEN,10,2026-02-05,PM,44,4,0.5443753919012986,0.38646153846153863,0.7487424106585188,0.34985107742403765
USDPEN,10,2026-02-05,PA,44,4,1.018899586949991,0.8024164179027885,1.1762592436367287,0.8776261494257407
USDPEN,10,2026-02-05,VAR1,44,4,4.114018484543921,3.030996718994993,5.954912683821128,2.430620396059029
USDPEN,10,2026-02-05,ARHinc,44,4,1.0238482248595469,0.8090647013599161,1.1844011604027347,0.8813205907358704
USDPEN,10,2026-02-05,KernelARH,44,4,1.1283435871368794,0.9290551436969132,1.3291659926815214,0.9881645892957969
USDPEN,1,2026-01-26,PM,44,4,0.1241974234837423,0.07726923076923073,0.1741923670298938,0.07685308596145754
USDPEN,1,2026-01-26,PA,44,4,0.9813785160891344,0.7802819657775129,1.1047114437805285,0.8714889009490875
USDPEN,1,2026-01-26,VAR1,44,4,7.937560944003858,6.117052507862898,11.437917024004529,4.717788200457656
USDPEN,1,2026-01-26,ARHinc,44,4,0.9811783248227993,0.7821687364048675,1.104784547912951,0.8717669834388345
USDPEN,1,2026-01-26,KernelARH,44,4,0.9963638513419287,0.7843076849573483,1.120700226153704,0.8843606278545517
USDPEN,5,2026-01-30,PM,44,4,0.8425821690128872,0.5116538461538459,1.3073425600174764,0.46736038862030843
USDPEN,5,2026-01-30,PA,44,4,1.158760267794022,0.9008163578423387,1.4892548020777354,0.8992984728774491
USDPEN,5,2026-01-30,VAR1,44,4,18.51648717376653,14.721758424431755,26.243117544474174,11.535524522848013
USDPEN,5,2026-01-30,ARHinc,44,4,1.144809502355396,0.892201944804694,1.458561859416314,0.8968147825754079
USDPEN,5,2026-01-30,KernelARH,44,4,1.1482734157921195,0.8950609142894123,1.4737168578200317,0.8925440685614244
USDPEN,10,2026-02-06,PM,44,4,0.42226945234602936,0.32496153846153863,0.539863297553625,0.3047651515259174
USDPEN,10,2026-02-06,PA,44,4,1.0714913811094715,0.8364703380956916,1.269272085612379,0.8928077153483349
USDPEN,10,2026-02-06,VAR1,44,4,16.05303997481962,13.10509610257413,21.945572819900015,10.823901745689037
USDPEN,10,2026-02-06,ARHinc,44,4,1.067415107551755,0.8352978277297979,1.2602066870716706,0.8927317221628686
USDPEN,10,2026-02-06,KernelARH,44,4,1.0940921337217768,0.8790009630209121,1.3257510597221795,0.9302190325696463
USDPEN,1,2026-01-27,PM,44,4,0.6116718105701409,0.39515384615384636,0.9154670554010621,0.34963289412812176
USDPEN,1,2026-01-27,PA,44,4,1.0911273571031173,0.8564756789621979,1.3504330409485839,0.8776236078133429
USDPEN,1,2026-01-27,VAR1,44,4,4.555169016989439,3.483670303492548,6.401504369902433,2.8509409959976235
USDPEN,1,2026-01-27,ARHinc,44,4,1.1039525985427705,0.8669196273095259,1.3737117301862325,0.8819831647966007
USDPEN,1,2026-01-27,KernelARH,44,4,1.0614650354318143,0.8301327104777187,1.3030549605561228,0.8648443145590943
USDPEN,5,2026-02-02,PM,44,4,0.42192547418854776,0.31115384615384617,0.5948729784549407,0.2749766889873617
USDPEN,5,2026-02-02,PA,44,4,1.067347032814788,0.8271010149519815,1.2819304741443882,0.8810866246102783
USDPEN,5,2026-02-02,VAR1,44,4,14.930042280908854,12.061102312448034,20.575746183568196,9.902494079833684
USDPEN,5,2026-02-02,ARHinc,44,4,1.0760365963964351,0.8331329583969405,1.2976916729120205,0.8841521426395799
USDPEN,5,2026-02-02,KernelARH,44,4,1.0281519894464266,0.8115579663126257,1.2222043555482114,0.8763099487046649
USDPEN,10,2026-02-09,PM,44,4,0.3955487303442183,0.2945769230769232,0.5560378728064302,0.2766889033627491
USDPEN,10,2026-02-09,PA,44,4,1.073571822155863,0.8575646711191609,1.2981074344701948,0.8928946513315946
USDPEN,10,2026-02-09,VAR1,44,4,19.358953197178096,15.878890251153589,26.11466279680497,13.520311036356238
USDPEN,10,2026-02-09,ARHinc,44,4,1.077263578245805,0.8596108932753199,1.304462111951689,0.8946376551265166
USDPEN,10,2026-02-09,KernelARH,44,4,1.287879986737224,1.0352038306701175,1.6094066302055707,1.0262130208476512
USDPEN,1,2026-01-28,PM,44,4,0.2165035752058684,0.1407307692307692,0.35312985753551607,0.11397349673511567
USDPEN,1,2026-01-28,PA,44,4,0.9971667353724465,0.7829278823929113,1.1696809493892781,0.8596237596530402
USDPEN,1,2026-01-28,VAR1,44,4,3.0309092445838495,2.398567417901974,3.8215758824924504,2.2824889643646964
USDPEN,1,2026-01-28,ARHinc,44,4,0.9937335159495304,0.7833537086388069,1.156875113176385,0.8615801228254759
USDPEN,1,2026-01-28,KernelARH,44,4,1.013319843869856,0.8045770899144721,1.2257130542467343,0.8622518998114145
USDPEN,5,2026-02-03,PM,44,4,0.2946827661949502,0.16446153846153835,0.478657357068589,0.14564438808506394
USDPEN,5,2026-02-03,PA,44,4,1.0225528407300293,0.8122489082166146,1.195033670032441,0.8723670718371356
USDPEN,5,2026-02-03,VAR1,44,4,12.573952034697303,10.39847668779649,16.677469150966214,9.038784549213553
USDPEN,5,2026-02-03,ARHinc,44,4,1.0251519937942863,0.8152458707908253,1.198463369299315,0.8746991921044658
USDPEN,5,2026-02-03,KernelARH,44,4,1.0144905299285436,0.8074301755681834,1.1856341099701162,0.8745109803187519
USDPEN,10,2026-02-10,PM,44,4,0.631620093337516,0.3918846153846155,1.030574688964774,0.319310542820286
USDPEN,10,2026-02-10,PA,44,4,1.1327501495716998,0.8731390768940378,1.4511621308373694,0.9042214233964018
USDPEN,10,2026-02-10,VAR1,44,4,18.740683985423143,15.58117745226891,24.814003911475925,13.512696661785844
USDPEN,10,2026-02-10,ARHinc,44,4,1.1424997679994646,0.8814163690258457,1.4733436492491547,0.9075556319815486
USDPEN,10,2026-02-10,KernelARH,44,4,1.0835881628640425,0.8459364920385759,1.352912334622873,0.9102207110144387
USDPEN,1,2026-01-29,PM,44,4,0.13088640112708433,0.07200000000000016,0.21649976647122485,0.062312933623650625
USDPEN,1,2026-01-29,PA,44,4,0.9905954147371092,0.7838884630536707,1.185629988511994,0.8398557394119514
USDPEN,1,2026-01-29,VAR1,44,4,9.7064466967754,8.142606138297992,12.84894825946894,6.946356459980435
USDPEN,1,2026-01-29,ARHinc,44,4,0.9886581475083772,0.7826406739836601,1.1834153092293143,0.8396723082623673
USDPEN,1,2026-01-29,KernelARH,44,4,1.1115998085488505,0.8544305872973627,1.3367269392764067,0.8950622295450782
USDPEN,5,2026-02-04,PM,44,4,0.4033308433913394,0.2307307692307693,0.67962271145852,0.18487161993885276
USDPEN,5,2026-02-04,PA,44,4,1.0731950187905064,0.8344380897987159,1.2964108239459564,0.8810452641414646
USDPEN,5,2026-02-04,VAR1,44,4,35.06926201922761,29.32905955831295,46.60128013572505,25.14473440601603
USDPEN,5,2026-02-04,ARHinc,44,4,1.0680756421580766,0.8336279556006084,1.2858845511691033,0.879906027448966
USDPEN,5,2026-02-04,KernelARH,44,4,1.2333995448437336,0.9260808432988282,1.5852676353376853,0.9387104666134977
USDPEN,10,2026-02-11,PM,44,4,0.7340750328448405,0.4410000000000001,1.2364511277746053,0.3521447978236657
USDPEN,10,2026-02-11,PA,44,4,1.204150827552887,0.9137071369680031,1.6153951057207339,0.9170750819662913
USDPEN,10,2026-02-11,VAR1,44,4,46.90158470528921,39.135093915573,62.02111459089523,33.77226855192247
USDPEN,10,2026-02-11,ARHinc,44,4,1.2010370493288298,0.9133320593181605,1.6115864102047022,0.9155857531671272
USDPEN,10,2026-02-11,KernelARH,44,4,1.2395624150633229,0.9319356815615385,1.6574928234633428,0.9377839868568428
USDPEN,1,2026-01-30,PM,44,4,0.5028561214166075,0.22357692307692323,0.9088386350385188,0.20457995139996424
USDPEN,1,2026-01-30,PA,44,4,1.0233845124791123,0.8101189142631343,1.2478150363631537,0.8433619452802562
USDPEN,1,2026-01-30,VAR1,44,4,15.014415400662049,12.689490592133424,20.210342989519926,10.751640632046545
USDPEN,1,2026-01-30,ARHinc,44,4,1.013012608573607,0.7998468030456987,1.2243696493862066,0.8408993603137924
USDPEN,1,2026-01-30,KernelARH,44,4,1.0622816733216376,0.8298714578031423,1.321156015392286,0.8551146883156642
USDPEN,5,2026-02-05,PM,44,4,0.4137955761558524,0.21692307692307664,0.7291166858610109,0.17867768089826086
USDPEN,5,2026-02-05,PA,44,4,1.0494427834362678,0.8248465670582147,1.2535951842640642,0.8711616414850267
USDPEN,5,2026-02-05,VAR1,44,4,58.26875214218747,49.14129742944362,77.30525262212815,42.10901515374422
USDPEN,5,2026-02-05,ARHinc,44,4,1.0487504336959352,0.8256489120734934,1.2521742147390145,0.8707932243349208
USDPEN,5,2026-02-05,KernelARH,44,4,1.060121323321365,0.825537180950261,1.27457165603817,0.8732226361840165
USDPEN,10,2026-02-12,PM,44,4,0.8515913271408643,0.48234615384615415,1.452011666325378,0.39388110389527836
USDPEN,10,2026-02-12,PA,44,4,1.2846936849379413,0.9585372755350707,1.7478778130428916,0.9429208889682502
USDPEN,10,2026-02-12,VAR1,44,4,81.73915053477526,68.28777148174046,108.18389125460776,58.95393073912657
USDPEN,10,2026-02-12,ARHinc,44,4,1.2876978708210116,0.9633528790721727,1.7538458925981184,0.944137356292177
USDPEN,10,2026-02-12,KernelARH,44,4,1.259161771050367,0.9408990028177683,1.6964997171945395,0.9356960083156144
USDPEN,1,2026-02-02,PM,44,4,0.3890735420892123,0.17411538461538467,0.6560457525176172,0.17830723524430508
USDPEN,1,2026-02-02,PA,44,4,1.0286004034591063,0.807322349802825,1.2458390179693637,0.8578826614099745
USDPEN,1,2026-02-02,VAR1,44,4,5.045686703406487,4.173761310631114,6.697305279731502,3.68003054809376
USDPEN,1,2026-02-02,ARHinc,44,4,1.0122454881417269,0.8018749559651621,1.206893528511894,0.853071904992853
USDPEN,1,2026-02-02,KernelARH,44,4,0.9928932054673006,0.7949812007306866,1.1590814155361924,0.8514567571349825
USDPEN,5,2026-02-06,PM,44,4,0.5369280051294657,0.25303846153846127,0.906183886290622,0.2425773393340066
USDPEN,5,2026-02-06,PA,44,4,1.1099336656679835,0.8475389699574556,1.4109771442772068,0.8857197964550111
USDPEN,5,2026-02-06,VAR1,44,4,8.797330826094326,7.150033065498997,11.66316293720384,6.345085859319494
USDPEN,5,2026-02-06,ARHinc,44,4,1.0852298579558728,0.8383261204421075,1.3540760610025746,0.8792107203724685
USDPEN,5,2026-02-06,KernelARH,44,4,1.1671298506687915,0.9367652791150392,1.4542737539667672,0.9684428095062004
USDPEN,10,2026-02-13,PM,44,4,0.609288006610995,0.35426923076923106,1.016960752725651,0.28595323606957734
USDPEN,10,2026-02-13,PA,44,4,1.1390332216881092,0.8878492465682616,1.4995876799607313,0.8870303146607985
USDPEN,10,2026-02-13,VAR1,44,4,1.2964991301949564,1.0069334326769144,1.741398542667087,0.9636063344586725
USDPEN,10,2026-02-13,ARHinc,44,4,1.1435624310585153,0.8894417914169033,1.5064697816158625,0.8887867201323231
USDPEN,10,2026-02-13,KernelARH,44,4,1.1261261279299215,0.9140265274315299,1.32236001286949,0.9876499670954643
USDPEN,1,2026-02-03,PM,44,4,0.04388687380422186,0.032615384615384574,0.0551862827010585,0.03367640156225537
USDPEN,1,2026-02-03,PA,44,4,1.0066098455936794,0.7967890232698369,1.1768084442637219,0.8577186607015791
USDPEN,1,2026-02-03,VAR1,44,4,1.2715237879445762,1.008677056158661,1.5464431277280903,1.0440598690576735
USDPEN,1,2026-02-03,ARHinc,44,4,1.0031836902380322,0.7955469895969505,1.1712123629705578,0.8570823783897265
USDPEN,1,2026-02-03,KernelARH,44,4,1.0047029613046536,0.8012562838218086,1.1716841889225418,0.8635097375674932
USDPEN,5,2026-02-09,PM,44,4,0.3740306702767731,0.20138461538461536,0.5663262738398646,0.19515475864555565
USDPEN,5,2026-02-09,PA,44,4,1.0750061387691017,0.8411069606533323,1.3218205998839816,0.880805146495201
USDPEN,5,2026-02-09,VAR1,44,4,1.5130076514892468,1.09919582020879,1.9441967406883742,1.1280346365669587
USDPEN,5,2026-02-09,ARHinc,44,4,1.0743482209364503,0.8409952346083447,1.3189169701272232,0.8804123105715953
USDPEN,5,2026-02-09,KernelARH,44,4,1.316417857163713,1.0450350351931292,1.6724807139388098,1.0242776144738521
USDPEN,10,2026-02-16,PM,44,4,0.5663894165270448,0.34580769230769215,0.9464731300102592,0.27254094548313434
USDPEN,10,2026-02-16,PA,44,4,1.1269966661818376,0.8450469309559303,1.475799715570401,0.8841366689311102
USDPEN,10,2026-02-16,VAR1,44,4,1.1255899706116916,0.8414700429656543,1.4807168009234444,0.8803232063918806
USDPEN,10,2026-02-16,ARHinc,44,4,1.1097398925468658,0.8338217836048244,1.444109354853049,0.877979308880517
USDPEN,10,2026-02-16,KernelARH,44,4,1.1119588780951202,0.9120527302064285,1.2488324262042254,0.9931656054942989
USDPEN,1,2026-02-04,PM,44,4,0.11025625745368055,0.058115384615384506,0.18570007046237186,0.05202006536233018
USDPEN,1,2026-02-04,PA,44,4,1.0114806520319584,0.8037163751835552,1.1759621361700123,0.8626868493181175
USDPEN,1,2026-02-04,VAR1,44,4,4.11872107431444,3.0445639713062165,5.397450598787323,2.9354031974086623
USDPEN,1,2026-02-04,ARHinc,44,4,1.0146203985842988,0.8041334847242635,1.182458981875475,0.8634637009093648
USDPEN,1,2026-02-04,KernelARH,44,4,1.0320870408090879,0.8077486584248557,1.2178492826579812,0.8685236666179018
USDPEN,5,2026-02-10,PM,44,4,0.4162071761293148,0.2921153846153845,0.6133686601776664,0.24274510221797227
USDPEN,5,2026-02-10,PA,44,4,1.0962193829453521,0.8527435720037035,1.3892747828617107,0.8862739944390389
USDPEN,5,2026-02-10,VAR1,44,4,11.392406230355002,8.71853407851664,15.202961822452968,7.965021537142078
USDPEN,5,2026-02-10,ARHinc,44,4,1.095601417317548,0.8534864894708982,1.385394919980361,0.886693002808755
USDPEN,5,2026-02-10,KernelARH,44,4,1.063649426054398,0.8370363071200076,1.3172874950144613,0.8814384442655382
USDPEN,10,2026-02-17,PM,44,4,0.9336360629693579,0.5829615384615385,1.5101285058263882,0.46779968705137875
USDPEN,10,2026-02-17,PA,44,4,1.3329094635367627,0.9976119943691137,1.8379029098588908,0.9611921163322181
USDPEN,10,2026-02-17,VAR1,44,4,15.844382057171432,12.583008684676376,20.701489260334053,11.409918072691566
USDPEN,10,2026-02-17,ARHinc,44,4,1.3437822757377855,1.004050498929763,1.8575014022083154,0.9649150886106708
USDPEN,10,2026-02-17,KernelARH,44,4,1.1663613500937475,0.8995459557306767,1.5377258107186174,0.9070592276005315
USDPEN,1,2026-02-05,PM,44,4,0.10386219605434295,0.07053846153846137,0.1331981929843074,0.06732240019713386
USDPEN,1,2026-02-05,PA,44,4,0.9754490522522844,0.7831498275950491,1.1158563542863342,0.8482302013263118
USDPEN,1,2026-02-05,VAR1,44,4,3.5377909157436243,2.424906243891188,4.66956177228349,2.4754869849436703
USDPEN,1,2026-02-05,ARHinc,44,4,0.9751698417567893,0.7828345276653548,1.115512684227911,0.8481378170098285
USDPEN,1,2026-02-05,KernelARH,44,4,0.9905182558402289,0.7900814348535988,1.1410484949937056,0.8520386350115022
USDPEN,5,2026-02-11,PM,44,4,0.47431833679016117,0.2972692307692308,0.7518171708570411,0.2564825606600495
USDPEN,5,2026-02-11,PA,44,4,1.1346110338689228,0.8650013976194405,1.4887286844598135,0.8933587079047702
USDPEN,5,2026-02-11,VAR1,44,4,5.7762619855643065,3.9368366784708084,7.854576228707852,3.8629946664403234
USDPEN,5,2026-02-11,ARHinc,44,4,1.1353503827031306,0.8651307206630354,1.489270999169162,0.8940650631982211
USDPEN,5,2026-02-11,KernelARH,44,4,1.1304566149481698,0.8688237826169306,1.4727920729537205,0.8943569372448316
USDPEN,10,2026-02-18,PM,44,4,1.1432290427691072,0.7660384615384616,1.7830314790366553,0.5997424353561832
USDPEN,10,2026-02-18,PA,44,4,1.5159800997396264,1.1333608840747686,2.123202840140902,1.0391746503901758
USDPEN,10,2026-02-18,VAR1,44,4,2.778087624801595,1.942230973605244,3.471688048318937,2.069325570146472
USDPEN,10,2026-02-18,ARHinc,44,4,1.5149934483687275,1.133427863255236,2.1198405111761893,1.0396004943343902
USDPEN,10,2026-02-18,KernelARH,44,4,1.4158863991786448,1.0567871199947527,1.9730921735668694,0.9899017885518185
USDPEN,1,2026-02-06,PM,44,4,0.23613300929121073,0.09538461538461512,0.40358851399533513,0.1020644754540387
USDPEN,1,2026-02-06,PA,44,4,1.0373367674276774,0.8239583305285417,1.2477019072633881,0.8658115256129965
USDPEN,1,2026-02-06,VAR1,44,4,5.354610127499124,4.549907536523968,6.906287400871034,4.018189703125249
USDPEN,1,2026-02-06,ARHinc,44,4,1.0437462242515296,0.8257150387201047,1.2646374818936263,0.8673135413439713
USDPEN,1,2026-02-06,KernelARH,44,4,1.0423677905153204,0.8248186771537707,1.2585627862069038,0.8666299238353331
USDPEN,5,2026-02-12,PM,44,4,0.5075526213719505,0.3356923076923078,0.8066044204466347,0.26703723090632386
USDPEN,5,2026-02-12,PA,44,4,1.16344352871981,0.8859874543589948,1.505927869814977,0.9094793418886552
USDPEN,5,2026-02-12,VAR1,44,4,19.387751974885127,16.102121356419175,25.45037530534086,14.11597590306805
USDPEN,5,2026-02-12,ARHinc,44,4,1.1565292447637798,0.8868209625108663,1.4951931159639051,0.9067650229516278
USDPEN,5,2026-02-12,KernelARH,44,4,1.1490561972476336,0.8768161586214583,1.4766879052434514,0.9052220622176654
USDPEN,10,2026-02-19,PM,44,4,1.0012259072295786,0.6628846153846153,1.5770152932030606,0.5139683140388864
USDPEN,10,2026-02-19,PA,44,4,1.4614741774191788,1.0815008419730614,2.035318015614801,1.010027523231895
USDPEN,10,2026-02-19,VAR1,44,4,23.3982292004547,19.166140806340486,30.96171795282698,16.76996505189327
USDPEN,10,2026-02-19,ARHinc,44,4,1.439866070147358,1.068532560205105,1.9969041457739647,1.002468752265765
USDPEN,10,2026-02-19,KernelARH,44,4,1.3627226121628768,1.0130562057116943,1.8631915598691389,0.9730167664183583
USDPEN,1,2026-02-09,PM,44,4,0.29113042279521917,0.20123076923076924,0.4118489804561448,0.1740795366964052
USDPEN,1,2026-02-09,PA,44,4,1.0615232329173971,0.8416054270303266,1.2914756878322664,0.8788935287409474
USDPEN,1,2026-02-09,VAR1,44,4,11.929318601821233,9.636154900479957,15.726307633066234,8.61674694424064
USDPEN,1,2026-02-09,ARHinc,44,4,1.0645350120408679,0.8423048359336698,1.2962105212509334,0.8798133118696092
USDPEN,1,2026-02-09,KernelARH,44,4,1.0601891845734872,0.8360518452087428,1.2856488428792072,0.8775072121389079
USDPEN,5,2026-02-13,PM,44,4,0.547969679116253,0.33930769230769237,0.9066300526391531,0.2756307093101505
USDPEN,5,2026-02-13,PA,44,4,1.1773313890150365,0.866435284542445,1.565266407695354,0.9006843358472185
USDPEN,5,2026-02-13,VAR1,44,4,33.80177132519308,26.8081533218834,44.79046812287229,24.006857699509638
USDPEN,5,2026-02-13,ARHinc,44,4,1.16808733730687,0.86371096798984,1.5519720074356556,0.8961478682776013
USDPEN,5,2026-02-13,KernelARH,44,4,1.054644376681253,0.82315195229805,1.3246161942750725,0.8658524773569007
USDPEN,10,2026-02-20,PM,44,4,1.2547825432198325,0.8342307692307693,1.9675284633031405,0.6548311916562819
USDPEN,10,2026-02-20,PA,44,4,1.6490221436527577,1.2254243483993381,2.3453394202291293,1.0910788239034876
USDPEN,10,2026-02-20,VAR1,44,4,35.480048383227,28.06400471086526,47.1618977233999,25.04170893509956
USDPEN,10,2026-02-20,ARHinc,44,4,1.6303987131979416,1.2134036253589002,2.3193173869956047,1.0813014681494009
USDPEN,10,2026-02-20,KernelARH,44,4,1.4042148544341353,1.0530274025695041,1.9252924379548682,0.995109143341609
USDPEN,1,2026-02-10,PM,44,4,0.43531603241429456,0.27423076923076933,0.5746948987349627,0.26566247753951766
USDPEN,1,2026-02-10,PA,44,4,1.0834909408342148,0.8461562979928504,1.336643263243969,0.8898114279840914
USDPEN,1,2026-02-10,VAR1,44,4,8.871607956251244,6.5178035950128,12.000486919968514,6.075135861230729
USDPEN,1,2026-02-10,ARHinc,44,4,1.1059935286486329,0.8550513136624579,1.3687525719673674,0.8994658339072034
USDPEN,1,2026-02-10,KernelARH,44,4,1.1218844696875085,0.8634774329298749,1.406180301880261,0.9011190140795442
USDPEN,5,2026-02-16,PM,44,4,0.6541361376185093,0.3784999999999997,1.0324252026022083,0.3241747380215635
USDPEN,5,2026-02-16,PA,44,4,1.1141394162431473,0.8554303641317945,1.429082333769511,0.8865381747371822
USDPEN,5,2026-02-16,VAR1,44,4,24.163009290605014,18.359413209528938,32.17834478816752,16.873683995069573
USDPEN,5,2026-02-16,ARHinc,44,4,1.163628877116734,0.8917004828195524,1.5237485832295894,0.9020429982087196
USDPEN,5,2026-02-16,KernelARH,44,4,1.4541374547308872,1.100758258902529,2.055768912273896,1.0104696185124502
USDPEN,10,2026-02-23,PM,44,4,1.2979718832144955,0.8008846153846154,2.022666302747084,0.681408606874011
USDPEN,10,2026-02-23,PA,44,4,1.5292284016894675,1.1260241322938498,2.147378568785056,1.0626470736269678
USDPEN,10,2026-02-23,VAR1,44,4,29.07922757024277,22.46758135488284,38.53922986936827,20.537665579125715
USDPEN,10,2026-02-23,ARHinc,44,4,1.6051163361658771,1.1817275813431052,2.2808099819372276,1.09155893992949
USDPEN,10,2026-02-23,KernelARH,44,4,1.6904713901461144,1.2502869584307232,2.4719872725246366,1.1050972089037392
USDPEN,1,2026-02-11,PM,44,4,0.18128984973071338,0.08573076923076929,0.2939995657246969,0.0813306560610681
USDPEN,1,2026-02-11,PA,44,4,1.059294179345517,0.8388393483992341,1.34171978678302,0.8689463649496513
USDPEN,1,2026-02-11,VAR1,44,4,17.372722580599486,13.15528076778997,23.325349704304884,11.92827642458542
USDPEN,1,2026-02-11,ARHinc,44,4,1.0591064064296334,0.8405126294994549,1.3455673314107153,0.8688786623017551
USDPEN,1,2026-02-11,KernelARH,44,4,1.0683818198279829,0.8400452271030268,1.3379317805158017,0.8855998114407485
USDPEN,5,2026-02-17,PM,44,4,0.7928241875142887,0.40473076923076934,1.347121298020039,0.3512463716414376
USDPEN,5,2026-02-17,PA,44,4,1.2884597319278253,0.9538778916076649,1.8055738950280287,0.9266942421358799
USDPEN,5,2026-02-17,VAR1,44,4,28.11405280238788,21.56272257215673,37.93220044538468,19.33070405978965
USDPEN,5,2026-02-17,ARHinc,44,4,1.2596516008950558,0.9311953101466441,1.7577934944466609,0.916604490822107
USDPEN,5,2026-02-17,KernelARH,44,4,1.593736446173878,1.1822780605958618,2.3240637203519747,1.0466592099713117
USDPEN,10,2026-02-24,PM,44,4,1.1913413981403804,0.6917692307692308,1.9355579080467604,0.5940227562698679
USDPEN,10,2026-02-24,PA,44,4,1.5440150072142773,1.1214204049866245,2.223108719873899,1.041703382798906
USDPEN,10,2026-02-24,VAR1,44,4,15.08827384702082,11.731315055868285,20.41562476275537,10.356541451711562
USDPEN,10,2026-02-24,ARHinc,44,4,1.506575513789002,1.0926382068427465,2.167736154361939,1.0248058488054272
USDPEN,10,2026-02-24,KernelARH,44,4,1.5932923812541526,1.182177873032943,2.243407176627375,1.0865829235661968
USDPEN,1,2026-02-12,PM,44,4,0.36572491238424204,0.1835000000000001,0.5699225749363295,0.18489368608152743
USDPEN,1,2026-02-12,PA,44,4,1.1024243736449724,0.8615891448390328,1.3863032671803752,0.8937109998368896
USDPEN,1,2026-02-12,VAR1,44,4,27.745132357177607,21.425826543600785,37.27825283962985,19.177269663444225
USDPEN,1,2026-02-12,ARHinc,44,4,1.1019319933115541,0.8618614242837934,1.3843437701562809,0.894474547752915
USDPEN,1,2026-02-12,KernelARH,44,4,1.1413097471784033,0.8782473507395268,1.4661818213378048,0.9032224839735068
USDPEN,5,2026-02-18,PM,44,4,1.1129962376396427,0.6245384615384615,1.811845966738702,0.5226358615620857
USDPEN,5,2026-02-18,PA,44,4,1.513376964719865,1.0978202440731355,2.1921389130687903,1.0053400221021729
USDPEN,5,2026-02-18,VAR1,44,4,44.51165485193568,34.602405909148196,59.809718673091595,30.842880582518998
USDPEN,5,2026-02-18,ARHinc,44,4,1.507343084030453,1.091580910801831,2.1846274687051808,1.0022757557279467
USDPEN,5,2026-02-18,KernelARH,44,4,1.8270147538317238,1.3070842061496157,2.714862909091899,1.129839975578811
USDPEN,10,2026-02-25,PM,44,4,0.9807911837663744,0.5444615384615384,1.601243371678069,0.48644449372976334
USDPEN,10,2026-02-25,PA,44,4,1.4330669364702688,1.062054227024602,2.028092449679926,1.0038972575277683
USDPEN,10,2026-02-25,VAR1,44,4,26.183840920399025,20.376253805727195,35.196147723106016,18.133398683171166
USDPEN,10,2026-02-25,ARHinc,44,4,1.4275955741112307,1.0565044364536262,2.021448100887922,1.0014407844695123
USDPEN,10,2026-02-25,KernelARH,44,4,1.7227496070513184,1.279052422107852,2.484398696824978,1.1288515731935829
USDPEN,1,2026-02-13,PM,44,4,0.12740456458433153,0.09826923076923078,0.17524366162727323,0.09035246833627854
USDPEN,1,2026-02-13,PA,44,4,1.0275482616311367,0.8081238191518489,1.2716013239630615,0.8569647810381934
USDPEN,1,2026-02-13,VAR1,44,4,12.4912692137199,9.800988062969207,16.702298153904675,8.722266720548104
USDPEN,1,2026-02-13,ARHinc,44,4,1.0340714740922476,0.809568489968949,1.2858876218614552,0.8581892742262004
USDPEN,1,2026-02-13,KernelARH,44,4,1.052439390511149,0.814062209070632,1.3266383482145554,0.8611076919072388
USDPEN,5,2026-02-19,PM,44,4,0.6242013358623223,0.37538461538461576,0.9990584155009568,0.30591504252870155
USDPEN,5,2026-02-19,PA,44,4,1.2882197261141177,0.9510032296073142,1.7499087508178428,0.9414381485175293
USDPEN,5,2026-02-19,VAR1,44,4,17.44452830291745,13.730268062139523,23.377865076431956,12.131547357352853
USDPEN,5,2026-02-19,ARHinc,44,4,1.3044295494408136,0.964272499313652,1.778213140994171,0.9468475335652318
USDPEN,5,2026-02-19,KernelARH,44,4,1.4066182179390008,1.0476529954206077,1.943352768455674,0.987482100439334
USDPEN,10,2026-02-26,PM,44,4,0.5645735712090079,0.31234615384615394,0.8943278329720619,0.2711717971654444
USDPEN,10,2026-02-26,PA,44,4,1.1029761677144863,0.8692225250308862,1.3500970019595686,0.9090526326676055
USDPEN,10,2026-02-26,VAR1,44,4,8.501478863999532,6.667390786436957,11.33231634298411,5.927693360723293
USDPEN,10,2026-02-26,ARHinc,44,4,1.1096303882554317,0.8721122636584253,1.364087314157181,0.909918653042417
USDPEN,10,2026-02-26,KernelARH,44,4,1.1345063336926993,0.865317163938615,1.3913936837374363,0.9156233007050347
USDPEN,1,2026-02-16,PM,44,4,0.12171945201979846,0.0650769230769231,0.2040772161346892,0.05900979314954275
USDPEN,1,2026-02-16,PA,44,4,1.0006238600468538,0.7820153574436354,1.2081293578246657,0.8521279793115888
USDPEN,1,2026-02-16,VAR1,44,4,3.094991986129763,2.170203424627723,4.024507867673972,2.1846860215254864
USDPEN,1,2026-02-16,ARHinc,44,4,1.004861185433619,0.7827219306633717,1.2188268976996304,0.8526825802160033
USDPEN,1,2026-02-16,KernelARH,44,4,1.0276521886874102,0.7953708552980162,1.27626078350432,0.8552025922540798
USDPEN,5,2026-02-20,PM,44,4,0.7628423569378285,0.5089230769230766,1.1400104157015156,0.41063585961968946
USDPEN,5,2026-02-20,PA,44,4,1.3098033798929816,0.9834559481885045,1.763264232290596,0.9584399477322613
USDPEN,5,2026-02-20,VAR1,44,4,4.449797791966322,3.0239354885793537,5.930801956094087,3.0246416130123546
USDPEN,5,2026-02-20,ARHinc,44,4,1.3207193739389842,0.9908094125457907,1.7835142229136565,0.9619199569172204
USDPEN,5,2026-02-20,KernelARH,44,4,1.4618246256792626,1.0922724854269963,2.0330803667483583,1.0119416852208654
USDPEN,10,2026-02-27,PM,44,4,0.5534534932862646,0.35726923076923095,0.8343782269776999,0.29248248262918614
USDPEN,10,2026-02-27,PA,44,4,1.0574603853040376,0.8344276154381159,1.2526285093032883,0.8941569605473207
USDPEN,10,2026-02-27,VAR1,44,4,3.0720605350912367,1.9691165715699386,4.117803976359892,2.0746079299296047
USDPEN,10,2026-02-27,ARHinc,44,4,1.0603992208618687,0.8370933070896077,1.2593504449283734,0.8945979927830545
USDPEN,10,2026-02-27,KernelARH,44,4,1.0612036777064215,0.8340297541023484,1.253998062247255,0.8904530252818709
USDPEN,1,2026-02-17,PM,44,4,0.4616660881233068,0.30807692307692286,0.7053309304070201,0.24645357516898594
USDPEN,1,2026-02-17,PA,44,4,1.113547738311713,0.859557011901412,1.4364231109545187,0.884220704046236
USDPEN,1,2026-02-17,VAR1,44,4,20.035303792679855,14.995564899391225,26.356047191117053,14.165053611416987
USDPEN,1,2026-02-17,ARHinc,44,4,1.1236157952047254,0.8653859774225887,1.4554295029834254,0.8875057538899063
USDPEN,1,2026-02-17,KernelARH,44,4,1.2141638762388272,0.9128211018591261,1.6374633854537992,0.9135464930763135
USDPEN,5,2026-02-23,PM,44,4,0.7598573373186068,0.48442307692307685,1.1569178358931071,0.4244978781511907
USDPEN,5,2026-02-23,PA,44,4,1.2563597445947847,0.9313013853046462,1.6890004137322325,0.9502917725997806
USDPEN,5,2026-02-23,VAR1,44,4,32.70592902820375,24.502206768530797,43.112873813760196,23.064740267546675
USDPEN,5,2026-02-23,ARHinc,44,4,1.2684733994167803,0.9391185510274532,1.709093738414381,0.9552500861334172
USDPEN,5,2026-02-23,KernelARH,44,4,1.4160486275802295,1.0416671874781438,1.9949343456411128,1.0021443097941725
USDPEN,10,2026-03-02,PM,44,4,0.6700929183559317,0.389653846153846,1.1429646104422164,0.31423911916951724
USDPEN,10,2026-03-02,PA,44,4,1.0475362980489182,0.8189270895039269,1.3179567627014905,0.8761265501606608
USDPEN,10,2026-03-02,VAR1,44,4,25.571521518104777,19.06184125822071,34.05667263005798,17.892696586270116
USDPEN,10,2026-03-02,ARHinc,44,4,1.045121089726399,0.8187838764436826,1.309877012600315,0.8748216069702952
USDPEN,10,2026-03-02,KernelARH,44,4,1.0306413000543881,0.8142921173981935,1.2357400903496778,0.8718363599117076
USDPEN,1,2026-02-18,PM,44,4,0.33942938542840934,0.23653846153846164,0.48021801010758786,0.19089288494198256
USDPEN,1,2026-02-18,PA,44,4,1.0866809876420556,0.8312277262442884,1.3611479633503354,0.8827228564492274
USDPEN,1,2026-02-18,VAR1,44,4,34.138508713255305,25.1299656648566,45.02841736624451,24.090248702719315
USDPEN,1,2026-02-18,ARHinc,44,4,1.0990739348400569,0.8391095685597391,1.39214297864459,0.884691455358144
USDPEN,1,2026-02-18,KernelARH,44,4,1.1048427307848858,0.8463957900657761,1.4012051521407551,0.8872371457973044
USDPEN,5,2026-02-24,PM,44,4,0.610976362377969,0.422769230769231,0.890518306338838,0.33913589235625485
USDPEN,5,2026-02-24,PA,44,4,1.1557367056640733,0.873505560753385,1.4692293480116132,0.9226131459063415
USDPEN,5,2026-02-24,VAR1,44,4,51.324333529308426,37.46941314280146,68.12015277165223,35.717551701125906
USDPEN,5,2026-02-24,ARHinc,44,4,1.1621705989807276,0.8754665246874729,1.490464879583251,0.9227783398257212
USDPEN,5,2026-02-24,KernelARH,44,4,1.4573759455770239,1.0804685474597164,2.011981382246564,1.035264970580986
USDPEN,10,2026-03-03,PM,44,4,0.8606058632864854,0.5187692307692311,1.4663024030898462,0.4223949442957301
USDPEN,10,2026-03-03,PA,44,4,1.103874386721639,0.8697118987683337,1.4087512561784699,0.9291000772575274
USDPEN,10,2026-03-03,VAR1,44,4,36.606240502334444,26.302933503805914,49.15572533303161,24.97252949322207
USDPEN,10,2026-03-03,ARHinc,44,4,1.0993394317565521,0.8696172951539153,1.3896286582852049,0.9312028239570436
USDPEN,10,2026-03-03,KernelARH,44,4,1.062229291605365,0.8358050392589162,1.213840745164618,0.9155261073691373
USDPEN,1,2026-02-19,PM,44,4,0.22106744967926037,0.13526923076923075,0.3490373628622647,0.12681437658967515
USDPEN,1,2026-02-19,PA,44,4,1.040517355626482,0.8191573485637854,1.2478247087322178,0.8820561567387988
USDPEN,1,2026-02-19,VAR1,44,4,19.662967052178747,14.037950280343221,26.227677294319708,13.530557390379707
USDPEN,1,2026-02-19,ARHinc,44,4,1.045639722923406,0.8263658700263754,1.2564919591264587,0.8846691257424982
USDPEN,1,2026-02-19,KernelARH,44,4,1.042947181238158,0.8279478283239952,1.2482675380381436,0.8894973614776857
USDPEN,5,2026-02-25,PM,44,4,0.5220530384932167,0.22665384615384623,0.8133944794984607,0.24473831531875875
USDPEN,5,2026-02-25,PA,44,4,1.064349819042669,0.8228764526970342,1.2878907297347504,0.8977052782263399
USDPEN,5,2026-02-25,VAR1,44,4,23.815067319652375,16.803017226759,32.02772694582363,16.03114239583944
USDPEN,5,2026-02-25,ARHinc,44,4,1.0658773774870753,0.8237768281565316,1.2889262096485696,0.8988134936749992
USDPEN,5,2026-02-25,KernelARH,44,4,1.0677694774157886,0.8447506264265691,1.2934788995909179,0.9164588896252734
USDPEN,10,2026-03-04,PM,44,4,1.1065358279159057,0.5912307692307692,1.8992831292580994,0.5175702483275875
USDPEN,10,2026-03-04,PA,44,4,1.2441303660587086,0.9281800999828088,1.6695480697684442,0.9801650891613685
USDPEN,10,2026-03-04,VAR1,44,4,8.866592784655657,5.9220828009626185,12.307591151899492,5.695704624853191
USDPEN,10,2026-03-04,ARHinc,44,4,1.263220464975538,0.9343888519271007,1.704843779516546,0.9873301699306115
USDPEN,10,2026-03-04,KernelARH,44,4,1.1705007420256648,0.9109619528264938,1.5150659557301227,0.9634690933362329
USDPEN,1,2026-02-20,PM,44,4,0.1773490690916992,0.1196153846153846,0.23048475921126932,0.11776867796555245
USDPEN,1,2026-02-20,PA,44,4,1.1058710069893083,0.8337879679884707,1.4091260861395765,0.8868864839990747
USDPEN,1,2026-02-20,VAR1,44,4,4.167219766550808,2.848807351334781,5.51338415972558,2.903421115399021
USDPEN,1,2026-02-20,ARHinc,44,4,1.094262510139522,0.8258967469917078,1.3802405016661041,0.8850534426582546
USDPEN,1,2026-02-20,KernelARH,44,4,1.1484475265950502,0.8648720321366536,1.4826956946462664,0.9012798955721895
USDPEN,5,2026-02-26,PM,44,4,0.787217318006426,0.38969230769230784,1.2446465799664375,0.3707209967397399
USDPEN,5,2026-02-26,PA,44,4,1.0655040325934426,0.8481948727450397,1.259527084417141,0.9045670552741196
USDPEN,5,2026-02-26,VAR1,44,4,1.8691052391099372,1.4435414230277563,2.50425353125264,1.284798776281184
USDPEN,5,2026-02-26,ARHinc,44,4,1.0683635119532324,0.8482238595276688,1.266478393272015,0.9044614410974182
USDPEN,5,2026-02-26,KernelARH,44,4,1.05712416344588,0.8368764129510801,1.2550399787611526,0.890278210778768
USDPEN,10,2026-03-05,PM,44,4,0.9269272542197603,0.5461153846153846,1.587814014977191,0.43825148258569346
USDPEN,10,2026-03-05,PA,44,4,1.0806473124284768,0.8355959116429524,1.3497741301235266,0.9117329354831093
USDPEN,10,2026-03-05,VAR1,44,4,11.172330510788278,7.842226764127845,15.218490846618526,7.136222759219941
USDPEN,10,2026-03-05,ARHinc,44,4,1.0860640473232506,0.8384718757975888,1.3680801251062151,0.9116563958255554
USDPEN,10,2026-03-05,KernelARH,44,4,1.109675397862656,0.8714090975151918,1.3002792151272995,0.9400807344392086
USDPEN,1,2026-02-23,PM,44,4,0.46476363926690245,0.21096153846153834,0.763966548182947,0.20651688468493296
USDPEN,1,2026-02-23,PA,44,4,1.0405161950694632,0.818564811875334,1.296979308169398,0.8739832210971816
USDPEN,1,2026-02-23,VAR1,44,4,2.297736184205602,1.39714468553084,3.0099299425675268,1.5506847312140988
USDPEN,1,2026-02-23,ARHinc,44,4,1.0387048446657265,0.8189485942697732,1.2934744611051452,0.8738937512316948
USDPEN,1,2026-02-23,KernelARH,44,4,1.0234711069754794,0.8174043032123924,1.2423574041551453,0.8758009457763184
USDPEN,5,2026-02-27,PM,44,4,0.9946327114916494,0.5931153846153849,1.5291835085099696,0.5144691291654786
USDPEN,5,2026-02-27,PA,44,4,1.138418041851301,0.898183704130184,1.3717854973599406,0.9436037268182706
USDPEN,5,2026-02-27,VAR1,44,4,2.330654274446101,1.93260552206567,2.4879500364617244,2.207368197420235
USDPEN,5,2026-02-27,ARHinc,44,4,1.1519690856169003,0.906606421793454,1.3905125400377705,0.9508921246799237
USDPEN,5,2026-02-27,KernelARH,44,4,1.0957129803211638,0.8751472399682915,1.3052374460516631,0.9252358230149911
USDPEN,10,2026-03-06,PM,44,4,1.1301642579731497,0.6349999999999998,1.9433518902216478,0.5189828978650927
USDPEN,10,2026-03-06,PA,44,4,1.1786621547584737,0.9019146093042479,1.622294865428417,0.9159243115258483
USDPEN,10,2026-03-06,VAR1,44,4,7.570309701015903,5.620082112076252,9.957539929842403,5.217173695635302
USDPEN,10,2026-03-06,ARHinc,44,4,1.1908149891605841,0.9090104979859416,1.6417491006491713,0.9225555870726744
USDPEN,10,2026-03-06,KernelARH,44,4,1.0858232296021433,0.8399257583373679,1.3882729840434467,0.8844708141709691
USDPEN,1,2026-02-24,PM,44,4,0.2205447800334436,0.13896153846153855,0.2900122208746312,0.1291637427216057
USDPEN,1,2026-02-24,PA,44,4,1.129856938426017,0.8687779027450964,1.4672154997897313,0.8998945831868107
USDPEN,1,2026-02-24,VAR1,44,4,3.827129691284803,2.786181763797094,4.861275536890385,2.867459213765095
USDPEN,1,2026-02-24,ARHinc,44,4,1.1493024056428367,0.8839279836169412,1.4981789044133682,0.9069563213600579
USDPEN,1,2026-02-24,KernelARH,44,4,1.1874422325395617,0.9108264173846314,1.571555732706497,0.9202486965071809
USDPEN,5,2026-03-02,PM,44,4,1.1507826350257997,0.6166153846153845,1.9977537422639688,0.5495960727729448
USDPEN,5,2026-03-02,PA,44,4,1.1739070165122671,0.8970933733643327,1.5689788022827642,0.9364678356288704
USDPEN,5,2026-03-02,VAR1,44,4,4.897606827367237,3.9976411843995754,6.191833612099324,3.9400576528246853
USDPEN,5,2026-03-02,ARHinc,44,4,1.167688674253799,0.8810040644304843,1.5666016638373756,0.9298585850884707
USDPEN,5,2026-03-02,KernelARH,44,4,1.0248106659775071,0.813164796437316,1.2155145370272553,0.8699216988740363
USDPEN,10,2026-03-09,PM,44,4,0.7233470214644823,0.42326923076923056,1.171866199720938,0.39279683518554737
USDPEN,10,2026-03-09,PA,44,4,1.0135677723264518,0.7955497439871639,1.1144946012050423,0.9001233053389965
USDPEN,10,2026-03-09,VAR1,44,4,1.7624872277184018,1.4703320085940992,1.8303190177334492,1.8147503190444914
USDPEN,10,2026-03-09,ARHinc,44,4,1.0191778060917753,0.8011874570383521,1.1379188844576211,0.8962167966570002
USDPEN,10,2026-03-09,KernelARH,44,4,1.0715129822227676,0.8207786064874176,1.2422766996314805,0.9030635387501612
USDPEN,1,2026-02-25,PM,44,4,0.20286185617879904,0.1432307692307695,0.31426064762879924,0.10913673867384743
USDPEN,1,2026-02-25,PA,44,4,1.0440320804079175,0.8215368528757596,1.27091240332926,0.8849424798578946
USDPEN,1,2026-02-25,VAR1,44,4,1.2668510919808336,1.0310305333672496,1.5683389738821263,1.1183567217183916
USDPEN,1,2026-02-25,ARHinc,44,4,1.0441979449149295,0.8210855640481358,1.270567675893918,0.8851393067654262
USDPEN,1,2026-02-25,KernelARH,44,4,1.0619833030037393,0.8292281321098731,1.269560699236091,0.9078696955835989
USDPEN,5,2026-03-03,PM,44,4,1.1353206299069472,0.6473846153846158,1.9469724100295014,0.5564516896915876
USDPEN,5,2026-03-03,PA,44,4,1.2039562274271016,0.9252048390246044,1.569008518443787,0.9762444508972328
USDPEN,5,2026-03-03,VAR1,44,4,2.6660768852064516,2.1343691057159955,3.316698748183361,2.2051844821619313
USDPEN,5,2026-03-03,ARHinc,44,4,1.2115967249420012,0.9297546819367869,1.5813920396219436,0.9794633105844848
USDPEN,5,2026-03-03,KernelARH,44,4,1.119446424145696,0.8911047702939182,1.4072893351986735,0.9556644257646958
USDPEN,10,2026-03-10,PM,44,4,0.8812394298329527,0.47384615384615386,1.4318537380075287,0.46640236908080934
USDPEN,10,2026-03-10,PA,44,4,1.155749357829209,0.8824732691756406,1.404388630174769,0.9530890159508829
USDPEN,10,2026-03-10,VAR1,44,4,5.28699643735476,3.7394194870508537,7.612827161301963,3.1541204363706297
USDPEN,10,2026-03-10,ARHinc,44,4,1.1632674690407163,0.8863460298731193,1.416391394719187,0.9563882537849155
USDPEN,10,2026-03-10,KernelARH,44,4,1.0488012843738812,0.8257324524909687,1.220941500824301,0.8927980609481379
USDPEN,1,2026-02-26,PM,44,4,0.5847760501646365,0.4120384615384614,0.9258346473307374,0.3227113427274083
USDPEN,1,2026-02-26,PA,44,4,1.1107121748982762,0.8637266429929311,1.339291276635795,0.9211356549043044
USDPEN,1,2026-02-26,VAR1,44,4,5.871830582700091,3.852732238435755,8.510465134797448,3.3310834584397737
USDPEN,1,2026-02-26,ARHinc,44,4,1.118386469288111,0.8661474121747952,1.3546482772363724,0.9237671577560617
USDPEN,1,2026-02-26,KernelARH,44,4,1.1138247373658259,0.8632387055086933,1.3483861767049772,0.920655960240478
USDPEN,5,2026-03-04,PM,44,4,1.0136396482668095,0.46611538461538443,1.7810349338850169,0.46457754909254756
USDPEN,5,2026-03-04,PA,44,4,1.2260633085007941,0.922311100654839,1.6303158152441575,0.9680817569008375
USDPEN,5,2026-03-04,VAR1,44,4,10.56663995534243,6.825109403409078,15.26168713082611,5.9142583377593665
USDPEN,5,2026-03-04,ARHinc,44,4,1.2340889709382865,0.9237037942030718,1.6502819940344788,0.9696505497194519
USDPEN,5,2026-03-04,KernelARH,44,4,1.185876520061952,0.9090564792161422,1.5638063282041355,0.9529104727643385
USDPEN,10,2026-03-11,PM,44,4,0.705211949863847,0.37673076923076904,1.1442511498722323,0.3652658319334911
USDPEN,10,2026-03-11,PA,44,4,1.037615546579168,0.8125957954771532,1.2060357525541547,0.8887106805938713
USDPEN,10,2026-03-11,VAR1,44,4,10.117835500150116,6.643267175137809,14.782970930015484,5.6725856212521055
USDPEN,10,2026-03-11,ARHinc,44,4,1.0400083570051293,0.8123124701119535,1.2144862509129057,0.8890736895427594
USDPEN,10,2026-03-11,KernelARH,44,4,1.0272067463951076,0.7995801154302127,1.1918156915772289,0.8750993645862005
USDPEN,1,2026-02-27,PM,44,4,0.297688773334217,0.1358461538461539,0.36472117318568437,0.1965519960150423
USDPEN,1,2026-02-27,PA,44,4,1.0290931711505418,0.8307390880049718,1.1870849721596157,0.8822531761153914
USDPEN,1,2026-02-27,VAR1,44,4,6.56844227442545,5.818314254125471,6.401935916724403,6.723720711066737
USDPEN,1,2026-02-27,ARHinc,44,4,1.026666522549242,0.8260460586852035,1.1857271984281765,0.8795316011664165
USDPEN,1,2026-02-27,KernelARH,44,4,1.0426952811691887,0.8081770413036113,1.2181437086899762,0.8864840902413182
USDPEN,5,2026-03-05,PM,44,4,0.6824094403148079,0.47323076923076934,1.1076350729107043,0.3819089983091518
USDPEN,5,2026-03-05,PA,44,4,1.0572855799599914,0.8382083938666913,1.2251006474216968,0.9241704680072264
USDPEN,5,2026-03-05,VAR1,44,4,11.236998260108441,10.017328282520012,11.110538933271174,11.54079941468005
USDPEN,5,2026-03-05,ARHinc,44,4,1.0618488804567188,0.840211666552112,1.2357840064860515,0.9227536029800258
USDPEN,5,2026-03-05,KernelARH,44,4,1.178527620022843,0.9210209240977483,1.3467892006640312,0.9890661332875142
USDPEN,10,2026-03-12,PM,44,4,0.6604064526428458,0.4033076923076921,0.9704235413777502,0.3577322574907932
USDPEN,10,2026-03-12,PA,44,4,1.0250655038491012,0.7920448438645104,1.1893609818081248,0.8600303958630893
USDPEN,10,2026-03-12,VAR1,44,4,5.347397960544694,4.384613265493416,5.667060198844161,5.480289049073757
USDPEN,10,2026-03-12,ARHinc,44,4,1.0246841687826216,0.7901719865996547,1.1901522429324993,0.8580320935437701
USDPEN,10,2026-03-12,KernelARH,44,4,1.0669195945167302,0.8088458869053983,1.2530941684962735,0.8757568738616892
USDPEN,1,2026-03-02,PM,44,4,0.5111580460844993,0.2404999999999999,0.9149517477761252,0.21265194585173314
USDPEN,1,2026-03-02,PA,44,4,1.0129226935143911,0.804267032041007,1.248842110695593,0.8579242512952859
USDPEN,1,2026-03-02,VAR1,44,4,5.628069821341667,4.81485669198418,7.217233748532261,4.466389187072314
USDPEN,1,2026-03-02,ARHinc,44,4,1.0069895967805897,0.8014795925398257,1.2277211932143777,0.8571955755401969
USDPEN,1,2026-03-02,KernelARH,44,4,1.0100507438575064,0.7933951925482913,1.2150821747089284,0.8593420698527701
USDPEN,5,2026-03-06,PM,44,4,0.5558537266085526,0.36365384615384644,0.9377313410089686,0.2934216590302725
USDPEN,5,2026-03-06,PA,44,4,1.066628075731098,0.8266665727926102,1.3153248130070387,0.8884796120460903
USDPEN,5,2026-03-06,VAR1,44,4,13.865787467571222,11.718131533523087,18.041251390669284,10.572699663242984
USDPEN,5,2026-03-06,ARHinc,44,4,1.0658921625997606,0.827533053741167,1.303506811408008,0.8897357651448332
USDPEN,5,2026-03-06,KernelARH,44,4,1.1082184278738705,0.862526031914773,1.3383305523051745,0.9149613355341466
USDPEN,10,2026-03-13,PM,44,4,0.6316497020927394,0.358346153846154,0.9478967878042434,0.3293599632214783
USDPEN,10,2026-03-13,PA,44,4,1.0427347752016223,0.7957257389101503,1.2236191440062367,0.8619481676866798
USDPEN,10,2026-03-13,VAR1,44,4,9.317919851177374,7.911592211020762,11.82880241676344,7.282804287363989
USDPEN,10,2026-03-13,ARHinc,44,4,1.0578129243136893,0.8041938438912066,1.2526273489858635,0.8663045681505731
USDPEN,10,2026-03-13,KernelARH,44,4,1.0972392967868057,0.8328038902609045,1.3110534040561665,0.8832379149059596
USDPEN,1,2026-03-03,PM,44,4,0.2033549142603791,0.17580769230769222,0.24194233486712483,0.18096535130612376
USDPEN,1,2026-03-03,PA,44,4,1.0294161367186199,0.8209843293402022,1.1632513527057566,0.9116905488092366
USDPEN,1,2026-03-03,VAR1,44,4,8.031169523369433,7.229663040174791,8.961990580471037,7.4914547418200765
USDPEN,1,2026-03-03,ARHinc,44,4,1.028768665043564,0.8157151167610829,1.171346467002205,0.9100166569653464
USDPEN,1,2026-03-03,KernelARH,44,4,1.0278986674132653,0.8149636176714001,1.1974446788358042,0.9015918584632366
USDPEN,5,2026-03-09,PM,44,4,0.5858522309750656,0.39915384615384625,0.9631034330656911,0.32519018849582115
USDPEN,5,2026-03-09,PA,44,4,1.0762411990548608,0.8316371472267352,1.2511153391929886,0.9150435121781668
USDPEN,5,2026-03-09,VAR1,44,4,14.685219857775344,13.241318899707329,16.583183062435968,13.421156485319546
USDPEN,5,2026-03-09,ARHinc,44,4,1.0660690522825227,0.8208069550300469,1.2258711640785904,0.9128139137788358
USDPEN,5,2026-03-09,KernelARH,44,4,1.099246328999297,0.8422810874111561,1.2815590483893173,0.9212031449764791
USDPEN,10,2026-03-16,PM,44,4,0.7716525411289524,0.459346153846154,1.3483603566309472,0.3618604972176763
USDPEN,10,2026-03-16,PA,44,4,1.1409650310563493,0.8666173431257849,1.4477506949197765,0.9034416998603351
USDPEN,10,2026-03-16,VAR1,44,4,5.607181903710885,4.812589853108853,5.235712809960438,5.917993840818191
USDPEN,10,2026-03-16,ARHinc,44,4,1.1304944852591226,0.8591687769797011,1.4240748881642404,0.9005894013658506
USDPEN,10,2026-03-16,KernelARH,44,4,1.1541870430695342,0.8666965118204107,1.4652003418371018,0.9016683275767654
USDPEN,1,2026-03-04,PM,44,4,0.2215139125688012,0.15838461538461537,0.3342252242393296,0.13823457901591354
USDPEN,1,2026-03-04,PA,44,4,1.108386151371763,0.8670955376909217,1.34021826410827,0.9364907011442568
USDPEN,1,2026-03-04,VAR1,44,4,4.255899091946641,3.7570540702127375,5.053239709179377,3.7998328243086905
USDPEN,1,2026-03-04,ARHinc,44,4,1.10611035526228,0.8670094687052333,1.336714305602849,0.9352111457426722
USDPEN,1,2026-03-04,KernelARH,44,4,1.1242994683778036,0.8713595633177207,1.3920958594803428,0.937245239060228
USDPEN,5,2026-03-10,PM,44,4,0.3949687183329061,0.2327692307692309,0.6846777443574382,0.18343428002008608
USDPEN,5,2026-03-10,PA,44,4,1.0758051169417562,0.8461105279422715,1.2658085875283744,0.9038363321953804
USDPEN,5,2026-03-10,VAR1,44,4,9.727081194201364,8.657889413414008,11.766427869743431,8.256231052820118
USDPEN,5,2026-03-10,ARHinc,44,4,1.0727360508568093,0.8456541973565576,1.258626679673339,0.9030340325788567
USDPEN,5,2026-03-10,KernelARH,44,4,1.108515716967592,0.8535904209115465,1.3220545533998846,0.9179801283570292
USDPEN,10,2026-03-17,PM,44,4,0.6118260813712945,0.3328461538461539,1.0817614814371683,0.26973589592757125
USDPEN,10,2026-03-17,PA,44,4,1.0821586848706235,0.8196337558629472,1.3308958611083563,0.8761620760648468
USDPEN,10,2026-03-17,VAR1,44,4,5.4227310239532445,4.842882372916562,6.390895562265413,4.717542677606262
USDPEN,10,2026-03-17,ARHinc,44,4,1.0759006447825086,0.8155970444184999,1.3178183920707747,0.8744710146703699
USDPEN,10,2026-03-17,KernelARH,44,4,1.1811767037319179,0.8833714085831086,1.4936632884992722,0.9152503068146547
USDPEN,1,2026-03-05,PM,44,4,0.2962067073203079,0.19661538461538475,0.4177787838712918,0.18372940348587796
USDPEN,1,2026-03-05,PA,44,4,1.0430004063349156,0.8275834985885404,1.22893406434167,0.9036278142537364
USDPEN,1,2026-03-05,VAR1,44,4,21.598376649807673,17.795927518237782,29.907812508902815,14.611733697018227
USDPEN,1,2026-03-05,ARHinc,44,4,1.0422169135940038,0.8291082781894892,1.2355635630989186,0.9013155323946059
USDPEN,1,2026-03-05,KernelARH,44,4,1.0400697232477931,0.8242469059786355,1.233691157263284,0.9011007728333393
USDPEN,5,2026-03-11,PM,44,4,0.4637303800535561,0.23523076923076908,0.8112925269978908,0.2101099181106882
USDPEN,5,2026-03-11,PA,44,4,1.0420677067335242,0.8192697789329244,1.2173952081158086,0.8780803431039166
USDPEN,5,2026-03-11,VAR1,44,4,40.32016499435518,32.418037775034996,56.287058840513254,26.315777441938668
USDPEN,5,2026-03-11,ARHinc,44,4,1.035109436783788,0.818260776576374,1.2020847496604323,0.8768561339328095
USDPEN,5,2026-03-11,KernelARH,44,4,1.0521346233469102,0.8119237724611993,1.2379472471001298,0.8810367636131232
USDPEN,10,2026-03-18,PM,44,4,0.8549045999408356,0.3916153846153843,1.5480640586025813,0.3590306237208137
USDPEN,10,2026-03-18,PA,44,4,1.111470923972062,0.8420753292462548,1.4621215026050738,0.8677105686508334
USDPEN,10,2026-03-18,VAR1,44,4,18.2753032496419,13.981473095513051,25.895069362912178,11.262073713650246
USDPEN,10,2026-03-18,ARHinc,44,4,1.0979337678597443,0.837763561338042,1.4336880910951406,0.8645566655885393
USDPEN,10,2026-03-18,KernelARH,44,4,1.180031339325068,0.8790389685458895,1.5764607250447464,0.8942207679902726
USDPEN,1,2026-03-06,PM,44,4,0.19483992443502474,0.14757692307692308,0.27954421453745554,0.13433322839757567
USDPEN,1,2026-03-06,PA,44,4,1.0794620637553025,0.8553990517333202,1.4028698693761228,0.8740138268077595
USDPEN,1,2026-03-06,VAR1,44,4,57.880973713235676,46.60995121407986,81.78778837410127,36.93400072852353
USDPEN,1,2026-03-06,ARHinc,44,4,1.082262247034191,0.8572686306026422,1.4093537365812991,0.8747695434778918
USDPEN,1,2026-03-06,KernelARH,44,4,1.0822811565099903,0.8577727407085497,1.4032586322695024,0.876763297281373
USDPEN,5,2026-03-12,PM,44,4,0.4920132307476793,0.2932692307692308,0.8362910122265764,0.2550860980121806
USDPEN,5,2026-03-12,PA,44,4,0.9588520880649118,0.7579267459047292,1.053735293281267,0.8416939160277045
USDPEN,5,2026-03-12,VAR1,44,4,144.0782591601081,112.86852177594523,205.58016611411642,88.6196111246553
USDPEN,5,2026-03-12,ARHinc,44,4,0.958471294507655,0.761107105369733,1.0513529834836788,0.842983697746526
USDPEN,5,2026-03-12,KernelARH,44,4,0.9809760676308635,0.768370568571237,1.1130295686861111,0.8409296955240996
USDPEN,10,2026-03-19,PM,44,4,1.0346851295479667,0.5318461538461539,1.8077322709630537,0.47008892880906117
USDPEN,10,2026-03-19,PA,44,4,1.1829500051665884,0.9061956195030545,1.5311442483363362,0.9011585294120329
USDPEN,10,2026-03-19,VAR1,44,4,108.83158026569201,81.16871072584868,157.3552161279287,63.74370236904041
USDPEN,10,2026-03-19,ARHinc,44,4,1.1756726920417664,0.9035694715153271,1.511290867717368,0.9019243285810928
USDPEN,10,2026-03-19,KernelARH,44,4,1.261054197228884,0.9510735935823073,1.713030006349152,0.9102131570875717
USDPEN,1,2026-03-09,PM,44,4,0.5502957246929914,0.2728846153846152,0.9726340969460485,0.23134268533886423
USDPEN,1,2026-03-09,PA,44,4,0.9945804201701783,0.7903416042098389,1.12073043180358,0.8651273144003099
USDPEN,1,2026-03-09,VAR1,44,4,60.48714019853507,47.748158127944635,86.58912664247464,37.064282548883234
USDPEN,1,2026-03-09,ARHinc,44,4,0.9878018855246932,0.7870202158588046,1.1087791965833405,0.8625490379135794
USDPEN,1,2026-03-09,KernelARH,44,4,1.0096676241462093,0.7943723113707564,1.1536119865987784,0.8687075134173835
USDPEN,5,2026-03-13,PM,44,4,0.6404128776392256,0.30242307692307685,1.1272431145251405,0.2684879066284831
USDPEN,5,2026-03-13,PA,44,4,1.0131604503849578,0.7957098716206865,1.1798090064977378,0.8485440202798501
USDPEN,5,2026-03-13,VAR1,44,4,160.53695176833955,123.69790414636718,231.97947763608698,95.33688618946111
USDPEN,5,2026-03-13,ARHinc,44,4,1.0057518187705812,0.7905433792407925,1.1660096691563695,0.8460100975889583
USDPEN,5,2026-03-13,KernelARH,44,4,1.0030360365220832,0.7832681286894452,1.1646197926055657,0.8422976528156325
USDPEN,10,2026-03-20,PM,44,4,1.1192544522342331,0.5945384615384612,1.9396684328938132,0.48879210929578
USDPEN,10,2026-03-20,PA,44,4,1.258738758958254,0.9627653805221237,1.692697238278079,0.906122945078929
USDPEN,10,2026-03-20,VAR1,44,4,124.28403562072468,91.94853828800053,181.22925070685363,71.17279640879536
USDPEN,10,2026-03-20,ARHinc,44,4,1.2478120021064174,0.9543778636618842,1.6724813991538428,0.9024183920524387
USDPEN,10,2026-03-20,KernelARH,44,4,1.2445634378716115,0.9422038292261636,1.6737620855361866,0.8950443131073678
USDPEN,1,2026-03-10,PM,44,4,0.22176780996903375,0.12050000000000007,0.3729321183298182,0.1127153664664646
USDPEN,1,2026-03-10,PA,44,4,1.0296934528532828,0.8184686708882609,1.2309060694219411,0.8772632025595126
USDPEN,1,2026-03-10,VAR1,44,4,3.5694595051805424,2.793461682959451,4.92034248092634,2.3596366113789293
USDPEN,1,2026-03-10,ARHinc,44,4,1.0145465002118212,0.8159517426838067,1.1806011426668777,0.8758816157158054
USDPEN,1,2026-03-10,KernelARH,44,4,1.0149695650610564,0.8112285319936512,1.181213959215647,0.8773703165132508
USDPEN,5,2026-03-16,PM,44,4,0.2630300509301318,0.1351923076923077,0.46992420018125153,0.1200025321683654
USDPEN,5,2026-03-16,PA,44,4,0.9469429912520763,0.7596965318046149,1.0665441820474313,0.8316207524172757
USDPEN,5,2026-03-16,VAR1,44,4,13.895882596499208,10.191417252932723,20.28724036984337,7.884312233999378
USDPEN,5,2026-03-16,ARHinc,44,4,0.955430349581266,0.7661159868731668,1.0818649002482508,0.8344819171823367
USDPEN,5,2026-03-16,KernelARH,44,4,1.1110596754004642,0.8647009487111093,1.4082125209200214,0.877794562963111
USDPEN,10,2026-03-23,PM,44,4,0.5801401521648423,0.37692307692307697,0.8855674843068214,0.3229936469873898
USDPEN,10,2026-03-23,PA,44,4,1.0154824068077675,0.7728753206359683,1.198418434081511,0.8363753158397235
USDPEN,10,2026-03-23,VAR1,44,4,26.92151501389432,19.85258951973028,39.307716934777446,15.286904595705932
USDPEN,10,2026-03-23,ARHinc,44,4,1.0538702881525464,0.8063622076020818,1.280921290518698,0.8451716749381749
USDPEN,10,2026-03-23,KernelARH,44,4,1.1630555053902984,0.8805225141583392,1.5100825429358733,0.871531528213043
USDPEN,1,2026-03-11,PM,44,4,0.1627957368086675,0.09834615384615379,0.22663134311497563,0.09675473571524144
USDPEN,1,2026-03-11,PA,44,4,0.9916696396508353,0.7748834315120937,1.1428002329573332,0.8564900779727306
USDPEN,1,2026-03-11,VAR1,44,4,7.65545339958678,5.934362358687741,10.94732875540343,4.6293653957050305
USDPEN,1,2026-03-11,ARHinc,44,4,0.991644294166274,0.7768825941226752,1.142648419883337,0.8568115778583915
USDPEN,1,2026-03-11,KernelARH,44,4,1.0001059647392292,0.7821491005252187,1.1537932752866538,0.8597373714736157
USDPEN,5,2026-03-17,PM,44,4,0.28142323724514706,0.14565384615384613,0.4847215274503067,0.1301554894755465
USDPEN,5,2026-03-17,PA,44,4,0.9690492368532099,0.7609404647144694,1.1117665906808747,0.8388062372264362
USDPEN,5,2026-03-17,VAR1,44,4,4.698105308957204,3.5812707491632914,6.789478415677699,2.807283771797595
USDPEN,5,2026-03-17,ARHinc,44,4,0.9708743255484518,0.7615490059197668,1.1143549941484032,0.8399242613387558
USDPEN,5,2026-03-17,KernelARH,44,4,1.0738454768640364,0.8110694772530881,1.3188842458381536,0.8693617445446897
USDPEN,10,2026-03-24,PM,44,4,0.7068710509649603,0.4442692307692307,1.1176293994678297,0.3715216225647821
USDPEN,10,2026-03-24,PA,44,4,1.096884212379715,0.8452417875002312,1.3854598836670635,0.8496781356117845
USDPEN,10,2026-03-24,VAR1,44,4,8.502835830301473,6.589271884046649,12.202872100737888,5.084330744860536
USDPEN,10,2026-03-24,ARHinc,44,4,1.0995729842471087,0.8454120383222387,1.391442118501778,0.8508515320681176
USDPEN,10,2026-03-24,KernelARH,44,4,1.3627020905270382,1.0177165144814135,1.8625773947694868,0.9453014583365237
USDPEN,1,2026-03-12,PM,44,4,0.15484312781253523,0.08657692307692291,0.24723879675716623,0.08961985931864695
USDPEN,1,2026-03-12,PA,44,4,0.9168830189343772,0.7303356813843052,1.0212502643164056,0.8169074133488877
USDPEN,1,2026-03-12,VAR1,44,4,10.865869910904024,8.335000132595049,15.679220369711745,6.425076121788676
USDPEN,1,2026-03-12,ARHinc,44,4,0.9191604614253971,0.7309233753322801,1.0230444987426892,0.8176615129991559
USDPEN,1,2026-03-12,KernelARH,44,4,0.9197209487296352,0.733938745362409,1.0243882232902861,0.8185194984269097
USDPEN,5,2026-03-18,PM,44,4,0.4239870847996705,0.18669230769230744,0.7739939267981132,0.17287976441599728
USDPEN,5,2026-03-18,PA,44,4,0.9544749053704721,0.7533064982258753,1.1247158590120512,0.8237946393166856
USDPEN,5,2026-03-18,VAR1,44,4,7.24584702290303,5.468752467176924,10.652245018875329,4.179228664094356
USDPEN,5,2026-03-18,ARHinc,44,4,0.9597239101510002,0.756543287050882,1.137156523729969,0.8250374747411479
USDPEN,5,2026-03-18,KernelARH,44,4,1.0075305432821229,0.7813497322592368,1.2403349089833795,0.8382806090811075
USDPEN,10,2026-03-25,PM,44,4,0.4040520720440336,0.2781923076923079,0.5717057602866934,0.23953364194138305
USDPEN,10,2026-03-25,PA,44,4,1.0341710883716868,0.8045623435007965,1.2040630165823518,0.8552944377468901
USDPEN,10,2026-03-25,VAR1,44,4,11.80930522984057,8.949356914830142,17.230446960718677,6.81283999821121
USDPEN,10,2026-03-25,ARHinc,44,4,1.0394347978187994,0.8089575089494461,1.2134987828560897,0.8569761834249741
USDPEN,10,2026-03-25,KernelARH,44,4,1.1868405449314356,0.8944848135133234,1.484519294285628,0.9067267614754009
USDPEN,1,2026-03-13,PM,44,4,0.048287998190345134,0.027615384615384667,0.07693405821193433,0.028793893843367595
USDPEN,1,2026-03-13,PA,44,4,0.9018589199386631,0.7264188418079407,1.0022142928658255,0.8074729878731246
USDPEN,1,2026-03-13,VAR1,44,4,11.401987251921529,8.716484576143257,16.475656336404445,6.724170699193237
USDPEN,1,2026-03-13,ARHinc,44,4,0.902330302345459,0.723934407334247,0.9988906037189159,0.8078738976824398
USDPEN,1,2026-03-13,KernelARH,44,4,0.9024305067670426,0.7270475109631657,0.9962697625759114,0.8088192535334853
USDPEN,5,2026-03-19,PM,44,4,0.5906128254748494,0.3345000000000001,1.0105346438349763,0.2785090842923287
USDPEN,5,2026-03-19,PA,44,4,1.0053812463519018,0.7826555128120772,1.1800291414801187,0.8397561230729654
USDPEN,5,2026-03-19,VAR1,44,4,2.933009797988119,2.2115536844684813,4.302877507309495,1.7583773167104162
USDPEN,5,2026-03-19,ARHinc,44,4,1.0155445753178385,0.7862361756939449,1.2029407880105523,0.8421956717475018
USDPEN,5,2026-03-19,KernelARH,44,4,1.0941487385545272,0.8441869475171218,1.3754209429171391,0.8623962776085271
USDPEN,10,2026-03-26,PM,44,4,0.3788393205162723,0.27807692307692344,0.5454483030151873,0.23024976137217001
USDPEN,10,2026-03-26,PA,44,4,0.9940754390644945,0.7714397989112017,1.1156241020074549,0.8487052409220394
USDPEN,10,2026-03-26,VAR1,44,4,19.87213096328399,14.89482135550407,29.118087315853384,11.279806236479596
USDPEN,10,2026-03-26,ARHinc,44,4,1.0021731260290911,0.7753946108494953,1.13058309626137,0.8518787397422058
USDPEN,10,2026-03-26,KernelARH,44,4,1.1902754364009795,0.8974182163570701,1.4990755780539293,0.9085799024574776
