moneda,window_dias,window_label,t_start,t_end,fecha_start,fecha_end,PC1,PC2,PC3,PC1_PC2,PC1_PC3,K95,K99,dist_global3,dist_prev3
USDPEN,22,1m,1,22,2025-02-04,2025-03-05,0.9379870162380105,0.0601703654959081,9.035385241923162e-4,0.9981573817339187,0.999060920258111,2,2,1.2895841112913702,NA
USDPEN,22,1m,2,23,2025-02-05,2025-03-06,0.9422233671033188,0.05657394166012999,6.696744863451876e-4,0.9987973087634487,0.9994669832497939,2,2,1.3959773094376302,1.0270940066509187
USDPEN,22,1m,3,24,2025-02-06,2025-03-07,0.9657753391305398,0.032994050776954144,7.237910028769422e-4,0.998769389907494,0.9994931809103709,1,2,1.4132200175362193,0.1621194105935979
USDPEN,22,1m,4,25,2025-02-07,2025-03-10,0.9623989755043193,0.03634738814674416,7.010551446706234e-4,0.9987463636510635,0.9994474187957342,1,2,1.414709468180877,0.0763822890194043
USDPEN,22,1m,5,26,2025-02-10,2025-03-11,0.969953170277935,0.028715852416764664,7.364696722345052e-4,0.9986690226946997,0.9994054923669342,1,2,1.4097967675622916,0.09634684108081558
USDPEN,22,1m,6,27,2025-02-11,2025-03-12,0.9697339923969547,0.028895204987999173,7.716591603520647e-4,0.9986291973849538,0.9994008565453059,1,2,1.3991587280714048,0.13589549429027986
USDPEN,22,1m,7,28,2025-02-12,2025-03-13,0.96974250571754,0.02883939362371364,7.917644949202781e-4,0.9985818993412536,0.9993736638361739,1,2,1.3870481210159982,0.09752575249933484
USDPEN,22,1m,8,29,2025-02-13,2025-03-14,0.9692821065152337,0.029340733426140634,7.934602436744513e-4,0.9986228399413744,0.9994163001850488,1,2,1.3835216951766525,0.03206383707050853
USDPEN,22,1m,9,30,2025-02-14,2025-03-17,0.967834051810414,0.030793519494560814,7.94768833191677e-4,0.9986275713049748,0.9994223401381664,1,2,1.3820052915439531,0.057753486057292414
USDPEN,22,1m,10,31,2025-02-17,2025-03-18,0.9628317312490278,0.035833532226653066,7.812998655774593e-4,0.9986652634756809,0.9994465633412584,1,2,1.3747916487428236,0.15552167158537994
USDPEN,22,1m,11,32,2025-02-18,2025-03-19,0.9374310118579873,0.06080273935445443,0.0010877379349155396,0.9982337512124417,0.9993214891473573,2,2,1.3567465512727146,0.10759569051736569
USDPEN,22,1m,12,33,2025-02-19,2025-03-20,0.9286312578776383,0.06869258594262838,0.001687979978303718,0.9973238438202667,0.9990118237985705,2,2,1.3544281573402615,0.13292118812344073
USDPEN,22,1m,13,34,2025-02-20,2025-03-21,0.9461898336815229,0.05187991465045223,0.0013145785328186933,0.9980697483319751,0.9993843268647938,2,2,1.3458675840340266,0.0627290892175278
USDPEN,22,1m,14,35,2025-02-21,2025-03-24,0.9692951307286403,0.029275197109486943,0.0010195392870711477,0.9985703278381272,0.9995898671251983,1,2,1.3406984656989298,0.058379566053584665
USDPEN,22,1m,15,36,2025-02-24,2025-03-25,0.9634862579233167,0.035085549846168296,9.605272613925226e-4,0.998571807769485,0.9995323350308775,1,2,1.33207423655038,0.08806136506966102
USDPEN,22,1m,16,37,2025-02-25,2025-03-26,0.930961038834004,0.06768632909650926,8.993805833163375e-4,0.9986473679305133,0.9995467485138296,2,2,1.3018497434757574,0.10599685692310956
USDPEN,22,1m,17,38,2025-02-26,2025-03-27,0.8858921349874056,0.11283184619841335,8.25467297228386e-4,0.998723981185819,0.9995494484830474,2,2,1.2492774092951848,0.2150301819586891
USDPEN,22,1m,18,39,2025-02-27,2025-03-28,0.8423900893323811,0.1562914532112712,8.42052449093546e-4,0.9986815425436524,0.9995235949927459,2,2,1.239421135313145,0.21286311043932224
USDPEN,22,1m,19,40,2025-02-28,2025-03-31,0.8288864615455868,0.16984551173689,7.95876273119273e-4,0.9987319732824768,0.999527849555596,2,2,1.2319043228901168,0.06369439834843489
USDPEN,22,1m,20,41,2025-03-03,2025-04-01,0.8294772420289068,0.1693622375805542,7.30257306452979e-4,0.9988394796094611,0.999569736915914,2,2,1.2337325141406281,0.02186524266996943
USDPEN,22,1m,21,42,2025-03-04,2025-04-02,0.8382529274079809,0.16072143880516312,6.375987407943465e-4,0.998974366213144,0.9996119649539383,2,2,1.2238756584031727,0.05842425593022437
USDPEN,22,1m,22,43,2025-03-05,2025-04-03,0.8643291427567347,0.13468154189705908,5.804545242340093e-4,0.9990106846537937,0.9995911391780278,2,2,1.1810985031204981,0.20344461757247104
USDPEN,22,1m,23,44,2025-03-06,2025-04-04,0.8798484407035827,0.11912158597800747,5.917430129004736e-4,0.9989700266815902,0.9995617696944906,2,2,1.3032417022779728,0.6673290357432838
USDPEN,22,1m,24,45,2025-03-07,2025-04-07,0.8940659326578065,0.10476495887006324,7.774956751346243e-4,0.9988308915278697,0.9996083872030044,2,2,1.3578385870078584,0.275976107628226
USDPEN,22,1m,25,46,2025-03-10,2025-04-08,0.9046131838241114,0.09427303309093261,7.883647240665068e-4,0.998886216915044,0.9996745816391105,2,2,1.3799079091059405,0.12916112203970376
USDPEN,22,1m,26,47,2025-03-11,2025-04-09,0.9107128397902877,0.08814776810579689,7.898720242836995e-4,0.9988606078960847,0.9996504799203684,2,2,1.384631108322966,0.069362773355196
USDPEN,22,1m,27,48,2025-03-12,2025-04-10,0.9182981135922849,0.08042532712268322,8.760638294843297e-4,0.9987234407149681,0.9995995045444525,2,2,1.4051014609777412,0.13606775235815124
USDPEN,22,1m,28,49,2025-03-13,2025-04-11,0.9290289246583838,0.06963473196025902,8.277451798516337e-4,0.9986636566186429,0.9994914017984945,2,2,1.4091179564536132,0.04298627691517516
USDPEN,22,1m,29,50,2025-03-14,2025-04-14,0.9434109702733097,0.05471299231690032,0.001368107559609724,0.99812396259021,0.9994920701498197,2,2,1.3855712368285837,0.2658101213572021
USDPEN,22,1m,30,51,2025-03-17,2025-04-15,0.9575751432239378,0.04026317652683614,0.0016733697122598445,0.9978383197507739,0.9995116894630337,1,2,1.3712948172714663,0.11797194544760686
USDPEN,22,1m,31,52,2025-03-18,2025-04-16,0.968494328818025,0.02935389538438181,0.0016828749600536692,0.9978482242024068,0.9995310991624605,1,2,1.361748042064196,0.08174282032095205
USDPEN,22,1m,32,53,2025-03-19,2025-04-17,0.975302060025686,0.022738068127240264,0.0015054751217806633,0.9980401281529262,0.9995456032747069,1,2,1.363565828647976,0.030927017227102713
USDPEN,22,1m,33,54,2025-03-20,2025-04-18,0.9711358746063272,0.027017832658597512,0.00139284552629238,0.9981537072649247,0.9995465527912171,1,2,1.3744044878044646,0.06008068019679145
USDPEN,22,1m,34,55,2025-03-21,2025-04-21,0.9698683927730744,0.02832608341613954,0.0013337151960993278,0.9981944761892139,0.9995281913853132,1,2,1.3737169491227281,0.01787404556517633
USDPEN,22,1m,35,56,2025-03-24,2025-04-22,0.9698979160026739,0.028417918316945193,0.0012106551710793965,0.9983158343196191,0.9995264894906986,1,2,1.373772388874275,0.05760582601390289
USDPEN,22,1m,36,57,2025-03-25,2025-04-23,0.9614384032478653,0.03686848347038748,0.0010773715714869677,0.9983068867182529,0.9993842582897399,1,2,1.371228401869122,0.06507866391992914
USDPEN,22,1m,37,58,2025-03-26,2025-04-24,0.9633082662134462,0.035276107081022724,7.575195042887132e-4,0.9985843732944689,0.9993418927987576,1,2,1.3721850655234693,0.15514561714480984
USDPEN,22,1m,38,59,2025-03-27,2025-04-25,0.96347223621401,0.03551190177714917,5.156857011328647e-4,0.9989841379911591,0.9994998236922921,1,2,1.4160749472991532,0.8356005472841405
USDPEN,22,1m,39,60,2025-03-28,2025-04-28,0.9584557687602521,0.040511934624986104,5.57405489259051e-4,0.9989677033852382,0.9995251088744973,1,2,1.4167897805061451,0.1747235128027376
USDPEN,22,1m,40,61,2025-03-31,2025-04-29,0.9536589472654005,0.04528123332718673,6.083924488732252e-4,0.9989401805925872,0.9995485730414604,1,2,1.41694507492246,0.03965271015525356
USDPEN,22,1m,41,62,2025-04-01,2025-04-30,0.9525393546813647,0.046369341630915675,6.346741641062235e-4,0.9989086963122804,0.9995433704763866,1,2,1.4179494722447246,0.12205331911851122
USDPEN,22,1m,42,63,2025-04-02,2025-05-01,0.9547876732882905,0.04408839609666811,6.60581150959534e-4,0.9988760693849587,0.9995366505359182,1,2,1.4129326005229148,0.1504672733248837
USDPEN,22,1m,43,64,2025-04-03,2025-05-02,0.9612731963221459,0.03761875059174586,6.747700530632519e-4,0.9988919469138918,0.9995667169669551,1,2,1.3991815576297204,0.14020394511997789
USDPEN,22,1m,44,65,2025-04-04,2025-05-05,0.9614896998195764,0.03745017953200129,6.441708124704173e-4,0.9989398793515777,0.999584050164048,1,2,1.3847141816101967,0.10152410744840494
USDPEN,22,1m,45,66,2025-04-07,2025-05-06,0.9621985909683698,0.036793098806215035,5.940057365476565e-4,0.9989916897745849,0.9995856955111325,1,2,1.4065603604229753,0.17602210327802206
USDPEN,22,1m,46,67,2025-04-08,2025-05-07,0.958494289015306,0.04057750647636086,5.326063596193346e-4,0.9990717954916668,0.9996044018512862,1,2,1.417603601361785,0.25177993095218015
USDPEN,22,1m,47,68,2025-04-09,2025-05-08,0.9589278219274994,0.04014766299446807,5.281248425826001e-4,0.9990754849219674,0.99960360976455,1,2,1.4178673786601868,0.11661044270998351
USDPEN,22,1m,48,69,2025-04-10,2025-05-09,0.9549853363534073,0.04410796349879245,5.177910428147636e-4,0.9990932998521997,0.9996110908950145,1,2,1.4176236687103199,0.15726267433798127
USDPEN,22,1m,49,70,2025-04-11,2025-05-12,0.9544430864212914,0.0447539626421029,4.680516143921688e-4,0.9991970490633942,0.9996651006777864,1,2,1.4009496018521355,0.37328784044628277
USDPEN,22,1m,50,71,2025-04-14,2025-05-13,0.9646133160096383,0.03448862633121685,4.659526523447937e-4,0.9991019423408551,0.9995678949932,1,2,1.4017427057639558,0.18700071423228265
USDPEN,22,1m,51,72,2025-04-15,2025-05-14,0.9653379285851145,0.033888552568464576,3.018810291941033e-4,0.999226481153579,0.9995283621827732,1,2,1.2786832494727671,0.6398539225076649
USDPEN,22,1m,52,73,2025-04-16,2025-05-15,0.9673651492402854,0.03187442026170491,3.069232725695591e-4,0.9992395695019903,0.9995464927745599,1,2,1.064200895356634,1.0890099065259846
USDPEN,22,1m,53,74,2025-04-17,2025-05-16,0.9690502334652213,0.02977210725696,7.467578344419849e-4,0.9988223407221813,0.9995690985566233,1,2,1.0935366480458204,0.4006156548146859
USDPEN,22,1m,54,75,2025-04-18,2025-05-19,0.9649391755661191,0.03377468846800009,8.836546869812556e-4,0.9987138640341192,0.9995975187211005,1,2,1.0943435057173931,0.04423224721133207
USDPEN,22,1m,55,76,2025-04-21,2025-05-20,0.9775782204570227,0.021147685194707645,8.96177467607083e-4,0.9987259056517304,0.9996220831193374,1,2,1.1008329331512028,0.0468199043213162
USDPEN,22,1m,56,77,2025-04-22,2025-05-21,0.9761110026702602,0.02260936506145213,9.213046366021076e-4,0.9987203677317124,0.9996416723683145,1,2,1.1029520213435378,0.011111326492682776
USDPEN,22,1m,57,78,2025-04-23,2025-05-22,0.9723632880459686,0.026407168152702463,8.822561476799727e-4,0.9987704561986711,0.9996527123463511,1,2,1.0720668202313546,0.08153322732116698
USDPEN,22,1m,58,79,2025-04-24,2025-05-23,0.9659633738529091,0.03275439294006585,9.33663213669581e-4,0.998717766792975,0.9996514300066446,1,2,1.0934025405566206,0.05476233708352225
USDPEN,22,1m,59,80,2025-04-25,2025-05-26,0.9612543311990176,0.03742003697972937,9.590352624368916e-4,0.998674368178747,0.9996334034411839,1,2,1.0908246927357839,0.024204634833755432
USDPEN,22,1m,60,81,2025-04-28,2025-05-27,0.9499350173502205,0.048748906494812595,9.453660327525593e-4,0.998683923845033,0.9996292898777855,2,2,1.0951620817559522,0.05110075205122536
USDPEN,22,1m,61,82,2025-04-29,2025-05-28,0.9451056381647149,0.0536333393043943,8.858191132249724e-4,0.9987389774691092,0.9996247965823342,2,2,1.088691478197733,0.037772729676007415
USDPEN,22,1m,62,83,2025-04-30,2025-05-29,0.9413222722933692,0.05733560022304635,9.153993558071801e-4,0.9986578725164156,0.9995732718722228,2,2,1.0864098270828553,0.049645975690895273
USDPEN,22,1m,63,84,2025-05-01,2025-05-30,0.9402364105798208,0.05832962125270391,9.590801049457201e-4,0.9985660318325247,0.9995251119374704,2,2,1.0928748481402308,0.028071365087987046
USDPEN,22,1m,64,85,2025-05-02,2025-06-02,0.944916897528054,0.05345298580022268,0.0010751409999792464,0.9983698833282767,0.999445024328256,2,2,1.125049957816089,0.14910270851111251
USDPEN,22,1m,65,86,2025-05-05,2025-06-03,0.9510673527461042,0.04697247856224831,0.0013244661667019377,0.9980398313083525,0.9993642974750544,1,2,1.1594960049874061,0.1539641147803623
USDPEN,22,1m,66,87,2025-05-06,2025-06-04,0.9519836469669374,0.04605790363074017,0.0013225682650683354,0.9980415505976775,0.9993641188627459,1,2,1.2150643178861753,0.2504434882426169
USDPEN,22,1m,67,88,2025-05-07,2025-06-05,0.9520723722235664,0.046272663363888925,0.0010698287132565104,0.9983450355874554,0.9994148643007119,1,2,1.3227627732563043,0.4329255935008691
USDPEN,22,1m,68,89,2025-05-08,2025-06-06,0.9604947618720744,0.03763792708621517,0.0012306820289070817,0.9981326889582895,0.9993633709871966,1,2,1.3602701779106037,0.17815433671385866
USDPEN,22,1m,69,90,2025-05-09,2025-06-09,0.9616314891469168,0.03642929720472182,0.0012419539323721219,0.9980607863516386,0.9993027402840108,1,2,1.3777014219644084,0.10327541194578509
USDPEN,22,1m,70,91,2025-05-12,2025-06-10,0.9698817117758064,0.027990422466172494,0.0012642110903002036,0.9978721342419788,0.999136345332279,1,2,1.3929403844630095,0.09360756585644794
USDPEN,22,1m,71,92,2025-05-13,2025-06-11,0.9633223683338278,0.034728381769216214,0.0011115838441925698,0.998050750103044,0.9991623339472365,1,2,1.4188043107813382,0.35919416082565164
USDPEN,22,1m,72,93,2025-05-14,2025-06-12,0.9610851076697275,0.03733732169023186,9.608596595991964e-4,0.9984224293599594,0.9993832890195586,1,2,1.3160599678625673,0.6413412004300418
USDPEN,22,1m,73,94,2025-05-15,2025-06-13,0.9627401114999732,0.03574010183455937,9.109907694237391e-4,0.9984802133345325,0.9993912041039562,1,2,1.2917171549196438,0.14129718017656437
USDPEN,22,1m,74,95,2025-05-16,2025-06-16,0.961143708311797,0.036102111824513165,0.0020071546823454364,0.9972458201363101,0.9992529748186556,1,2,0.4660448111759314,1.1883151382724475
USDPEN,22,1m,75,96,2025-05-19,2025-06-17,0.966936612620741,0.030306716966141144,0.0021150773705055606,0.9972433295868822,0.9993584069573878,1,2,0.4238863626006567,0.14296193878113345
USDPEN,22,1m,76,97,2025-05-20,2025-06-18,0.9665709255699988,0.03064496950035711,0.002176827769889715,0.9972158950703559,0.9993927228402456,1,2,0.4430204314371177,0.06814163874762985
USDPEN,22,1m,77,98,2025-05-21,2025-06-19,0.9646444424972821,0.032647115070196325,0.0021792110351169366,0.9972915575674784,0.9994707686025954,1,2,0.45661352281133005,0.03838909829837201
USDPEN,22,1m,78,99,2025-05-22,2025-06-20,0.9650013875913823,0.032245830353212476,0.0023175187452207035,0.9972472179445948,0.9995647366898155,1,2,0.46259006091344246,0.037626732437934324
USDPEN,22,1m,79,100,2025-05-23,2025-06-23,0.9668149646158006,0.030016596495582585,0.0027621930911786445,0.9968315611113833,0.9995937542025619,1,2,0.4500784773207559,0.06436916943840217
USDPEN,22,1m,80,101,2025-05-26,2025-06-24,0.9721629212522097,0.02529774378480495,0.002154290885686217,0.9974606650370147,0.9996149559227009,1,2,0.4336308108719104,0.12329428311199617
USDPEN,22,1m,81,102,2025-05-27,2025-06-25,0.9737693673946027,0.023868889690912314,0.002031967821827617,0.997638257085515,0.9996702249073426,1,2,0.47651025118821294,0.16211082159328888
USDPEN,22,1m,82,103,2025-05-28,2025-06-26,0.9793535900041394,0.018763717068318447,0.001538506313411115,0.9981173070724578,0.999655813385869,1,2,0.5007827864116547,0.07967628512231988
USDPEN,22,1m,83,104,2025-05-29,2025-06-27,0.9816423411644927,0.017002508621338803,0.0010271003545667076,0.9986448497858315,0.9996719501403981,1,2,0.4996347388836089,0.08429240432225502
USDPEN,22,1m,84,105,2025-05-30,2025-06-30,0.9847611251267113,0.014241086366548587,6.582481635877348e-4,0.99900221149326,0.9996604596568477,1,2,0.5567234176074469,0.10806017813460095
USDPEN,22,1m,85,106,2025-06-02,2025-07-01,0.9871263660483339,0.012277847792211256,2.3952115605833715e-4,0.9994042138405452,0.9996437349966035,1,2,0.5442640196631596,0.3756249687168638
USDPEN,22,1m,86,107,2025-06-03,2025-07-02,0.9846916309563215,0.014709465432396457,2.4166448163967134e-4,0.999401096388718,0.9996427608703576,1,2,1.0549299890681452,0.764094802497771
USDPEN,22,1m,87,108,2025-06-04,2025-07-03,0.9826691528741834,0.01669651253245181,2.61521761725486e-4,0.9993656654066353,0.9996271871683607,1,2,0.9261779458937193,1.2419054797561846
USDPEN,22,1m,88,109,2025-06-05,2025-07-04,0.9777562998228788,0.02157764344729445,3.3258633829363015e-4,0.9993339432701732,0.9996665296084668,1,2,0.9924129902136645,0.20759389335803463
USDPEN,22,1m,89,110,2025-06-06,2025-07-07,0.9748006832222745,0.024438608740747787,3.9779770672065875e-4,0.9992392919630223,0.999637089669743,1,2,1.029290512709883,0.21410324236808703
USDPEN,22,1m,90,111,2025-06-09,2025-07-08,0.9729016003434866,0.02616599734696105,4.8533053175794255e-4,0.9990675976904476,0.9995529282222055,1,2,0.9588333720106336,0.25632716809379125
USDPEN,22,1m,91,112,2025-06-10,2025-07-09,0.9679030888215912,0.030947379031824512,5.98126398521543e-4,0.9988504678534157,0.9994485942519372,1,2,0.9652451431046148,0.10633765101450189
USDPEN,22,1m,92,113,2025-06-11,2025-07-10,0.9615559768788591,0.036819341597958855,6.945608542693956e-4,0.9983753184768179,0.9990698793310874,1,2,0.9735956953139007,0.08515574421528108
USDPEN,22,1m,93,114,2025-06-12,2025-07-11,0.9577465659919936,0.040047807315193765,9.448774401922643e-4,0.9977943733071873,0.9987392507473796,1,2,1.406977822231377,1.4122037148479283
USDPEN,22,1m,94,115,2025-06-13,2025-07-14,0.9440588024676773,0.052892528383558186,0.0014584398583686404,0.9969513308512354,0.9984097707096041,2,2,1.393728958767557,0.12571079695021153
USDPEN,22,1m,95,116,2025-06-16,2025-07-15,0.9138784495719569,0.08139759927789939,0.002468840484835063,0.9952760488498562,0.9977448893346913,2,2,1.382332681308292,0.08542443664204924
USDPEN,22,1m,96,117,2025-06-17,2025-07-16,0.8709089980693379,0.12220489139354244,0.003888863979142931,0.9931138894628803,0.9970027534420232,2,2,1.4162732621216987,0.3598376036568757
USDPEN,22,1m,97,118,2025-06-18,2025-07-17,0.8788054987612599,0.11519716648849526,0.003559864981910076,0.9940026652497551,0.9975625302316652,2,2,1.4064890636278504,0.14849397297835934
USDPEN,22,1m,98,119,2025-06-19,2025-07-18,0.8929597584038292,0.10137413750712884,0.0030598205103732285,0.9943338959109581,0.9973937164213313,2,2,1.4105932232193357,0.18573294938241858
USDPEN,22,1m,99,120,2025-06-20,2025-07-21,0.9042967375296559,0.09078088023792491,0.0025175218858093495,0.9950776177675809,0.9975951396533902,2,2,1.3559415383493676,0.3660737746670395
USDPEN,22,1m,100,121,2025-06-23,2025-07-22,0.9051675427300501,0.08946033167616818,0.0027130487934641434,0.9946278744062182,0.9973409231996824,2,2,1.4003955762662483,0.38644992296459774
USDPEN,22,1m,101,122,2025-06-24,2025-07-23,0.9028610447245115,0.09172856101078214,0.0025607331364224523,0.9945896057352936,0.9971503388717161,2,2,1.417764479200149,0.2831146913190267
USDPEN,22,1m,102,123,2025-06-25,2025-07-24,0.8955389372313303,0.09536996245796558,0.004953710315470409,0.9909088996892959,0.9958626100047663,2,2,1.346739288619134,0.9663178707957121
USDPEN,22,1m,103,124,2025-06-26,2025-07-25,0.8848331011905852,0.10268009081134084,0.008471256495501069,0.9875131920019261,0.9959844484974272,2,3,1.3602169210675006,0.1700130130399889
USDPEN,22,1m,104,125,2025-06-27,2025-07-28,0.9012903895892731,0.08717962602110434,0.007909606422301195,0.9884700156103774,0.9963796220326786,2,3,1.3585826258423046,0.030411372040291876
USDPEN,22,1m,105,126,2025-06-30,2025-07-29,0.9108919769479417,0.07850552198839869,0.007488975482835931,0.9893974989363403,0.9968864744191762,2,3,1.363082374655617,0.05629745267993621
USDPEN,22,1m,106,127,2025-07-01,2025-07-30,0.9039276836575549,0.08423342172118804,0.008381894438919929,0.988161105378743,0.9965429998176629,2,3,1.3591849100545845,0.04069733807538334
USDPEN,22,1m,107,128,2025-07-02,2025-07-31,0.9064511949350091,0.08117329950784108,0.008862165471492038,0.9876244944428503,0.9964866599143423,2,3,1.359970470440724,0.03242783565547226
USDPEN,22,1m,108,129,2025-07-03,2025-08-01,0.8472145467499834,0.13553753701217508,0.012546513807245831,0.9827520837621585,0.9952985975694043,2,3,1.3584103831867067,0.03450092628844376
USDPEN,22,1m,109,130,2025-07-04,2025-08-04,0.8653028641310541,0.11903174898120218,0.010979400840505192,0.9843346131122562,0.9953140139527614,2,3,1.3516922786236336,0.09319854802134601
USDPEN,22,1m,110,131,2025-07-07,2025-08-05,0.8549767599462597,0.1301799008945228,0.00962708599956952,0.9851566608407825,0.994783746840352,2,3,1.3767996273475178,0.11768440324253389
USDPEN,22,1m,111,132,2025-07-08,2025-08-06,0.8381600653551863,0.1491634670320857,0.007746550556886152,0.987323532387272,0.9950700829441581,2,3,1.4087429315853768,0.23288352937595852
USDPEN,22,1m,112,133,2025-07-09,2025-08-07,0.8182920300297303,0.1688774304034164,0.007305827181993422,0.9871694604331467,0.9944752876151401,2,3,1.396179408355661,0.16906328514927918
USDPEN,22,1m,113,134,2025-07-10,2025-08-08,0.8212080855895386,0.16808641745577366,0.005739760627762712,0.9892945030453123,0.995034263673075,2,3,1.3494106594597752,0.332919534693649
USDPEN,22,1m,114,135,2025-07-11,2025-08-11,0.8252789475099737,0.16504045829478273,0.005148840154523471,0.9903194058047564,0.9954682459592799,2,2,1.336585936865042,0.15416393779089446
USDPEN,22,1m,115,136,2025-07-14,2025-08-12,0.8297278678093545,0.16058706906791848,0.004913633648575546,0.990314936877273,0.9952285705258486,2,2,1.3338355673498121,0.03570428710599607
USDPEN,22,1m,116,137,2025-07-15,2025-08-13,0.8456578729124934,0.14392861040962113,0.004984785333051823,0.9895864833221145,0.9945712686551663,2,3,1.3318066484417213,0.020709430030517572
USDPEN,22,1m,117,138,2025-07-16,2025-08-14,0.8903758551600605,0.09766191962711006,0.005183801093392807,0.9880377747871705,0.9932215758805633,2,3,1.3627256322341181,0.14298077507609394
USDPEN,22,1m,118,139,2025-07-17,2025-08-15,0.9052377320851407,0.08205245130429523,0.005292361059690188,0.9872901833894359,0.9925825444491261,2,3,1.3365574010110246,0.18281747841383617
USDPEN,22,1m,119,140,2025-07-18,2025-08-18,0.8975813803275822,0.08966202574508145,0.006118357680304518,0.9872434060726636,0.9933617637529681,2,3,1.150124244749802,1.3238001131550616
USDPEN,22,1m,120,141,2025-07-21,2025-08-19,0.9058131916840421,0.08155986160459475,0.007107637514359441,0.9873730532886368,0.9944806908029962,2,3,1.3660769046284218,0.8857345119796324
USDPEN,22,1m,121,142,2025-07-22,2025-08-20,0.9153960787670863,0.07401089279824824,0.006188728592310494,0.9894069715653345,0.995595700157645,2,3,1.3593050058840963,0.09980433977542852
USDPEN,22,1m,122,143,2025-07-23,2025-08-21,0.9358987981044469,0.055725721607799816,0.005201218620717077,0.9916245197122466,0.9968257383329637,2,2,1.3415774662522033,0.10189111251486821
USDPEN,22,1m,123,144,2025-07-24,2025-08-22,0.947050014443334,0.046276347163620606,0.004593732180959017,0.9933263616069546,0.9979200937879137,2,2,1.2979564308264584,0.17193808635795182
USDPEN,22,1m,124,145,2025-07-25,2025-08-25,0.9494736126929396,0.044837565677655615,0.004119306507288065,0.9943111783705952,0.9984304848778833,2,2,1.2963209705528613,0.06377212737539159
USDPEN,22,1m,125,146,2025-07-28,2025-08-26,0.9360384517711015,0.05948565314002162,0.0037984082370637875,0.9955241049111231,0.9993225131481869,2,2,1.29064583967229,0.07854561421398752
USDPEN,22,1m,126,147,2025-07-29,2025-08-27,0.9393962922555643,0.05679571520945727,0.0029473973622347986,0.9961920074650216,0.9991394048272564,2,2,1.275310135798169,0.1820359938407365
USDPEN,22,1m,127,148,2025-07-30,2025-08-28,0.9362665363571843,0.06050433847683475,0.002412341439330543,0.996770874834019,0.9991832162733496,2,2,1.2679176965200287,0.13242672460129926
USDPEN,22,1m,128,149,2025-07-31,2025-08-29,0.9403952686656996,0.056784906761171504,0.00201926847206453,0.9971801754268711,0.9991994438989357,2,2,1.2571734922805637,0.2656449381926706
USDPEN,22,1m,129,150,2025-08-01,2025-09-01,0.9425971970637417,0.054960919049794804,0.0016921412985085823,0.9975581161135365,0.9992502574120451,2,2,1.2287512044254567,0.25480102212879135
USDPEN,22,1m,130,151,2025-08-04,2025-09-02,0.9457365384584223,0.05224684288095282,0.0014296432292101972,0.9979833813393751,0.9994130245685854,2,2,1.2571593635823974,0.27202816718681777
USDPEN,22,1m,131,152,2025-08-05,2025-09-03,0.943343133767462,0.05459855496900274,0.0014568144915340464,0.9979416887364648,0.9993985032279988,2,2,1.2439090609666617,0.05674334455562194
USDPEN,22,1m,132,153,2025-08-06,2025-09-04,0.9446898629194957,0.05348996512505809,0.0012861469316824852,0.9981798280445539,0.9994659749762363,2,2,1.26682663708616,0.19059577116275492
USDPEN,22,1m,133,154,2025-08-07,2025-09-05,0.9472405129831755,0.05101317094006441,0.001227554708037903,0.9982536839232399,0.9994812386312778,2,2,1.2881840627480694,0.12995153064808249
USDPEN,22,1m,134,155,2025-08-08,2025-09-08,0.9545215978834887,0.04399093832093224,9.99745995042542e-4,0.9985125362044209,0.9995122821994634,1,2,1.2881441510489844,0.14427286888308463
USDPEN,22,1m,135,156,2025-08-11,2025-09-09,0.9569243200210442,0.041535626402962794,9.968794555049911e-4,0.998459946424007,0.999456825879512,1,2,1.2276337884582031,0.1561600327141998
USDPEN,22,1m,136,157,2025-08-12,2025-09-10,0.9589091526992916,0.03948285696140842,9.182484519835356e-4,0.9983920096607,0.9993102581126835,1,2,1.1644135639061959,0.14314601744127026
USDPEN,22,1m,137,158,2025-08-13,2025-09-11,0.9592077465347117,0.03897761551062314,0.0010147555795990914,0.9981853620453349,0.999200117624934,1,2,0.9989722374701983,0.4219164528311773
USDPEN,22,1m,138,159,2025-08-14,2025-09-12,0.9618353944145194,0.03644706750546628,9.638835850710737e-4,0.9982824619199857,0.9992463455050568,1,2,0.9269716275401046,0.1788906800162576
USDPEN,22,1m,139,160,2025-08-15,2025-09-15,0.960995946335968,0.037539993517256405,7.717309594725942e-4,0.9985359398532244,0.999307670812697,1,2,0.8262892797176529,0.2642720161041696
USDPEN,22,1m,140,161,2025-08-18,2025-09-16,0.9579484697759377,0.040680287592927314,7.05393058247465e-4,0.998628757368865,0.9993341504271125,1,2,0.7870574756437371,0.33598101334573754
USDPEN,22,1m,141,162,2025-08-19,2025-09-17,0.9650022504044752,0.03383862612178159,6.808550171272082e-4,0.9988408765262567,0.999521731543384,1,2,0.7984436320078927,0.13194176185666065
USDPEN,22,1m,142,163,2025-08-20,2025-09-18,0.964946094231238,0.033950937484379225,6.647646355754864e-4,0.9988970317156173,0.9995617963511928,1,2,0.7959896208764685,0.22680895378192495
USDPEN,22,1m,143,164,2025-08-21,2025-09-19,0.9674907925910857,0.03141547943495199,6.581700139531975e-4,0.9989062720260378,0.999564442039991,1,2,0.8113356580959957,0.05380436048419199
USDPEN,22,1m,144,165,2025-08-22,2025-09-22,0.9665655375124156,0.0322220732256141,7.639716789441185e-4,0.9987876107380297,0.9995515824169738,1,2,0.905766575983723,0.20587711802890177
USDPEN,22,1m,145,166,2025-08-25,2025-09-23,0.9688203459066181,0.02993383949958665,8.333535927659505e-4,0.9987541854062048,0.9995875389989707,1,2,0.9767741141194997,0.1196211744346847
USDPEN,22,1m,146,167,2025-08-26,2025-09-24,0.9777268167415266,0.021105416232437176,7.578436320234489e-4,0.9988322329739638,0.9995900766059873,1,2,1.0367005732468066,0.18444337644024103
USDPEN,22,1m,147,168,2025-08-27,2025-09-25,0.9742313294374527,0.02466499267111148,8.112544418697886e-4,0.9988963221085642,0.999707576550434,1,2,1.0511995503142426,0.1751247259359915
USDPEN,22,1m,148,169,2025-08-28,2025-09-26,0.9693374329491694,0.029403551715917225,9.352731138764855e-4,0.9987409846650867,0.9996762577789632,1,2,1.0476229923351883,0.02638768834261135
USDPEN,22,1m,149,170,2025-08-29,2025-09-29,0.9654532847322033,0.03306140346010959,0.0010869292409811156,0.9985146881923128,0.9996016174332939,1,2,1.0448824338150604,0.044219187300159016
USDPEN,22,1m,150,171,2025-09-01,2025-09-30,0.9578763888149681,0.040367454720990764,0.0012594459371786347,0.9982438435359589,0.9995032894731375,1,2,1.0602881574677163,0.03631096129628637
USDPEN,22,1m,151,172,2025-09-02,2025-10-01,0.9485842201448627,0.048966580834229334,0.0015719346752851122,0.997550800979092,0.9991227356543771,2,2,1.082338518608838,0.11952310885549285
USDPEN,22,1m,152,173,2025-09-03,2025-10-02,0.931490168455978,0.06545609614825447,0.001991779851628443,0.9969462646042324,0.9989380444558609,2,2,1.1276805195413795,0.12741522914858894
USDPEN,22,1m,153,174,2025-09-04,2025-10-03,0.8819570227225002,0.11339613405020453,0.0029055928260400387,0.9953531567727048,0.9982587495987448,2,2,1.1043827656654623,0.05848166304312567
USDPEN,22,1m,154,175,2025-09-05,2025-10-06,0.7924697851999695,0.20040017353471995,0.0044537435717191065,0.9928699587346894,0.9973237023064085,2,2,1.090345889392514,0.1611772737137729
USDPEN,22,1m,155,176,2025-09-08,2025-10-07,0.6037273883656985,0.39014269619756253,0.002994977391576986,0.9938700845632611,0.996865061954838,2,2,1.3775370762898953,0.8277155337777121
USDPEN,22,1m,156,177,2025-09-09,2025-10-08,0.5789122044096929,0.4142487583831943,0.003264491689825527,0.9931609627928872,0.9964254544827128,2,2,1.369003100291118,0.5823203153283265
USDPEN,22,1m,157,178,2025-09-10,2025-10-09,0.6286442456985577,0.3642477307786922,0.00277897760531136,0.9928919764772499,0.9956709540825612,2,2,1.3562682616148964,0.3377840185447287
USDPEN,22,1m,158,179,2025-09-11,2025-10-10,0.6467651926418074,0.3424792635343096,0.006068552879076563,0.989244456176117,0.9953130090551936,2,3,1.3759111936736177,1.41377264091449
USDPEN,22,1m,159,180,2025-09-12,2025-10-13,0.6663392158734002,0.3237878979036763,0.005601021256157705,0.9901271137770764,0.9957281350332341,2,2,1.3212680814795226,0.22322917743945814
USDPEN,22,1m,160,181,2025-09-15,2025-10-14,0.7384134129920626,0.2530805844236651,0.0049242644269157435,0.9914939974157277,0.9964182618426435,2,2,1.3053118660841725,0.06398646079912305
USDPEN,22,1m,161,182,2025-09-16,2025-10-15,0.7200856354413,0.27058408347484075,0.005914177522636599,0.9906697189161408,0.9965838964387773,2,2,1.314465298045043,0.19304686756054126
USDPEN,22,1m,162,183,2025-09-17,2025-10-16,0.7444632801954837,0.24623684976540103,0.006346018861335477,0.9907001299608847,0.9970461488222202,2,2,1.3026817165084341,0.053084817482565244
USDPEN,22,1m,163,184,2025-09-18,2025-10-17,0.7454648878978307,0.2445879885723371,0.0071128616581297615,0.9900528764701678,0.9971657381282976,2,2,1.3060089427427861,0.08992853180505606
USDPEN,22,1m,164,185,2025-09-19,2025-10-20,0.7524194757259297,0.23854467843083174,0.0062829343533915265,0.9909641541567614,0.997247088510153,2,2,1.302943002027993,0.034330957355432123
USDPEN,22,1m,165,186,2025-09-22,2025-10-21,0.744543696280803,0.24645059281072051,0.005962271735744037,0.9909942890915235,0.9969565608272676,2,2,1.312307635067347,0.04271012984637084
USDPEN,22,1m,166,187,2025-09-23,2025-10-22,0.761007832282766,0.23059765774162758,0.005042671042824629,0.9916054900243936,0.9966481610672182,2,2,1.3280091890846009,0.08966936165597138
USDPEN,22,1m,167,188,2025-09-24,2025-10-23,0.7440672574777978,0.2477801468246938,0.004426420525560157,0.9918474043024916,0.9962738248280518,2,2,1.3763662502997533,0.20029914064444101
USDPEN,22,1m,168,189,2025-09-25,2025-10-24,0.7230130839061485,0.26921063783842314,0.004093142072772675,0.9922237217445716,0.9963168638173443,2,2,1.3984034420143487,0.13428727314146235
USDPEN,22,1m,169,190,2025-09-26,2025-10-27,0.714196031914134,0.2782455184367394,0.003993774273775184,0.9924415503508734,0.9964353246246487,2,2,1.3904413574818617,0.0558364579334218
USDPEN,22,1m,170,191,2025-09-29,2025-10-28,0.7087094233503627,0.28367955060564337,0.004060764430283689,0.9923889739560061,0.9964497383862898,2,2,1.3996290003443308,0.08191265441916241
USDPEN,22,1m,171,192,2025-09-30,2025-10-29,0.6861567198233748,0.3066547055042928,0.0037632736715600616,0.9928114253276676,0.9965746989992277,2,2,1.4086671204991543,0.19952353758478944
USDPEN,22,1m,172,193,2025-10-01,2025-10-30,0.6941360268529947,0.2908541140925502,0.009911953696018654,0.9849901409455448,0.9949020946415634,2,3,1.262952076563898,1.3197092342820693
USDPEN,22,1m,173,194,2025-10-02,2025-10-31,0.7070240360423498,0.27207399601198595,0.01623233100982559,0.9790980320543357,0.9953303630641612,2,3,1.2912983115747787,0.1257091394437398
USDPEN,22,1m,174,195,2025-10-03,2025-11-03,0.7281608538830155,0.24685653957031833,0.02103650526621932,0.9750173934533339,0.9960538987195533,2,3,1.305026353505864,0.06079294108129396
USDPEN,22,1m,175,196,2025-10-06,2025-11-04,0.7389304439270847,0.2307462822341949,0.02603647270895482,0.9696767261612796,0.9957131988702345,2,3,1.3237088498267569,0.07345637017518826
USDPEN,22,1m,176,197,2025-10-07,2025-11-05,0.7429660353186671,0.22088643517433323,0.03180838345434818,0.9638524704930004,0.9956608539473486,2,3,1.3308720932078997,0.059962358362101786
USDPEN,22,1m,177,198,2025-10-08,2025-11-06,0.782658591840519,0.1756185715019501,0.036291767965878026,0.9582771633424692,0.9945689313083472,2,3,1.3452063265045993,0.07151883029596563
USDPEN,22,1m,178,199,2025-10-09,2025-11-07,0.8402273276091425,0.11849661953063143,0.03627308248792648,0.9587239471397739,0.9949970296277004,2,3,1.349095756520504,0.09254317980084756
USDPEN,22,1m,179,200,2025-10-10,2025-11-10,0.8144366909874411,0.13942281590875508,0.04018036969826011,0.9538595068961961,0.9940398765944563,2,3,1.3546095354544898,0.0661166551461985
USDPEN,22,1m,180,201,2025-10-13,2025-11-11,0.8403095914448525,0.1165595668732136,0.038005055193946737,0.9568691583180661,0.9948742135120128,2,3,1.3585192981682717,0.06307775036086787
USDPEN,22,1m,181,202,2025-10-14,2025-11-12,0.839365893645451,0.12216272813667808,0.03325910167354489,0.9615286217821291,0.9947877234556739,2,3,1.360891301125576,0.04044437697407209
USDPEN,22,1m,182,203,2025-10-15,2025-11-13,0.8309030385922412,0.13505944035759876,0.028115529159170465,0.96596247894984,0.9940780081090105,2,3,1.3596620168081448,0.03461632832352582
USDPEN,22,1m,183,204,2025-10-16,2025-11-14,0.8448574168054814,0.12383136163787468,0.02604661746041637,0.9686887784433561,0.9947353959037725,2,3,1.3592409201394249,0.047627065800226985
USDPEN,22,1m,184,205,2025-10-17,2025-11-17,0.8474797106160127,0.12353179139528975,0.02297261843011388,0.9710115020113024,0.9939841204414163,2,3,1.3513942355843658,0.07926502629815435
USDPEN,22,1m,185,206,2025-10-20,2025-11-18,0.855438742485355,0.11427770251544833,0.022830196025830755,0.9697164450008033,0.9925466410266341,2,3,1.3434204363420594,0.0804984661426492
USDPEN,22,1m,186,207,2025-10-21,2025-11-19,0.8614128478246337,0.11473827923920994,0.014126276691128273,0.9761511270638437,0.990277403754972,2,3,1.3554713603771855,0.10594362248044387
USDPEN,22,1m,187,208,2025-10-22,2025-11-20,0.8496118274029038,0.12475272093985137,0.015093365792682292,0.9743645483427551,0.9894579141354374,2,4,1.3901309573604783,0.47639598720038856
USDPEN,22,1m,188,209,2025-10-23,2025-11-21,0.8735326228028106,0.1048922708556438,0.013542950498586576,0.9784248936584544,0.991967844157041,2,3,1.4099457462709541,0.32059666245150575
USDPEN,22,1m,189,210,2025-10-24,2025-11-24,0.8763667089381668,0.10386016967201343,0.013250922133908776,0.9802268786101802,0.993477800744089,2,3,1.4231027959729143,0.20881310325116817
USDPEN,22,1m,190,211,2025-10-27,2025-11-25,0.8772046494287589,0.1014833265976299,0.014439314373866337,0.9786879760263888,0.9931272904002552,2,3,1.4205546181618385,0.09830462674671277
USDPEN,22,1m,191,212,2025-10-28,2025-11-26,0.8102798173939288,0.16716607568386185,0.014454039774297133,0.9774458930777907,0.9918999328520879,2,3,1.3884009501835046,0.2708262108750936
USDPEN,22,1m,192,213,2025-10-29,2025-11-27,0.7253491975404016,0.2605632907075914,0.009234040049909124,0.985912488247993,0.9951465282979022,2,3,1.380765320340522,0.1186154726912633
USDPEN,22,1m,193,214,2025-10-30,2025-11-28,0.8310293055675616,0.16095036910672628,0.005059024632788694,0.9919796746742879,0.9970386993070767,2,2,1.3834427525676047,0.14767151902164746
USDPEN,22,1m,194,215,2025-10-31,2025-12-01,0.8740457751485644,0.11923296671986422,0.0038830924506591973,0.9932787418684286,0.9971618343190878,2,2,1.37064354894175,0.07767722887862816
USDPEN,22,1m,195,216,2025-11-03,2025-12-02,0.8952415477237209,0.09909797235378437,0.003305881064350887,0.9943395200775053,0.9976454011418562,2,2,1.356645478853764,0.1137023215082032
USDPEN,22,1m,196,217,2025-11-04,2025-12-03,0.9152283280886997,0.08018421639593092,0.0026900662826623107,0.9954125444846306,0.9981026107672929,2,2,1.3550452939742201,0.02615724877386142
USDPEN,22,1m,197,218,2025-11-05,2025-12-04,0.9309306086878218,0.06525828614586249,0.002416000612871004,0.9961888948336843,0.9986048954465553,2,2,1.370352763113853,0.24720825362551122
USDPEN,22,1m,198,219,2025-11-06,2025-12-05,0.934545464008159,0.060985859445256335,0.0026452824545697344,0.9955313234534153,0.9981766059079851,2,2,1.415839723692614,0.40964356718172223
USDPEN,22,1m,199,220,2025-11-07,2025-12-08,0.9236382129398042,0.072113136304837,0.002449690150840431,0.9957513492446411,0.9982010393954815,2,2,1.4151182067681516,0.052857775760431124
USDPEN,22,1m,200,221,2025-11-10,2025-12-09,0.9239729973361044,0.07195871198292997,0.002371985778263005,0.9959317093190343,0.9983036950972973,2,2,1.4162427743237063,0.03550357540593937
USDPEN,22,1m,201,222,2025-11-11,2025-12-10,0.9082383214986997,0.08755347681052728,0.002500834484259206,0.9957917983092269,0.9982926327934861,2,2,1.3386169283031653,0.46780503209020874
USDPEN,22,1m,202,223,2025-11-12,2025-12-11,0.9019231681126689,0.09393939002812352,0.0024720321936299657,0.9958625581407925,0.9983345903344225,2,2,1.3157185123134838,0.10653393621036947
USDPEN,22,1m,203,224,2025-11-13,2025-12-12,0.8912647413588347,0.10436001410776678,0.0026710706988028812,0.9956247554666015,0.9982958261654044,2,2,1.3527857420839895,0.14448178541785758
USDPEN,22,1m,204,225,2025-11-14,2025-12-15,0.880932925724914,0.1146086690997622,0.002569219889205097,0.9955415948246762,0.9981108147138813,2,2,1.3562179202317246,0.02426570272773571
USDPEN,22,1m,205,226,2025-11-17,2025-12-16,0.87421713567648,0.12064189554177762,0.002480098643283748,0.9948590312182576,0.9973391298615414,2,2,1.2424873493466868,0.3647497415245711
USDPEN,22,1m,206,227,2025-11-18,2025-12-17,0.868167446541676,0.1260331810558681,0.002784887249147243,0.9942006275975441,0.9969855148466914,2,2,1.021999796227419,0.5244913351091058
USDPEN,22,1m,207,228,2025-11-19,2025-12-18,0.8608042288944547,0.13242734733693184,0.0034534222565494126,0.9932315762313866,0.996684998487936,2,2,0.8105631241914086,0.5880518645558792
USDPEN,22,1m,208,229,2025-11-20,2025-12-19,0.8818292149055209,0.11019538747865668,0.004921655313097128,0.9920246023841776,0.9969462576972746,2,2,0.8043441216771164,0.6234421227813561
USDPEN,22,1m,209,230,2025-11-21,2025-12-22,0.9077298778277418,0.08463718430814995,0.005109365162388236,0.9923670621358918,0.99747642729828,2,2,0.8776454978269619,0.17629415453311906
USDPEN,22,1m,210,231,2025-11-24,2025-12-23,0.909294334425267,0.08366550403713195,0.004446385352042208,0.9929598384623989,0.9974062238144411,2,2,0.943964434733241,0.10191786318924974
USDPEN,22,1m,211,232,2025-11-25,2025-12-24,0.9088559162623602,0.08489888128875787,0.003639278569472381,0.9937547975511181,0.9973940761205904,2,2,1.0673253841646742,0.23776106664796376
USDPEN,22,1m,212,233,2025-11-26,2025-12-25,0.9156896075751124,0.07958533447618517,0.0027121802585167625,0.9952749420512976,0.9979871223098143,2,2,1.2761070920293205,0.514132084838809
USDPEN,22,1m,213,234,2025-11-27,2025-12-26,0.9213103988776885,0.07503121330256207,0.0021623191063056117,0.9963416121802506,0.9985039312865562,2,2,1.368560553248826,0.3986941425291886
USDPEN,22,1m,214,235,2025-11-28,2025-12-29,0.9302366905889421,0.06731991204720927,0.0016610194066833455,0.9975566026361513,0.9992176220428347,2,2,1.416972494532711,0.405627344029794
USDPEN,22,1m,215,236,2025-12-01,2025-12-30,0.9293172255050335,0.06833060514949048,0.001512216126161648,0.997647830654524,0.9991600467806857,2,2,1.4193746486847523,0.07046761164952972
USDPEN,22,1m,216,237,2025-12-02,2025-12-31,0.9315976403709341,0.06594216875567412,0.0015089522148698865,0.9975398091266082,0.9990487613414781,2,2,1.4186819705154141,0.09840048136381599
USDPEN,22,1m,217,238,2025-12-03,2026-01-01,0.9307068241536166,0.0667368220333693,0.0014654461463396286,0.9974436461869859,0.9989090923333255,2,2,1.412985754744039,0.5084345573961239
USDPEN,22,1m,218,239,2025-12-04,2026-01-02,0.9361067546234391,0.06132797936163421,0.00148218802641489,0.9974347339850733,0.9989169220114882,2,2,1.4070598342111433,0.30729037709705853
USDPEN,22,1m,219,240,2025-12-05,2026-01-05,0.9738440237506587,0.02321621407313795,0.0018074050655484065,0.9970602378237966,0.998867642889345,1,2,1.4134218047242253,0.14583302402163212
USDPEN,22,1m,220,241,2025-12-08,2026-01-06,0.9837144945341432,0.013295753905419053,0.0017260647128841703,0.9970102484395622,0.9987363131524464,1,2,1.4238212923477296,0.24998613639878547
USDPEN,22,1m,221,242,2025-12-09,2026-01-07,0.9823233443543706,0.014467314581131667,0.0019465069658373792,0.9967906589355023,0.9987371659013398,1,2,1.4170427481591759,0.1853718775774722
USDPEN,22,1m,222,243,2025-12-10,2026-01-08,0.9716217786201062,0.025428727211798775,0.001970970800531929,0.997050505831905,0.9990214766324369,1,2,1.4183016473668446,0.08519370009920722
USDPEN,22,1m,223,244,2025-12-11,2026-01-09,0.9665308732540971,0.02961101499284096,0.0019606573563000595,0.9961418882469381,0.9981025456032381,1,2,1.422453241125846,0.09601721455901623
USDPEN,22,1m,224,245,2025-12-12,2026-01-12,0.9509836791019672,0.043645164588080494,0.0028328262503471073,0.9946288436900478,0.9974616699403949,1,2,0.846760351052414,1.3321359447207624
USDPEN,22,1m,225,246,2025-12-15,2026-01-13,0.9105545635976922,0.08517273930537522,0.0028959374915849666,0.9957273029030673,0.9986232403946523,2,2,0.8110258881301708,0.24309405749457216
USDPEN,22,1m,226,247,2025-12-16,2026-01-14,0.9065383169100966,0.08991787990908301,0.0026393887415999866,0.9964561968191796,0.9990955855607796,2,2,0.7944409244032077,0.16163521845627174
USDPEN,22,1m,227,248,2025-12-17,2026-01-15,0.9258954588032092,0.0716384864317971,0.0017436625748985944,0.9975339452350063,0.9992776078099048,2,2,0.7771830544924501,0.14104887960210524
USDPEN,22,1m,228,249,2025-12-18,2026-01-16,0.9358479578734307,0.062214280438121515,0.0013790450991706489,0.9980622383115522,0.9994412834107228,2,2,0.7723244463673253,0.11048561491158114
USDPEN,22,1m,229,250,2025-12-19,2026-01-19,0.9408642307726546,0.057284173659220526,0.0013289227602993536,0.9981484044318751,0.9994773271921745,2,2,0.7824623247535414,0.12634595714540633
USDPEN,22,1m,230,251,2025-12-22,2026-01-20,0.9416531645770753,0.05654990628529772,0.0012500789519018143,0.998203070862373,0.9994531498142748,2,2,0.7816374396825986,0.07226591480709461
USDPEN,22,1m,231,252,2025-12-23,2026-01-21,0.9396688308124327,0.0582304260681645,0.0014860410985263772,0.9978992568805972,0.9993852979791236,2,2,0.7512415744160299,0.059630157095925035
USDPEN,22,1m,232,253,2025-12-24,2026-01-22,0.9150176357033614,0.08233798692658416,0.0018747660069776085,0.9973556226299455,0.999230388636923,2,2,0.80979539404111,0.2981417664955036
USDPEN,22,1m,233,254,2025-12-25,2026-01-23,0.8936460622505563,0.10375221978247787,0.0018567248305034205,0.9973982820330342,0.9992550068635376,2,2,0.8157662124698997,0.04879332256936519
USDPEN,22,1m,234,255,2025-12-26,2026-01-26,0.8702351207254788,0.1269571339813484,0.0019977824004544184,0.9971922547068273,0.9991900371072817,2,2,0.7999458764950805,0.02453831259928642
USDPEN,22,1m,235,256,2025-12-29,2026-01-27,0.8387376157899639,0.1579687188991933,0.002238195505715971,0.9967063346891571,0.9989445301948732,2,2,0.886324288587513,0.1431155887395997
USDPEN,22,1m,236,257,2025-12-30,2026-01-28,0.7957233249211997,0.19995077854023507,0.0029377933293787016,0.9956741034614347,0.9986118967908134,2,2,0.9908449440783839,0.1793789959062715
USDPEN,22,1m,237,258,2025-12-31,2026-01-29,0.7563565185284331,0.23904081369434096,0.003210948836217638,0.995397332222774,0.9986082810589917,2,2,1.073494076026547,0.1613019219870209
USDPEN,22,1m,238,259,2026-01-01,2026-01-30,0.7575047820832285,0.23811134303902026,0.0030306355469170224,0.9956161251222487,0.9986467606691658,2,2,1.1356317731705563,0.12206278737113975
USDPEN,22,1m,239,260,2026-01-02,2026-02-02,0.7598458565275427,0.23618281722901927,0.0027418172439021508,0.9960286737565619,0.998770491000464,2,2,1.2646427116183128,0.270843808401792
USDPEN,22,1m,240,261,2026-01-05,2026-02-03,0.7635313889390583,0.23291483601126803,0.002645876338088617,0.9964462249503263,0.999092101288415,2,2,1.3366445164144876,0.2016547788488238
USDPEN,22,1m,241,262,2026-01-06,2026-02-04,0.7643765530485672,0.23219009209108926,0.002743222719860588,0.9965666451396564,0.999309867859517,2,2,1.3518901850878462,0.054503243015614176
USDPEN,22,1m,242,263,2026-01-07,2026-02-05,0.7630056625884826,0.23361959530307766,0.0028289103475444945,0.9966252578915602,0.9994541682391047,2,2,1.3610331594587075,0.0416682677789376
USDPEN,22,1m,243,264,2026-01-08,2026-02-06,0.7608911815834992,0.23550703467664014,0.0031324465122300744,0.9963982162601394,0.9995306627723695,2,2,1.366501782344603,0.0395619355971433
USDPEN,22,1m,244,265,2026-01-09,2026-02-09,0.7380342620192025,0.2581737312185516,0.0032582342656603315,0.9962079932377541,0.9994662275034144,2,2,1.3634352300611283,0.033425731594404734
USDPEN,22,1m,245,266,2026-01-12,2026-02-10,0.7503047562009701,0.24538603540563658,0.0036680017757560967,0.9956907916066067,0.9993587933823628,2,2,1.3481309423014134,0.0893367386492852
USDPEN,22,1m,246,267,2026-01-13,2026-02-11,0.7986715411741996,0.1965888091716772,0.0040205206648223114,0.9952603503458768,0.9992808710106991,2,2,1.336163622269248,0.05515661859471262
USDPEN,22,1m,247,268,2026-01-14,2026-02-12,0.7731789297092961,0.22214040686280387,0.00412257736274341,0.9953193365721,0.9994419139348435,2,2,1.332120958589965,0.06926190607163431
USDPEN,22,1m,248,269,2026-01-15,2026-02-13,0.7438183754356554,0.2516813180104075,0.004062073593445412,0.9954996934460629,0.9995617670395084,2,2,1.3316354052891355,0.011933737671384458
USDPEN,22,1m,249,270,2026-01-16,2026-02-16,0.6652112828242903,0.32978111663135656,0.004519281911031596,0.9949923994556469,0.9995116813666785,2,2,1.3305129989886197,0.00906696360890101
USDPEN,22,1m,250,271,2026-01-19,2026-02-17,0.5880443341562493,0.40640177691997265,0.0049195923084516015,0.9944461110762219,0.9993657033846736,2,2,1.336845648528371,0.029062501568462042
USDPEN,22,1m,251,272,2026-01-20,2026-02-18,0.5884982491244725,0.4057549863249496,0.004789398193002502,0.994253235449422,0.9990426336424245,2,2,1.3311007770609748,0.029314493515626823
USDPEN,22,1m,252,273,2026-01-21,2026-02-19,0.6291619981196165,0.36360540341388653,0.005832089526267831,0.9927674015335031,0.9985994910597709,2,2,1.3126880014333382,0.07853963442063033
USDPEN,22,1m,253,274,2026-01-22,2026-02-20,0.6466289732933724,0.34612634981669044,0.00553069922199185,0.9927553231100629,0.9982860223320548,2,2,1.2915420085344815,0.10881883622117158
USDPEN,22,1m,254,275,2026-01-23,2026-02-23,0.6371401587561082,0.3572226703284045,0.0037354726322258694,0.9943628290845127,0.9980983017167385,2,2,1.1401586386912808,0.5318656327100687
USDPEN,22,1m,255,276,2026-01-26,2026-02-24,0.618638649116642,0.37589857835071755,0.004057474556253352,0.9945372274673596,0.998594702023613,2,2,1.022547971186131,0.7258754593526938
USDPEN,22,1m,256,277,2026-01-27,2026-02-25,0.6095540159367561,0.3855538497727132,0.004408526512997038,0.9951078657094692,0.9995163922224662,2,2,1.0509367662606064,0.2962101046046847
USDPEN,22,1m,257,278,2026-01-28,2026-02-26,0.6671225104488524,0.32861893356779176,0.003849701951984522,0.9957414440166441,0.9995911459686286,2,2,1.061412974706084,0.03267146723020012
USDPEN,22,1m,258,279,2026-01-29,2026-02-27,0.6696962978429873,0.32609400799999466,0.003808151210982131,0.995790305842982,0.9995984570539641,2,2,1.0528386948382047,0.02404431470556308
USDPEN,22,1m,259,280,2026-01-30,2026-03-02,0.7201033744855607,0.27618396564481923,0.0033701504543415203,0.99628734013038,0.9996574905847215,2,2,1.0418519163164783,0.03898806930338054
USDPEN,22,1m,260,281,2026-02-02,2026-03-03,0.8020620298600463,0.1945354724912157,0.003026137629225685,0.996597502351262,0.9996236399804876,2,2,1.0386297632991137,0.026216971050220052
USDPEN,22,1m,261,282,2026-02-03,2026-03-04,0.8357583111318748,0.1614510065079727,0.0024031990922228743,0.9972093176398475,0.9996125167320704,2,2,1.0399939694290257,0.028547208696090128
USDPEN,22,1m,262,283,2026-02-04,2026-03-05,0.8683232621352648,0.1294262848844502,0.001885072802196599,0.997749547019715,0.9996346198219116,2,2,1.0200016809044097,0.06713307161986577
USDPEN,22,1m,263,284,2026-02-05,2026-03-06,0.8931261919190596,0.1050103964915162,0.0014528533380676282,0.9981365884105758,0.9995894417486435,2,2,1.015687788257765,0.027434317031554096
USDPEN,22,1m,264,285,2026-02-06,2026-03-09,0.8717208150483793,0.12653089410723528,0.0012467449320713888,0.9982517091556146,0.999498454087686,2,2,0.9989774555914274,0.20167045084531102
USDPEN,22,1m,265,286,2026-02-09,2026-03-10,0.8701303853737006,0.12821659462757895,0.0011348706969635225,0.9983469800012795,0.999481850698243,2,2,1.017282335227805,0.21154659939651657
USDPEN,22,1m,266,287,2026-02-10,2026-03-11,0.8618799320720917,0.13669626698480056,8.74729966543542e-4,0.9985761990568922,0.9994509290234358,2,2,1.0157887034742503,0.23236418083985186
USDPEN,22,1m,267,288,2026-02-11,2026-03-12,0.8710068869319939,0.12758509805027557,8.59201634370344e-4,0.9985919849822695,0.9994511866166399,2,2,0.9935209018986295,0.05991395669666249
USDPEN,22,1m,268,289,2026-02-12,2026-03-13,0.9035929833494197,0.09505937734380547,8.36249976511701e-4,0.9986523606932252,0.9994886106697368,2,2,0.9545371173114406,0.12408585356599251
USDPEN,22,1m,269,290,2026-02-13,2026-03-16,0.9234369975308706,0.07528001567173628,7.859488195746359e-4,0.9987170132026069,0.9995029620221815,2,2,0.9395889187750159,0.06267026992570666
USDPEN,22,1m,270,291,2026-02-16,2026-03-17,0.9371254365420534,0.06166083667171075,7.237415505687321e-4,0.9987862732137641,0.9995100147643329,2,2,0.9178791129648616,0.12292372048065563
USDPEN,22,1m,271,292,2026-02-17,2026-03-18,0.9469539335970816,0.05201319334077453,5.97803899182859e-4,0.9989671269378562,0.999564930837039,2,2,0.9342793698417576,0.2651499019334412
USDPEN,22,1m,272,293,2026-02-18,2026-03-19,0.9540362476056569,0.04518990319995881,4.561534706347706e-4,0.9992261508056157,0.9996823042762505,1,2,0.9366876374158968,0.054491316583494785
USDPEN,22,1m,273,294,2026-02-19,2026-03-20,0.963992406273492,0.03539584766540996,3.469119984248243e-4,0.999388253938902,0.9997351659373268,1,2,0.9202350597439527,0.078803195128261
USDPEN,22,1m,274,295,2026-02-20,2026-03-23,0.9745173992337769,0.024970080305523445,2.9039551687051735e-4,0.9994874795393003,0.9997778750561708,1,2,0.9022971802874078,0.05056446857061824
USDPEN,22,1m,275,296,2026-02-23,2026-03-24,0.9861908020863323,0.01336404187710635,2.3684273249149524e-4,0.9995548439634386,0.9997916866959301,1,2,0.906039633271115,0.04449406853042861
USDPEN,22,1m,276,297,2026-02-24,2026-03-25,0.9867587499667915,0.012864884164302476,1.7718911745886814e-4,0.9996236341310939,0.9998008232485528,1,2,0.8567174965789484,0.23857664749776233
USDPEN,22,1m,277,298,2026-02-25,2026-03-26,0.9876610230127579,0.012052263618008067,1.1696865609529269e-4,0.999713286630766,0.9998302552868613,1,2,1.3220246721764066,1.359146291624705
USDPEN,22,1m,278,299,2026-02-26,2026-03-27,0.990307899058683,0.009483820680236042,1.0082051072479029e-4,0.999791719738919,0.9998925402496438,1,1,1.3453305512937332,0.18488815168644096
USDPEN,44,2m,1,44,2025-02-04,2025-04-04,0.8489259933996303,0.14944053963068477,7.097277979188032e-4,0.9983665330303151,0.9990762608282339,2,2,1.2635225176746625,NA
USDPEN,44,2m,2,45,2025-02-05,2025-04-07,0.8502138386535535,0.1483096008332799,7.945283013471158e-4,0.9985234394868334,0.9993179677881805,2,2,1.3094415581722874,0.4119116070268005
USDPEN,44,2m,3,46,2025-02-06,2025-04-08,0.8520362510128511,0.14653910802401715,7.541067281067336e-4,0.9985753590368682,0.999329465764975,2,2,1.3350392593404263,0.07910492097287548
USDPEN,44,2m,4,47,2025-02-07,2025-04-09,0.8551935518313338,0.14339250340629506,7.62968226997069e-4,0.9985860552376289,0.999349023464626,2,2,1.344702965987662,0.07567976852578391
USDPEN,44,2m,5,48,2025-02-10,2025-04-10,0.856017494439793,0.1425110924227901,8.049914853880988e-4,0.9985285868625831,0.9993335783479712,2,2,1.3655859974441427,0.10382388548291434
USDPEN,44,2m,6,49,2025-02-11,2025-04-11,0.8572776810153372,0.14126778513820465,7.621238755299356e-4,0.9985454661535418,0.9993075900290718,2,2,1.362036117937499,0.019103796991295875
USDPEN,44,2m,7,50,2025-02-12,2025-04-14,0.8563283371355032,0.14200048562958506,9.697167719186761e-4,0.9983288227650882,0.9992985395370069,2,2,1.363282768226897,0.199353547813598
USDPEN,44,2m,8,51,2025-02-13,2025-04-15,0.8578991194369279,0.1403113031163284,0.0011110637959464457,0.9982104225532562,0.9993214863492027,2,2,1.3573617741278077,0.08070396881488041
USDPEN,44,2m,9,52,2025-02-14,2025-04-16,0.862593285371267,0.13559912634801138,0.0011667741358116562,0.9981924117192784,0.9993591858550901,2,2,1.3521707885758707,0.06278854444719575
USDPEN,44,2m,10,53,2025-02-17,2025-04-17,0.8641348330333257,0.1341279679262213,0.0011315156806452203,0.998262800959547,0.9993943166401922,2,2,1.3559386653066474,0.020509510659883188
USDPEN,44,2m,11,54,2025-02-18,2025-04-18,0.8396731890558542,0.15846806477154537,0.0011990439188483753,0.9981412538273996,0.999340297746248,2,2,1.3548844889362621,0.010439701591471654
USDPEN,44,2m,12,55,2025-02-19,2025-04-21,0.8202034647387433,0.1777475621619516,0.0013249355968951435,0.9979510269006948,0.99927596249759,2,2,1.3564341952767875,0.008812931354567781
USDPEN,44,2m,13,56,2025-02-20,2025-04-22,0.8303354664499603,0.16770102069963957,0.0012882988570282763,0.9980364871495998,0.9993247860066281,2,2,1.359071041622833,0.020906718684733972
USDPEN,44,2m,14,57,2025-02-21,2025-04-23,0.8393184286668144,0.15860860749665326,0.0013675748693301852,0.9979270361634677,0.9992946110327978,2,2,1.3609099538088327,0.08657423541164061
USDPEN,44,2m,15,58,2025-02-24,2025-04-24,0.8451483340630017,0.1526941563725826,0.0014038422637546184,0.9978424904355843,0.9992463326993389,2,2,1.3607438171877413,0.05455762624760095
USDPEN,44,2m,16,59,2025-02-25,2025-04-25,0.8495832050687547,0.1482310162073596,0.0014136200578593293,0.9978142212761143,0.9992278413339736,2,2,1.3617931075977348,0.0374867484099978
USDPEN,44,2m,17,60,2025-02-26,2025-04-28,0.8539876011649055,0.143680261278003,0.0015001812037335684,0.9976678624429085,0.999168043646642,2,2,1.3562834012882004,0.10047427760633626
USDPEN,44,2m,18,61,2025-02-27,2025-04-29,0.860535661367932,0.13698156719124244,0.001612405523633963,0.9975172285591745,0.9991296340828084,2,2,1.3554111699141536,0.06789920797925486
USDPEN,44,2m,19,62,2025-02-28,2025-04-30,0.8706844968653028,0.12674230727842323,0.001663589551765344,0.997426804143726,0.9990903936954914,2,2,1.356772771426374,0.03393562797370174
USDPEN,44,2m,20,63,2025-03-03,2025-05-01,0.8804930387663077,0.1168740635823016,0.001689438876770277,0.9973671023486093,0.9990565412253796,2,2,1.3585719415286572,0.02134215987188254
USDPEN,44,2m,21,64,2025-03-04,2025-05-02,0.8895743175722007,0.10776365021067785,0.001706495812854267,0.9973379677828786,0.999044463595733,2,2,1.360197277559054,0.0237801068091536
USDPEN,44,2m,22,65,2025-03-05,2025-05-05,0.9014860965020116,0.09590704862541351,0.0016680628960833838,0.9973931451274252,0.9990612080235085,2,2,1.355382619459999,0.04204794198754369
USDPEN,44,2m,23,66,2025-03-06,2025-05-06,0.9097112898021485,0.08776722181207089,0.0016084619214852705,0.9974785116142194,0.9990869735357046,2,2,1.3523841810434112,0.058674881683937946
USDPEN,44,2m,24,67,2025-03-07,2025-05-07,0.9165650299847632,0.08103259581154645,0.0015375847505883786,0.9975976257963096,0.999135210546898,2,2,1.35566757192324,0.04593773482682895
USDPEN,44,2m,25,68,2025-03-10,2025-05-08,0.9249326367403878,0.0728329640819635,0.0014371690725539846,0.9977656008223513,0.9992027698949053,2,2,1.3604624275394177,0.059702679357629046
USDPEN,44,2m,26,69,2025-03-11,2025-05-09,0.9275634960333348,0.07027800206119515,0.0013982221748365961,0.9978414980945299,0.9992397202693666,2,2,1.3618294335186798,0.02841759615821312
USDPEN,44,2m,27,70,2025-03-12,2025-05-12,0.9346935542938093,0.06318430470394262,0.0013650775929716754,0.9978778589977519,0.9992429365907236,2,2,1.360365493265424,0.01783448403088305
USDPEN,44,2m,28,71,2025-03-13,2025-05-13,0.9435071678942173,0.054395804157724555,0.0013500731697813897,0.9979029720519419,0.9992530452217233,2,2,1.3581914057451716,0.02544323696254317
USDPEN,44,2m,29,72,2025-03-14,2025-05-14,0.9511155426153974,0.046839082104882676,0.001324758150249223,0.9979546247202801,0.9992793828705293,1,2,1.356033764395512,0.03302282889088621
USDPEN,44,2m,30,73,2025-03-17,2025-05-15,0.9584119093674105,0.03961596737284565,0.0012649857719067383,0.9980278767402562,0.9992928625121629,1,2,1.3562264760614442,0.050471156077049315
USDPEN,44,2m,31,74,2025-03-18,2025-05-16,0.9642580918536665,0.033826402829876,0.0011886057458341372,0.9980844946835425,0.9992731004293767,1,2,1.339518782154745,0.07375765641032028
USDPEN,44,2m,32,75,2025-03-19,2025-05-19,0.9681976625039302,0.030009334978344352,0.0010758472554736164,0.9982069974822746,0.9992828447377482,1,2,1.3258942969066874,0.05075869075617514
USDPEN,44,2m,33,76,2025-03-20,2025-05-20,0.9701881251970593,0.028131682847205883,9.738171815616868e-4,0.9983198080442652,0.9992936252258269,1,2,1.318480021393813,0.05098393275727642
USDPEN,44,2m,34,77,2025-03-21,2025-05-21,0.969468540163124,0.028877636913159286,9.374085923655881e-4,0.9983461770762833,0.9992835856686488,1,2,1.3002592667800286,0.07263053155296222
USDPEN,44,2m,35,78,2025-03-24,2025-05-22,0.9685088429161813,0.029875229712051178,8.977936576656512e-4,0.9983840726282325,0.9992818662858981,1,2,1.284759758827864,0.048709993716296515
USDPEN,44,2m,36,79,2025-03-25,2025-05-23,0.9627123164686665,0.03571175911658951,8.505219058819424e-4,0.998424075585256,0.999274597491138,1,2,1.2587491788304486,0.12260121306511497
USDPEN,44,2m,37,80,2025-03-26,2025-05-26,0.9610454622748451,0.03748046147145767,7.644304686892087e-4,0.9985259237463028,0.999290354214992,1,2,1.2169105927391497,0.1480162432607603
USDPEN,44,2m,38,81,2025-03-27,2025-05-27,0.9508923004308261,0.04782270694583107,5.993099293881226e-4,0.9987150073766571,0.9993143173060453,1,2,1.1787277347430927,0.2040896025666598
USDPEN,44,2m,39,82,2025-03-28,2025-05-28,0.944560685977229,0.05415448521871443,6.065699203715256e-4,0.9987151711959434,0.999321741116315,2,2,1.173592915832374,0.04828220785184434
USDPEN,44,2m,40,83,2025-03-31,2025-05-29,0.9415940169813612,0.05706795856965389,6.499069502714954e-4,0.9986619755510151,0.9993118825012866,2,2,1.1790430455456957,0.041400988367052895
USDPEN,44,2m,41,84,2025-04-01,2025-05-30,0.937170455725908,0.061430290040981585,6.953702015357751e-4,0.9986007457668895,0.9992961159684253,2,2,1.1922331619052142,0.044957644478668325
USDPEN,44,2m,42,85,2025-04-02,2025-06-02,0.9391334032258882,0.059390831687145575,7.613828059661532e-4,0.9985242349130338,0.9992856177189999,2,2,1.2010154217277969,0.08687771869901588
USDPEN,44,2m,43,86,2025-04-03,2025-06-03,0.9439983326188464,0.0544253266397609,8.594993456636467e-4,0.9984236592586072,0.9992831586042709,2,2,1.2043366099640165,0.05859128977780776
USDPEN,44,2m,44,87,2025-04-04,2025-06-04,0.9415964686777325,0.05669135287216327,0.0010005511600236993,0.9982878215498958,0.9992883727099195,2,2,1.2199212164379343,0.0691987380191649
USDPEN,44,2m,45,88,2025-04-07,2025-06-05,0.9407552527026584,0.057404665123851534,0.0011005847864412367,0.9981599178265099,0.9992605026129512,2,2,1.2464010201179798,0.06942532294886106
USDPEN,44,2m,46,89,2025-04-08,2025-06-06,0.9389992493452652,0.05904434153984435,0.0012100301062823182,0.9980435908851096,0.9992536209913919,2,2,1.2764306980635738,0.07749174036525229
USDPEN,44,2m,47,90,2025-04-09,2025-06-09,0.9383943006120637,0.05953905744378279,0.0012818667973109352,0.9979333580558465,0.9992152248531574,2,2,1.2867531217959463,0.043358102550112666
USDPEN,44,2m,48,91,2025-04-10,2025-06-10,0.9344965154827771,0.06325543540163647,0.0013836289726076494,0.9977519508844136,0.9991355798570213,2,2,1.301881807638782,0.06597085701428092
USDPEN,44,2m,49,92,2025-04-11,2025-06-11,0.9308408395782607,0.06677781137924606,0.0014939748639566832,0.9976186509575068,0.9991126258214634,2,2,1.3258894799751229,0.08098867004179988
USDPEN,44,2m,50,93,2025-04-14,2025-06-12,0.9401439854332547,0.05723756428316024,0.0016612846834030651,0.997381549716415,0.9990428343998181,2,2,1.3580253555901785,0.17748982429972307
USDPEN,44,2m,51,94,2025-04-15,2025-06-13,0.9399959724651107,0.057478146430154024,0.001597165602580569,0.9974741188952647,0.9990712844978453,2,2,1.3790581365667667,0.12387068422547137
USDPEN,44,2m,52,95,2025-04-16,2025-06-16,0.935496809825041,0.06158904212746197,0.0015317668150324597,0.997085851952503,0.9986176187675354,2,2,1.2728430827338257,0.35025948593234996
USDPEN,44,2m,53,96,2025-04-17,2025-06-17,0.9399615491111508,0.05720269581410475,0.0013763153051670385,0.9971642449252556,0.9985405602304226,2,2,0.9139543754581155,0.6260764794624928
USDPEN,44,2m,54,97,2025-04-18,2025-06-18,0.9423279572085085,0.05481467832871496,0.0014054015352639013,0.9971426355372235,0.9985480370724874,2,2,0.6170131374075318,0.453000443038335
USDPEN,44,2m,55,98,2025-04-21,2025-06-19,0.9554241344150891,0.0417015038934043,0.001448500441180273,0.9971256383084934,0.9985741387496737,1,2,0.49795495546423085,0.2724525237578517
USDPEN,44,2m,56,99,2025-04-22,2025-06-20,0.957262454195653,0.03977451689885952,0.0015961378847627447,0.9970369710945125,0.9986331089792753,1,2,0.4711333001556298,0.11087864183593958
USDPEN,44,2m,57,100,2025-04-23,2025-06-23,0.9571711598030854,0.03971298934473615,0.0018363458608137814,0.9968841491478215,0.9987204950086354,1,2,0.4587708979609706,0.061741498439076524
USDPEN,44,2m,58,101,2025-04-24,2025-06-24,0.9603173209909843,0.03657925289413424,0.0018976895360029416,0.9968965738851185,0.9987942634211214,1,2,0.4841954832577585,0.16246662508554252
USDPEN,44,2m,59,102,2025-04-25,2025-06-25,0.9609899237590475,0.035865667611031035,0.001990707025475121,0.9968555913700785,0.9988462983955536,1,2,0.531181411961274,0.13067740160106395
USDPEN,44,2m,60,103,2025-04-28,2025-06-26,0.966431060090134,0.03041573837643905,0.0020437108220745384,0.9968467984665731,0.9988905092886476,1,2,0.575045542060892,0.1017062877161422
USDPEN,44,2m,61,104,2025-04-29,2025-06-27,0.9674540051128343,0.029434647338223822,0.00208602033565656,0.9968886524510582,0.9989746727867147,1,2,0.5978662839028968,0.045521775784145915
USDPEN,44,2m,62,105,2025-04-30,2025-06-30,0.9712161415888432,0.025975371971753175,0.0018864161266573306,0.9971915135605963,0.9990779296872536,1,2,0.6366212512008124,0.06620811596003905
USDPEN,44,2m,63,106,2025-05-01,2025-07-01,0.9745666540562109,0.022787798341854685,0.0017739975478580083,0.9973544523980656,0.9991284499459236,1,2,0.6651230406391742,0.05573351934730256
USDPEN,44,2m,64,107,2025-05-02,2025-07-02,0.9772931752971414,0.020349398080123458,0.0015560083550651737,0.9976425733772649,0.9991985817323301,1,2,0.6964316723990421,0.09054747705547349
USDPEN,44,2m,65,108,2025-05-05,2025-07-03,0.9789085719359171,0.018902793452732623,0.0014515290406757256,0.9978113653886497,0.9992628944293254,1,2,0.7262543548978757,0.053832052577568554
USDPEN,44,2m,66,109,2025-05-06,2025-07-04,0.9777245491273591,0.020235387252686348,0.0013498693575892272,0.9979599363800454,0.9993098057376346,1,2,0.6942351692359429,0.055863596863779105
USDPEN,44,2m,67,110,2025-05-07,2025-07-07,0.9777330311484136,0.02035148262010392,0.0012677052278616987,0.9980845137685175,0.9993522189963792,1,2,0.6557236723383767,0.07285848421909873
USDPEN,44,2m,68,111,2025-05-08,2025-07-08,0.9802282052084059,0.017892511947419212,0.0012452413627481473,0.9981207171558252,0.9993659585185733,1,2,0.657339025523181,0.014620129233016031
USDPEN,44,2m,69,112,2025-05-09,2025-07-09,0.9803150715199754,0.017786965411057187,0.0012502482177264031,0.9981020369310326,0.9993522851487591,1,2,0.6486901073149989,0.020323148156365094
USDPEN,44,2m,70,113,2025-05-12,2025-07-10,0.9815408395459772,0.01650681434768809,0.0012563496050373366,0.9980476538936652,0.9993040034987025,1,2,0.6337483415695385,0.0288298977012236
USDPEN,44,2m,71,114,2025-05-13,2025-07-11,0.981522038945415,0.016499487227960217,0.0012385894798436197,0.9980215261733753,0.9992601156532188,1,2,0.5954988168614981,0.08073640883967524
USDPEN,44,2m,72,115,2025-05-14,2025-07-14,0.9807412084254693,0.01729442241079422,0.0012360464845614658,0.9980356308362636,0.999271677320825,1,2,0.5549012498707546,0.11379624301728541
USDPEN,44,2m,73,116,2025-05-15,2025-07-15,0.9798917961817549,0.018077247027927484,0.0012867106795185794,0.9979690432096824,0.999255753889201,1,2,0.5546655720762632,0.05587209876336046
USDPEN,44,2m,74,117,2025-05-16,2025-07-16,0.9799303553038494,0.01801080821396738,0.001326375921624837,0.9979411635178168,0.9992675394394417,1,2,0.5402576144512489,0.05883730338536553
USDPEN,44,2m,75,118,2025-05-19,2025-07-17,0.978718558860352,0.019082394547164146,0.001418859473120253,0.9978009534075161,0.9992198128806363,1,2,0.5448828963643801,0.025776121098416163
USDPEN,44,2m,76,119,2025-05-20,2025-07-18,0.9767678105707186,0.020701725762616363,0.001574967259375953,0.997469536333335,0.999044503592711,1,2,0.5797365369345081,0.10617474150128613
USDPEN,44,2m,77,120,2025-05-21,2025-07-21,0.9753032466332969,0.021912390346579894,0.0017134388234382892,0.9972156369798768,0.9989290758033151,1,2,0.5881684433932515,0.061321601907446274
USDPEN,44,2m,78,121,2025-05-22,2025-07-22,0.9736617945754492,0.023181408615118644,0.0018974324658993186,0.9968432031905679,0.9987406356564672,1,2,0.6461339536506321,0.12460541242127178
USDPEN,44,2m,79,122,2025-05-23,2025-07-23,0.9723572103415379,0.024088535230500946,0.0021242464969425004,0.9964457455720388,0.9985699920689813,1,2,0.6986889661542508,0.11319047438078542
USDPEN,44,2m,80,123,2025-05-26,2025-07-24,0.9722198404200612,0.024017969003241022,0.0018237213511564032,0.9962378094233022,0.9980615307744586,1,2,0.8739286778901598,0.25835500244247356
USDPEN,44,2m,81,124,2025-05-27,2025-07-25,0.969229762674772,0.02659484303468772,0.0019296553652513914,0.9958246057094597,0.9977542610747111,1,2,1.393949453316041,0.9783558287822011
USDPEN,44,2m,82,125,2025-05-28,2025-07-28,0.9716200805763653,0.024410498838804532,0.002067839158522453,0.9960305794151698,0.9980984185736923,1,2,1.417592642572292,0.25486387602642674
USDPEN,44,2m,83,126,2025-05-29,2025-07-29,0.9725403743382101,0.02366219006299653,0.002195047206727401,0.9962025644012066,0.9983976116079339,1,2,1.4172538511847899,0.09095585072677759
USDPEN,44,2m,84,127,2025-05-30,2025-07-30,0.9717742375119929,0.02442187407583446,0.0023178255878113516,0.9961961115878273,0.9985139371756386,1,2,1.4173966777022533,0.026764625870322245
USDPEN,44,2m,85,128,2025-06-02,2025-07-31,0.9726547422954807,0.023691466696564804,0.002396390484624621,0.9963462089920455,0.9987425994766701,1,2,1.4155621446889173,0.05597436061038425
USDPEN,44,2m,86,129,2025-06-03,2025-08-01,0.9690474176975866,0.027011386457110275,0.0026115545114755723,0.9960588041546969,0.9986703586661725,1,2,1.4164740663797108,0.02427916600353078
USDPEN,44,2m,87,130,2025-06-04,2025-08-04,0.9668523633510564,0.028879813191637828,0.002789626049037014,0.9957321765426942,0.9985218025917312,1,2,1.4141864383708966,0.0463975471180131
USDPEN,44,2m,88,131,2025-06-05,2025-08-05,0.9618746964009003,0.03342136242257646,0.003106047580963418,0.9952960588234767,0.9984021064044402,1,2,1.4138595916291463,0.020912567182046215
USDPEN,44,2m,89,132,2025-06-06,2025-08-06,0.9551623960529517,0.0395177218093828,0.003508228977669833,0.9946801178623346,0.9981883468400043,1,2,1.4136372934630088,0.026849388179377404
USDPEN,44,2m,90,133,2025-06-09,2025-08-07,0.9490856745578271,0.044977372652301936,0.0038912151838714983,0.9940630472101291,0.9979542623940005,2,2,1.4133167308719832,0.02714816642526818
USDPEN,44,2m,91,134,2025-06-10,2025-08-08,0.9395344430515812,0.053387862554255004,0.004660967195467176,0.9929223056058362,0.9975832728013033,2,2,1.4127500285045151,0.040933165784677046
USDPEN,44,2m,92,135,2025-06-11,2025-08-11,0.9289545712944948,0.06266334701679717,0.005559735397008722,0.991617918311292,0.9971776537083007,2,2,1.4110799765518005,0.054319990368578076
USDPEN,44,2m,93,136,2025-06-12,2025-08-12,0.9216659169407682,0.06882534360203174,0.006261954322482567,0.9904912605427999,0.9967532148652825,2,2,1.4107294742334378,0.06419746889186251
USDPEN,44,2m,94,137,2025-06-13,2025-08-13,0.9057963237864972,0.0827771598022788,0.007424727208794431,0.9885734835887761,0.9959982107975704,2,3,1.411056948347393,0.06939003318661453
USDPEN,44,2m,95,138,2025-06-16,2025-08-14,0.8812209239965034,0.10445380994470936,0.00908720461993527,0.9856747339412127,0.994761938561148,2,3,1.4095957000272747,0.10280927357794155
USDPEN,44,2m,96,139,2025-06-17,2025-08-15,0.8596393350353336,0.1230590922935585,0.010962897704046697,0.9826984273288921,0.9936613250329388,2,3,1.4140836075118597,0.09480440688927443
USDPEN,44,2m,97,140,2025-06-18,2025-08-18,0.8652492067536584,0.1177965898107849,0.00966033443986781,0.9830457965644432,0.992706131004311,2,3,1.4154164019736932,0.06469155630695918
USDPEN,44,2m,98,141,2025-06-19,2025-08-19,0.8774905823593706,0.10783818913208745,0.007959856622601428,0.985328771491458,0.9932886281140595,2,3,1.4179588205351596,0.2525077554448444
USDPEN,44,2m,99,142,2025-06-20,2025-08-20,0.8853965548609626,0.10154114976767105,0.007150640861018184,0.9869377046286336,0.9940883454896517,2,3,1.4205323410648008,0.2050858683677671
USDPEN,44,2m,100,143,2025-06-23,2025-08-21,0.8990654320018129,0.08965480633433916,0.00615607770014622,0.9887202383361521,0.9948763160362983,2,3,1.4201957714939129,0.15154274438412846
USDPEN,44,2m,101,144,2025-06-24,2025-08-22,0.9055339559651552,0.08416647494798388,0.005734493063992427,0.9897004309131391,0.9954349239771315,2,3,1.4186500679180074,0.10042104377963809
USDPEN,44,2m,102,145,2025-06-25,2025-08-25,0.9086649463198582,0.08170569282031166,0.0054907671608065934,0.9903706391401699,0.9958614063009764,2,2,1.418014677727381,0.026009609533551054
USDPEN,44,2m,103,146,2025-06-26,2025-08-26,0.9134569094571656,0.0765431119690343,0.005785997090971805,0.9900000214261999,0.9957860185171717,2,2,1.4208868136432675,0.1429075369553279
USDPEN,44,2m,104,147,2025-06-27,2025-08-27,0.9184291343329462,0.07104006393083762,0.006414569623396897,0.9894691982637838,0.9958837678871807,2,3,1.4210010262207318,0.07494751614681595
USDPEN,44,2m,105,148,2025-06-30,2025-08-28,0.9212576909965241,0.06797257596573622,0.0069015752428621515,0.9892302669622604,0.9961318422051225,2,3,1.4215831781148074,0.026961670939800498
USDPEN,44,2m,106,149,2025-07-01,2025-08-29,0.9227974039143281,0.06553650875209667,0.0077117633234773915,0.9883339126664248,0.9960456759899021,2,3,1.4218899519777948,0.04645663966053955
USDPEN,44,2m,107,150,2025-07-02,2025-09-01,0.9254135125062057,0.06268358914140937,0.008070704006794063,0.9880971016476151,0.9961678056544092,2,3,1.4206844026814318,0.048155810271171655
USDPEN,44,2m,108,151,2025-07-03,2025-09-02,0.916342544195029,0.07071766735282807,0.00884736741495884,0.9870602115478571,0.9959075789628159,2,3,1.419772767233515,0.03715259096127562
USDPEN,44,2m,109,152,2025-07-04,2025-09-03,0.9161295726797059,0.07113022930676255,0.00892370306432864,0.9872598019864685,0.9961835050507971,2,3,1.4156889162885977,0.07089355704285909
USDPEN,44,2m,110,153,2025-07-07,2025-09-04,0.9150954359659766,0.07226637489270038,0.009130052779202197,0.987361810858677,0.9964918636378792,2,3,1.409850074081015,0.07324462570502849
USDPEN,44,2m,111,154,2025-07-08,2025-09-05,0.9142256221146771,0.07359396857080855,0.009028757700264794,0.9878195906854856,0.9968483483857504,2,3,1.4009696524094415,0.07937472796177845
USDPEN,44,2m,112,155,2025-07-09,2025-09-08,0.9218422557838363,0.06711710884010008,0.008186443330388359,0.9889593646239363,0.9971458079543246,2,3,1.392345124075455,0.07189481395919844
USDPEN,44,2m,113,156,2025-07-10,2025-09-09,0.925333969158146,0.06446962113946948,0.007375392817391126,0.9898035902976156,0.9971789831150066,2,3,1.3770071133605108,0.08720606399113381
USDPEN,44,2m,114,157,2025-07-11,2025-09-10,0.9283303646347507,0.06204710210361707,0.006826173293395245,0.9903774667383678,0.9972036400317631,2,2,1.359088499013975,0.06956395239470121
USDPEN,44,2m,115,158,2025-07-14,2025-09-11,0.9300108072434113,0.060353711186752104,0.006814248348676599,0.9903645184301635,0.9971787667788401,2,2,1.332998949458454,0.09157004893807642
USDPEN,44,2m,116,159,2025-07-15,2025-09-12,0.9366157760826737,0.05474390503568753,0.006015718795356194,0.9913596811183611,0.9973753999137174,2,2,1.3218202400012151,0.03984062260446899
USDPEN,44,2m,117,160,2025-07-16,2025-09-15,0.9447146190165066,0.04749078835451468,0.005348078102079866,0.9922054073710213,0.9975534854731011,2,2,1.3095864263533632,0.04505430173564686
USDPEN,44,2m,118,161,2025-07-17,2025-09-16,0.9449313443283898,0.04807704680448069,0.004717089684177911,0.9930083911328704,0.9977254808170484,2,2,1.291127801094478,0.060828097550127226
USDPEN,44,2m,119,162,2025-07-18,2025-09-17,0.9453367992837483,0.04840272536402995,0.004155091798516188,0.9937395246477783,0.9978946164462944,2,2,1.2609785145025376,0.09203843375759527
USDPEN,44,2m,120,163,2025-07-21,2025-09-18,0.9467890790325052,0.04736075200434823,0.0038312193946115247,0.9941498310368534,0.9979810504314649,2,2,1.2413948220278337,0.0717580504894069
USDPEN,44,2m,121,164,2025-07-22,2025-09-19,0.9484816700570377,0.04628368586293185,0.0033576384941226244,0.9947653559199695,0.9981229944140921,2,2,1.1942275499531314,0.11965350252979248
USDPEN,44,2m,122,165,2025-07-23,2025-09-22,0.9488917304883833,0.04593663863773777,0.0034099010671387346,0.994828369126121,0.9982382701932598,2,2,1.1521897534704857,0.09049183749697118
USDPEN,44,2m,123,166,2025-07-24,2025-09-23,0.9500043756804329,0.04500404732447249,0.003472185114554257,0.9950084230049054,0.9984806081194597,1,2,1.0950940779814937,0.1173387265806552
USDPEN,44,2m,124,167,2025-07-25,2025-09-24,0.9492753364537784,0.045758645430902446,0.0035670220361450683,0.9950339818846808,0.998601003920826,2,2,1.0951117207006067,0.022529923125347063
USDPEN,44,2m,125,168,2025-07-28,2025-09-25,0.9482053633825613,0.04694490665015889,0.003681882510837076,0.9951502700327203,0.9988321525435574,2,2,1.0914671880931732,0.027757933211221508
USDPEN,44,2m,126,169,2025-07-29,2025-09-26,0.9478750629240511,0.04788851927448963,0.003118783115738719,0.9957635821985408,0.9988823653142795,2,2,1.061841000069609,0.07896452286663647
USDPEN,44,2m,127,170,2025-07-30,2025-09-29,0.9492417331350048,0.046970982579873484,0.00268951739463969,0.9962127157148783,0.9989022331095181,2,2,1.0363104857715835,0.0594126507498891
USDPEN,44,2m,128,171,2025-07-31,2025-09-30,0.949461091534449,0.04728693755989423,0.002219414426584193,0.9967480290943432,0.9989674435209275,2,2,1.003712142743693,0.09730942498890412
USDPEN,44,2m,129,172,2025-08-01,2025-10-01,0.9490686883952862,0.04801614785713223,0.0018694831658658461,0.9970848362524185,0.9989543194182844,2,2,0.9438055962097047,0.09579594493228138
USDPEN,44,2m,130,173,2025-08-04,2025-10-02,0.9493033132204227,0.048211985608619785,0.0014755025195219464,0.9975152988290426,0.99899080134856455,2,2,0.9159230735928033,0.12137010667494398
USDPEN,44,2m,131,174,2025-08-05,2025-10-03,0.9423262218413584,0.05508780475096032,0.001535977304587449,0.9974140265923187,0.9989500038969061,2,2,0.8770371501656689,0.06701731659662388
USDPEN,44,2m,132,175,2025-08-06,2025-10-06,0.9379749858527345,0.05957853324430173,0.001358827380218375,0.9975535190970363,0.9989123464772547,2,2,0.803406540375533,0.10987886192160085
USDPEN,44,2m,133,176,2025-08-07,2025-10-07,0.9232841923383989,0.07429357674662228,0.001326419937979438,0.9975777690850212,0.9989041890230006,2,2,0.7698234878903462,0.06410228326250914
USDPEN,44,2m,134,177,2025-08-08,2025-10-08,0.9223511754090704,0.07523727937318801,0.0012413166304330496,0.9975884547822584,0.9988297714126915,2,2,0.813930448757832,0.11234936371761309
USDPEN,44,2m,135,178,2025-08-11,2025-10-09,0.9205001431476819,0.07679943505216015,0.0014052050672731385,0.997299578199842,0.9987047832671152,2,2,0.6475402398825298,0.22216330164859238
USDPEN,44,2m,136,179,2025-08-12,2025-10-10,0.91882307722595,0.07818638995220069,0.0013411626901845644,0.9970094671781508,0.9983506298683353,2,2,0.5963483189106615,0.08309890742261981
USDPEN,44,2m,137,180,2025-08-13,2025-10-13,0.9108326401272024,0.08608961227420224,0.0013287494536016022,0.9969222524014046,0.9982510018550063,2,2,0.4896711155578782,0.21599034181671484
USDPEN,44,2m,138,181,2025-08-14,2025-10-14,0.9086269656976421,0.08821042888560524,0.001263829709687615,0.9968373945832474,0.998101224292935,2,2,0.4621712723624355,0.0707593460610635
USDPEN,44,2m,139,182,2025-08-15,2025-10-15,0.9068150963471445,0.08985840193665962,0.0013935260243857777,0.9966734982838041,0.9980670243081899,2,2,0.6282545421860786,0.5112262008865083
USDPEN,44,2m,140,183,2025-08-18,2025-10-16,0.9050676441988534,0.09148467459771897,0.0014830220325151623,0.9965523187965724,0.9980353408290875,2,2,0.8310278267413517,0.31139948976400267
USDPEN,44,2m,141,184,2025-08-19,2025-10-17,0.9092289406604764,0.08720321861260347,0.0016009980473073871,0.9964321592730799,0.9980331573203873,2,2,0.9408562999006516,0.16000117502129185
USDPEN,44,2m,142,185,2025-08-20,2025-10-20,0.9077006137134179,0.08874639300374695,0.0016434977241074292,0.9964470067171649,0.9980905044412723,2,2,0.9147543218377494,0.10693063674552213
USDPEN,44,2m,143,186,2025-08-21,2025-10-21,0.9102327063457362,0.08610739630121267,0.0016805509165159513,0.9963401026469488,0.9980206535634648,2,2,0.7562783235356494,0.24830676923408174
USDPEN,44,2m,144,187,2025-08-22,2025-10-22,0.909342263822289,0.08702808328725464,0.0016341491050322694,0.9963703471095436,0.9980044962145759,2,2,0.7438844019274554,0.06162615971016538
USDPEN,44,2m,145,188,2025-08-25,2025-10-23,0.9097490701205989,0.0865446591525876,0.0016527638924724326,0.9962937292731865,0.997946493165659,2,2,0.557083721966297,0.32174065474200325
USDPEN,44,2m,146,189,2025-08-26,2025-10-24,0.915482597951503,0.08074414417841913,0.0017632680423903143,0.9962267421299221,0.9979900101723125,2,2,0.4968800653819874,0.4447327659282907
USDPEN,44,2m,147,190,2025-08-27,2025-10-27,0.9076839186851119,0.08792537660662653,0.002267914339319881,0.9956092952917384,0.9978772096310582,2,2,0.4878372405336059,0.07897769106678751
USDPEN,44,2m,148,191,2025-08-28,2025-10-28,0.8954201022298772,0.09954789568292892,0.002568247364340088,0.9949679979128061,0.9975362452771462,2,2,0.483536309217062,0.012058843946077907
USDPEN,44,2m,149,192,2025-08-29,2025-10-29,0.8777357844672015,0.11637065743988366,0.0030077001701123303,0.9941064419070851,0.9971141420771974,2,2,0.4973047125005619,0.08261565502960262
USDPEN,44,2m,150,193,2025-09-01,2025-10-30,0.8494770405260347,0.1418567260637191,0.004029611281131732,0.9913337665897538,0.9953633778708856,2,2,0.7360895272207247,0.5483469438062882
USDPEN,44,2m,151,194,2025-09-02,2025-10-31,0.8203530012950074,0.1672396329148779,0.006492688656889038,0.9875926342098853,0.9940853228667743,2,3,1.0658402348235245,0.49538954403883134
USDPEN,44,2m,152,195,2025-09-03,2025-11-03,0.7865054889815221,0.19762614507813087,0.008954661587108273,0.9841316340596529,0.9930862956467611,2,3,1.196544328154045,0.245818489290012
USDPEN,44,2m,153,196,2025-09-04,2025-11-04,0.7363766146706838,0.24156483200496323,0.013394344991878032,0.9779414466756471,0.9913357916675252,2,3,1.277316403674241,0.18134990498932363
USDPEN,44,2m,154,197,2025-09-05,2025-11-05,0.692235843335646,0.2797652762527369,0.017995196219344003,0.9720011195883829,0.9899963158077268,2,4,1.3260537713202696,0.15854560232731973
USDPEN,44,2m,155,198,2025-09-08,2025-11-06,0.6681438726108878,0.3010951664149399,0.021590154252293298,0.9692390390258276,0.9908291932781209,2,3,1.3749799023184512,0.1880030163058884
USDPEN,44,2m,156,199,2025-09-09,2025-11-07,0.6411414206975509,0.32861935061304304,0.021707710555887796,0.9697607713105939,0.9914684818664817,2,3,1.37714162766593,0.04850328127040443
USDPEN,44,2m,157,200,2025-09-10,2025-11-10,0.6252698738547895,0.34359520250159903,0.022495857632845787,0.9688650763563885,0.9913609339892343,2,3,1.378386753561526,0.07044490229099622
USDPEN,44,2m,158,201,2025-09-11,2025-11-11,0.649267146536189,0.3207820721211927,0.02189826612056842,0.9700492186573817,0.9919474847779501,2,3,1.3809718829378603,0.02708827655373137
USDPEN,44,2m,159,202,2025-09-12,2025-11-12,0.6508796299943873,0.3190160102371844,0.022101911818343842,0.9698956402315717,0.9919975520499156,2,3,1.382440545872539,0.032315499926867275
USDPEN,44,2m,160,203,2025-09-15,2025-11-13,0.6572698073005,0.31286844374846146,0.02225202366677718,0.9701382510489615,0.9923902747157386,2,3,1.38033793900917,0.0293282646259629
USDPEN,44,2m,161,204,2025-09-16,2025-11-14,0.6689170248040291,0.30218443957378627,0.021740773314828654,0.9711014643778154,0.992842237692644,2,3,1.3812665874704813,0.028144791986079866
USDPEN,44,2m,162,205,2025-09-17,2025-11-17,0.673989247019911,0.2960770994648389,0.022332802143500786,0.9700663464847499,0.9923991486282506,2,3,1.3801351276757565,0.03421861600973539
USDPEN,44,2m,163,206,2025-09-18,2025-11-18,0.6755536083299474,0.2935420390288321,0.02254539586301214,0.9690956473587795,0.9916410432217917,2,3,1.379168461958258,0.03695545608073591
USDPEN,44,2m,164,207,2025-09-19,2025-11-19,0.6721693079573634,0.2965077793984423,0.02232319212663933,0.9686770873558057,0.9910002794824451,2,3,1.3789597418622634,0.016634650699064595
USDPEN,44,2m,165,208,2025-09-22,2025-11-20,0.6672797804231175,0.30133223970424705,0.02187864980972011,0.9686120201273646,0.9904906699370847,2,3,1.3787572416879823,0.01868252571994041
USDPEN,44,2m,166,209,2025-09-23,2025-11-21,0.691791092435169,0.27908026631710015,0.020154318338803143,0.9708713587522692,0.9910256770910723,2,3,1.3772767487429034,0.02262057802480506
USDPEN,44,2m,167,210,2025-09-24,2025-11-24,0.6944046816868465,0.2765709744695737,0.019993536630462848,0.9709756561564202,0.9909691927868831,2,3,1.3773979260768578,0.01009958401962985
USDPEN,44,2m,168,211,2025-09-25,2025-11-25,0.6919370123789291,0.27837549638155157,0.02028977296475482,0.9703125087604807,0.9906022817252356,2,3,1.3783917662215333,0.018311455079654676
USDPEN,44,2m,169,212,2025-09-26,2025-11-26,0.6885290023899782,0.27986570374555086,0.01996746021018339,0.968394706135529,0.9883621663457124,2,4,1.3775437982975995,0.04226818214838399
USDPEN,44,2m,170,213,2025-09-29,2025-11-27,0.7086110035359676,0.2623676038166659,0.017149292951028683,0.9709786073526335,0.9881279003036623,2,4,1.3841182087497805,0.1772909478313653
USDPEN,44,2m,171,214,2025-09-30,2025-11-28,0.7862849847401704,0.19072228085789583,0.012577512551815138,0.9770072655980662,0.9895847781498813,2,4,1.4066412041994387,0.285810852140713
USDPEN,44,2m,172,215,2025-10-01,2025-12-01,0.8259210234310611,0.15443465969919434,0.010340262166274362,0.9803556831302555,0.9906959452965298,2,3,1.4129712914358714,0.08391252537537458
USDPEN,44,2m,173,216,2025-10-02,2025-12-02,0.8525468747512456,0.1302921494739474,0.008907770760883829,0.982839024225193,0.9917467949860768,2,3,1.4153570127731785,0.06606459422503895
USDPEN,44,2m,174,217,2025-10-03,2025-12-03,0.8797843578937116,0.1063378665105785,0.007264704051208694,0.9861222244042901,0.9933869284554988,2,3,1.4133004049813862,0.09029974669424025
USDPEN,44,2m,175,218,2025-10-06,2025-12-04,0.9081074706147322,0.08147755922868043,0.005354582543547732,0.9895850298434126,0.9949396123869603,2,3,1.4009002267547999,0.2917318471421596
USDPEN,44,2m,176,219,2025-10-07,2025-12-05,0.9144583354695197,0.0752879351947195,0.005161776041965465,0.9897462706642393,0.9949080467062047,2,3,1.4065568233642987,0.12848901682896446
USDPEN,44,2m,177,220,2025-10-08,2025-12-08,0.9130999396625394,0.07790701207367978,0.004831131804041201,0.9910069517362192,0.9958380835402604,2,2,1.4027118911340246,0.07809175551350928
USDPEN,44,2m,178,221,2025-10-09,2025-12-09,0.9097184688437109,0.08196540289532941,0.0045880378995175755,0.9916838717390403,0.9962719096385578,2,2,1.4020818436403082,0.04867125352757429
USDPEN,44,2m,179,222,2025-10-10,2025-12-10,0.8972773264259386,0.09483589905449982,0.003993836248803479,0.9921132254804385,0.9961070617292419,2,2,1.37193226753095,0.2612466671372982
USDPEN,44,2m,180,223,2025-10-13,2025-12-11,0.899397885851931,0.09335691062072313,0.0036100723207719543,0.9927547964726542,0.9963648687934261,2,2,1.3579260155602424,0.10688063680953695
USDPEN,44,2m,181,224,2025-10-14,2025-12-12,0.8954295938394299,0.09762618854089632,0.0033844794584922894,0.9930557823803262,0.9964402618388185,2,2,1.3643293533376832,0.18978278877157914
USDPEN,44,2m,182,225,2025-10-15,2025-12-15,0.891966458053696,0.10133374934749921,0.0031661318370529786,0.9933002074011952,0.9964663392382481,2,2,1.3707181160173882,0.08868406646793317
USDPEN,44,2m,183,226,2025-10-16,2025-12-16,0.8909072918623128,0.10209594055738418,0.0030900839406036414,0.9930032324196969,0.9960933163603005,2,2,1.332739591495382,0.21891908615757527
USDPEN,44,2m,184,227,2025-10-17,2025-12-17,0.8881833872660908,0.10455941823507231,0.0031829276183709455,0.9927428055011631,0.995925733119534,2,2,1.268653071637968,0.2842159875250061
USDPEN,44,2m,185,228,2025-10-20,2025-12-18,0.882645382077055,0.1096231463338236,0.003503298075307021,0.9922685284108786,0.9957718264861857,2,2,1.130214325345924,0.37170844752747806
USDPEN,44,2m,186,229,2025-10-21,2025-12-19,0.8812584321797919,0.10938281252307806,0.004865126337211505,0.99064124470287,0.9955063710400814,2,2,0.7931238316227609,0.7481212736176768
USDPEN,44,2m,187,230,2025-10-22,2025-12-22,0.8910935969394242,0.0978193623372307,0.007069532318319144,0.9889129592766549,0.9959824915949741,2,3,0.7645921368860096,0.29045006815843993
USDPEN,44,2m,188,231,2025-10-23,2025-12-23,0.8923232373365901,0.09593879817524707,0.007891493770516969,0.9882620355118372,0.9961535292823542,2,3,0.8036148981699934,0.06434043298914582
USDPEN,44,2m,189,232,2025-10-24,2025-12-24,0.8931191418465121,0.09458316965316761,0.008527095375786426,0.9877023114996797,0.9962294068754661,2,3,0.8335520744285353,0.049150272903751784
USDPEN,44,2m,190,233,2025-10-27,2025-12-25,0.8953244986289713,0.0920544560799802,0.009075475207270211,0.9873789547089515,0.9964544299162218,2,3,0.8530003735093951,0.03695590337660235
USDPEN,44,2m,191,234,2025-10-28,2025-12-26,0.8975736314797205,0.08963576535584052,0.009516907025144208,0.987209396835561,0.9967263038607052,2,3,0.86148840693632045,0.028278871731106194
USDPEN,44,2m,192,235,2025-10-29,2025-12-29,0.9005350401622692,0.08672626402171675,0.009713066474524197,0.9872613041839859,0.9969743706585101,2,3,0.8680977354529191,0.03161243048835961
USDPEN,44,2m,193,236,2025-10-30,2025-12-30,0.9026011629048823,0.08442000218037408,0.010078160820476063,0.9870211650852564,0.9970993259057325,2,3,0.879163867889228,0.02786553123646638
USDPEN,44,2m,194,237,2025-10-31,2025-12-31,0.9023574676484717,0.08451057005365784,0.010176213229000189,0.9868680377021295,0.9970442509311297,2,3,0.891877720439897,0.02151709578200126
USDPEN,44,2m,195,238,2025-11-03,2026-01-01,0.9009725505186652,0.08624143223529329,0.009721903147285847,0.9872139827539586,0.9969358859012444,2,3,0.9012260062127339,0.022514216731412854
USDPEN,44,2m,196,239,2025-11-04,2026-01-02,0.8996374651694437,0.08762026170463255,0.00961992829239976,0.9872577268740762,0.996877655166476,2,3,0.9074818825890262,0.013505380910769178
USDPEN,44,2m,197,240,2025-11-05,2026-01-05,0.8944490627700661,0.09312030355583902,0.009279755925780753,0.9875693663259051,0.9968491222516859,2,3,0.9079182938897647,0.02052619696363306
USDPEN,44,2m,198,241,2025-11-06,2026-01-06,0.8956605114821453,0.09203040516190117,0.009105384232080764,0.9876909166440465,0.9967963008761273,2,3,0.9037336151011898,0.019059228323622494
USDPEN,44,2m,199,242,2025-11-07,2026-01-07,0.8889742608491293,0.0991538824061596,0.008593229652727588,0.988128143255289,0.9967213729080165,2,3,0.8884603449719194,0.0372035007917648
USDPEN,44,2m,200,243,2025-11-10,2026-01-08,0.8889779953560458,0.09912703392270517,0.008539831087083507,0.988105029278751,0.9966448603658346,2,3,0.8750853979012903,0.03728180467430957
USDPEN,44,2m,201,244,2025-11-11,2026-01-09,0.895502684215824,0.09211608654596357,0.008980821553755706,0.9876187707617876,0.9965995923155433,2,3,0.8406500346332753,0.07901578054987417
USDPEN,44,2m,202,245,2025-11-12,2026-01-12,0.8920234158497626,0.09501469007758097,0.009404395403882696,0.9870381059273436,0.9964425013312264,2,3,0.7957225568051756,0.08384731117048556
USDPEN,44,2m,203,246,2025-11-13,2026-01-13,0.8881939763832541,0.09919926381746778,0.008957570822126346,0.98739324020072194,0.9963508110228483,2,3,0.7716960481111368,0.09720949863997731
USDPEN,44,2m,204,247,2025-11-14,2026-01-14,0.8881183742158008,0.09975138863016365,0.008555721512828636,0.9878697628459644,0.9964254843587931,2,3,0.7639846021236292,0.047698787109724736
USDPEN,44,2m,205,248,2025-11-17,2026-01-15,0.8963924402299354,0.09312379716824958,0.0073400107965184555,0.989516237398185,0.9968562481947034,2,3,0.771111343982782,0.07543727537069524
USDPEN,44,2m,206,249,2025-11-18,2026-01-16,0.9037926391021062,0.08674664762428262,0.006556381244427352,0.9905392867263888,0.9970956679708162,2,2,0.7805623265410015,0.0443156839482441
USDPEN,44,2m,207,250,2025-11-19,2026-01-19,0.9078027031442553,0.08318544530505272,0.006136536313166129,0.9909881484493079,0.9971246847624741,2,2,0.7876109970389615,0.04997706645850177
USDPEN,44,2m,208,251,2025-11-20,2026-01-20,0.9134129588376394,0.07836235540067839,0.005455133496547323,0.9917753142383178,0.9972304477348651,2,2,0.801954752554274,0.04303630708546665
USDPEN,44,2m,209,252,2025-11-21,2026-01-21,0.9156930671039349,0.07643659629851951,0.005066902635549308,0.9921296634024545,0.9971965660380038,2,2,0.7915830118133372,0.07471635056565828
USDPEN,44,2m,210,253,2025-11-24,2026-01-22,0.9018291002706587,0.09034570960350011,0.004915959845445519,0.9921748098741587,0.9970907697196043,2,2,0.7852313530129843,0.09967540880546351
USDPEN,44,2m,211,254,2025-11-25,2026-01-23,0.8908609081372167,0.10179895927642611,0.004484127416027066,0.9926598674136429,0.99714399482967,2,2,0.7916651425305229,0.09947940124790092
USDPEN,44,2m,212,255,2025-11-26,2026-01-26,0.8818041910690673,0.11136468616596205,0.004066183972043096,0.9931688772350293,0.9972350612070724,2,2,0.8073085746610474,0.13435675656275123
USDPEN,44,2m,213,256,2025-11-27,2026-01-27,0.8664358025971745,0.12703790913792384,0.0038046869554734493,0.9934737117350982,0.9972783986905717,2,2,0.8425597991091767,0.1396737806178533
USDPEN,44,2m,214,257,2025-11-28,2026-01-28,0.8539180837148551,0.14001496806481115,0.003453744622958218,0.9939330517796663,0.9973867964026245,2,2,0.9203864018696863,0.21696579273489205
USDPEN,44,2m,215,258,2025-12-01,2026-01-29,0.8382379705533658,0.15588416098898855,0.003202379739486636,0.9941221315423543,0.997324511281841,2,2,0.9614477179598768,0.17666710000440183
USDPEN,44,2m,216,259,2025-12-02,2026-01-30,0.8267513189479884,0.1674717399311259,0.003148110909121081,0.9942230588791143,0.9973711697882354,2,2,0.9864487946147398,0.106578671678954
USDPEN,44,2m,217,260,2025-12-03,2026-02-02,0.8250965408317501,0.1691743127982015,0.003235856758166396,0.9942708536299516,0.997506710388118,2,2,1.0277236068386506,0.14277467205528524
USDPEN,44,2m,218,261,2025-12-04,2026-02-03,0.8255123808917233,0.16876277423464114,0.0033459947965087155,0.9942751551263644,0.9976211499228732,2,2,1.0530012278075027,0.07924035183590736
USDPEN,44,2m,219,262,2025-12-05,2026-02-04,0.8290843245219227,0.16496495124742916,0.003463734076691521,0.9940492757693519,0.9975130098460434,2,2,1.0683388473706559,0.044454940149452046
USDPEN,44,2m,220,263,2025-12-08,2026-02-05,0.8281165055237185,0.16613765226258612,0.0032974880636969946,0.9942541577863047,0.9975516458500017,2,2,1.0503949988558976,0.05630795242525414
USDPEN,44,2m,221,264,2025-12-09,2026-02-06,0.8288718105876454,0.1654731920681468,0.0032725924391804177,0.9943450026557922,0.9976175950949726,2,2,1.107105770869605,0.177423327635311
USDPEN,44,2m,222,265,2025-12-10,2026-02-09,0.8288793327724746,0.16557363816497006,0.0033605418261500363,0.9944529709374447,0.9978135127635948,2,2,1.1240171053510875,0.09268938928442902
USDPEN,44,2m,223,266,2025-12-11,2026-02-10,0.8232046234135625,0.1716672672168583,0.0028242666895676736,0.9948718906304208,0.9976961573199885,2,2,1.186484288202397,0.14006958983593162
USDPEN,44,2m,224,267,2025-12-12,2026-02-11,0.8143774665161305,0.18082964589024955,0.0024436275228230777,0.99520711240638,0.9976507399292032,2,2,1.3135523106792777,0.3383993796494814
USDPEN,44,2m,225,268,2025-12-15,2026-02-12,0.8114370291958366,0.1843086613840992,0.0019925994535218397,0.9957456905799358,0.9977382900334576,2,2,1.3911447902445222,0.8682490522830079
USDPEN,44,2m,226,269,2025-12-16,2026-02-13,0.8099017174486225,0.186077441190559,0.002010748536179404,0.9959791586391815,0.997989907175361,2,2,1.3333493437212542,0.2633066598908987
USDPEN,44,2m,227,270,2025-12-17,2026-02-16,0.8106719782430524,0.18537725125675866,0.0020562499966486044,0.996049229499811,0.9981054794964596,2,2,1.366384699886586,0.1216368359362776
USDPEN,44,2m,228,271,2025-12-18,2026-02-17,0.8137434587185615,0.18247445280771615,0.0020670532279215607,0.9962179115262776,0.9982849647541991,2,2,1.3733893472151362,0.03487639665702291
USDPEN,44,2m,229,272,2025-12-19,2026-02-18,0.8139874525415327,0.18224828198378074,0.00213196823030272,0.9962357345253134,0.9983677027556161,2,2,1.3622760554026927,0.08013488019648078
USDPEN,44,2m,230,273,2025-12-22,2026-02-19,0.8008385778279745,0.19509186379188953,0.0023061162642615137,0.995930441619864,0.9982365578841255,2,2,1.3606145574303186,0.07343919674900334
USDPEN,44,2m,231,274,2025-12-23,2026-02-20,0.7807733109509039,0.21450619035823376,0.0026923526594261156,0.9952795013091376,0.9979718539685637,2,2,1.3638974347474555,0.07025559275387616
USDPEN,44,2m,232,275,2025-12-24,2026-02-23,0.7681380424428297,0.22672171737698593,0.0029234874269454566,0.9948597598198157,0.9977832472467612,2,2,1.3425186681357173,0.09521893994273185
USDPEN,44,2m,233,276,2025-12-25,2026-02-24,0.7625248962101017,0.23198854027315094,0.0031246851967331396,0.9945134364832526,0.9976381216799858,2,2,1.3121354986025535,0.12028566336353103
USDPEN,44,2m,234,277,2025-12-26,2026-02-25,0.7522991569565968,0.24165240646239944,0.0035186057824244483,0.9939515634189962,0.9974701692014206,2,2,1.2730512461153127,0.12747722187113325
USDPEN,44,2m,235,278,2025-12-29,2026-02-26,0.747839605445473,0.2458709627637919,0.0037797168743688263,0.9937105682092648,0.9974902850836337,2,2,1.2517549072535301,0.06368712076225795
USDPEN,44,2m,236,279,2025-12-30,2026-02-27,0.7191138080121181,0.2739236906234539,0.0042386652415771,0.993037498635572,0.9972761638771491,2,2,1.240683863073701,0.029224215535747073
USDPEN,44,2m,237,280,2025-12-31,2026-03-02,0.7245993595422898,0.26846595854469235,0.004411365329669967,0.9930653180869822,0.9974766834166522,2,2,1.2502587490664758,0.03514233793957563
USDPEN,44,2m,238,281,2026-01-01,2026-03-03,0.725582357216902,0.2676112536077613,0.004440433361125139,0.9931936108246633,0.9976340441857884,2,2,1.2546020595116638,0.04019533342520505
USDPEN,44,2m,239,282,2026-01-02,2026-03-04,0.7390536404673618,0.25458157055357605,0.004277833567686666,0.9936352110209379,0.9979130445886245,2,2,1.2643348667207401,0.040990865529901284
USDPEN,44,2m,240,283,2026-01-05,2026-03-05,0.7467685757677937,0.24732518573569479,0.004098304440018678,0.9940937615034884,0.9981920659435071,2,2,1.261228436493459,0.023385970338239862
USDPEN,44,2m,241,284,2026-01-06,2026-03-06,0.7438350245792035,0.2506313391102805,0.003916832167708518,0.9944663636894839,0.9983831958571925,2,2,1.2540930604710792,0.02151767618097642
USDPEN,44,2m,242,285,2026-01-07,2026-03-09,0.7346201219121112,0.25989502924137936,0.0038892040758491593,0.9945151511534907,0.9984043552293398,2,2,1.254520381451653,0.0210299501009595
USDPEN,44,2m,243,286,2026-01-08,2026-03-10,0.7345130917274273,0.26005461175988903,0.0038524755015844044,0.9945677034873164,0.9984201789889008,2,2,1.2475799953987545,0.018503103055516966
USDPEN,44,2m,244,287,2026-01-09,2026-03-11,0.7217001392156701,0.2728029132211191,0.0038652403422948954,0.9945030524367893,0.9983682927790841,2,2,1.2322867976003529,0.04267396587262814
USDPEN,44,2m,245,288,2026-01-12,2026-03-12,0.7131401141781468,0.2813365368573335,0.0038458684155958157,0.9944766510354803,0.9983225194510762,2,2,1.2188390827353215,0.04410790983913289
USDPEN,44,2m,246,289,2026-01-13,2026-03-13,0.7182096113905168,0.2761877783036944,0.003900464775893448,0.9943973896942111,0.9982978544701046,2,2,1.214702173231342,0.029223391560400894
USDPEN,44,2m,247,290,2026-01-14,2026-03-16,0.7422703999225077,0.25227177662399836,0.0038511680714833785,0.994542176546506,0.9983933446179893,2,2,1.2153072102301183,0.021716651665868683
USDPEN,44,2m,248,291,2026-01-15,2026-03-17,0.7578574307737421,0.2367336638773449,0.003827896032399411,0.994591094651087,0.9984189906834864,2,2,1.2165673348707045,0.013983087704820936
USDPEN,44,2m,249,292,2026-01-16,2026-03-18,0.7676656948600866,0.22673586405859933,0.003908277085312056,0.994401558918686,0.998309836003998,2,2,1.221163197290115,0.019931182805828267
USDPEN,44,2m,250,293,2026-01-19,2026-03-19,0.8162372717050497,0.1789101398095708,0.0033460829273714117,0.9951474115146205,0.9984934944419919,2,2,1.231020664177424,0.03141858645777859
USDPEN,44,2m,251,294,2026-01-20,2026-03-20,0.8502694196795132,0.14573851103113314,0.002642122011155147,0.9960079307106463,0.9986500527218014,2,2,1.2215339751638234,0.030596492225448736
USDPEN,44,2m,252,295,2026-01-21,2026-03-23,0.8799838484707813,0.11688483433367651,0.0019396270412790025,0.9968686828044577,0.9988083098457368,2,2,1.1649659133419343,0.18698897658281177
USDPEN,44,2m,253,296,2026-01-22,2026-03-24,0.8927658461029641,0.10460069767952189,0.0015437511158999761,0.9973665437824859,0.9989102948983859,2,2,1.1434643963854003,0.11954579229514689
USDPEN,44,2m,254,297,2026-01-23,2026-03-25,0.8990835447843823,0.09891403257648429,0.001098690748604997,0.9979975773608667,0.9990962681094717,2,2,1.057376647687366,0.6139799182170607
USDPEN,44,2m,255,298,2026-01-26,2026-03-26,0.9036441182370322,0.09475584882802907,9.406942500261728e-4,0.9983999670650612,0.9993406613150874,2,2,1.1309031662510882,0.570798399526553
USDPEN,44,2m,256,299,2026-01-27,2026-03-27,0.9188168794858815,0.07997769935490301,7.673399846969512e-4,0.9987945788407846,0.9995619188254815,2,2,1.1940360561363241,0.24741088841550585
USDPEN,66,3m,1,66,2025-02-04,2025-05-06,0.8543546641034525,0.14320823358702445,0.0013225673880068877,0.9975628976904769,0.9988854650784837,2,2,1.3420570761680324,NA
USDPEN,66,3m,2,67,2025-02-05,2025-05-07,0.8516232232271229,0.14615193443797586,0.0013110286300303793,0.9977751576650988,0.9990861862951292,2,2,1.3367682242859327,0.03630893733809396
USDPEN,66,3m,3,68,2025-02-06,2025-05-08,0.8526687304492788,0.1452220279812671,0.0012244879654024843,0.9978907584305459,0.9991152463959484,2,2,1.3420333421028352,0.0308624937616391
USDPEN,66,3m,4,69,2025-02-07,2025-05-09,0.8522771714592488,0.14566165736217382,0.00120671504518002,0.9979388288214226,0.9991455438666026,2,2,1.3419380139121242,0.004130398414376231
USDPEN,66,3m,5,70,2025-02-10,2025-05-12,0.8536281086096248,0.14434001814624325,0.0011860127911602497,0.997968126755868,0.9991541395470283,2,2,1.3403457222459885,0.01549324031820774
USDPEN,66,3m,6,71,2025-02-11,2025-05-13,0.8574736330313567,0.1405079147925075,0.0011807560351820275,0.9979815478238642,0.9991623038590461,2,2,1.3382773853594994,0.020605628784861177
USDPEN,66,3m,7,72,2025-02-12,2025-05-14,0.8595608110728731,0.13843947381810626,0.0011680410869880679,0.9980002848909794,0.9991683259779675,2,2,1.3365733206794235,0.015074804744975362
USDPEN,66,3m,8,73,2025-02-13,2025-05-15,0.8626386160056401,0.13538289406630022,0.0011462345973389312,0.9980215100719403,0.9991677446692793,2,2,1.3357502428276165,0.013139171178625652
USDPEN,66,3m,9,74,2025-02-14,2025-05-16,0.8674939048009567,0.13053763826183876,0.001144741543913077,0.9980315430627954,0.9991762846067085,2,2,1.3270891119811892,0.04790135856974887
USDPEN,66,3m,10,75,2025-02-17,2025-05-19,0.8730270635650164,0.12505166323449904,0.0011192552112663909,0.9980787267995154,0.9991979820107818,2,2,1.3241752304608083,0.013265158068820731
USDPEN,66,3m,11,76,2025-02-18,2025-05-20,0.87115035077851255,0.1268896035539814,0.0011414157515879167,0.9980399543324939,0.9991813700840818,2,2,1.32450729667638,0.003722107198571414
USDPEN,66,3m,12,77,2025-02-19,2025-05-21,0.8705827995070718,0.1273456365970857,0.0012084032265350505,0.9979284361041576,0.9991368393306926,2,2,1.3234502128497636,0.006164323062276228
USDPEN,66,3m,13,78,2025-02-20,2025-05-22,0.8765173093342448,0.12146118761892963,0.001185190600461068,0.9979784969531744,0.9991636875536355,2,2,1.3240001362546352,0.004221996291892033
USDPEN,66,3m,14,79,2025-02-21,2025-05-23,0.8827697682103396,0.11519633516460673,0.0011895222258579672,0.9979661033749463,0.9991556256008043,2,2,1.3240306426436363,0.027976537956209135
USDPEN,66,3m,15,80,2025-02-24,2025-05-26,0.887389735771916,0.11055941581419887,0.0012058517844115639,0.997949151586115,0.9991550033705265,2,2,1.326399161107405,0.011837230197166697
USDPEN,66,3m,16,81,2025-02-25,2025-05-27,0.8874128092332455,0.1105115851125527,0.0012352270346139027,0.9979243943457982,0.999159621380412,2,2,1.3292895752818525,0.03286921108911992
USDPEN,66,3m,17,82,2025-02-26,2025-05-28,0.889526978001456,0.10839160648279689,0.0012462184613169275,0.9979185844842529,0.9991648029455698,2,2,1.3293795533067558,0.016917038561166883
USDPEN,66,3m,18,83,2025-02-27,2025-05-29,0.891616852200273,0.10626681013150002,0.0012730834824847869,0.9978836623317731,0.9991567458142578,2,2,1.331830979293829,0.02274945566499511
USDPEN,66,3m,19,84,2025-02-28,2025-05-30,0.8950907301137415,0.10275640538620234,0.0012891255401302844,0.9978471354999439,0.9991362610400741,2,2,1.3327193407638176,0.008394581799987417
USDPEN,66,3m,20,85,2025-03-03,2025-06-02,0.9015166055564492,0.09631453972169905,0.0012957213001297998,0.9978311452781482,0.999126866578278,2,2,1.3334265661014557,0.018846685313802788
USDPEN,66,3m,21,86,2025-03-04,2025-06-03,0.9074189899128009,0.09040766070572798,0.0013025363541235124,0.9978266506185289,0.9991291869726524,2,2,1.3314762984224149,0.02350061933619808
USDPEN,66,3m,22,87,2025-03-05,2025-06-04,0.9137064788969208,0.08412027554541139,0.0013024467037316824,0.9978267544423322,0.99912920114606385,2,2,1.3288815130556078,0.029707637605227058
USDPEN,66,3m,23,88,2025-03-06,2025-06-05,0.9170623658277155,0.08081569196098466,0.0012542555149031875,0.9978780577887002,0.9991323133036034,2,2,1.336895618836955,0.05455832693955708
USDPEN,66,3m,24,89,2025-03-07,2025-06-06,0.9223561401654609,0.07553144283389457,0.0012464984422935568,0.9978875829993554,0.999134081441649,2,2,1.344129947110761,0.05766917529665816
USDPEN,66,3m,25,90,2025-03-10,2025-06-09,0.9269508433488115,0.07099075388158863,0.001204469101906706,0.9979415972304001,0.9991460663323068,2,2,1.3498229310999892,0.04735311904334991
USDPEN,66,3m,26,91,2025-03-11,2025-06-10,0.9283792965792206,0.06955335769812261,0.0012026880807999509,0.9979326542773432,0.9991353423581432,2,2,1.3560155246674839,0.0455042414654388
USDPEN,66,3m,27,92,2025-03-12,2025-06-11,0.9309419935051386,0.0669556054766988,0.0012178070699054766,0.9978975989818374,0.9991154060517429,2,2,1.3619209297241406,0.03490790737292569
USDPEN,66,3m,28,93,2025-03-13,2025-06-12,0.9350498187836062,0.06282677712255284,0.0012318153890629772,0.997876595906159,0.999108411295222,2,2,1.3676221128635824,0.030868340699626774
USDPEN,66,3m,29,94,2025-03-14,2025-06-13,0.9389884219981043,0.058867866539225724,0.0012506157705083165,0.99785628853733,0.9991069043078383,2,2,1.3741386181534578,0.03857471885928831
USDPEN,66,3m,30,95,2025-03-17,2025-06-16,0.9395645333694097,0.05805656451567722,0.0012800436669512408,0.9976210978850869,0.9989011415520381,2,2,1.333081961250762,0.1508738132055781
USDPEN,66,3m,31,96,2025-03-18,2025-06-17,0.9398324272066171,0.05774614323221835,0.00123804599756639,0.9975785704388355,0.9988166164364018,2,2,1.2865443835049966,0.1322570405987588
USDPEN,66,3m,32,97,2025-03-19,2025-06-18,0.9413584876961643,0.056209256543260484,0.0011866621634570316,0.9975677442394247,0.9987544064028818,2,2,1.2517586905517288,0.08707880710617202
USDPEN,66,3m,33,98,2025-03-20,2025-06-19,0.9423842794406547,0.05517708211954828,0.0011322156031683555,0.997561361560203,0.9986935771633714,2,2,1.2179222676584973,0.07874939654340976
USDPEN,66,3m,34,99,2025-03-21,2025-06-20,0.9408100931512327,0.05664143029544873,0.0011675067478878396,0.9974515234466814,0.9986190301945692,2,2,1.0722618889992026,0.2764961218972036
USDPEN,66,3m,35,100,2025-03-24,2025-06-23,0.938219335041095,0.05908709931678053,0.0012739392188315022,0.9973064343578756,0.998580373576707,2,2,0.880463701878613,0.30098395199793526
USDPEN,66,3m,36,101,2025-03-25,2025-06-24,0.934379295510888,0.06281034672825402,0.001430489143764268,0.9971896422391421,0.9986201313829064,2,2,0.7999452374890532,0.13182694119134722
USDPEN,66,3m,37,102,2025-03-26,2025-06-25,0.931062592344609,0.06612406639006647,0.001484370130677114,0.9971866587346755,0.9986710288653526,2,2,0.7426214198926497,0.08494853905643417
USDPEN,66,3m,38,103,2025-03-27,2025-06-26,0.9301703913963167,0.06706205925942064,0.0015101170649749844,0.9972324506557374,0.9987425677207123,2,2,0.6721766891171725,0.11144842651908361
USDPEN,66,3m,39,104,2025-03-28,2025-06-27,0.9298665449834644,0.06730505733362471,0.0015975621863413938,0.9971716023170891,0.9987691645034306,2,2,0.6566743543969129,0.03252113844447646
USDPEN,66,3m,40,105,2025-03-31,2025-06-30,0.9326384951745477,0.06457655013775021,0.001604499855145653,0.9972150453122979,0.9988195451674435,2,2,0.6720480488921944,0.05356896066654204
USDPEN,66,3m,41,106,2025-04-01,2025-07-01,0.9357360238890657,0.06145505102796913,0.0016454536020987943,0.9971910749170348,0.9988365285191336,2,2,0.6725054028951339,0.03719071492952774
USDPEN,66,3m,42,107,2025-04-02,2025-07-02,0.9438956198467047,0.05340804557236124,0.0015712553116537702,0.9973036654190659,0.9988749207307197,2,2,0.6659069270289876,0.018035453172434115
USDPEN,66,3m,43,108,2025-04-03,2025-07-03,0.9514919072651593,0.04578145491869801,0.0016141444986350866,0.9972733621838573,0.9988875066824924,1,2,0.6488509397503168,0.040451892565766034
USDPEN,66,3m,44,109,2025-04-04,2025-07-04,0.9529622288394076,0.04430035857848562,0.0016334066176958832,0.9972625874178932,0.998895994035589,1,2,0.6154871449601997,0.05747899135940299
USDPEN,66,3m,45,110,2025-04-07,2025-07-07,0.9562018095103085,0.04104851354284484,0.0016642206608712513,0.9972503230531534,0.9989145437140247,1,2,0.6032099886283404,0.030868905409063795
USDPEN,66,3m,46,111,2025-04-08,2025-07-08,0.95827078126540155,0.039063552634711736,0.0016284743454100408,0.9973343339001133,0.9989628082455233,1,2,0.6060201252247169,0.013068674396862765
USDPEN,66,3m,47,112,2025-04-09,2025-07-09,0.960796329696111,0.036532151763555856,0.0016187470371893755,0.9973284814596668,0.9989472284968561,1,2,0.6039339611994596,0.016356712517117716
USDPEN,66,3m,48,113,2025-04-10,2025-07-10,0.9617257969537835,0.03558122794960111,0.001591990818575768,0.9973070249033846,0.9988990157219604,1,2,0.609780498346474,0.03286508848682189
USDPEN,66,3m,49,114,2025-04-11,2025-07-11,0.9623449211018086,0.0349886505257879,0.0015443923743349852,0.9973335716275965,0.9988779640019315,1,2,0.6295207858978618,0.05892721649437052
USDPEN,66,3m,50,115,2025-04-14,2025-07-14,0.9705674925733306,0.026753981591753174,0.0015442718402403272,0.9973214741650838,0.9988657460053241,1,2,0.6407704006763818,0.07331580752058789
USDPEN,66,3m,51,116,2025-04-15,2025-07-15,0.9692645501660779,0.028095215962455684,0.0015278692037607828,0.9973597661285336,0.9988876353322944,1,2,0.6143119739060537,0.0428215621773493
USDPEN,66,3m,52,117,2025-04-16,2025-07-16,0.9689607635847672,0.028402896282825756,0.0015180279100739354,0.997363659867593,0.998881687777667,1,2,0.5938822807759878,0.050729389608465986
USDPEN,66,3m,53,118,2025-04-17,2025-07-17,0.9688394203057844,0.028504096424452872,0.0015354333944625803,0.9973435167302372,0.9988789501246998,1,2,0.571858665819339,0.06485603043060204
USDPEN,66,3m,54,119,2025-04-18,2025-07-18,0.967935221002205,0.029253812334995306,0.0016015183543076066,0.9971890333372003,0.9987905516915079,1,2,0.5742875315065791,0.0780352818792958
USDPEN,66,3m,55,120,2025-04-21,2025-07-21,0.9721055667704934,0.02501205518200511,0.0016276854314010855,0.9971176219524985,0.9987453073838997,1,2,0.5654222102655733,0.038904223849053586
USDPEN,66,3m,56,121,2025-04-22,2025-07-22,0.9717287231831667,0.025237003344936868,0.0016880202835044275,0.9969657265281036,0.998653746811608,1,2,0.5859241827091897,0.0796925941302279
USDPEN,66,3m,57,122,2025-04-23,2025-07-23,0.97109463401946,0.025755732510268397,0.0017526616287572778,0.9968503665297284,0.9986030281584857,1,2,0.6024598896514972,0.07827394244502624
USDPEN,66,3m,58,123,2025-04-24,2025-07-24,0.9718966978539174,0.02476372145933412,0.001671988058584904,0.9966604193132516,0.9983324073718365,1,2,0.6515011020390089,0.07644215400049247
USDPEN,66,3m,59,124,2025-04-25,2025-07-25,0.9710867835251402,0.025342086812842366,0.001601947048955598,0.9964288703379826,0.9980308173869381,1,2,0.7583875596966045,0.15879711923430367
USDPEN,66,3m,60,125,2025-04-28,2025-07-28,0.9729323368203998,0.02344434316098768,0.0015752682153778014,0.9963766799813875,0.9979519481967652,1,2,0.8587131353136285,0.1499636183788997
USDPEN,66,3m,61,126,2025-04-29,2025-07-29,0.9729073708964535,0.02345600126984166,0.0015503995340987189,0.9963633721662952,0.997913771700394,1,2,0.9470220247527692,0.13616117248782014
USDPEN,66,3m,62,127,2025-04-30,2025-07-30,0.9727263149172521,0.023641013516861323,0.0015232940455326568,0.9963673284341135,0.9978906224796461,1,2,1.046831450290697,0.1618064543519645
USDPEN,66,3m,63,128,2025-05-01,2025-07-31,0.973628317354125,0.022781644175228544,0.0014927251947934944,0.9964099615293536,0.9979026867241471,1,2,1.1554320917372993,0.19251505434770355
USDPEN,66,3m,64,129,2025-05-02,2025-08-01,0.973996248609361,0.02246730526941492,0.0014529163963415614,0.9964635538787758,0.9979164702751174,1,2,1.2690626975249426,0.24339013232913542
USDPEN,66,3m,65,130,2025-05-05,2025-08-04,0.9754690190440648,0.02112187516143427,0.0013605204226288142,0.9965908942054991,0.9979514146281279,1,2,1.365960228926511,0.28491911330351444
USDPEN,66,3m,66,131,2025-05-06,2025-08-05,0.9745754111368361,0.02200720501059219,0.0013901719061052754,0.9965826161474283,0.9979727880535335,1,2,1.3892081028874834,0.10557952201645283
USDPEN,66,3m,67,132,2025-05-07,2025-08-06,0.9733492326686404,0.023234043296348886,0.0014245818019741631,0.9965832759649893,0.9980078577669634,1,2,1.4010112005943387,0.06922209105789584
USDPEN,66,3m,68,133,2025-05-08,2025-08-07,0.9739229355387653,0.02260256346609742,0.0014526189812330771,0.9965254990048628,0.9979781179860958,1,2,1.4039055477928926,0.03731113125060684
USDPEN,66,3m,69,134,2025-05-09,2025-08-08,0.9731557372704722,0.023259853048698716,0.00152618191051094,0.9964155903191709,0.9979417722296818,1,2,1.409446072293725,0.05986961550237006
USDPEN,66,3m,70,135,2025-05-12,2025-08-11,0.9735745673823251,0.02275176361321411,0.0015960275291042358,0.9963263309955391,0.9979223585246434,1,2,1.4125350168292174,0.05716995340907735
USDPEN,66,3m,71,136,2025-05-13,2025-08-12,0.9729635108036853,0.02325825122066759,0.0017008339474466638,0.9962217620243529,0.9979225959717996,1,2,1.4139435279744599,0.05399160413247388
USDPEN,66,3m,72,137,2025-05-14,2025-08-13,0.9719935869240116,0.024125146820331685,0.0018148372388243313,0.9961187337443433,0.9979335709831677,1,2,1.4137165925479098,0.04495774222981184
USDPEN,66,3m,73,138,2025-05-15,2025-08-14,0.9717070264194585,0.02418597963083996,0.001958271083426662,0.9958930060502984,0.997851277133725,1,2,1.4095605899463581,0.07412864822377209
USDPEN,66,3m,74,139,2025-05-16,2025-08-15,0.9703749535979015,0.02531565540421193,0.00209467806334866,0.9956906090021134,0.997785287065462,1,2,1.407967773496268,0.035532294175264406
USDPEN,66,3m,75,140,2025-05-19,2025-08-18,0.9659666528048302,0.029152806467590497,0.002335571952392421,0.9951194592724206,0.997455031224813,1,2,1.3644802882199358,0.24369288017588955
USDPEN,66,3m,76,141,2025-05-20,2025-08-19,0.9622889692022568,0.031727241104725405,0.003190011303988767,0.9940162103069822,0.9972062216109709,1,2,1.2913380104287422,0.27777931122661126
USDPEN,66,3m,77,142,2025-05-21,2025-08-20,0.9580379712300678,0.034721047171534104,0.004291480339233413,0.992759018401602,0.9970504987408354,1,2,1.2804941646457455,0.06280855228284148
USDPEN,66,3m,78,143,2025-05-22,2025-08-21,0.9549027062455733,0.03666716678810292,0.005331757062611942,0.9915698730336762,0.9969016300962881,1,2,1.2721859699981957,0.03743110698789997
USDPEN,66,3m,79,144,2025-05-23,2025-08-22,0.9506998774598964,0.039563888151544796,0.006468548424403939,0.9902637656114411,0.9967323140358451,1,2,1.2763515559114722,0.024238538738849645
USDPEN,66,3m,80,145,2025-05-26,2025-08-25,0.9482538629387551,0.04193609466205751,0.006734245150686799,0.9901899576008126,0.9969242027514994,2,2,1.290243290593552,0.04845396809325554
USDPEN,66,3m,81,146,2025-05-27,2025-08-26,0.949026801390742,0.04148027199798131,0.006485666403506633,0.9905070733887233,0.99699273979223,2,2,1.307667384029883,0.04719074076653743
USDPEN,66,3m,82,147,2025-05-28,2025-08-27,0.9523077357780821,0.038735099835723576,0.006219530181371978,0.9910428356138057,0.9972623657951777,1,2,1.3413487945391842,0.10020473389691326
USDPEN,66,3m,83,148,2025-05-29,2025-08-28,0.9540065254487644,0.03745375423802175,0.006000657138306602,0.9914602796867862,0.9974609368250927,1,2,1.365879871078263,0.08501555036261593
USDPEN,66,3m,84,149,2025-05-30,2025-08-29,0.9542486279672019,0.0373160880299262,0.0059807107081190705,0.9915647159971281,0.9975454267052473,1,2,1.3776579878855946,0.0507734361472324
USDPEN,66,3m,85,150,2025-06-02,2025-09-01,0.9550228812422933,0.03682102761759292,0.005873800412803562,0.9918439088598862,0.9977177092726898,1,2,1.3903327973158837,0.06148432986908241
USDPEN,66,3m,86,151,2025-06-03,2025-09-02,0.9525548561955359,0.03889371421467505,0.006179108117496367,0.991448570410211,0.9976276785277073,1,2,1.3950166254665546,0.027754068667396003
USDPEN,66,3m,87,152,2025-06-04,2025-09-03,0.9497618731331093,0.04111759022307291,0.0066322416758101705,0.9908794633561823,0.9975117050319925,2,2,1.3988660084315037,0.02942438650645561
USDPEN,66,3m,88,153,2025-06-05,2025-09-04,0.945879314794183,0.04428408457712479,0.007218122229236112,0.9901633993713077,0.9973815216005438,2,2,1.4025237882145505,0.029674854572489324
USDPEN,66,3m,89,154,2025-06-06,2025-09-05,0.9409310367006949,0.0483876547698888,0.007867807938084875,0.9893186914705837,0.9971864994086685,2,3,1.404232891208384,0.017899148696154395
USDPEN,66,3m,90,155,2025-06-09,2025-09-08,0.9394708263749192,0.04914663080917192,0.008350897762606512,0.9886174571840911,0.9969683549466977,2,3,1.3993043621197825,0.03653787352265702
USDPEN,66,3m,91,156,2025-06-10,2025-09-09,0.9345248991185304,0.0529668834125664,0.00912030076907259,0.9874917825310968,0.9966120833001694,2,3,1.3947521906418074,0.03459595024211843
USDPEN,66,3m,92,157,2025-06-11,2025-09-10,0.92995998268164215,0.05682499508373211,0.009549199704867601,0.9867849777653742,0.9963341774702418,2,3,1.3939743680204724,0.025826224074155038
USDPEN,66,3m,93,158,2025-06-12,2025-09-11,0.9301660187408967,0.055837384394493164,0.010050018704210548,0.9860034031353898,0.9960534218396003,2,3,1.3869522314671192,0.05242109310764146
USDPEN,66,3m,94,159,2025-06-13,2025-09-12,0.9299826091948922,0.05620075856462202,0.009809087642448339,0.9861833677595142,0.9959924554019626,2,3,1.39001668581513,0.02699667677536612
USDPEN,66,3m,95,160,2025-06-16,2025-09-15,0.9307735524306358,0.05623536808464985,0.00894320944004186,0.9870089205152857,0.9959521299553276,2,3,1.3968896725862927,0.05428780870467502
USDPEN,66,3m,96,161,2025-06-17,2025-09-16,0.9305121860264917,0.0576033093039144,0.007906083348218492,0.9881154953304061,0.9960215786786246,2,3,1.3990775852789636,0.03890998868171488
USDPEN,66,3m,97,162,2025-06-18,2025-09-17,0.9324092062589564,0.0564495797437554,0.007260287412773503,0.9888587860027118,0.9961190734154853,2,3,1.3991584320396213,0.02176610481929224
USDPEN,66,3m,98,163,2025-06-19,2025-09-18,0.9347224166300213,0.0548513565078922,0.006604831469044126,0.9895737731379135,0.9961786046069576,2,3,1.397955659176747,0.04176286714906501
USDPEN,66,3m,99,164,2025-06-20,2025-09-19,0.9373175667016401,0.053021219183946554,0.005940715751249974,0.9903387858855867,0.9962795016368367,2,2,1.3969627543626937,0.052327827174301136
USDPEN,66,3m,100,165,2025-06-23,2025-09-22,0.9381595124235194,0.05247122109445933,0.0056361000146898195,0.9906307335179787,0.9962668335326685,2,2,1.3886418413524872,0.08204692551194943
USDPEN,66,3m,101,166,2025-06-24,2025-09-23,0.9392429183367379,0.051642185988841426,0.0053719371180989154,0.9908851043255793,0.9962570414436782,2,2,1.3762797756073986,0.09346309203108896
USDPEN,66,3m,102,167,2025-06-25,2025-09-24,0.9391591827936704,0.05171147155252332,0.005460373973699973,0.9908706543461937,0.9963310283198937,2,2,1.367919256777332,0.046478158561872956
USDPEN,66,3m,103,168,2025-06-26,2025-09-25,0.9405438782604219,0.050404402904399494,0.005431596458233229,0.9909482811648214,0.9963798776230546,2,2,1.359890302196398,0.041503882607267624
USDPEN,66,3m,104,169,2025-06-27,2025-09-26,0.9410362869064736,0.04995571178883389,0.005483445236738834,0.9909919986953074,0.9964754439320462,2,2,1.354771979510551,0.029102849128546
USDPEN,66,3m,105,170,2025-06-30,2025-09-29,0.9436699023745977,0.04753941216707589,0.0054110542465066695,0.9912093145416736,0.9966203687881803,2,2,1.3440165960628088,0.05181426933690224
USDPEN,66,3m,106,171,2025-07-01,2025-09-30,0.9428136568327704,0.0483938864609781,0.005520007491443213,0.9912075432937485,0.9967275507851917,2,2,1.3520551115156567,0.04337968476812937
USDPEN,66,3m,107,172,2025-07-02,2025-10-01,0.9425538162466878,0.04874800575701666,0.005537644562678637,0.9913018220037044,0.9968394665663831,2,2,1.3501218265700254,0.022773313879306173
USDPEN,66,3m,108,173,2025-07-03,2025-10-02,0.9377691851948721,0.05327134619532207,0.00579162607527723,0.9910405313901941,0.9968321574654714,2,2,1.3436204114719663,0.02841184334663709
USDPEN,66,3m,109,174,2025-07-04,2025-10-03,0.9344473573015878,0.05682264569883769,0.005743254109787175,0.9912700030004254,0.9970132571102126,2,2,1.3319795090008033,0.046094970442485665
USDPEN,66,3m,110,175,2025-07-07,2025-10-06,0.9309991675151406,0.06036613246753204,0.005768424079472854,0.9913652999826726,0.9971337240621455,2,2,1.318421040100786,0.051753925006088955
USDPEN,66,3m,111,176,2025-07-08,2025-10-07,0.9184299175449548,0.07309571728931194,0.005759154986961016,0.9915256348342668,0.9972847898212278,2,2,1.2963119323488819,0.06939705063695563
USDPEN,66,3m,112,177,2025-07-09,2025-10-08,0.9176733193471447,0.07403713151167061,0.005741503789976861,0.9917104508588153,0.9974519546487921,2,2,1.289732387504905,0.036595169389738835
USDPEN,66,3m,113,178,2025-07-10,2025-10-09,0.9174817109574859,0.07434825689931912,0.005476259425762049,0.991829967856805,0.997306227282567,2,2,1.2499482801531447,0.10232151457457099
USDPEN,66,3m,114,179,2025-07-11,2025-10-10,0.9185494007843487,0.07354507508044374,0.005058766833274899,0.9920944758647924,0.9971532426980673,2,2,1.2329552063240536,0.04147222198298912
USDPEN,66,3m,115,180,2025-07-14,2025-10-13,0.9158228634120043,0.07669013867782722,0.004674757916375934,0.9925130020898315,0.9971877600062075,2,2,1.212643151383204,0.04854752097164602
USDPEN,66,3m,116,181,2025-07-15,2025-10-14,0.9193344388586053,0.07370171328237479,0.004235084416154097,0.9930361521409801,0.9972712365571341,2,2,1.1946360009727561,0.05515398637492406
USDPEN,66,3m,117,182,2025-07-16,2025-10-15,0.9231255303528666,0.0698605198442691,0.004202262805740254,0.9929860501971357,0.9971883130028759,2,2,1.1610116583459302,0.0690215344039302
USDPEN,66,3m,118,183,2025-07-17,2025-10-16,0.9245416866460421,0.06861541357784828,0.0040549085783866436,0.9931571002238904,0.997212008802277,2,2,1.1361276208901117,0.04988091994663392
USDPEN,66,3m,119,184,2025-07-18,2025-10-17,0.9252646732226767,0.0681397368464091,0.0038070513638184976,0.9934044100690858,0.9972114614329043,2,2,1.0836060521139557,0.09895151655571524
USDPEN,66,3m,120,185,2025-07-21,2025-10-20,0.9237765419917707,0.07000150358262296,0.00347436874601288,0.9937780455743936,0.9972524143204066,2,2,1.0483965118168894,0.08182056828526478
USDPEN,66,3m,121,186,2025-07-22,2025-10-21,0.924113912764443,0.06988212423665417,0.0033516095876399347,0.9939960370010972,0.9973476465887371,2,2,0.9655817382339141,0.1431011504974559
USDPEN,66,3m,122,187,2025-07-23,2025-10-22,0.9236451199589654,0.07035537083117634,0.0034312245894862234,0.9940004907901417,0.9974317153796279,2,2,0.9230750408897086,0.06833400926063365
USDPEN,66,3m,123,188,2025-07-24,2025-10-23,0.9225019689944807,0.07146204594984557,0.0036034419630876936,0.9939640149443263,0.997567456907414,2,2,0.86447590090066,0.08907356278242823
USDPEN,66,3m,124,189,2025-07-25,2025-10-24,0.9207690838698755,0.07288075185236557,0.00391658981926888,0.9936498357222411,0.99756642554151,2,2,0.8384924157148336,0.0526570476418318
USDPEN,66,3m,125,190,2025-07-28,2025-10-27,0.919298834728471,0.07401212320136683,0.0043429666136979485,0.9933109579298378,0.9976539245435357,2,2,0.8176220076451364,0.05785203896420775
USDPEN,66,3m,126,191,2025-07-29,2025-10-28,0.9202850675637493,0.07352022718614346,0.0038960684379460405,0.9938052947498928,0.9977013631878388,2,2,0.7632101884762157,0.09455463196424777
USDPEN,66,3m,127,192,2025-07-30,2025-10-29,0.9188227423242441,0.07525331526156075,0.003655995914739305,0.9940760575858049,0.9977320535005442,2,2,0.7125339088765836,0.08316858924102898
USDPEN,66,3m,128,193,2025-07-31,2025-10-30,0.9159505065486372,0.07779123903573826,0.003571595109292309,0.9937417455843754,0.9973133406936677,2,2,0.7592931174799864,0.17614721371910344
USDPEN,66,3m,129,194,2025-08-01,2025-10-31,0.9155091634136943,0.07769179679458411,0.0037968654612764987,0.9932009602082784,0.9969978256695549,2,2,0.8813687060850665,0.2435540732061362
USDPEN,66,3m,130,195,2025-08-04,2025-11-03,0.9140343003194521,0.07895535048629614,0.0038310413022263432,0.9929896508057482,0.9968206921079745,2,2,1.0122301401577503,0.23257745453385123
USDPEN,66,3m,131,196,2025-08-05,2025-11-04,0.9088601264524205,0.08308895562585696,0.0044810960814569804,0.9919490820782775,0.9964301781597344,2,2,1.116371643320855,0.1911864388287428
USDPEN,66,3m,132,197,2025-08-06,2025-11-05,0.9055914369201893,0.08591565337978029,0.004653513440646728,0.9915070902999695,0.9961606037406162,2,2,1.2018042638230129,0.18243921223833545
USDPEN,66,3m,133,198,2025-08-07,2025-11-06,0.9064622295881791,0.08453423761932989,0.005175933193516256,0.990996467207509,0.9961724004010253,2,2,1.251121302744386,0.11843088421870338
USDPEN,66,3m,134,199,2025-08-08,2025-11-07,0.9004266430944592,0.09000070631336225,0.0052000843218214,0.9904273494078214,0.9956274337296428,2,2,1.2834931425084737,0.09077282498947992
USDPEN,66,3m,135,200,2025-08-11,2025-11-10,0.8945338447819721,0.095176449568202,0.005409358063570564,0.9897102943501741,0.9951196524137447,2,3,1.3307645950494595,0.14790846190224416
USDPEN,66,3m,136,201,2025-08-12,2025-11-11,0.8939559278287195,0.09546325539690687,0.005723295447702283,0.9894191832256263,0.9951424786733286,2,3,1.3371689114111265,0.027837358610956854
USDPEN,66,3m,137,202,2025-08-13,2025-11-12,0.8917045760693935,0.09729725098765253,0.006017440723661594,0.989001827057046,0.9950192677807076,2,3,1.3444032425092098,0.05823627624229724
USDPEN,66,3m,138,203,2025-08-14,2025-11-13,0.8891307173692163,0.09935204132444503,0.0064343130556985245,0.9884827586936613,0.9949170717493598,2,3,1.350158387858413,0.02775855449067714
USDPEN,66,3m,139,204,2025-08-15,2025-11-14,0.8888770004948767,0.09935400178108411,0.00677663080296384,0.9882310022759608,0.9950076330789247,2,3,1.352563494978716,0.022319817163202832
USDPEN,66,3m,140,205,2025-08-18,2025-11-17,0.885809781029395,0.10193861338299696,0.007013247519932838,0.9877483944123919,0.9947616419323247,2,3,1.3645481732834965,0.04628035349862663
USDPEN,66,3m,141,206,2025-08-19,2025-11-18,0.8891706113399791,0.09830008406208669,0.007116947182868404,0.9874706954020658,0.9945876425849342,2,3,1.371106413451853,0.04385897243558635
USDPEN,66,3m,142,207,2025-08-20,2025-11-19,0.8882304574358797,0.09926065497224242,0.007097734761012415,0.9874911124081222,0.9945888471691345,2,3,1.3643567081498236,0.04427911473735991
USDPEN,66,3m,143,208,2025-08-21,2025-11-20,0.8867547764046504,0.10079548405734688,0.0069963454942752745,0.9875502604619972,0.9945466059562725,2,3,1.3569495794880364,0.03933793833574438
USDPEN,66,3m,144,209,2025-08-22,2025-11-21,0.8904336666664909,0.0972874031442517,0.006894032261421086,0.9877210698107426,0.9946151020721636,2,3,1.342425856633805,0.08384696706002355
USDPEN,66,3m,145,210,2025-08-25,2025-11-24,0.8928329686614341,0.09506854675102645,0.0068706676757923964,0.9879015154124606,0.994772183088253,2,3,1.3324063114452718,0.050844968177871284
USDPEN,66,3m,146,211,2025-08-26,2025-11-25,0.8958092963569444,0.09216256944272852,0.006904427372325397,0.9879718657996729,0.9948762931719983,2,3,1.32951487531452,0.02571671118834148
USDPEN,66,3m,147,212,2025-08-27,2025-11-26,0.8819383626741341,0.10416574812557444,0.007423108118155492,0.9861041107997085,0.993527218917864,2,3,1.341604217653257,0.05919090429180124
USDPEN,66,3m,148,213,2025-08-28,2025-11-27,0.8464215877044893,0.13743542326367403,0.007995945591515523,0.9838570109681632,0.9918529565596788,2,3,1.3781580664715911,0.1958206004526454
USDPEN,66,3m,149,214,2025-08-29,2025-11-28,0.815648367002299,0.1660492192191081,0.0085734955376543,0.9816975862214071,0.9902710817590614,2,3,1.4107437233178266,0.5419611624097098
USDPEN,66,3m,150,215,2025-09-01,2025-12-01,0.8157975043521086,0.16424145388623554,0.009404703372846256,0.9800389582383442,0.9894436616111905,2,4,1.297231555739345,0.46779715902581953
USDPEN,66,3m,151,216,2025-09-02,2025-12-02,0.8163901826517923,0.16310841502972204,0.010123642259678971,0.9794985976815144,0.9896222399411934,2,4,1.227105289749397,0.18881310788737304
USDPEN,66,3m,152,217,2025-09-03,2025-12-03,0.8422848247800295,0.13845431664348382,0.009853140190529828,0.9807391414235134,0.9905922816140432,2,3,1.2052286235156067,0.0537683042770528
USDPEN,66,3m,153,218,2025-09-04,2025-12-04,0.8808391971579866,0.10381282242836656,0.007642139220244411,0.9846520195863532,0.9922941588065975,2,3,1.2684099998213145,0.16883227717491608
USDPEN,66,3m,154,219,2025-09-05,2025-12-05,0.8903430330318474,0.09457400335415515,0.007550784789237001,0.9849170363860025,0.9924678211752395,2,3,1.293258221115299,0.11324386423195301
USDPEN,66,3m,155,220,2025-09-08,2025-12-08,0.8905713204955791,0.0958456720070183,0.007213331022219199,0.9864169925025974,0.9936303235248166,2,3,1.3348571651456824,0.12043952129180834
USDPEN,66,3m,156,221,2025-09-09,2025-12-09,0.8847102065149939,0.1021752662944538,0.006998917207292216,0.9868854728094477,0.9938843900167399,2,3,1.3253529519970702,0.05255908360448773
USDPEN,66,3m,157,222,2025-09-10,2025-12-10,0.8765660796653204,0.11185616551474835,0.005931299921733147,0.9884222451800687,0.99435354510180185,2,3,1.320061785026836,0.0735077783914043
USDPEN,66,3m,158,223,2025-09-11,2025-12-11,0.8819322689426422,0.10745188182617804,0.005338092073002496,0.9893841507688202,0.9947222428418228,2,3,1.3243492432711927,0.024030600379459564
USDPEN,66,3m,159,224,2025-09-12,2025-12-12,0.8822515818610789,0.10777434419445164,0.0048481498430557836,0.9900259260555305,0.9948740758985863,2,2,1.33181008557921,0.049273596025584745
USDPEN,66,3m,160,225,2025-09-15,2025-12-15,0.8812529557682101,0.10903021745795152,0.004688565342354763,0.9902831732261616,0.9949717385685163,2,2,1.3215393050608746,0.033484949118729956
USDPEN,66,3m,161,226,2025-09-16,2025-12-16,0.880993979590395,0.10883599443445952,0.004829510273764993,0.9898299740248546,0.9946594842986196,2,3,1.2707594836277267,0.18114777033015603
USDPEN,66,3m,162,227,2025-09-17,2025-12-17,0.8820324335744121,0.10744576519840868,0.0049562263093779245,0.9894781987728207,0.9944344250821987,2,3,1.2112913891024237,0.20728857858547922
USDPEN,66,3m,163,228,2025-09-18,2025-12-18,0.8778322752463192,0.1110104218774308,0.005265763295182063,0.9888426971237501,0.9941084604189321,2,3,1.1143009905553993,0.26090772086844777
USDPEN,66,3m,164,229,2025-09-19,2025-12-19,0.8768706849725708,0.11029604672631241,0.0065918689191732174,0.9871667316988832,0.9937586006180564,2,3,0.8805899036867151,0.454422806041795
USDPEN,66,3m,165,230,2025-09-22,2025-12-22,0.884492372072828,0.10082416014698566,0.008657455417905871,0.9853165322198137,0.9939739876377196,2,3,0.7961085545698674,0.28915282303502354
USDPEN,66,3m,166,231,2025-09-23,2025-12-23,0.886126602904403,0.09834024955043769,0.00955226669726779,0.9844668524548408,0.9940191191521086,2,3,0.8141393167363647,0.08244548564750255
USDPEN,66,3m,167,232,2025-09-24,2025-12-24,0.8857952203392637,0.09800892572083424,0.010179373126787093,0.9838041460600979,0.993983519186885,2,3,0.8321203383716977,0.06010139582095792
USDPEN,66,3m,168,233,2025-09-25,2025-12-25,0.8858575865131345,0.09745358007482396,0.01076525477555515,0.9833111665879585,0.9940764213635136,2,3,0.846105478345551,0.05215659355531531
USDPEN,66,3m,169,234,2025-09-26,2025-12-26,0.8862478469025448,0.09675578988765315,0.011188594412990912,0.983003636790198,0.9941922312031889,2,3,0.852843374141505,0.04034216163080481
USDPEN,66,3m,170,235,2025-09-29,2025-12-29,0.8882374394891083,0.09472443309085461,0.011479642797538464,0.9829618725799629,0.9944415153775014,2,3,0.8587291996875825,0.04114031764361566
USDPEN,66,3m,171,236,2025-09-30,2025-12-30,0.8876034245824866,0.0950382782647782,0.01184308173463321,0.9826417028472648,0.994484784581898,2,3,0.8673728126992005,0.03154279434378771
USDPEN,66,3m,172,237,2025-10-01,2025-12-31,0.885931578677334,0.09678276178824198,0.01181352677832335,0.9827143404655759,0.9945278672438993,2,3,0.8737802645021974,0.034990511028843915
USDPEN,66,3m,173,238,2025-10-02,2026-01-01,0.8853068830130882,0.09795887705443729,0.011278944287674977,0.9832657600675255,0.9945447043552005,2,3,0.8781336994883763,0.02316234138400027
USDPEN,66,3m,174,239,2025-10-03,2026-01-02,0.8833541543399948,0.10032314880283599,0.010956254378656738,0.9836773031428308,0.9946335575214875,2,3,0.8804961440735006,0.031127589535485254
USDPEN,66,3m,175,240,2025-10-06,2026-01-05,0.8781642758195903,0.10583103952894284,0.010671146583228411,0.9839953153485331,0.9946664619317616,2,3,0.8808984128367918,0.025462376751434323
USDPEN,66,3m,176,241,2025-10-07,2026-01-06,0.8775852396074749,0.1068314502219677,0.010336451266922217,0.9844166898294426,0.9947531410963648,2,3,0.8789110970004786,0.03390186226329205
USDPEN,66,3m,177,242,2025-10-08,2026-01-07,0.8731214171590179,0.11189537525536974,0.00980954632084065,0.9850167924143877,0.9948263387352283,2,3,0.881683659197059,0.03582706464043113
USDPEN,66,3m,178,243,2025-10-09,2026-01-08,0.86352771793316,0.12182637995845816,0.009436397367239203,0.9853540978916181,0.9947904952588573,2,3,0.8794308456160392,0.03467902008471266
USDPEN,66,3m,179,244,2025-10-10,2026-01-09,0.864494109618781,0.12017795474916305,0.009993833562230157,0.9846720643679441,0.9946658979301742,2,3,0.8504807863208562,0.05272941826562524
USDPEN,66,3m,180,245,2025-10-13,2026-01-12,0.8632385298547777,0.12035406800146531,0.011018615159095788,0.983592597856243,0.9946112130153387,2,3,0.8190572252340046,0.06367223002098947
USDPEN,66,3m,181,246,2025-10-14,2026-01-13,0.8630382187809591,0.12035827874240568,0.011393439727466459,0.9833964975233648,0.9947899372508312,2,3,0.8067189663864641,0.07727652067017533
USDPEN,66,3m,182,247,2025-10-15,2026-01-14,0.864250322640133,0.11919027789421185,0.011572414899223287,0.9834406005343449,0.9950130154335682,2,3,0.7987803731702694,0.03546134514461302
USDPEN,66,3m,183,248,2025-10-16,2026-01-15,0.8770304324343892,0.10817865403929434,0.010450059006818592,0.9852090864736835,0.9956591454805022,2,3,0.8027451987379955,0.027394693452073172
USDPEN,66,3m,184,249,2025-10-17,2026-01-16,0.8843038061701293,0.1019686998762487,0.009799648183953957,0.986272506046378,0.9960721542303319,2,3,0.8035682810468174,0.021728948751989618
USDPEN,66,3m,185,250,2025-10-20,2026-01-19,0.8882129843710574,0.09840014105321329,0.009635899314573516,0.9866131254242707,0.9962490247388442,2,3,0.8001156141727241,0.027634579651099674
USDPEN,66,3m,186,251,2025-10-21,2026-01-20,0.8936216069544715,0.09360770623200959,0.009268987078014093,0.9872293131864811,0.9964983002644952,2,3,0.8007883227660558,0.02208274197217966
USDPEN,66,3m,187,252,2025-10-22,2026-01-21,0.8943570865944754,0.09304927022021064,0.009197271026877582,0.987406356814686,0.9966036278415636,2,3,0.7953629570162642,0.020739642477207478
USDPEN,66,3m,188,253,2025-10-23,2026-01-22,0.8854199889125938,0.10214279871410609,0.009022063081554,0.9875627876266999,0.9965848507082539,2,3,0.7930173572638478,0.02562941880337606
USDPEN,66,3m,189,254,2025-10-24,2026-01-23,0.8799872792871193,0.10793026649080381,0.008777241018015662,0.9879175457779231,0.9966947867959388,2,3,0.7929405678263803,0.016207551151428305
USDPEN,66,3m,190,255,2025-10-27,2026-01-26,0.8739868645614944,0.11420642588613478,0.008604979955097099,0.9881932904476292,0.9967982704027263,2,3,0.7917282954132675,0.018575070047352676
USDPEN,66,3m,191,256,2025-10-28,2026-01-27,0.8626080252539434,0.1258276202714194,0.00840883802706711,0.9884356455253628,0.9968444835524299,2,3,0.7912225227524398,0.022735039104055076
USDPEN,66,3m,192,257,2025-10-29,2026-01-28,0.853759918576342,0.13488617269540917,0.008148645504201728,0.9886460912717512,0.9967947367759529,2,3,0.7900682479859124,0.023813442152404378
USDPEN,66,3m,193,258,2025-10-30,2026-01-29,0.8462800004875828,0.14264886062018306,0.007900207779657872,0.9889288611077658,0.9968290688874236,2,3,0.7837051806222156,0.028409071163848387
USDPEN,66,3m,194,259,2025-10-31,2026-01-30,0.8325864678889808,0.15649255344563792,0.007727565220717641,0.9890790213346188,0.9968065865553364,2,3,0.7881483401386816,0.01378603943687281
USDPEN,66,3m,195,260,2025-11-03,2026-02-02,0.8283478260303899,0.16074949218566145,0.007644832356293993,0.9890973182160514,0.9967421505723454,2,3,0.7938159907052602,0.015492875651616328
USDPEN,66,3m,196,261,2025-11-04,2026-02-03,0.8244574077041072,0.16459031954788045,0.0076494824449089074,0.9890477272519878,0.9966972096968967,2,3,0.7973592983373851,0.012621535954985053
USDPEN,66,3m,197,262,2025-11-05,2026-02-04,0.8182797241254862,0.1709252371956239,0.007472037537260782,0.9892049613211101,0.9966769988583709,2,3,0.7966646194617086,0.011616654260894813
USDPEN,66,3m,198,263,2025-11-06,2026-02-05,0.8151414176465855,0.1741936092187771,0.007308007982260447,0.9893350268653627,0.9966430348476232,2,3,0.7961947525205458,0.011638287042099802
USDPEN,66,3m,199,264,2025-11-07,2026-02-06,0.8126628514924307,0.17670790656482155,0.007175704037081614,0.9893707580572522,0.9965464620943337,2,3,0.790404139728355,0.016076052001964148
USDPEN,66,3m,200,265,2025-11-10,2026-02-09,0.8176483781709042,0.17140486032197233,0.0074481652391561945,0.9890532384928765,0.9965014037320327,2,3,0.7915023052855674,0.03347519596620087
USDPEN,66,3m,201,266,2025-11-11,2026-02-10,0.8200280528887895,0.16889768034689964,0.007511576061920901,0.9889257332356892,0.9964373092976101,2,3,0.8065354239578312,0.025886431019520227
USDPEN,66,3m,202,267,2025-11-12,2026-02-11,0.8139356648297081,0.17490418008125805,0.007502734678416802,0.9888398449109662,0.996342579589383,2,3,0.8194676005625807,0.024403874904793656
USDPEN,66,3m,203,268,2025-11-13,2026-02-12,0.8107874069528906,0.1780698510944894,0.007385116017157016,0.98885725804738,0.996242374064537,2,3,0.8255845943116444,0.0324206224045534
USDPEN,66,3m,204,269,2025-11-14,2026-02-13,0.808226653082526,0.18060267602948873,0.007339998720454386,0.9888293291120147,0.9961693278324691,2,3,0.8375619061541916,0.02079817571823298
USDPEN,66,3m,205,270,2025-11-17,2026-02-16,0.8054233695286984,0.1834780992249846,0.007233650420557669,0.988901468753683,0.9961351191742407,2,3,0.8418430742522768,0.024597137190314495
USDPEN,66,3m,206,271,2025-11-18,2026-02-17,0.8085521688570021,0.1805780059522567,0.0069999463241918565,0.9891301748092588,0.9961301211334507,2,3,0.8528547913840433,0.031138672093895505
USDPEN,66,3m,207,272,2025-11-19,2026-02-18,0.8100312209404363,0.1793567823073728,0.0066721489942720156,0.9893880032478091,0.9960601522420811,2,3,0.8705698146216324,0.04713956300013469
USDPEN,66,3m,208,273,2025-11-20,2026-02-19,0.8108902763630783,0.17865082803142984,0.0064285666618629205,0.9895411043945082,0.995969671056371,2,3,0.8957498999298532,0.06775241042825084
USDPEN,66,3m,209,274,2025-11-21,2026-02-20,0.8118179806485959,0.1778489747851121,0.006206309882160146,0.989666955433708,0.9958732653158682,2,3,0.9306854676978423,0.08936073838539549
USDPEN,66,3m,210,275,2025-11-24,2026-02-23,0.8036469101323211,0.1862654603525414,0.005844934366038524,0.9899123704848626,0.9957573048509011,2,3,0.9562634836557473,0.07244169891699666
USDPEN,66,3m,211,276,2025-11-25,2026-02-24,0.7987126549237412,0.19153115159190656,0.005424326274324499,0.9902438065156478,0.9956681327899723,2,2,0.9878529810774317,0.08630109369851818
USDPEN,66,3m,212,277,2025-11-26,2026-02-25,0.7980526503569165,0.19262528110061627,0.004979108885544256,0.9906779314575328,0.995657040343077,2,2,1.0423578919763883,0.12852041312726706
USDPEN,66,3m,213,278,2025-11-27,2026-02-26,0.8011292046462233,0.19016238601915253,0.004611204917156964,0.9912915906653759,0.9959027955825328,2,2,1.093152342934558,0.11666451225815817
USDPEN,66,3m,214,279,2025-11-28,2026-02-27,0.798047864496406,0.1938800953528481,0.004350171800074426,0.9919279598492541,0.9962781316493285,2,2,1.1644802226159883,0.16091917763912117
USDPEN,66,3m,215,280,2025-12-01,2026-03-02,0.8033545707429548,0.18890923718694194,0.0041566393250580605,0.9922638079298968,0.9964204472549548,2,2,1.2200417146833393,0.1536605732457866
USDPEN,66,3m,216,281,2025-12-02,2026-03-03,0.8103470812353353,0.18213439207749288,0.004004831557007373,0.9924814733128282,0.9964863048698356,2,2,1.242384539652341,0.07138801970497616
USDPEN,66,3m,217,282,2025-12-03,2026-03-04,0.819493977954377,0.17332774986284802,0.003839676622424902,0.992821727817225,0.9966614044396499,2,2,1.2626392369949053,0.06705050193773483
USDPEN,66,3m,218,283,2025-12-04,2026-03-05,0.8301255273600077,0.1630091293987167,0.0036581055346414995,0.9931346567587244,0.9967927622933659,2,2,1.2671868102765684,0.022996969014546127
USDPEN,66,3m,219,284,2025-12-05,2026-03-06,0.8443115381059546,0.1490781648779601,0.00344747709558517,0.9933897029839147,0.9968371800794998,2,2,1.2747545212122111,0.031391622667750384
USDPEN,66,3m,220,285,2025-12-08,2026-03-09,0.8395482558542023,0.15413325719137996,0.0031874856415864297,0.9936815130455823,0.9968689986871687,2,2,1.2871467385906845,0.07567010594399089
USDPEN,66,3m,221,286,2025-12-09,2026-03-10,0.8394327523203589,0.15442571926403303,0.003094994104263363,0.9938584715843919,0.9969534656886553,2,2,1.31928620959841,0.12835649513868813
USDPEN,66,3m,222,287,2025-12-10,2026-03-11,0.8385757240580808,0.1554903267279926,0.0030250059142388672,0.9940660507860734,0.9970910567003122,2,2,1.349816256335211,0.13178151560159074
USDPEN,66,3m,223,288,2025-12-11,2026-03-12,0.8349800039205213,0.15951541768047592,0.002614693149042472,0.9944954216009972,0.9971101147500397,2,2,1.4130445726618885,0.40534904716214293
USDPEN,66,3m,224,289,2025-12-12,2026-03-13,0.8319236014630655,0.16291565347387482,0.00242848496497627,0.9948392549369404,0.9972677399019166,2,2,1.343680994644466,0.6362399401882586
USDPEN,66,3m,225,290,2025-12-15,2026-03-16,0.832159862604753,0.16317917190654951,0.0023027137801865595,0.9953390345113026,0.9976417482914891,2,2,1.1213592676903001,0.5839398107947912
USDPEN,66,3m,226,291,2025-12-16,2026-03-17,0.8322524415438368,0.1633154523942258,0.0022958722338919167,0.9955678939380626,0.9978637661719545,2,2,1.1036280855160925,0.03582678341671499
USDPEN,66,3m,227,292,2025-12-17,2026-03-18,0.8344155388418825,0.16131307318728716,0.002256447024917382,0.9957286120291696,0.997985059054087,2,2,1.1241770088055887,0.06000934846848108
USDPEN,66,3m,228,293,2025-12-18,2026-03-19,0.842193112815286,0.15390509380888548,0.002134671601248635,0.9960982066241715,0.9982328782254201,2,2,1.1240836810016677,0.03945899215764071
USDPEN,66,3m,229,294,2025-12-19,2026-03-20,0.8493204951994827,0.14702558272931363,0.0020503317038010884,0.9963460779287964,0.9983964096325975,2,2,1.1227702920552691,0.02852750643816687
USDPEN,66,3m,230,295,2025-12-22,2026-03-23,0.8520187651024148,0.14441971465874381,0.0020307196396296043,0.9964384797611586,0.9984691994007883,2,2,1.1076180469667671,0.02719137244652752
USDPEN,66,3m,231,296,2025-12-23,2026-03-24,0.854785667180782,0.14159641823695443,0.0020685399751752117,0.9963820854177364,0.9984506253929116,2,2,1.1040189250341905,0.01730506095129422
USDPEN,66,3m,232,297,2025-12-24,2026-03-25,0.8584013883637063,0.13804663851481133,0.002035151077942737,0.9964480268785176,0.9984831779564604,2,2,1.1218213239987582,0.03465558072005219
USDPEN,66,3m,233,298,2025-12-25,2026-03-26,0.8639459537522275,0.1326411135626942,0.0019660202451912147,0.9965870673149217,0.998553087560113,2,2,1.1479975271775507,0.051834331529044445
USDPEN,66,3m,234,299,2025-12-26,2026-03-27,0.8794434950121771,0.11749928164560683,0.0017737996234335309,0.996942776657784,0.9987165762812175,2,2,1.167269094533345,0.04098093033878096
USDPEN,88,4m,1,88,2025-02-04,2025-06-05,0.8748701485108786,0.12293086080826743,0.001175182678981579,0.9978010093191461,0.9989761919981276,2,2,1.3290294070598179,NA
USDPEN,88,4m,2,89,2025-02-05,2025-06-06,0.8747938673307535,0.1231074157396703,0.001199422809120834,0.9979012830704238,0.9991007058795447,2,2,1.3313327718244192,0.03293650183748142
USDPEN,88,4m,3,90,2025-02-06,2025-06-09,0.8758841032668476,0.12206260272174078,0.0011572453938653608,0.9979467059885884,0.9991039513824538,2,2,1.3381049134617478,0.03187176154329188
USDPEN,88,4m,4,91,2025-02-07,2025-06-10,0.8772890491558594,0.12065117893932077,0.001155482426730111,0.9979402280951801,0.9990957105219103,2,2,1.341622093265422,0.016260145733946702
USDPEN,88,4m,5,92,2025-02-10,2025-06-11,0.8762276601136064,0.12168286999853671,0.0011661136716863622,0.9979105301121431,0.9990766437838295,2,2,1.34698487116422,0.025818992635595277
USDPEN,88,4m,6,93,2025-02-11,2025-06-12,0.8778415358178132,0.1200518522020948,0.0011724299511383823,0.997893388019908,0.9990658179710464,2,2,1.3521552361874727,0.02142387343440953
USDPEN,88,4m,7,94,2025-02-12,2025-06-13,0.8791705987148363,0.11869740107548121,0.0011813052755439977,0.9978679997903175,0.9990493050658614,2,2,1.3586882837684326,0.02829383548061702
USDPEN,88,4m,8,95,2025-02-13,2025-06-16,0.879530663461807,0.11808637606605361,0.001253442010926496,0.9976170395278606,0.9988704815387871,2,2,1.3025586185491664,0.18078559067074523
USDPEN,88,4m,9,96,2025-02-14,2025-06-17,0.881935411376407,0.11552695058096413,0.001326655253126415,0.997462361957371,0.9987890172104974,2,2,1.2286487889060331,0.1883805586799091
USDPEN,88,4m,10,97,2025-02-17,2025-06-18,0.8845842458808821,0.11278101013623275,0.0013676167734083353,0.9973652560171149,0.9987328727905233,2,2,1.1776480775346583,0.12141106056947647
USDPEN,88,4m,11,98,2025-02-18,2025-06-19,0.8831073395472508,0.11409520741139303,0.001439520214603244,0.9972025469586439,0.9986420671732471,2,2,1.1293838302049715,0.11145531914942197
USDPEN,88,4m,12,99,2025-02-19,2025-06-20,0.883668425071182,0.11321982011197235,0.001636036984832449,0.9968882451831544,0.9985242821679869,2,2,1.0519453060792874,0.14996704891020848
USDPEN,88,4m,13,100,2025-02-20,2025-06-23,0.8866884222826689,0.10998671830583753,0.0018326803878473564,0.9966751405885064,0.9985078209763537,2,2,0.9785799068430381,0.12893348322750336
USDPEN,88,4m,14,101,2025-02-21,2025-06-24,0.8939216305916542,0.10248705882377887,0.002148714196346621,0.996408689415433,0.9985574036117797,2,2,0.9364133085743684,0.0885591218254813
USDPEN,88,4m,15,102,2025-02-24,2025-06-25,0.8977976276357291,0.0983117969005815,0.0024762386578421136,0.9961094245363107,0.9985856631941528,2,2,0.9096021797918643,0.06301409673409168
USDPEN,88,4m,16,103,2025-02-25,2025-06-26,0.9010503216406768,0.09481897018048854,0.0027490277676844492,0.9958692918211653,0.9986183195888498,2,2,0.8892853712074199,0.0558328999542324
USDPEN,88,4m,17,104,2025-02-26,2025-06-27,0.9039186052259722,0.09177719252880866,0.0029505282631809016,0.9956957977547809,0.9986463260179618,2,2,0.8748557842397398,0.02874337754075442
USDPEN,88,4m,18,105,2025-02-27,2025-06-30,0.9085847886366,0.08715296703076839,0.0029538877109032066,0.9957377556673683,0.9986916433782715,2,2,0.8742997766434397,0.05103780189753151
USDPEN,88,4m,19,106,2025-02-28,2025-07-01,0.9128973156897258,0.08287203418903398,0.002935199647732239,0.9957693498787598,0.998704549526492,2,2,0.8682512953426058,0.029273835770766317
USDPEN,88,4m,20,107,2025-03-03,2025-07-02,0.9201923796755923,0.0758613581807577,0.002689503599064803,0.99605373785635,0.9987432414554148,2,2,0.8638050026672619,0.014652616209508001
USDPEN,88,4m,21,108,2025-03-04,2025-07-03,0.9241450852537211,0.07203016340100019,0.0025784278319355273,0.9961752486547213,0.9987536764866568,2,2,0.843748934973818,0.041106326407053875
USDPEN,88,4m,22,109,2025-03-05,2025-07-04,0.9283534905686058,0.06797905130343652,0.0024350112386803463,0.9963325418720423,0.9987675531107227,2,2,0.8206142843964168,0.04407092223406377
USDPEN,88,4m,23,110,2025-03-06,2025-07-07,0.9305701644356755,0.06592854543865671,0.00228670517576102,0.9964987098743322,0.9987854150500932,2,2,0.7936345643565403,0.05672409771449085
USDPEN,88,4m,24,111,2025-03-07,2025-07-08,0.9339523772206778,0.06274751326464943,0.0021151229684786975,0.9966998904853273,0.998815013453806,2,2,0.7804393597230632,0.036925545925281494
USDPEN,88,4m,25,112,2025-03-10,2025-07-09,0.9360036537912663,0.0608171126783448,0.0019938346664782774,0.996820766469611,0.9988146011360893,2,2,0.7656798134048858,0.039858639618868895
USDPEN,88,4m,26,113,2025-03-11,2025-07-10,0.9365991343071751,0.06025748798023456,0.0019299290298424373,0.9968566222874097,0.9987865513172521,2,2,0.7568133664354274,0.03275332030630591
USDPEN,88,4m,27,114,2025-03-12,2025-07-11,0.9377965445681102,0.059090136983625634,0.0018660777296992462,0.9968866815517359,0.9987527592814351,2,2,0.7492653149706693,0.032025115275551255
USDPEN,88,4m,28,115,2025-03-13,2025-07-14,0.9385598026517833,0.058384563794072156,0.0017986358777841373,0.9969443664458555,0.9987430023236397,2,2,0.7465515156853996,0.03813406070790091
USDPEN,88,4m,29,116,2025-03-14,2025-07-15,0.9383631645236057,0.05864071720539354,0.0017318335103500809,0.9970038817289992,0.9987357152393493,2,2,0.7468050620708868,0.04522322555506674
USDPEN,88,4m,30,117,2025-03-17,2025-07-16,0.939223191331329,0.05784697675507277,0.0016534653946202523,0.9970701680864018,0.9987236334810221,2,2,0.7418963838047266,0.047111897652722626
USDPEN,88,4m,31,118,2025-03-18,2025-07-17,0.9400553033289203,0.05708111581488894,0.0015840483079421254,0.9971364191438092,0.9987204674517514,2,2,0.7131562565146125,0.04210273101318495
USDPEN,88,4m,32,119,2025-03-19,2025-07-18,0.9404187803195929,0.05670070968615492,0.001548902692515595,0.9971194900057478,0.9986683926982635,2,2,0.683960411960039,0.06842722858379217
USDPEN,88,4m,33,120,2025-03-20,2025-07-21,0.9403479782343294,0.05678769815177807,0.0015040588659141563,0.9971356763861075,0.9986397352520217,2,2,0.6598946578288079,0.054167206814862805
USDPEN,88,4m,34,121,2025-03-21,2025-07-22,0.9388909659053604,0.05810954520108967,0.0015625318465730621,0.99700051110645,0.9985630429530231,2,2,0.6658375577802988,0.061679536352049154
USDPEN,88,4m,35,122,2025-03-24,2025-07-23,0.9374549111640275,0.0594340339731782,0.0016130726662220147,0.9968889451372056,0.9985020178034276,2,2,0.6660002512243284,0.051771616571861176
USDPEN,88,4m,36,123,2025-03-25,2025-07-24,0.9354727640465702,0.061135072435642174,0.0016622891999841477,0.9966078364822124,0.9982701256821965,2,2,0.6904904483218256,0.043171427264783735
USDPEN,88,4m,37,124,2025-03-26,2025-07-25,0.9358378079958306,0.06064702970471872,0.0015850735463552484,0.9964848377005493,0.9980699112469046,2,2,0.7368536533574969,0.12434194401453744
USDPEN,88,4m,38,125,2025-03-27,2025-07-28,0.936398687067825,0.06009056433370972,0.0015464624072486894,0.9964892514015348,0.9980357138087834,2,2,0.7461573017459238,0.10621980147938638
USDPEN,88,4m,39,126,2025-03-28,2025-07-29,0.9382783198129193,0.05812646368053614,0.0015736113677700266,0.9964047834934554,0.9979783948612254,2,2,0.7842322489584195,0.08048317031697773
USDPEN,88,4m,40,127,2025-03-31,2025-07-30,0.9401452296873742,0.05615854972901855,0.0016180906636396363,0.9963037794163928,0.9979218700800324,2,2,0.826063097809522,0.08457073629456725
USDPEN,88,4m,41,128,2025-04-01,2025-07-31,0.9427432717502237,0.053490562234801885,0.001652535393025254,0.9962338339850255,0.9978863693780508,2,2,0.8517884496737942,0.045557129483202286
USDPEN,88,4m,42,129,2025-04-02,2025-08-01,0.9466223062723711,0.04952324215601464,0.0016973439786041058,0.9961455484283858,0.9978428924069899,2,2,0.8769037128173427,0.05627464789089582
USDPEN,88,4m,43,130,2025-04-03,2025-08-04,0.9536588184195781,0.04250699016226918,0.0016755836673968904,0.9961658085818473,0.9978413922492442,1,2,0.8806461337269356,0.01372279061941374
USDPEN,88,4m,44,131,2025-04-04,2025-08-05,0.9545315624864874,0.04162553067933055,0.0016582494009374372,0.9961570931658179,0.9978153425667553,1,2,0.8803636539181644,0.023161886054854277
USDPEN,88,4m,45,132,2025-04-07,2025-08-06,0.9568396890422964,0.03927828438642246,0.0016785357581802802,0.9961179734287189,0.9977965091868992,1,2,0.9140650870090565,0.053584992701173575
USDPEN,88,4m,46,133,2025-04-08,2025-08-07,0.9580947330747771,0.03801444340442215,0.0016949130135344918,0.9961091764791993,0.9978040894927338,1,2,0.9517047878679078,0.057941055419474266
USDPEN,88,4m,47,134,2025-04-09,2025-08-08,0.9602533596290017,0.03581586378999962,0.0017105268249024365,0.9960692234190013,0.9977797502439038,1,2,1.0050980395821616,0.08549316792027496
USDPEN,88,4m,48,135,2025-04-10,2025-08-11,0.9611583828167118,0.03490067884165014,0.0017061497900996412,0.996059061658362,0.9977652114484616,1,2,1.0748423722749734,0.1101270318208795
USDPEN,88,4m,49,136,2025-04-11,2025-08-12,0.9617902399633895,0.03427693333815423,0.001719962610662475,0.9960671733015437,0.9977871359122061,1,2,1.149762911124745,0.13180221248999224
USDPEN,88,4m,50,137,2025-04-14,2025-08-13,0.9688426579971634,0.02717385945486068,0.0017566921233124434,0.9960165174520241,0.9977732095753366,1,2,1.1995252263644576,0.09711193365384269
USDPEN,88,4m,51,138,2025-04-15,2025-08-14,0.9685370292564887,0.027401138980057006,0.0018259871595547833,0.9959381682365457,0.9977641553961004,1,2,1.2195442067798155,0.07041771994825029
USDPEN,88,4m,52,139,2025-04-16,2025-08-15,0.9677833485262671,0.02807547254705165,0.0019014918088474352,0.9958588210733188,0.9977603128821663,1,2,1.2339055656219777,0.04617822022721861
USDPEN,88,4m,53,140,2025-04-17,2025-08-18,0.9660449286176271,0.029490185055539395,0.0021429722124038488,0.9955351136731665,0.9976780858855704,1,2,1.1908761243467294,0.11942948133179167
USDPEN,88,4m,54,141,2025-04-18,2025-08-19,0.9637465396960655,0.03127359278115297,0.002563537744647162,0.9950201324772184,0.9975836702218656,1,2,1.184740952290571,0.122598165444823
USDPEN,88,4m,55,142,2025-04-21,2025-08-20,0.9653916422757768,0.029104212355545663,0.0030480727527110994,0.9944958546313224,0.9975439273840335,1,2,1.2045473409390315,0.07744652094302622
USDPEN,88,4m,56,143,2025-04-22,2025-08-21,0.9640307313677239,0.029903899492734393,0.0035567496185002307,0.9939346308604583,0.9974913804789586,1,2,1.212124755396735,0.035145972162258746
USDPEN,88,4m,57,144,2025-04-23,2025-08-22,0.9617109581703541,0.03167271999202166,0.0040605918188685985,0.9933836781623758,0.9974442699812445,1,2,1.2227505472929707,0.034342167269605504
USDPEN,88,4m,58,145,2025-04-24,2025-08-25,0.9597341324970381,0.03344783882014887,0.004300043738221179,0.993181971317187,0.9974820150554081,1,2,1.2308991150782542,0.038851967899434674
USDPEN,88,4m,59,146,2025-04-25,2025-08-26,0.9605561141337499,0.03279737308840699,0.004152830787130126,0.9933534872221569,0.997506318009287,1,2,1.2411678388656275,0.026667535667090937
USDPEN,88,4m,60,147,2025-04-28,2025-08-27,0.9626774969069879,0.03075164664102745,0.004112779582783215,0.9934291435480154,0.9975419231307986,1,2,1.2556658648598014,0.03763551727701913
USDPEN,88,4m,61,148,2025-04-29,2025-08-28,0.9632791819354519,0.03026500026703713,0.004045878456656,0.9935441822024891,0.9975900606591451,1,2,1.2695118024694905,0.039177350691232196
USDPEN,88,4m,62,149,2025-04-30,2025-08-29,0.9638200038347745,0.029818128940802303,0.0039965475756221485,0.9936381327755768,0.997634680351199,1,2,1.2816741594812289,0.03456382249466396
USDPEN,88,4m,63,150,2025-05-01,2025-09-01,0.964701706018815,0.029017851045826222,0.003967316691902943,0.9937195570646412,0.9976868737565442,1,2,1.2905296481980768,0.028233216839924146
USDPEN,88,4m,64,151,2025-05-02,2025-09-02,0.9658000796939659,0.02798310511696194,0.0039391557920569475,0.9937831848109278,0.9977223406029847,1,2,1.2986569720339054,0.027568296762644977
USDPEN,88,4m,65,152,2025-05-05,2025-09-03,0.9668456283489257,0.026991979094792947,0.003921605001614149,0.9938376074437186,0.9977592124453328,1,2,1.3074047949426821,0.030265082865899618
USDPEN,88,4m,66,153,2025-05-06,2025-09-04,0.9663661221824138,0.027323895897536737,0.004075744469606629,0.9936900180799505,0.9977657625495572,1,2,1.3116034883209855,0.016482296066666888
USDPEN,88,4m,67,154,2025-05-07,2025-09-05,0.9655998999274058,0.027957196382440708,0.004226169846540278,0.9935570963098466,0.9977832661563868,1,2,1.313223210577788,0.007333206332560657
USDPEN,88,4m,68,155,2025-05-08,2025-09-08,0.9661434124080105,0.026946425755221028,0.004638067237404752,0.9930898381632315,0.9977279054006363,1,2,1.2927687884191927,0.059144791936283934
USDPEN,88,4m,69,156,2025-05-09,2025-09-09,0.9652237298752442,0.02727268308466611,0.005148798481818664,0.9924964129599103,0.997645211441729,1,2,1.271339796175209,0.05603959348459021
USDPEN,88,4m,70,157,2025-05-12,2025-09-10,0.9650575880685901,0.02688459412286259,0.005644879396195329,0.9919421821914527,0.997587061587648,1,2,1.2547400877304162,0.04706456369491309
USDPEN,88,4m,71,158,2025-05-13,2025-09-11,0.9639041354614742,0.027308307717763054,0.006319067358230299,0.9912124431792373,0.9975315105374676,1,2,1.2397638527138575,0.039692632199824496
USDPEN,88,4m,72,159,2025-05-14,2025-09-12,0.962207504775475,0.028389460125757587,0.006922968203378817,0.9905969649012326,0.9975199331046114,1,2,1.230071475338535,0.024354191721767136
USDPEN,88,4m,73,160,2025-05-15,2025-09-15,0.9617955321937404,0.028106908466193004,0.007574428462092285,0.9899024406599334,0.9974768691220257,1,3,1.217793959616133,0.03001100550353387
USDPEN,88,4m,74,161,2025-05-16,2025-09-16,0.9603021588417132,0.02896266277031768,0.008164750228149135,0.9892648216120309,0.99742957184018,1,3,1.2060025120323106,0.028167689536175104
USDPEN,88,4m,75,162,2025-05-19,2025-09-17,0.9579344976755231,0.03062681333817892,0.008761220296604134,0.988561311013702,0.9973225313103061,1,3,1.199180099897634,0.016971564042753542
USDPEN,88,4m,76,163,2025-05-20,2025-09-18,0.9554724403931554,0.0321997779295105,0.009506105949784403,0.9876722183226658,0.9971783242724502,1,3,1.1930314372828268,0.017869093653957845
USDPEN,88,4m,77,164,2025-05-21,2025-09-19,0.9533367302200981,0.033580631136465026,0.010146892068181326,0.9869173613565632,0.9970642534247445,1,3,1.1897290122684345,0.011248936334714356
USDPEN,88,4m,78,165,2025-05-22,2025-09-22,0.9507601219865216,0.03523915406902339,0.01091274076931149,0.9859992760555449,0.9969120168248564,1,3,1.1875301760410764,0.01630836826072044
USDPEN,88,4m,79,166,2025-05-23,2025-09-23,0.9484339728832629,0.0366835990500085,0.011625336641276414,0.9851175719332714,0.9967429085745478,2,3,1.1854530875952451,0.016826361447100258
USDPEN,88,4m,80,167,2025-05-26,2025-09-24,0.9483607435186424,0.0368379713450801,0.011604536704179082,0.9851987148637225,0.9968032515679015,2,3,1.1880775377525783,0.020279495272351223
USDPEN,88,4m,81,168,2025-05-27,2025-09-25,0.9477530017154805,0.03755669558559868,0.011550237181582346,0.9853096973010792,0.9968599344826615,2,3,1.1912251416665536,0.013630120865146844
USDPEN,88,4m,82,169,2025-05-28,2025-09-26,0.9491383659957044,0.03640546645040785,0.011416523821861936,0.9855438324461123,0.9969603562679743,2,3,1.2010134064550642,0.025351124223309478
USDPEN,88,4m,83,170,2025-05-29,2025-09-29,0.9504198362025069,0.035356645535648774,0.011254730162059069,0.9857764817381557,0.9970312119002147,1,3,1.208502546740668,0.02254050781948976
USDPEN,88,4m,84,171,2025-05-30,2025-09-30,0.9502600358364132,0.03573043164656743,0.01107018741143794,0.9859904674829806,0.9970606548944185,1,3,1.213425858102106,0.014220745692872266
USDPEN,88,4m,85,172,2025-06-02,2025-10-01,0.9508201469623375,0.03551617140805648,0.010730817607645266,0.986336318370394,0.9970671359780393,1,3,1.2205448503200242,0.021864313225563033
USDPEN,88,4m,86,173,2025-06-03,2025-10-02,0.9488692211532369,0.03733327579816651,0.010774033227671205,0.9862024969514034,0.9969765301790746,2,3,1.2234996123071762,0.012390518905685382
USDPEN,88,4m,87,174,2025-06-04,2025-10-03,0.9458161751210865,0.040319809066114785,0.010719102968320229,0.9861359841872013,0.9968550871555215,2,3,1.2270289400299206,0.01719333802069637
USDPEN,88,4m,88,175,2025-06-05,2025-10-06,0.9421351523372353,0.04400299792028944,0.010566339259195267,0.9861381502575247,0.99670448951672,2,3,1.2335106771978364,0.02228387013609103
USDPEN,88,4m,89,176,2025-06-06,2025-10-07,0.9332706888522933,0.0528932809265869,0.010345761041488955,0.9861639697788801,0.9965097308203691,2,3,1.2351989867318847,0.025458619124708915
USDPEN,88,4m,90,177,2025-06-09,2025-10-08,0.9322981669881488,0.05449676312037181,0.009642444351971197,0.9867949301085206,0.9964373744604917,2,3,1.2464528273908557,0.028091058861192172
USDPEN,88,4m,91,178,2025-06-10,2025-10-09,0.9299878349823376,0.05680413794603232,0.009410857005156899,0.98679197292837,0.9962028299335268,2,3,1.2507985491382958,0.02595290317327471
USDPEN,88,4m,92,179,2025-06-11,2025-10-10,0.9291641692761774,0.0581102633468972,0.008717141803790645,0.9872744326230746,0.9959915744268653,2,3,1.2643033717793444,0.035241479260302175
USDPEN,88,4m,93,180,2025-06-12,2025-10-13,0.9270008540394777,0.06113386630274105,0.007874759257458681,0.9881347203422188,0.9960094795996776,2,3,1.2781297298528203,0.040794463279059466
USDPEN,88,4m,94,181,2025-06-13,2025-10-14,0.9271217890864355,0.062163549628485096,0.0067690619290160835,0.9892853387149206,0.9960544006439367,2,3,1.3047429720512287,0.0695488218874278
USDPEN,88,4m,95,182,2025-06-16,2025-10-15,0.9265001696622374,0.06358964200831811,0.005862255766498965,0.9900898116705554,0.9959520674370544,2,2,1.3374046211162165,0.09958952495391264
USDPEN,88,4m,96,183,2025-06-17,2025-10-16,0.928053560497211,0.0626055524184959,0.005267295672800714,0.9906591129157069,0.9959264085885076,2,2,1.3407355300564099,0.034406586911143726
USDPEN,88,4m,97,184,2025-06-18,2025-10-17,0.9289025807626754,0.06191108898902584,0.005063312527733135,0.9908136697517013,0.9958769822794344,2,2,1.3320665028704843,0.03367550615488446
USDPEN,88,4m,98,185,2025-06-19,2025-10-20,0.9281438787117223,0.06311279245741012,0.004672022141683097,0.9912566711691324,0.9959286933108155,2,2,1.326444030132752,0.04098894729859925
USDPEN,88,4m,99,186,2025-06-20,2025-10-21,0.9288047169979831,0.06274884123634625,0.0043820395500989776,0.9915535582343293,0.9959355977844283,2,2,1.3072988510384917,0.07892044713150595
USDPEN,88,4m,100,187,2025-06-23,2025-10-22,0.9290289664444259,0.06274445929053675,0.004179094369398081,0.9917734257349626,0.99595252010436075,2,2,1.2798815415277756,0.08710606068178567
USDPEN,88,4m,101,188,2025-06-24,2025-10-23,0.9288436346148514,0.06304077588096405,0.004083222563926761,0.9918844104958154,0.9959676330597422,2,2,1.2328087373056376,0.1269018739950255
USDPEN,88,4m,102,189,2025-06-25,2025-10-24,0.9277239222788526,0.06388544703740917,0.004355487422992709,0.9916093693162618,0.9959648567392545,2,2,1.1975851987430794,0.07355496586315877
USDPEN,88,4m,103,190,2025-06-26,2025-10-27,0.9285939678652054,0.06273444055641617,0.0046086236891415625,0.9913284084216216,0.9959370321107632,2,2,1.1524647663205305,0.09044018599364612
USDPEN,88,4m,104,191,2025-06-27,2025-10-28,0.929168346773994,0.06214368702284721,0.004666657487955246,0.9913120337968412,0.9959786912847964,2,2,1.1553950179678563,0.0148426670407642
USDPEN,88,4m,105,192,2025-06-30,2025-10-29,0.9289660595084467,0.06233317072254571,0.004765644504702434,0.9912992302309924,0.9960648747356948,2,2,1.1367688447990376,0.040047297299470055
USDPEN,88,4m,106,193,2025-07-01,2025-10-30,0.9250600024207638,0.06567869052170171,0.005031095302951093,0.9907386929424655,0.9957697882454166,2,2,1.1686154857734823,0.09606793681342335
USDPEN,88,4m,107,194,2025-07-02,2025-10-31,0.9243409045049316,0.0658853854955308,0.005371242692957475,0.9902262900004624,0.9955975326934199,2,2,1.1817881644634591,0.0954922666522117
USDPEN,88,4m,108,195,2025-07-03,2025-11-03,0.9179064470729603,0.07157700426103783,0.005808624628783957,0.9894834513339982,0.9952920759627821,2,3,1.1911383496860037,0.06920570226944825
USDPEN,88,4m,109,196,2025-07-04,2025-11-04,0.9169097693327127,0.07218422682417305,0.006072770937242441,0.9890939961568858,0.9951667670941282,2,3,1.1980344257765319,0.08026671725265402
USDPEN,88,4m,110,197,2025-07-07,2025-11-05,0.9140856744928889,0.0746173230040516,0.006227883348134902,0.9887029974969406,0.9949308808450755,2,3,1.1964226598227177,0.04482878016330923
USDPEN,88,4m,111,198,2025-07-08,2025-11-06,0.9150457493141553,0.07350918964128997,0.006497806454566502,0.9885549389554452,0.9950527454100118,2,3,1.2019126644859053,0.09183866400344884
USDPEN,88,4m,112,199,2025-07-09,2025-11-07,0.910159856194766,0.07778811275880797,0.0066742922511761225,0.987947968953574,0.9946222612047501,2,3,1.1771881008629448,0.06225039659708416
USDPEN,88,4m,113,200,2025-07-10,2025-11-10,0.9075230902301252,0.0802985666513512,0.006434524653700308,0.9878216568814764,0.9942561815351767,2,3,1.1605447604284278,0.04930696993376183
USDPEN,88,4m,114,201,2025-07-11,2025-11-11,0.9096511260705922,0.07846872240611699,0.00628968673798205,0.9881198484767092,0.9944095352146912,2,3,1.1631486383637206,0.08601353792066894
USDPEN,88,4m,115,202,2025-07-14,2025-11-12,0.9105658341170335,0.07764563920667347,0.0062322749224931265,0.988211473323707,0.9944437482462001,2,3,1.1699924338766152,0.05643819240149373
USDPEN,88,4m,116,203,2025-07-15,2025-11-13,0.9126414665887945,0.07567858922551544,0.006236011899640024,0.9883200558143099,0.99455606771395,2,3,1.184446741730145,0.06678313414222631
USDPEN,88,4m,117,204,2025-07-16,2025-11-14,0.9162945831884306,0.07201945993499323,0.006384772414329134,0.9883140431234239,0.994698815537753,2,3,1.1981300002092146,0.05416045144123197
USDPEN,88,4m,118,205,2025-07-17,2025-11-17,0.9161158878772881,0.07212356472539307,0.006400986678578208,0.9882394526026812,0.9946404392812594,2,3,1.205255111037386,0.03124771364628231
USDPEN,88,4m,119,206,2025-07-18,2025-11-18,0.9157251344745119,0.07262143597391461,0.006300758974967556,0.9883465704484264,0.994647329423394,2,3,1.2159435309304172,0.04917486018835827
USDPEN,88,4m,120,207,2025-07-21,2025-11-19,0.9150752156760898,0.07340565195167731,0.006165443272820991,0.9884808676277672,0.9946463109005882,2,3,1.231742594399087,0.04578028999514243
USDPEN,88,4m,121,208,2025-07-22,2025-11-20,0.9134436901457763,0.07518960150166576,0.00601836456881302,0.9886332916474421,0.9946516562162551,2,3,1.2399119442389352,0.041085528268215585
USDPEN,88,4m,122,209,2025-07-23,2025-11-21,0.9152581365339583,0.07330043300959446,0.006133313411664326,0.9885585695435527,0.994691882955217,2,3,1.2345122955790948,0.06383868815271122
USDPEN,88,4m,123,210,2025-07-24,2025-11-24,0.9157754571128359,0.0727367377780148,0.006226253252572652,0.9885121948908507,0.9947384481434234,2,3,1.2380890425190036,0.02534308495359984
USDPEN,88,4m,124,211,2025-07-25,2025-11-25,0.9143374806652013,0.07396123709734263,0.006369497480144865,0.9882987177625439,0.9946682152426887,2,3,1.2530946553468432,0.034561586101471975
USDPEN,88,4m,125,212,2025-07-28,2025-11-26,0.9093394962913243,0.07817675530789288,0.00651998956513123,0.9875162515992172,0.9940362411643484,2,3,1.240992884302117,0.04163562043811376
USDPEN,88,4m,126,213,2025-07-29,2025-11-27,0.8953925752947302,0.09174729957625793,0.006195435243127313,0.9871398748709881,0.9933353101141154,2,3,1.2373080011746402,0.08345902349262055
USDPEN,88,4m,127,214,2025-07-30,2025-11-28,0.8752275774411031,0.11111187575588073,0.005660876762213649,0.9863394531969839,0.9920003299591975,2,3,1.205368528133437,0.1310732439804003
USDPEN,88,4m,128,215,2025-07-31,2025-12-01,0.87247442263925,0.11293838772444341,0.006440167983862896,0.9854128103636934,0.9918529783475564,2,3,0.5771207614702962,1.3393271260409672
USDPEN,88,4m,129,216,2025-08-01,2025-12-02,0.8669870101487271,0.11796210698127539,0.007319195898999916,0.9849491171300025,0.9922683130290024,2,3,0.6338445823161697,0.09429735640421386
USDPEN,88,4m,130,217,2025-08-04,2025-12-03,0.8689247764097175,0.11610849874827464,0.00780085177157503,0.9850332751579922,0.9928341269295673,2,3,0.6457828738183061,0.055087563917710844
USDPEN,88,4m,131,218,2025-08-05,2025-12-04,0.881342523265322,0.10381723422701204,0.007815146633012054,0.9851597574923341,0.9929749041253462,2,3,0.5606879210896865,0.1885256368690771
USDPEN,88,4m,132,219,2025-08-06,2025-12-05,0.8780750813922582,0.10684364498126286,0.007972284255431446,0.9849187263735211,0.9928910106289525,2,3,0.600450716902833,0.10882866665626172
USDPEN,88,4m,133,220,2025-08-07,2025-12-08,0.8661630610088602,0.11929406628104151,0.007621141514742632,0.9854571272899018,0.9930782688046443,2,3,0.6546386817982638,0.06776167760228677
USDPEN,88,4m,134,221,2025-08-08,2025-12-09,0.8531474274558891,0.1327553865039362,0.0073107985309345536,0.9859028139598254,0.9932136124907599,2,3,0.7028568133849146,0.061892129901346425
USDPEN,88,4m,135,222,2025-08-11,2025-12-10,0.8285261957118448,0.15822458000856449,0.006878353010310339,0.9867507757204093,0.9936291287307196,2,3,0.684150860627129,0.08298182352453186
USDPEN,88,4m,136,223,2025-08-12,2025-12-11,0.823454554833676,0.16407824845549107,0.006377583181920668,0.987532803289167,0.9939103864710878,2,3,0.7109780871744391,0.034302399716426575
USDPEN,88,4m,137,224,2025-08-13,2025-12-12,0.816811711489139,0.1712510366305239,0.005986166101868204,0.9880627481196629,0.9940489142215311,2,3,0.7359875964400067,0.033037678185427556
USDPEN,88,4m,138,225,2025-08-14,2025-12-15,0.8131734519933094,0.17522759558987713,0.005755446417872636,0.9884010475831865,0.9941564940010591,2,3,0.7619831194492036,0.03962035238091894
USDPEN,88,4m,139,226,2025-08-15,2025-12-16,0.8126365291322409,0.17550267681494,0.005919254792157864,0.988139205947181,0.9940584607393388,2,3,0.7778409686740066,0.06380018483342924
USDPEN,88,4m,140,227,2025-08-18,2025-12-17,0.8105033539073595,0.17753790627080426,0.005952939129888438,0.9880412601781637,0.9939941993080522,2,3,0.794034642943898,0.048624968497297034
USDPEN,88,4m,141,228,2025-08-19,2025-12-18,0.8063230837889105,0.18155685011076445,0.00600992502384649,0.9878799338996749,0.9938898589235213,2,3,0.7838617464232481,0.06122611896090484
USDPEN,88,4m,142,229,2025-08-20,2025-12-19,0.8109416498334834,0.1760288762150356,0.006876685869684886,0.986970526048519,0.9938472119182039,2,3,0.7352786755926861,0.18351635125381546
USDPEN,88,4m,143,230,2025-08-21,2025-12-22,0.8225063510443112,0.1629423808718431,0.008520200187948674,0.9854487319161543,0.993968932104103,2,3,0.7252675130297229,0.2001160418235819
USDPEN,88,4m,144,231,2025-08-22,2025-12-23,0.8239798599241523,0.16075760740899325,0.009139317048731435,0.9847374673331456,0.993876784381877,2,3,0.7564889525269465,0.08131531551470157
USDPEN,88,4m,145,232,2025-08-25,2025-12-24,0.8235798572336944,0.16049507526012946,0.009676967756095731,0.9840749324938238,0.9937519002499196,2,3,0.7799354484905191,0.05652348203846951
USDPEN,88,4m,146,233,2025-08-26,2025-12-25,0.8250798528672357,0.15837446804187533,0.010250158714822639,0.9834543209091111,0.9937044796239337,2,3,0.8049672564131108,0.051734472734012556
USDPEN,88,4m,147,234,2025-08-27,2025-12-26,0.8329233628310369,0.1497378607934713,0.011026216836107475,0.9826612236245081,0.9936874404606156,2,3,0.8185015111348134,0.035966028016501936
USDPEN,88,4m,148,235,2025-08-28,2025-12-29,0.840646195531256,0.14137286839057875,0.011712243908757669,0.9820190639218347,0.9937313078305924,2,3,0.8370170768561281,0.04196120135069638
USDPEN,88,4m,149,236,2025-08-29,2025-12-30,0.8465803827918464,0.1345293324102031,0.012465702854461445,0.9811097152020496,0.9935754180565111,2,3,0.8473034687737413,0.0266740095098619
USDPEN,88,4m,150,237,2025-09-01,2025-12-31,0.84836845823072,0.13215447895334223,0.012951533773436285,0.9805229371840622,0.9934744709574985,2,3,0.8591414918787627,0.02729309628320096
USDPEN,88,4m,151,238,2025-09-02,2026-01-01,0.8507095795039025,0.1298159818757373,0.012912490564144855,0.9805255613796398,0.9934380519437847,2,3,0.8668987583336648,0.024521526530618513
USDPEN,88,4m,152,239,2025-09-03,2026-01-02,0.8552781356491759,0.1250741447959795,0.013107280166635137,0.9803522804451554,0.9934595606117905,2,3,0.8718546313509294,0.022337151979576537
USDPEN,88,4m,153,240,2025-09-04,2026-01-05,0.8567861103442473,0.12332529296274432,0.013378367718143984,0.9801114033069916,0.9934897710251356,2,3,0.8759564738900424,0.022451246486373058
USDPEN,88,4m,154,241,2025-09-05,2026-01-06,0.8630365819199775,0.11707509787953999,0.013470612701947937,0.9801116797995174,0.9935822925014653,2,3,0.8756909469518851,0.021595669562445186
USDPEN,88,4m,155,242,2025-09-08,2026-01-07,0.863703948625391,0.11674275573358225,0.013302630179774821,0.9804467043589733,0.9937493345387481,2,3,0.8813727496920181,0.01978737123485675
USDPEN,88,4m,156,243,2025-09-09,2026-01-08,0.8529425254577997,0.127600660837839,0.013134937783729757,0.9805431862956386,0.9936781240793684,2,3,0.871934576494373,0.02191917799400175
USDPEN,88,4m,157,244,2025-09-10,2026-01-09,0.8520428368706201,0.12772789626965111,0.013718416668753465,0.9797707331402712,0.9934891498090247,2,3,0.8441444255764289,0.047483977030376275
USDPEN,88,4m,158,245,2025-09-11,2026-01-12,0.851722751159755,0.12664688080547493,0.014953951809940587,0.97836963196523,0.9933235837751706,2,3,0.8127083774223124,0.05694213943651389
USDPEN,88,4m,159,246,2025-09-12,2026-01-13,0.8544270448324417,0.12413403823055488,0.01495507693514166,0.9785610830629966,0.9935161599981382,2,3,0.7970023923649197,0.06387455279086858
USDPEN,88,4m,160,247,2025-09-15,2026-01-14,0.857960173249696,0.12084630101194281,0.014921777963647114,0.9788064742616388,0.9937282522252859,2,3,0.7864542351726965,0.030098863433703472
USDPEN,88,4m,161,248,2025-09-16,2026-01-15,0.8710776988059282,0.11012145361277935,0.013245820042647904,0.9811991524187076,0.9944449724613555,2,3,0.7811657378605417,0.030443715856986634
USDPEN,88,4m,162,249,2025-09-17,2026-01-16,0.87981084005663035,0.10296724700975743,0.012131981956682395,0.9827780870663878,0.9949100690230702,2,3,0.7764872678207413,0.0272129788961427
USDPEN,88,4m,163,250,2025-09-18,2026-01-19,0.8839982810777576,0.0992857535515943,0.01177517900408597,0.9832840346293519,0.9950592136334379,2,3,0.7705071061621562,0.029132346395687247
USDPEN,88,4m,164,251,2025-09-19,2026-01-20,0.8898231917881307,0.09442930555119501,0.011094281554158982,0.9842524973393257,0.9953467788934848,2,3,0.7689649487706897,0.02648280224503
USDPEN,88,4m,165,252,2025-09-22,2026-01-21,0.8903881310354178,0.09413645945657531,0.01088631293480446,0.9845245904919931,0.9954109034267976,2,3,0.76346185304779135,0.01767937907252557
USDPEN,88,4m,166,253,2025-09-23,2026-01-22,0.8828777333042154,0.10191629132321636,0.010599505465314045,0.9847940246274317,0.9953935300927458,2,3,0.7617365610836077,0.023486455991539455
USDPEN,88,4m,167,254,2025-09-24,2026-01-23,0.8778287328493964,0.10750021465021727,0.010182570738789856,0.9853289474996137,0.9955115182384036,2,3,0.7621500221272564,0.015425511015732788
USDPEN,88,4m,168,255,2025-09-25,2026-01-26,0.8715948574960887,0.11411091646449233,0.009870250582389299,0.985705773960581,0.9955760245429703,2,3,0.7611695417394105,0.016014223918830558
USDPEN,88,4m,169,256,2025-09-26,2026-01-27,0.8601934189304488,0.12585410205203246,0.00952492509635654,0.9860475209824813,0.9955724460788378,2,3,0.7615756870584655,0.02079797309366339
USDPEN,88,4m,170,257,2025-09-29,2026-01-28,0.8525843168010451,0.13381712821876712,0.009139796281622493,0.9864014450198122,0.9955412413014347,2,3,0.7606819054085203,0.022150624463643968
USDPEN,88,4m,171,258,2025-09-30,2026-01-29,0.84526634659484,0.14152745024545335,0.008798008231734671,0.9867937968402933,0.995591805072028,2,3,0.754386214772527,0.02815813293769774
USDPEN,88,4m,172,259,2025-10-01,2026-01-30,0.8315983367743983,0.1555173718519062,0.008544399147850264,0.9871157086263045,0.9956601077741547,2,3,0.7559135488782255,0.019888206091802807
USDPEN,88,4m,173,260,2025-10-02,2026-02-02,0.8283560322319867,0.15886785516274546,0.008436714923620097,0.9872238873947322,0.9956606023183523,2,3,0.7596237847753567,0.01778947795164888
USDPEN,88,4m,174,261,2025-10-03,2026-02-03,0.8246109096113649,0.1627746402734322,0.008335686564714761,0.987385549884797,0.9957212364495117,2,3,0.7619063752001083,0.02236188721927396
USDPEN,88,4m,175,262,2025-10-06,2026-02-04,0.8194326000967713,0.16815094099575265,0.008172347023941285,0.987583541092524,0.9957558881164653,2,3,0.7641178594116882,0.016111912842033938
USDPEN,88,4m,176,263,2025-10-07,2026-02-05,0.8161383523529653,0.1717381884554853,0.00794015858058539,0.9878765408084506,0.9958166993890359,2,3,0.7667977913786674,0.019091102521830123
USDPEN,88,4m,177,264,2025-10-08,2026-02-06,0.817722930015738,0.1704483842782063,0.007660680407639829,0.9881713142939443,0.9958319947015841,2,3,0.7749902504289126,0.025382186545673445
USDPEN,88,4m,178,265,2025-10-09,2026-02-09,0.8169025788765297,0.1710082452807817,0.007910706366167728,0.9879108241573115,0.9958215305234792,2,3,0.77901100111058,0.02821722074072892
USDPEN,88,4m,179,266,2025-10-10,2026-02-10,0.8179749684898289,0.16974080655281656,0.008081658142946216,0.9877157750426454,0.9957974331855917,2,3,0.798150311429139,0.03908565022449224
USDPEN,88,4m,180,267,2025-10-13,2026-02-11,0.8157456880748385,0.17178720119582125,0.00826403406079153,0.9875328892706597,0.9957969233314513,2,3,0.8198323788058532,0.04431416473597649
USDPEN,88,4m,181,268,2025-10-14,2026-02-12,0.8139460842488127,0.17326734546945097,0.008559758921407153,0.9872134297182636,0.9957731886396708,2,3,0.8285467416202514,0.02819487115340367
USDPEN,88,4m,182,269,2025-10-15,2026-02-13,0.811205406996095,0.17558279880713357,0.008971234674966471,0.9867882058032286,0.9957594404781951,2,3,0.8385032025050062,0.024681910676092787
USDPEN,88,4m,183,270,2025-10-16,2026-02-16,0.8111029753450084,0.1753807420043853,0.009318558225131692,0.9864837173493937,0.9958022755745254,2,3,0.8481684898793007,0.026430570485071567
USDPEN,88,4m,184,271,2025-10-17,2026-02-17,0.8102503427705819,0.17603183170542372,0.009560307919473817,0.9862821744760056,0.9958424823954795,2,3,0.8539888588764022,0.018480739446566488
USDPEN,88,4m,185,272,2025-10-20,2026-02-18,0.8092008246183728,0.17706200060682398,0.00958919186114001,0.9862628252251968,0.9958520170863369,2,3,0.8612438338627945,0.02203675546723037
USDPEN,88,4m,186,273,2025-10-21,2026-02-19,0.8080214744711653,0.178060155512952,0.009741014462671003,0.9860816299841173,0.9958226444467883,2,3,0.8672233472603021,0.01716701399500652
USDPEN,88,4m,187,274,2025-10-22,2026-02-20,0.8080178330641916,0.17792837950364218,0.009835871623297921,0.9859462125678338,0.9957820841911317,2,3,0.87601628182289,0.02113101812503144
USDPEN,88,4m,188,275,2025-10-23,2026-02-23,0.8049898021927466,0.18099262172766029,0.009805177332676482,0.9859824239204069,0.9957876012530834,2,3,0.8748930117314239,0.01150925590603027
USDPEN,88,4m,189,276,2025-10-24,2026-02-24,0.8039924024147853,0.18198954575543988,0.009790721845977143,0.9859819481702252,0.9957726700162024,2,3,0.8721735383893763,0.012917241650143003
USDPEN,88,4m,190,277,2025-10-27,2026-02-25,0.8059001338071509,0.18019123312685975,0.009688073202645234,0.9860913669340106,0.9957794401366558,2,3,0.8696111869012882,0.014300453865599682
USDPEN,88,4m,191,278,2025-10-28,2026-02-26,0.8120361241140733,0.17450333685663114,0.009379035684047977,0.9865394609707044,0.9959184966547524,2,3,0.8637073219876278,0.019376200739958195
USDPEN,88,4m,192,279,2025-10-29,2026-02-27,0.8100352357471899,0.17674606089424238,0.009204688193309465,0.9867812966414323,0.9959859848347418,2,3,0.8650383897548941,0.013970797804102817
USDPEN,88,4m,193,280,2025-10-30,2026-03-02,0.8175944878486953,0.1695970058388188,0.008885494975735524,0.987191493687514,0.9960769886632496,2,3,0.8611434607077473,0.01600630162536996
USDPEN,88,4m,194,281,2025-10-31,2026-03-03,0.8223054098684501,0.16519037337591422,0.008592095933183181,0.9874957832443644,0.9960878791775476,2,3,0.8604308892190193,0.013712029639768706
USDPEN,88,4m,195,282,2025-11-03,2026-03-04,0.8279949807959696,0.15995211935981427,0.008183949984677181,0.9879471001557838,0.996131050140461,2,3,0.8590276693909383,0.017955626996588776
USDPEN,88,4m,196,283,2025-11-04,2026-03-05,0.8342000365852023,0.15409576306387748,0.007925258733538719,0.9882957996490798,0.9962210583826184,2,3,0.8494640594706641,0.026049763384480548
USDPEN,88,4m,197,284,2025-11-05,2026-03-06,0.8373476005073462,0.15144833469965596,0.007563939500720648,0.9887959352070022,0.9963598747077228,2,3,0.843857638291371,0.018174465453284903
USDPEN,88,4m,198,285,2025-11-06,2026-03-09,0.8305902790727034,0.1583755738076074,0.0073660182976335266,0.9889658528803108,0.9963318711779443,2,3,0.8446499013121914,0.011213782976484465
USDPEN,88,4m,199,286,2025-11-07,2026-03-10,0.8270841731604575,0.16198433226199893,0.007214802386676647,0.9890685054224564,0.996283307809133,2,3,0.8345590764290259,0.02031973183045216
USDPEN,88,4m,200,287,2025-11-10,2026-03-11,0.8291795861935646,0.15998897051075664,0.007089944292307242,0.9891685567043212,0.9962585009966285,2,3,0.83241770464141,0.012112121505256267
USDPEN,88,4m,201,288,2025-11-11,2026-03-12,0.8286740081299167,0.16066231690446256,0.006911446302633969,0.9893363250343792,0.9962477713370131,2,3,0.828075692097124,0.023943703407369878
USDPEN,88,4m,202,289,2025-11-12,2026-03-13,0.8233398758183624,0.1661606126559979,0.006703861210866394,0.9895004884743603,0.9962043496852268,2,3,0.8202320401137762,0.02564595728671471
USDPEN,88,4m,203,290,2025-11-13,2026-03-16,0.8207941357202646,0.16896711598793396,0.006417358315246158,0.9897612517081986,0.9961786100234448,2,3,0.8100366568286268,0.023176179164062123
USDPEN,88,4m,204,291,2025-11-14,2026-03-17,0.8184561295850901,0.1715332072829982,0.006154822926820157,0.9899893368680883,0.9961441597949084,2,3,0.806505051486011,0.025260717390871025
USDPEN,88,4m,205,292,2025-11-17,2026-03-18,0.8163708472140405,0.17399188264601406,0.00579831892049821,0.9903627298600546,0.9961610487805528,2,2,0.7955856918896687,0.05535207636460614
USDPEN,88,4m,206,293,2025-11-18,2026-03-19,0.8223145729291433,0.16883287125136143,0.005187726145723175,0.9911474441805048,0.996335170326228,2,2,0.7875304856607029,0.02881093321791756
USDPEN,88,4m,207,294,2025-11-19,2026-03-20,0.8297096256788833,0.16208767876837793,0.004671259410577364,0.9917973044472612,0.9964685638578386,2,2,0.7872483349620311,0.02064585593094895
USDPEN,88,4m,208,295,2025-11-20,2026-03-23,0.838333324858935,0.15409182205705155,0.00420502563576798,0.9924251469159865,0.9966301725517545,2,2,0.7923259956332801,0.03994317453088061
USDPEN,88,4m,209,296,2025-11-21,2026-03-24,0.8463395961132733,0.14663129719419085,0.003795636436718977,0.9929708933074641,0.9967665297441831,2,2,0.810491659581811,0.07525247464307572
USDPEN,88,4m,210,297,2025-11-24,2026-03-25,0.8481676505357938,0.14527380587101718,0.003389577134907224,0.993441456406811,0.9968310335417182,2,2,0.842524015077831,0.08845989303129523
USDPEN,88,4m,211,298,2025-11-25,2026-03-26,0.8515381702799861,0.1424090848487038,0.0029786622195350876,0.9939472551286899,0.996925917348225,2,2,0.8981357770017663,0.12406011724442208
USDPEN,88,4m,212,299,2025-11-26,2026-03-27,0.8663873820630396,0.12841931863800402,0.002441798188337192,0.9948067007010436,0.9972484988893808,2,2,1.0086105246784107,0.22534966778339618
USDPEN,110,5m,1,110,2025-02-04,2025-07-07,0.9049416125678381,0.09067359947424161,0.003085500645250403,0.9956152120420797,0.9987007126873301,2,2,0.8155938763868789,NA
USDPEN,110,5m,2,111,2025-02-05,2025-07-08,0.9065850276105972,0.08917119746468617,0.0030478385185894116,0.9957562250752834,0.9988040635938727,2,2,0.8047770475409476,0.019814338133713624
USDPEN,110,5m,3,112,2025-02-06,2025-07-09,0.9074662973262174,0.08833729838911215,0.002993928826821999,0.9958035957153296,0.9987975245421516,2,2,0.7945144568819251,0.018297286377997077
USDPEN,110,5m,4,113,2025-02-07,2025-07-10,0.9083471595359002,0.0874390990326068,0.00298794189871353,0.995786258568507,0.9987742004672205,2,2,0.7872042488768701,0.01234370823083369
USDPEN,110,5m,5,114,2025-02-10,2025-07-11,0.9087310256592129,0.08703495793759697,0.0029771218871884994,0.9957659835968099,0.9987431054839984,2,2,0.7791808655764862,0.016344850342791546
USDPEN,110,5m,6,115,2025-02-11,2025-07-14,0.9094603224535995,0.08627575135528294,0.0029943491440222905,0.9957360738088825,0.9987304229529048,2,2,0.7733526906242877,0.016646355834757803
USDPEN,110,5m,7,116,2025-02-12,2025-07-15,0.909463523023555,0.08623165202172303,0.0030207806412914976,0.995695175045278,0.9987159556865696,2,2,0.7721695170666908,0.02226803813865202
USDPEN,110,5m,8,117,2025-02-13,2025-07-16,0.9103692960843642,0.08530256062586036,0.003028453556041928,0.9956718567102246,0.9987003102662666,2,2,0.7704943541285515,0.01738610321330604
USDPEN,110,5m,9,118,2025-02-14,2025-07-17,0.9110789140371094,0.0845876855780576,0.0030280627315369723,0.995666599615167,0.998694662346704,2,2,0.7643716407377388,0.009878210965315284
USDPEN,110,5m,10,119,2025-02-17,2025-07-18,0.9115861387452224,0.08401105488558085,0.0030434056835922907,0.9955971936308032,0.9986405993143955,2,2,0.7589194369365168,0.020539847115543398
USDPEN,110,5m,11,120,2025-02-18,2025-07-21,0.9099602819888883,0.08546241540977886,0.003147973507956754,0.9954226973986672,0.9985706709066239,2,2,0.7511186413563878,0.02248365090409435
USDPEN,110,5m,12,121,2025-02-19,2025-07-22,0.9112283702684416,0.08386826548402065,0.003347552187388023,0.9950966357524622,0.9984441879398502,2,2,0.7454263503314739,0.0345798130562718
USDPEN,110,5m,13,122,2025-02-20,2025-07-23,0.9130566494551091,0.08200941162237507,0.003338802177534506,0.9950660610774842,0.9984048632550186,2,2,0.7406409381677391,0.027722498790941866
USDPEN,110,5m,14,123,2025-02-21,2025-07-24,0.9162574712597892,0.07867075719938503,0.003306493819436241,0.9949282284591742,0.9982347222786104,2,2,0.7564271256736235,0.031943409168807085
USDPEN,110,5m,15,124,2025-02-24,2025-07-25,0.9188273767997506,0.07594718795109194,0.00326289588494623,0.9947745647508425,0.9980374606357887,2,2,0.7709172832809387,0.036433586074032145
USDPEN,110,5m,16,125,2025-02-25,2025-07-28,0.9198581148668766,0.074869800853724,0.0032470481230810794,0.9947279157206006,0.9979749638436817,2,2,0.7750139996144085,0.025529154727199348
USDPEN,110,5m,17,126,2025-02-26,2025-07-29,0.9215213507783134,0.0731612411772103,0.0032336823733105165,0.9946825919555238,0.9979162743288343,2,2,0.7810842776466531,0.026639219344362534
USDPEN,110,5m,18,127,2025-02-27,2025-07-30,0.9225544390873256,0.07220538620143137,0.0030905671504394003,0.994759825288757,0.9978503924391964,2,2,0.788134450756453,0.044954039170610194
USDPEN,110,5m,19,128,2025-02-28,2025-07-31,0.9246485548267531,0.07019551976096312,0.002968300060120332,0.9948440745877163,0.9978123746478366,2,2,0.79701128256543,0.030156044798096297
USDPEN,110,5m,20,129,2025-03-03,2025-08-01,0.9265318603010863,0.06839075165651082,0.0028429490908709514,0.9949226119575971,0.997765561048468,2,2,0.8044495477997703,0.036520049586966606
USDPEN,110,5m,21,130,2025-03-04,2025-08-04,0.9299111695881437,0.06523108384518421,0.002634049098879217,0.9951422534333279,0.9977763025322071,2,2,0.8059872829661902,0.02823677784418322
USDPEN,110,5m,22,131,2025-03-05,2025-08-05,0.9321845401796367,0.06309986010153419,0.00247640077401503,0.9952844002811709,0.9977608010551859,2,2,0.8080819031530899,0.039452757289005526
USDPEN,110,5m,23,132,2025-03-06,2025-08-06,0.9332970993931327,0.062142814886624514,0.0023155638489824396,0.9954399142797572,0.9977554781287397,2,2,0.8191579858256381,0.06836422852449944
USDPEN,110,5m,24,133,2025-03-07,2025-08-07,0.9355950942959522,0.05995534086599106,0.002195102162096754,0.9955504351619433,0.99774553732404,2,2,0.8400467581145693,0.06785497719882898
USDPEN,110,5m,25,134,2025-03-10,2025-08-08,0.9373510052865248,0.05827200233046113,0.0021096555865391825,0.995623007616986,0.9977326632035252,2,2,0.8793926044687114,0.09186818237762671
USDPEN,110,5m,26,135,2025-03-11,2025-08-11,0.9380561092925943,0.05758678960781391,0.002078503482472961,0.9956428989004082,0.9977214023828812,2,2,0.9244237456383385,0.08460094704206597
USDPEN,110,5m,27,136,2025-03-12,2025-08-12,0.93930225346673,0.0563508939042325,0.0020564898764068073,0.9956531473709626,0.9977096372473694,2,2,0.9750219901392618,0.09254447030610005
USDPEN,110,5m,28,137,2025-03-13,2025-08-13,0.9409336251724043,0.054719736065739086,0.002059326431170919,0.9956533612381434,0.9977126876693143,2,2,1.0327697694095752,0.10566538159392311
USDPEN,110,5m,29,138,2025-03-14,2025-08-14,0.942181723403236,0.053451861673667694,0.00207974888102691,0.9956335850769037,0.9977133339579306,2,2,1.0787713949925057,0.0912257763281023
USDPEN,110,5m,30,139,2025-03-17,2025-08-15,0.9432959074216102,0.05232886545170851,0.0021083418268670164,0.9956247728733187,0.9977331147001858,2,2,1.121776786751564,0.08901160597577841
USDPEN,110,5m,31,140,2025-03-18,2025-08-18,0.9431800134860197,0.0522068813747219,0.0023277144769854033,0.9953868948607416,0.997714609337727,2,2,1.1186445953129356,0.08286304132789235
USDPEN,110,5m,32,141,2025-03-19,2025-08-19,0.9423456379408646,0.05287705193031563,0.0025024600962992548,0.9952226898711802,0.9977251499674795,2,2,1.1421521895967006,0.05175189059376404
USDPEN,110,5m,33,142,2025-03-20,2025-08-20,0.9409610178462764,0.054049942739894004,0.0027206763001054804,0.9950109605861704,0.997731636886276,2,2,1.1744761714194991,0.061834158137252286
USDPEN,110,5m,34,143,2025-03-21,2025-08-21,0.9388961864288056,0.055708201301761996,0.003081334531522552,0.9946043877305676,0.9976857222620902,2,2,1.1853748334563858,0.025965388146113776
USDPEN,110,5m,35,144,2025-03-24,2025-08-22,0.9363042848771592,0.05792486507117001,0.0034105132735523557,0.9942291499483292,0.9976396632218816,2,2,1.1977875977358108,0.027921794564176504
USDPEN,110,5m,36,145,2025-03-25,2025-08-25,0.931844254012968,0.062031364920450215,0.003697820749607463,0.9938756189334182,0.9975734396830257,2,2,1.1992086885532236,0.019269258264930585
USDPEN,110,5m,37,146,2025-03-26,2025-08-26,0.9323845256139304,0.06167136997393807,0.003542195105015553,0.9940558955878684,0.997598090692884,2,2,1.2103280737350786,0.032220126495761635
USDPEN,110,5m,38,147,2025-03-27,2025-08-27,0.9342387755410246,0.059895231620631914,0.003512505213368574,0.9941340071616566,0.9976465123750251,2,2,1.2254669128991718,0.03641286166744977
USDPEN,110,5m,39,148,2025-03-28,2025-08-28,0.9364661591202104,0.05766492178024309,0.003517379918777216,0.9941310809004534,0.9976484608192306,2,2,1.234808765155037,0.023165550855308588
USDPEN,110,5m,40,149,2025-03-31,2025-08-29,0.9389195898026435,0.055173377816820614,0.003558518145799169,0.9940929676194641,0.9976514857652633,2,2,1.242625423575961,0.021533377631730636
USDPEN,110,5m,41,150,2025-04-01,2025-09-01,0.9418452211170026,0.05220660296159864,0.0036065723941407974,0.9940518240786013,0.997658396472742,2,2,1.246511578152596,0.01302372376753238
USDPEN,110,5m,42,151,2025-04-02,2025-09-02,0.94550355414145,0.04851224659874595,0.0036346391854779727,0.994015800740196,0.997650439925674,2,2,1.2499956408766937,0.011771775078951819
USDPEN,110,5m,43,152,2025-04-03,2025-09-03,0.95083730394356,0.04311301205670048,0.003698171536957342,0.9939503160002605,0.9976484875372179,1,2,1.2552374304679947,0.018089460206827928
USDPEN,110,5m,44,153,2025-04-04,2025-09-04,0.9516405200754506,0.04226959576526386,0.0037271096106808437,0.9939101158407145,0.9976372254513953,1,2,1.2592492078257629,0.015956473451954948
USDPEN,110,5m,45,154,2025-04-07,2025-09-05,0.9537457129101642,0.04008968607192479,0.0038128787067271807,0.993835398982089,0.9976482776888161,1,2,1.2613030358543333,0.009846318328362847
USDPEN,110,5m,46,155,2025-04-08,2025-09-08,0.9545246148982168,0.03905477687476462,0.004080289007517616,0.9935793917729815,0.9976596807804992,1,2,1.246340218563042,0.036201212899290465
USDPEN,110,5m,47,156,2025-04-09,2025-09-09,0.9559867943757936,0.037254509286876444,0.004398040594677359,0.99324130366267,0.9976393442573475,1,2,1.2294044403297208,0.039103492054107875
USDPEN,110,5m,48,157,2025-04-10,2025-09-10,0.9560474490899519,0.036917834618863235,0.004660425128067132,0.9929652837088151,0.9976257088368822,1,2,1.2202766235608014,0.02630365825070411
USDPEN,110,5m,49,158,2025-04-11,2025-09-11,0.9560505511327566,0.03656442499977505,0.005024919446275255,0.9926149761325317,0.997639895578807,1,2,1.2128738658712879,0.024809272362595426
USDPEN,110,5m,50,159,2025-04-14,2025-09-12,0.961061661533997,0.031181671429617,0.00538660051283426,0.992243332963614,0.9976299334764482,1,2,1.2069819022444024,0.021692287153921457
USDPEN,110,5m,51,160,2025-04-15,2025-09-15,0.960457720839281,0.03134424017343058,0.005835259388304307,0.9918019610127117,0.997637220401016,1,2,1.196544372111155,0.023696326259357844
USDPEN,110,5m,52,161,2025-04-16,2025-09-16,0.9594345541717747,0.03190694994050178,0.0062826628693258835,0.9913415041122765,0.9976241669816024,1,2,1.1851079875820998,0.0242310294352853
USDPEN,110,5m,53,162,2025-04-17,2025-09-17,0.9583641417366101,0.03248455973769217,0.006733886412573362,0.9908487014743023,0.9975825878868756,1,2,1.1752958282137198,0.020358351563139202
USDPEN,110,5m,54,163,2025-04-18,2025-09-18,0.957168613148349,0.03313904121420377,0.007213760767969532,0.9903076543625527,0.9975214151305223,1,2,1.166449290816449,0.021605918929728653
USDPEN,110,5m,55,164,2025-04-21,2025-09-19,0.959800636859056,0.030115406002453004,0.0075770178785409936,0.989916042861509,0.9974930607400501,1,3,1.160045309189868,0.01779988796966478
USDPEN,110,5m,56,165,2025-04-22,2025-09-22,0.9585830616534514,0.03081071249814611,0.00802351645888411,0.9893937741515976,0.9974172906104817,1,3,1.1546842500769772,0.018523918912629434
USDPEN,110,5m,57,166,2025-04-23,2025-09-23,0.9572617492956544,0.03155569875590068,0.008534294205527345,0.9888174480515551,0.9973517422570825,1,3,1.1482316922136622,0.019025724632905493
USDPEN,110,5m,58,167,2025-04-24,2025-09-24,0.9573103692142929,0.031249498039729668,0.008799979202526039,0.9885598672540226,0.9973598464565486,1,3,1.1449684386715024,0.016168525594046447
USDPEN,110,5m,59,168,2025-04-25,2025-09-25,0.9569645259529658,0.03142464790973319,0.008983617448674147,0.988389173862699,0.9973727913113731,1,3,1.140888165945875,0.012833679903430649
USDPEN,110,5m,60,169,2025-04-28,2025-09-26,0.9577206678680346,0.030478508070924965,0.009182611222140173,0.9881991759389596,0.9973817871610997,1,3,1.1383428972728031,0.014026010586734894
USDPEN,110,5m,61,170,2025-04-29,2025-09-29,0.9576531763843978,0.030414942153895654,0.009337601098457859,0.9880681185382935,0.9974057196367513,1,3,1.13526566788592,0.018948450248544656
USDPEN,110,5m,62,171,2025-04-30,2025-09-30,0.9573744701146049,0.030605190344965477,0.009450399403464442,0.9879796604595703,0.9974300598630348,1,3,1.1326541102520937,0.017040330845446927
USDPEN,110,5m,63,172,2025-05-01,2025-10-01,0.9575437334835946,0.030369149470434623,0.009510557848951703,0.9879128829540292,0.997423440802981,1,3,1.1297492313216382,0.018489032845107257
USDPEN,110,5m,64,173,2025-05-02,2025-10-02,0.9576832916878172,0.030174017095882213,0.009571993223033188,0.9878573087836994,0.9974293020067325,1,3,1.126946976053806,0.01999319050698121
USDPEN,110,5m,65,174,2025-05-05,2025-10-03,0.9571650001439453,0.03072079686023602,0.009546031108995658,0.9878857970041813,0.997431828113177,1,3,1.122300708400912,0.01737326032154851
USDPEN,110,5m,66,175,2025-05-06,2025-10-06,0.955042671891448,0.03255401458112868,0.009794762662100456,0.9875966864725767,0.9973914491346771,1,3,1.1151103395386222,0.019563358399447155
USDPEN,110,5m,67,176,2025-05-07,2025-10-07,0.949964541955688,0.03745830427767196,0.009956532392089176,0.98742284623336,0.9973793786254491,2,3,1.1095236834359194,0.0183684208395351
USDPEN,110,5m,68,177,2025-05-08,2025-10-08,0.9497623392380469,0.037644297087421584,0.009928454330758034,0.9874066363254684,0.9973350906562265,2,3,1.1042958415540245,0.015955598062668077
USDPEN,110,5m,69,178,2025-05-09,2025-10-09,0.9485942884350465,0.03838136247612124,0.0102799818424549,0.9869756509111677,0.9972556327536226,2,3,1.095501119557528,0.018948543007084182
USDPEN,110,5m,70,179,2025-05-12,2025-10-10,0.9484287213738328,0.03826778424874781,0.010463924320663289,0.9866965056225806,0.9971604299432439,2,3,1.0896939331291966,0.022061089998644735
USDPEN,110,5m,71,180,2025-05-13,2025-10-13,0.9456996317084342,0.04035419477379124,0.011062298315809734,0.9860538264822254,0.9971161247980351,2,3,1.0805980053685469,0.025816228029777198
USDPEN,110,5m,72,181,2025-05-14,2025-10-14,0.9442852826575666,0.0414089912726514,0.011390444082262127,0.985694273930218,0.9970847180124801,2,3,1.074670689853884,0.02026027252390631
USDPEN,110,5m,73,182,2025-05-15,2025-10-15,0.9434930536182116,0.04181201724235317,0.011687360254411874,0.9853050708605647,0.9969924311149766,2,3,1.0707709817292677,0.018588955885617507
USDPEN,110,5m,74,183,2025-05-16,2025-10-16,0.9423227368004711,0.042557068694565076,0.012050980921139248,0.9848798054950362,0.9969307864161754,2,3,1.068501118906551,0.015851045754296435
USDPEN,110,5m,75,184,2025-05-19,2025-10-17,0.9404750690314553,0.043885813673937846,0.012446937910757034,0.9843608827053931,0.9968078206161501,2,3,1.069374521119983,0.0129847223188644
USDPEN,110,5m,76,185,2025-05-20,2025-10-20,0.9372746106532858,0.04640600692078621,0.013011975311623545,0.983680617574072,0.9966925928856956,2,3,1.0683718508897802,0.01386249461703679
USDPEN,110,5m,77,186,2025-05-21,2025-10-21,0.9351620823564105,0.047913027269545404,0.013514165357058952,0.9830751096259559,0.9965892749830149,2,3,1.068900748774413,0.009055092735988264
USDPEN,110,5m,78,187,2025-05-22,2025-10-22,0.9329631813292566,0.04959877995391839,0.013916642861765883,0.982561961283175,0.9964786041449408,2,3,1.0689349314181325,0.008802293011971022
USDPEN,110,5m,79,188,2025-05-23,2025-10-23,0.9306572047321946,0.05142591322821583,0.01426169589208835,0.9820831179604105,0.9963448138524988,2,3,1.0677159014498123,0.010692358681467564
USDPEN,110,5m,80,189,2025-05-26,2025-10-24,0.9305752671652465,0.05148703281647119,0.01429349155158711,0.9820622999817177,0.9963557915333048,2,3,1.0669935457836868,0.012198789682955681
USDPEN,110,5m,81,190,2025-05-27,2025-10-27,0.9306629815519426,0.05143069682282777,0.014261301255691418,0.9820936783747704,0.9963549796304618,2,3,1.0674785512715916,0.012108143225985999
USDPEN,110,5m,82,191,2025-05-28,2025-10-28,0.932575569304405,0.04988895354002232,0.013937923333969557,0.9824645228444273,0.9964024461783969,2,3,1.0753117643554473,0.018406515288288527
USDPEN,110,5m,83,192,2025-05-29,2025-10-29,0.932839308154339,0.04994457535214016,0.013649300226586359,0.9827838835064792,0.9964331837330656,2,3,1.0820051631497665,0.016132320085857438
USDPEN,110,5m,84,193,2025-05-30,2025-10-30,0.9315653737520172,0.05160394715679334,0.013056641884835818,0.9831693209088106,0.9962259627936464,2,3,1.0897045375603516,0.025418316391287697
USDPEN,110,5m,85,194,2025-06-02,2025-10-31,0.93227666127401,0.05137186089663178,0.01236632210830934,0.9836485221706418,0.9960148442789512,2,3,1.0991312644570868,0.022609095839574333
USDPEN,110,5m,86,195,2025-06-03,2025-11-03,0.9298639620009153,0.0539559809681262,0.011924920185883937,0.9838199429690414,0.9957448631549254,2,3,1.1083423642507877,0.02673662015721605
USDPEN,110,5m,87,196,2025-06-04,2025-11-04,0.9290561083284794,0.054914073787686785,0.011437308172519001,0.9839701821161662,0.9954074902886851,2,3,1.1199505254542281,0.02242074241616671
USDPEN,110,5m,88,197,2025-06-05,2025-11-05,0.9269777583171307,0.05718897700678177,0.01090974153860045,0.9841667353239125,0.995076476862513,2,3,1.1332154036408781,0.028620824863941165
USDPEN,110,5m,89,198,2025-06-06,2025-11-06,0.9271897775832009,0.057488052740814415,0.010135763320237818,0.9846778303240152,0.994813593644253,2,3,1.144906613982678,0.03733146882269464
USDPEN,110,5m,90,199,2025-06-09,2025-11-07,0.924983858930457,0.05988093080499339,0.009670454090067473,0.9848647897354503,0.9945352438255178,2,3,1.149355935041307,0.01941419509593136
USDPEN,110,5m,91,200,2025-06-10,2025-11-10,0.9220702760379345,0.0630359565289858,0.009067098959029437,0.9851062325669202,0.9941733315259497,2,3,1.161752361668461,0.03368830338881478
USDPEN,110,5m,92,201,2025-06-11,2025-11-11,0.9228279571684918,0.0630903446759039,0.008196997013743499,0.9859183018443957,0.9941152988581392,2,3,1.178066406032683,0.061314231322456246
USDPEN,110,5m,93,202,2025-06-12,2025-11-12,0.9248790686728013,0.06164260098122285,0.007540397343445881,0.9865216696540242,0.9940620669974701,2,3,1.1903361510422399,0.05022205362243734
USDPEN,110,5m,94,203,2025-06-13,2025-11-13,0.925970824642,0.06123630304440498,0.006845662078795642,0.987207127686405,0.9940527897652006,2,3,1.2137684550968175,0.09367775478202947
USDPEN,110,5m,95,204,2025-06-16,2025-11-14,0.927429047378572,0.06055524605022565,0.006169175000021649,0.9879842934287977,0.9941534684288194,2,3,1.2489263435869793,0.14295741422334796
USDPEN,110,5m,96,205,2025-06-17,2025-11-17,0.9278094783382717,0.060539244062225744,0.005874672474112396,0.9883487224004974,0.9942233948746099,2,3,1.258366251488654,0.09303100021350175
USDPEN,110,5m,97,206,2025-06-18,2025-11-18,0.92769643413389,0.06071626582750048,0.005768962956165518,0.9884126999613905,0.9941816629175559,2,3,1.2609771888372567,0.04221729207881376
USDPEN,110,5m,98,207,2025-06-19,2025-11-19,0.9272555237420915,0.06135849237431327,0.005572059237035437,0.9886140161164048,0.9941860753534402,2,3,1.2645587520438275,0.05070719073793824
USDPEN,110,5m,99,208,2025-06-20,2025-11-20,0.9264907713536136,0.06237435156763866,0.005344613245283785,0.9888651229212523,0.9942097361665361,2,3,1.2671731304533593,0.05574024631126926
USDPEN,110,5m,100,209,2025-06-23,2025-11-21,0.9283440854471784,0.06069903231462226,0.005325108590400069,0.9890431177618006,0.9943682263522007,2,3,1.2695967035203026,0.055810149050222295
USDPEN,110,5m,101,210,2025-06-24,2025-11-24,0.9293561415269315,0.05984967518919023,0.005287089983870216,0.9892058167161217,0.9944929066999919,2,3,1.2769931541371295,0.04121151206624119
USDPEN,110,5m,102,211,2025-06-25,2025-11-25,0.9285914322640351,0.060440903331481985,0.005418798584852205,0.9890323355955171,0.9944511341803692,2,3,1.2843235538105906,0.021980094449344054
USDPEN,110,5m,103,212,2025-06-26,2025-11-26,0.9267002021866821,0.061840847275414924,0.0054804467669566335,0.9885410494620971,0.9940214962290537,2,3,1.2756961736618135,0.03162695728719442
USDPEN,110,5m,104,213,2025-06-27,2025-11-27,0.9151632625128785,0.07272756894487051,0.005514162270688037,0.987890831457749,0.993404993728437,2,3,1.259247438417943,0.07173472290530317
USDPEN,110,5m,105,214,2025-06-30,2025-11-28,0.897015210626464,0.08999432676078016,0.005348578583395473,0.9870095373872442,0.9923581159706396,2,3,1.2145324331190859,0.13116792027884341
USDPEN,110,5m,106,215,2025-07-01,2025-12-01,0.889895519968582,0.09570081126444759,0.00578165553070188,0.9855963312330296,0.9913779867637315,2,3,0.6828707348947907,0.7809562012951021
USDPEN,110,5m,107,216,2025-07-02,2025-12-02,0.881844089004719,0.10296164399307034,0.0064664379484609315,0.9848057329977893,0.9912721709462502,2,3,0.4305246440530988,0.5113876159576788
USDPEN,110,5m,108,217,2025-07-03,2025-12-03,0.8746549523594889,0.10910711809517067,0.00752549073345526,0.9837620704546596,0.9912875611881148,2,3,0.4165190915601564,0.12509042637034995
USDPEN,110,5m,109,218,2025-07-04,2025-12-04,0.8817319930356897,0.1020170774726737,0.007949507302460093,0.9837490705083635,0.9916985778108236,2,3,0.34928608552146617,0.18410346954256657
USDPEN,110,5m,110,219,2025-07-07,2025-12-05,0.8756414374906635,0.10751921978855168,0.008365435061511585,0.9831606572792152,0.9915260923407268,2,3,0.3536957517841167,0.09623898597014789
USDPEN,110,5m,111,220,2025-07-08,2025-12-08,0.8621623890274964,0.12127568863980569,0.008255279982604252,0.9834380776673021,0.9916933576499063,2,3,0.36068076369367663,0.03413929515341626
USDPEN,110,5m,112,221,2025-07-09,2025-12-09,0.8487909304606952,0.13477703987505774,0.008195828410141114,0.9835679703357529,0.991763798745894,2,3,0.3629955278897219,0.02295536307053227
USDPEN,110,5m,113,222,2025-07-10,2025-12-10,0.8205992764192788,0.16396348047347792,0.007867308996326693,0.9845627568927566,0.9924300658890833,2,3,0.3593981993677756,0.06658630380031963
USDPEN,110,5m,114,223,2025-07-11,2025-12-11,0.8111289903827301,0.17426680695287847,0.007455676581701553,0.9853957973356086,0.9928514739173101,2,3,0.3703615717618768,0.026736821648378668
USDPEN,110,5m,115,224,2025-07-14,2025-12-12,0.8001444870788075,0.1857941581189935,0.007150576944880429,0.985938645197801,0.9930892221426814,2,3,0.3807552568976984,0.022971644734744952
USDPEN,110,5m,116,225,2025-07-15,2025-12-15,0.7945471518530556,0.19174441457863736,0.007007262504363097,0.9862915664316929,0.993298828936056,2,3,0.3824368152294636,0.013735627507821565
USDPEN,110,5m,117,226,2025-07-16,2025-12-16,0.795165245015794,0.19082359593539777,0.007206257981520136,0.9859888409511918,0.9931950989327119,2,3,0.38604081121943395,0.047153418192515055
USDPEN,110,5m,118,227,2025-07-17,2025-12-17,0.7934127709595217,0.19240339254992092,0.007354370876371592,0.9858161635094426,0.9931705343858142,2,3,0.39312869519291627,0.03862358419459471
USDPEN,110,5m,119,228,2025-07-18,2025-12-18,0.7896432292300218,0.19604399284397972,0.007473139840871394,0.9856872220740016,0.993160361914873,2,3,0.4097409216956487,0.05900533854795637
USDPEN,110,5m,120,229,2025-07-21,2025-12-19,0.7973657719445681,0.1879828864596212,0.007767556295191857,0.9853486584041893,0.9931162146993812,2,3,0.45543998639137045,0.1523427508108921
USDPEN,110,5m,121,230,2025-07-22,2025-12-22,0.8098244391794198,0.1745508566846964,0.008847498369670054,0.9843752958641162,0.9932227942337862,2,3,0.530013780889214,0.19642284729678536
USDPEN,110,5m,122,231,2025-07-23,2025-12-23,0.8137384882263596,0.17000984062660363,0.00933482997714455,0.9837483288529633,0.9930831588301078,2,3,0.5791309142285082,0.0828251209157997
USDPEN,110,5m,123,232,2025-07-24,2025-12-24,0.8150964045617402,0.16805513451803217,0.009795353530414297,0.9831515390797723,0.9929468926101865,2,3,0.6097939193380244,0.054654693589596036
USDPEN,110,5m,124,233,2025-07-25,2025-12-25,0.8180231813530084,0.16462370646030314,0.010210673940263015,0.9826468878133116,0.9928575617535745,2,3,0.6543804708417488,0.0656354423902934
USDPEN,110,5m,125,234,2025-07-28,2025-12-26,0.8190822409214693,0.16317552549814496,0.010594873475851214,0.9822577664196143,0.9928526398954655,2,3,0.6878348303601732,0.04990846437416542
USDPEN,110,5m,126,235,2025-07-29,2025-12-29,0.8245447729045728,0.1576837627252489,0.010839486460272775,0.9822285356298217,0.9930680220900945,2,3,0.7290040325722237,0.05878416081654274
USDPEN,110,5m,127,236,2025-07-30,2025-12-30,0.8238932513861288,0.15806325898474835,0.011156310644919468,0.9819565103708772,0.9931128210157967,2,3,0.7549217928995874,0.036329617409346836
USDPEN,110,5m,128,237,2025-07-31,2025-12-31,0.8214020121788067,0.16049328136126845,0.011266326877744698,0.9818952935400751,0.9931616204178197,2,3,0.7781130001981158,0.03217643343590662
USDPEN,110,5m,129,238,2025-08-01,2026-01-01,0.8173105910108048,0.1648140281516989,0.011079111582468085,0.9821246191625037,0.9932037307449718,2,3,0.7853964248967225,0.016723360553091714
USDPEN,110,5m,130,239,2025-08-04,2026-01-02,0.8131068860482545,0.16920677551154514,0.010971983557612598,0.9823136615597997,0.9932856451174124,2,3,0.8046982361619432,0.025765651623187034
USDPEN,110,5m,131,240,2025-08-05,2026-01-05,0.8085264685947537,0.17352399536462512,0.011161179830091078,0.9820504639593789,0.99321164378947,2,3,0.8061770917020293,0.013356181334794137
USDPEN,110,5m,132,241,2025-08-06,2026-01-06,0.8051695607717118,0.17698385001374223,0.01114575170124389,0.9821534107854539,0.9932991624866978,2,3,0.8129049055592245,0.015881263858450588
USDPEN,110,5m,133,242,2025-08-07,2026-01-07,0.7978466626719753,0.18452994836133862,0.011003339024387621,0.982376611033314,0.9933799500577016,2,3,0.8193773661860435,0.012966572440934269
USDPEN,110,5m,134,243,2025-08-08,2026-01-08,0.7900913041623512,0.19241036321562902,0.010951059819273917,0.9825016673779802,0.9934527271972541,2,3,0.8241040498304953,0.013432404369513283
USDPEN,110,5m,135,244,2025-08-11,2026-01-09,0.7893611281443844,0.19245943322916761,0.01153272019263924,0.981820561373552,0.9933532815661913,2,3,0.8049980470919958,0.03804312583415813
USDPEN,110,5m,136,245,2025-08-12,2026-01-12,0.7893399479666127,0.19119205253365104,0.012683202655196815,0.9805320005002637,0.9932152031554605,2,3,0.7722925692089925,0.05398348401438101
USDPEN,110,5m,137,246,2025-08-13,2026-01-13,0.7982061818326688,0.18183798932703252,0.013204077010894797,0.9800441711597013,0.9932482481705961,2,3,0.7365620973647115,0.0694526280700609
USDPEN,110,5m,138,247,2025-08-14,2026-01-14,0.80506890127492,0.17477858813289526,0.013514438017963867,0.9798474894078153,0.9933619274257791,2,3,0.7197068234431839,0.03237707464018473
USDPEN,110,5m,139,248,2025-08-15,2026-01-15,0.8250071410136979,0.15633757693739192,0.01259482701906642,0.9813447179510898,0.9939395449701562,2,3,0.7092040310693429,0.029487522763650596
USDPEN,110,5m,140,249,2025-08-18,2026-01-16,0.8380420267644951,0.14428495885470383,0.012003234439415247,0.982326985619199,0.9943302200586142,2,3,0.7029681803060153,0.02621994199195537
USDPEN,110,5m,141,250,2025-08-19,2026-01-19,0.8437019383860049,0.1389899047208684,0.011763405540259744,0.9826918431068733,0.9944552486471331,2,3,0.6940583044457208,0.033695013702855894
USDPEN,110,5m,142,251,2025-08-20,2026-01-20,0.8520401530312137,0.1312394977779604,0.011412215448999268,0.9832796508091741,0.9946918662581734,2,3,0.6863294042057029,0.02678095855899265
USDPEN,110,5m,143,252,2025-08-21,2026-01-21,0.852304317797528,0.13115021437670688,0.01129583759179898,0.983454532174235,0.9947503697660339,2,3,0.6816715746180004,0.010558734175554533
USDPEN,110,5m,144,253,2025-08-22,2026-01-22,0.8428693451750324,0.14089462173598624,0.011011615773953718,0.9837639669110186,0.9947755826849723,2,3,0.6815834004147655,0.012635318700744486
USDPEN,110,5m,145,254,2025-08-25,2026-01-23,0.8365902350851493,0.14759781351594334,0.010703952514297241,0.9841880486010927,0.9948920011153899,2,3,0.6815475865246583,0.00889343578807699
USDPEN,110,5m,146,255,2025-08-26,2026-01-26,0.8294194371483281,0.15497719181807706,0.01053694005447674,0.9843966289664052,0.9949335690208819,2,3,0.6807634530376299,0.007256352513643667
USDPEN,110,5m,147,256,2025-08-27,2026-01-27,0.823332156593114,0.1611194842567418,0.010460804083641716,0.9844516408498558,0.9949124449334975,2,3,0.6810034056293816,0.022895028516871595
USDPEN,110,5m,148,257,2025-08-28,2026-01-28,0.8191996017350336,0.16536898112906465,0.010275941760561694,0.9845685828640982,0.9948445246246599,2,3,0.6823824082102823,0.022670372859706172
USDPEN,110,5m,149,258,2025-08-29,2026-01-29,0.8177703863099308,0.1670124411146108,0.010091833727047816,0.9847828274245416,0.9948746611515894,2,3,0.6787108630197861,0.02900692993440805
USDPEN,110,5m,150,259,2025-09-01,2026-01-30,0.8087621012066958,0.1762602224298752,0.009904766269211914,0.9850223236365709,0.9949270899057828,2,3,0.6910634754938474,0.021362787286459965
USDPEN,110,5m,151,260,2025-09-02,2026-02-02,0.8094374427109202,0.17566985218073342,0.009846591816659572,0.9851072948916536,0.9949538867083132,2,3,0.7074241376734366,0.027424551177245772
USDPEN,110,5m,152,261,2025-09-03,2026-02-03,0.8110501474447346,0.17412680346320494,0.009857729477818428,0.9851769509079396,0.9950346803857579,2,3,0.7211696179986775,0.023430887184748887
USDPEN,110,5m,153,262,2025-09-04,2026-02-04,0.8111941568311604,0.1741342006925142,0.009796388224646886,0.9853283575236745,0.9951247457483214,2,3,0.736310576442853,0.025018023938322392
USDPEN,110,5m,154,263,2025-09-05,2026-02-05,0.8128858890868813,0.17268055945729044,0.009655354511876277,0.9855664485441717,0.995221803056048,2,3,0.7485216244296526,0.02009067451043275
USDPEN,110,5m,155,264,2025-09-08,2026-02-06,0.8179419529929935,0.1678643727653246,0.00948548623687913,0.9858063257583182,0.9952918119951973,2,3,0.7667823352988848,0.029698669741116884
USDPEN,110,5m,156,265,2025-09-09,2026-02-09,0.8169008599545288,0.16849425297215923,0.009856630361026231,0.985395112926688,0.9952517432877143,2,3,0.7662980509552878,0.025582829054723918
USDPEN,110,5m,157,266,2025-09-10,2026-02-10,0.8169879382326203,0.16819477887331608,0.010035704914835299,0.9851827171059364,0.9952184220207717,2,3,0.7797032045932304,0.03006059446730957
USDPEN,110,5m,158,267,2025-09-11,2026-02-11,0.8160443243045524,0.1689056502269777,0.01024933359995453,0.9849499745315301,0.9951993081314846,2,3,0.7950189377832788,0.030527698507674582
USDPEN,110,5m,159,268,2025-09-12,2026-02-12,0.816476055421432,0.16825906282936662,0.010438959577324956,0.9847351182507986,0.9951740778281236,2,3,0.8012524796675202,0.024084766840638688
USDPEN,110,5m,160,269,2025-09-15,2026-02-13,0.8156830614933784,0.16863509951980307,0.010831220591088068,0.9843181610131815,0.9951493816042696,2,3,0.8087123218341764,0.0197186675302667
USDPEN,110,5m,161,270,2025-09-16,2026-02-16,0.8146576966489304,0.16929355619375766,0.01119335326680054,0.983951252842688,0.9951446061094885,2,3,0.8128154038209349,0.02113883934547535
USDPEN,110,5m,162,271,2025-09-17,2026-02-17,0.8138653606493781,0.16991336351642974,0.011373737616389242,0.9837787241658078,0.9951524617821971,2,3,0.8165064581393594,0.017115917870877906
USDPEN,110,5m,163,272,2025-09-18,2026-02-18,0.812305189027952,0.17143102351279982,0.011376071670789183,0.9837362125407518,0.995112284211541,2,3,0.8225352617695096,0.01617879635660445
USDPEN,110,5m,164,273,2025-09-19,2026-02-19,0.8116329195217558,0.17203511202506844,0.011392659707506636,0.9836680315468243,0.9950606912543309,2,3,0.827757744822732,0.014550746174082915
USDPEN,110,5m,165,274,2025-09-22,2026-02-20,0.811343285870635,0.17220250633219603,0.011432169399248479,0.983545792202831,0.9949779616020795,2,3,0.8369478340548028,0.018947330717345688
USDPEN,110,5m,166,275,2025-09-23,2026-02-23,0.8095318864190524,0.17410368652110053,0.01132637637792516,0.9836355729401529,0.994961949318078,2,3,0.8371111992934591,0.008709759594802314
USDPEN,110,5m,167,276,2025-09-24,2026-02-24,0.8085999399770503,0.17516022728709163,0.011175301476850544,0.9837601672641418,0.9949354687409924,2,3,0.8358799001239975,0.011954886493303259
USDPEN,110,5m,168,277,2025-09-25,2026-02-25,0.8098833677734851,0.17408544530133044,0.010948165074991354,0.9839688130748155,0.9949169781498068,2,3,0.8346604373627301,0.011655378964960996
USDPEN,110,5m,169,278,2025-09-26,2026-02-26,0.8154618911690057,0.16907846369361543,0.010496331875532144,0.9845403548626211,0.9950366867381533,2,3,0.8303765990970631,0.01597131556551349
USDPEN,110,5m,170,279,2025-09-29,2026-02-27,0.8143925821251085,0.17048902387941994,0.010227341898517438,0.9848816060045285,0.9951089479030459,2,3,0.8320016708343351,0.01128123872576335
USDPEN,110,5m,171,280,2025-09-30,2026-03-02,0.8209091614410009,0.1644745188022558,0.009829462670192067,0.9853836802432567,0.9952131429134488,2,3,0.8271706613532795,0.016074895773244516
USDPEN,110,5m,172,281,2025-10-01,2026-03-03,0.8259836525477613,0.15989201933040625,0.009455926837261425,0.9858756718781676,0.995331598715429,2,3,0.8237555031145781,0.02285223936222746
USDPEN,110,5m,173,282,2025-10-02,2026-03-04,0.8326186780359701,0.15381326738058268,0.009035826347181199,0.9864319454165528,0.995467771763734,2,3,0.8210379081310872,0.02252631322537827
USDPEN,110,5m,174,283,2025-10-03,2026-03-05,0.8394964436518993,0.1474557318754602,0.008727738377504058,0.9869521755273596,0.9956799139048637,2,3,0.8112072844122095,0.03515808718115989
USDPEN,110,5m,175,284,2025-10-06,2026-03-06,0.8443681199123647,0.14306947480773793,0.008453783552191278,0.9874375947201026,0.9958913782722939,2,3,0.8080873232496039,0.019020699771247068
USDPEN,110,5m,176,285,2025-10-07,2026-03-09,0.8379853855831091,0.14968318061180524,0.008273447599598293,0.9876685661949143,0.9959420137945125,2,3,0.8107566354408161,0.01566292580425377
USDPEN,110,5m,177,286,2025-10-08,2026-03-10,0.8375844618782338,0.15032194215024963,0.00808253005100448,0.9879064040284834,0.9959889340794879,2,3,0.8122369376545142,0.01741994560969952
USDPEN,110,5m,178,287,2025-10-09,2026-03-11,0.8358010383169141,0.15221478845074282,0.007986824133091786,0.9880158267676569,0.9960026509007487,2,3,0.8140126488211642,0.011422942624665365
USDPEN,110,5m,179,288,2025-10-10,2026-03-12,0.8341582017172849,0.15393849179369415,0.007923796931685654,0.9880966935109791,0.9960204904426647,2,3,0.816938716354997,0.008137128258764214
USDPEN,110,5m,180,289,2025-10-13,2026-03-13,0.8308282473488661,0.1573418111931749,0.007869446356144156,0.988170058542041,0.9960395048981852,2,3,0.8195890062692336,0.011474921368276512
USDPEN,110,5m,181,290,2025-10-14,2026-03-16,0.8273599912083581,0.16073936736000694,0.007950999149264067,0.9880993585683651,0.9960503577176292,2,3,0.814710248098576,0.011409078241159701
USDPEN,110,5m,182,291,2025-10-15,2026-03-17,0.8239124564051261,0.16411175114161436,0.008028960044002088,0.9880242075467405,0.9960531675907426,2,3,0.8126482867371483,0.011166100207665626
USDPEN,110,5m,183,292,2025-10-16,2026-03-18,0.822399435078778,0.16569406995605465,0.008009852108846676,0.9880935050348326,0.9961033571436793,2,3,0.8109247145815656,0.010120486339935992
USDPEN,110,5m,184,293,2025-10-17,2026-03-19,0.8189569744816716,0.16960618761930965,0.00770113582986034,0.9885631621009813,0.9962642979308416,2,3,0.8020416665853731,0.018908783230677996
USDPEN,110,5m,185,294,2025-10-20,2026-03-20,0.8193544154238398,0.1696079978968166,0.007444887334697653,0.9889624133206564,0.996407300655354,2,3,0.7956877302240132,0.015954533728704996
USDPEN,110,5m,186,295,2025-10-21,2026-03-23,0.8210886565615227,0.16819325265536023,0.007276917929023036,0.989281909216883,0.996558827145906,2,3,0.7886512461582137,0.013076994502384386
USDPEN,110,5m,187,296,2025-10-22,2026-03-24,0.8238995504870879,0.16568278782293291,0.007100694563485987,0.9895823383100207,0.9966830328735067,2,3,0.7828623650351247,0.014739150979821756
USDPEN,110,5m,188,297,2025-10-23,2026-03-25,0.8254665301626516,0.16428214793419119,0.007015540288381579,0.9897486780968427,0.9967642183852243,2,3,0.7798760697207513,0.01040372002761863
USDPEN,110,5m,189,298,2025-10-24,2026-03-26,0.8273488413194325,0.16259574097152746,0.006899290864086493,0.98994458229096,0.9968438731550465,2,3,0.7773589030354479,0.009451657442820859
USDPEN,110,5m,190,299,2025-10-27,2026-03-27,0.8379543408524219,0.1526577279887318,0.006460867309854698,0.9906120688411537,0.9970729361510084,2,2,0.7688945240151105,0.018961603300668105
USDPEN,132,6m,1,132,2025-02-04,2025-08-06,0.9122052815168301,0.08220930139436539,0.003371008803283632,0.9944145829111954,0.9977855917144791,2,2,0.801410167827124,NA
USDPEN,132,6m,2,133,2025-02-05,2025-08-07,0.9127371160417698,0.08175015541633046,0.003350265512796529,0.9944872714581002,0.9978375369708967,2,2,0.8014804789907711,0.024045437333765154
USDPEN,132,6m,3,134,2025-02-06,2025-08-08,0.9135820366175171,0.08093547028878757,0.0032890616830477935,0.9945175069063047,0.9978065685893525,2,2,0.8055850625582385,0.019242479870714868
USDPEN,132,6m,4,135,2025-02-07,2025-08-11,0.9144559567060452,0.0800439832366784,0.0032796867242875505,0.9944999399427236,0.9977796266670111,2,2,0.8156384942558613,0.0213447432618419
USDPEN,132,6m,5,136,2025-02-10,2025-08-12,0.9149964511780019,0.07948834627739314,0.0032656971514341167,0.994484797455395,0.9977504946068291,2,2,0.8276135185737468,0.025508146887695694
USDPEN,132,6m,6,137,2025-02-11,2025-08-13,0.916247599742366,0.07819477962019263,0.0032764182904943275,0.9944423793625586,0.9977187976530529,2,2,0.843581011332885,0.030822312064167596
USDPEN,132,6m,7,138,2025-02-12,2025-08-14,0.9170136226564461,0.07735924210675933,0.0033097070387862223,0.9943728647632055,0.9976825718019917,2,2,0.8592137174365194,0.03498848967179746
USDPEN,132,6m,8,139,2025-02-13,2025-08-15,0.9177780809333825,0.07654872292474764,0.0033294690805652934,0.9943268038581302,0.9976562729386955,2,2,0.8736867689755412,0.029569339407443426
USDPEN,132,6m,9,140,2025-02-14,2025-08-18,0.9172306506253892,0.07688957810093966,0.003490623951080108,0.9941202287263289,0.997610852677409,2,2,0.8886915552107485,0.05143758014272966
USDPEN,132,6m,10,141,2025-02-17,2025-08-19,0.9171837844664084,0.07662326874497406,0.003789349416144867,0.9938070532113824,0.9975964026275272,2,2,0.9215402697511822,0.05014749391696071
USDPEN,132,6m,11,142,2025-02-18,2025-08-20,0.9145855943822745,0.07864392791174844,0.004264494402906097,0.993229522294023,0.997494016696929,2,2,0.9580790247037846,0.06420752752958984
USDPEN,132,6m,12,143,2025-02-19,2025-08-21,0.914559981676037,0.07795999760729007,0.004825172392102536,0.9925199792833271,0.9973451516754297,2,2,0.9829725684428632,0.04895378618235337
USDPEN,132,6m,13,144,2025-02-20,2025-08-22,0.9150050907363916,0.07717407254165229,0.005145860508690864,0.9921791632780439,0.9973250237867347,2,2,1.0113003939159249,0.04776708928441889
USDPEN,132,6m,14,145,2025-02-21,2025-08-25,0.9157194324378414,0.07615341459614913,0.005444061931859295,0.9918728470339905,0.9973169089658498,2,2,1.0245392635549826,0.02656964700186583
USDPEN,132,6m,15,146,2025-02-24,2025-08-26,0.9185852722578316,0.07340127427826511,0.005347233673517582,0.9919865465360967,0.9973337802096143,2,2,1.0338825613828837,0.016932763564598868
USDPEN,132,6m,16,147,2025-02-25,2025-08-27,0.9207780232442174,0.07127753059124457,0.005294186562474799,0.992055553835462,0.9973497403979368,2,2,1.0488358101503348,0.027112602692873824
USDPEN,132,6m,17,148,2025-02-26,2025-08-28,0.9229122620894844,0.06918742667475455,0.005263558467630052,0.9920996887642389,0.997363247231869,2,2,1.0641920339165392,0.027672010575519875
USDPEN,132,6m,18,149,2025-02-27,2025-08-29,0.9248455596257693,0.06744028101884252,0.005099905142179208,0.9922858406446118,0.997385745786791,2,2,1.0868115148974429,0.046367756876705954
USDPEN,132,6m,19,150,2025-02-28,2025-09-01,0.927370640854943,0.06509657590240679,0.004941546032105222,0.9924672167573498,0.997408762789455,2,2,1.1050551635107277,0.037058107010462464
USDPEN,132,6m,20,151,2025-03-03,2025-09-02,0.9293992397375413,0.06323413039663131,0.004799815492278907,0.9926333701341726,0.9974331856264516,2,2,1.122462821685675,0.03584548634984186
USDPEN,132,6m,21,152,2025-03-04,2025-09-03,0.9314575230016056,0.06135190064539359,0.004647303765298127,0.9928094236469991,0.9974567274122972,2,2,1.1401440621018877,0.041696261025216654
USDPEN,132,6m,22,153,2025-03-05,2025-09-04,0.9331499886542701,0.05980634053548315,0.004523069498919319,0.9929563291897533,0.9974793986886726,2,2,1.1569642793110635,0.04217122628300495
USDPEN,132,6m,23,154,2025-03-06,2025-09-05,0.9340113032302205,0.05910514807312046,0.0044106305418806545,0.993116451303341,0.9975270818452217,2,2,1.1734351461471249,0.04574756176940641
USDPEN,132,6m,24,155,2025-03-07,2025-09-08,0.9353209543507129,0.057702600025830886,0.004532303412851831,0.9930235543765438,0.9975558577893956,2,2,1.1752164002775218,0.02919260260683333
USDPEN,132,6m,25,156,2025-03-10,2025-09-09,0.936059725164397,0.05679903749521564,0.004722892204862683,0.9928587626596126,0.9975816548644753,2,2,1.173437253938748,0.023533159586250435
USDPEN,132,6m,26,157,2025-03-11,2025-09-10,0.9356644053942759,0.05699312659028255,0.004937748928829393,0.9926575319845584,0.9975952809133878,2,2,1.169954392587995,0.01573868781296289
USDPEN,132,6m,27,158,2025-03-12,2025-09-11,0.9359036386348456,0.05648015238368881,0.0052214051990652245,0.9923837910185345,0.9976051962175997,2,2,1.1687434324388544,0.021065502494893425
USDPEN,132,6m,28,159,2025-03-13,2025-09-12,0.9360847380463209,0.05615782507809441,0.005393108732656674,0.9922425631244153,0.9976356718570719,2,2,1.1717958176021972,0.017827394390792974
USDPEN,132,6m,29,160,2025-03-14,2025-09-15,0.936916856896019,0.055097112023990376,0.005648411753481953,0.9920139689200094,0.9976623806734913,2,2,1.170755290937563,0.019886301221031147
USDPEN,132,6m,30,161,2025-03-17,2025-09-16,0.9374679764849957,0.054351283600240066,0.005866780734925938,0.9918192600852358,0.9976860408201618,2,2,1.1672502122333932,0.023472598067798087
USDPEN,132,6m,31,162,2025-03-18,2025-09-17,0.9377398781341292,0.0539234690546269,0.006032844493766344,0.991663347188756,0.9976961916825224,2,2,1.1622054019370411,0.020202675582822825
USDPEN,132,6m,32,163,2025-03-19,2025-09-18,0.937778639892839,0.05370172545043803,0.0062161689400124145,0.9914803653432771,0.9976965342832895,2,2,1.1569632195715556,0.020870025353932696
USDPEN,132,6m,33,164,2025-03-20,2025-09-19,0.9376869382227888,0.05364226679252254,0.006371375992645232,0.9913292050153113,0.9977005810079566,2,2,1.1531832890053446,0.01226126545844512
USDPEN,132,6m,34,165,2025-03-21,2025-09-22,0.9357373766200442,0.05519363477236008,0.006704621308895534,0.9909310113924042,0.9976356327012997,2,2,1.147582423572975,0.016302640293121732
USDPEN,132,6m,35,166,2025-03-24,2025-09-23,0.9341735260957186,0.05630257275631571,0.007096677379085021,0.9904760988520342,0.9975727762311193,2,2,1.1405546604615608,0.01851171904783312
USDPEN,132,6m,36,167,2025-03-25,2025-09-24,0.9317898883800588,0.058120064368761444,0.007583171644385661,0.9899099527488203,0.997493124393206,2,3,1.1328051798993828,0.016489257717009095
USDPEN,132,6m,37,168,2025-03-26,2025-09-25,0.9315590495858678,0.058207917863768735,0.007740837505749062,0.9897669674496365,0.9975078049553856,2,3,1.1276618036805062,0.014772999103245584
USDPEN,132,6m,38,169,2025-03-27,2025-09-26,0.9320669429214975,0.057513171156246844,0.007949434184724335,0.9895801140777444,0.9975295482624688,2,3,1.123828620695432,0.012460697011631893
USDPEN,132,6m,39,170,2025-03-28,2025-09-29,0.9335548402994414,0.055785688602137715,0.008179319433703447,0.9893405289015791,0.9975198483352825,2,3,1.118896551761254,0.01208272714538785
USDPEN,132,6m,40,171,2025-03-31,2025-09-30,0.9349942970921449,0.05403097828812968,0.008480356757120295,0.9890252753802745,0.9975056321373948,2,3,1.1135124473077946,0.013332762316417458
USDPEN,132,6m,41,172,2025-04-01,2025-10-01,0.9369002757233665,0.05182039684170153,0.008741920285540362,0.9887206725650681,0.9974625928506085,2,3,1.106800135959539,0.01821856479096658
USDPEN,132,6m,42,173,2025-04-02,2025-10-02,0.9397279050001508,0.04862224271550306,0.009077840553490271,0.9883501477156539,0.9974279882691441,2,3,1.099753272354082,0.018666061870319994
USDPEN,132,6m,43,174,2025-04-03,2025-10-03,0.9433913644178786,0.044566020585865083,0.009426960765582805,0.9879573850037437,0.9973843457693266,2,3,1.0896859944413442,0.019467089985660234
USDPEN,132,6m,44,175,2025-04-04,2025-10-06,0.9429479321432331,0.04467503707874102,0.009703698461356266,0.9876229692219741,0.9973266676833303,2,3,1.078703106394554,0.024254789215875695
USDPEN,132,6m,45,176,2025-04-07,2025-10-07,0.9414866739490347,0.04578617835844035,0.01002307668089567,0.9872728523074751,0.9972959289883707,2,3,1.0695934508238876,0.022827201399771783
USDPEN,132,6m,46,177,2025-04-08,2025-10-08,0.9420305837562833,0.045149147369636745,0.010108803319981013,0.9871797311259201,0.997288534445901,2,3,1.0630379771257472,0.014677105643100484
USDPEN,132,6m,47,178,2025-04-09,2025-10-09,0.9433264586727995,0.04363503045995462,0.010298908293194308,0.9869614891327542,0.9972603974259485,2,3,1.0573734752897115,0.013207279891176708
USDPEN,132,6m,48,179,2025-04-10,2025-10-10,0.9436920896733572,0.04312343078773798,0.010387480723957582,0.9868155204610951,0.9972030011850527,2,3,1.0541878917161729,0.01701062375351939
USDPEN,132,6m,49,180,2025-04-11,2025-10-13,0.9423161925099368,0.04438777117633323,0.010516026110053818,0.98670396368627,0.9972199897963239,2,3,1.0539242314132107,0.017712170072986182
USDPEN,132,6m,50,181,2025-04-14,2025-10-14,0.9467844755334915,0.03974655592779069,0.010676568743489965,0.9865310314612822,0.9972076002047722,2,3,1.0537650343423428,0.025416897159983166
USDPEN,132,6m,51,182,2025-04-15,2025-10-15,0.9460113689037254,0.0401696400393471,0.010996191636680067,0.9861810089430725,0.9971772005797526,2,3,1.048795892460357,0.015620918314209172
USDPEN,132,6m,52,183,2025-04-16,2025-10-16,0.9449072832406282,0.04092861929397796,0.01131077033671537,0.9858359025346062,0.9971466728713215,2,3,1.0443627683874728,0.011858751261901262
USDPEN,132,6m,53,184,2025-04-17,2025-10-17,0.9438263695061773,0.04150486155685493,0.011750628781840838,0.9853312310630322,0.9970818598448731,2,3,1.0404569841438158,0.012540068329507924
USDPEN,132,6m,54,185,2025-04-18,2025-10-20,0.9413888989300521,0.043508700896652756,0.012131339756358207,0.9848975998267048,0.9970289395830629,2,3,1.0368300394661942,0.012414953484882205
USDPEN,132,6m,55,186,2025-04-21,2025-10-21,0.9434274286644141,0.04106044444676805,0.012519850654057422,0.9844878731111821,0.9970077237652396,2,3,1.0335024490729166,0.013261949553786428
USDPEN,132,6m,56,187,2025-04-22,2025-10-22,0.9419927648048024,0.041989411234704246,0.012964867713197643,0.9839821760395067,0.9969470437527043,2,3,1.0290814443841987,0.009598465523076983
USDPEN,132,6m,57,188,2025-04-23,2025-10-23,0.9400990089527472,0.04337332796087067,0.013415743636545933,0.9834723369136179,0.9968880805501639,2,3,1.0241920605295316,0.011015823608110344
USDPEN,132,6m,58,189,2025-04-24,2025-10-24,0.9399619385585001,0.043246304975265736,0.0136730193921929,0.9832082435337658,0.9968812629259587,2,3,1.0211186199572257,0.010624829334346718
USDPEN,132,6m,59,190,2025-04-25,2025-10-27,0.9399240087006349,0.04310021563217885,0.013845667057978355,0.9830242243328137,0.9968698913907921,2,3,1.01640252850496,0.01264700148783293
USDPEN,132,6m,60,191,2025-04-28,2025-10-28,0.9408974482648852,0.042043735043501645,0.013928614395223193,0.9829411833083869,0.9968697977036101,2,3,1.0151874738025477,0.006234674797059893
USDPEN,132,6m,61,192,2025-04-29,2025-10-29,0.9402503322098424,0.04267048001549164,0.013973192489665155,0.9829208122253341,0.9968940047149992,2,3,1.014484565822905,0.008274757075725989
USDPEN,132,6m,62,193,2025-04-30,2025-10-30,0.9389431527167543,0.04405955741745174,0.013751069801952929,0.983002710134206,0.996753779936159,2,3,1.0146098294277257,0.017798922339077882
USDPEN,132,6m,63,194,2025-05-01,2025-10-31,0.9390885271144542,0.04393748431324451,0.013552001525950971,0.9830260114276987,0.9965780129536497,2,3,1.015116904919221,0.010843563474680256
USDPEN,132,6m,64,195,2025-05-02,2025-11-03,0.9385937195558962,0.04446831919802857,0.013369693317080244,0.9830620387539248,0.9964317320710051,2,3,1.0150666101542136,0.015847691569282424
USDPEN,132,6m,65,196,2025-05-05,2025-11-04,0.9392626465572473,0.04376503461855012,0.013211738319410306,0.9830276811757974,0.9962394194952078,2,3,1.0141612680027752,0.00803412731921928
USDPEN,132,6m,66,197,2025-05-06,2025-11-05,0.9377515176378088,0.04493072408720765,0.013375620477593388,0.9826822417250165,0.99605786220261,2,3,1.0121588347116854,0.014500539117875728
USDPEN,132,6m,67,198,2025-05-07,2025-11-06,0.9373809052941098,0.04514641151947944,0.013349128023762601,0.9825273168135892,0.9958764448373518,2,3,1.0094464325061387,0.010924131637903014
USDPEN,132,6m,68,199,2025-05-08,2025-11-07,0.9366543660879061,0.045533738995390455,0.013554131423636187,0.9821881050832966,0.9957422365069327,2,3,1.0073398544019285,0.01634011289364464
USDPEN,132,6m,69,200,2025-05-09,2025-11-10,0.9347906668615751,0.046952450865734206,0.013787688765423337,0.9817431177273093,0.9955308064927326,2,3,1.0054446004672277,0.016613897083443546
USDPEN,132,6m,70,201,2025-05-12,2025-11-11,0.9355709795740521,0.046097411036147305,0.013755466487039469,0.9816683906101994,0.9954238570972389,2,3,1.0043304939184914,0.00746629755425508
USDPEN,132,6m,71,202,2025-05-13,2025-11-12,0.9352053875589393,0.046245526542426425,0.013846285389692615,0.9814509141013658,0.9952971994910583,2,3,1.0026392921742437,0.008130776741521288
USDPEN,132,6m,72,203,2025-05-14,2025-11-13,0.9346954501555113,0.04658663344200771,0.013904356146895941,0.981282083597519,0.9951864397444149,2,3,1.0015044745769162,0.006390589122438586
USDPEN,132,6m,73,204,2025-05-15,2025-11-14,0.9351314419118335,0.04613141826648302,0.013780165839429953,0.9812628601783165,0.9950430260177465,2,3,1.001315898050353,0.007737439413094179
USDPEN,132,6m,74,205,2025-05-16,2025-11-17,0.9343460728817162,0.04663932829601417,0.01392484164959499,0.9809854011777304,0.9949102428273253,2,3,1.0022993959875544,0.007601879404740529
USDPEN,132,6m,75,206,2025-05-19,2025-11-18,0.9327098941317465,0.0480598068752944,0.013939110862186254,0.980769701007041,0.9947088118692272,2,3,1.0067802702784054,0.00970867752551837
USDPEN,132,6m,76,207,2025-05-20,2025-11-19,0.9303288071870873,0.050200314966394884,0.013967873724448937,0.9805291221534822,0.9944969958779312,2,3,1.012422212344184,0.014813885072421575
USDPEN,132,6m,77,208,2025-05-21,2025-11-20,0.9277856160717931,0.05264574392538716,0.013891498563178645,0.9804313599971802,0.9943228585603588,2,3,1.0192274815343891,0.017614227160375064
USDPEN,132,6m,78,209,2025-05-22,2025-11-21,0.9276646357997589,0.05299376031904048,0.01355260061148472,0.9806583961187993,0.994210996730284,2,3,1.0279525409700163,0.020210334930513257
USDPEN,132,6m,79,210,2025-05-23,2025-11-24,0.9270439196980114,0.053810195519678576,0.01322738670769764,0.98085411521769,0.9940815019253876,2,3,1.0359438842508724,0.022571410595658467
USDPEN,132,6m,80,211,2025-05-26,2025-11-25,0.9272704396965558,0.053883770910415046,0.012883373198380484,0.9811542106069708,0.9940375838053513,2,3,1.040375824090649,0.011144920805683016
USDPEN,132,6m,81,212,2025-05-27,2025-11-26,0.925771358254947,0.0553578475432515,0.012670199610396077,0.9811292057981985,0.9937994054085946,2,3,1.0298006726804216,0.0260120673435596
USDPEN,132,6m,82,213,2025-05-28,2025-11-27,0.9181880000409862,0.06291312831408953,0.012393520640486003,0.9811011283550758,0.9934946489955618,2,3,1.0126781199592294,0.05139714293146698
USDPEN,132,6m,83,214,2025-05-29,2025-11-28,0.9037748147759024,0.0771538301101452,0.011917653846144668,0.9809286448860476,0.9928462987321922,2,3,0.9640868297531163,0.10647936012330933
USDPEN,132,6m,84,215,2025-05-30,2025-12-01,0.8995115601805639,0.0811286717509508,0.0117476165407828,0.9806402319315147,0.9923878484722976,2,3,0.9036597755029112,0.09257549373699951
USDPEN,132,6m,85,216,2025-06-02,2025-12-02,0.8936645800541116,0.08694923238966334,0.011491097054271593,0.980613812443775,0.9921049094980465,2,3,0.8487739157492761,0.08606405328955602
USDPEN,132,6m,86,217,2025-06-03,2025-12-03,0.8892356529360861,0.09139893099558395,0.01132231047642581,0.98063458393167,0.9919568944080959,2,3,0.7938919387252767,0.08182941763351446
USDPEN,132,6m,87,218,2025-06-04,2025-12-04,0.8911935243855866,0.09016624951460357,0.010675009308606194,0.9813597739001902,0.9920347832087965,2,3,0.7385523782821676,0.09061052794264131
USDPEN,132,6m,88,219,2025-06-05,2025-12-05,0.8856087445043191,0.09562452446155971,0.010441620973928263,0.9812332689658788,0.9916748899398071,2,3,0.6901660872793859,0.0767165257339698
USDPEN,132,6m,89,220,2025-06-06,2025-12-08,0.8722969632646342,0.10940563525427027,0.009942061832924712,0.9817025985189045,0.9916446603518292,2,3,0.654027569351485,0.05207456601154163
USDPEN,132,6m,90,221,2025-06-09,2025-12-09,0.8592533645976912,0.1230786684724623,0.00929492291301426,0.9823320330701535,0.9916269559831677,2,3,0.6220350412486949,0.046665548598431424
USDPEN,132,6m,91,222,2025-06-10,2025-12-10,0.8266523233711688,0.1566840115414179,0.008609033028258025,0.9833363349125867,0.9919453679408446,2,3,0.5725213468123682,0.08245820177783258
USDPEN,132,6m,92,223,2025-06-11,2025-12-11,0.8108727896362644,0.1733430698673977,0.007979344432714395,0.9842158595036621,0.9921952039363765,2,3,0.5288437018273408,0.0625226320518365
USDPEN,132,6m,93,224,2025-06-12,2025-12-12,0.7958221079095716,0.18922581193312085,0.007298216305430375,0.9850479198426925,0.9923461361481228,2,3,0.4994113131466919,0.05531417908083171
USDPEN,132,6m,94,225,2025-06-13,2025-12-15,0.785409752508571,0.2002595731463944,0.0067992626202783716,0.9856693256549655,0.9924685882752439,2,3,0.4483100750208998,0.08556595015085032
USDPEN,132,6m,95,226,2025-06-16,2025-12-16,0.7812268294116559,0.2045914775737839,0.006540985393588324,0.9858183069854398,0.9923592923790281,2,3,0.36933754666946617,0.17926676448426665
USDPEN,132,6m,96,227,2025-06-17,2025-12-17,0.7755640491236776,0.21022930459637773,0.006628498942035498,0.9857933537200554,0.9924218526620909,2,3,0.3510113709793578,0.08409763079233648
USDPEN,132,6m,97,228,2025-06-18,2025-12-18,0.7725730413320712,0.2130523984642306,0.006718824707738362,0.9856254397963018,0.9923442645040401,2,3,0.3436244924070199,0.08255373620904548
USDPEN,132,6m,98,229,2025-06-19,2025-12-19,0.7816908836539216,0.20364936110844006,0.0069485635956141505,0.9853402447623616,0.9922888083579757,2,3,0.40296456988722845,0.2447384202147558
USDPEN,132,6m,99,230,2025-06-20,2025-12-22,0.7922724588526129,0.19234885628779466,0.00789177541455642,0.9846213151404075,0.992513090554964,2,3,0.5494748274192633,0.26620187237940274
USDPEN,132,6m,100,231,2025-06-23,2025-12-23,0.7956717522532919,0.18851760050500424,0.008334199871341524,0.9841893527582961,0.9925235526296377,2,3,0.6266836397582828,0.1099671060531666
USDPEN,132,6m,101,232,2025-06-24,2025-12-24,0.7964520451824164,0.18730297257152884,0.008743095258164468,0.9837550177539452,0.9924981130121098,2,3,0.6700928326563094,0.06418976319592497
USDPEN,132,6m,102,233,2025-06-25,2025-12-25,0.7997809181545941,0.18345224908809263,0.009185792607085715,0.9832331672426867,0.9924189598497725,2,3,0.7157763834325741,0.06401292310879746
USDPEN,132,6m,103,234,2025-06-26,2025-12-26,0.8038673325852643,0.17899117056990502,0.009557160665720462,0.9828585031551693,0.9924156638208897,2,3,0.7403136074280177,0.038341070922813365
USDPEN,132,6m,104,235,2025-06-27,2025-12-29,0.8108007240145073,0.17180860109970247,0.009869544621353084,0.9826093251142098,0.9924788697355629,2,3,0.7782686514001194,0.05464072946643021
USDPEN,132,6m,105,236,2025-06-30,2025-12-30,0.8114231381300735,0.17082104865393621,0.010188746876488415,0.9822441867840097,0.9924329336604981,2,3,0.7914269397674027,0.024226778891791815
USDPEN,132,6m,106,237,2025-07-01,2025-12-31,0.8099469432876718,0.17186878531194683,0.010409947616573871,0.9818157285996186,0.9922256762161925,2,3,0.8081305610861229,0.02579368164373209
USDPEN,132,6m,107,238,2025-07-02,2026-01-01,0.8044625453463268,0.17736606784178388,0.010289037897958517,0.9818286131881107,0.9921176510860692,2,3,0.8086053830524159,0.013990910110389486
USDPEN,132,6m,108,239,2025-07-03,2026-01-02,0.7978809128627994,0.1836061622904054,0.010458016933888285,0.9814870751532048,0.991945092087093,2,3,0.8050495829273473,0.013565626117026941
USDPEN,132,6m,109,240,2025-07-04,2026-01-05,0.7916355283327557,0.189787032412433,0.010493612797983247,0.9814225607451887,0.991916173543172,2,3,0.8048126847586975,0.011112735902548878
USDPEN,132,6m,110,241,2025-07-07,2026-01-06,0.7854840710948778,0.19588141593241645,0.010569614776847543,0.9813654870272943,0.9919351018041419,2,3,0.7992614343477367,0.013908179891855162
USDPEN,132,6m,111,242,2025-07-08,2026-01-07,0.7763923330101365,0.2051581489934628,0.01045870442642889,0.9815504820035994,0.9920091864300283,2,3,0.7909256706157012,0.01364658163410027
USDPEN,132,6m,112,243,2025-07-09,2026-01-08,0.7708021528050264,0.21085466933078142,0.01040328125553145,0.9816568221358078,0.9920601033913393,2,3,0.7800998053660669,0.01779346003026072
USDPEN,132,6m,113,244,2025-07-10,2026-01-09,0.7701498648716656,0.21105173430514884,0.01090978108581951,0.9812015991768144,0.9921113802626339,2,3,0.7506233111011301,0.04453092583599038
USDPEN,132,6m,114,245,2025-07-11,2026-01-12,0.7699189378867605,0.21022129569891038,0.011943664052578821,0.9801402335856708,0.9920838976382497,2,3,0.7053616779607378,0.0634977527028421
USDPEN,132,6m,115,246,2025-07-14,2026-01-13,0.7781496698108503,0.20135583412542263,0.012616991594371072,0.979505503936273,0.992122495530644,2,3,0.6434987904010444,0.09227546773545513
USDPEN,132,6m,116,247,2025-07-15,2026-01-14,0.7847517091848057,0.1944646383742669,0.013060541825853303,0.9792163475590726,0.9922768893849259,2,3,0.6094224218248206,0.04793797291919604
USDPEN,132,6m,117,248,2025-07-16,2026-01-15,0.8050393039250321,0.1752356397686041,0.012544914828119638,0.9802749436936362,0.9928198585217558,2,3,0.5759632089773848,0.048799481418554294
USDPEN,132,6m,118,249,2025-07-17,2026-01-16,0.818963387563688,0.1619339215778346,0.012330728628366993,0.9808973091415226,0.9932280377698897,2,3,0.5511822685357196,0.03886105286877054
USDPEN,132,6m,119,250,2025-07-18,2026-01-19,0.8245707373929704,0.156427728996102,0.01243464992121939,0.9809984663890724,0.9934331163102917,2,3,0.5408923798394125,0.027935930704459315
USDPEN,132,6m,120,251,2025-07-21,2026-01-20,0.8332254482475219,0.14831100344543915,0.012195293755141877,0.981536451692961,0.9937317454481028,2,3,0.5360814805984628,0.0245383269448135
USDPEN,132,6m,121,252,2025-07-22,2026-01-21,0.8329191464670335,0.1488726417902707,0.012085138318401618,0.9817917882573042,0.9938769265757058,2,3,0.5371453055477705,0.005938857207567525
USDPEN,132,6m,122,253,2025-07-23,2026-01-22,0.824278549564455,0.15778894753545822,0.011891950959365608,0.9820674970999133,0.9939594480592788,2,3,0.5385869996147962,0.010979274358431953
USDPEN,132,6m,123,254,2025-07-24,2026-01-23,0.8184344434799464,0.16405288984318636,0.01164867726288404,0.9824873333231328,0.9941360105860167,2,3,0.5386059873915078,0.00824250860615457
USDPEN,132,6m,124,255,2025-07-25,2026-01-26,0.8121486805422687,0.17063673089966966,0.011437608458578679,0.9827854114419384,0.9942230199005171,2,3,0.5419798751629111,0.010045098086059776
USDPEN,132,6m,125,256,2025-07-28,2026-01-27,0.8005696443370732,0.18241282681394452,0.011204341519233276,0.9829824711510178,0.9941868126702511,2,3,0.5360858852302907,0.019858566668963906
USDPEN,132,6m,126,257,2025-07-29,2026-01-28,0.7919980661309567,0.19121262183137658,0.01097778533438275,0.9832106879623332,0.994188473296716,2,3,0.5310617850009623,0.023622545995912868
USDPEN,132,6m,127,258,2025-07-30,2026-01-29,0.7837991111956037,0.1997374707235651,0.010739351664391099,0.9835365819191688,0.9942759335835599,2,3,0.524056025753973,0.030176177741158845
USDPEN,132,6m,128,259,2025-07-31,2026-01-30,0.7711378010403106,0.21268491305981405,0.010501623941311987,0.9838227141001247,0.9943243380414366,2,3,0.5288419817608121,0.01367120833136766
USDPEN,132,6m,129,260,2025-08-01,2026-02-02,0.7681769738351407,0.21575515365398654,0.010412514965115985,0.9839321274891273,0.9943446424542433,2,3,0.5392881155361825,0.014892622740985528
USDPEN,132,6m,130,261,2025-08-04,2026-02-03,0.7642451781044903,0.2198978360551995,0.010248444688412761,0.9841430141596899,0.9943914588481026,2,3,0.5551288795631663,0.019056312954883685
USDPEN,132,6m,131,262,2025-08-05,2026-02-04,0.7617968455557205,0.22239241156689826,0.010236422169173958,0.9841892571226187,0.9944256792917927,2,3,0.5651430971972474,0.013483596968576265
USDPEN,132,6m,132,263,2025-08-06,2026-02-05,0.7589634106510763,0.22548959330294135,0.010041022043603529,0.9844530039540177,0.9944940259976213,2,3,0.577330194459565,0.015005607118208761
USDPEN,132,6m,133,264,2025-08-07,2026-02-06,0.7613663915025238,0.22326505268729377,0.009886248487812287,0.9846314441898176,0.9945176926776299,2,3,0.5917592959265539,0.018927418451985988
USDPEN,132,6m,134,265,2025-08-08,2026-02-09,0.7620538068793865,0.22229451640372333,0.010175242222921503,0.9843483232831098,0.9945235655060314,2,3,0.6081148585098193,0.027709834663180576
USDPEN,132,6m,135,266,2025-08-11,2026-02-10,0.7646784937949274,0.2194516594432067,0.010399105044440722,0.984130153238134,0.9945292582825748,2,3,0.630731891981416,0.032820956679081685
USDPEN,132,6m,136,267,2025-08-12,2026-02-11,0.7670107093109905,0.21686463020533925,0.010684336799909004,0.9838753395163298,0.9945596763162388,2,3,0.6540253454667937,0.034351378112460786
USDPEN,132,6m,137,268,2025-08-13,2026-02-12,0.7694284480119736,0.21420830692409237,0.010917321229247804,0.9836367549360661,0.9945540761653139,2,3,0.6699598579448083,0.026043720848839443
USDPEN,132,6m,138,269,2025-08-14,2026-02-13,0.7711597397330894,0.21213826836819158,0.011244601232105288,0.983298008101281,0.9945426093333862,2,3,0.688336040589611,0.025582162327462958
USDPEN,132,6m,139,270,2025-08-15,2026-02-16,0.7723086348873232,0.21064611346777468,0.011587702125330085,0.9829547483550978,0.9945424504804279,2,3,0.7047681089966841,0.023552519405847804
USDPEN,132,6m,140,271,2025-08-18,2026-02-17,0.7731240808548114,0.20968526650068095,0.011747407628311939,0.9828093473554924,0.9945567549838044,2,3,0.7216290154220684,0.0226529989744801
USDPEN,132,6m,141,272,2025-08-19,2026-02-18,0.7718025974239926,0.21103742484683147,0.011671689173835665,0.982840022270824,0.9945117114446597,2,3,0.7308603873981435,0.014278047477761388
USDPEN,132,6m,142,273,2025-08-20,2026-02-19,0.7705784958523041,0.21208820170724632,0.011775856662589547,0.9826666975595504,0.9944425542221399,2,3,0.7377759472365337,0.014116470114384346
USDPEN,132,6m,143,274,2025-08-21,2026-02-20,0.7703879773167781,0.2120541446432459,0.011906059316394484,0.982442121960024,0.9943481812764184,2,3,0.7461425648454326,0.017489565559384482
USDPEN,132,6m,144,275,2025-08-22,2026-02-23,0.766830678447979,0.21567449538394684,0.011800716228685103,0.9825051738319259,0.994305890060611,2,3,0.7436099403964461,0.007454843172748568
USDPEN,132,6m,145,276,2025-08-25,2026-02-24,0.7649791870584599,0.21755101687537517,0.011728820754804387,0.9825302039338351,0.9942590246886395,2,3,0.7404112549742833,0.007987903909375588
USDPEN,132,6m,146,277,2025-08-26,2026-02-25,0.7654423092619344,0.21711546296688067,0.011654529784543703,0.982557772228815,0.9942123020133588,2,3,0.7373339295060639,0.007226100306776752
USDPEN,132,6m,147,278,2025-08-27,2026-02-26,0.7775804548833535,0.2053795936954837,0.01143260598385346,0.9829600485788372,0.9943926545626907,2,3,0.7394238513931204,0.01396285764232996
USDPEN,132,6m,148,279,2025-08-28,2026-02-27,0.7812915077155911,0.2018602308890509,0.011318045349014344,0.983151738604642,0.9944697839536564,2,3,0.7471962008864328,0.011761532713690103
USDPEN,132,6m,149,280,2025-08-29,2026-03-02,0.7949343880605753,0.1886717245439277,0.011007580894252965,0.9836061126045029,0.9946136934987558,2,3,0.7499568072387692,0.011324109034860114
USDPEN,132,6m,150,281,2025-09-01,2026-03-03,0.805467415136376,0.1785984278863432,0.010714486668507639,0.9840658430227192,0.9947803296912268,2,3,0.758324760271051,0.015063982642367043
USDPEN,132,6m,151,282,2025-09-02,2026-03-04,0.8171964302911197,0.16745446668854358,0.010334723234885455,0.9846508969796632,0.9949856202145487,2,3,0.7681252325273026,0.014828753861342444
USDPEN,132,6m,152,283,2025-09-03,2026-03-05,0.8297784168016825,0.1553652868823663,0.010109786872309715,0.9851437036840488,0.9952534905563585,2,3,0.7703237269779991,0.015217485770316595
USDPEN,132,6m,153,284,2025-09-04,2026-03-06,0.8401446149635144,0.14549071575808611,0.00989488521221577,0.9856353307216006,0.9955302159338164,2,3,0.7784939257650623,0.014787935083706821
USDPEN,132,6m,154,285,2025-09-05,2026-03-09,0.8381840789761895,0.14764208977511628,0.009785468306564531,0.9858261687513058,0.9956116370578704,2,3,0.7899037016119581,0.01626675340527113
USDPEN,132,6m,155,286,2025-09-08,2026-03-10,0.8406747236319841,0.1453266516229927,0.009684360027697176,0.9860013752549768,0.9956857352826739,2,3,0.8013501062861392,0.016245539127047272
USDPEN,132,6m,156,287,2025-09-09,2026-03-11,0.8389113053941443,0.14713316625238057,0.009640480732497332,0.9860444716465249,0.9956849523790222,2,3,0.8014326120478587,0.004132305314415393
USDPEN,132,6m,157,288,2025-09-10,2026-03-12,0.8362784323719552,0.1498462622112173,0.009566083123010714,0.9861246945831725,0.9956907777061832,2,3,0.8017818369017097,0.004977801944645241
USDPEN,132,6m,158,289,2025-09-11,2026-03-13,0.8336908934707922,0.15247221064235605,0.009527117360815946,0.9861631041131482,0.9956902214739641,2,3,0.8016287854527429,0.0040264028579056746
USDPEN,132,6m,159,290,2025-09-12,2026-03-16,0.8317436680013306,0.15441927913257333,0.0095337522999775,0.986162947133904,0.9956966994338815,2,3,0.7964003254239201,0.00962778459376504
USDPEN,132,6m,160,291,2025-09-15,2026-03-17,0.8296734563238582,0.15643151736207886,0.009586794055878218,0.9861049736859371,0.9956917677418153,2,3,0.7933209875963159,0.007197741138452876
USDPEN,132,6m,161,292,2025-09-16,2026-03-18,0.8270215737205996,0.15913165821211725,0.009558367164597474,0.9861532319327169,0.9957115990973143,2,3,0.7875141317329563,0.011247059552951614
USDPEN,132,6m,162,293,2025-09-17,2026-03-19,0.8217510230664924,0.16492624074023463,0.009173409965301457,0.986677263806727,0.9958506737720285,2,3,0.7769127735672399,0.021352249825134312
USDPEN,132,6m,163,294,2025-09-18,2026-03-20,0.8197973870887394,0.16726169592173543,0.008900886021140699,0.9870590830104748,0.9959599690316155,2,3,0.7701240806873395,0.017156765534779423
USDPEN,132,6m,164,295,2025-09-19,2026-03-23,0.8195345238402912,0.1678882835196593,0.008666555085016403,0.9874228073599505,0.9960893624449669,2,3,0.7629567122398636,0.014895062461120134
USDPEN,132,6m,165,296,2025-09-22,2026-03-24,0.8200542974622158,0.16766219757674822,0.008464868928471635,0.9877164950389641,0.9961813639674357,2,3,0.7581581362578891,0.011532913939292372
USDPEN,132,6m,166,297,2025-09-23,2026-03-25,0.8209347501339309,0.16691600004025667,0.00838809719600247,0.9878507501741876,0.99623884737019,2,3,0.7558696321499369,0.007347085867144131
USDPEN,132,6m,167,298,2025-09-24,2026-03-26,0.8209256306617725,0.16714614235885988,0.00823022152358539,0.9880717730206323,0.9963019945442178,2,3,0.7535935657299423,0.009215588009102754
USDPEN,132,6m,168,299,2025-09-25,2026-03-27,0.8279493472391847,0.16082113143208726,0.00774639827406772,0.9887704786712719,0.9965168769453396,2,3,0.7459749553730154,0.016898532718224113
