Par,h,fecha,Modelo,TRAIN_SIZE,K0,RMSE,MAE,WRMSE_short,WRMSE_long
EURUSD,1,2025-07-08,PM,110,8,0.24903805316271832,0.19046153846153838,0.3619297095297382,0.14394879930201865
EURUSD,1,2025-07-08,PA,110,8,0.40573585425184794,0.32539663909697797,0.4684733462158316,0.381947960735667
EURUSD,1,2025-07-08,VAR1,110,8,361.46835952526516,246.797298523233,555.6320140538643,186.83676050863087
EURUSD,1,2025-07-08,ARHinc,110,8,0.37866769764140495,0.3052970984003742,0.4041524495720894,0.373035902510962
EURUSD,1,2025-07-08,KernelARH,110,8,0.37405753543932424,0.3058007782108041,0.3632378185479247,0.385943139544348
EURUSD,5,2025-07-14,PM,110,8,0.2502404612798227,0.19630769230769235,0.3833432466475158,0.15297698826187914
EURUSD,5,2025-07-14,PA,110,8,0.407659980494868,0.3250727906289521,0.48970972489413506,0.3851312021075473
EURUSD,5,2025-07-14,VAR1,110,8,344.67106424113115,232.4894018749715,529.5742286711908,177.602413598878
EURUSD,5,2025-07-14,ARHinc,110,8,0.35123020029877516,0.2854248755159769,0.32724828201333334,0.3670737249136186
EURUSD,5,2025-07-14,KernelARH,110,8,0.5955074063402512,0.48464366450695806,0.7722737425276888,0.49982073105662794
EURUSD,10,2025-07-21,PM,110,6,0.3082100931807093,0.18503846153846149,0.5114361278663252,0.15942090359987363
EURUSD,10,2025-07-21,PA,110,6,0.4258238557688435,0.33301990247227997,0.5335675475273309,0.3903112341263966
EURUSD,10,2025-07-21,VAR1,110,6,101.94555196349239,61.69040446710101,154.5967739307736,54.41689550998998
EURUSD,10,2025-07-21,ARHinc,110,6,0.43394892451943307,0.33540505604376847,0.5141414076908699,0.3938009520707342
EURUSD,10,2025-07-21,KernelARH,110,6,0.4734891713887234,0.3593699476866511,0.6256140505282292,0.41966997265640865
EURUSD,1,2025-07-09,PM,110,8,0.19925811922459538,0.18507692307692297,0.26294166926595874,0.15240877750977233
EURUSD,1,2025-07-09,PA,110,8,0.3808694159185614,0.3042448888621263,0.404402928164781,0.3846024883861328
EURUSD,1,2025-07-09,VAR1,110,8,350.54651191797257,240.15001550433314,538.5755209143233,181.4148453282876
EURUSD,1,2025-07-09,ARHinc,110,8,0.48499646892616816,0.38584783064142036,0.6166832109719877,0.4209847788871893
EURUSD,1,2025-07-09,KernelARH,110,8,0.5143561424746841,0.4188666386117208,0.6189867242764536,0.4623331025432683
EURUSD,5,2025-07-15,PM,110,8,0.10153367194414632,0.07457692307692303,0.15481138410059433,0.06894883735566823
EURUSD,5,2025-07-15,PA,110,8,0.3334563791101537,0.26412737883914383,0.32333230212338404,0.35590469901868
EURUSD,5,2025-07-15,VAR1,110,8,315.8000610041313,213.58950762550373,483.9575316377557,164.07873606289374
EURUSD,5,2025-07-15,ARHinc,110,8,0.3909214210028988,0.3038596530587541,0.4765655695747753,0.3713748137271169
EURUSD,5,2025-07-15,KernelARH,110,8,0.7048167889909969,0.5805900454207474,0.932129438781793,0.568489233988519
EURUSD,10,2025-07-22,PM,110,6,0.38793430996259387,0.26965384615384613,0.5574840594729192,0.24697627549798679
EURUSD,10,2025-07-22,PA,110,6,0.49480775002606425,0.3849059011058413,0.5879992632213651,0.43717619221308324
EURUSD,10,2025-07-22,VAR1,110,6,114.07873970919245,68.30390098476143,173.31709138775054,60.38458538467399
EURUSD,10,2025-07-22,ARHinc,110,6,0.45759380744481143,0.35817287713017143,0.5414659844462619,0.419564824868781
EURUSD,10,2025-07-22,KernelARH,110,6,0.41460535286112943,0.31835505179705803,0.5307107674891927,0.3847277001912941
EURUSD,1,2025-07-10,PM,110,8,0.06627775180718934,0.04146153846153853,0.09153478178484556,0.03776967862659568
EURUSD,1,2025-07-10,PA,110,8,0.31374324118457214,0.24585291168356463,0.2653925566462478,0.35234255395203623
EURUSD,1,2025-07-10,VAR1,110,8,413.2215860029908,283.6726800961718,634.9702583261202,213.9004859846091
EURUSD,1,2025-07-10,ARHinc,110,8,0.3173135957971352,0.25350887080134316,0.267795514288338,0.35361414196111735
EURUSD,1,2025-07-10,KernelARH,110,8,0.3512131771939914,0.2776883671895123,0.31684826151054385,0.380901512286984
EURUSD,5,2025-07-16,PM,110,8,0.5011017189077559,0.37003846153846154,0.7794392153312548,0.272643468629597
EURUSD,5,2025-07-16,PA,110,8,0.591162174439143,0.48177381958398396,0.7981222699051035,0.4517162462471153
EURUSD,5,2025-07-16,VAR1,110,8,364.84247753991133,246.4911706040511,559.7619945066646,188.74268103155586
EURUSD,5,2025-07-16,ARHinc,110,8,0.6161224579275838,0.5047705054664743,0.8392088847339675,0.46233368464020896
EURUSD,5,2025-07-16,KernelARH,110,8,0.4385991526854629,0.36236531205101696,0.38569036994567024,0.4668799336285326
EURUSD,10,2025-07-23,PM,110,6,0.41091929069044497,0.28826923076923056,0.5756137754945654,0.2784929730303475
EURUSD,10,2025-07-23,PA,110,6,0.521470823556811,0.4027930044847127,0.6180792382569705,0.46155753487703205
EURUSD,10,2025-07-23,VAR1,110,6,125.809753418781,75.24108221053291,191.28810072671598,66.44791492466786
EURUSD,10,2025-07-23,ARHinc,110,6,0.5262157416954112,0.41030964147816207,0.6241262075049955,0.46247668668523667
EURUSD,10,2025-07-23,KernelARH,110,6,0.4957658045711768,0.375366168604754,0.666491148527931,0.428144882610432
EURUSD,1,2025-07-11,PM,110,8,0.1941797343462218,0.15284615384615396,0.3046519179982703,0.11339202526751473
EURUSD,1,2025-07-11,PA,110,8,0.3599149895911914,0.29701254535142296,0.37146236212219097,0.3674191771986749
EURUSD,1,2025-07-11,VAR1,110,8,359.12924526891976,246.59092122734606,551.5038606583764,186.09504121281122
EURUSD,1,2025-07-11,ARHinc,110,8,0.31687191298003703,0.24978734771141692,0.2731925361398879,0.3539740432128643
EURUSD,1,2025-07-11,KernelARH,110,8,0.3232226375738874,0.2540128552544294,0.2798132452859092,0.3597984293144062
EURUSD,5,2025-07-17,PM,110,8,0.26781173424627974,0.18776923076923072,0.4098272730209626,0.1434039382133013
EURUSD,5,2025-07-17,PA,110,8,0.4128944454429453,0.33709448540970033,0.45384357759148836,0.392724010577122
EURUSD,5,2025-07-17,VAR1,110,8,340.5811004482158,229.97761553703887,522.598250550253,176.1049554754818
EURUSD,5,2025-07-17,ARHinc,110,8,0.3575585177186939,0.29342049657229075,0.3338558497816618,0.3769377231285007
EURUSD,5,2025-07-17,KernelARH,110,8,0.54003052637518,0.46541454214366934,0.5874743053227379,0.5179690341004509
EURUSD,10,2025-07-24,PM,110,6,0.3142249316847847,0.2287692307692307,0.4333028159351751,0.2321031875229447
EURUSD,10,2025-07-24,PA,110,6,0.46344098726302985,0.3503990390894262,0.5280629890070107,0.43433411037859204
EURUSD,10,2025-07-24,VAR1,110,6,123.48682296373104,73.58844934226529,187.753046646108,65.14588084527276
EURUSD,10,2025-07-24,ARHinc,110,6,0.4056132164608716,0.32502492187158066,0.4199286559534671,0.40944222528700785
EURUSD,10,2025-07-24,KernelARH,110,6,0.5050121457028085,0.41307672639628346,0.6027533085212693,0.4474413434387793
EURUSD,1,2025-07-14,PM,110,8,0.12486973982145132,0.09061538461538464,0.1720335800074005,0.07362574382329631
EURUSD,1,2025-07-14,PA,110,8,0.3426215059180013,0.27551004473924745,0.32530008442610214,0.3616932549862269
EURUSD,1,2025-07-14,VAR1,110,8,233.60768314959,161.64560606955376,359.0445703850566,121.41744698313671
EURUSD,1,2025-07-14,ARHinc,110,8,0.35425548029120735,0.2866771915218578,0.38716066473095073,0.3601393345151841
EURUSD,1,2025-07-14,KernelARH,110,8,0.34879969382901466,0.28528383903828536,0.35481794749852624,0.3638633566539577
EURUSD,5,2025-07-18,PM,110,8,0.2980355554421188,0.17088461538461552,0.45911877259192047,0.15381135380792307
EURUSD,5,2025-07-18,PA,110,8,0.43418585232713236,0.33629002342076825,0.5099686481596746,0.39742316430089414
EURUSD,5,2025-07-18,VAR1,110,8,207.2509909127978,143.17414361645606,318.9369342615943,107.25192074051435
EURUSD,5,2025-07-18,ARHinc,110,8,0.4157968866707528,0.3291261259717003,0.4745498460465757,0.3936509422852974
EURUSD,5,2025-07-18,KernelARH,110,8,0.4413230229094483,0.3583443319929799,0.4322026218775101,0.4569231130128697
EURUSD,10,2025-07-25,PM,110,6,0.2816175803078734,0.219,0.38768702805354005,0.21511556978396473
EURUSD,10,2025-07-25,PA,110,6,0.4341526232748207,0.34752299503492373,0.47694927772528073,0.42898343600577105
EURUSD,10,2025-07-25,VAR1,110,6,53.35894981666613,31.83990514975423,81.12763410852197,28.116440431440797
EURUSD,10,2025-07-25,ARHinc,110,6,0.44265464689637096,0.3534127781363093,0.48938496377027796,0.43439492330004637
EURUSD,10,2025-07-25,KernelARH,110,6,0.49645373239875173,0.4020887698782495,0.5369294804309002,0.4567634024342734
EURUSD,1,2025-07-15,PM,110,8,0.0685621559664603,0.052038461538461436,0.07854967249349461,0.05319904343934228
EURUSD,1,2025-07-15,PA,110,8,0.32774736241671776,0.25975965517430394,0.3034986387486675,0.3539080518802358
EURUSD,1,2025-07-15,VAR1,110,8,478.62665971402873,331.2988560590898,735.6777197104433,249.02723298587156
EURUSD,1,2025-07-15,ARHinc,110,8,0.41961343460863754,0.34101690935540696,0.4755502373025304,0.3822859017089075
EURUSD,1,2025-07-15,KernelARH,110,8,0.37824455011725966,0.30481617077366946,0.3871784819780599,0.3734451502577379
EURUSD,5,2025-07-21,PM,110,8,0.2927459518211863,0.17776923076923073,0.4588754207322657,0.1550468275735188
EURUSD,5,2025-07-21,PA,110,8,0.43947531087824176,0.3339963650983499,0.5340184477547522,0.39369617386147815
EURUSD,5,2025-07-21,VAR1,110,8,439.15897440748444,300.79279131325495,675.9335099038102,227.22319039257525
EURUSD,5,2025-07-21,ARHinc,110,8,0.5384060010936281,0.4070623552116286,0.6813885420618402,0.4339903857846373
EURUSD,5,2025-07-21,KernelARH,110,8,0.42878341715010726,0.3274524293389661,0.5491709908071541,0.39625606253257245
EURUSD,10,2025-07-28,PM,110,6,0.3142992051924653,0.25203846153846154,0.4351811245509132,0.23269806811962898
EURUSD,10,2025-07-28,PA,110,6,0.4266793768074989,0.34282038212426647,0.4459321431347025,0.43311782458338155
EURUSD,10,2025-07-28,VAR1,110,6,167.36970615770974,99.1193860614404,255.33121352739795,87.81662996194724
EURUSD,10,2025-07-28,ARHinc,110,6,0.4829321226218666,0.3739906749354349,0.6247897574173777,0.4354673735581925
EURUSD,10,2025-07-28,KernelARH,110,6,0.5517943397329622,0.4429106555050017,0.5740104391840194,0.5224169506718966
EURUSD,1,2025-07-16,PM,110,8,0.3794570387155432,0.2116538461538463,0.6351639120118215,0.17994548069191335
EURUSD,1,2025-07-16,PA,110,8,0.4875604554127594,0.369943390807307,0.6374835469942178,0.403035608009926
EURUSD,1,2025-07-16,VAR1,110,8,430.1407294544309,298.3444833060559,660.9961846300334,224.00370708880777
EURUSD,1,2025-07-16,ARHinc,110,8,0.434312045180669,0.3286730271390905,0.534329452812526,0.3873837740084904
EURUSD,1,2025-07-16,KernelARH,110,8,0.5087182004232554,0.40009704623268594,0.6735783295568804,0.41002902126977486
EURUSD,5,2025-07-22,PM,110,8,0.42384197436163534,0.3067692307692306,0.5871773778553602,0.29448642365500133
EURUSD,5,2025-07-22,PA,110,8,0.54056990180353,0.411242850208726,0.6497897885641094,0.4685012657696052
EURUSD,5,2025-07-22,VAR1,110,8,399.8829481244093,274.41428705182244,615.3622356326118,207.10628828426965
EURUSD,5,2025-07-22,ARHinc,110,8,0.5034022684637854,0.3891262936057889,0.5983057938585965,0.4523332281891246
EURUSD,5,2025-07-22,KernelARH,110,8,0.39991052330748056,0.3109444561911437,0.4825030048249594,0.3829369183927521
EURUSD,10,2025-07-29,PM,110,6,0.45076270834084,0.407,0.5949548049191261,0.36459028977670416
EURUSD,10,2025-07-29,PA,110,6,0.5145439485191373,0.4219367221826833,0.5546741696136896,0.504380223636709
EURUSD,10,2025-07-29,VAR1,110,6,160.13736771868915,94.27951484419948,244.39285223379727,83.7285312689724
EURUSD,10,2025-07-29,ARHinc,110,6,0.5196062538264113,0.42368286532117666,0.5007547505533365,0.5238460478401269
EURUSD,10,2025-07-29,KernelARH,110,6,0.650798671065908,0.5459553933316535,0.6338359834399401,0.6333127861982524
EURUSD,1,2025-07-17,PM,110,8,0.26995646016462616,0.20196153846153866,0.4105102306978905,0.15979711541918026
EURUSD,1,2025-07-17,PA,110,8,0.4192129372951354,0.34285350943302656,0.4904047609876275,0.3976984208294862
EURUSD,1,2025-07-17,VAR1,110,8,128.61749503514585,89.07286977521989,197.7171493652231,66.95923520242899
EURUSD,1,2025-07-17,ARHinc,110,8,0.7195519968016494,0.5546033954865909,1.0342658696460212,0.5080614160957384
EURUSD,1,2025-07-17,KernelARH,110,8,0.5925944909623281,0.4775563289947994,0.755040276706893,0.49566294670293903
EURUSD,5,2025-07-23,PM,110,8,0.3745127603864888,0.24661538461538454,0.6175643091701153,0.2192491862479167
EURUSD,5,2025-07-23,PA,110,8,0.494659827641418,0.37921828321976464,0.676339432215127,0.42580132734709714
EURUSD,5,2025-07-23,VAR1,110,8,123.21586427996327,85.71373436951667,189.64807387155597,64.47289968982108
EURUSD,5,2025-07-23,ARHinc,110,8,0.7176361881909454,0.5313326752587972,1.109606569197653,0.47621724500165924
EURUSD,5,2025-07-23,KernelARH,110,8,0.571666787573844,0.4423977226160138,0.7777139087291566,0.47160143310216335
EURUSD,10,2025-07-30,PM,110,6,0.5976664557323693,0.568076923076923,0.6163621511129244,0.5455679147506927
EURUSD,10,2025-07-30,PA,110,6,0.684817976469546,0.5829193324696871,0.6875089500987779,0.6526511831840063
EURUSD,10,2025-07-30,VAR1,110,6,49.00027221576893,28.893598763173042,74.67106003964865,25.698007760343796
EURUSD,10,2025-07-30,ARHinc,110,6,0.8021530492732997,0.6914811718352238,0.8664422537757386,0.714759323004769
EURUSD,10,2025-07-30,KernelARH,110,6,0.7660946505098204,0.6640815682923858,0.742142391851387,0.7546316715720336
EURUSD,1,2025-07-18,PM,110,8,0.19179654183936284,0.11811538461538466,0.2907766779682624,0.10424061462667412
EURUSD,1,2025-07-18,PA,110,8,0.38294170399297783,0.3026845988374518,0.40478642358926586,0.3835504627794574
EURUSD,1,2025-07-18,VAR1,110,8,292.22021662593295,203.79756509928364,448.85055290163797,152.69008255306147
EURUSD,1,2025-07-18,ARHinc,110,8,0.5746074838074862,0.4422624289101639,0.7696224976186885,0.4454966833962682
EURUSD,1,2025-07-18,KernelARH,110,8,0.41356289782782024,0.33139261937640807,0.47503678017584766,0.3884301818284195
EURUSD,5,2025-07-24,PM,110,8,0.22512678052087068,0.18673076923076912,0.2634531146150342,0.19015513266329243
EURUSD,5,2025-07-24,PA,110,8,0.3984440631919274,0.3310642565652997,0.3961154755568035,0.4100822691419374
EURUSD,5,2025-07-24,VAR1,110,8,268.9856117404396,188.88539618543575,413.50533370215066,141.58309293483728
EURUSD,5,2025-07-24,ARHinc,110,8,0.4338852303316358,0.3401223342292793,0.4474020080293707,0.4365312310964848
EURUSD,5,2025-07-24,KernelARH,110,8,0.5074819342175391,0.41916431682615035,0.6077818601763301,0.44651544357715195
EURUSD,10,2025-07-31,PM,110,6,0.418451816911963,0.37011538461538446,0.5384960466474363,0.35968351000101517
EURUSD,10,2025-07-31,PA,110,6,0.5166687071004973,0.4276436931612373,0.5580129682662517,0.5105898461275328
EURUSD,10,2025-07-31,VAR1,110,6,87.97187836941379,52.00064800628364,134.07558843120108,46.35494836386584
EURUSD,10,2025-07-31,ARHinc,110,6,0.5356255692637264,0.43369699325625277,0.6497057193620513,0.5045806247676531
EURUSD,10,2025-07-31,KernelARH,110,6,0.6812302118122295,0.5708623346879559,0.6475049325201632,0.6817873433654911
EURUSD,1,2025-07-21,PM,110,8,0.18046827443327285,0.11265384615384622,0.3129735292937232,0.09439650944540891
EURUSD,1,2025-07-21,PA,110,8,0.3948457728432766,0.3032901429073689,0.49896544350606414,0.3734134081281236
EURUSD,1,2025-07-21,VAR1,110,8,180.80606736058888,125.81956572841324,277.88221768120945,94.30298276732313
EURUSD,1,2025-07-21,ARHinc,110,8,0.4043450120687519,0.30596433805324075,0.5253017373145007,0.3750381992182526
EURUSD,1,2025-07-21,KernelARH,110,8,0.4460686121381358,0.33744199804717534,0.5867501860121609,0.3982301724524776
EURUSD,5,2025-07-25,PM,110,8,0.2984585398342623,0.2115384615384613,0.4257902254883666,0.18434943320678693
EURUSD,5,2025-07-25,PA,110,8,0.4053894851100566,0.3268598142391446,0.40545078908172283,0.40725873050478456
EURUSD,5,2025-07-25,VAR1,110,8,152.09351615020967,106.74460285989244,233.8534145991505,80.04739467514095
EURUSD,5,2025-07-25,ARHinc,110,8,0.40937232934210305,0.32935613101717204,0.4196066878667425,0.4041036227035905
EURUSD,5,2025-07-25,KernelARH,110,8,0.5960256528524797,0.4880697677748446,0.6804117430230169,0.5132373853459052
EURUSD,10,2025-08-01,PM,110,6,0.3403431526246142,0.21888461538461523,0.5761286661711702,0.19166043177625236
EURUSD,10,2025-08-01,PA,110,6,0.4616789618531803,0.35994245951569814,0.5833331874982061,0.41756171913780155
EURUSD,10,2025-08-01,VAR1,110,6,39.50608904079588,24.682159005198024,60.01089769411841,21.22343952047714
EURUSD,10,2025-08-01,ARHinc,110,6,0.4611601023313618,0.36058359919119787,0.5898271685993156,0.41257013145680455
EURUSD,10,2025-08-01,KernelARH,110,6,0.4799676929121741,0.37600320508151364,0.5218100702058244,0.4804062724287553
EURUSD,1,2025-07-22,PM,110,8,0.1535690774161958,0.12803846153846155,0.1745150853304302,0.1363367187274052
EURUSD,1,2025-07-22,PA,110,8,0.4065778862260179,0.3358969951677827,0.43950126018708296,0.3975366883143691
EURUSD,1,2025-07-22,VAR1,110,8,380.11705179569293,264.57512515110324,584.5091463780707,198.18297488425745
EURUSD,1,2025-07-22,ARHinc,110,8,0.44422273167708415,0.3653384642817942,0.48874057287837297,0.41889243669379594
EURUSD,1,2025-07-22,KernelARH,110,8,0.37873985157581996,0.3048757804589582,0.4283452045653004,0.3758431397984821
EURUSD,5,2025-07-28,PM,110,8,0.4069380859163108,0.3153076923076923,0.6271479004175554,0.2513494652250179
EURUSD,5,2025-07-28,PA,110,8,0.4352865364532885,0.3466822431979059,0.4658295038808022,0.4281876628082221
EURUSD,5,2025-07-28,VAR1,110,8,305.62455520077845,214.1155224960239,470.3001082882603,160.63925831252865
EURUSD,5,2025-07-28,ARHinc,110,8,0.417073963318441,0.32859012156931977,0.4554215867909735,0.41506264566278184
EURUSD,5,2025-07-28,KernelARH,110,8,0.5931701073837964,0.47855864248912916,0.6287103218280063,0.549164532023809
EURUSD,10,2025-08-04,PM,110,6,0.28825611275125024,0.1855,0.4769555849776755,0.18480584671414846
EURUSD,10,2025-08-04,PA,110,6,0.4032554632469098,0.324376891507265,0.4113637670353825,0.4173629742507222
EURUSD,10,2025-08-04,VAR1,110,6,89.89609987629241,55.52807926425594,136.6833451238101,48.293690313884504
EURUSD,10,2025-08-04,ARHinc,110,6,0.42428595713844097,0.34021536331190394,0.4532508325251845,0.4268168479777708
EURUSD,10,2025-08-04,KernelARH,110,6,0.3949605413347712,0.30494130917493406,0.33519752838760203,0.4370360277023341
EURUSD,1,2025-07-23,PM,110,8,0.15820917871845872,0.13873076923076927,0.21369438132705662,0.10904795493170938
EURUSD,1,2025-07-23,PA,110,8,0.4024182665637976,0.3188932529940787,0.4835622241756527,0.3869004068464253
EURUSD,1,2025-07-23,VAR1,110,8,349.8842747744003,243.35931196081017,538.6047405291159,182.31689146555433
EURUSD,1,2025-07-23,ARHinc,110,8,0.48780317242889826,0.37149311922238065,0.6565330885261296,0.41831314877310755
EURUSD,1,2025-07-23,KernelARH,110,8,0.47888977776319824,0.36945560757284474,0.6275456103177735,0.4210357225062905
EURUSD,5,2025-07-29,PM,110,8,0.6157184671335031,0.5431538461538463,0.7742481980435901,0.5023262124867983
EURUSD,5,2025-07-29,PA,110,8,0.6299593312191132,0.520015560053612,0.6496997238685693,0.6005732857039648
EURUSD,5,2025-07-29,VAR1,110,8,302.11877458484923,212.23882624314246,465.2555254098178,159.18712356434227
EURUSD,5,2025-07-29,ARHinc,110,8,0.6600579905083299,0.5525948538407401,0.6562331654223298,0.6363029187825895
EURUSD,5,2025-07-29,KernelARH,110,8,0.7383218889550419,0.6324694675434513,0.7383546930416433,0.698608316255686
EURUSD,10,2025-08-05,PM,110,6,0.30208028734096504,0.24311538461538465,0.4337414823862528,0.21845706285077557
EURUSD,10,2025-08-05,PA,110,6,0.38150467615917916,0.2929187377733402,0.33278969567761885,0.4152246240807579
EURUSD,10,2025-08-05,VAR1,110,6,85.53666712438832,52.01053297845367,130.1290424510476,45.83507956012225
EURUSD,10,2025-08-05,ARHinc,110,6,0.37198980636271395,0.29342325236862976,0.32530203324095974,0.4086750481481575
EURUSD,10,2025-08-05,KernelARH,110,6,0.4469014220747765,0.3511448389864641,0.434844996184553,0.46352742368775235
EURUSD,1,2025-07-24,PM,110,8,0.1779185206773032,0.11976923076923078,0.2752063455430875,0.0914354314132318
EURUSD,1,2025-07-24,PA,110,8,0.33893176617320475,0.2649571072550931,0.2969718633124419,0.3701195271475975
EURUSD,1,2025-07-24,VAR1,110,8,364.36944570504136,253.28377277066713,560.9498730351165,189.8688258419407
EURUSD,1,2025-07-24,ARHinc,110,8,0.3356565229939923,0.2664294189691178,0.29227613703098404,0.36835978257199226
EURUSD,1,2025-07-24,KernelARH,110,8,0.40381583346002453,0.32756183324101035,0.4156574883675128,0.40048875466130573
EURUSD,5,2025-07-30,PM,110,8,0.6729077974330168,0.5788846153846153,0.9190361255423137,0.5444197048205985
EURUSD,5,2025-07-30,PA,110,8,0.6818497246825795,0.5526963057988731,0.7794064762801854,0.6423126923605182
EURUSD,5,2025-07-30,VAR1,110,8,316.2050204732418,221.83545753291546,486.9805559907281,166.48365076254876
EURUSD,5,2025-07-30,ARHinc,110,8,0.6858117242827726,0.549823967309894,0.8151554011367479,0.631380799395642
EURUSD,5,2025-07-30,KernelARH,110,8,0.8135842509869678,0.7088822591728666,0.7842253577221199,0.7945430559438842
EURUSD,10,2025-08-06,PM,110,6,0.4159549947918737,0.29534615384615387,0.6575771594673296,0.26670000828921425
EURUSD,10,2025-08-06,PA,110,6,0.4737592558207571,0.40020099754771704,0.549397046736354,0.445715546423513
EURUSD,10,2025-08-06,VAR1,110,6,84.38489927742897,51.606086860804076,128.297651540965,45.42252159281068
EURUSD,10,2025-08-06,ARHinc,110,6,0.43147594922679644,0.36863227281929084,0.4674733046726795,0.4278292348652143
EURUSD,10,2025-08-06,KernelARH,110,6,0.36221264869800973,0.292563236887336,0.32157080443140745,0.39561951120432715
EURUSD,1,2025-07-25,PM,110,8,0.14880550031190698,0.0781923076923077,0.2662384849953076,0.06547663487600816
EURUSD,1,2025-07-25,PA,110,8,0.3516656634416773,0.27901800544208166,0.3454016748654043,0.37595583112040026
EURUSD,1,2025-07-25,VAR1,110,8,209.68336889937683,145.42104719741704,322.77375370118165,109.11560552508689
EURUSD,1,2025-07-25,ARHinc,110,8,0.4714109593913474,0.379770851975084,0.5496752094293738,0.4174951531299352
EURUSD,1,2025-07-25,KernelARH,110,8,0.4712948699586034,0.3820422306811592,0.5239783934532704,0.429590000497853
EURUSD,5,2025-07-31,PM,110,8,0.47334554990554706,0.4053461538461539,0.6537229681372757,0.3916441790115399
EURUSD,5,2025-07-31,PA,110,8,0.5641390139200181,0.42918705493030956,0.6810155297438254,0.5331697658813453
EURUSD,5,2025-07-31,VAR1,110,8,180.10681134551876,125.08828649943652,277.5357081861683,94.00703208689562
EURUSD,5,2025-07-31,ARHinc,110,8,0.5928233380659187,0.47103171227478374,0.5980811984880516,0.5901080036772128
EURUSD,5,2025-07-31,KernelARH,110,8,0.7199419405795731,0.6120743257983644,0.6862315780355273,0.7115340407739967
EURUSD,10,2025-08-07,PM,110,6,0.37337069123984945,0.3014230769230769,0.5071099103045286,0.26751643694807914
EURUSD,10,2025-08-07,PA,110,6,0.4858456772760301,0.4052163858847273,0.5393271463404302,0.45781388270714735
EURUSD,10,2025-08-07,VAR1,110,6,49.307890000622685,29.800892877271405,75.03103523645814,26.384332919741134
EURUSD,10,2025-08-07,ARHinc,110,6,0.4179983385084573,0.34820005148659033,0.40583233873200525,0.42993975411743324
EURUSD,10,2025-08-07,KernelARH,110,6,0.3633514940318671,0.2834052157352969,0.31596101442277874,0.40037747750789826
EURUSD,1,2025-07-28,PM,110,8,0.19999807691383126,0.17326923076923081,0.25165301802263595,0.17043918700752908
EURUSD,1,2025-07-28,PA,110,8,0.3902602751619522,0.3030452309047494,0.40404042349461716,0.40538622946119585
EURUSD,1,2025-07-28,VAR1,110,8,72.18208096501428,50.262533459642746,111.12156390940179,37.63990370135614
EURUSD,1,2025-07-28,ARHinc,110,8,0.39273709998976175,0.3048614486521143,0.42480725829264876,0.40424012487183797
EURUSD,1,2025-07-28,KernelARH,110,8,0.5931402969880103,0.48699155118672666,0.6651385321366743,0.5356395180595893
EURUSD,5,2025-08-01,PM,110,8,0.45022216737961696,0.29265384615384604,0.7116547980047127,0.22737711407791847
EURUSD,5,2025-08-01,PA,110,8,0.5563046329852915,0.43432123937462536,0.7863653212267623,0.43323889779220476
EURUSD,5,2025-08-01,VAR1,110,8,36.60920672053565,25.59436328697641,56.35652358442007,19.31605040161596
EURUSD,5,2025-08-01,ARHinc,110,8,0.6047129216708464,0.4621879967338641,0.8811091538325544,0.4449707719890187
EURUSD,5,2025-08-01,KernelARH,110,8,0.486811489973697,0.3705164817165639,0.49442345722215675,0.49763903093209305
EURUSD,10,2025-08-08,PM,110,6,0.21043418942016776,0.17007692307692307,0.23645041949933784,0.1783416002268258
EURUSD,10,2025-08-08,PA,110,6,0.3790258983056127,0.30961601059628613,0.32805262357099013,0.41442525331094077
EURUSD,10,2025-08-08,VAR1,110,6,11.576429604269192,7.963891447497032,17.351631900706494,6.658080367873835
EURUSD,10,2025-08-08,ARHinc,110,6,0.3840062702089086,0.3131178507936257,0.3241798163556817,0.420239180295009
EURUSD,10,2025-08-08,KernelARH,110,6,0.42182297430404747,0.3309990768974848,0.44815361161424844,0.42397117995539596
EURUSD,1,2025-07-29,PM,110,8,0.1972882262852227,0.1773076923076923,0.21452574626564683,0.18761074735220581
EURUSD,1,2025-07-29,PA,110,8,0.38865861014774666,0.3010763934625003,0.39803594865623715,0.4045186862921952
EURUSD,1,2025-07-29,VAR1,110,8,2.5626047161078214,1.7020029060164241,3.8142437675408596,1.439489580971433
EURUSD,1,2025-07-29,ARHinc,110,8,0.4959430543218937,0.381025760165702,0.7151746986172709,0.3996409939658797
EURUSD,1,2025-07-29,KernelARH,110,8,0.5042901676882772,0.4092729190330587,0.594321670506772,0.48220563136248834
EURUSD,5,2025-08-04,PM,110,8,0.3739199832131921,0.2838076923076922,0.48671243405210735,0.25963349749593545
EURUSD,5,2025-08-04,PA,110,8,0.4902997453057427,0.38317993098672215,0.5354151773500571,0.4556263865142369
EURUSD,5,2025-08-04,VAR1,110,8,14.961348442918478,10.121444754477155,22.955514821448446,7.884159551888453
EURUSD,5,2025-08-04,ARHinc,110,8,0.642795136673624,0.5133440743792415,0.8052966807157388,0.5211936696626422
EURUSD,5,2025-08-04,KernelARH,110,8,0.37645239756830723,0.29675017929712166,0.32984906471294695,0.4115674005166379
EURUSD,10,2025-08-11,PM,110,6,0.3927522462355586,0.26407692307692304,0.640904133983838,0.2444500617492579
EURUSD,10,2025-08-11,PA,110,6,0.4832798522467497,0.38955796808559695,0.6090771137620525,0.43849389407066486
EURUSD,10,2025-08-11,VAR1,110,6,15.801475986240867,9.706781258492148,24.040306680018656,8.432985463028832
EURUSD,10,2025-08-11,ARHinc,110,6,0.46130601317470427,0.37514927165891204,0.5088152476521768,0.4521563578370691
EURUSD,10,2025-08-11,KernelARH,110,6,0.5680160970973515,0.4454407242233926,0.7651105145125067,0.4636389999777084
EURUSD,1,2025-07-30,PM,110,8,0.15001938977243012,0.13546153846153844,0.17733230937420488,0.14148169489385343
EURUSD,1,2025-07-30,PA,110,8,0.38724954771854564,0.3090672999744525,0.4194575145823211,0.3935301483945977
EURUSD,1,2025-07-30,VAR1,110,8,178.06532332844134,124.82283174810615,274.04701524746696,93.2985355258502
EURUSD,1,2025-07-30,ARHinc,110,8,0.41130489347201415,0.33141149790872765,0.4095021142577678,0.41563065278056455
EURUSD,1,2025-07-30,KernelARH,110,8,0.5065835384038415,0.41626492857894293,0.5904602221952969,0.48889934280769665
EURUSD,5,2025-08-05,PM,110,8,0.44528264576040305,0.36265384615384627,0.521219890672268,0.37505611856276466
EURUSD,5,2025-08-05,PA,110,8,0.5508926040814328,0.4605972157182562,0.563404063285922,0.5306968347872638
EURUSD,5,2025-08-05,VAR1,110,8,145.62036223176813,103.51096310582035,223.83342713502017,77.81340077298357
EURUSD,5,2025-08-05,ARHinc,110,8,0.5325039553477445,0.4434667082390192,0.579883338386529,0.5021652232792564
EURUSD,5,2025-08-05,KernelARH,110,8,0.43124425150897144,0.3429489643889788,0.42693060688278006,0.44106321124494663
EURUSD,10,2025-08-12,PM,110,6,0.5630258653028295,0.38811538461538453,0.8956023418406066,0.374299136324112
EURUSD,10,2025-08-12,PA,110,6,0.6129190430570762,0.4786007021241467,0.8184131573797044,0.5197764767721159
EURUSD,10,2025-08-12,VAR1,110,6,38.01342913493477,24.557149388467504,57.17311767476025,21.52723692105906
EURUSD,10,2025-08-12,ARHinc,110,6,0.6222206225186587,0.482368443181786,0.8589885743824641,0.5098287389252933
EURUSD,10,2025-08-12,KernelARH,110,6,0.6403125462347147,0.5139076546457483,0.8721247629819989,0.5063441421501494
EURUSD,1,2025-07-31,PM,110,8,0.13365228278000976,0.10915384615384613,0.13835629442844058,0.12442444894008049
EURUSD,1,2025-07-31,PA,110,8,0.3898396927050313,0.32077040695074943,0.3886138734146168,0.3994686133401815
EURUSD,1,2025-07-31,VAR1,110,8,269.9105655267404,189.8408271884084,414.8962722476039,141.78555025716716
EURUSD,1,2025-07-31,ARHinc,110,8,0.4264963042675335,0.35019312187279256,0.5040334195684057,0.40643597043076063
EURUSD,1,2025-07-31,KernelARH,110,8,0.5288247804309034,0.43534410976098664,0.6417947637905564,0.4827001874821364
EURUSD,5,2025-08-06,PM,110,8,0.7855364409115595,0.7166923076923076,0.7754207569817466,0.7468035368408636
EURUSD,5,2025-08-06,PA,110,8,0.8430903887397356,0.7118775270756474,0.8002191937847011,0.8313126280286647
EURUSD,5,2025-08-06,VAR1,110,8,208.63547138845547,148.10644198899652,320.4484546840927,111.37260632122832
EURUSD,5,2025-08-06,ARHinc,110,8,0.8765242653265,0.7237880951077511,0.8589486891132382,0.8478431809943171
EURUSD,5,2025-08-06,KernelARH,110,8,0.6357117055963443,0.551707779641078,0.6210422496925825,0.6249309413395175
EURUSD,10,2025-08-13,PM,110,6,0.7178633159485276,0.5307692307692309,1.0899095454342274,0.52148094460139
EURUSD,10,2025-08-13,PA,110,6,0.7473526892717768,0.5948813090201641,0.9782644694609149,0.6411115863395053
EURUSD,10,2025-08-13,VAR1,110,6,41.646270446187614,28.01090420892494,61.93732673308762,24.70405633907117
EURUSD,10,2025-08-13,ARHinc,110,6,0.7022393903795039,0.5704506293040057,0.8574415515768541,0.6392993632135088
EURUSD,10,2025-08-13,KernelARH,110,6,0.6097511528622807,0.47515432663312596,0.8445975810150463,0.4994940301884556
EURUSD,1,2025-08-01,PM,110,8,0.4564743126145469,0.38273076923076915,0.5822064133465301,0.34052724967615766
EURUSD,1,2025-08-01,PA,110,8,0.5809854715030439,0.471898720855591,0.6953885938681388,0.5087831066468896
EURUSD,1,2025-08-01,VAR1,110,8,173.4721607046487,122.3817083392531,266.3360989783264,91.42615221396628
EURUSD,1,2025-08-01,ARHinc,110,8,0.49964480806088174,0.4102090423166088,0.5475757068661339,0.4699036568363284
EURUSD,1,2025-08-01,KernelARH,110,8,0.5535011820749824,0.44770568598374444,0.6947705072827499,0.4725129326240116
EURUSD,5,2025-08-07,PM,110,8,0.6299247131449671,0.5733846153846153,0.6424406481512158,0.5910804519173811
EURUSD,5,2025-08-07,PA,110,8,0.7000182109095636,0.6000639760794939,0.6618522703616091,0.6967155462802607
EURUSD,5,2025-08-07,VAR1,110,8,132.13293465989713,93.58662816270672,202.7285630239328,70.42997582254775
EURUSD,5,2025-08-07,ARHinc,110,8,0.6569756551986972,0.5708418131984094,0.6103308230276988,0.662748250607655
EURUSD,5,2025-08-07,KernelARH,110,8,0.39344666289724395,0.3172932339083218,0.3741892631093151,0.41405325049921043
EURUSD,10,2025-08-14,PM,110,6,0.6847601348703737,0.4509230769230769,1.1372147623243045,0.3993573967744975
EURUSD,10,2025-08-14,PA,110,6,0.7078669787748291,0.5507942638280948,1.0156790760804602,0.5434265506387607
EURUSD,10,2025-08-14,VAR1,110,6,23.702353544802918,16.620062007081724,35.021108530329066,14.446332912982731
EURUSD,10,2025-08-14,ARHinc,110,6,0.7454154393945964,0.572081192652903,1.1065339242954526,0.536312143774234
EURUSD,10,2025-08-14,KernelARH,110,6,0.7683845845081813,0.6267565753989426,1.0765680970397173,0.566842408065532
EURUSD,1,2025-08-04,PM,110,8,0.2711368516223723,0.17173076923076933,0.45153561510308104,0.152221382842355
EURUSD,1,2025-08-04,PA,110,8,0.41811755173123194,0.34217314555007206,0.4729796401497118,0.40980781831082425
EURUSD,1,2025-08-04,VAR1,110,8,117.94629095407136,83.95883750723529,180.704919673743,63.036545305519795
EURUSD,1,2025-08-04,ARHinc,110,8,0.48268951013611544,0.395410489920205,0.6185589117680073,0.4227237372150524
EURUSD,1,2025-08-04,KernelARH,110,8,0.43742750947378906,0.3450896055040394,0.45127385349105015,0.43835460757486705
EURUSD,5,2025-08-08,PM,110,8,0.46519149282849087,0.31211538461538463,0.7468994691628359,0.27971079229622836
EURUSD,5,2025-08-08,PA,110,8,0.5536489575293054,0.45482407603372266,0.7262779486711145,0.4718527910331771
EURUSD,5,2025-08-08,VAR1,110,8,84.85655319658042,60.32026220265315,129.84440646714097,46.14230264004466
EURUSD,5,2025-08-08,ARHinc,110,8,0.6012622247029058,0.48885875952379754,0.8217424042083246,0.48217034732422853
EURUSD,5,2025-08-08,KernelARH,110,8,0.4887671031642319,0.39487339940825145,0.5542694351608136,0.4630443738829993
EURUSD,10,2025-08-15,PM,110,6,0.832377445356649,0.5326153846153846,1.3751879570910444,0.3970338622613432
EURUSD,10,2025-08-15,PA,110,6,0.8710551719112432,0.6511350406456501,1.3233224283331086,0.5475139918780064
EURUSD,10,2025-08-15,VAR1,110,6,11.518545242882587,8.699639890994083,16.44225243172199,7.84494196692385
EURUSD,10,2025-08-15,ARHinc,110,6,0.8508914165524207,0.6364104816106994,1.292961756416225,0.5381936129710763
EURUSD,10,2025-08-15,KernelARH,110,6,0.8024763958337918,0.6788805035261746,1.0816822301576583,0.6176799850487631
EURUSD,1,2025-08-05,PM,110,8,0.15858433209058004,0.11049999999999992,0.22928363400610002,0.0951637839571674
EURUSD,1,2025-08-05,PA,110,8,0.36290826822468425,0.28759522145893546,0.3521283358968042,0.37977900193512626
EURUSD,1,2025-08-05,VAR1,110,8,270.18732703839345,192.04680928941931,414.84627338982386,143.77991486164203
EURUSD,1,2025-08-05,ARHinc,110,8,0.48389558980805103,0.39076699175998086,0.628243549197749,0.41485656583206154
EURUSD,1,2025-08-05,KernelARH,110,8,0.36649189096129636,0.29505460659795785,0.3481705962048616,0.3934026499345602
EURUSD,5,2025-08-11,PM,110,8,0.4359755859431368,0.27553846153846145,0.7191559735461409,0.2061522977441182
EURUSD,5,2025-08-11,PA,110,8,0.5350541471699625,0.4122339816105849,0.752650573050952,0.41617393425032917
EURUSD,5,2025-08-11,VAR1,110,8,232.24243551618773,166.77548346091532,356.16115643987627,126.18946811068695
EURUSD,5,2025-08-11,ARHinc,110,8,0.3593333746087283,0.2898252344216633,0.3248300497978891,0.3905451271518563
EURUSD,5,2025-08-11,KernelARH,110,8,0.5859206504082661,0.46177927725874024,0.7940788317899229,0.4732385085314927
EURUSD,10,2025-08-18,PM,110,6,0.9067707654935981,0.6606153846153844,1.4130290996601786,0.48188443599432346
EURUSD,10,2025-08-18,PA,110,6,0.9429756525764259,0.7277670148541965,1.395112616694262,0.6041273879881348
EURUSD,10,2025-08-18,VAR1,110,6,73.54279944623046,46.272985905247545,111.22073789082559,40.886922232542204
EURUSD,10,2025-08-18,ARHinc,110,6,0.8403702563394299,0.6580241940812447,1.2215273712157744,0.5646548659345618
EURUSD,10,2025-08-18,KernelARH,110,6,1.0450977394667782,0.8430010793400982,1.5064314933574596,0.7106706807829835
EURUSD,1,2025-08-06,PM,110,8,0.3147611273770831,0.3061923076923077,0.35168461571683246,0.28855545333881194
EURUSD,1,2025-08-06,PA,110,8,0.45703103744852264,0.40866324546396265,0.46004141215595984,0.4649555734985864
EURUSD,1,2025-08-06,VAR1,110,8,294.40078378541807,207.3167496023504,452.32695242069957,154.87310069561946
EURUSD,1,2025-08-06,ARHinc,110,8,0.4195465794334495,0.3739457608622939,0.3853971394953281,0.4452512372744558
EURUSD,1,2025-08-06,KernelARH,110,8,0.46825312946842107,0.41074434265521165,0.5404813657853703,0.4423983182873265
EURUSD,5,2025-08-12,PM,110,8,0.40165732380877944,0.26449999999999996,0.6660796224008361,0.197578575691435
EURUSD,5,2025-08-12,PA,110,8,0.5080828819783219,0.3991176842745962,0.6968601528820293,0.4108151322911939
EURUSD,5,2025-08-12,VAR1,110,8,286.2776667444747,205.58481183395173,439.0107450945366,155.0965590393307
EURUSD,5,2025-08-12,ARHinc,110,8,0.5669239527879119,0.4445380325427685,0.8060861986010168,0.4289606994068146
EURUSD,5,2025-08-12,KernelARH,110,8,0.6811630803044886,0.5490596106701067,0.939262443677379,0.5246274931523947
EURUSD,10,2025-08-19,PM,110,6,0.7378891411420722,0.5442307692307693,1.147036017557181,0.39671709245611436
EURUSD,10,2025-08-19,PA,110,6,0.7961502229570268,0.6307599760867826,1.146215627952799,0.5426970210230777
EURUSD,10,2025-08-19,VAR1,110,6,110.11421412723591,67.74941754660905,167.34913110176007,59.52834477279808
EURUSD,10,2025-08-19,ARHinc,110,6,0.7955524853653726,0.6300669046731373,1.1462796499058825,0.5418227029874265
EURUSD,10,2025-08-19,KernelARH,110,6,1.023489910116085,0.8351670308154564,1.4503605216783477,0.7115878091449996
EURUSD,1,2025-08-07,PM,110,8,0.0690978959937946,0.05888461538461558,0.08191719020209644,0.06110304530748224
EURUSD,1,2025-08-07,PA,110,8,0.34335867805987125,0.26980102760343366,0.29806480657450357,0.37722529819568934
EURUSD,1,2025-08-07,VAR1,110,8,279.6944265871588,197.53614163891882,429.66426723237703,147.49007064930964
EURUSD,1,2025-08-07,ARHinc,110,8,0.3830473265730973,0.30273436432080597,0.383426753685663,0.3911372471662065
EURUSD,1,2025-08-07,KernelARH,110,8,0.36063580902478237,0.28326269177164054,0.32202961435808813,0.3909509959306407
EURUSD,5,2025-08-13,PM,110,8,0.6463622689268826,0.5245000000000001,0.9910600153536622,0.3926691526988248
EURUSD,5,2025-08-13,PA,110,8,0.7132966993291802,0.5740629411922624,0.9912226909733975,0.5372288118460987
EURUSD,5,2025-08-13,VAR1,110,8,260.4684370372883,190.29904405455443,398.35722331548277,144.19194193255169
EURUSD,5,2025-08-13,ARHinc,110,8,0.7332253357313825,0.591000479192013,1.0201621104064784,0.5481151227578508
EURUSD,5,2025-08-13,KernelARH,110,8,0.6783654528939949,0.5524857854273654,0.9332070876448886,0.5340187960953504
EURUSD,10,2025-08-20,PM,110,6,0.8434830774372876,0.7146153846153847,1.2059035826263282,0.5499495159824388
EURUSD,10,2025-08-20,PA,110,6,0.8925166413669022,0.7305411314321173,1.1939235547987916,0.6635295493633535
EURUSD,10,2025-08-20,VAR1,110,6,84.55697428565212,53.22379077153905,127.80784269117035,47.05979728721333
EURUSD,10,2025-08-20,ARHinc,110,6,0.8914795286291038,0.7327389574741624,1.1897519217593604,0.6627313848754239
EURUSD,10,2025-08-20,KernelARH,110,6,0.8643626812988618,0.7112509066736852,1.1812817034490328,0.638122324375067
EURUSD,1,2025-08-08,PM,110,8,0.2347458732331624,0.18338461538461517,0.3586565916934716,0.13517815341075387
EURUSD,1,2025-08-08,PA,110,8,0.40917416026979947,0.33132572873760213,0.4514257795372178,0.3981713464006078
EURUSD,1,2025-08-08,VAR1,110,8,244.8456344625347,172.6411069486851,376.08697190216884,128.95702279505284
EURUSD,1,2025-08-08,ARHinc,110,8,0.3629590358588409,0.2881305251619453,0.34630510161216504,0.3847252858218226
EURUSD,1,2025-08-08,KernelARH,110,8,0.4236744774031481,0.34335400562142726,0.4633898159895861,0.410154699304356
EURUSD,5,2025-08-14,PM,110,8,0.7137262389955752,0.5769230769230768,1.0798749974122992,0.42135522654029994
EURUSD,5,2025-08-14,PA,110,8,0.7846413951110933,0.6299655446406337,1.103810850396924,0.5623922035540965
EURUSD,5,2025-08-14,VAR1,110,8,228.17397824432194,166.61590084542826,348.8710891282271,126.40595138369017
EURUSD,5,2025-08-14,ARHinc,110,8,0.7288790202201647,0.5909924231081674,1.0105808572049464,0.5382602013642146
EURUSD,5,2025-08-14,KernelARH,110,8,0.788626491569161,0.6481973056638634,1.1001326312113098,0.5807305990830792
EURUSD,10,2025-08-21,PM,110,6,0.6965087732066597,0.5971153846153846,0.9336200144689144,0.4762433639740564
EURUSD,10,2025-08-21,PA,110,6,0.7644908051328201,0.6336641529980606,0.9462498467098612,0.608685164375298
EURUSD,10,2025-08-21,VAR1,110,6,68.98450804356901,43.786797796575414,104.02619201952297,38.79960122309905
EURUSD,10,2025-08-21,ARHinc,110,6,0.749202881111104,0.6225345798700139,0.9194170678651462,0.6026444043311883
EURUSD,10,2025-08-21,KernelARH,110,6,0.7821079313969527,0.6518194906960437,0.9837850375753546,0.6213033441068985
EURUSD,1,2025-08-11,PM,110,8,0.28003785801758474,0.21730769230769229,0.43696756030890227,0.168216124697138
EURUSD,1,2025-08-11,PA,110,8,0.43299969202483407,0.34592087325513204,0.5243785196203803,0.40179797853939125
EURUSD,1,2025-08-11,VAR1,110,8,296.6126713641258,209.98458338111587,455.0033876200244,157.0119330607143
EURUSD,1,2025-08-11,ARHinc,110,8,0.3880599580240547,0.3117074831991033,0.4276635135901549,0.38653307188296
EURUSD,1,2025-08-11,KernelARH,110,8,0.5217194659652182,0.4186463097831109,0.6710007336542514,0.44593141778671086
EURUSD,5,2025-08-15,PM,110,8,0.49603461223836137,0.4306153846153848,0.6976888705023384,0.3351365502112441
EURUSD,5,2025-08-15,PA,110,8,0.6022440988770421,0.4966231948976738,0.760803197720556,0.5077574119554458
EURUSD,5,2025-08-15,VAR1,110,8,254.78598461785757,187.57612630011482,388.34117195508514,143.25510082236224
EURUSD,5,2025-08-15,ARHinc,110,8,0.5767711918515708,0.477010510899139,0.7181673133578426,0.49591993036754933
EURUSD,5,2025-08-15,KernelARH,110,8,0.7638358289555514,0.647338451887056,1.0184191215539173,0.5970731017888521
EURUSD,10,2025-08-22,PM,110,6,0.4559891509336936,0.37796153846153835,0.6450685895973366,0.3126689826466158
EURUSD,10,2025-08-22,PA,110,6,0.555560921298167,0.4582521373490282,0.6701138300746717,0.49395611280047397
EURUSD,10,2025-08-22,VAR1,110,6,61.844866318042826,42.59530312321014,91.19471818515363,38.278741042504606
EURUSD,10,2025-08-22,ARHinc,110,6,0.5442464082671933,0.4489878623369001,0.6553033177007108,0.48705196566795556
EURUSD,10,2025-08-22,KernelARH,110,6,0.7458198068969383,0.6133821012834019,1.0012901449493945,0.5862189776194789
EURUSD,1,2025-08-12,PM,110,8,0.11422649564655434,0.10638461538461536,0.1419918121721609,0.09012461457745768
EURUSD,1,2025-08-12,PA,110,8,0.35537262009720333,0.2808582445712609,0.3374699526290047,0.37832691132726176
EURUSD,1,2025-08-12,VAR1,110,8,426.0261108537349,303.4276071548025,652.956704282658,226.9805287012426
EURUSD,1,2025-08-12,ARHinc,110,8,0.49515315592105985,0.3963918289684285,0.6354203309665171,0.4298139959807174
EURUSD,1,2025-08-12,KernelARH,110,8,0.41716639690050766,0.33257432616001703,0.49956856115224746,0.39458937570526326
EURUSD,5,2025-08-18,PM,110,8,0.4914476750455661,0.3996153846153847,0.712285527345106,0.3023823234523673
EURUSD,5,2025-08-18,PA,110,8,0.6001333301896845,0.4822028832874128,0.7953441934617642,0.48182791381227924
EURUSD,5,2025-08-18,VAR1,110,8,347.86608628732375,255.51094565316555,530.3548774810156,194.9770246339779
EURUSD,5,2025-08-18,ARHinc,110,8,0.8266666288912523,0.6440112337706704,1.1771299000510551,0.5823681392499641
EURUSD,5,2025-08-18,KernelARH,110,8,0.9831838086267002,0.7815795674380002,1.4253342483378313,0.6637355423019716
EURUSD,10,2025-08-25,PM,110,6,0.2031977532431817,0.13361538461538475,0.2988287872085691,0.11809561158656076
EURUSD,10,2025-08-25,PA,110,6,0.41705825854203793,0.33996612157143213,0.44345240828168125,0.41221484282194154
EURUSD,10,2025-08-25,VAR1,110,6,87.49986816269679,62.01244272371232,127.93794276088997,55.72184494174341
EURUSD,10,2025-08-25,ARHinc,110,6,0.4462013065304958,0.36980021316754785,0.5098795955254812,0.4226178262737279
EURUSD,10,2025-08-25,KernelARH,110,6,0.6093286089047167,0.4842843930443777,0.8074093819338689,0.5084549200421319
EURUSD,1,2025-08-13,PM,110,8,0.06908989406229006,0.05780769230769234,0.0594022821833,0.06812207183012342
EURUSD,1,2025-08-13,PA,110,8,0.3576791997079065,0.28365738977469446,0.3207769925118688,0.3876874939097109
EURUSD,1,2025-08-13,VAR1,110,8,403.24909957338343,289.1545257797573,617.5185677329878,216.65027997281908
EURUSD,1,2025-08-13,ARHinc,110,8,0.3578739364754485,0.2847253746193287,0.32261816721568987,0.38785841394116627
EURUSD,1,2025-08-13,KernelARH,110,8,0.35911951089871846,0.2895906342730968,0.3487571545822912,0.3833130014768161
EURUSD,5,2025-08-19,PM,110,8,0.36849479434795085,0.28719230769230786,0.530148563045478,0.22311138865017646
EURUSD,5,2025-08-19,PA,110,8,0.49534908378204956,0.39885077965398136,0.6173433290728014,0.43295802304939923
EURUSD,5,2025-08-19,VAR1,110,8,308.23381508835155,228.41394583743613,468.41211483571715,176.24800758245945
EURUSD,5,2025-08-19,ARHinc,110,8,0.5262405613526134,0.42229722961954463,0.6769637238906999,0.4428737628057522
EURUSD,5,2025-08-19,KernelARH,110,8,0.9239542500160813,0.7366048653465882,1.317028184462853,0.6397439640812863
EURUSD,10,2025-08-26,PM,110,6,0.24253459309169456,0.14207692307692327,0.36241142783958896,0.12761805992262096
EURUSD,10,2025-08-26,PA,110,6,0.46020481945704084,0.3664726303838027,0.5296760373492437,0.4221604793388198
EURUSD,10,2025-08-26,VAR1,110,6,79.46618683668474,58.78984671347165,114.54592412666017,52.77689739226983
EURUSD,10,2025-08-26,ARHinc,110,6,0.4574207134791718,0.357318776174709,0.5400519435585148,0.420058611804569
EURUSD,10,2025-08-26,KernelARH,110,6,0.6090269491640222,0.47895027392028156,0.8389270261713792,0.4985944709476182
EURUSD,1,2025-08-14,PM,110,8,0.14423271793555342,0.10857692307692304,0.18902371005019597,0.09052345018361616
EURUSD,1,2025-08-14,PA,110,8,0.3689621496006036,0.29635638608958026,0.36470323876365635,0.389318152075237
EURUSD,1,2025-08-14,VAR1,110,8,389.96941186796676,280.1395290411335,596.8809625337369,210.1225441417045
EURUSD,1,2025-08-14,ARHinc,110,8,0.4496620679473345,0.3654883413585363,0.5490821045736373,0.41247979147884695
EURUSD,1,2025-08-14,KernelARH,110,8,0.48918533453253626,0.39646961913347795,0.6321471394964793,0.4232786831385166
EURUSD,5,2025-08-20,PM,110,8,0.2510600602368961,0.1997692307692309,0.31752629497025925,0.17888574644181007
EURUSD,5,2025-08-20,PA,110,8,0.4268317784200584,0.3535770420896974,0.43783067405420045,0.42859445369429333
EURUSD,5,2025-08-20,VAR1,110,8,310.66498400153284,229.57613121432817,472.4660169415878,176.88222807501222
EURUSD,5,2025-08-20,ARHinc,110,8,0.493955906464337,0.4075195620017838,0.5726433354560774,0.45498037953032916
EURUSD,5,2025-08-20,KernelARH,110,8,0.7851691147511906,0.6392081289438468,1.0668408166269152,0.5875819905771201
EURUSD,10,2025-08-27,PM,110,6,0.2427812603654067,0.16046153846153846,0.3568851038621808,0.1380000769910347
EURUSD,10,2025-08-27,PA,110,6,0.4568385451699593,0.3680820343806346,0.5128595362902457,0.42767740492702777
EURUSD,10,2025-08-27,VAR1,110,6,81.16417280272847,58.969456182152115,117.63473449729818,53.088169598758185
EURUSD,10,2025-08-27,ARHinc,110,6,0.45063720545628044,0.36285651471068264,0.5054563538872734,0.42575451635710976
EURUSD,10,2025-08-27,KernelARH,110,6,0.6018744189469274,0.4790548806960333,0.8217724968657378,0.49446421963795834
EURUSD,1,2025-08-15,PM,110,8,0.08147527940330217,0.06957692307692315,0.10560077553637169,0.07198694092407906
EURUSD,1,2025-08-15,PA,110,8,0.34727166074346755,0.2781407232409519,0.2874247198957703,0.39092859440034927
EURUSD,1,2025-08-15,VAR1,110,8,358.32310085227834,257.43587501685204,548.2545901411019,193.24996674554424
EURUSD,1,2025-08-15,ARHinc,110,8,0.3497542547632053,0.2801738698221186,0.29932909630579857,0.3907031648559372
EURUSD,1,2025-08-15,KernelARH,110,8,0.3981779878541406,0.3238933667501022,0.4204998202762668,0.40768951821407035
EURUSD,5,2025-08-21,PM,110,8,0.21775824633329932,0.14400000000000018,0.3564510534330157,0.12540648801261928
EURUSD,5,2025-08-21,PA,110,8,0.386923151708317,0.30889510755317756,0.3913496556131221,0.4056037531339037
EURUSD,5,2025-08-21,VAR1,110,8,275.0923682265388,201.02728731862584,418.7703499019208,154.83928599435228
EURUSD,5,2025-08-21,ARHinc,110,8,0.38452701317762855,0.3071922629651609,0.3745509094294355,0.4068215445187008
EURUSD,5,2025-08-21,KernelARH,110,8,0.6089155459953683,0.5066669484263517,0.7314144569811932,0.5156645083603444
EURUSD,10,2025-08-28,PM,110,6,0.34386700805801257,0.1873461538461539,0.5161122207127163,0.1728728727044725
EURUSD,10,2025-08-28,PA,110,6,0.5040660621764554,0.3900040031912514,0.6052655023356226,0.43631173515183796
EURUSD,10,2025-08-28,VAR1,110,6,77.3547811774731,56.4681794200047,112.2235006763888,50.3790253954368
EURUSD,10,2025-08-28,ARHinc,110,6,0.46312854014838123,0.3676236807309644,0.5386745826054371,0.4230087595198403
EURUSD,10,2025-08-28,KernelARH,110,6,0.5430226357915668,0.43193869345251285,0.7191291293593193,0.4682571605455962
EURUSD,1,2025-08-18,PM,110,8,0.2900392049096387,0.1863076923076923,0.46000257705987735,0.14608442735762503
EURUSD,1,2025-08-18,PA,110,8,0.4565267060339679,0.36307686667907596,0.5782694373347037,0.40587613972695424
EURUSD,1,2025-08-18,VAR1,110,8,291.2281885632038,208.81097167676685,445.630730544457,156.91991957617998
EURUSD,1,2025-08-18,ARHinc,110,8,0.5038205560814503,0.3943585790368434,0.6716477700861039,0.42181438993415327
EURUSD,1,2025-08-18,KernelARH,110,8,0.5523559480410248,0.4264505452270323,0.7676685675932154,0.43382085614409693
EURUSD,5,2025-08-22,PM,110,8,0.1444512161463303,0.08434615384615379,0.21774912409027639,0.07728494144725068
EURUSD,5,2025-08-22,PA,110,8,0.37278713179216505,0.30207198612391317,0.3594733988421965,0.39492824974088914
EURUSD,5,2025-08-22,VAR1,110,8,205.18262524899396,146.37909784534264,312.2072235146032,114.96424567636237
EURUSD,5,2025-08-22,ARHinc,110,8,0.36714011056966495,0.29902788093622146,0.3578773920453181,0.3939545963186711
EURUSD,5,2025-08-22,KernelARH,110,8,0.5654321452665868,0.4644855504312422,0.7329819939532191,0.4798239696062691
EURUSD,10,2025-08-29,PM,110,6,0.4073768100722172,0.2813846153846153,0.6604067194050076,0.20865574335031878
EURUSD,10,2025-08-29,PA,110,6,0.5258353396656306,0.4264273597544699,0.6840110628955792,0.4446601423335415
EURUSD,10,2025-08-29,VAR1,110,6,64.69849240320218,47.73697305121102,93.16634046162845,42.919662903922024
EURUSD,10,2025-08-29,ARHinc,110,6,0.5533107130214926,0.44723121124244186,0.7359800947118526,0.4534720902480804
EURUSD,10,2025-08-29,KernelARH,110,6,0.43218689012202977,0.3590733053061097,0.40525581172767,0.44477031410498674
EURUSD,1,2025-08-19,PM,110,8,0.04799338896780876,0.031384615384615414,0.07730545578407001,0.027587856744684627
EURUSD,1,2025-08-19,PA,110,8,0.35928719202823883,0.28750392284048193,0.3193259344194403,0.3842200357433387
EURUSD,1,2025-08-19,VAR1,110,8,444.604735270184,321.78897318402113,679.2589441196005,242.4274555692689
EURUSD,1,2025-08-19,ARHinc,110,8,0.4097799025079298,0.3324775574685903,0.422897495377145,0.3993474854882097
EURUSD,1,2025-08-19,KernelARH,110,8,0.36261189762574975,0.29422333259852823,0.3416367133322322,0.3847186320019095
EURUSD,5,2025-08-25,PM,110,8,0.5317797132850579,0.37561538461538463,0.8001039310123795,0.28604738851782363
EURUSD,5,2025-08-25,PA,110,8,0.6236244267162417,0.505098217894251,0.7961780684503542,0.4841955159032528
EURUSD,5,2025-08-25,VAR1,110,8,312.19866960116883,220.71022421820004,474.5449924241841,175.60180711211382
EURUSD,5,2025-08-25,ARHinc,110,8,0.709731961907668,0.5750034246492807,0.9371010817352884,0.52101461720739906
EURUSD,5,2025-08-25,KernelARH,110,8,0.4206137317237739,0.33672789264636455,0.49658305720076606,0.41024551478990845
EURUSD,10,2025-09-01,PM,110,6,0.7221269998041577,0.5159999999999999,1.154986624078374,0.37370675921735785
EURUSD,10,2025-09-01,PA,110,6,0.7900276458678425,0.6310734451884494,1.139521415344648,0.5462799171378453
EURUSD,10,2025-09-01,VAR1,110,6,108.42351148691039,79.97036183518654,156.58642314931166,71.42212097158199
EURUSD,10,2025-09-01,ARHinc,110,6,0.8243830428669898,0.6574902066396756,1.1934838002683759,0.5624222388212192
EURUSD,10,2025-09-01,KernelARH,110,6,0.3903657018965432,0.3130019606055882,0.3285683244471787,0.4256340037825225
EURUSD,1,2025-08-20,PM,110,8,0.17958981040136995,0.13580769230769232,0.28045339498620964,0.10225492477110017
EURUSD,1,2025-08-20,PA,110,8,0.3990267262181074,0.32751932722270605,0.3957733117235994,0.40663734984263633
EURUSD,1,2025-08-20,VAR1,110,8,391.39396297559887,282.5993609653369,598.2338798461402,213.09521905996945
EURUSD,1,2025-08-20,ARHinc,110,8,0.3719232154440246,0.2987391439761079,0.33765504346288716,0.39792217214990055
EURUSD,1,2025-08-20,KernelARH,110,8,0.3696073563063848,0.2983385682965826,0.3307904846938911,0.3977199658690413
EURUSD,5,2025-08-26,PM,110,8,0.5179535359321485,0.3728846153846156,0.7446240813409107,0.29355525955395223
EURUSD,5,2025-08-26,PA,110,8,0.625345782637141,0.5013079070361866,0.7714438093962767,0.4917837478073944
EURUSD,5,2025-08-26,VAR1,110,8,256.71087371890604,170.62704887735342,390.0542914110431,142.58172252281574
EURUSD,5,2025-08-26,ARHinc,110,8,0.5823133092135326,0.46285614015496185,0.7037467851296831,0.473389256968194
EURUSD,5,2025-08-26,KernelARH,110,8,0.43482725209734974,0.34270669410942806,0.537662130858532,0.4090022956012709
EURUSD,10,2025-09-02,PM,110,6,0.9089745384434382,0.632923076923077,1.486988965271707,0.4545565810516194
EURUSD,10,2025-09-02,PA,110,6,0.9653309996423627,0.7375523330869771,1.4772073204296163,0.6058805944026601
EURUSD,10,2025-09-02,VAR1,110,6,95.46795133757719,71.62681562824125,135.96990464837356,65.28623245306272
EURUSD,10,2025-09-02,ARHinc,110,6,0.9112116181674006,0.6969862077624828,1.3883314420236528,0.5823370620439668
EURUSD,10,2025-09-02,KernelARH,110,6,0.45463979015214045,0.3637372227391668,0.5517392886201382,0.4275436851905689
EURUSD,1,2025-08-21,PM,110,8,0.16735556344318106,0.08711538461538457,0.29486808427135525,0.07115741664378399
EURUSD,1,2025-08-21,PA,110,8,0.37246900381640524,0.30236754346083755,0.3796776437639335,0.39276837049041335
EURUSD,1,2025-08-21,VAR1,110,8,277.32999454490067,199.4945085235642,424.39174736676705,150.25534836818446
EURUSD,1,2025-08-21,ARHinc,110,8,0.3533654880698624,0.2841881491030171,0.31330248286757595,0.39038923159567773
EURUSD,1,2025-08-21,KernelARH,110,8,0.3725652097383461,0.3009287985511922,0.3465979190649384,0.3988430958601187
EURUSD,5,2025-08-27,PM,110,8,0.3496903162909896,0.23865384615384644,0.49863018167493733,0.19762557367071396
EURUSD,5,2025-08-27,PA,110,8,0.49109558899855865,0.39609899025304773,0.5512628370852958,0.4399551892983998
EURUSD,5,2025-08-27,VAR1,110,8,179.0480118161032,113.56892372499044,271.7186795981648,99.32915483432845
EURUSD,5,2025-08-27,ARHinc,110,8,0.43976136107626745,0.3626656436378707,0.47577734291456286,0.42050426392938545
EURUSD,5,2025-08-27,KernelARH,110,8,0.4836834789727467,0.3868021170676081,0.6284489382302965,0.43353371524156065
EURUSD,10,2025-09-03,PM,110,6,0.7659114730929318,0.5150769230769232,1.2674938020239497,0.37308004580096704
EURUSD,10,2025-09-03,PA,110,6,0.8435420473690122,0.642334803087444,1.2905023746031685,0.5459168908567126
EURUSD,10,2025-09-03,VAR1,110,6,67.5615402631619,50.89955694466374,95.97520753238972,46.55600713450837
EURUSD,10,2025-09-03,ARHinc,110,6,0.7592229621797318,0.5827353862874282,1.1486044381444218,0.5145107640193154
EURUSD,10,2025-09-03,KernelARH,110,6,0.48045305452929576,0.38033402835097885,0.6270511004095233,0.427761308308341
EURUSD,1,2025-08-22,PM,110,8,0.22295340579108935,0.11853846153846156,0.3800291435179493,0.10020149794334977
EURUSD,1,2025-08-22,PA,110,8,0.3768110535325414,0.3029301089577452,0.38807394044862736,0.3933925311965246
EURUSD,1,2025-08-22,VAR1,110,8,132.41029412504392,94.70138123722995,203.03336531211804,71.16163663119033
EURUSD,1,2025-08-22,ARHinc,110,8,0.4255992185532925,0.3439234123869671,0.4571848661169271,0.41269188487894004
EURUSD,1,2025-08-22,KernelARH,110,8,0.3782712121695403,0.305377475109281,0.3768830178883239,0.39631697442531716
EURUSD,5,2025-08-28,PM,110,8,0.374081310577095,0.27169230769230757,0.5540706284271266,0.2094075237710275
EURUSD,5,2025-08-28,PA,110,8,0.47096649223435183,0.38866839474814646,0.5322147672116634,0.4343634600545791
EURUSD,5,2025-08-28,VAR1,110,8,82.49062034304157,51.913097827844595,124.80199726631821,45.99777934067837
EURUSD,5,2025-08-28,ARHinc,110,8,0.553301112588154,0.4508230499352735,0.6539228728731864,0.4714754592723147
EURUSD,5,2025-08-28,KernelARH,110,8,0.42785313580633993,0.34574780811506034,0.48979366128942153,0.4089084486969676
EURUSD,10,2025-09-04,PM,110,6,0.7187417558055617,0.44580769230769235,1.2149757272319697,0.32802725601758065
EURUSD,10,2025-09-04,PA,110,6,0.8127425759395108,0.587062000371094,1.2918475046863285,0.5113805326196321
EURUSD,10,2025-09-04,VAR1,110,6,30.79630120825508,23.39624619920599,43.50295217106124,21.54423241347525
EURUSD,10,2025-09-04,ARHinc,110,6,0.8641504233719608,0.6238722535982618,1.3781604094642297,0.5318632948531447
EURUSD,10,2025-09-04,KernelARH,110,6,0.5654618331686081,0.43228318848218644,0.8187589056205461,0.4507888099785979
EURUSD,1,2025-08-25,PM,110,8,0.19441702798168367,0.14069230769230762,0.27607029355797197,0.11528745531608972
EURUSD,1,2025-08-25,PA,110,8,0.4221993849113702,0.34356843850863206,0.45618768351995215,0.4081336617924935
EURUSD,1,2025-08-25,VAR1,110,8,200.2628879265854,141.25702005805746,307.09790475440485,106.9627837950893
EURUSD,1,2025-08-25,ARHinc,110,8,0.4279270252522098,0.3352976137095104,0.5331014834231621,0.40262593060926927
EURUSD,1,2025-08-25,KernelARH,110,8,0.39013316082936633,0.30702304751460635,0.44432950876205896,0.39279804349650443
EURUSD,5,2025-08-29,PM,110,8,0.3493184297809312,0.2287307692307691,0.5912193731698654,0.1733918005185558
EURUSD,5,2025-08-29,PA,110,8,0.4781549902479591,0.3875448209448799,0.5948610037577327,0.4258771580193787
EURUSD,5,2025-08-29,VAR1,110,8,136.46214502606975,89.39573151676485,204.19487892559758,78.70572433257904
EURUSD,5,2025-08-29,ARHinc,110,8,0.3927205146566624,0.30680301429710205,0.4100922747775512,0.4012267443885233
EURUSD,5,2025-08-29,KernelARH,110,8,0.38621718201531696,0.3147959017343728,0.3468203132082261,0.4144876124873087
EURUSD,10,2025-09-05,PM,110,6,0.3280711402682702,0.21161538461538446,0.5668617272079959,0.16179610729435098
EURUSD,10,2025-09-05,PA,110,6,0.46383448562019536,0.3792589814631694,0.5675818133798958,0.425794751427699
EURUSD,10,2025-09-05,VAR1,110,6,50.7363322803737,38.76721323862273,71.16215888144826,36.15374396201681
EURUSD,10,2025-09-05,ARHinc,110,6,0.3960227016348304,0.3151461526857353,0.41500815390355367,0.40560192322006877
EURUSD,10,2025-09-05,KernelARH,110,6,0.4032535662442889,0.3260690730044661,0.3490453441332412,0.4312522116629085
EURUSD,1,2025-08-26,PM,110,8,0.06622622940752751,0.041692307692307626,0.10752394347013788,0.034365127841625154
EURUSD,1,2025-08-26,PA,110,8,0.4034986392179894,0.33460532267515836,0.45740857949655805,0.39813993578707413
EURUSD,1,2025-08-26,VAR1,110,8,214.38612537235412,148.97814684955853,328.82908100211347,113.92143570104538
EURUSD,1,2025-08-26,ARHinc,110,8,0.5338963235715654,0.4253097632976185,0.6324436888154038,0.4505585371400095
EURUSD,1,2025-08-26,KernelARH,110,8,0.4122034712503484,0.33862989460917303,0.45812885642457646,0.4021182066701175
EURUSD,5,2025-09-01,PM,110,8,0.2738106272871539,0.1452692307692308,0.4893751434292822,0.12343364987729409
EURUSD,5,2025-09-01,PA,110,8,0.4114672577546506,0.3368922146685352,0.45618628097849595,0.4069885379561534
EURUSD,5,2025-09-01,VAR1,110,8,160.12178163796483,108.53374136734278,238.3592364925466,94.46976006538652
EURUSD,5,2025-09-01,ARHinc,110,8,0.6140654540333986,0.4933164299080004,0.8386248818453725,0.47828520040481753
EURUSD,5,2025-09-01,KernelARH,110,8,0.39325909535400483,0.3234574243774922,0.41414637822327094,0.40223868902222265
EURUSD,10,2025-09-08,PM,110,6,0.14820934388689744,0.08569230769230775,0.22953498971779168,0.07968584412024833
EURUSD,10,2025-09-08,PA,110,6,0.3618359556110685,0.29339051971550667,0.3218200224851054,0.39889142755226975
EURUSD,10,2025-09-08,VAR1,110,6,59.43408848742967,46.15657202249476,82.40203853284665,43.60868880537489
EURUSD,10,2025-09-08,ARHinc,110,6,0.4539904138066474,0.3650207422028263,0.5081568873849176,0.43465470076469676
EURUSD,10,2025-09-08,KernelARH,110,6,0.44731572163473027,0.3687781132262817,0.4963915711490503,0.4349822655523795
EURUSD,1,2025-08-27,PM,110,8,0.045630729355758334,0.032192307692307694,0.05667874898055111,0.031758277844885045
EURUSD,1,2025-08-27,PA,110,8,0.3990820869722781,0.33107961466788727,0.4345057394035984,0.4029063348939639
EURUSD,1,2025-08-27,VAR1,110,8,284.24957543666454,198.05580569333915,436.1329338932447,151.26185099344892
EURUSD,1,2025-08-27,ARHinc,110,8,0.40348842913935556,0.33083880174546815,0.4238183498516181,0.4059228265321095
EURUSD,1,2025-08-27,KernelARH,110,8,0.40834915577757375,0.33226329331114623,0.4362991872188675,0.40724349715210906
EURUSD,5,2025-09-02,PM,110,8,0.5329003550960898,0.2600384615384616,0.9730507404746878,0.21759639688075824
EURUSD,5,2025-09-02,PA,110,8,0.572350199385326,0.44375541895965226,0.8279348697727883,0.44300133979505124
EURUSD,5,2025-09-02,VAR1,110,8,216.7760563486465,141.8461884422119,324.9292147439251,124.44536792468122
EURUSD,5,2025-09-02,ARHinc,110,8,0.6163863616210788,0.4731298820403234,0.9103753462762152,0.4554831518946131
EURUSD,5,2025-09-02,KernelARH,110,8,0.5352617163939829,0.41634814675579224,0.7551791063708292,0.4314203364966178
EURUSD,10,2025-09-09,PM,110,6,0.30415464500303635,0.18815384615384612,0.43974895768820343,0.15988094056453586
EURUSD,10,2025-09-09,PA,110,6,0.4360692332665339,0.35806040790554794,0.5019715030788955,0.42052352133728194
EURUSD,10,2025-09-09,VAR1,110,6,94.3257024366361,70.34781335688442,134.7236021067633,64.74317573550748
EURUSD,10,2025-09-09,ARHinc,110,6,0.4046785259224844,0.32807445114401795,0.42464887306223426,0.41355881350188317
EURUSD,10,2025-09-09,KernelARH,110,6,0.5833684752976106,0.47869013492172685,0.779223249215863,0.4769845686262345
EURUSD,1,2025-08-28,PM,110,8,0.13700171952879342,0.0854615384615385,0.2032202825310997,0.07292765573000842
EURUSD,1,2025-08-28,PA,110,8,0.41595045945515186,0.33969916759617047,0.47483818524353205,0.4056875520066527
EURUSD,1,2025-08-28,VAR1,110,8,244.28490484218193,164.47286200222322,374.7438202381917,128.8492038417509
EURUSD,1,2025-08-28,ARHinc,110,8,0.43361135906612186,0.3501600340595822,0.4919683856487639,0.4143125736577317
EURUSD,1,2025-08-28,KernelARH,110,8,0.4456701491719836,0.35670692361024975,0.5080518473581032,0.4182087575381189
EURUSD,5,2025-09-03,PM,110,8,0.5717195301490462,0.2868846153846155,1.0376284288084094,0.235556307496581
EURUSD,5,2025-09-03,PA,110,8,0.6002677147937114,0.4596882336298019,0.885661397221852,0.4504791072482322
EURUSD,5,2025-09-03,VAR1,110,8,207.36972165931275,138.5781912861751,309.8533919946192,120.4343384373914
EURUSD,5,2025-09-03,ARHinc,110,8,0.6430424448627772,0.49212831887968944,0.9598488537451583,0.46691038857488776
EURUSD,5,2025-09-03,KernelARH,110,8,0.6138837482079847,0.46962158873078036,0.9061455069114238,0.45646290425917396
EURUSD,10,2025-09-10,PM,110,6,0.37170701603444456,0.2716153846153847,0.5136493050829408,0.21345092197893628
EURUSD,10,2025-09-10,PA,110,6,0.48451014781093427,0.40404253459592687,0.5751477639341557,0.44403812945467136
EURUSD,10,2025-09-10,VAR1,110,6,85.99176872909288,64.6094004370317,122.29677153116316,59.84998785641131
EURUSD,10,2025-09-10,ARHinc,110,6,0.5043521089421887,0.42050722946279806,0.6179052939522004,0.44916227531428377
EURUSD,10,2025-09-10,KernelARH,110,6,0.5005955869840025,0.4155511602800862,0.6245379691779142,0.44355271681556224
EURUSD,1,2025-08-29,PM,110,8,0.2558294391251267,0.09153846153846165,0.47635175470419955,0.09771997303991851
EURUSD,1,2025-08-29,PA,110,8,0.3781079936674644,0.30689460917367006,0.38236037767313374,0.3966360589227505
EURUSD,1,2025-08-29,VAR1,110,8,205.97144506911965,136.0447939528126,315.77578011442904,108.32629791112669
EURUSD,1,2025-08-29,ARHinc,110,8,0.36371784854742417,0.292284917877224,0.31153163579510634,0.4000200799236783
EURUSD,1,2025-08-29,KernelARH,110,8,0.40598267346852845,0.33025070743100887,0.4494688613042321,0.4042177515396246
EURUSD,5,2025-09-04,PM,110,8,0.6584894573071125,0.25288461538461543,1.21780728775305,0.2526912577322514
EURUSD,5,2025-09-04,PA,110,8,0.6639240083171128,0.4730107519982143,1.049325390043877,0.45165704037869525
EURUSD,5,2025-09-04,VAR1,110,8,182.0250178783694,120.40234804994388,272.2305533561515,105.11643643852769
EURUSD,5,2025-09-04,ARHinc,110,8,0.5789433182500228,0.42552488761946516,0.8796389846192505,0.4343662446354068
EURUSD,5,2025-09-04,KernelARH,110,8,0.6919778048493517,0.4885767766118932,1.0997509823693408,0.4600892526512349
EURUSD,10,2025-09-11,PM,110,6,0.5317152939742789,0.3893846153846153,0.7235821282275913,0.3265586664365628
EURUSD,10,2025-09-11,PA,110,6,0.5630464628377887,0.48169185822880173,0.6425819384212847,0.4944689641058542
EURUSD,10,2025-09-11,VAR1,110,6,90.23059491127975,65.57788572326844,130.48028045841463,59.986981085972715
EURUSD,10,2025-09-11,ARHinc,110,6,0.619884857575222,0.5285376177357431,0.7388454551509256,0.5206279016386371
EURUSD,10,2025-09-11,KernelARH,110,6,0.5299596143207245,0.4500446381367474,0.6062260616352219,0.46862692420257196
EURUSD,1,2025-09-01,PM,110,8,0.09121271630307166,0.060115384615384695,0.125313700131772,0.054376600954978815
EURUSD,1,2025-09-01,PA,110,8,0.346994271972889,0.2740771634354736,0.2868649206070881,0.3911403895440767
EURUSD,1,2025-09-01,VAR1,110,8,24.92512720144741,15.577455189895225,38.19305665130952,13.03310091764207
EURUSD,1,2025-09-01,ARHinc,110,8,0.3532682317720609,0.2779825533258322,0.3098724790897627,0.3917003026154473
EURUSD,1,2025-09-01,KernelARH,110,8,0.4029138774875491,0.3357227187272069,0.4108374148608457,0.4137407366750504
EURUSD,5,2025-09-05,PM,110,8,0.06076673558655379,0.03630769230769221,0.09215344838350524,0.03222623073991805
EURUSD,5,2025-09-05,PA,110,8,0.3553319787390405,0.28214892550707066,0.3017518305856382,0.39534068503321046
EURUSD,5,2025-09-05,VAR1,110,8,36.472479323490994,23.427895853966138,54.86633385321985,20.508296724918935
EURUSD,5,2025-09-05,ARHinc,110,8,0.3739139843883889,0.3009743848690714,0.34485133519059014,0.4005650617670138
EURUSD,5,2025-09-05,KernelARH,110,8,0.40510928183495165,0.3289230179250468,0.447739524966941,0.4060664861694519
EURUSD,10,2025-09-12,PM,110,6,0.7128690677062006,0.5534999999999999,1.0773707741945127,0.40732954326257187
EURUSD,10,2025-09-12,PA,110,6,0.7914841797109806,0.6344919864727023,1.1023077970704165,0.5679735776641281
EURUSD,10,2025-09-12,VAR1,110,6,32.26066746306084,21.244376645158486,48.24294580006732,19.004498220640215
EURUSD,10,2025-09-12,ARHinc,110,6,0.846644159376972,0.6739328163662448,1.1949176038873437,0.5900991104495382
EURUSD,10,2025-09-12,KernelARH,110,6,0.6474556823498275,0.5416483638503587,0.8345749130672704,0.5154027512302464
EURUSD,1,2025-09-02,PM,110,8,0.24778072657399816,0.13157692307692292,0.43695160583532755,0.1063378071932419
EURUSD,1,2025-09-02,PA,110,8,0.42412571748267014,0.3393277014904553,0.5170634887636238,0.40516549053099965
EURUSD,1,2025-09-02,VAR1,110,8,34.76305820138767,20.987212119006298,53.19250000834277,18.140413625110163
EURUSD,1,2025-09-02,ARHinc,110,8,0.41882529209903796,0.33451396030249675,0.5036808402694194,0.4043990918012836
EURUSD,1,2025-09-02,KernelARH,110,8,0.5062883745862723,0.4002189896669141,0.6881875696968007,0.4282849231138725
EURUSD,5,2025-09-08,PM,110,8,0.25281929545397874,0.15515384615384634,0.42752266303463127,0.11491814732866867
EURUSD,5,2025-09-08,PA,110,8,0.42492393357841496,0.346094205628123,0.5083794515216314,0.4056820515532512
EURUSD,5,2025-09-08,VAR1,110,8,46.78126879241756,29.690730837650108,70.44547876703766,26.252854537922754
EURUSD,5,2025-09-08,ARHinc,110,8,0.4254512023608266,0.3464473347945864,0.5096821569910228,0.40570411260739364
EURUSD,5,2025-09-08,KernelARH,110,8,0.35037412118208705,0.2760467429709565,0.29734861484079417,0.3934612686348715
EURUSD,10,2025-09-15,PM,110,6,0.7629070162114222,0.6215769230769231,1.1413579065407935,0.458819469139488
EURUSD,10,2025-09-15,PA,110,6,0.8326806593046647,0.6704515832183111,1.1619317564784633,0.6053592019923798
EURUSD,10,2025-09-15,VAR1,110,6,36.89938705168008,24.308868021924088,55.19403124819485,21.796321249439846
EURUSD,10,2025-09-15,ARHinc,110,6,0.8710937873837016,0.6996687079785482,1.2242324678134093,0.62352906880464265
EURUSD,10,2025-09-15,KernelARH,110,6,0.6864450840411361,0.5705532489486838,0.8977981325263129,0.5467423545182358
EURUSD,1,2025-09-03,PM,110,8,0.04359781222457417,0.030192307692307685,0.06728814086402868,0.025109481813720084
EURUSD,1,2025-09-03,PA,110,8,0.3619759006629297,0.28816975339915074,0.32857160507847255,0.3977224673852385
EURUSD,1,2025-09-03,VAR1,110,8,172.51534989180726,107.39753640546452,263.7236249387337,90.58870157328147
EURUSD,1,2025-09-03,ARHinc,110,8,0.37776171283739385,0.3020959913665961,0.3839773281249116,0.4010038646189061
EURUSD,1,2025-09-03,KernelARH,110,8,0.48424223111639225,0.3890713117046256,0.6398384680622529,0.42742205223093865
EURUSD,5,2025-09-09,PM,110,8,0.714739362123866,0.4385384615384614,1.2193015648522356,0.32236380621921495
EURUSD,5,2025-09-09,PA,110,8,0.7757290806719668,0.5833406758836717,1.1886658670370935,0.506430398740304
EURUSD,5,2025-09-09,VAR1,110,8,64.57448434052891,47.09711089292747,90.83156526421978,45.03210137798845
EURUSD,5,2025-09-09,ARHinc,110,8,0.7130184890823065,0.539588972226162,1.0807736965290802,0.4840816042427431
EURUSD,5,2025-09-09,KernelARH,110,8,0.46825331763930095,0.37460306714158303,0.5987126293055738,0.421035495402565
EURUSD,10,2025-09-16,PM,110,6,0.28266315914611434,0.1994230769230769,0.41531873645957673,0.17390807121280424
EURUSD,10,2025-09-16,PA,110,6,0.4682041841477424,0.3968700065834564,0.5145179159431142,0.4466660642305655
EURUSD,10,2025-09-16,VAR1,110,6,33.9959399079214,21.215920781658973,50.419605125938716,18.860873026870703
EURUSD,10,2025-09-16,ARHinc,110,6,0.46252684863981225,0.38929669423835817,0.5089643762658972,0.44404028739820617
EURUSD,10,2025-09-16,KernelARH,110,6,0.4803052584876608,0.3727673480216093,0.6015574296889403,0.44397267701395693
EURUSD,1,2025-09-04,PM,110,8,0.1643372470538276,0.11161538461538464,0.27363649253716366,0.08714912098382029
EURUSD,1,2025-09-04,PA,110,8,0.4145579553070654,0.33395994138629626,0.48071659470931055,0.40617848109660004
EURUSD,1,2025-09-04,VAR1,110,8,235.2203900013956,147.22447079311092,359.16285368211044,123.92021481619264
EURUSD,1,2025-09-04,ARHinc,110,8,0.4126751549228809,0.33284383401156725,0.4425949041103959,0.41301344250406596
EURUSD,1,2025-09-04,KernelARH,110,8,0.500248290153678,0.3761472841024758,0.7130175367068995,0.4159861470316464
EURUSD,5,2025-09-10,PM,110,8,0.8290641155497612,0.5585000000000002,1.381916052304693,0.39846065709341505
EURUSD,5,2025-09-10,PA,110,8,0.8853422197659533,0.6702677413379302,1.3482369509310494,0.5633651749727663
EURUSD,5,2025-09-10,VAR1,110,8,96.5315606183429,71.72121508211934,132.72447212637675,70.43586197452505
EURUSD,5,2025-09-10,ARHinc,110,8,0.924796193856033,0.6978646983119973,1.4093784750591698,0.5825552398965861
EURUSD,5,2025-09-10,KernelARH,110,8,0.5375878831275334,0.4438020576915462,0.7086764516943107,0.45034423576561333
EURUSD,10,2025-09-17,PM,110,6,0.6641145420783978,0.4833846153846155,1.0600390107334754,0.36391626024069695
EURUSD,10,2025-09-17,PA,110,6,0.7507826662327354,0.5917488110027556,1.0540286067214362,0.5488489566041763
EURUSD,10,2025-09-17,VAR1,110,6,66.30823618691542,38.19771361505989,100.06431176594121,34.7345784743359
EURUSD,10,2025-09-17,ARHinc,110,6,0.7848060206314565,0.6147028383956173,1.1119973879357115,0.5624501485032938
EURUSD,10,2025-09-17,KernelARH,110,6,0.5274767591762809,0.43664279080061486,0.585075521910526,0.49555986172570793
EURUSD,1,2025-09-05,PM,110,8,0.4409585821297122,0.2109999999999999,0.7875706344530472,0.17901053495494157
EURUSD,1,2025-09-05,PA,110,8,0.5387644907352909,0.4345491846003405,0.7106246278049645,0.4424978417789394
EURUSD,1,2025-09-05,VAR1,110,8,422.51803522174816,276.9994749885125,646.0311876749538,221.76795188673412
EURUSD,1,2025-09-05,ARHinc,110,8,0.664643887924942,0.5207529389390589,0.9459057844246408,0.4793495794540491
EURUSD,1,2025-09-05,KernelARH,110,8,0.4426222113900914,0.3618256746951682,0.5025459843151973,0.42282085350321474
EURUSD,5,2025-09-11,PM,110,8,0.9307017616996163,0.6301538461538462,1.5313514563319806,0.45282824293303525
EURUSD,5,2025-09-11,PA,110,8,0.9786735757245449,0.7286426452525427,1.4560167751362532,0.6095231192514623
EURUSD,5,2025-09-11,VAR1,110,8,147.81823338599753,119.99234423896928,186.48075759336578,119.07614869009744
EURUSD,5,2025-09-11,ARHinc,110,8,1.1172082096593765,0.8174747293187421,1.6824410373403258,0.6688485331737966
EURUSD,5,2025-09-11,KernelARH,110,8,0.5875205228383742,0.4930836659838336,0.7241449210415751,0.48795670679922826
EURUSD,10,2025-09-18,PM,110,6,1.0124144550756642,0.7154230769230769,1.6746671897521392,0.5170641893808602
EURUSD,10,2025-09-18,PA,110,6,1.0464481212450523,0.7739163215259557,1.580438727699837,0.6599807763398061
EURUSD,10,2025-09-18,VAR1,110,6,130.07406277254722,73.97755073067589,195.9469882655913,68.12800540442913
EURUSD,10,2025-09-18,ARHinc,110,6,1.2080613726593437,0.8802000713311158,1.843320998377581,0.7314101637893635
EURUSD,10,2025-09-18,KernelARH,110,6,0.6969661838560589,0.5768504516710079,0.8997924095280782,0.5682959099151484
EURUSD,1,2025-09-08,PM,110,8,0.20170606470421637,0.0946538461538462,0.3567518347808185,0.08319337733756549
EURUSD,1,2025-09-08,PA,110,8,0.39140480481033324,0.3133640390778872,0.4339457877462713,0.3971548475827912
EURUSD,1,2025-09-08,VAR1,110,8,10.47360904235354,7.409430017935108,15.746575164812025,5.802282411398881
EURUSD,1,2025-09-08,ARHinc,110,8,0.36591564264991083,0.2928789501904222,0.36177149020158844,0.3928996904136599
EURUSD,1,2025-09-08,KernelARH,110,8,0.37258904832738166,0.2967249785135128,0.3808603634667034,0.3940212926213871
EURUSD,5,2025-09-12,PM,110,8,0.6874790206589244,0.5363846153846152,1.044128629827162,0.39571651451571777
EURUSD,5,2025-09-12,PA,110,8,0.7697565351672708,0.6110982729470933,1.0701367207380208,0.5608945057281274
EURUSD,5,2025-09-12,VAR1,110,8,34.9328531396529,20.815278652126388,53.37138985464693,18.288480438158654
EURUSD,5,2025-09-12,ARHinc,110,8,0.750521442847182,0.598348539462633,1.0306369071879233,0.5598204635973211
EURUSD,5,2025-09-12,KernelARH,110,8,0.6889154048484066,0.565676547081077,0.9152631521938996,0.5317830764580689
EURUSD,10,2025-09-19,PM,110,6,0.8234390244110835,0.7034615384615385,1.2255177942009687,0.5352608998343809
EURUSD,10,2025-09-19,PA,110,6,0.8895373826378842,0.7162540621541272,1.2368918198965635,0.6668568863951679
EURUSD,10,2025-09-19,VAR1,110,6,47.051048049018384,30.440888178938955,71.70444275598061,25.50365733400902
EURUSD,10,2025-09-19,ARHinc,110,6,0.852130451255947,0.6887393748886476,1.1688776377286956,0.6563377731601634
EURUSD,10,2025-09-19,KernelARH,110,6,0.9783300985869686,0.819932144673627,1.316429062078578,0.7448514565582071
EURUSD,1,2025-09-09,PM,110,8,0.22798711586403295,0.16092307692307678,0.37020123844135383,0.11505460903342583
EURUSD,1,2025-09-09,PA,110,8,0.42481869729782357,0.3446823958461928,0.5101350133552197,0.4083144136268523
EURUSD,1,2025-09-09,VAR1,110,8,142.06532875891392,90.34879963174917,217.15020927877433,74.66482609942038
EURUSD,1,2025-09-09,ARHinc,110,8,0.3683092851334302,0.2965053241965685,0.36418684143991953,0.39495870927027954
EURUSD,1,2025-09-09,KernelARH,110,8,0.4200385813338511,0.34057800767728336,0.4992297647117204,0.4063499814296231
EURUSD,5,2025-09-15,PM,110,8,0.5358294253556097,0.4669230769230769,0.7415234837046354,0.36630011713501376
EURUSD,5,2025-09-15,PA,110,8,0.6419116305916014,0.527919536657723,0.8174344809055457,0.5395970416992112
EURUSD,5,2025-09-15,VAR1,110,8,84.70328581639731,60.040141517601484,124.23493035250672,51.62640574233966
EURUSD,5,2025-09-15,ARHinc,110,8,0.5835471215123105,0.4787180413112285,0.7269935303558515,0.5074163095454434
EURUSD,5,2025-09-15,KernelARH,110,8,0.7089989360110519,0.582730290851051,0.9416598230118993,0.5574790108122758
EURUSD,10,2025-09-22,PM,110,6,0.6212560168413167,0.5775769230769231,0.8315635744937866,0.4802206407280281
EURUSD,10,2025-09-22,PA,110,6,0.7119657935159046,0.5889128265206175,0.8968021140178674,0.6228929030275373
EURUSD,10,2025-09-22,VAR1,110,6,24.801208268631772,19.975305144125084,34.17979319014301,17.97160946880625
EURUSD,10,2025-09-22,ARHinc,110,6,0.694839341096859,0.5703310681064842,0.8744020381891859,0.6106636835565605
EURUSD,10,2025-09-22,KernelARH,110,6,0.8621414305408709,0.7221883943200964,1.1325075243538858,0.6980658991163181
EURUSD,1,2025-09-10,PM,110,8,0.12875382742630648,0.10246153846153852,0.15757798858683966,0.0939649463519044
EURUSD,1,2025-09-10,PA,110,8,0.3772728110037729,0.30363390356421044,0.3539932413245282,0.40742582354087525
EURUSD,1,2025-09-10,VAR1,110,8,251.45433626648563,160.29218456016562,382.61431305299465,134.86244283557846
EURUSD,1,2025-09-10,ARHinc,110,8,0.41864396240393903,0.34177624675051543,0.447129169366865,0.42420977967890827
EURUSD,1,2025-09-10,KernelARH,110,8,0.4560531460356881,0.37292553044417925,0.5521484838004889,0.4250212297061374
EURUSD,5,2025-09-16,PM,110,8,0.5728723595920958,0.2990769230769232,1.0066397288082165,0.24410677903615116
EURUSD,5,2025-09-16,PA,110,8,0.6545084986836249,0.5011213304338524,0.9671789277545194,0.47665142718556
EURUSD,5,2025-09-16,VAR1,110,8,114.55850511695161,84.24536805495191,167.83390781859185,70.28031813239186
EURUSD,5,2025-09-16,ARHinc,110,8,0.6013026169999351,0.4670690847967135,0.8691711899226929,0.4627957002716331
EURUSD,5,2025-09-16,KernelARH,110,8,0.4834431012169881,0.3790879364277725,0.6260084190384232,0.43459287521300677
EURUSD,10,2025-09-23,PM,110,6,0.4193806674499545,0.3993076923076925,0.5047366795076023,0.36526458675590706
EURUSD,10,2025-09-23,PA,110,6,0.5541242234927218,0.4435544257349905,0.6284948798981304,0.5386719627534992
EURUSD,10,2025-09-23,VAR1,110,6,24.609111577351648,19.586915340348607,30.924303729132873,20.189617231161957
EURUSD,10,2025-09-23,ARHinc,110,6,0.5641116361772271,0.451724564683453,0.6450255081113073,0.5451528729587732
EURUSD,10,2025-09-23,KernelARH,110,6,0.780929607634593,0.6350903585570159,1.0545190066944063,0.6201610909578307
EURUSD,1,2025-09-11,PM,110,8,0.16982173911759077,0.13234615384615378,0.2428612086095418,0.11418578905650652
EURUSD,1,2025-09-11,PA,110,8,0.36463853424064663,0.29321401414592324,0.30585404568593566,0.4059795928697163
EURUSD,1,2025-09-11,VAR1,110,8,131.2725934852022,87.13754819106619,200.9058570268017,69.6420192551515
EURUSD,1,2025-09-11,ARHinc,110,8,0.3845807599246379,0.3142137872174574,0.3536026059288197,0.41012464560867523
EURUSD,1,2025-09-11,KernelARH,110,8,0.4000826995876824,0.3281202144177119,0.3825931321008622,0.4163369291349518
EURUSD,5,2025-09-17,PM,110,8,0.25959630271753753,0.16476923076923072,0.42301960582032955,0.13731354277571825
EURUSD,5,2025-09-17,PA,110,8,0.43736127137848463,0.3500989333286793,0.4712222259355802,0.43119182559504615
EURUSD,5,2025-09-17,VAR1,110,8,75.14124989835938,54.30438478443159,113.93741066030253,42.51811325007586
EURUSD,5,2025-09-17,ARHinc,110,8,0.39969995773277156,0.32509871215250047,0.3786551401555342,0.4224848285918498
EURUSD,5,2025-09-17,KernelARH,110,8,0.4303917808306828,0.3642923377232979,0.42724837612044353,0.44231492086165186
EURUSD,10,2025-09-24,PM,110,6,0.3298806602394266,0.3135,0.37826348358055967,0.29918906854533456
EURUSD,10,2025-09-24,PA,110,6,0.494072353083875,0.4026245887411158,0.5228100809637054,0.5020241373471251
EURUSD,10,2025-09-24,VAR1,110,6,35.623613326338514,27.277848301056697,51.72567476407575,23.270427619828475
EURUSD,10,2025-09-24,ARHinc,110,6,0.5606899584122189,0.45802800271861743,0.6675522481603793,0.5233558881044436
EURUSD,10,2025-09-24,KernelARH,110,6,0.744391587915625,0.6172588039660915,0.9612829245585506,0.6145295602712137
EURUSD,1,2025-09-12,PM,110,8,0.1576069539172587,0.10519230769230763,0.2590115697788599,0.08513132158261742
EURUSD,1,2025-09-12,PA,110,8,0.38700789428829696,0.31713833161383187,0.38207879815343737,0.4058458218428255
EURUSD,1,2025-09-12,VAR1,110,8,19.57003783352201,14.391237686597426,28.156900416452302,13.310989581274926
EURUSD,1,2025-09-12,ARHinc,110,8,0.4055095024249841,0.33532427807572823,0.42763615138828853,0.4098630570220031
EURUSD,1,2025-09-12,KernelARH,110,8,0.5025865705032365,0.41574984912712526,0.618093029450135,0.4439907938366983
EURUSD,5,2025-09-18,PM,110,8,0.1603132450500006,0.13157692307692312,0.2221309675827255,0.13035717309506514
EURUSD,5,2025-09-18,PA,110,8,0.37850913262261593,0.31318260851041296,0.33251895519343533,0.41854110197722777
EURUSD,5,2025-09-18,VAR1,110,8,13.504783875391135,10.992962661686136,17.492813684667382,10.82549749441553
EURUSD,5,2025-09-18,ARHinc,110,8,0.386340491721427,0.3225787053717334,0.3581257120916577,0.4200466988838602
EURUSD,5,2025-09-18,KernelARH,110,8,0.627357704926497,0.5192331336595604,0.7798263098725404,0.5410007906253905
EURUSD,10,2025-09-25,PM,110,6,0.18909183259423487,0.16792307692307695,0.2421856955699295,0.18154304487125045
EURUSD,10,2025-09-25,PA,110,6,0.39137182753653954,0.31812369353044495,0.3395586776190943,0.43571240131399047
EURUSD,10,2025-09-25,VAR1,110,6,11.768162140559436,8.971436137073852,16.44837099803033,8.378890601197686
EURUSD,10,2025-09-25,ARHinc,110,6,0.40094039122688213,0.32682468181659996,0.36795521527078473,0.4380113036333908
EURUSD,10,2025-09-25,KernelARH,110,6,0.6447409264215059,0.5436128700218394,0.7586725079374633,0.5796586569721528
EURUSD,1,2025-09-15,PM,110,8,0.08245540752897426,0.060999999999999964,0.09801828595088889,0.06190168281834628
EURUSD,1,2025-09-15,PA,110,8,0.36270806967520464,0.2967378188981177,0.3052415271385688,0.40353646503804796
EURUSD,1,2025-09-15,VAR1,110,8,32.229888589550995,21.16828271889042,47.632341709483384,20.46187620581255
EURUSD,1,2025-09-15,ARHinc,110,8,0.36251152328223635,0.2957003400548067,0.3044332944213088,0.40391495393652466
EURUSD,1,2025-09-15,KernelARH,110,8,0.40131269559703325,0.3322817468129929,0.4047496476296417,0.4178791314048106
EURUSD,5,2025-09-19,PM,110,8,0.22068076490713903,0.19484615384615378,0.29776722672053935,0.18379564460594514
EURUSD,5,2025-09-19,PA,110,8,0.40300703117902625,0.3261557026394833,0.3764709090451692,0.43964752744183355
EURUSD,5,2025-09-19,VAR1,110,8,9.14092742925376,7.409050060829264,9.448137257566616,8.880982975102881
EURUSD,5,2025-09-19,ARHinc,110,8,0.4007549534214447,0.3228052262780263,0.3700048531342459,0.44001872936511516
EURUSD,5,2025-09-19,KernelARH,110,8,0.7247204412508591,0.5964613927059781,0.9368365325639638,0.6015541093346709
EURUSD,10,2025-09-26,PM,110,6,0.16366681680498624,0.14799999999999996,0.16948977521243938,0.16081649315796046
EURUSD,10,2025-09-26,PA,110,6,0.382688478958996,0.3096997764906992,0.3114548958918665,0.43006339083802586
EURUSD,10,2025-09-26,VAR1,110,6,6.974297929981476,5.758192871483148,8.00086327968492,6.336547842151641
EURUSD,10,2025-09-26,ARHinc,110,6,0.38377778750420327,0.3091232106293774,0.3115592051323318,0.4321632344800407
EURUSD,10,2025-09-26,KernelARH,110,6,0.663059774525714,0.5661767940472058,0.7502698047498335,0.5917202902213985
EURUSD,1,2025-09-16,PM,110,8,0.8088018203585997,0.583730769230769,1.3002879305934572,0.4250823744025134
EURUSD,1,2025-09-16,PA,110,8,0.8741731378968624,0.689363231874693,1.2980169697326576,0.5890946873822525
EURUSD,1,2025-09-16,VAR1,110,8,46.239836397370034,31.095327602239827,67.45001784077526,31.05000786812043
EURUSD,1,2025-09-16,ARHinc,110,8,0.8856720058048269,0.6938525945770238,1.3226021551705593,0.5914007055259302
EURUSD,1,2025-09-16,KernelARH,110,8,0.7383499104523952,0.5776474208607675,1.0847734583873743,0.5243019866662371
EURUSD,5,2025-09-22,PM,110,8,0.18216090731506077,0.15665384615384617,0.25235418558533995,0.14960932301295946
EURUSD,5,2025-09-22,PA,110,8,0.38155299409175614,0.30833129547058497,0.3470758934551127,0.4238167916409608
EURUSD,5,2025-09-22,VAR1,110,8,17.68474310657196,13.377974497210337,21.105603453606026,15.856283255994606
EURUSD,5,2025-09-22,ARHinc,110,8,0.377903664917925,0.3070368184425285,0.3325248530886201,0.42234287436652
EURUSD,5,2025-09-22,KernelARH,110,8,0.6549975338684494,0.5367030094907047,0.8204777506086638,0.5780288849972435
EURUSD,10,2025-09-29,PM,110,6,0.1140837243161624,0.09676923076923068,0.12857668554009458,0.11602119491895217
EURUSD,10,2025-09-29,PA,110,6,0.3775937642913291,0.31045495972890413,0.3191084916630843,0.4202676357649738
EURUSD,10,2025-09-29,VAR1,110,6,5.801709446664516,4.729260037171852,6.52982476898951,5.218929090803869
EURUSD,10,2025-09-29,ARHinc,110,6,0.38083777415575903,0.3124529512279351,0.3261355931159674,0.42229800903865766
EURUSD,10,2025-09-29,KernelARH,110,6,0.6114247129191827,0.5112700839654842,0.6991271000805157,0.5593830201316926
EURUSD,1,2025-09-17,PM,110,8,0.4374848898489567,0.30461538461538434,0.7292868315441073,0.21742139300883062
EURUSD,1,2025-09-17,PA,110,8,0.5550049249643417,0.456743357873039,0.7265181599037384,0.4620546283817596
EURUSD,1,2025-09-17,VAR1,110,8,60.40365326358407,41.69343955992774,87.44929793891293,41.411156907466356
EURUSD,1,2025-09-17,ARHinc,110,8,0.40163107164701684,0.32819680437069426,0.4093776673150178,0.4153896830772672
EURUSD,1,2025-09-17,KernelARH,110,8,0.6276899953454371,0.5219487679038105,0.8089808810594732,0.5121367361857816
EURUSD,5,2025-09-23,PM,110,8,0.8868232522714042,0.6770384615384616,1.431420112335808,0.4978058472366021
EURUSD,5,2025-09-23,PA,110,8,0.9291932164447807,0.7165893103760435,1.377997271329212,0.6353339595045896
EURUSD,5,2025-09-23,VAR1,110,8,16.54735500534717,13.515973854893703,18.070128666112506,14.359964784977446
EURUSD,5,2025-09-23,ARHinc,110,8,0.6936423033730613,0.5528296448776638,0.9762747327830377,0.5387707522665345
EURUSD,5,2025-09-23,KernelARH,110,8,0.8720017041227366,0.731889427941417,1.141756097884672,0.7049050038727236
EURUSD,10,2025-09-30,PM,110,6,0.7668979096634401,0.5891538461538461,1.193597072165796,0.4408376027297278
EURUSD,10,2025-09-30,PA,110,6,0.8322414808211429,0.6653935969809122,1.1638148902109304,0.6025523997541719
EURUSD,10,2025-09-30,VAR1,110,6,17.586991327875396,12.402341433110003,25.15220475744503,10.607751488227194
EURUSD,10,2025-09-30,ARHinc,110,6,0.6196228321281598,0.5150178534021931,0.7874312150304253,0.5189339675641359
EURUSD,10,2025-09-30,KernelARH,110,6,0.7154763514753668,0.6003421196217883,0.8701435356181874,0.610042739731543
EURUSD,1,2025-09-18,PM,110,8,0.3028292867657898,0.2399615384615386,0.453503436926447,0.18793008210359383
EURUSD,1,2025-09-18,PA,110,8,0.46168135391897114,0.3840499509355019,0.5378909857609078,0.4388620862683186
EURUSD,1,2025-09-18,VAR1,110,8,6.066395319046329,4.44076404550899,8.64035496028986,4.314355257250455
EURUSD,1,2025-09-18,ARHinc,110,8,0.4809646383780679,0.3993973125923432,0.5815245639774144,0.4431816552819957
EURUSD,1,2025-09-18,KernelARH,110,8,0.4400022485066974,0.36761822132065397,0.4746805953036999,0.43768598241096723
EURUSD,5,2025-09-24,PM,110,8,0.4700505803388855,0.3886153846153848,0.6959638026880739,0.307822246830697
EURUSD,5,2025-09-24,PA,110,8,0.5860817103299153,0.48412846506396573,0.7558074819276541,0.503778444962252
EURUSD,5,2025-09-24,VAR1,110,8,3.907532744511562,2.9895318734779,5.422918720463845,2.854060143878216
EURUSD,5,2025-09-24,ARHinc,110,8,0.6092291543795648,0.500103753526711,0.8057507081274727,0.5085398626101423
EURUSD,5,2025-09-24,KernelARH,110,8,0.6683922023312443,0.5590224772510247,0.824641992254957,0.5829728476031414
EURUSD,10,2025-10-01,PM,110,6,0.45848470111209394,0.3385000000000002,0.7131872089268182,0.257266996578859
EURUSD,10,2025-10-01,PA,110,6,0.5734093407413502,0.47262641121304744,0.7527901089244882,0.481189900703663
EURUSD,10,2025-10-01,VAR1,110,6,1.4299055848520015,1.095221119088466,1.9792064378673329,1.0474541588622395
EURUSD,10,2025-10-01,ARHinc,110,6,0.5994220730057541,0.4904566449784852,0.8062430176374682,0.4881435457234863
EURUSD,10,2025-10-01,KernelARH,110,6,0.6698349099156893,0.5559118269937963,0.8826131483827975,0.5434147680206993
EURUSD,1,2025-09-19,PM,110,8,0.22772600777114715,0.18646153846153826,0.3374755987943946,0.1492690146095662
EURUSD,1,2025-09-19,PA,110,8,0.4195945436196506,0.34356170038738804,0.45579996913880927,0.4252221230428878
EURUSD,1,2025-09-19,VAR1,110,8,51.290563602781766,35.54632828324147,73.14734082135354,36.60274959438359
EURUSD,1,2025-09-19,ARHinc,110,8,0.5087449651198738,0.4177193376725409,0.6278787494950476,0.4626576023109489
EURUSD,1,2025-09-19,KernelARH,110,8,0.5133117401439591,0.4223596067162851,0.6310286122163937,0.46747395673198705
EURUSD,5,2025-09-25,PM,110,8,0.16243549015390207,0.12576923076923063,0.20996556759894786,0.12758955524796886
EURUSD,5,2025-09-25,PA,110,8,0.380295193060237,0.3064913370885049,0.33836496459218585,0.4160368251600755
EURUSD,5,2025-09-25,VAR1,110,8,21.96177328844467,18.11079756387687,24.18999918874795,20.727354722687885
EURUSD,5,2025-09-25,ARHinc,110,8,0.4219351665905165,0.34909712423593925,0.42785886524010186,0.4352486317790053
EURUSD,5,2025-09-25,KernelARH,110,8,0.549712519328333,0.4541474769188892,0.6008426670012902,0.5290011135105104
EURUSD,10,2025-10-02,PM,110,6,0.22632802522003317,0.16865384615384602,0.3340145577163676,0.1342267703413258
EURUSD,10,2025-10-02,PA,110,6,0.4350367751681091,0.35820083144101905,0.4707133666184445,0.4343313905034745
EURUSD,10,2025-10-02,VAR1,110,6,13.66585120895079,9.590102123642836,19.551927083991743,8.124224749361757
EURUSD,10,2025-10-02,ARHinc,110,6,0.5086403006369692,0.42553400443609707,0.6264651529963674,0.4563043417283142
EURUSD,10,2025-10-02,KernelARH,110,6,0.7087113924255047,0.5943657205455695,0.9304207074103125,0.5693751453823493
EURUSD,1,2025-09-22,PM,110,8,0.07879348616185516,0.04915384615384619,0.10359939113322017,0.04645979259617468
EURUSD,1,2025-09-22,PA,110,8,0.36389843888028384,0.3002856470312056,0.31889351438743846,0.40167500482927765
EURUSD,1,2025-09-22,VAR1,110,8,46.18005639080829,33.66629153184359,69.23523491366186,27.69118899843519
EURUSD,1,2025-09-22,ARHinc,110,8,0.36328043010289146,0.2995296264173068,0.3185918914814906,0.4012402359971225
EURUSD,1,2025-09-22,KernelARH,110,8,0.36242437180606657,0.29681686014476616,0.33149961330868893,0.39995051324927905
EURUSD,5,2025-09-26,PM,110,8,0.20924291183656885,0.1305769230769231,0.35218273403522415,0.12219047954492337
EURUSD,5,2025-09-26,PA,110,8,0.3810814623185874,0.304287575658815,0.3605290984688628,0.4119274549585641
EURUSD,5,2025-09-26,VAR1,110,8,26.791560757308982,19.917107139517782,38.875632686016765,16.219415508754388
EURUSD,5,2025-09-26,ARHinc,110,8,0.3840415603943836,0.3060812370151424,0.36479066370413893,0.4138470136986824
EURUSD,5,2025-09-26,KernelARH,110,8,0.5562539863658436,0.4679479054630157,0.582989340179014,0.5306118693553671
EURUSD,10,2025-10-03,PM,110,6,0.3216670071075653,0.21926923076923066,0.4789656247290911,0.17609863882388063
EURUSD,10,2025-10-03,PA,110,6,0.4862233413255178,0.40206561959523923,0.5942973314157463,0.4426999389051629
EURUSD,10,2025-10-03,VAR1,110,6,18.682772306245152,12.85410912573861,26.90287821032261,10.847956965622693
EURUSD,10,2025-10-03,ARHinc,110,6,0.48629118402132465,0.40134388012940686,0.5956906589428053,0.4424794687627633
EURUSD,10,2025-10-03,KernelARH,110,6,0.940485668707664,0.7680632918987048,1.308552079454623,0.6787437077247687
EURUSD,1,2025-09-23,PM,110,8,0.04199816845823345,0.03365384615384614,0.05903730162090313,0.0335370663051133
EURUSD,1,2025-09-23,PA,110,8,0.3673706027910795,0.29937649011202644,0.34575398651412625,0.40036780693442664
EURUSD,1,2025-09-23,VAR1,110,8,38.13013572746728,28.09932817769374,57.567297429370875,21.514756959511413
EURUSD,1,2025-09-23,ARHinc,110,8,0.36904936147695777,0.3010719664862734,0.34246240795481986,0.40216907499742455
EURUSD,1,2025-09-23,KernelARH,110,8,0.467533040332852,0.3787536945214576,0.5762529462155227,0.43669367601175724
EURUSD,5,2025-09-29,PM,110,8,0.20913558355213568,0.14723076923076928,0.3356660285020737,0.12591841564370246
EURUSD,5,2025-09-29,PA,110,8,0.38057396516771225,0.30723673574414706,0.3326058310573659,0.4166253721508241
EURUSD,5,2025-09-29,VAR1,110,8,22.99557093896043,15.890514498404617,34.072372287378386,12.890748527106174
EURUSD,5,2025-09-29,ARHinc,110,8,0.38792210554094797,0.31348510478679015,0.3478403413856305,0.42026535984552954
EURUSD,5,2025-09-29,KernelARH,110,8,0.696477096759199,0.5883554893605231,0.82234670942903,0.6097845574549666
EURUSD,10,2025-10-06,PM,110,6,0.2329456027620051,0.17803846153846167,0.29737535997983955,0.17734970452609086
EURUSD,10,2025-10-06,PA,110,6,0.4186035055117959,0.3420420732104178,0.396291736133425,0.4444543597173103
EURUSD,10,2025-10-06,VAR1,110,6,16.621548156603225,11.538387210632184,23.847576656567266,9.747542535415342
EURUSD,10,2025-10-06,ARHinc,110,6,0.41473924325060807,0.33864424904500795,0.381894037504671,0.4443939421399125
EURUSD,10,2025-10-06,KernelARH,110,6,0.7591006454130926,0.6301315495537665,1.0080891992826215,0.5972850564001039
EURUSD,1,2025-09-24,PM,110,8,0.07685776073120644,0.05461538461538457,0.11344625643970777,0.04950550226456324
EURUSD,1,2025-09-24,PA,110,8,0.3593631325042821,0.28820506934697676,0.30647433174589317,0.4034442246345516
EURUSD,1,2025-09-24,VAR1,110,8,25.79074171019155,18.630382479218532,37.11491423902079,17.766440485245393
EURUSD,1,2025-09-24,ARHinc,110,8,0.37243587105869513,0.29972395707860955,0.34169800733593053,0.4084984924473071
EURUSD,1,2025-09-24,KernelARH,110,8,0.36786203558794167,0.2931205552536803,0.33869772863444836,0.4049577145370897
EURUSD,5,2025-09-30,PM,110,8,0.2108989459068381,0.13642307692307695,0.3538242272978951,0.11320508120946732
EURUSD,5,2025-09-30,PA,110,8,0.38799227595232116,0.31362140785619097,0.35015127991910366,0.42083345261600963
EURUSD,5,2025-09-30,VAR1,110,8,25.179213474175697,17.497569066274572,36.638334018027045,17.65735042113578
EURUSD,5,2025-09-30,ARHinc,110,8,0.3782890595780265,0.30558122627737194,0.3284626083583327,0.41637491476635613
EURUSD,5,2025-09-30,KernelARH,110,8,0.5116201279322914,0.4265233895495659,0.5588999821781828,0.49067459378587985
EURUSD,10,2025-10-07,PM,110,6,0.31832229978193727,0.24473076923076909,0.39464081931730943,0.25716451989258343
EURUSD,10,2025-10-07,PA,110,6,0.48765109360560555,0.398235713757314,0.4885640047117253,0.49220028632618584
EURUSD,10,2025-10-07,VAR1,110,6,18.961978163664124,13.116708697760345,27.204592518738828,11.12183751457425
EURUSD,10,2025-10-07,ARHinc,110,6,0.49294214923359486,0.4060642698375719,0.513720841924048,0.4897810607668195
EURUSD,10,2025-10-07,KernelARH,110,6,0.6688758537402706,0.5463984193418638,0.8880803624976685,0.5460146956506177
EURUSD,1,2025-09-25,PM,110,8,0.17883154406828275,0.11607692307692312,0.2818599751183423,0.09833140134905172
EURUSD,1,2025-09-25,PA,110,8,0.389074498301372,0.3124793773792457,0.3753928465031341,0.4087715608156273
EURUSD,1,2025-09-25,VAR1,110,8,18.015634415817438,12.600354587419956,26.44985518800263,11.732491978542974
EURUSD,1,2025-09-25,ARHinc,110,8,0.4106549678168339,0.33514609541896906,0.41868868691328776,0.4168491003361294
EURUSD,1,2025-09-25,KernelARH,110,8,0.38022195165442035,0.30206899581274815,0.3531418171857585,0.4072456233030148
EURUSD,5,2025-10-01,PM,110,8,0.11831184348023785,0.10399999999999995,0.13682424823140085,0.10365108968687743
EURUSD,5,2025-10-01,PA,110,8,0.3823670308943806,0.30096736580759587,0.33266217373407264,0.422568228692445
EURUSD,5,2025-10-01,VAR1,110,8,15.712504397524551,10.40722665489803,23.185301865489514,10.299294957782445
EURUSD,5,2025-10-01,ARHinc,110,8,0.38854964297867567,0.3114853840302547,0.32757815061761664,0.43068170389756444
EURUSD,5,2025-10-01,KernelARH,110,8,0.6783363700273868,0.5650286189557089,0.9000714926792535,0.541213736968903
EURUSD,10,2025-10-08,PM,110,6,0.3113329747293822,0.24903846153846157,0.37723964732479687,0.24943175921073465
EURUSD,10,2025-10-08,PA,110,6,0.4771444388669556,0.3878219026487275,0.4545098351940629,0.485585749909091
EURUSD,10,2025-10-08,VAR1,110,6,13.82915959604274,9.515681663406976,19.866067786804393,8.072350376045417
EURUSD,10,2025-10-08,ARHinc,110,6,0.47895093524148347,0.3853606438741393,0.45143252806718337,0.4886718526525328
EURUSD,10,2025-10-08,KernelARH,110,6,0.7184896286449394,0.607929621592165,0.9006808299927804,0.6045327241683163
EURUSD,1,2025-09-26,PM,110,8,0.13445330902470312,0.08796153846153848,0.19628774631709595,0.07299059801318289
EURUSD,1,2025-09-26,PA,110,8,0.362897632481371,0.2913473381368201,0.3059538059833129,0.4009949253120407
EURUSD,1,2025-09-26,VAR1,110,8,6.513913661956256,4.267853097187148,9.852417525973342,3.883061593809703
EURUSD,1,2025-09-26,ARHinc,110,8,0.362874190972231,0.2917939582091702,0.30231135451867175,0.40252585606089636
EURUSD,1,2025-09-26,KernelARH,110,8,0.3593906216521877,0.2859789182601799,0.29817116271770155,0.3997998723025325
EURUSD,5,2025-10-02,PM,110,8,0.23978365649701175,0.14453846153846162,0.378380691887943,0.12314493328041663
EURUSD,5,2025-10-02,PA,110,8,0.43204795420259356,0.3507922189487883,0.48775763474053696,0.4272133942926128
EURUSD,5,2025-10-02,VAR1,110,8,7.86345348197752,4.965483235777809,11.88430106987492,4.541639597554827
EURUSD,5,2025-10-02,ARHinc,110,8,0.4354425303880916,0.3546672051571981,0.49288352915176137,0.42876609513153074
EURUSD,5,2025-10-02,KernelARH,110,8,0.7180532456598215,0.6012633379128487,0.9592213187759517,0.5600495566490713
EURUSD,10,2025-10-09,PM,110,6,0.32270230684975565,0.24719230769230768,0.39415235993095044,0.25982313728041173
EURUSD,10,2025-10-09,PA,110,6,0.46602578795430855,0.36848897125344876,0.42053185036524354,0.48733851952939516
EURUSD,10,2025-10-09,VAR1,110,6,7.102169054570316,4.8922849680131595,10.189132416967176,4.124124979524592
EURUSD,10,2025-10-09,ARHinc,110,6,0.45949463425172465,0.3637943512271065,0.4151007558260807,0.4808394474057278
EURUSD,10,2025-10-09,KernelARH,110,6,0.6114888806953975,0.5233579579281102,0.6719647423728141,0.574466654200395
EURUSD,1,2025-09-29,PM,110,8,0.13110935688019543,0.07480769230769235,0.17838461211759019,0.07142066323753041
EURUSD,1,2025-09-29,PA,110,8,0.3644138209317743,0.29265890468960243,0.3122403443765381,0.4026802083153793
EURUSD,1,2025-09-29,VAR1,110,8,4.759539552165879,3.7036570393764614,6.971776941796753,2.92907392901829
EURUSD,1,2025-09-29,ARHinc,110,8,0.36816353160254206,0.29359965869308524,0.31644035055732284,0.4052844279679257
EURUSD,1,2025-09-29,KernelARH,110,8,0.3989806903373714,0.32561363168430596,0.36348786356456503,0.4226375574623415
EURUSD,5,2025-10-03,PM,110,8,0.4275511103050452,0.27196153846153853,0.7179122935573402,0.20124782915782002
EURUSD,5,2025-10-03,PA,110,8,0.5563020951241295,0.4474725311120136,0.7630454934658588,0.4525014738512444
EURUSD,5,2025-10-03,VAR1,110,8,6.4278310886255765,4.998947245645464,8.010700131877922,4.745012689607549
EURUSD,5,2025-10-03,ARHinc,110,8,0.5565793561576611,0.4435329724471414,0.771149982678655,0.44890571223390624
EURUSD,5,2025-10-03,KernelARH,110,8,0.6590274640274058,0.5435855952895047,0.914603995976386,0.5009585382078574
EURUSD,10,2025-10-10,PM,110,6,0.4004647540430608,0.3324230769230768,0.4872741429206737,0.29340175717772926
EURUSD,10,2025-10-10,PA,110,6,0.515446194387671,0.42901363688024824,0.5032944315756622,0.5048941480033108
EURUSD,10,2025-10-10,VAR1,110,6,9.206326028538863,6.280244178306356,13.320443034488589,5.505285697085503
EURUSD,10,2025-10-10,ARHinc,110,6,0.5331672188879601,0.44695614515253035,0.5126463510973561,0.5237266266383022
EURUSD,10,2025-10-10,KernelARH,110,6,0.4458415400104487,0.3561931157825145,0.39571826092127266,0.4769049528744961
EURUSD,1,2025-09-30,PM,110,8,0.06449433487345393,0.05107692307692303,0.07182332831799597,0.061050709675874934
EURUSD,1,2025-09-30,PA,110,8,0.36999007186346483,0.29341638403066,0.310503397075741,0.41280529748021705
EURUSD,1,2025-09-30,VAR1,110,8,5.687518503877771,4.173055888930608,8.642116410761414,3.1898245385816733
EURUSD,1,2025-09-30,ARHinc,110,8,0.3706799020155393,0.29306278748290165,0.318135595246584,0.41155391369367184
EURUSD,1,2025-09-30,KernelARH,110,8,0.37212702104887646,0.2983058074153883,0.32515956840615606,0.4107577858341842
EURUSD,5,2025-10-06,PM,110,8,0.22067836846345482,0.13226923076923083,0.3715871919728672,0.11074049001758271
EURUSD,5,2025-10-06,PA,110,8,0.4287106403140522,0.3449807549477011,0.4766203743628998,0.42827434078833865
EURUSD,5,2025-10-06,VAR1,110,8,2.3371532506053625,1.7080063165086048,3.092635730124533,2.0422378331932736
EURUSD,5,2025-10-06,ARHinc,110,8,0.45282282970622956,0.3663619540271822,0.5362415144801054,0.43283547121601823
EURUSD,5,2025-10-06,KernelARH,110,8,0.6621298908958458,0.5484243625349405,0.8762990385832851,0.5315048563261818
EURUSD,10,2025-10-13,PM,110,6,0.2474105316146549,0.1809999999999999,0.3020073282515882,0.18768481098785184
EURUSD,10,2025-10-13,PA,110,6,0.4597055031121154,0.3716463591013906,0.432691256075997,0.4654370865472005
EURUSD,10,2025-10-13,VAR1,110,6,1.5159630131347839,1.2781171806824756,1.9295426454431583,1.1914985902629023
EURUSD,10,2025-10-13,ARHinc,110,6,0.4534890685834474,0.37124602827435244,0.44149962387437247,0.45917582396100964
EURUSD,10,2025-10-13,KernelARH,110,6,0.5630453392057008,0.46241672507676673,0.6805509562808453,0.5168421430646409
EURUSD,1,2025-10-01,PM,110,8,0.1515338246069174,0.08719230769230782,0.2670421464617505,0.07103583804231013
EURUSD,1,2025-10-01,PA,110,8,0.3963833344337617,0.3178403221516271,0.4048652533593797,0.4162761247422314
EURUSD,1,2025-10-01,VAR1,110,8,2.660502712753952,2.058479861116867,3.9294459241092152,1.5816153738251066
EURUSD,1,2025-10-01,ARHinc,110,8,0.3867519267111545,0.30446432188120043,0.37161365799496643,0.41614241585450035
EURUSD,1,2025-10-01,KernelARH,110,8,0.3940006243881973,0.3175464055738111,0.352291938042405,0.4303822369034597
EURUSD,5,2025-10-07,PM,110,8,0.27255195341015676,0.20173076923076916,0.4003230311205255,0.1923721098218724
EURUSD,5,2025-10-07,PA,110,8,0.47247264716902143,0.3873250868711121,0.5201840694841634,0.4642866003635775
EURUSD,5,2025-10-07,VAR1,110,8,2.05761095466294,1.7977011150189246,2.445256568469015,1.8757323231726695
EURUSD,5,2025-10-07,ARHinc,110,8,0.4634023983299522,0.38102192417376884,0.4871025739767433,0.46487505541552554
EURUSD,5,2025-10-07,KernelARH,110,8,0.47861196859812627,0.3901270412455026,0.5386674047829273,0.4645657293180382
EURUSD,10,2025-10-14,PM,110,6,0.2424276259962008,0.1806153846153846,0.3170870697232845,0.18339010353513086
EURUSD,10,2025-10-14,PA,110,6,0.4705050259031551,0.3852957072156377,0.46514118034562757,0.4723765804842068
EURUSD,10,2025-10-14,VAR1,110,6,2.082692496139816,1.5233513578553568,2.9496093099644924,1.4363455468263406
EURUSD,10,2025-10-14,ARHinc,110,6,0.47169969003615453,0.38288944846044765,0.45240609415853583,0.4747490149981903
EURUSD,10,2025-10-14,KernelARH,110,6,0.5819430959443896,0.4767399958598574,0.7253900724719845,0.5229882241365278
EURUSD,1,2025-10-02,PM,110,8,0.07217300262350396,0.05192307692307691,0.0884427952958003,0.05135715424547215
EURUSD,1,2025-10-02,PA,110,8,0.3701941326233994,0.2948607465631902,0.31264555843899655,0.4151294564708188
EURUSD,1,2025-10-02,VAR1,110,8,18.816058812416582,13.156899993829535,28.80499447686198,10.465323859343073
EURUSD,1,2025-10-02,ARHinc,110,8,0.3722770053917165,0.2957620507120258,0.32070161555041593,0.41512354624585623
EURUSD,1,2025-10-02,KernelARH,110,8,0.43663730060572176,0.35941780705778126,0.4806374485352456,0.43356228556085746
EURUSD,5,2025-10-08,PM,110,8,0.2937713167388225,0.24438461538461545,0.3654658618822562,0.23461206817162883
EURUSD,5,2025-10-08,PA,110,8,0.48192447519443177,0.3872780123111131,0.4851203848898669,0.48145435703276346
EURUSD,5,2025-10-08,VAR1,110,8,13.317149991244019,9.005743076855133,19.676487543599713,7.959290209411655
EURUSD,5,2025-10-08,ARHinc,110,8,0.4760351194066904,0.38518578892944744,0.47501879308091377,0.47953847951636985
EURUSD,5,2025-10-08,KernelARH,110,8,0.6737651148249186,0.5640540025163927,0.8390523825974786,0.5743532844601321
EURUSD,10,2025-10-15,PM,110,6,0.2045776606347069,0.1720384615384617,0.2615351541530934,0.1702446596210111
EURUSD,10,2025-10-15,PA,110,6,0.44826838328512564,0.36517163647429257,0.4521474778341009,0.46159956677630665
EURUSD,10,2025-10-15,VAR1,110,6,12.428222774534154,8.570871947104216,17.913302615910712,7.211731428948821
EURUSD,10,2025-10-15,ARHinc,110,6,0.4520177532595599,0.36819734978755536,0.4700701403038251,0.4610566998766446
EURUSD,10,2025-10-15,KernelARH,110,6,0.7081758067836962,0.5762675651154222,0.9619132109271811,0.5714232534821552
EURUSD,1,2025-10-03,PM,110,8,0.2899376590818209,0.23715384615384627,0.43106503809515295,0.17391304471365004
EURUSD,1,2025-10-03,PA,110,8,0.4664046058652458,0.382138841762411,0.5467367030614921,0.44200589467301893
EURUSD,1,2025-10-03,VAR1,110,8,16.090490459075088,11.225801959520208,24.667458254357616,8.658362438441133
EURUSD,1,2025-10-03,ARHinc,110,8,0.4741901415475084,0.3887434472305781,0.5646717855091575,0.44392280428175507
EURUSD,1,2025-10-03,KernelARH,110,8,0.4580228093666926,0.37240683272566116,0.5528999709028609,0.42926861799852434
EURUSD,5,2025-10-09,PM,110,8,0.4581647125719677,0.3383846153846153,0.6458527553515038,0.3147238086178319
EURUSD,5,2025-10-09,PA,110,8,0.592323617938921,0.44934138740883467,0.7000465064077147,0.5255378661871611
EURUSD,5,2025-10-09,VAR1,110,8,9.670446953079923,6.574214959467446,14.179076594225103,5.663149526602499
EURUSD,5,2025-10-09,ARHinc,110,8,0.5880459903603548,0.44313263647334217,0.6899564538162607,0.5247999605669547
EURUSD,5,2025-10-09,KernelARH,110,8,0.5022861649401956,0.40584861392688887,0.5065583608606281,0.5024845598765325
EURUSD,10,2025-10-16,PM,110,6,0.19935279898094851,0.1425384615384615,0.25267409066365254,0.14058113025805632
EURUSD,10,2025-10-16,PA,110,6,0.4302901139682987,0.3500267055414937,0.40201388226562107,0.4454396741970624
EURUSD,10,2025-10-16,VAR1,110,6,9.130741227106599,6.427070892367283,13.096949219135636,5.376171946418812
EURUSD,10,2025-10-16,ARHinc,110,6,0.42967981254913507,0.34969780743822604,0.40079941100830857,0.44571746993227807
EURUSD,10,2025-10-16,KernelARH,110,6,0.5583997305688861,0.46069869178413,0.7109904344036921,0.49381963139817275
EURUSD,1,2025-10-06,PM,110,8,0.26824232012807436,0.2074615384615384,0.3857835309225711,0.16998915236292111
EURUSD,1,2025-10-06,PA,110,8,0.4574641169650468,0.3737599112459833,0.46471042128375883,0.45117083929229107
EURUSD,1,2025-10-06,VAR1,110,8,21.895663824364597,14.926301258157645,33.65236594352141,11.485687968573504
EURUSD,1,2025-10-06,ARHinc,110,8,0.45663158127853204,0.3724169074720017,0.4619611934416245,0.4520502494121376
EURUSD,1,2025-10-06,KernelARH,110,8,0.4100162282178267,0.3306929533006582,0.3673498484674548,0.4383893091858061
EURUSD,5,2025-10-10,PM,110,8,0.7638959164400907,0.6020769230769231,1.1254939186068478,0.4579220391562269
EURUSD,5,2025-10-10,PA,110,8,0.844996175090595,0.7044906385623046,1.119339114214454,0.6247000580686368
EURUSD,5,2025-10-10,VAR1,110,8,15.865336051575275,9.891371919743664,23.881036975561145,8.743542319931615
EURUSD,5,2025-10-10,ARHinc,110,8,0.8416820593988444,0.7047071587309681,1.1075674037944991,0.6280652717052225
EURUSD,5,2025-10-10,KernelARH,110,8,0.4975249266551954,0.4034924033871721,0.506974886805289,0.48727508167850425
EURUSD,10,2025-10-17,PM,110,6,0.36576618740139705,0.30526923076923085,0.5052875830756797,0.24435100234831938
EURUSD,10,2025-10-17,PA,110,6,0.5145109194943907,0.4320448201485174,0.5324723926112365,0.49491742800674593
EURUSD,10,2025-10-17,VAR1,110,6,10.438354484871224,7.251796459129963,15.007194996004905,6.151988430543035
EURUSD,10,2025-10-17,ARHinc,110,6,0.520618202713687,0.4399966497923945,0.532735940660959,0.5036103475218969
EURUSD,10,2025-10-17,KernelARH,110,6,0.576493543315365,0.4776290699200182,0.7391211321740471,0.49556473103394316
EURUSD,1,2025-10-07,PM,110,8,0.1703236455421537,0.13276923076923072,0.1871427306709639,0.13438018938960244
EURUSD,1,2025-10-07,PA,110,8,0.4268912279799219,0.34280619089746794,0.38520433731753756,0.4455714338682295
EURUSD,1,2025-10-07,VAR1,110,8,16.096864169192358,11.034631582036376,24.626815642943402,8.509594304315273
EURUSD,1,2025-10-07,ARHinc,110,8,0.4166529447798672,0.3393947350953271,0.38541816516725325,0.43758244982561
EURUSD,1,2025-10-07,KernelARH,110,8,0.4478813295094899,0.36004704315629354,0.5000879556453536,0.44113591947277186
EURUSD,5,2025-10-13,PM,110,8,0.3011596976050056,0.2289615384615384,0.38845972016606467,0.19243214556524532
EURUSD,5,2025-10-13,PA,110,8,0.5018589171141067,0.40955518471318814,0.5100055136184376,0.4709883637158742
EURUSD,5,2025-10-13,VAR1,110,8,8.885114960018958,6.009146726842535,12.806931995648942,5.258005739476676
EURUSD,5,2025-10-13,ARHinc,110,8,0.4695961567646183,0.3791511789814059,0.45540599378274366,0.45756878987566757
EURUSD,5,2025-10-13,KernelARH,110,8,0.5243718116243867,0.42819404222968704,0.6208576903720768,0.49116512343266583
EURUSD,10,2025-10-20,PM,110,6,0.20158792698892536,0.11715384615384614,0.3457445839393487,0.09720314135729072
EURUSD,10,2025-10-20,PA,110,6,0.4612851100363294,0.3719104624807945,0.5496637925685682,0.44585113190019804
EURUSD,10,2025-10-20,VAR1,110,6,7.631829334689926,5.3950650202545,10.948375418997262,4.560521880786014
EURUSD,10,2025-10-20,ARHinc,110,6,0.49895274148138,0.4011506478265809,0.6421655088257346,0.4534887338868768
EURUSD,10,2025-10-20,KernelARH,110,6,0.8190934592596966,0.6641628282126999,1.1757010885628467,0.5918699823417796
EURUSD,1,2025-10-08,PM,110,8,0.11597081861067797,0.08965384615384622,0.16088671899860707,0.08688955902605008
EURUSD,1,2025-10-08,PA,110,8,0.39487993638404917,0.32121208527501877,0.33503386620564685,0.43118923598611253
EURUSD,1,2025-10-08,VAR1,110,8,35.24784821056607,25.077538505731134,52.45063034014169,20.354469773999273
EURUSD,1,2025-10-08,ARHinc,110,8,0.40196761546777704,0.32960057757987715,0.35190889287036303,0.43792149968558214
EURUSD,1,2025-10-08,KernelARH,110,8,0.40666535286679223,0.33330491942920787,0.3864575378990724,0.43047108080886987
EURUSD,5,2025-10-14,PM,110,8,0.1468425700694978,0.09588461538461543,0.20448033005398505,0.0888267045099585
EURUSD,5,2025-10-14,PA,110,8,0.440312996812851,0.36232910458054207,0.4103160449506568,0.44875880991723816
EURUSD,5,2025-10-14,VAR1,110,8,20.441778994018087,13.324207004149407,29.689118084904745,11.76747789624302
EURUSD,5,2025-10-14,ARHinc,110,8,0.4306864572720431,0.36080746114018064,0.4071140446561573,0.44843270997346163
EURUSD,5,2025-10-14,KernelARH,110,8,0.45497280858184197,0.37080435829048136,0.4689732841149451,0.4578808551210242
EURUSD,10,2025-10-21,PM,110,6,0.2151422829735636,0.1562692307692308,0.29148095498977306,0.13420371086655264
EURUSD,10,2025-10-21,PA,110,6,0.4580872416479904,0.37449908489639033,0.4877115913898308,0.45791874892170753
EURUSD,10,2025-10-21,VAR1,110,6,15.186050979932665,10.840543853232601,21.729898413737903,9.164715049331205
EURUSD,10,2025-10-21,ARHinc,110,6,0.5160317766087353,0.4288056173183341,0.6113418783886889,0.4785432278179349
EURUSD,10,2025-10-21,KernelARH,110,6,0.8585230609621024,0.7068204889954719,1.1939347189593656,0.6276958586007242
EURUSD,1,2025-10-09,PM,110,8,0.22683832348172567,0.16376923076923078,0.3596889060336233,0.12593137048068723
EURUSD,1,2025-10-09,PA,110,8,0.43669939314416895,0.35587469469963345,0.4502193455486242,0.43856303995251233
EURUSD,1,2025-10-09,VAR1,110,8,14.614122679991688,11.90138647666621,19.519747063635847,11.075353486236496
EURUSD,1,2025-10-09,ARHinc,110,8,0.41552632375999127,0.3359780558295624,0.402427816466406,0.43185842519157575
EURUSD,1,2025-10-09,KernelARH,110,8,0.4531780043661328,0.37543430321064086,0.4543220506395209,0.4535611382705012
EURUSD,5,2025-10-15,PM,110,8,0.20918281937835362,0.13919230769230767,0.338906312527939,0.12253573658199712
EURUSD,5,2025-10-15,PA,110,8,0.4475708893846961,0.36669185415874794,0.49785791194325485,0.44440301549468375
EURUSD,5,2025-10-15,VAR1,110,8,7.232091011896335,5.0929419525416995,10.410299534539767,4.401591805702521
EURUSD,5,2025-10-15,ARHinc,110,8,0.4648098516820187,0.3779212726694714,0.5468266793666847,0.4477267368219551
EURUSD,5,2025-10-15,KernelARH,110,8,0.4573790186498704,0.37790856486956803,0.5451354462488175,0.44027081855049605
EURUSD,10,2025-10-22,PM,110,6,0.23854164287313723,0.15949999999999995,0.344879834872235,0.13877909184706133
EURUSD,10,2025-10-22,PA,110,6,0.4713546588268795,0.39150085938018514,0.5275233639282385,0.4584358884451723
EURUSD,10,2025-10-22,VAR1,110,6,2.5903974002039725,1.9061958112702095,3.4814890384853427,1.8972286621749375
EURUSD,10,2025-10-22,ARHinc,110,6,0.49229340782990444,0.40665921479779826,0.5785368283605818,0.4628960703163902
EURUSD,10,2025-10-22,KernelARH,110,6,0.7162052411709843,0.597625389728011,0.941663273545406,0.5693332971434963
EURUSD,1,2025-10-10,PM,110,8,0.21313536236933484,0.15342307692307697,0.2973114070185273,0.144535114922159
EURUSD,1,2025-10-10,PA,110,8,0.43436567657302805,0.34512515971852853,0.42460766455706045,0.4456840404918776
EURUSD,1,2025-10-10,VAR1,110,8,2.7410458311833263,2.2030643929842073,3.397350215124112,2.3318412155533124
EURUSD,1,2025-10-10,ARHinc,110,8,0.4680969059528503,0.3686086173466552,0.48880236629950574,0.4591008335528827
EURUSD,1,2025-10-10,KernelARH,110,8,0.4279044239740254,0.3405623633980813,0.41063767016546004,0.4443310453350507
EURUSD,5,2025-10-16,PM,110,8,0.33338315332823426,0.22965384615384607,0.5281339288887467,0.20255726497283222
EURUSD,5,2025-10-16,PA,110,8,0.49332611848037616,0.39435475401115827,0.5923999261725981,0.46411749008932907
EURUSD,5,2025-10-16,VAR1,110,8,4.252149076908598,3.19082252376062,5.838553594444434,2.883174855435637
EURUSD,5,2025-10-16,ARHinc,110,8,0.48422376942427775,0.3931225850624734,0.5628955882182775,0.46425048148403436
EURUSD,5,2025-10-16,KernelARH,110,8,0.42892922773307407,0.3460356695784687,0.47869372821890965,0.4315830010981724
EURUSD,10,2025-10-23,PM,110,6,0.3977639423655114,0.28715384615384615,0.525217575616996,0.24403067011771626
EURUSD,10,2025-10-23,PA,110,6,0.5610805908484732,0.4696789193087977,0.6384523618293729,0.4986519950928586
EURUSD,10,2025-10-23,VAR1,110,6,3.661324348768643,2.576096124752685,5.255514742137939,2.3046755860452937
EURUSD,10,2025-10-23,ARHinc,110,6,0.5387239599424004,0.45062705026128536,0.5940140733382056,0.492806515513291
EURUSD,10,2025-10-23,KernelARH,110,6,0.872525073381228,0.7364565290633993,1.1008295323480206,0.6631022160242055
EURUSD,1,2025-10-13,PM,110,8,0.25577540478378236,0.1717692307692307,0.4237802419635588,0.13265335687446664
EURUSD,1,2025-10-13,PA,110,8,0.46544324565925865,0.3820599983528911,0.5493413799695785,0.4446548877436951
EURUSD,1,2025-10-13,VAR1,110,8,4.494153719755428,2.846273998485894,6.79041163685306,2.456725578790931
EURUSD,1,2025-10-13,ARHinc,110,8,0.44846971495965016,0.3714563708292962,0.49739973821116973,0.4441160721492556
EURUSD,1,2025-10-13,KernelARH,110,8,0.4572535197365324,0.3779249979129298,0.5222845713448091,0.44565587861237715
EURUSD,5,2025-10-17,PM,110,8,0.4347611523760887,0.3163461538461538,0.6736608560260222,0.2409480268489646
EURUSD,5,2025-10-17,PA,110,8,0.5838193973069631,0.47252437755469023,0.7611198929357624,0.49438004245483846
EURUSD,5,2025-10-17,VAR1,110,8,6.561347898836078,4.466102828069076,9.409977130024084,3.7942366865779684
EURUSD,5,2025-10-17,ARHinc,110,8,0.5430937010719165,0.4424978529149087,0.6726447953730725,0.48407760995605675
EURUSD,5,2025-10-17,KernelARH,110,8,0.4951994746932807,0.4008914219653847,0.5940981645209886,0.46132578337787145
EURUSD,10,2025-10-24,PM,110,6,0.7272986768753366,0.5525384615384615,1.0446438840242962,0.40996263861256776
EURUSD,10,2025-10-24,PA,110,6,0.8306015205707697,0.6921013771964759,1.1264200469340553,0.5961736525077449
EURUSD,10,2025-10-24,VAR1,110,6,6.880586820409669,4.801796824521301,9.898026090121693,4.204917358806293
EURUSD,10,2025-10-24,ARHinc,110,6,0.7809474949274322,0.6600715067190125,1.0296811090824587,0.583102930718047
EURUSD,10,2025-10-24,KernelARH,110,6,0.8063847297648122,0.6747176588315503,1.0530485714780202,0.6089524064282553
EURUSD,1,2025-10-14,PM,110,8,0.0630731413031423,0.04726923076923077,0.09445673112723711,0.04013856615272444
EURUSD,1,2025-10-14,PA,110,8,0.42593581823159626,0.35207386078172503,0.40910731126093186,0.4419756010087683
EURUSD,1,2025-10-14,VAR1,110,8,38.17505697592506,28.649162632989633,57.92071222742072,21.699064382341376
EURUSD,1,2025-10-14,ARHinc,110,8,0.4485287542736422,0.3708259366583028,0.4885775070891506,0.44484292530038905
EURUSD,1,2025-10-14,KernelARH,110,8,0.4812025086671092,0.3990858058711319,0.5722939472466629,0.4553330454261924
EURUSD,5,2025-10-20,PM,110,8,0.4571885762251384,0.3303461538461537,0.6776266417773588,0.2572577822744896
EURUSD,5,2025-10-20,PA,110,8,0.6030609933312854,0.4907833382400709,0.7942797543536454,0.5025896977752113
EURUSD,5,2025-10-20,VAR1,110,8,18.909013184684394,14.478951443633724,27.82789182493254,12.142484040821365
EURUSD,5,2025-10-20,ARHinc,110,8,0.6632965130570492,0.5375608817197127,0.912585970627132,0.5199990615310275
EURUSD,5,2025-10-20,KernelARH,110,8,0.7748239261570329,0.629035185655008,1.1047000618386673,0.571271609119139
EURUSD,10,2025-10-27,PM,110,6,0.69935134781618,0.5452307692307692,0.9331983859683286,0.42149637715641913
EURUSD,10,2025-10-27,PA,110,6,0.7832930421637014,0.6707086814944004,1.0030096995566713,0.5980906760725957
EURUSD,10,2025-10-27,VAR1,110,6,9.039824934790236,7.0315657472836435,13.038941458156597,6.093118037561096
EURUSD,10,2025-10-27,ARHinc,110,6,0.8516781728132804,0.7197945076390192,1.1247264156815568,0.6252572608678479
EURUSD,10,2025-10-27,KernelARH,110,6,0.9626287440537126,0.7974286865662417,1.294289524484811,0.6916910462829133
EURUSD,1,2025-10-15,PM,110,8,0.22475392526733975,0.18276923076923082,0.31829617095087076,0.13877629758684934
EURUSD,1,2025-10-15,PA,110,8,0.4584263729429253,0.37183756078216773,0.5076569187638965,0.4512352148867688
EURUSD,1,2025-10-15,VAR1,110,8,52.92710331308048,42.01418418526491,77.3121992454281,35.619867491389954
EURUSD,1,2025-10-15,ARHinc,110,8,0.433314768231239,0.35280273240945587,0.43914490937352524,0.446194883675949
EURUSD,1,2025-10-15,KernelARH,110,8,0.43569791648895156,0.3535583577538701,0.46110241426404225,0.4424449920529307
EURUSD,5,2025-10-21,PM,110,8,0.30791888292460795,0.2122307692307691,0.41335484148405116,0.18332180819115837
EURUSD,5,2025-10-21,PA,110,8,0.4941880576434968,0.3949617397524197,0.5511257503916244,0.47106714928978216
EURUSD,5,2025-10-21,VAR1,110,8,39.46978112008039,30.474771268521657,57.16772561069934,27.433887261566362
EURUSD,5,2025-10-21,ARHinc,110,8,0.46939530053031825,0.3754905093641998,0.4925343942241917,0.46459850748561793
EURUSD,5,2025-10-21,KernelARH,110,8,0.5330187644873359,0.4324594577039706,0.6643185621267593,0.47409251243336276
EURUSD,10,2025-10-28,PM,110,6,0.7877402869064045,0.6709615384615384,0.9887317863208659,0.5294156048229676
EURUSD,10,2025-10-28,PA,110,6,0.8722959499458091,0.7470476753175104,1.0772092155400137,0.6811272598233901
EURUSD,10,2025-10-28,VAR1,110,6,8.69709198529819,6.999948660155002,12.21238136468622,6.347951313389539
EURUSD,10,2025-10-28,ARHinc,110,6,0.8297797149116112,0.7142604212489212,1.0016308296110161,0.6633976684615029
EURUSD,10,2025-10-28,KernelARH,110,6,1.0587865119585775,0.9009504172759808,1.3766521066298376,0.7896632071936396
EURUSD,1,2025-10-16,PM,110,8,0.21111198267926257,0.15300000000000016,0.31008305895786853,0.13224629033478488
EURUSD,1,2025-10-16,PA,110,8,0.432435238654502,0.35191754591921137,0.4157051889011371,0.4435289242269132
EURUSD,1,2025-10-16,VAR1,110,8,61.81733362186915,51.59909445144652,84.74300338331517,49.01695182493755
EURUSD,1,2025-10-16,ARHinc,110,8,0.4105816397571626,0.3332100543244818,0.37166841892499725,0.43933534162170323
EURUSD,1,2025-10-16,KernelARH,110,8,0.40811610391778064,0.3277029250717273,0.41854450300180845,0.4271847470651253
EURUSD,5,2025-10-22,PM,110,8,0.16960800393849332,0.13149999999999995,0.20562546018466152,0.11898681985125407
EURUSD,5,2025-10-22,PA,110,8,0.4151654213230855,0.32856327014592446,0.3607114283183826,0.44998349604751126
EURUSD,5,2025-10-22,VAR1,110,8,47.3658267958719,39.58419927016293,63.0779383720028,40.07761709715555
EURUSD,5,2025-10-22,ARHinc,110,8,0.42687389794493963,0.3376349440678612,0.3958360402683138,0.4543098335743649
EURUSD,5,2025-10-22,KernelARH,110,8,0.6698960271389525,0.5553858090597686,0.852289032433998,0.5569412633160167
EURUSD,10,2025-10-29,PM,110,6,0.5393308710444252,0.4568461538461537,0.6175301408866752,0.3895438678078638
EURUSD,10,2025-10-29,PA,110,6,0.635315702316363,0.5457380362647195,0.6705967975706674,0.573057407403581
EURUSD,10,2025-10-29,VAR1,110,6,10.07794248238723,7.567787771944512,14.190078784719585,7.344054235452237
EURUSD,10,2025-10-29,ARHinc,110,6,0.6596244618093283,0.5692141206049759,0.7304227224575026,0.5756109862216198
EURUSD,10,2025-10-29,KernelARH,110,6,0.961615066324014,0.8246948812023781,1.209977372257596,0.7458115147969075
EURUSD,1,2025-10-17,PM,110,8,0.10355554065331321,0.07834615384615387,0.12738577678532353,0.07164744732415504
EURUSD,1,2025-10-17,PA,110,8,0.41668198967108705,0.3336744948356976,0.39861402473457,0.44122114354867636
EURUSD,1,2025-10-17,VAR1,110,8,37.473112110784754,30.956872576209776,51.76148442961792,29.213891678240042
EURUSD,1,2025-10-17,ARHinc,110,8,0.4212561299269912,0.3406192769636587,0.3900374676352443,0.4445832684896828
EURUSD,1,2025-10-17,KernelARH,110,8,0.4164455697986622,0.33593709082436995,0.3900334500471545,0.4446082322000701
EURUSD,5,2025-10-23,PM,110,8,0.28705869139897566,0.21476923076923082,0.38768710814783525,0.17255679924337997
EURUSD,5,2025-10-23,PA,110,8,0.44384061984482515,0.3551849139948761,0.39323862133220155,0.4618926547528586
EURUSD,5,2025-10-23,VAR1,110,8,30.761917645294545,25.371256987808877,41.22094795628907,25.802587485533085
EURUSD,5,2025-10-23,ARHinc,110,8,0.43034503966641663,0.34288864913179956,0.38226236630785854,0.45644216443098296
EURUSD,5,2025-10-23,KernelARH,110,8,0.49315772638786665,0.4080645959456227,0.49529074175469573,0.4788111749433632
EURUSD,10,2025-10-30,PM,110,6,0.7473051907199114,0.6629999999999999,0.9149616916942521,0.5402210958351007
EURUSD,10,2025-10-30,PA,110,6,0.823550731403466,0.7006060152760014,0.9627412500187282,0.6856584711337402
EURUSD,10,2025-10-30,VAR1,110,6,5.9308881379284575,4.400936652367405,8.3866481301667,4.310973509903882
EURUSD,10,2025-10-30,ARHinc,110,6,0.7515403550066525,0.6417260800352538,0.8250760117310152,0.6571201462180586
EURUSD,10,2025-10-30,KernelARH,110,6,1.0710930301931998,0.9190082765016538,1.3586619266072342,0.817890473392258
EURUSD,1,2025-10-20,PM,110,8,0.2522622643202903,0.18719230769230785,0.4004127027226651,0.1353671104074883
EURUSD,1,2025-10-20,PA,110,8,0.4799579279825988,0.3829278856200341,0.5831856419525643,0.45420542717402207
EURUSD,1,2025-10-20,VAR1,110,8,7.855298905089093,6.561468479075319,10.489526026137895,6.369752947838092
EURUSD,1,2025-10-20,ARHinc,110,8,0.4658797737288263,0.3722094443995845,0.5536196342166244,0.4489864362785298
EURUSD,1,2025-10-20,KernelARH,110,8,0.41895443170657176,0.3413486024800957,0.41063806963752764,0.44023618049550167
EURUSD,5,2025-10-24,PM,110,8,0.35853152688324463,0.2646153846153846,0.4770615205191297,0.22101905454518547
EURUSD,5,2025-10-24,PA,110,8,0.5019862974248225,0.4194499875198472,0.5392959760615129,0.4778297474822315
EURUSD,5,2025-10-24,VAR1,110,8,7.79782281731065,6.436590304376079,10.124885941659322,6.693312027591592
EURUSD,5,2025-10-24,ARHinc,110,8,0.48929272250942313,0.4082396633072273,0.5204349188288117,0.47023763230177373
EURUSD,5,2025-10-24,KernelARH,110,8,0.5858214216035509,0.493529245309926,0.7099453129694845,0.5005769381548675
EURUSD,10,2025-10-31,PM,110,6,0.7383310832286141,0.6762692307692308,0.8330610508652411,0.6130334927810048
EURUSD,10,2025-10-31,PA,110,6,0.8173385448211897,0.7112640804078978,0.8817310443142706,0.7445581810703953
EURUSD,10,2025-10-31,VAR1,110,6,3.601702226102716,2.591826676550562,5.122894641263715,2.4318401959715845
EURUSD,10,2025-10-31,ARHinc,110,6,0.7995879094131354,0.6934345330495584,0.8664868099355946,0.7249976604872457
EURUSD,10,2025-10-31,KernelARH,110,6,1.0563249203880611,0.925339417453246,1.273548382390461,0.8579490941919992
EURUSD,1,2025-10-21,PM,110,8,0.14006282930830066,0.09373076923076917,0.22524995788346408,0.08373492865372698
EURUSD,1,2025-10-21,PA,110,8,0.43345659270659825,0.3537486705786258,0.4066324367739532,0.4501977565957616
EURUSD,1,2025-10-21,VAR1,110,8,55.669262981326824,46.13794908833004,76.41096755672845,43.75378624356832
EURUSD,1,2025-10-21,ARHinc,110,8,0.4208189468119562,0.34127737362858523,0.38221399503161335,0.44676484472458755
EURUSD,1,2025-10-21,KernelARH,110,8,0.41222914186084125,0.3347561195304128,0.36940534371980493,0.4438384893087851
EURUSD,5,2025-10-27,PM,110,8,0.31960274320089693,0.25165384615384623,0.4004219744912476,0.21403237363956854
EURUSD,5,2025-10-27,PA,110,8,0.4659599480161884,0.3792080487910514,0.43103862689844447,0.47757181388547804
EURUSD,5,2025-10-27,VAR1,110,8,52.85920878376836,44.2862841383298,70.60690403065755,44.07915086029417
EURUSD,5,2025-10-27,ARHinc,110,8,0.4876968651009224,0.40343893611009485,0.4808759335886503,0.4839520720977718
EURUSD,5,2025-10-27,KernelARH,110,8,0.7493587460459568,0.63108180213831655,0.9750482684746326,0.5761333750135494
EURUSD,10,2025-11-03,PM,110,6,0.6029312213613653,0.5532307692307692,0.6363205412117149,0.5371040172061847
EURUSD,10,2025-11-03,PA,110,6,0.6874389216458427,0.5860671129903495,0.6643250977793151,0.6814262972128283
EURUSD,10,2025-11-03,VAR1,110,6,7.466883473722962,5.96634004046143,9.948595280061342,5.7183391518446305
EURUSD,10,2025-11-03,ARHinc,110,6,0.7078624764894108,0.6065197832700402,0.711760552381249,0.6874492666741837
EURUSD,10,2025-11-03,KernelARH,110,6,1.114145346875441,0.9747466579314694,1.3975689013768324,0.8859949179273233
EURUSD,1,2025-10-22,PM,110,8,0.061429681500320056,0.04707692307692306,0.08357216213350734,0.04606278016313448
EURUSD,1,2025-10-22,PA,110,8,0.40144958497109956,0.3260724918209651,0.34653091409421216,0.4393725227277423
EURUSD,1,2025-10-22,VAR1,110,8,23.361108033922378,19.5043610842054,31.469828182454,19.008014810470016
EURUSD,1,2025-10-22,ARHinc,110,8,0.3997860867695074,0.3234101792499806,0.3442747253259323,0.43853782261975766
EURUSD,1,2025-10-22,KernelARH,110,8,0.4006857856904614,0.3243405069285233,0.3453285698369782,0.43867968663956863
EURUSD,5,2025-10-28,PM,110,8,0.528472535855787,0.47800000000000015,0.6374493872543342,0.40180298110946133
EURUSD,5,2025-10-28,PA,110,8,0.6223404340873553,0.5269636780950298,0.6599997934385915,0.5820472357368204
EURUSD,5,2025-10-28,VAR1,110,8,21.723132407328784,18.30261950529281,28.22345923586861,18.909682788579723
EURUSD,5,2025-10-28,ARHinc,110,8,0.6427333187925158,0.5457436141197036,0.7001745928892439,0.5892920832241075
EURUSD,5,2025-10-28,KernelARH,110,8,0.8086220810812078,0.6856677285929836,1.0062296644402717,0.6449739908775671
EURUSD,10,2025-11-04,PM,110,6,0.5191216231437336,0.4816538461538461,0.5196208395388213,0.4917531976351681
EURUSD,10,2025-11-04,PA,110,6,0.6283810891680633,0.5267239488850981,0.5742255066913634,0.6464130527928259
EURUSD,10,2025-11-04,VAR1,110,6,3.3648551416272343,2.6891708692517535,4.5055877922270975,2.664706898115801
EURUSD,10,2025-11-04,ARHinc,110,6,0.6388343992895998,0.5365516182869066,0.6010429298949487,0.6483076157203592
EURUSD,10,2025-11-04,KernelARH,110,6,0.9457096282255922,0.8336886630555925,1.112120823287707,0.8067576437455701
EURUSD,1,2025-10-23,PM,110,8,0.17555584800635599,0.0779230769230769,0.3209385123772567,0.06980201491771683
EURUSD,1,2025-10-23,PA,110,8,0.40191840373735765,0.3237573980460397,0.368878641087717,0.43726289756318704
EURUSD,1,2025-10-23,VAR1,110,8,5.1292080310026895,4.08684451093246,7.148223888220504,3.764298478128097
EURUSD,1,2025-10-23,ARHinc,110,8,0.3935071230047321,0.31656270650367324,0.33510123877638065,0.436089852064273
EURUSD,1,2025-10-23,KernelARH,110,8,0.4101248561557383,0.3284442634012181,0.3922415841436571,0.4404124599630675
EURUSD,5,2025-10-29,PM,110,8,0.46948421985441396,0.438,0.5409601064283998,0.3790794935675891
EURUSD,5,2025-10-29,PA,110,8,0.5813960770753756,0.4846430405212404,0.5878047534065715,0.5635717934998885
EURUSD,5,2025-10-29,VAR1,110,8,5.866886060620433,4.443425674184614,8.024925333510401,4.3059512615317255
EURUSD,5,2025-10-29,ARHinc,110,8,0.6188888346358534,0.5212032061482408,0.6710081112784029,0.5738524202034222
EURUSD,5,2025-10-29,KernelARH,110,8,0.7434097690352052,0.6322483747085507,0.8707691444580727,0.629548763339706
EURUSD,10,2025-11-05,PM,110,6,0.6389214921075383,0.6094999999999999,0.7122710085225517,0.5755530490068691
EURUSD,10,2025-11-05,PA,110,6,0.736498529606725,0.6294533452554185,0.7870083006588906,0.7090610362460285
EURUSD,10,2025-11-05,VAR1,110,6,2.827417156840878,2.0292606231769166,3.9442376255474647,1.9830438577275502
EURUSD,10,2025-11-05,ARHinc,110,6,0.7740635435985436,0.6642606935819243,0.8711185736615944,0.7190352198419739
EURUSD,10,2025-11-05,KernelARH,110,6,1.0786260201022508,0.9492777104964972,1.3362367634461005,0.8877641818996379
EURUSD,1,2025-10-24,PM,110,8,0.2506833928714435,0.17011538461538456,0.4138983559392775,0.12213056811260889
EURUSD,1,2025-10-24,PA,110,8,0.4441038593252486,0.3719190713906573,0.46823128390570196,0.4455376898541025
EURUSD,1,2025-10-24,VAR1,110,8,30.29902993263685,25.792180960509874,37.208065361102314,28.3649046654734
EURUSD,1,2025-10-24,ARHinc,110,8,0.42458603531007494,0.3520053093267277,0.422888041182554,0.44006741336344435
EURUSD,1,2025-10-24,KernelARH,110,8,0.39466596194863135,0.3118672569690684,0.33961161630482395,0.435221715579911
EURUSD,5,2025-10-30,PM,110,8,0.5597608091511395,0.5249999999999997,0.731064567133263,0.4321394868929148
EURUSD,5,2025-10-30,PA,110,8,0.6656031822505206,0.5495204169252541,0.754690698508618,0.6042825477317162
EURUSD,5,2025-10-30,VAR1,110,8,19.218323912747884,15.876113447623863,20.70777292479712,20.721956218970977
EURUSD,5,2025-10-30,ARHinc,110,8,0.6434716456689901,0.5316604158727387,0.7211746060728202,0.5901982133676109
EURUSD,5,2025-10-30,KernelARH,110,8,0.682282963902467,0.5751162577181453,0.7697907968803499,0.6064252732331876
EURUSD,10,2025-11-06,PM,110,6,0.6811691024656404,0.6356923076923077,0.8835438305984155,0.5761334927733882
EURUSD,10,2025-11-06,PA,110,6,0.7735000887357686,0.660821805774109,0.909493887142185,0.7099066711250335
EURUSD,10,2025-11-06,VAR1,110,6,15.539056879022649,11.513043847002299,23.357741814482882,9.031645001858656
EURUSD,10,2025-11-06,ARHinc,110,6,0.7500529439126632,0.6390951020987937,0.8780181053781775,0.6921443490966932
EURUSD,10,2025-11-06,KernelARH,110,6,0.9551287157511403,0.8467609317223884,1.1629395309605683,0.8130376146108759
EURUSD,1,2025-10-27,PM,110,8,0.18102300108847197,0.16338461538461532,0.2449656080534762,0.13113670980531042
EURUSD,1,2025-10-27,PA,110,8,0.42025137608263696,0.34184792176836265,0.3882942506328854,0.44908770189427916
EURUSD,1,2025-10-27,VAR1,110,8,10.493697920521116,8.728701598447854,12.996349432614956,9.784671747336292
EURUSD,1,2025-10-27,ARHinc,110,8,0.41535309572497586,0.33583736754918336,0.37547708816581643,0.44770548775221786
EURUSD,1,2025-10-27,KernelARH,110,8,0.38466838509059037,0.30693597059118305,0.307961657537564,0.4323845126317019
EURUSD,5,2025-10-31,PM,110,8,0.4365752314232997,0.42115384615384616,0.3977561587611475,0.443079552842752
EURUSD,5,2025-10-31,PA,110,8,0.573309000876904,0.4525378458507194,0.4975328220087575,0.6116513627647541
EURUSD,5,2025-10-31,VAR1,110,8,7.32037742080245,5.653360497940158,9.634292652763584,6.287980845686693
EURUSD,5,2025-10-31,ARHinc,110,8,0.5757599594924272,0.45535293400932664,0.5033487305960609,0.6122593697652906
EURUSD,5,2025-10-31,KernelARH,110,8,0.5712907647058716,0.4520505057613905,0.5170989488492839,0.5953067008649368
EURUSD,10,2025-11-07,PM,110,6,0.3714105130859508,0.3427692307692307,0.3186060542688024,0.409703004162709
EURUSD,10,2025-11-07,PA,110,6,0.5263972827586721,0.4050840930459821,0.44918527059343755,0.5800413961521158
EURUSD,10,2025-11-07,VAR1,110,6,5.1804268510154445,4.05972082286475,7.607630016519786,3.2170970076241256
EURUSD,10,2025-11-07,ARHinc,110,6,0.5337979150269353,0.4168324459929268,0.46736831171756044,0.5833465662529949
EURUSD,10,2025-11-07,KernelARH,110,6,0.7917623439948503,0.7026534617418634,0.907595431345802,0.7168852113884886
EURUSD,1,2025-10-28,PM,110,8,0.1658976167121434,0.16200000000000003,0.1477428350355566,0.16959619191025768
EURUSD,1,2025-10-28,PA,110,8,0.4099271398816827,0.32234601625419707,0.32532729160858137,0.45969090263116613
EURUSD,1,2025-10-28,VAR1,110,8,2.9067448943459624,2.023763916111324,4.130064484094189,1.8201922596743816
EURUSD,1,2025-10-28,ARHinc,110,8,0.4219388280627439,0.3375099355088856,0.3613980347876185,0.46108989314777116
EURUSD,1,2025-10-28,KernelARH,110,8,0.40950383690575304,0.3243171183388691,0.3348567036489934,0.45451339171744176
EURUSD,5,2025-11-03,PM,110,8,0.3379819208865377,0.3133461538461539,0.30375629119991165,0.35819350510202036
EURUSD,5,2025-11-03,PA,110,8,0.49759950664805286,0.38821302885925046,0.41187653592865814,0.5516373264272108
EURUSD,5,2025-11-03,VAR1,110,8,6.499664620605965,4.601599977376838,9.247595522391942,4.1368819466015765
EURUSD,5,2025-11-03,ARHinc,110,8,0.5140680117236729,0.4146023856379204,0.4589734540884059,0.5544174861938579
EURUSD,5,2025-11-03,KernelARH,110,8,0.8035993986990738,0.6986511942459698,0.9223956673584334,0.7156011851727436
EURUSD,10,2025-11-10,PM,110,6,0.26967751396522016,0.23799999999999993,0.2700445770872976,0.2943334016647486
EURUSD,10,2025-11-10,PA,110,6,0.45639740322619204,0.35023738970166984,0.39224959469174375,0.5089759760461132
EURUSD,10,2025-11-10,VAR1,110,6,5.295095314679198,3.8309055789892086,7.811219362639249,3.0878608845865996
EURUSD,10,2025-11-10,ARHinc,110,6,0.4589282309941105,0.3541098650754089,0.4109018677413597,0.5066533313619945
EURUSD,10,2025-11-10,KernelARH,110,6,0.8803896505087854,0.7676769739547472,1.1212149486027219,0.7373759749361793
EURUSD,1,2025-10-29,PM,110,8,0.08217037881040923,0.05138461538461535,0.12926429451276028,0.04189079745304011
EURUSD,1,2025-10-29,PA,110,8,0.3776878594948819,0.3064349115278009,0.3194266833712698,0.4215818075254467
EURUSD,1,2025-10-29,VAR1,110,8,5.9846534461408005,4.912839821058466,6.950727468807362,5.9664863030892725
EURUSD,1,2025-10-29,ARHinc,110,8,0.3794849622938641,0.3032196916874792,0.32148772757610017,0.4225428404609188
EURUSD,1,2025-10-29,KernelARH,110,8,0.3933340485557981,0.3191098356033915,0.33120057558301746,0.43268643993286887
EURUSD,5,2025-11-04,PM,110,8,0.24950238938273175,0.19107692307692306,0.3328363959923269,0.19406274345667304
EURUSD,5,2025-11-04,PA,110,8,0.4469416951408109,0.34892393844524394,0.4473072469850333,0.46298416837705236
EURUSD,5,2025-11-04,VAR1,110,8,4.392251136790698,3.4104876063276035,5.859600358721475,3.4971287292246998
EURUSD,5,2025-11-04,ARHinc,110,8,0.46324648778426464,0.350726497370482,0.48157540111498653,0.46725040206707846
EURUSD,5,2025-11-04,KernelARH,110,8,0.8437386790554102,0.7398300304100923,0.9516744770948746,0.7499966192643487
EURUSD,10,2025-11-11,PM,110,6,0.27380527190519344,0.19157692307692312,0.3478208152471191,0.19044776200807703
EURUSD,10,2025-11-11,PA,110,6,0.45689643139643704,0.37367930741334704,0.4447108233837448,0.4604301723619771
EURUSD,10,2025-11-11,VAR1,110,6,5.289153659757188,3.978422944635359,7.841257371391068,3.0949632081832306
EURUSD,10,2025-11-11,ARHinc,110,6,0.4731414822875244,0.38605200030186265,0.47591771346131345,0.4630877400952776
EURUSD,10,2025-11-11,KernelARH,110,6,0.7855285439510474,0.6902101240960096,0.926810701993198,0.7119060248102047
EURUSD,1,2025-10-30,PM,110,8,0.08423496213659648,0.06584615384615383,0.10635252940581003,0.059169366773797444
EURUSD,1,2025-10-30,PA,110,8,0.38014903441440223,0.30296260408672626,0.31057525243847056,0.42431221916000467
EURUSD,1,2025-10-30,VAR1,110,8,22.69682057452182,18.807522887036903,24.403401300457237,23.92715913106422
EURUSD,1,2025-10-30,ARHinc,110,8,0.38021554636947846,0.30320392101357574,0.3122763234776196,0.42385494607111496
EURUSD,1,2025-10-30,KernelARH,110,8,0.4002374413646742,0.32605489030021134,0.35035152298905015,0.4332755157972735
EURUSD,5,2025-11-05,PM,110,8,0.2542054930411767,0.20792307692307693,0.2968856190301596,0.24417420419814884
EURUSD,5,2025-11-05,PA,110,8,0.4436294401388497,0.3504069287076613,0.40685904628728475,0.48112828630466276
EURUSD,5,2025-11-05,VAR1,110,8,11.09899975431548,9.284985088088273,12.717018020813653,11.09515292690503
EURUSD,5,2025-11-05,ARHinc,110,8,0.4421878893804012,0.34994835178501527,0.4103001231026071,0.4779254056092108
EURUSD,5,2025-11-05,KernelARH,110,8,0.8557864793706642,0.7490748652560175,1.0043633083350778,0.7554442264028268
EURUSD,10,2025-11-12,PM,110,6,0.27358209638340464,0.1863461538461539,0.3533024300467128,0.17486057677461894
EURUSD,10,2025-11-12,PA,110,6,0.45795178889887106,0.37412557003393626,0.4601897182646451,0.45207891889228985
EURUSD,10,2025-11-12,VAR1,110,6,10.164423228085035,7.582987178986955,15.315367235792435,5.740120956470774
EURUSD,10,2025-11-12,ARHinc,110,6,0.45618467254140915,0.3727973401185897,0.45681618536672725,0.4506600704903896
EURUSD,10,2025-11-12,KernelARH,110,6,0.5965627796838088,0.5006671214393178,0.5956493088162749,0.6068658611410991
EURUSD,1,2025-10-31,PM,110,8,0.10937475274697338,0.09465384615384623,0.10439936910316253,0.1177134505155425
EURUSD,1,2025-10-31,PA,110,8,0.3891185539110026,0.31412119345902945,0.32244611031267495,0.4374580038071297
EURUSD,1,2025-10-31,VAR1,110,8,12.457120028234213,10.260806674085355,14.058595868180907,12.646331665596161
EURUSD,1,2025-10-31,ARHinc,110,8,0.3884937279411515,0.312925220478368,0.31883291784166545,0.43725466684051917
EURUSD,1,2025-10-31,KernelARH,110,8,0.39644249741703425,0.31820131992424716,0.3252604406602043,0.4434080365334962
EURUSD,5,2025-11-06,PM,110,8,0.1951297645158217,0.15965384615384617,0.220587767205171,0.19830101667402794
EURUSD,5,2025-11-06,PA,110,8,0.40516420130954117,0.3139882365217496,0.32815088443453544,0.4586234676989486
EURUSD,5,2025-11-06,VAR1,110,8,8.026109614340713,5.301160635331747,11.47353584819349,5.2053782002026034
EURUSD,5,2025-11-06,ARHinc,110,8,0.4091210415866394,0.3185416240838931,0.34326152588668585,0.4591664974630141
EURUSD,5,2025-11-06,KernelARH,110,8,0.7915159925858448,0.6957339840070044,0.9300949961974712,0.7089090170577816
EURUSD,10,2025-11-13,PM,110,6,0.4893405590100903,0.3206538461538461,0.7169483875356336,0.26079496852446377
EURUSD,10,2025-11-13,PA,110,6,0.6233033166489412,0.5030848086355815,0.8062830126510129,0.49675300209587403
EURUSD,10,2025-11-13,VAR1,110,6,8.437309347708783,6.156346262534837,12.78806808081145,4.603861059656363
EURUSD,10,2025-11-13,ARHinc,110,6,0.600622681271532,0.48748165181378367,0.762747286373499,0.4900125373319446
EURUSD,10,2025-11-13,KernelARH,110,6,0.5742110227933358,0.4776904298409313,0.5224653322936305,0.6038038644498862
EURUSD,1,2025-11-03,PM,110,8,0.10860301738264634,0.07023076923076917,0.18071202751052604,0.059446212082380524
EURUSD,1,2025-11-03,PA,110,8,0.37607126439206573,0.29920033752729225,0.3149006653001814,0.42090495175256154
EURUSD,1,2025-11-03,VAR1,110,8,32.38406338528198,26.609733229258165,34.06170975615074,34.47803164097145
EURUSD,1,2025-11-03,ARHinc,110,8,0.37316960853965847,0.29530869432721624,0.3050273082911777,0.42018374018979865
EURUSD,1,2025-11-03,KernelARH,110,8,0.37830022204941116,0.30303804219098246,0.3206813245401747,0.42165563102962744
EURUSD,5,2025-11-07,PM,110,8,0.17187666083113645,0.12130769230769228,0.2234079027134803,0.10845790290830547
EURUSD,5,2025-11-07,PA,110,8,0.39509018154819014,0.31872879019493056,0.3353085666837935,0.4299642086068186
EURUSD,5,2025-11-07,VAR1,110,8,17.277130355805337,14.273316045864895,20.420929494392155,16.391485774571745
EURUSD,5,2025-11-07,ARHinc,110,8,0.39936179539091776,0.3230664007175169,0.3375062749861975,0.4335373701505937
EURUSD,5,2025-11-07,KernelARH,110,8,0.5674276945288208,0.4750007517297249,0.5933606287738505,0.5636505781502995
EURUSD,10,2025-11-14,PM,110,6,0.5000552854050625,0.36307692307692313,0.7008034216654756,0.28969501809565773
EURUSD,10,2025-11-14,PA,110,6,0.6252688923511035,0.5147967871892177,0.7761853017852596,0.5128448919580093
EURUSD,10,2025-11-14,VAR1,110,6,19.030598146005254,13.42947692820577,28.958148890580052,10.32429414773153
EURUSD,10,2025-11-14,ARHinc,110,6,0.638077531126021,0.5309813936720352,0.7912389678198704,0.5214140649834437
EURUSD,10,2025-11-14,KernelARH,110,6,0.49990174202213505,0.3827694448525607,0.40192670374964373,0.5572096923590915
EURUSD,1,2025-11-04,PM,110,8,0.21466330971654557,0.16076923076923094,0.32317261096882105,0.12269597539575351
EURUSD,1,2025-11-04,PA,110,8,0.42475837961284696,0.3495512926316188,0.42629472666431095,0.4366598279242361
EURUSD,1,2025-11-04,VAR1,110,8,2.101152231141401,1.7085991308155877,1.6453166328685844,2.466107762707236
EURUSD,1,2025-11-04,ARHinc,110,8,0.39410616733406695,0.31848849009032526,0.3542904858633805,0.4280494180500081
EURUSD,1,2025-11-04,KernelARH,110,8,0.3895463690349779,0.31306430409198843,0.33553991817041545,0.4296195785323689
EURUSD,5,2025-11-10,PM,110,8,0.21029500798786308,0.15134615384615394,0.28399262670178965,0.12981495341669064
EURUSD,5,2025-11-10,PA,110,8,0.427139009552435,0.34534808439442716,0.4078183204518177,0.44001728574235077
EURUSD,5,2025-11-10,VAR1,110,8,5.347076516560298,3.810472885866195,8.066571801180775,2.9325713829319575
EURUSD,5,2025-11-10,ARHinc,110,8,0.4133262206287542,0.3349428694095653,0.40071167009891323,0.43207787489198246
EURUSD,5,2025-11-10,KernelARH,110,8,0.8712753588418127,0.7553907235308315,1.124336700134134,0.7189806268222776
EURUSD,10,2025-11-17,PM,110,6,0.44254649907795435,0.28884615384615386,0.6381863948888534,0.24091577129295733
EURUSD,10,2025-11-17,PA,110,6,0.5763842308588466,0.46130077659279384,0.6950069080165138,0.4860977676494916
EURUSD,10,2025-11-17,VAR1,110,6,5.647179851903475,3.9694554509336446,8.546219862930762,3.066295065528694
EURUSD,10,2025-11-17,ARHinc,110,6,0.5403979028043726,0.43385034646786247,0.6289651066923421,0.4736053858438456
EURUSD,10,2025-11-17,KernelARH,110,6,0.7569461466950058,0.667539911298353,0.78930617589839,0.7402653009983007
EURUSD,1,2025-11-05,PM,110,8,0.18954271895193525,0.15330769230769237,0.29462605300695954,0.1209038922000429
EURUSD,1,2025-11-05,PA,110,8,0.41072036512183074,0.33835962397559083,0.40841019095916137,0.4320190592970892
EURUSD,1,2025-11-05,VAR1,110,8,18.79260689575923,15.592962186495273,21.237333618321973,18.995900941405175
EURUSD,1,2025-11-05,ARHinc,110,8,0.43074811719099343,0.3576558190521241,0.45366682540071035,0.4395466168856477
EURUSD,1,2025-11-05,KernelARH,110,8,0.5352206260516049,0.44751810944621523,0.6565681455517702,0.48032070922152464
EURUSD,5,2025-11-11,PM,110,8,0.24943570930587114,0.15538461538461523,0.3736028457478536,0.13446116166768543
EURUSD,5,2025-11-11,PA,110,8,0.45018895066481096,0.36308155288009514,0.480139751106932,0.44290132796332776
EURUSD,5,2025-11-11,VAR1,110,8,10.579021247494826,8.524728585094284,14.048317120677696,8.377470820804291
EURUSD,5,2025-11-11,ARHinc,110,8,0.4530501745538818,0.3657150929662402,0.4938262944465872,0.443456202085731
EURUSD,5,2025-11-11,KernelARH,110,8,0.8232675608669938,0.7180225869522239,1.0084421791516893,0.7185035050879511
EURUSD,10,2025-11-18,PM,110,6,0.30906870035392053,0.19073076923076915,0.42626670937969674,0.17576002144115263
EURUSD,10,2025-11-18,PA,110,6,0.4863519674079874,0.3780063777386833,0.5227176276594343,0.456369489875789
EURUSD,10,2025-11-18,VAR1,110,6,12.380078381677952,8.724615997556294,18.818263073976222,6.667763850384967
EURUSD,10,2025-11-18,ARHinc,110,6,0.47566471855122083,0.37640880001298777,0.5037121017945356,0.4535197276362465
EURUSD,10,2025-11-18,KernelARH,110,6,0.7362860646970351,0.6444896845274848,0.7796148100684397,0.7143470890799856
EURUSD,1,2025-11-06,PM,110,8,0.0735314558539405,0.04565384615384617,0.1161373419921964,0.04162158679300608
EURUSD,1,2025-11-06,PA,110,8,0.3769946589121401,0.300690080311273,0.3211965620013376,0.41813220597766343
EURUSD,1,2025-11-06,VAR1,110,8,10.465976103580754,8.11968525797724,14.541907994476336,7.986690386257237
EURUSD,1,2025-11-06,ARHinc,110,8,0.3820943837176046,0.30525158657431584,0.32332244903043733,0.4209380550325826
EURUSD,1,2025-11-06,KernelARH,110,8,0.3744328655758307,0.297753800975308,0.31523321181633934,0.41737114093636657
EURUSD,5,2025-11-12,PM,110,8,0.38676468695697014,0.2815000000000001,0.543918646315612,0.2413845180406348
EURUSD,5,2025-11-12,PA,110,8,0.5419460973589325,0.42192062639670846,0.6193718799207619,0.48597591196557
EURUSD,5,2025-11-12,VAR1,110,8,13.263987033057699,10.107362961478303,19.004066376883113,9.207600914531382
EURUSD,5,2025-11-12,ARHinc,110,8,0.5655666647648618,0.446917614496565,0.6568975218317883,0.4969295789964654
EURUSD,5,2025-11-12,KernelARH,110,8,0.4110871060330849,0.3369511623811612,0.38820902455942513,0.4314532687296456
EURUSD,10,2025-11-19,PM,110,6,0.5393343475633074,0.379,0.8221686200441475,0.29725464377384775
EURUSD,10,2025-11-19,PA,110,6,0.6501071513982362,0.5187394251115062,0.8454671630838285,0.5173169895868701
EURUSD,10,2025-11-19,VAR1,110,6,5.44400754182933,3.538059939546653,7.972814333228739,3.023518450013552
EURUSD,10,2025-11-19,ARHinc,110,6,0.6590014561790247,0.5298140519508673,0.8595928189422188,0.5214786104007902
EURUSD,10,2025-11-19,KernelARH,110,6,0.5840552340463584,0.4802596944606901,0.5094538851104958,0.6205714935271966
EURUSD,1,2025-11-07,PM,110,8,0.16787085810229233,0.12376923076923073,0.2392118526892882,0.1098217498848625
EURUSD,1,2025-11-07,PA,110,8,0.4106518874024466,0.3286786140428082,0.37656903964971233,0.4362756210565786
EURUSD,1,2025-11-07,VAR1,110,8,22.924283219678845,18.541781566153823,28.946422252430402,20.684556679231303
EURUSD,1,2025-11-07,ARHinc,110,8,0.38395623763353925,0.3009542116063598,0.3187228800263538,0.42602112810564724
EURUSD,1,2025-11-07,KernelARH,110,8,0.37556687514108,0.2999765315648739,0.3017809320893526,0.42245550960736955
EURUSD,5,2025-11-13,PM,110,8,0.5678133665481725,0.42480769230769233,0.8500631200916037,0.3368122540278643
EURUSD,5,2025-11-13,PA,110,8,0.6851170088018785,0.5599427409202241,0.8921875010190383,0.5458524931212337
EURUSD,5,2025-11-13,VAR1,110,8,13.001251402832521,10.86368351240981,15.934939978604872,12.254227531023105
EURUSD,5,2025-11-13,ARHinc,110,8,0.6252579731460771,0.5089090202732848,0.7883977788266557,0.5198323028557356
EURUSD,5,2025-11-13,KernelARH,110,8,0.44495526266490076,0.34620997356159966,0.36888503325037364,0.4953430589273195
EURUSD,10,2025-11-20,PM,110,6,0.1833626870440112,0.1138076923076923,0.2324893281343296,0.11389318418508501
EURUSD,10,2025-11-20,PA,110,6,0.4282510257283767,0.34164344249503525,0.3931430377141425,0.44285086313689004
EURUSD,10,2025-11-20,VAR1,110,6,1.2094002549295755,0.9761037001640145,1.1879007852576484,1.2898701589138615
EURUSD,10,2025-11-20,ARHinc,110,6,0.4080728286131877,0.32909877156353656,0.36255508930907254,0.43535832876128683
EURUSD,10,2025-11-20,KernelARH,110,6,0.932572514850495,0.8236096814107953,1.1503229590284716,0.8051073635634958
EURUSD,1,2025-11-10,PM,110,8,0.11874382575042018,0.06600000000000003,0.20473042304023306,0.053199293401544744
EURUSD,1,2025-11-10,PA,110,8,0.3969151492759742,0.32217555718571406,0.37796895606305064,0.42602622546274443
EURUSD,1,2025-11-10,VAR1,110,8,9.128395194327132,7.379529615493635,10.684449627984945,8.890763126449311
EURUSD,1,2025-11-10,ARHinc,110,8,0.39118514524799897,0.31557250840633466,0.3436766550297281,0.426469530226618
EURUSD,1,2025-11-10,KernelARH,110,8,0.3995836291347717,0.3251492678930007,0.38942021633740026,0.42578079293443305
EURUSD,5,2025-11-14,PM,110,8,0.3953948245838485,0.28665384615384626,0.6072565066858039,0.219143651784652
EURUSD,5,2025-11-14,PA,110,8,0.5546832391332054,0.4569596681967548,0.6798320636428292,0.4820431462791385
EURUSD,5,2025-11-14,VAR1,110,8,4.475320371099487,3.870455090348895,5.012260111496931,4.492736077529885
EURUSD,5,2025-11-14,ARHinc,110,8,0.6089796612048454,0.4948465363074225,0.7959176656639645,0.49329333134032294
EURUSD,5,2025-11-14,KernelARH,110,8,0.4428094805132861,0.3453687520383372,0.3591911830961836,0.49466496908833557
EURUSD,10,2025-11-21,PM,110,6,0.13719196264863556,0.08996153846153847,0.22563528759739834,0.06993069664187881
EURUSD,10,2025-11-21,PA,110,6,0.4060322594008693,0.3325782242644192,0.39251331022889147,0.431689957579407
EURUSD,10,2025-11-21,VAR1,110,6,4.70909122074198,3.026539978937107,6.811157297580925,2.848889088595096
EURUSD,10,2025-11-21,ARHinc,110,6,0.40373929540361425,0.3277616740032154,0.35844915242086156,0.4336344213662513
EURUSD,10,2025-11-21,KernelARH,110,6,1.007322907069616,0.8868561971183526,1.2918701762089098,0.8369671802316374
EURUSD,1,2025-11-11,PM,110,8,0.17980117223884146,0.11219230769230774,0.28100088282056224,0.08835174601367536
EURUSD,1,2025-11-11,PA,110,8,0.43821155013618596,0.3581816669857563,0.4301930367085019,0.4411563216460252
EURUSD,1,2025-11-11,VAR1,110,8,50.46024661911278,40.81378797425006,61.65724648945667,47.38283166728468
EURUSD,1,2025-11-11,ARHinc,110,8,0.4339112789195438,0.35531166487180005,0.42106474561196067,0.439973392494263
EURUSD,1,2025-11-11,KernelARH,110,8,0.41444225388190453,0.3383973088604221,0.37418466213001733,0.4369688852339028
EURUSD,5,2025-11-17,PM,110,8,0.3363552523288893,0.20476923076923062,0.5539928479393826,0.1578271333454129
EURUSD,5,2025-11-17,PA,110,8,0.5174827413309419,0.4317167392201087,0.6131880172283711,0.46181276133266175
EURUSD,5,2025-11-17,VAR1,110,8,24.064595234862487,20.253391599485536,28.335462561872983,23.590741960230165
EURUSD,5,2025-11-17,ARHinc,110,8,0.5169650877718128,0.4328482096113986,0.6128192892329615,0.46200261650120944
EURUSD,5,2025-11-17,KernelARH,110,8,0.5850749228106233,0.4844277091751751,0.5385799020209114,0.6158643266568105
EURUSD,10,2025-11-24,PM,110,6,0.23715947247498967,0.2102307692307692,0.32081930682916715,0.18989912811665313
EURUSD,10,2025-11-24,PA,110,6,0.4698937399435709,0.3868730045369667,0.5045600976613519,0.4709572832531701
EURUSD,10,2025-11-24,VAR1,110,6,5.892663735074596,4.299693740054323,8.34083376378967,3.8609199510941594
EURUSD,10,2025-11-24,ARHinc,110,6,0.4802180381124239,0.39382726967508264,0.5164757389964327,0.48039175746998597
EURUSD,10,2025-11-24,KernelARH,110,6,1.203715364453535,1.0532126508982431,1.5885446426060157,0.9677317731117069
EURUSD,1,2025-11-12,PM,110,8,0.09871627953966783,0.07319230769230767,0.1579306729080728,0.05651529338369872
EURUSD,1,2025-11-12,PA,110,8,0.40290594702408106,0.3213969296334157,0.35995833100106245,0.42894061887218643
EURUSD,1,2025-11-12,VAR1,110,8,22.262970667081422,18.117893107174243,24.1240785221745,23.115905051118467
EURUSD,1,2025-11-12,ARHinc,110,8,0.3935521253297223,0.31232610974975983,0.33964370100482516,0.42606304637827563
EURUSD,1,2025-11-12,KernelARH,110,8,0.40127809798368164,0.31946482029664375,0.35638851593550974,0.4284083396037474
EURUSD,5,2025-11-18,PM,110,8,0.17903722217203025,0.1025384615384614,0.2991390222045036,0.08359906634951592
EURUSD,5,2025-11-18,PA,110,8,0.4360545062616382,0.35568267488582744,0.431732376662683,0.4385161370935581
EURUSD,5,2025-11-18,VAR1,110,8,9.514361401708543,7.679244332458074,7.03819041404332,11.303755840419397
EURUSD,5,2025-11-18,ARHinc,110,8,0.4272645990151651,0.34857537400496474,0.41223744484268104,0.43639083192334527
EURUSD,5,2025-11-18,KernelARH,110,8,0.46380446572078254,0.3663096190689169,0.3970263097820665,0.5035934635790776
EURUSD,10,2025-11-25,PM,110,6,0.35449429039559577,0.320923076923077,0.47393210571417066,0.2575377925202882
EURUSD,10,2025-11-25,PA,110,6,0.5041481331553477,0.4122011995876807,0.5574249596829878,0.4940764878073056
EURUSD,10,2025-11-25,VAR1,110,6,9.277697291205206,5.824681661913374,13.58399449689177,5.335809703175849
EURUSD,10,2025-11-25,ARHinc,110,6,0.5137497940969292,0.42197395551639016,0.567073803352159,0.5019356757080986
EURUSD,10,2025-11-25,KernelARH,110,6,1.1694465235749358,1.0451058818578138,1.4710251256471436,0.9721824936657819
EURUSD,1,2025-11-13,PM,110,8,0.22413197949148,0.15119230769230768,0.36100598361163216,0.12113149501654716
EURUSD,1,2025-11-13,PA,110,8,0.44001191244300514,0.3584168488285358,0.4599360527750337,0.44241372188406886
EURUSD,1,2025-11-13,VAR1,110,8,6.153795323851272,5.001371876574482,6.826662649507921,6.2680074245439
EURUSD,1,2025-11-13,ARHinc,110,8,0.44997153092387226,0.3675819095267474,0.4826549223511495,0.4448591351370849
EURUSD,1,2025-11-13,KernelARH,110,8,0.4589594806624511,0.37568189068327523,0.5045247514719909,0.4463784991304163
EURUSD,5,2025-11-19,PM,110,8,0.21591598259151987,0.11249999999999988,0.3787849376483962,0.09270423845557434
EURUSD,5,2025-11-19,PA,110,8,0.44651852244786566,0.36652394815283107,0.48303153591835646,0.43945310183293623
EURUSD,5,2025-11-19,VAR1,110,8,6.961052856287211,5.6480525308999185,7.778560839847162,7.114024122370867
EURUSD,5,2025-11-19,ARHinc,110,8,0.4582668607160324,0.37739168778726356,0.5098719707362525,0.44220809086236285
EURUSD,5,2025-11-19,KernelARH,110,8,0.43914936490763284,0.35234764363925863,0.3892226860106907,0.4757851676996327
EURUSD,10,2025-11-26,PM,110,6,0.4595903799120391,0.38846153846153847,0.6695792919241872,0.29490574369519906
EURUSD,10,2025-11-26,PA,110,6,0.572042729279492,0.47329524549967983,0.7145802249642281,0.509827430428687
EURUSD,10,2025-11-26,VAR1,110,6,3.5110431604655075,2.568982383635786,5.205783380129503,1.983081839172543
EURUSD,10,2025-11-26,ARHinc,110,6,0.5527229386951639,0.45653034518167224,0.675690808642125,0.503396483577422
EURUSD,10,2025-11-26,KernelARH,110,6,1.1498056053506476,1.0191898208855064,1.4783523075655274,0.9338922523897205
EURUSD,1,2025-11-14,PM,110,8,0.04623310502226732,0.0348846153846154,0.06778052112580059,0.033890211606502844
EURUSD,1,2025-11-14,PA,110,8,0.3852634924995653,0.3137647623428228,0.3222170738605033,0.4279555924866128
EURUSD,1,2025-11-14,VAR1,110,8,22.49584131400045,17.619063959345496,31.06588219500899,17.356909022421885
EURUSD,1,2025-11-14,ARHinc,110,8,0.40260354131540016,0.33166913466428183,0.37283721992332464,0.43148259156509583
EURUSD,1,2025-11-14,KernelARH,110,8,0.39393955279419735,0.3263872688297618,0.340199518322474,0.4331103994846882
EURUSD,5,2025-11-20,PM,110,8,0.44449923206648206,0.3351538461538463,0.7040080477067986,0.25564207640579384
EURUSD,5,2025-11-20,PA,110,8,0.5684014447069667,0.4619141648372863,0.7313950243288636,0.49333501785807343
EURUSD,5,2025-11-20,VAR1,110,8,13.936635926973882,8.750516813148687,20.58794927754079,7.907620136111614
EURUSD,5,2025-11-20,ARHinc,110,8,0.5190353264165851,0.42613931790595166,0.614754550667232,0.48438352289455827
EURUSD,5,2025-11-20,KernelARH,110,8,0.8258806605517386,0.7208167934507047,1.0129158509461007,0.72176360917267
EURUSD,10,2025-11-27,PM,110,6,0.5929884387250214,0.49415384615384605,0.8813882738130423,0.38226618474298063
EURUSD,10,2025-11-27,PA,110,6,0.6779309790229102,0.5608008251736971,0.884619653589303,0.5664421130661375
EURUSD,10,2025-11-27,VAR1,110,6,8.807151893158517,6.38818753246333,13.227464394703627,4.968862634319083
EURUSD,10,2025-11-27,ARHinc,110,6,0.622588337654072,0.5155779814953408,0.7612136859085705,0.5556735791447579
EURUSD,10,2025-11-27,KernelARH,110,6,1.1072059631229592,0.9925607188639511,1.3650630261091714,0.9398622236182518
EURUSD,1,2025-11-17,PM,110,8,0.15317348133608305,0.12815384615384615,0.2242363446072113,0.10955515041802366
EURUSD,1,2025-11-17,PA,110,8,0.40623231961390505,0.3344666276447895,0.36974161769925484,0.43811210403215867
EURUSD,1,2025-11-17,VAR1,110,8,15.542412040859487,12.447232967804023,20.165148648298157,13.557921118186183
EURUSD,1,2025-11-17,ARHinc,110,8,0.39624411048967384,0.3253768562789612,0.345087513047784,0.4339515500223715
EURUSD,1,2025-11-17,KernelARH,110,8,0.3901987399069381,0.31569655991274687,0.32503681459745654,0.431243561841753
EURUSD,5,2025-11-21,PM,110,8,0.46736335929914813,0.32430769230769235,0.7719004245246607,0.2406056187324399
EURUSD,5,2025-11-21,PA,110,8,0.5865154289836065,0.4698721840010213,0.7966489000227333,0.48504012722183626
EURUSD,5,2025-11-21,VAR1,110,8,10.586833111668298,7.064426984364351,15.178820779336977,7.1188350433695256
EURUSD,5,2025-11-21,ARHinc,110,8,0.5673689364507624,0.45569904230901787,0.764335802408997,0.4767360476463866
EURUSD,5,2025-11-21,KernelARH,110,8,0.5584608324554883,0.452578401614621,0.6850819925534778,0.5121575940909616
EURUSD,10,2025-11-28,PM,110,6,0.66722246463057,0.5397692307692308,1.0053806126700204,0.4066759944716393
EURUSD,10,2025-11-28,PA,110,6,0.7400259667035134,0.6146984219851187,1.0012103384590862,0.5827824328823066
EURUSD,10,2025-11-28,VAR1,110,6,7.333203766633669,5.68388471998272,10.927986054878374,4.323976893789486
EURUSD,10,2025-11-28,ARHinc,110,6,0.7250954851021854,0.6023878637058266,0.9806311602867609,0.5732257883250544
EURUSD,10,2025-11-28,KernelARH,110,6,1.1415714981863403,1.020272425567109,1.4344847859922647,0.9455853492741874
EURUSD,1,2025-11-18,PM,110,8,0.048402856717982556,0.038807692307692446,0.05243590361860885,0.043017621825862655
EURUSD,1,2025-11-18,PA,110,8,0.39441894376371606,0.3113986869727766,0.33874051117391435,0.4283374559321291
EURUSD,1,2025-11-18,VAR1,110,8,22.895665345576123,17.982298343542002,30.88405129358141,18.569110910098754
EURUSD,1,2025-11-18,ARHinc,110,8,0.39643766144716874,0.32010857014354405,0.35575975699061446,0.42741561011182083
EURUSD,1,2025-11-18,KernelARH,110,8,0.39742840625429093,0.32016702104394146,0.348724736481538,0.42816823310677327
EURUSD,5,2025-11-24,PM,110,8,0.5186431539641164,0.3826538461538462,0.8406138024904098,0.27881058078471266
EURUSD,5,2025-11-24,PA,110,8,0.636919593050929,0.5022898410315197,0.8901835152120792,0.5046232822171859
EURUSD,5,2025-11-24,VAR1,110,8,23.64362237377041,18.06796544671128,33.44294171362301,16.84140687453549
EURUSD,5,2025-11-24,ARHinc,110,8,0.6862999807925192,0.5399100223924221,0.9789773960862471,0.5226406068220988
EURUSD,5,2025-11-24,KernelARH,110,8,0.7002531127712427,0.5577233340144088,0.9480582140950372,0.5723178937948112
EURUSD,10,2025-12-01,PM,110,6,0.5115040980360689,0.38515384615384607,0.7691251366742777,0.2922570692461462
EURUSD,10,2025-12-01,PA,110,6,0.5982347742829375,0.5051867134574253,0.7665002378468403,0.5078477083757196
EURUSD,10,2025-12-01,VAR1,110,6,13.38895792099084,8.452440460887136,19.908017066333862,7.274504708233091
EURUSD,10,2025-12-01,ARHinc,110,6,0.618490786230255,0.5208979316731202,0.8120272428010622,0.511100393434025
EURUSD,10,2025-12-01,KernelARH,110,6,1.0798058617504829,0.9618778107059069,1.359530742853973,0.888887935270662
EURUSD,1,2025-11-19,PM,110,8,0.13827752195104986,0.08346153846153843,0.24159818545254294,0.0633423486856748
EURUSD,1,2025-11-19,PA,110,8,0.41774333371412165,0.33560626566103585,0.4127665415535843,0.43356773040818497
EURUSD,1,2025-11-19,VAR1,110,8,21.24611249770706,16.433062723958415,29.07606024163147,16.813578695052186
EURUSD,1,2025-11-19,ARHinc,110,8,0.4235435460789422,0.33867694553489647,0.42672254499308937,0.43524150214083607
EURUSD,1,2025-11-19,KernelARH,110,8,0.4204622927169797,0.3381925829592089,0.41970689553487217,0.43404437228151305
EURUSD,5,2025-11-25,PM,110,8,0.49988705455101784,0.4188461538461538,0.7332535727162572,0.3128766945394395
EURUSD,5,2025-11-25,PA,110,8,0.6054812937911263,0.5039312064003321,0.7707008415487894,0.5199809876790882
EURUSD,5,2025-11-25,VAR1,110,8,18.869793879836063,14.468933447653985,26.671381551340055,13.559019565571898
EURUSD,5,2025-11-25,ARHinc,110,8,0.6001611608101651,0.49862342235601625,0.767695840595659,0.5145204385467391
EURUSD,5,2025-11-25,KernelARH,110,8,0.6746657180648004,0.5606300869118257,0.8431852236721712,0.5861797998417022
EURUSD,10,2025-12-02,PM,110,6,0.5204424892487014,0.3863076923076923,0.7308496119845976,0.31633076532135707
EURUSD,10,2025-12-02,PA,110,6,0.5948761666011907,0.4989531483373558,0.7163108343136793,0.5186927656745258
EURUSD,10,2025-12-02,VAR1,110,6,7.7707694336965645,4.905999789343372,11.554324798965325,4.218334930336556
EURUSD,10,2025-12-02,ARHinc,110,6,0.6083661532338461,0.5100601306548797,0.7416062718381395,0.5240026134313654
EURUSD,10,2025-12-02,KernelARH,110,6,0.9648647025717527,0.8488213506832667,1.1745292513345194,0.8083059883139521
EURUSD,1,2025-11-20,PM,110,8,0.415622910636738,0.2893846153846153,0.6919521219911003,0.20733927063261753
EURUSD,1,2025-11-20,PA,110,8,0.5451175393071273,0.44068873016845644,0.7157852630983536,0.4697315328911376
EURUSD,1,2025-11-20,VAR1,110,8,34.61816303130668,26.708785812549685,47.646237449535604,27.21733518995944
EURUSD,1,2025-11-20,ARHinc,110,8,0.5183100503409532,0.42182705470988957,0.6652522066330152,0.45995087069496327
EURUSD,1,2025-11-20,KernelARH,110,8,0.5098259534856914,0.4164739022933549,0.6408533273833299,0.4603104742275455
EURUSD,5,2025-11-26,PM,110,8,0.6455781174801628,0.4925,1.0167366898700871,0.3572447906132586
EURUSD,5,2025-11-26,PA,110,8,0.7183464951099331,0.5857080018884278,1.0073368594042338,0.5454222215189316
EURUSD,5,2025-11-26,VAR1,110,8,20.98383218598665,15.07508666570735,30.23609387137997,14.097145917795904
EURUSD,5,2025-11-26,ARHinc,110,8,0.6867971486803854,0.559233968625857,0.9607731179076225,0.527633648985625
EURUSD,5,2025-11-26,KernelARH,110,8,0.7414130849110246,0.6159973353001076,0.9787885877074343,0.6030153552800976
EURUSD,10,2025-12-03,PM,110,6,0.5444465697455465,0.3777307692307691,0.8145478485135965,0.3064984892135268
EURUSD,10,2025-12-03,PA,110,6,0.6102723929509966,0.5093422590680574,0.7657491955420721,0.5173076784620363
EURUSD,10,2025-12-03,VAR1,110,6,11.48957461913819,8.1854461515427,17.335968897891952,6.356132051046034
EURUSD,10,2025-12-03,ARHinc,110,6,0.5791762024700952,0.4809996743267177,0.71565641921738965,0.5024433651245858
EURUSD,10,2025-12-03,KernelARH,110,6,0.8219568826716431,0.7013868452531224,0.973871976410965,0.7065016133815963
EURUSD,1,2025-11-21,PM,110,8,0.05314891995429152,0.035230769230769225,0.09015675313992282,0.030009508213291812
EURUSD,1,2025-11-21,PA,110,8,0.4003724401911236,0.3218593941643679,0.36672753028172833,0.4311537751018783
EURUSD,1,2025-11-21,VAR1,110,8,75.7660601339433,58.56864785313079,106.75004503093358,55.979358272052565
EURUSD,1,2025-11-21,ARHinc,110,8,0.40294181831491926,0.32356798808994447,0.3830135364428727,0.4307623279748979
EURUSD,1,2025-11-21,KernelARH,110,8,0.41974628108648915,0.3471879570825177,0.43968987869677717,0.4337772884991079
EURUSD,5,2025-11-27,PM,110,8,0.22984223267945544,0.19153846153846157,0.3005422502596003,0.15873226894999484
EURUSD,5,2025-11-27,PA,110,8,0.4253367662569858,0.3436189101628675,0.4118465961328246,0.44878418469302356
EURUSD,5,2025-11-27,VAR1,110,8,57.67543721281825,41.91409866340091,83.92955985094939,37.218200111278705
EURUSD,5,2025-11-27,ARHinc,110,8,0.4320323901999285,0.3459164965585888,0.4400481880225846,0.4483539079367067
EURUSD,5,2025-11-27,KernelARH,110,8,0.5366526054839925,0.4375376164303992,0.6334527300171119,0.5030167516855685
EURUSD,10,2025-12-04,PM,110,6,0.3830857756932011,0.25976923076923086,0.5304212138836994,0.21696785655730869
EURUSD,10,2025-12-04,PA,110,6,0.4801279499103297,0.391656242957912,0.48097586473292414,0.4703368874333317
EURUSD,10,2025-12-04,VAR1,110,6,29.000367587358202,18.642983620435963,43.05577124535212,15.99000099760152
EURUSD,10,2025-12-04,ARHinc,110,6,0.4750752372006599,0.38672666855717414,0.4589743268088201,0.4696951060008736
EURUSD,10,2025-12-04,KernelARH,110,6,0.5690483304105629,0.4690870085182758,0.5639929951625928,0.5236983905031225
EURUSD,1,2025-11-24,PM,110,8,0.21191049453084596,0.18650000000000003,0.30090449199311003,0.1544419039511749
EURUSD,1,2025-11-24,PA,110,8,0.4613334547581079,0.38090676445442195,0.5030075570759007,0.4580287191880862
EURUSD,1,2025-11-24,VAR1,110,8,95.25459940489218,74.15424223000832,133.88912508537808,70.71223337942818
EURUSD,1,2025-11-24,ARHinc,110,8,0.45749661412167003,0.3780901303889244,0.4923484279359101,0.45745024980279075
EURUSD,1,2025-11-24,KernelARH,110,8,0.48225045381821785,0.39504292753366355,0.5623287990463598,0.4635888469301695
EURUSD,5,2025-11-28,PM,110,8,0.2711056421964863,0.22980769230769243,0.3324579304544238,0.19623485420770645
EURUSD,5,2025-11-28,PA,110,8,0.4520597695001347,0.3651656572372546,0.44668246295725467,0.46672189927734775
EURUSD,5,2025-11-28,VAR1,110,8,75.19637502423883,53.51261724280211,109.63009920388113,48.111903034685696
EURUSD,5,2025-11-28,ARHinc,110,8,0.44823276467857553,0.3618025112854184,0.4386853358055216,0.46549766881038646
EURUSD,5,2025-11-28,KernelARH,110,8,0.5677377712919411,0.4688249128838765,0.6917995661825772,0.5138859481929663
EURUSD,10,2025-12-05,PM,110,6,0.4070115052238885,0.28707692307692323,0.5375561425482246,0.24149148474402715
EURUSD,10,2025-12-05,PA,110,6,0.5021429915920453,0.4155055375525871,0.48479498721059894,0.49292686558492915
EURUSD,10,2025-12-05,VAR1,110,6,40.10524448185423,25.913517626914768,59.546951521166996,22.17209369107045
EURUSD,10,2025-12-05,ARHinc,110,6,0.5047375956662035,0.4174797073188108,0.4838494659945856,0.4952470706649375
EURUSD,10,2025-12-05,KernelARH,110,6,0.6477729243889383,0.5405787381226363,0.6736820824193026,0.5782904462768268
EURUSD,1,2025-11-25,PM,110,8,0.12197867878003542,0.07449999999999991,0.19202214277829988,0.06157712763553146
EURUSD,1,2025-11-25,PA,110,8,0.3919925795066086,0.3091872930173995,0.32218243084472237,0.4324711469710881
EURUSD,1,2025-11-25,VAR1,110,8,150.35038576903895,116.88965539315109,212.5011873718616,109.98078524919357
EURUSD,1,2025-11-25,ARHinc,110,8,0.38953914989470284,0.3055894477666472,0.3151027532000081,0.4325375313429104
EURUSD,1,2025-11-25,KernelARH,110,8,0.4062584754004737,0.3268563420230775,0.37654640264776357,0.43803164334356826
EURUSD,5,2025-12-01,PM,110,8,0.2121332808546406,0.12953846153846163,0.3061570767347906,0.11280826373418405
EURUSD,5,2025-12-01,PA,110,8,0.41370386083048594,0.3301360233189415,0.3711961254424546,0.44286930463325186
EURUSD,5,2025-12-01,VAR1,110,8,131.0272637642806,90.31330545044167,192.00855776976604,81.91940382740853
EURUSD,5,2025-12-01,ARHinc,110,8,0.41340961964459016,0.33081776078720887,0.36627078311218453,0.4434870500340398
EURUSD,5,2025-12-01,KernelARH,110,8,0.478884210920349,0.3849768870592043,0.5435627833007844,0.4635008413927004
EURUSD,10,2025-12-08,PM,110,6,0.3870310437757594,0.2632307692307693,0.5756744941018277,0.21121579931945508
EURUSD,10,2025-12-08,PA,110,6,0.47983564285589314,0.38403675265323733,0.49806635885327866,0.47799269753934637
EURUSD,10,2025-12-08,VAR1,110,6,79.1251611320408,51.45836996495165,117.4247062678262,43.91305233223579
EURUSD,10,2025-12-08,ARHinc,110,6,0.481045296727212,0.3847318077674388,0.5042237193392499,0.478090967194521
EURUSD,10,2025-12-08,KernelARH,110,6,0.5742889053701294,0.4837859140897897,0.5963568517405615,0.5306296229999086
EURUSD,1,2025-11-26,PM,110,8,0.05657874023123742,0.044384615384615314,0.0790738684092805,0.042707256109177985
EURUSD,1,2025-11-26,PA,110,8,0.38297372008802066,0.30438195042471394,0.3277629147569264,0.4248866398053479
EURUSD,1,2025-11-26,VAR1,110,8,81.83726031558854,63.74504172481981,115.52728136470115,60.075041944269294
EURUSD,1,2025-11-26,ARHinc,110,8,0.3830172193355081,0.30454712481259294,0.32648502739772023,0.4251762071208989
EURUSD,1,2025-11-26,KernelARH,110,8,0.4104327316401213,0.3279636433391307,0.42867094223751434,0.42736362580984366
EURUSD,5,2025-12-02,PM,110,8,0.22680907338382825,0.1405384615384615,0.3338082334388612,0.1239045483396965
EURUSD,5,2025-12-02,PA,110,8,0.424645040072586,0.3312306577506564,0.4157895970488483,0.4421409296952824
EURUSD,5,2025-12-02,VAR1,110,8,68.90319735036125,48.851571622898106,100.42540945498712,44.11863800316561
EURUSD,5,2025-12-02,ARHinc,110,8,0.42696657823602874,0.33377295297010995,0.4208032637372765,0.44321022842616337
EURUSD,5,2025-12-02,KernelARH,110,8,0.45525786123718426,0.37501202124689853,0.47796100031774524,0.45423483573707446
EURUSD,10,2025-12-09,PM,110,6,0.3846929969769102,0.2671538461538463,0.6093224739119838,0.20104794760641256
EURUSD,10,2025-12-09,PA,110,6,0.49922197087825176,0.40571195750817357,0.585298591487815,0.4744817152410013
EURUSD,10,2025-12-09,VAR1,110,6,45.844147064273734,29.692272955197538,68.0167901233973,25.32455428175007
EURUSD,10,2025-12-09,ARHinc,110,6,0.5012623108982586,0.40711915415294997,0.5918399836383069,0.4755458934271545
EURUSD,10,2025-12-09,KernelARH,110,6,0.5789183115879515,0.47319425511646873,0.554723039337203,0.5394750989891747
EURUSD,1,2025-11-27,PM,110,8,0.1458051254770717,0.06346153846153842,0.22943295964962335,0.06704893012156715
EURUSD,1,2025-11-27,PA,110,8,0.4076285899828837,0.3287138063417758,0.3839515373561828,0.43033377847574317
EURUSD,1,2025-11-27,VAR1,110,8,66.32833981471107,52.212752948071156,93.03130873848868,49.150469614309394
EURUSD,1,2025-11-27,ARHinc,110,8,0.43361307478159644,0.35112741097617733,0.4387504345363498,0.43673158276201124
EURUSD,1,2025-11-27,KernelARH,110,8,0.3974199122908287,0.3218585598097294,0.362295099613262,0.4307768949768
EURUSD,5,2025-12-03,PM,110,8,0.2888275370421702,0.16319230769230783,0.45116957614729286,0.15208284174530104
EURUSD,5,2025-12-03,PA,110,8,0.47503751519872867,0.36937013403779967,0.5212449332240577,0.4603548879847055
EURUSD,5,2025-12-03,VAR1,110,8,61.66871860951908,44.37637507726209,89.2023928331079,40.60511889129207
EURUSD,5,2025-12-03,ARHinc,110,8,0.5072098445676094,0.39693011120144023,0.5887089735519089,0.4695438433984254
EURUSD,5,2025-12-03,KernelARH,110,8,0.43515633320837116,0.34976634215813046,0.4286886226291323,0.4494143535549825
EURUSD,10,2025-12-10,PM,110,6,0.3592289418912508,0.2354999999999998,0.5892681656899531,0.17877552237633862
EURUSD,10,2025-12-10,PA,110,6,0.48474339436708774,0.388580367340774,0.5645139044443118,0.4659843007935952
EURUSD,10,2025-12-10,VAR1,110,6,44.77249094511674,29.11054521378132,66.38148128518243,24.80076677862325
EURUSD,10,2025-12-10,ARHinc,110,6,0.4922704492534522,0.39237678384829267,0.5899343238612849,0.4662935293244917
EURUSD,10,2025-12-10,KernelARH,110,6,0.5498227453205901,0.4544925974021192,0.5239586030054506,0.5214193067423226
EURUSD,1,2025-11-28,PM,110,8,0.08903515943370133,0.06553846153846153,0.13264295077944602,0.04880378459295633
EURUSD,1,2025-11-28,PA,110,8,0.39656500361497526,0.3187029430188612,0.3844884220144411,0.4279749282561381
EURUSD,1,2025-11-28,VAR1,110,8,35.35303709802757,27.879417968984175,49.67140395333898,26.08746180609226
EURUSD,1,2025-11-28,ARHinc,110,8,0.40563271555135394,0.32466052240855464,0.4087852249363286,0.4306297510072154
EURUSD,1,2025-11-28,KernelARH,110,8,0.4009245907030894,0.32002534048160686,0.3994729950187873,0.42862649353869176
EURUSD,5,2025-12-04,PM,110,8,0.29445900524390617,0.20876923076923082,0.47860711432027797,0.17354650177786507
EURUSD,5,2025-12-04,PA,110,8,0.4678954607334731,0.38175697646596274,0.5089114173942664,0.4645444728350729
EURUSD,5,2025-12-04,VAR1,110,8,32.06535076189505,23.49949252859589,46.290165403099316,21.193844874363464
EURUSD,5,2025-12-04,ARHinc,110,8,0.4619496671115785,0.377524152857775,0.48837167184457747,0.46328638203660055
EURUSD,5,2025-12-04,KernelARH,110,8,0.45248782331159776,0.36852563225678564,0.4437017214330001,0.45953449014039766
EURUSD,10,2025-12-11,PM,110,6,0.5702976618196177,0.31953846153846166,1.0035916657140842,0.30659540980184963
EURUSD,10,2025-12-11,PA,110,6,0.6480334537937436,0.48669581544367424,0.9382282923665826,0.5322069614161892
EURUSD,10,2025-12-11,VAR1,110,6,24.39166671414355,15.715695085082846,36.18243870329364,13.462118690818095
EURUSD,10,2025-12-11,ARHinc,110,6,0.6558032523495843,0.4934156461939611,0.9514630819521248,0.5365049888073345
EURUSD,10,2025-12-11,KernelARH,110,6,0.544278277745308,0.4277147417248388,0.7087590513986842,0.48643691936909705
EURUSD,1,2025-12-01,PM,110,8,0.04035360531028744,0.03511538461538462,0.0466826929616164,0.039194813759865055
EURUSD,1,2025-12-01,PA,110,8,0.3930435569740088,0.31482997906570004,0.35178507085064553,0.43091962101563946
EURUSD,1,2025-12-01,VAR1,110,8,34.43442735946884,27.308568571094714,48.17908932966985,25.714129940228776
EURUSD,1,2025-12-01,ARHinc,110,8,0.39434065830127024,0.3153801331445979,0.3528993167295127,0.4318274117675973
EURUSD,1,2025-12-01,KernelARH,110,8,0.3917996808364792,0.31328717806267053,0.35616752337761437,0.43004199266852844
EURUSD,5,2025-12-05,PM,110,8,0.2823946365801426,0.19103846153846168,0.46379035036385113,0.15337531893781525
EURUSD,5,2025-12-05,PA,110,8,0.4647028725499011,0.3764640380237977,0.4938935116630818,0.467422264971488
EURUSD,5,2025-12-05,VAR1,110,8,29.06457359809517,21.492323283026334,41.83158870028298,19.390669240209373
EURUSD,5,2025-12-05,ARHinc,110,8,0.46643160909725756,0.37763009291005734,0.49681880381353816,0.4695652862084891
EURUSD,5,2025-12-05,KernelARH,110,8,0.46566698998062667,0.3774614588372739,0.43104326919666636,0.4734178926932788
EURUSD,10,2025-12-12,PM,110,6,0.49079277508631186,0.2667307692307694,0.8699510544969661,0.25196454611614144
EURUSD,10,2025-12-12,PA,110,6,0.5750856674551673,0.43466496234358337,0.7865202785721298,0.5048588063843168
EURUSD,10,2025-12-12,VAR1,110,6,22.112861242392604,14.18845607659132,32.80175479556205,12.170624352840672
EURUSD,10,2025-12-12,ARHinc,110,6,0.5790652747302042,0.4370836064664661,0.7938263933263954,0.5071016693365911
EURUSD,10,2025-12-12,KernelARH,110,6,0.5157406526953838,0.4219812622459265,0.5990035501343064,0.49157398096721777
EURUSD,1,2025-12-02,PM,110,8,0.11349114672350177,0.06530769230769234,0.17480421830373877,0.05608734252022081
EURUSD,1,2025-12-02,PA,110,8,0.4160028678787724,0.32799993803305794,0.4107819865555936,0.43413084525380824
EURUSD,1,2025-12-02,VAR1,110,8,31.07566218382427,24.318310338712706,44.15757694366302,22.173389414181194
EURUSD,1,2025-12-02,ARHinc,110,8,0.4136081758886916,0.32890290890345025,0.4038151583461812,0.43412288391481746
EURUSD,1,2025-12-02,KernelARH,110,8,0.4144276046083305,0.3248431297068477,0.4076914344668906,0.4345267312608872
EURUSD,5,2025-12-08,PM,110,8,0.19616295227731925,0.1372692307692308,0.30890231164015963,0.1114054247076208
EURUSD,5,2025-12-08,PA,110,8,0.4292716364744099,0.34112189073736643,0.40525790649843607,0.455226664152077
EURUSD,5,2025-12-08,VAR1,110,8,27.0125125340486,20.48719688495994,38.356656026977674,18.681185376806695
EURUSD,5,2025-12-08,ARHinc,110,8,0.4287116863205885,0.34033926539084675,0.4016835814433937,0.45437207383812356
EURUSD,5,2025-12-08,KernelARH,110,8,0.44765985257911883,0.36231315117765694,0.40080992981399965,0.4665696537824926
EURUSD,10,2025-12-15,PM,110,6,0.49153038093755247,0.27826923076923077,0.8543378893442384,0.2671677170341713
EURUSD,10,2025-12-15,PA,110,6,0.5909044604882542,0.45243008469421886,0.7965686897522111,0.5203852268048157
EURUSD,10,2025-12-15,VAR1,110,6,21.61438904625094,14.101582356299259,32.04548991868518,11.99165913284209
EURUSD,10,2025-12-15,ARHinc,110,6,0.5935462280646041,0.45416936207067093,0.8065684999967686,0.5183278231028683
EURUSD,10,2025-12-15,KernelARH,110,6,0.5141398905948416,0.41374477710179997,0.6043838650220289,0.4965848076697941
EURUSD,1,2025-12-03,PM,110,8,0.12170957708350708,0.09369230769230777,0.17331590700794886,0.08475499719461255
EURUSD,1,2025-12-03,PA,110,8,0.4326232717702144,0.3396320538517315,0.4391925192461935,0.4445110594458379
EURUSD,1,2025-12-03,VAR1,110,8,35.87419632680136,28.566330195961132,50.54027680436891,25.90380932824374
EURUSD,1,2025-12-03,ARHinc,110,8,0.43307868669925464,0.3400029732433019,0.4398836063014177,0.44450132270859494
EURUSD,1,2025-12-03,KernelARH,110,8,0.45943332224762246,0.36459943415011253,0.48434762543718524,0.456758966536424
EURUSD,5,2025-12-09,PM,110,8,0.29593983276231106,0.16596153846153844,0.5132748916744464,0.1344747250760048
EURUSD,5,2025-12-09,PA,110,8,0.4436018106350307,0.3669369771938971,0.4644440839867149,0.452917311557018
EURUSD,5,2025-12-09,VAR1,110,8,21.080829695201846,16.551417409126703,29.730042209597627,14.393755770623518
EURUSD,5,2025-12-09,ARHinc,110,8,0.44538474892321167,0.3686364680086175,0.4760785300244142,0.452163254796812
EURUSD,5,2025-12-09,KernelARH,110,8,0.5100577379979283,0.42041015708300383,0.4837661360214765,0.4993270489341292
EURUSD,10,2025-12-16,PM,110,6,0.41300033758600474,0.2702692307692308,0.6215668258251531,0.2503337611413066
EURUSD,10,2025-12-16,PA,110,6,0.47165309723397436,0.3783836132130238,0.45644941684045093,0.4943233223347126
EURUSD,10,2025-12-16,VAR1,110,6,10.203909430823265,7.3159843374464915,15.46483557602371,5.604868477645647
EURUSD,10,2025-12-16,ARHinc,110,6,0.46950451507909674,0.3803362633337039,0.4515149124910554,0.49551948001153556
EURUSD,10,2025-12-16,KernelARH,110,6,0.5186428101609344,0.4244930900487421,0.5389313402662502,0.5073985047269861
EURUSD,1,2025-12-04,PM,110,8,0.18648533145036852,0.10176923076923074,0.31704772482319404,0.09144992249869646
EURUSD,1,2025-12-04,PA,110,8,0.4211452287213319,0.3432585105737739,0.40703091447191625,0.43951996023973233
EURUSD,1,2025-12-04,VAR1,110,8,55.54183968474117,43.97874511395456,77.74690152430989,40.815011219642514
EURUSD,1,2025-12-04,ARHinc,110,8,0.43452843308818534,0.3530020452858153,0.4522044078020713,0.44082534002861495
EURUSD,1,2025-12-04,KernelARH,110,8,0.4356490334372405,0.3497661117309018,0.4554535197757875,0.4424037579159378
EURUSD,5,2025-12-10,PM,110,8,0.30046398414657083,0.22215384615384623,0.466185002346924,0.15952206884970918
EURUSD,5,2025-12-10,PA,110,8,0.4369917287653199,0.3548315948538312,0.40178495079029597,0.45766970878732
EURUSD,5,2025-12-10,VAR1,110,8,35.482216237041506,27.72182160659574,46.632026378477875,27.701796547420653
EURUSD,5,2025-12-10,ARHinc,110,8,0.44063030653962343,0.36366243613968796,0.4272970338840071,0.45877809652685503
EURUSD,5,2025-12-10,KernelARH,110,8,0.5337641586152467,0.4407697788554948,0.5008060505792057,0.5183721923420046
EURUSD,10,2025-12-17,PM,110,6,0.5146470037428941,0.28850000000000015,0.7742574871055047,0.2683797548424115
EURUSD,10,2025-12-17,PA,110,6,0.5469190983003986,0.4345150485544165,0.626863265592022,0.5033155921036122
EURUSD,10,2025-12-17,VAR1,110,6,21.310900940053664,15.04484787618792,32.23675687241793,11.800966806182108
EURUSD,10,2025-12-17,ARHinc,110,6,0.5186102372376988,0.4141117535622511,0.5645897909012855,0.4958281498112843
EURUSD,10,2025-12-17,KernelARH,110,6,0.5812127983105796,0.47328136678807087,0.6591659231060164,0.5267011573587423
EURUSD,1,2025-12-05,PM,110,8,0.09912841322089391,0.0815,0.14382578390926498,0.0673652507353298
EURUSD,1,2025-12-05,PA,110,8,0.42511000269747734,0.3464515929082841,0.37878371350511336,0.45405117975724135
EURUSD,1,2025-12-05,VAR1,110,8,145.7215069746056,114.27265656262719,199.97090011905686,110.76978335019841
EURUSD,1,2025-12-05,ARHinc,110,8,0.4252508719598551,0.3442469275312624,0.380341982653537,0.45342680150089665
EURUSD,1,2025-12-05,KernelARH,110,8,0.421891401436599,0.34186372853838976,0.38593070989655615,0.45103631694170376
EURUSD,5,2025-12-11,PM,110,8,0.362912961063245,0.22719230769230755,0.6151176589292119,0.18782918529745757
EURUSD,5,2025-12-11,PA,110,8,0.52952109080014,0.4102844459722898,0.692931002091171,0.4790348376422639
EURUSD,5,2025-12-11,VAR1,110,8,89.4406220628838,77.12483876788849,89.33351546241876,86.22737304080744
EURUSD,5,2025-12-11,ARHinc,110,8,0.5291324122461548,0.41263076146858857,0.6837150159958485,0.4824270707685057
EURUSD,5,2025-12-11,KernelARH,110,8,0.5557818551911796,0.4482674169304934,0.7247712875350778,0.48710707415391974
EURUSD,10,2025-12-18,PM,110,6,0.8019645949407377,0.5051923076923078,1.3127875009532697,0.39558415068309183
EURUSD,10,2025-12-18,PA,110,6,0.8231882239500544,0.6288902180479068,1.2090537393012255,0.5776480512223715
EURUSD,10,2025-12-18,VAR1,110,6,58.60824527888054,42.42193984970261,88.71528814462734,31.663392697569048
EURUSD,10,2025-12-18,ARHinc,110,6,0.7860174709252147,0.5997923658129297,1.1473621129849472,0.5620619997061418
EURUSD,10,2025-12-18,KernelARH,110,6,0.9182706555853887,0.7372672842691865,1.297056144899255,0.6493015826979481
EURUSD,1,2025-12-08,PM,110,8,0.08322496158466665,0.055384615384615477,0.1375584964891762,0.04161599128291934
EURUSD,1,2025-12-08,PA,110,8,0.4036719304749919,0.32403506130130993,0.351448795756714,0.4431224857255606
EURUSD,1,2025-12-08,VAR1,110,8,139.3251027248099,108.55064610850935,190.8350547012663,105.12076371847506
EURUSD,1,2025-12-08,ARHinc,110,8,0.40358567419991404,0.3221843313216386,0.3491756311854754,0.4434148848823571
EURUSD,1,2025-12-08,KernelARH,110,8,0.43865716682553235,0.35806658313553774,0.4050535530228336,0.4628610669634639
EURUSD,5,2025-12-12,PM,110,8,0.31742178018916967,0.20823076923076916,0.5299349696921214,0.16300654600836695
EURUSD,5,2025-12-12,PA,110,8,0.48117697271504456,0.3780090842471966,0.5753810961443927,0.46779120638001614
EURUSD,5,2025-12-12,VAR1,110,8,90.91095801762022,77.65434228146731,81.64316778008437,91.08789579964103
EURUSD,5,2025-12-12,ARHinc,110,8,0.488505209338978,0.3833971749035485,0.5908858509426563,0.47064526410181046
EURUSD,5,2025-12-12,KernelARH,110,8,0.5269205396157003,0.4065272159337706,0.6790240942804179,0.48365229493094625
EURUSD,10,2025-12-19,PM,110,6,0.9458408448815023,0.5908461538461538,1.5701763895286613,0.4557976334857697
EURUSD,10,2025-12-19,PA,110,6,0.9611421574675558,0.705927244660318,1.4809718763168942,0.6228606083107989
EURUSD,10,2025-12-19,VAR1,110,6,64.9175065455204,46.98350347963097,97.81773493280649,35.65589468014878
EURUSD,10,2025-12-19,ARHinc,110,6,0.9552804225767593,0.7002876771810073,1.4729175943693118,0.6191203585667943
EURUSD,10,2025-12-19,KernelARH,110,6,1.0661926225922924,0.8168166219314155,1.604390510528117,0.6970406293458581
EURUSD,1,2025-12-09,PM,110,8,0.17743322145788568,0.10315384615384622,0.3140528711087585,0.08055075721109002
EURUSD,1,2025-12-09,PA,110,8,0.42927966413280866,0.3607999289534806,0.4307558450019857,0.44816129913206704
EURUSD,1,2025-12-09,VAR1,110,8,76.4741976347751,58.251412149473566,107.17445832015866,54.38208259468314
EURUSD,1,2025-12-09,ARHinc,110,8,0.42878597569906723,0.3592656327199763,0.409124245247674,0.4513279828018964
EURUSD,1,2025-12-09,KernelARH,110,8,0.427948477975166,0.3580945761350422,0.40711895735707554,0.4503978842587132
EURUSD,5,2025-12-15,PM,110,8,0.40312982257103464,0.269076923076923,0.6661985987554145,0.2159263819045706
EURUSD,5,2025-12-15,PA,110,8,0.5202231816014288,0.412972074132719,0.6440422453312975,0.4876639636502443
EURUSD,5,2025-12-15,VAR1,110,8,50.8396134931443,43.76232511586123,47.36360141635883,49.54029687848055
EURUSD,5,2025-12-15,ARHinc,110,8,0.5050711991559608,0.4005141435652865,0.6175210974856123,0.48051790527334165
EURUSD,5,2025-12-15,KernelARH,110,8,0.49358702956966566,0.3917140780662528,0.5901176182376975,0.4773974485900127
EURUSD,10,2025-12-22,PM,110,6,0.8163055553010677,0.5041923076923078,1.362535643464373,0.39632557423615766
EURUSD,10,2025-12-22,PA,110,6,0.8435038087884035,0.6246303292201375,1.2885460730461913,0.5833167188785093
EURUSD,10,2025-12-22,VAR1,110,6,32.3921397433795,23.76917407918262,48.65156304450197,17.89533994805391
EURUSD,10,2025-12-22,ARHinc,110,6,0.8418552280398175,0.6245168165691819,1.2842272342272716,0.5834286588363027
EURUSD,10,2025-12-22,KernelARH,110,6,1.4421458671766134,1.1612908226183294,2.1080084949315063,0.9653496145323741
EURUSD,1,2025-12-10,PM,110,8,0.05835320174460147,0.032461538461538555,0.09146897821278606,0.029875717394152325
EURUSD,1,2025-12-10,PA,110,8,0.4096597560767244,0.33199640522523,0.35770601262554574,0.44432936603355855
EURUSD,1,2025-12-10,VAR1,110,8,211.18578177587486,161.25985472684522,291.05127306106715,153.6659807151797
EURUSD,1,2025-12-10,ARHinc,110,8,0.41150976885991974,0.3331916695027016,0.3758347387350762,0.4442158362158165
EURUSD,1,2025-12-10,KernelARH,110,8,0.41857917487786434,0.341315537908403,0.40184848730813155,0.4457280473045226
EURUSD,5,2025-12-16,PM,110,8,0.36190767256517026,0.236153846153846,0.5384031932015617,0.21464042097127486
EURUSD,5,2025-12-16,PA,110,8,0.5022630774852058,0.40159680711124407,0.5340240960847891,0.4916330666604062
EURUSD,5,2025-12-16,VAR1,110,8,164.85536919387442,136.99874481390478,152.60938157024964,159.59454973034278
EURUSD,5,2025-12-16,ARHinc,110,8,0.5024059156198579,0.4039361915315481,0.5150050282047964,0.5004479881964524
EURUSD,5,2025-12-16,KernelARH,110,8,0.47920405715551084,0.3845295022238903,0.4827446881655769,0.4868681231708124
EURUSD,10,2025-12-23,PM,110,6,0.6476274377116239,0.353346153846154,1.1322054489483213,0.29444582161361016
EURUSD,10,2025-12-23,PA,110,6,0.6790105362902574,0.5088709633524169,1.0007127727451128,0.5188910780158594
EURUSD,10,2025-12-23,VAR1,110,6,102.03399168405694,70.33194831273066,152.30809965426124,56.63548027164624
EURUSD,10,2025-12-23,ARHinc,110,6,0.6478306106006799,0.49146151391399095,0.9385220175861668,0.510292855347623
EURUSD,10,2025-12-23,KernelARH,110,6,0.6333836551882329,0.48285287879513644,0.8987050413689769,0.5135041690353541
EURUSD,1,2025-12-11,PM,110,8,0.4023852559808438,0.31346153846153846,0.6119367818392013,0.2589396098029494
EURUSD,1,2025-12-11,PA,110,8,0.5963577576448806,0.47240429953398133,0.798360262673969,0.5165898753982383
EURUSD,1,2025-12-11,VAR1,110,8,174.5848674525532,132.98652549410997,241.49856849814938,125.66618622731248
EURUSD,1,2025-12-11,ARHinc,110,8,0.567116766799694,0.4478663697098877,0.7485967634303495,0.5013414197248535
EURUSD,1,2025-12-11,KernelARH,110,8,0.6018949180511205,0.47438648943703904,0.815745547953647,0.5163253799851668
EURUSD,5,2025-12-17,PM,110,8,0.392608326550677,0.23007692307692312,0.6327697203186022,0.2003062994609205
EURUSD,5,2025-12-17,PA,110,8,0.5363168703087943,0.4240844730014679,0.6311738800496893,0.49285093861285834
EURUSD,5,2025-12-17,VAR1,110,8,136.7700920452129,114.34034925983232,129.66775801580343,130.7508802438424
EURUSD,5,2025-12-17,ARHinc,110,8,0.5360954939167023,0.4222421900372314,0.6356026806191715,0.4897307614334738
EURUSD,5,2025-12-17,KernelARH,110,8,0.5234650268874802,0.4127248575981924,0.5997463910669437,0.49094186406281787
EURUSD,10,2025-12-24,PM,110,6,0.49630015731797433,0.29896153846153833,0.8562339912146375,0.24467714580827668
EURUSD,10,2025-12-24,PA,110,6,0.5568052799104901,0.4398064988360667,0.7228043994201482,0.4968842029853194
EURUSD,10,2025-12-24,VAR1,110,6,84.31673129050107,57.828096189418034,125.496320753447,46.98019511033595
EURUSD,10,2025-12-24,ARHinc,110,6,0.5664723547738506,0.4463866447789262,0.7448014169596919,0.4992208471231281
EURUSD,10,2025-12-24,KernelARH,110,6,0.6026588794095633,0.476055992218481,0.8054407203842379,0.517172798408473
EURUSD,1,2025-12-12,PM,110,8,0.19353145242291514,0.16473076923076918,0.28868432727344284,0.1286096632945018
EURUSD,1,2025-12-12,PA,110,8,0.48597775388079933,0.40666136842273226,0.5105017532229725,0.4762495741262295
EURUSD,1,2025-12-12,VAR1,110,8,235.05437723409995,178.98957925235823,324.44464909744784,169.33416311904298
EURUSD,1,2025-12-12,ARHinc,110,8,0.46414355512423605,0.392929933757446,0.48582012779215245,0.4702837606651777
EURUSD,1,2025-12-12,KernelARH,110,8,0.4530378480108569,0.38155213651641146,0.4741755193086547,0.46047374175997924
EURUSD,5,2025-12-18,PM,110,8,1.015551124532124,0.682576923076923,1.7252220433013559,0.4925181433902921
EURUSD,5,2025-12-18,PA,110,8,1.046922393088667,0.7721127372798489,1.5936130757796092,0.66439786388026
EURUSD,5,2025-12-18,VAR1,110,8,191.72055487240635,160.4990061410598,186.006439162538,180.28222643087494
EURUSD,5,2025-12-18,ARHinc,110,8,0.9285637966453031,0.6986166764332192,1.3768190727304563,0.6328335021726821
EURUSD,5,2025-12-18,KernelARH,110,8,0.8330492104610792,0.6281254746376348,1.2405452881077321,0.5721089669735301
EURUSD,10,2025-12-25,PM,110,6,0.7769942703481448,0.4814999999999999,1.363970349369863,0.3849714381278467
EURUSD,10,2025-12-25,PA,110,6,0.7806213442853236,0.5960014659106235,1.1481985814157851,0.5836884210761127
EURUSD,10,2025-12-25,VAR1,110,6,122.72791277219515,80.65246787001344,181.5722874358389,68.53973692460947
EURUSD,10,2025-12-25,ARHinc,110,6,0.6520421882422589,0.5104284274192654,0.8873326981773317,0.555554123643393
EURUSD,10,2025-12-25,KernelARH,110,6,0.617953818751355,0.4859373305760525,0.8372720133133598,0.5292183648800424
EURUSD,1,2025-12-15,PM,110,8,0.10489326076467524,0.08207692307692303,0.12204387543938877,0.07670983920605802
EURUSD,1,2025-12-15,PA,110,8,0.4612359545870178,0.3801059090528385,0.5010738748908955,0.4642687378879827
EURUSD,1,2025-12-15,VAR1,110,8,179.07688373172658,135.7028888536377,249.5922855374,125.84916940736292
EURUSD,1,2025-12-15,ARHinc,110,8,0.462488268633484,0.3804920106873714,0.49705905973111286,0.466344708128573
EURUSD,1,2025-12-15,KernelARH,110,8,0.47216483786625457,0.38551905516700175,0.5287554204882536,0.4691265604321423
EURUSD,5,2025-12-19,PM,110,8,1.074115400797684,0.6838461538461538,1.8504073369425706,0.49584042406128426
EURUSD,5,2025-12-19,PA,110,8,1.0984867266271372,0.788239624759553,1.724223474718591,0.666380227614556
EURUSD,5,2025-12-19,VAR1,110,8,147.8382534783877,125.3121552788614,151.7121200147323,135.18873502434454
EURUSD,5,2025-12-19,ARHinc,110,8,1.1128399827991382,0.7954832932637883,1.751471187644094,0.6686021013304468
EURUSD,5,2025-12-19,KernelARH,110,8,1.0558379958943107,0.7659148158693287,1.6421099560971422,0.6589213019450283
EURUSD,10,2025-12-26,PM,110,6,0.5725819978228176,0.2761538461538461,1.0457620325959933,0.250011899655652
EURUSD,10,2025-12-26,PA,110,6,0.5852404509176639,0.458899500071162,0.8131596155639716,0.4941276897523741
EURUSD,10,2025-12-26,VAR1,110,6,90.73388522069885,63.28998912828596,134.54956266011308,51.38049961217136
EURUSD,10,2025-12-26,ARHinc,110,6,0.5839837941922325,0.45773475987693274,0.8126189174732792,0.49226953937630896
EURUSD,10,2025-12-26,KernelARH,110,6,0.5654919394899379,0.44104199486248025,0.749126562356009,0.5022375080200606
EURUSD,1,2025-12-16,PM,110,8,0.3405483417621103,0.19453846153846163,0.5822164478966696,0.14934621882534954
EURUSD,1,2025-12-16,PA,110,8,0.5426255399346438,0.43262805493892903,0.6524963094789812,0.4807883734885251
EURUSD,1,2025-12-16,VAR1,110,8,126.22818976994346,95.68467789677851,176.7526829281184,87.5612999969106
EURUSD,1,2025-12-16,ARHinc,110,8,0.5439864220155237,0.4345892881728461,0.6529881321156406,0.4819527163190409
EURUSD,1,2025-12-16,KernelARH,110,8,0.5696839710275131,0.4571930394792297,0.6970157786836246,0.4920876050168322
EURUSD,5,2025-12-22,PM,110,8,1.029527967827228,0.6710000000000002,1.7822421540554088,0.48732475477316
EURUSD,5,2025-12-22,PA,110,8,1.0557878723344678,0.7608332492461326,1.658783597498066,0.6597959659062379
EURUSD,5,2025-12-22,VAR1,110,8,95.60492498217663,81.35932194905827,100.46566141088526,85.97651066521551
EURUSD,5,2025-12-22,ARHinc,110,8,1.050543798656919,0.7630509477545138,1.6418090345011345,0.6645190982075294
EURUSD,5,2025-12-22,KernelARH,110,8,1.1300789565134495,0.8379638393249266,1.746987281837085,0.7211281025971737
EURUSD,10,2025-12-29,PM,110,6,0.5206128507678383,0.265346153846154,0.9407969724494386,0.23524006278849416
EURUSD,10,2025-12-29,PA,110,6,0.5499006631693978,0.4400624035942418,0.7187082875953353,0.4933419924642581
EURUSD,10,2025-12-29,VAR1,110,6,59.46911132301368,42.478150855729446,88.60862864070327,33.3724976401081
EURUSD,10,2025-12-29,ARHinc,110,6,0.5483733209813958,0.43930568571214984,0.7085298246593132,0.49592251088631556
EURUSD,10,2025-12-29,KernelARH,110,6,1.0868297103646118,0.9311869665803602,1.4001516707919623,0.8651650540437196
EURUSD,1,2025-12-17,PM,110,8,0.1756318264482222,0.14276923076923073,0.26902873126669913,0.10810183100260225
EURUSD,1,2025-12-17,PA,110,8,0.4661726764624571,0.3790103255299068,0.477216736035256,0.47216682293709605
EURUSD,1,2025-12-17,VAR1,110,8,8.678057490500743,6.206263375225732,12.60040098435364,5.552633453064149
EURUSD,1,2025-12-17,ARHinc,110,8,0.46437425016055806,0.3776658271880407,0.4749918622253077,0.4714553458994455
EURUSD,1,2025-12-17,KernelARH,110,8,0.485199795182357,0.39435507557120225,0.519997615347967,0.4771413925696857
EURUSD,5,2025-12-23,PM,110,8,0.4442255577449886,0.25457692307692315,0.791713783659232,0.2204293224741997
EURUSD,5,2025-12-23,PA,110,8,0.5561384659795072,0.44383632832808045,0.7396867893320223,0.49166464352932626
EURUSD,5,2025-12-23,VAR1,110,8,8.924159427463525,6.847802624403526,11.993682511711718,6.403809358694252
EURUSD,5,2025-12-23,ARHinc,110,8,0.549808127695371,0.4383605241633754,0.7290201999535431,0.4886775058460591
EURUSD,5,2025-12-23,KernelARH,110,8,0.6582670926690617,0.5008685940908494,0.9664016032716679,0.508001552487933
EURUSD,10,2025-12-30,PM,110,6,0.3316878456064934,0.21742307692307708,0.5498251004199054,0.17003662221800414
EURUSD,10,2025-12-30,PA,110,6,0.4454764539687827,0.37139573257520114,0.41832635455589134,0.4736136307685571
EURUSD,10,2025-12-30,VAR1,110,6,4.0765647382926735,2.4466163360194018,6.2404152014377585,2.14787313952396
EURUSD,10,2025-12-30,ARHinc,110,6,0.44674825109320415,0.37412104395096724,0.4201332195387168,0.4733568355548722
EURUSD,10,2025-12-30,KernelARH,110,6,0.6473193615970573,0.5314165228762285,0.8082018931892813,0.5728077406411646
EURUSD,1,2025-12-18,PM,110,8,0.3621947653913888,0.24373076923076936,0.6204900807224312,0.18355572099136822
EURUSD,1,2025-12-18,PA,110,8,0.5353114625096327,0.4376823378048747,0.6702078116146098,0.48160758794578284
EURUSD,1,2025-12-18,VAR1,110,8,35.1720836582008,25.50582526887441,50.6758904953202,22.766066039249058
EURUSD,1,2025-12-18,ARHinc,110,8,0.5060069985667436,0.4138407047024993,0.6145556861168929,0.4688817738797826
EURUSD,1,2025-12-18,KernelARH,110,8,0.5701669053076862,0.4643466493332941,0.7202638755829638,0.5034953499045242
EURUSD,5,2025-12-24,PM,110,8,0.24723130325202003,0.1656923076923077,0.4182442120097497,0.13029343791511838
EURUSD,5,2025-12-24,PA,110,8,0.4347130391020499,0.36571992421471033,0.41630098393114,0.46142512675123804
EURUSD,5,2025-12-24,VAR1,110,8,26.85989835920816,22.179525382916747,33.472164506853005,21.03290941775776
EURUSD,5,2025-12-24,ARHinc,110,8,0.4353893207168369,0.3650442860346464,0.41913497796349225,0.4595512955745241
EURUSD,5,2025-12-24,KernelARH,110,8,0.5836987359997067,0.4673605820992447,0.7661424796727779,0.5114058317435891
EURUSD,10,2025-12-31,PM,110,6,0.35454941610661056,0.19853846153846144,0.5347498010760477,0.17455549284065625
EURUSD,10,2025-12-31,PA,110,6,0.4841472659402863,0.40541289295816607,0.49528224235628965,0.4741202842218134
EURUSD,10,2025-12-31,VAR1,110,6,13.029255038704836,9.122234583447849,19.810352906005118,6.991525114064148
EURUSD,10,2025-12-31,ARHinc,110,6,0.49451066856160075,0.41169044429877655,0.5148974080780866,0.47734167665613475
EURUSD,10,2025-12-31,KernelARH,110,6,0.4478109740883822,0.36183500098859234,0.43587242453341923,0.47474021762577256
EURUSD,1,2025-12-19,PM,110,8,0.24211825623029753,0.16600000000000006,0.4073393207020385,0.121164093785594
EURUSD,1,2025-12-19,PA,110,8,0.4997430750284252,0.4055623599034262,0.5941143451591775,0.4744199115405782
EURUSD,1,2025-12-19,VAR1,110,8,196.56307013722173,138.08984977005926,290.9688553886316,119.71056424415795
EURUSD,1,2025-12-19,ARHinc,110,8,0.5551272126147183,0.4441259926872612,0.7183300923715017,0.4887261257918729
EURUSD,1,2025-12-19,KernelARH,110,8,0.4653369038420801,0.38595537621421117,0.5064449380694831,0.46612608796914207
EURUSD,5,2025-12-25,PM,110,8,0.3228759734492011,0.21846153846153846,0.475319687148132,0.171117463124359
EURUSD,5,2025-12-25,PA,110,8,0.5157453537217546,0.4328778128264283,0.5331539267392806,0.49232424089930227
EURUSD,5,2025-12-25,VAR1,110,8,179.2591858508749,140.05837954019196,252.09296175173395,117.2986671239849
EURUSD,5,2025-12-25,ARHinc,110,8,0.47237250553767274,0.39479051433143975,0.4497397878068225,0.4784201575824816
EURUSD,5,2025-12-25,KernelARH,110,8,0.4712297300632487,0.3819899207145774,0.4225289608975812,0.4903178794360404
EURUSD,10,2026-01-01,PM,110,6,0.6217757216850165,0.40130769230769225,0.981906239673056,0.30363797650350605
EURUSD,10,2026-01-01,PA,110,6,0.753884019537398,0.608110905605342,1.027070603534501,0.5590873763684521
EURUSD,10,2026-01-01,VAR1,110,6,123.29729434318405,77.11308454657193,184.80950940701433,67.1285968698368
EURUSD,10,2026-01-01,ARHinc,110,6,0.6869062237110595,0.5564750411969448,0.9125909577263901,0.5337790336987585
EURUSD,10,2026-01-01,KernelARH,110,6,0.4763143448006381,0.38701218890268063,0.4497702030141022,0.49901222902255454
EURUSD,1,2025-12-22,PM,110,8,0.12036882422850967,0.07657692307692304,0.16432098673365703,0.06770087706456514
EURUSD,1,2025-12-22,PA,110,8,0.471108041504744,0.3836142412774906,0.4403097869134733,0.47939055679898457
EURUSD,1,2025-12-22,VAR1,110,8,227.6167281621114,157.89355975863722,340.5204611427465,134.6558642740727
EURUSD,1,2025-12-22,ARHinc,110,8,0.46848520046517905,0.3837919896257141,0.4446027661673926,0.4776921395202823
EURUSD,1,2025-12-22,KernelARH,110,8,0.8309733428314628,0.7040453355891086,0.998901243296669,0.6535224865303249
EURUSD,5,2025-12-26,PM,110,8,0.6197677139306059,0.40769230769230774,0.9758276203170447,0.3051958041975626
EURUSD,5,2025-12-26,PA,110,8,0.7218485179537457,0.5851041539864539,0.9349230927204145,0.5519448624830039
EURUSD,5,2025-12-26,VAR1,110,8,273.5031293471639,188.32332031797165,402.56246456722135,156.45925707801925
EURUSD,5,2025-12-26,ARHinc,110,8,0.6891211544061908,0.5625068903315485,0.8735555674450874,0.5425557965131371
EURUSD,5,2025-12-26,KernelARH,110,8,1.045109268266706,0.8676060563421535,1.4155653364827339,0.7242657262254254
EURUSD,10,2026-01-02,PM,110,6,0.8660275688452419,0.5130769230769231,1.4648226434275629,0.38964874531893917
EURUSD,10,2026-01-02,PA,110,6,0.9609568936297607,0.7312061894692107,1.4520461979111896,0.6237395535562794
EURUSD,10,2026-01-02,VAR1,110,6,257.5224533088851,166.99412278221712,378.8463783086636,143.26699969387735
EURUSD,10,2026-01-02,ARHinc,110,6,0.9457220520948635,0.7211110781517145,1.4260358315548514,0.6181557956126181
EURUSD,10,2026-01-02,KernelARH,110,6,1.0593809033220947,0.8262027399625972,1.5809716057163108,0.6951370623714473
EURUSD,1,2025-12-23,PM,110,8,0.30162930955829764,0.22215384615384626,0.47824593612914473,0.16049442259972824
EURUSD,1,2025-12-23,PA,110,8,0.5177519800600828,0.4274181141536437,0.527736666938303,0.493977137056858
EURUSD,1,2025-12-23,VAR1,110,8,206.33876985029133,141.48082164087126,310.1325926638122,120.18169459543263
EURUSD,1,2025-12-23,ARHinc,110,8,0.5079084298868578,0.41833035259702633,0.5109459449835088,0.48968713714602724
EURUSD,1,2025-12-23,KernelARH,110,8,0.5110178224928955,0.4211407880321518,0.5162244056642338,0.4912235009803106
EURUSD,5,2025-12-29,PM,110,8,0.6054133997653047,0.40865384615384626,0.979934432750761,0.3018463265466298
EURUSD,5,2025-12-29,PA,110,8,0.7154259573908452,0.5881312458533817,0.9255938671675634,0.5601943943793894
EURUSD,5,2025-12-29,VAR1,110,8,290.6461535107809,191.01559630021606,428.1866961121616,162.08204155773973
EURUSD,5,2025-12-29,ARHinc,110,8,0.7158221524400419,0.586807685031767,0.9317922401997379,0.557291474822169
EURUSD,5,2025-12-29,KernelARH,110,8,0.7407392614373562,0.6063808992083153,0.9702627309754537,0.5681074433661298
EURUSD,10,2026-01-05,PM,110,6,0.7956299511901053,0.4353846153846152,1.3756167697485693,0.34418732047502804
EURUSD,10,2026-01-05,PA,110,6,0.8964863800742754,0.6814585372670208,1.3424360403039266,0.5943903771226363
EURUSD,10,2026-01-05,VAR1,110,6,331.2435649452234,220.08417001809002,483.0271290631206,186.991491073863
EURUSD,10,2026-01-05,ARHinc,110,6,0.8944548382933398,0.6777557554334663,1.340347850521224,0.5933171030966391
EURUSD,10,2026-01-05,KernelARH,110,6,0.8590187041093337,0.6553089201306117,1.2775371405124227,0.5798143438134226
EURUSD,1,2025-12-24,PM,110,8,0.12598668275166722,0.06980769230769221,0.2192031489982237,0.0541354803708068
EURUSD,1,2025-12-24,PA,110,8,0.431023383635134,0.35202445958831674,0.3716139490613037,0.46172057213128237
EURUSD,1,2025-12-24,VAR1,110,8,169.7632015817926,117.35152031811003,254.60843674830298,100.0608062359362
EURUSD,1,2025-12-24,ARHinc,110,8,0.4224302423056384,0.3420359997157336,0.35225305226852854,0.4616052988821892
EURUSD,1,2025-12-24,KernelARH,110,8,0.4542134875154731,0.3672688143267288,0.45034697129319856,0.4757125969660183
EURUSD,5,2025-12-30,PM,110,8,0.3450685550616105,0.206923076923077,0.5603325950028608,0.1615456845938669
EURUSD,5,2025-12-30,PA,110,8,0.536651953948818,0.4413848175664053,0.5991536232575692,0.4943911362938181
EURUSD,5,2025-12-30,VAR1,110,8,211.73739064687285,143.9514802224831,311.92318000036346,120.88217601617174
EURUSD,5,2025-12-30,ARHinc,110,8,0.5255054756011635,0.4337032243878095,0.5797524570868489,0.4898030143249305
EURUSD,5,2025-12-30,KernelARH,110,8,1.040843933076408,0.8885556336083893,1.330312047104645,0.8408927671424611
EURUSD,10,2026-01-06,PM,110,6,0.5367969910640191,0.2805000000000001,0.9555949801803738,0.2319240775783858
EURUSD,10,2026-01-06,PA,110,6,0.6526817511525094,0.506383966540131,0.927603488691958,0.5121514685952193
EURUSD,10,2026-01-06,VAR1,110,6,224.16581508566185,149.44344472721826,326.822571262718,126.85239101186973
EURUSD,10,2026-01-06,ARHinc,110,6,0.6390906337868508,0.5020247380025716,0.8887346089729699,0.5155072346515235
EURUSD,10,2026-01-06,KernelARH,110,6,1.181105949858886,1.0648874434687792,1.2978163641811757,1.0136883091910056
EURUSD,1,2025-12-25,PM,110,8,0.036615859321421876,0.02888461538461544,0.04238592960374754,0.03663642194407275
EURUSD,1,2025-12-25,PA,110,8,0.42052010153829733,0.3428252036524702,0.36015683097719026,0.4627869924569645
EURUSD,1,2025-12-25,VAR1,110,8,144.10749294487533,98.36060044952471,217.01008029467576,83.13195696637135
EURUSD,1,2025-12-25,ARHinc,110,8,0.420075178329976,0.34264377144695446,0.3611059590365019,0.4621871809424852
EURUSD,1,2025-12-25,KernelARH,110,8,0.4314867102010664,0.35530373624477224,0.3694048890462866,0.46695498454981216
EURUSD,5,2025-12-31,PM,110,8,0.2926951190100508,0.1793846153846154,0.471557731426231,0.14310356852634554
EURUSD,5,2025-12-31,PA,110,8,0.495806909683113,0.40730473597174627,0.5278321349683305,0.47894019798110027
EURUSD,5,2025-12-31,VAR1,110,8,189.4895081782828,125.32042054150202,279.8018351666675,106.45103901428246
EURUSD,5,2025-12-31,ARHinc,110,8,0.4915945866004868,0.4034846150358918,0.5190309675215157,0.4780023356000576
EURUSD,5,2025-12-31,KernelARH,110,8,0.6249598155807533,0.5132131531225536,0.7795847689165486,0.5184980922254295
EURUSD,10,2026-01-07,PM,110,6,0.457836992322007,0.25549999999999995,0.8047100343834551,0.21087388922049563
EURUSD,10,2026-01-07,PA,110,6,0.5976948371055357,0.4666082764096014,0.8156052963039423,0.5003984605807401
EURUSD,10,2026-01-07,VAR1,110,6,198.25279864307504,131.03081438338873,290.7697787204022,111.29726982789582
EURUSD,10,2026-01-07,ARHinc,110,6,0.6081360643983044,0.4744227906334074,0.8321505947238069,0.5057716845078246
EURUSD,10,2026-01-07,KernelARH,110,6,1.0577065234084093,0.9441454515797865,1.1297816651848018,0.9245107311477769
EURUSD,1,2025-12-26,PM,110,8,0.11488434820086876,0.05180769230769228,0.1773973623470439,0.0601275517129939
EURUSD,1,2025-12-26,PA,110,8,0.4266191090332127,0.3477900223125999,0.3921991966929778,0.4556258767297965
EURUSD,1,2025-12-26,VAR1,110,8,140.40313253544443,93.6781534386986,212.22648529153662,79.01696484301722
EURUSD,1,2025-12-26,ARHinc,110,8,0.4304271197600533,0.35238688573318333,0.3950731725427778,0.4578867087962712
EURUSD,1,2025-12-26,KernelARH,110,8,0.42960950971674233,0.3474122139285548,0.41562260426329634,0.4572695224600301
EURUSD,5,2026-01-01,PM,110,8,0.3248578091316971,0.20023076923076916,0.5334807556118621,0.16620400167501698
EURUSD,5,2026-01-01,PA,110,8,0.5108570329275837,0.42132634935608165,0.5681616907909097,0.48511395342438357
EURUSD,5,2026-01-01,VAR1,110,8,186.6396133626771,121.37501451103579,275.88948722166174,103.7561152388635
EURUSD,5,2026-01-01,ARHinc,110,8,0.5224414921107903,0.43010308144245063,0.5956272400242043,0.486521304555261
EURUSD,5,2026-01-01,KernelARH,110,8,0.7472561813341343,0.6342492109831172,0.8493385863229302,0.6667174527897304
EURUSD,10,2026-01-08,PM,110,6,0.4957804647530691,0.3246153846153847,0.832256212319471,0.27935090049308225
EURUSD,10,2026-01-08,PA,110,6,0.6098935339996095,0.4816825166923292,0.8072429667214573,0.5267865740161459
EURUSD,10,2026-01-08,VAR1,110,6,199.68577745104938,131.15911179499423,294.1135741100557,111.61098059159589
EURUSD,10,2026-01-08,ARHinc,110,6,0.612654077093526,0.4840794997167909,0.8056082654330601,0.531054746062351
EURUSD,10,2026-01-08,KernelARH,110,6,0.9432828641658544,0.8407859548419594,0.9771557198631019,0.8414038016152844
EURUSD,1,2025-12-29,PM,110,8,0.09609590561997466,0.07673076923076921,0.13939485387184716,0.0760907217155804
EURUSD,1,2025-12-29,PA,110,8,0.42803556584608105,0.3480117752772014,0.3831421448931359,0.4638705470395652
EURUSD,1,2025-12-29,VAR1,110,8,127.44444497425323,82.80352318998779,194.02238592273807,70.16762829786359
EURUSD,1,2025-12-29,ARHinc,110,8,0.423919119688474,0.34654838338370286,0.3819757492212032,0.4627221289318943
EURUSD,1,2025-12-29,KernelARH,110,8,0.4363000832918457,0.3571664888174524,0.3937515388612216,0.46949429892237554
EURUSD,5,2026-01-02,PM,110,8,0.32491714920292186,0.15938461538461543,0.5905680357561118,0.13947792541096712
EURUSD,5,2026-01-02,PA,110,8,0.4800966300342032,0.39347382912458784,0.53773182571832,0.4774507206270128
EURUSD,5,2026-01-02,VAR1,110,8,169.17117902737962,109.08715700299703,252.02209152984426,92.6385306650125
EURUSD,5,2026-01-02,ARHinc,110,8,0.46485234299880057,0.37992510435968363,0.500078768707147,0.47424546535430057
EURUSD,5,2026-01-02,KernelARH,110,8,0.5217046303780617,0.42670407620289597,0.6355792337554063,0.48678589947740625
EURUSD,10,2026-01-09,PM,110,6,0.34151162836379717,0.2746538461538462,0.4434684405467154,0.2804360555483117
EURUSD,10,2026-01-09,PA,110,6,0.5060345946181601,0.4077329949595333,0.4771529656043513,0.5278712900327739
EURUSD,10,2026-01-09,VAR1,110,6,151.3451622760656,98.04945122810537,223.94084518037886,83.96775248574768
EURUSD,10,2026-01-09,ARHinc,110,6,0.49759614169648725,0.4019947223915753,0.46233218104032064,0.5229562754039866
EURUSD,10,2026-01-09,KernelARH,110,6,1.1014087867349314,0.9861560914153195,1.3314094247049626,0.8935384641670424
EURUSD,1,2025-12-30,PM,110,8,0.04586088915237206,0.03092307692307695,0.06437300135499276,0.029251899153897414
EURUSD,1,2025-12-30,PA,110,8,0.42905372430965605,0.3536783926036063,0.39946806006074376,0.46059882554956405
EURUSD,1,2025-12-30,VAR1,110,8,107.81817056629741,68.76376242795928,164.48369015063204,58.61770672768014
EURUSD,1,2025-12-30,ARHinc,110,8,0.4372369420113999,0.356066953472649,0.40647017535328506,0.4641842031204027
EURUSD,1,2025-12-30,KernelARH,110,8,0.44798226561283855,0.36598489516567906,0.422774643894561,0.46786977631494975
EURUSD,5,2026-01-05,PM,110,8,0.28507708134413806,0.1701538461538462,0.49160270179697363,0.14929361598413768
EURUSD,5,2026-01-05,PA,110,8,0.4522822806676648,0.3687820363310654,0.45388463735197215,0.4723591604383992
EURUSD,5,2026-01-05,VAR1,110,8,157.55059573759334,100.07803043284665,234.99032029519498,85.79959063951381
EURUSD,5,2026-01-05,ARHinc,110,8,0.4589811202284787,0.37426728713751944,0.480811764931619,0.47050878201466273
EURUSD,5,2026-01-05,KernelARH,110,8,0.47153668420203554,0.3855261048927016,0.46933572681098795,0.4884345103747938
EURUSD,10,2026-01-12,PM,110,6,0.2973406166464519,0.2531538461538461,0.3388084309991967,0.27317894568710493
EURUSD,10,2026-01-12,PA,110,6,0.49440144608661113,0.4018314678489235,0.4359944098559491,0.5303103052578161
EURUSD,10,2026-01-12,VAR1,110,6,132.92423020441186,84.66597094022127,197.6031166954428,73.1109978642706
EURUSD,10,2026-01-12,ARHinc,110,6,0.5039922371920622,0.40483597401254046,0.45491161236720107,0.5351964495326451
EURUSD,10,2026-01-12,KernelARH,110,6,0.95293306667825906,0.8399808738672605,1.1874254252540153,0.7749886482564499
EURUSD,1,2025-12-31,PM,110,8,0.0742164194978236,0.03934615384615389,0.13197867730908733,0.033653960726538694
EURUSD,1,2025-12-31,PA,110,8,0.4190447570097733,0.34014271274209723,0.3697545378554564,0.45519101349083324
EURUSD,1,2025-12-31,VAR1,110,8,87.16920255055491,55.38474728538446,132.8111223255521,47.21151066129164
EURUSD,1,2025-12-31,ARHinc,110,8,0.41766849774366344,0.3389398973000607,0.3678626588791824,0.4547279661137658
EURUSD,1,2025-12-31,KernelARH,110,8,0.41626882259662606,0.337575796649113,0.36814600892710575,0.4543446962608998
EURUSD,5,2026-01-06,PM,110,8,0.3380703869587834,0.2173846153846155,0.5618115287465953,0.18673429411837889
EURUSD,5,2026-01-06,PA,110,8,0.45177688149452716,0.3667618927394834,0.45348990439202563,0.4715396307382466
EURUSD,5,2026-01-06,VAR1,110,8,136.93070270573273,85.74243532675588,203.94282203535616,74.52519298593072
EURUSD,5,2026-01-06,ARHinc,110,8,0.44991027194152106,0.3653372962978824,0.44313894366621703,0.4723211834082408
EURUSD,5,2026-01-06,KernelARH,110,8,0.4824841297983204,0.39105005194317843,0.4762280870256683,0.49703524487998374
EURUSD,10,2026-01-13,PM,110,6,0.3334214386766856,0.2722307692307693,0.39751042577699736,0.28649948020233185
EURUSD,10,2026-01-13,PA,110,6,0.5188736755771497,0.4310230385849869,0.52148152379921,0.5356640629196846
EURUSD,10,2026-01-13,VAR1,110,6,117.82812346046991,74.21384475753771,175.8754755113283,64.4486334817677
EURUSD,10,2026-01-13,ARHinc,110,6,0.5204025567548389,0.43246569524958506,0.5315593023791501,0.5337921436892218
EURUSD,10,2026-01-13,KernelARH,110,6,0.940049630478071,0.8004383107813877,1.2502799029089444,0.7193442400729856
EURUSD,1,2026-01-01,PM,110,8,0.059757522860820936,0.028192307692307673,0.107536866211398,0.02435563095126883
EURUSD,1,2026-01-01,PA,110,8,0.41149165652722486,0.331350428889638,0.35201089295456256,0.45342922658233165
EURUSD,1,2026-01-01,VAR1,110,8,53.50983510333198,34.305296978926705,81.41581979227605,29.186328101595254
EURUSD,1,2026-01-01,ARHinc,110,8,0.4123217359989555,0.33165936853544997,0.35349524200624877,0.4537319582795084
EURUSD,1,2026-01-01,KernelARH,110,8,0.4096087307251055,0.328958267759146,0.3494090607056652,0.45289464453945383
EURUSD,5,2026-01-07,PM,110,8,0.31086905170455986,0.21169230769230782,0.5022396970051214,0.18094997667917787
EURUSD,5,2026-01-07,PA,110,8,0.44704086288846095,0.3622255498475728,0.44066481496898524,0.47048735671764735
EURUSD,5,2026-01-07,VAR1,110,8,82.78274000163024,51.926117768060415,122.99666916847332,45.36594037491153
EURUSD,5,2026-01-07,ARHinc,110,8,0.4437270937659445,0.35899758634570333,0.4315479065757995,0.4689296210036761
EURUSD,5,2026-01-07,KernelARH,110,8,0.4838900191261636,0.39090858716507487,0.47410530097557485,0.4991317013906999
EURUSD,10,2026-01-14,PM,110,6,0.3710805427811721,0.29361538461538467,0.47590763522280216,0.3027892730912228
EURUSD,10,2026-01-14,PA,110,6,0.5382939353391529,0.4447648728911508,0.5762348580367946,0.5421075322667147
EURUSD,10,2026-01-14,VAR1,110,6,75.98926339382778,47.74261809291623,113.72565095657934,41.45324857267812
EURUSD,10,2026-01-14,ARHinc,110,6,0.5368106937457269,0.4437294324685981,0.5754971723691437,0.5401549815689519
EURUSD,10,2026-01-14,KernelARH,110,6,0.8657338980772794,0.7210868075444337,1.164257981701173,0.658110680217564
EURUSD,1,2026-01-02,PM,110,8,0.1588166879915816,0.12146153846153848,0.24913127064861176,0.09350793508542564
EURUSD,1,2026-01-02,PA,110,8,0.4144103419363285,0.3368151854974069,0.33773451922477765,0.4652143023988785
EURUSD,1,2026-01-02,VAR1,110,8,22.175868023667984,14.376185951286413,33.642688052535334,12.308487592997453
EURUSD,1,2026-01-02,ARHinc,110,8,0.4146093527936873,0.3383052710767038,0.3418558651713702,0.46469720191088365
EURUSD,1,2026-01-02,KernelARH,110,8,0.41480685650676385,0.3349001442779159,0.3331132654022577,0.4659446546558764
EURUSD,5,2026-01-08,PM,110,8,0.3182929226599055,0.23446153846153842,0.4616585443747037,0.225922304293519
EURUSD,5,2026-01-08,PA,110,8,0.4644543357310219,0.37409635535086777,0.4422299394789724,0.4906258002725746
EURUSD,5,2026-01-08,VAR1,110,8,42.63940061058259,27.29122790564655,63.53159203147668,23.45379918964383
EURUSD,5,2026-01-08,ARHinc,110,8,0.46366514212731524,0.37322914744651475,0.44382754375689265,0.48943020941370957
EURUSD,5,2026-01-08,KernelARH,110,8,0.49731764912407705,0.4051375670159513,0.47371763336624073,0.5162166657341055
EURUSD,10,2026-01-15,PM,110,6,0.40836593930519643,0.32792307692307693,0.5313642720279482,0.3359075478634829
EURUSD,10,2026-01-15,PA,110,6,0.574731547879372,0.47577856554206677,0.6530409548486125,0.5622441936631
EURUSD,10,2026-01-15,VAR1,110,6,39.94555008351999,25.347597110201633,59.39273024636364,22.018782499682715
EURUSD,10,2026-01-15,ARHinc,110,6,0.5719095667790771,0.473327957734395,0.6440604447696799,0.5624473570402844
EURUSD,10,2026-01-15,KernelARH,110,6,0.7390348511306929,0.6097619748515393,0.9694566537896159,0.595785064993711
EURUSD,1,2026-01-05,PM,110,8,0.08126109391717169,0.06142307692307694,0.09766258473015378,0.0661674738307869
EURUSD,1,2026-01-05,PA,110,8,0.3948244129567703,0.3093299126953541,0.3076178123277513,0.45241210961705125
EURUSD,1,2026-01-05,VAR1,110,8,67.5291790130625,43.89182461471408,102.55541774942297,37.89833130743994
EURUSD,1,2026-01-05,ARHinc,110,8,0.3984883148490895,0.3130228431790727,0.31580105279891674,0.4541937039442426
EURUSD,1,2026-01-05,KernelARH,110,8,0.4081607759827236,0.327409716761841,0.3346685195483871,0.4593920911574855
EURUSD,5,2026-01-09,PM,110,8,0.33068693072730615,0.26480769230769224,0.44990829182999975,0.2541220626317147
EURUSD,5,2026-01-09,PA,110,8,0.5020247287228367,0.4094917098545296,0.5248200112921698,0.508670302465141
EURUSD,5,2026-01-09,VAR1,110,8,102.39405150373219,70.03780998444259,152.28423297567937,58.75740016399948
EURUSD,5,2026-01-09,ARHinc,110,8,0.5120509283931282,0.41743220082508126,0.5453135745848072,0.5125528196214961
EURUSD,5,2026-01-09,KernelARH,110,8,0.5978764063755337,0.499573219827189,0.6533246694882615,0.5632067457686207
EURUSD,10,2026-01-16,PM,110,6,0.44727051485822145,0.3526923076923076,0.6227003494086005,0.359316983205587
EURUSD,10,2026-01-16,PA,110,6,0.5807575941444507,0.4777064566740241,0.6501398555822971,0.5773498628601228
EURUSD,10,2026-01-16,VAR1,110,6,50.93915218596814,32.615655841739574,75.57915998511389,28.124227079718462
EURUSD,10,2026-01-16,ARHinc,110,6,0.5781034983910692,0.4754612245275152,0.6463993428310052,0.5748315664001721
EURUSD,10,2026-01-16,KernelARH,110,6,1.0599931766871231,0.9102493221435399,1.3999089749633573,0.7903142444370789
EURUSD,1,2026-01-06,PM,110,8,0.10433488980570796,0.0839230769230769,0.14123892227003607,0.06723693366521935
EURUSD,1,2026-01-06,PA,110,8,0.3971439215762087,0.3156553057622204,0.3324608184098147,0.4447596161828368
EURUSD,1,2026-01-06,VAR1,110,8,64.64669861274878,42.59153547837586,97.90825624456333,36.706606249802626
EURUSD,1,2026-01-06,ARHinc,110,8,0.4368790896844095,0.3544436034243361,0.41060220413460163,0.45890041307562063
EURUSD,1,2026-01-06,KernelARH,110,8,0.42627637377238764,0.3432857139321428,0.3910567898391382,0.4540646454645163
EURUSD,5,2026-01-12,PM,110,8,0.2824336205199375,0.2267692307692309,0.39236669609575187,0.2287275856368903
EURUSD,5,2026-01-12,PA,110,8,0.4822819449410556,0.39761130583888415,0.5037765810923083,0.5007216280621928
EURUSD,5,2026-01-12,VAR1,110,8,106.0876949949069,74.3791577380012,157.15506879525404,62.720108898118625
EURUSD,5,2026-01-12,ARHinc,110,8,0.5296341754650278,0.4297752495818763,0.6478655749450813,0.4979852328953483
EURUSD,5,2026-01-12,KernelARH,110,8,0.4917797489587831,0.39982624181430015,0.518931719185977,0.5036928092345605
EURUSD,10,2026-01-19,PM,110,6,0.36362147478260537,0.3050384615384615,0.3504699738596441,0.3872056207998765
EURUSD,10,2026-01-19,PA,110,6,0.5238400995148763,0.4258072351179356,0.4268662749839977,0.5978079109252813
EURUSD,10,2026-01-19,VAR1,110,6,48.36125835213378,31.012121492690483,72.03960371370118,26.53347369341008
EURUSD,10,2026-01-19,ARHinc,110,6,0.5233940920857096,0.4330212433009058,0.500027086549227,0.5751045765187249
EURUSD,10,2026-01-19,KernelARH,110,6,0.46978601372417306,0.38680677641423405,0.43637094095146484,0.5230797372615148
EURUSD,1,2026-01-07,PM,110,8,0.036243036466439865,0.02403846153846146,0.0591483123805115,0.021686082263339398
EURUSD,1,2026-01-07,PA,110,8,0.39351576155628953,0.3075779994281203,0.33935388236458897,0.44229995045067677
EURUSD,1,2026-01-07,VAR1,110,8,114.20606241605088,76.14289370931508,172.31644682527298,65.54679459747065
EURUSD,1,2026-01-07,ARHinc,110,8,0.39550902342754696,0.30895002339651484,0.3475062776568791,0.4427719544964563
EURUSD,1,2026-01-07,KernelARH,110,8,0.39681743894838584,0.3123585101450327,0.33362667051375083,0.44588779611724444
EURUSD,5,2026-01-13,PM,110,8,0.4118847392918782,0.28342307692307706,0.6594345385716212,0.28109988615239445
EURUSD,5,2026-01-13,PA,110,8,0.5480491882719368,0.4417960862750641,0.6651973591996581,0.5247170655943129
EURUSD,5,2026-01-13,VAR1,110,8,190.8008821507343,135.63233421699155,280.9683646449478,115.25803789091823
EURUSD,5,2026-01-13,ARHinc,110,8,0.5430800394838171,0.43973676604952217,0.651142115271136,0.5244516372517254
EURUSD,5,2026-01-13,KernelARH,110,8,0.5643326740685801,0.451185649883407,0.7182611053783399,0.5196295119398079
EURUSD,10,2026-01-20,PM,110,6,0.7741200960296297,0.7465769230769231,0.7619452094226162,0.7467351406065948
EURUSD,10,2026-01-20,PA,110,6,0.8819786689617725,0.7817223146000433,0.8499167637337212,0.8924704115287299
EURUSD,10,2026-01-20,VAR1,110,6,77.44362074985305,50.245380811587665,115.1813959287411,42.75612708452051
EURUSD,10,2026-01-20,ARHinc,110,6,0.8935373987969496,0.7934848792617685,0.8680072020942421,0.899462077364936
EURUSD,10,2026-01-20,KernelARH,110,6,0.514979260811357,0.42510002506587674,0.4170062469656202,0.5901426743646485
EURUSD,1,2026-01-08,PM,110,8,0.09796658574777894,0.08373076923076922,0.0897025249780697,0.10085148715278654
EURUSD,1,2026-01-08,PA,110,8,0.4029833251248095,0.3170000702926883,0.3380678096782776,0.4544722460593959
EURUSD,1,2026-01-08,VAR1,110,8,126.17568627595627,84.13284715335993,190.0794470524295,72.30646997021495
EURUSD,1,2026-01-08,ARHinc,110,8,0.40267900574603827,0.31665992219643363,0.33537325221658787,0.45425385849398087
EURUSD,1,2026-01-08,KernelARH,110,8,0.40230254324483483,0.3165927905475293,0.3336641615754983,0.4540188776020624
EURUSD,5,2026-01-14,PM,110,8,0.44750886325558703,0.3096153846153845,0.7114889184413435,0.3104522327630519
EURUSD,5,2026-01-14,PA,110,8,0.5753300630145736,0.46803751035166313,0.7071920580632614,0.5432376694729726
EURUSD,5,2026-01-14,VAR1,110,8,211.36221467588396,152.8970725645166,309.39588879754916,130.18733953793156
EURUSD,5,2026-01-14,ARHinc,110,8,0.5790913239626803,0.4697460988542221,0.7192357920416425,0.5420868459507514
EURUSD,5,2026-01-14,KernelARH,110,8,0.577049624332599,0.4631023900709628,0.7254123973023862,0.5350153959517361
EURUSD,10,2026-01-21,PM,110,6,0.46589605559114206,0.41107692307692306,0.5352155993153807,0.47540636752722276
EURUSD,10,2026-01-21,PA,110,6,0.5932978404616303,0.5106193977967294,0.5172656027583437,0.6676764516797202
EURUSD,10,2026-01-21,VAR1,110,6,81.97861326826515,57.42961218396728,119.13358040296734,49.81774137948939
EURUSD,10,2026-01-21,ARHinc,110,6,0.5943317928548844,0.5118961120860794,0.5238966366799479,0.6668805750936907
EURUSD,10,2026-01-21,KernelARH,110,6,0.5489432800794273,0.4656057249155679,0.5210809621311338,0.6089605653107882
EURUSD,1,2026-01-09,PM,110,8,0.2746360353687711,0.15930769230769234,0.48104639843864394,0.12700262306263188
EURUSD,1,2026-01-09,PA,110,8,0.46189133812843947,0.3732455302440087,0.511996752889727,0.46054593863781673
EURUSD,1,2026-01-09,VAR1,110,8,128.59877643611924,86.28231129325775,193.24742683925973,74.27326209807393
EURUSD,1,2026-01-09,ARHinc,110,8,0.49295730592147646,0.39767662018389854,0.5906260517965276,0.4642676153057654
EURUSD,1,2026-01-09,KernelARH,110,8,0.48405350595960966,0.39280037875619006,0.5637432891357149,0.466647464555323
EURUSD,5,2026-01-15,PM,110,8,0.44248625576221173,0.30438461538461536,0.7317562356878602,0.2879737125209929
EURUSD,5,2026-01-15,PA,110,8,0.5621593263879949,0.4676495350928401,0.7025329408038021,0.5308716488129932
EURUSD,5,2026-01-15,VAR1,110,8,218.7418505098699,159.51093002784214,317.8015118673177,138.96933551348525
EURUSD,5,2026-01-15,ARHinc,110,8,0.6148080558503407,0.5063848659248537,0.8363445103264481,0.5319582822748307
EURUSD,5,2026-01-15,KernelARH,110,8,0.5763872656906811,0.47426375301009516,0.7208611938461569,0.5444417073744242
EURUSD,10,2026-01-22,PM,110,6,0.5185951807898542,0.4667692307692308,0.4226356996610322,0.5705518220916245
EURUSD,10,2026-01-22,PA,110,6,0.6696205149850509,0.557105307677451,0.5453946868165869,0.745402306559957
EURUSD,10,2026-01-22,VAR1,110,6,83.49618863914544,67.3191233414506,112.22840076180705,61.34866295163061
EURUSD,10,2026-01-22,ARHinc,110,6,0.6727312045981447,0.5727657823945268,0.613394079956463,0.7233647642850609
EURUSD,10,2026-01-22,KernelARH,110,6,0.622186308264318,0.5195059925837053,0.4733125763732462,0.7121658422468266
EURUSD,1,2026-01-12,PM,110,8,0.15767968992671388,0.1383461538461539,0.17000621729070678,0.1283683418258606
EURUSD,1,2026-01-12,PA,110,8,0.4283984944214336,0.3446390842183087,0.36601833506243864,0.4655877963489408
EURUSD,1,2026-01-12,VAR1,110,8,4.853642565754071,3.285741899600091,7.307485401017009,2.794818580764046
EURUSD,1,2026-01-12,ARHinc,110,8,0.45915179468967765,0.3782487330207432,0.4160382004869165,0.4797398476980284
EURUSD,1,2026-01-12,KernelARH,110,8,0.48902812772034543,0.3947734393901659,0.4708069433149987,0.4954372358787691
EURUSD,5,2026-01-16,PM,110,8,0.21458311550897585,0.19011538461538469,0.2519562464633857,0.21177370367985116
EURUSD,5,2026-01-16,PA,110,8,0.44217380923551475,0.3670201501839984,0.38806589891285687,0.4954469040728562
EURUSD,5,2026-01-16,VAR1,110,8,10.113190451324428,7.425205192984525,14.677415356337448,6.427584501263648
EURUSD,5,2026-01-16,ARHinc,110,8,0.4447598924354771,0.37718869536657756,0.36743648489436537,0.5020540310224927
EURUSD,5,2026-01-16,KernelARH,110,8,0.8502207332970374,0.7207523146631568,1.1128192544495932,0.6436188568120169
EURUSD,10,2026-01-23,PM,110,6,1.4854797204943595,1.2475384615384617,2.115585788092051,1.0516839507985467
EURUSD,10,2026-01-23,PA,110,6,1.5615815843162393,1.2643676480318098,2.1589811245104777,1.1692064325771265
EURUSD,10,2026-01-23,VAR1,110,6,6.283210948896332,5.289458978069338,7.555774865012972,5.148626537917487
EURUSD,10,2026-01-23,ARHinc,110,6,1.5321740807635038,1.2268767228878197,2.0918664538473624,1.166182390491392
EURUSD,10,2026-01-23,KernelARH,110,6,0.76753624548041,0.5992487617464158,1.0378425477716222,0.6415735465675125
EURUSD,1,2026-01-13,PM,110,8,0.14966758037525904,0.09646153846153839,0.2534682557533067,0.07035326076744314
EURUSD,1,2026-01-13,PA,110,8,0.43586563009200674,0.3508957633646479,0.45312501599647387,0.454791706176207
EURUSD,1,2026-01-13,VAR1,110,8,50.44645623521682,32.01345825577414,76.49709176735696,27.534225229910437
EURUSD,1,2026-01-13,ARHinc,110,8,0.43537956986022797,0.3503941047179933,0.44847086915911816,0.45494796713123065
EURUSD,1,2026-01-13,KernelARH,110,8,0.4278173168487674,0.34139081006982397,0.4200526121233434,0.45598259348812464
EURUSD,5,2026-01-19,PM,110,8,0.210913990855186,0.1947692307692307,0.1984820184483689,0.22200229148576123
EURUSD,5,2026-01-19,PA,110,8,0.44832800146741436,0.378945888540155,0.35903664872465213,0.5042971380272041
EURUSD,5,2026-01-19,VAR1,110,8,60.630225181879304,42.391856570346526,89.4381022278911,35.29597267676063
EURUSD,5,2026-01-19,ARHinc,110,8,0.444773703822741,0.37209906766029455,0.3604756391822992,0.49940201841728277
EURUSD,5,2026-01-19,KernelARH,110,8,0.4711043867187154,0.40641317678897676,0.3815864591638015,0.5253168549246431
EURUSD,10,2026-01-26,PM,110,6,1.2973032309668093,1.0174615384615382,1.8397642075762417,0.9196694027701168
EURUSD,10,2026-01-26,PA,110,6,1.3778574002776662,1.0624877915498863,1.8497450903470984,1.0574972470713218
EURUSD,10,2026-01-26,VAR1,110,6,14.594799565098977,12.011411193526428,18.4109199208178,12.710417295005092
EURUSD,10,2026-01-26,ARHinc,110,6,1.3466122973964465,1.0228292512808876,1.8033494725901777,1.0384612275289924
EURUSD,10,2026-01-26,KernelARH,110,6,1.3450754834136067,1.032755030255954,1.8087681405875664,1.0316086305539471
EURUSD,1,2026-01-14,PM,110,8,0.046018913335881664,0.04100000000000002,0.03956026355703366,0.051107316887228915
EURUSD,1,2026-01-14,PA,110,8,0.416061244434835,0.32956501723998965,0.3657680543008048,0.4561605302183032
EURUSD,1,2026-01-14,VAR1,110,8,72.65920210347414,46.726564109488415,109.99002877305828,40.10236877604153
EURUSD,1,2026-01-14,ARHinc,110,8,0.41560561217133657,0.3303446015434232,0.3723560935907267,0.45379730641362254
EURUSD,1,2026-01-14,KernelARH,110,8,0.4408736123114129,0.35951130724078434,0.4609883952101053,0.4564893144827084
EURUSD,5,2026-01-20,PM,110,8,0.8425549514149485,0.7446923076923078,1.1278749631918692,0.6488557992766658
EURUSD,5,2026-01-20,PA,110,8,0.9436806174646545,0.8121713568296357,1.127726242644846,0.8168869168118774
EURUSD,5,2026-01-20,VAR1,110,8,84.09631183972712,59.11565848584863,123.8555799420074,49.539008739376314
EURUSD,5,2026-01-20,ARHinc,110,8,0.9524258759523867,0.8230333286830817,1.1461534812871834,0.8152607350857042
EURUSD,5,2026-01-20,KernelARH,110,8,0.8667892340316469,0.7483476831289809,0.9662538837773189,0.8001607698083922
EURUSD,10,2026-01-27,PM,110,6,3.5954291896367963,2.9944615384615383,5.264559839404744,2.400474747386366
EURUSD,10,2026-01-27,PA,110,6,3.6487379696786597,3.0075427656263485,5.267750300044571,2.4800795012558043
EURUSD,10,2026-01-27,VAR1,110,6,14.229298100752642,10.76341689620997,19.918486802538727,11.016924492004007
EURUSD,10,2026-01-27,ARHinc,110,6,3.6892900049840276,3.0430156139024707,5.327585709970286,2.500491967971117
EURUSD,10,2026-01-27,KernelARH,110,6,3.5702731629276188,2.9553216554255095,5.129592513475645,2.4529947778859986
EURUSD,1,2026-01-15,PM,110,8,0.10496221847737552,0.07461538461538461,0.14971721768547602,0.06474105352997027
EURUSD,1,2026-01-15,PA,110,8,0.4057877297996338,0.3222026637588292,0.35073914734382683,0.45210440218893927
EURUSD,1,2026-01-15,VAR1,110,8,70.1656865813562,45.324484358144744,105.99327183168745,38.83698134479475
EURUSD,1,2026-01-15,ARHinc,110,8,0.4069571317461553,0.323406655664959,0.3467802868799075,0.452847477650614
EURUSD,1,2026-01-15,KernelARH,110,8,0.5429625556393707,0.470880787822642,0.5648912985610258,0.5170417271081674
EURUSD,5,2026-01-21,PM,110,8,0.3233565696778807,0.26373076923076927,0.3575985904588491,0.3150143197199938
EURUSD,5,2026-01-21,PA,110,8,0.5272118925621713,0.4290847733901851,0.45823117345784886,0.5721238089954496
EURUSD,5,2026-01-21,VAR1,110,8,83.89153903988382,56.95368912395482,123.62888254014146,48.62644873170234
EURUSD,5,2026-01-21,ARHinc,110,8,0.5417322818811156,0.44065762447865664,0.4877696873324659,0.5777724030734706
EURUSD,5,2026-01-21,KernelARH,110,8,0.7047133232468253,0.6022001453591915,0.7042660779243869,0.6970724214362769
EURUSD,10,2026-01-28,PM,110,6,1.9661670418706703,1.643923076923077,2.7002091469512894,1.4402406461924084
EURUSD,10,2026-01-28,PA,110,6,2.036785735465284,1.6517520405804853,2.710919204062772,1.5463144329407423
EURUSD,10,2026-01-28,VAR1,110,6,10.622215161172505,8.060631809633572,14.809244546405246,7.862434387472575
EURUSD,10,2026-01-28,ARHinc,110,6,2.049788018009314,1.6559576700108003,2.7332001779436452,1.5502347890052397
EURUSD,10,2026-01-28,KernelARH,110,6,1.9978016002955532,1.6238754440710486,2.639942742187095,1.5343017880044674
EURUSD,1,2026-01-16,PM,110,8,0.05611672244938704,0.038846153846153864,0.08181397717957174,0.034636980043500125
EURUSD,1,2026-01-16,PA,110,8,0.3980364943073338,0.31409683025806795,0.3289153654477359,0.4483862925670653
EURUSD,1,2026-01-16,VAR1,110,8,39.486052326446675,25.475283777474882,59.715856098071434,21.79515755688277
EURUSD,1,2026-01-16,ARHinc,110,8,0.4054143493226283,0.3236491541677181,0.33925052273713185,0.45071672076904457
EURUSD,1,2026-01-16,KernelARH,110,8,0.4005626625747636,0.31882123649947886,0.3298091274640491,0.4489400424012365
EURUSD,5,2026-01-22,PM,110,8,0.5535562910018207,0.4241538461538462,0.7792847829678786,0.43360188986752435
EURUSD,5,2026-01-22,PA,110,8,0.6759438950340748,0.5489611175763448,0.7698544713937944,0.6427892912013666
EURUSD,5,2026-01-22,VAR1,110,8,49.90863264841546,33.32452007354408,73.65137261202916,28.6563531541432
EURUSD,5,2026-01-22,ARHinc,110,8,0.7333600220291183,0.5950620490237725,0.8747607936541765,0.668292789676065
EURUSD,5,2026-01-22,KernelARH,110,8,0.6757383586884803,0.5462229612188206,0.7599642085153815,0.6491329000670207
EURUSD,10,2026-01-29,PM,110,6,2.014831282304761,1.7261153846153847,2.7531129719241876,1.477173693448332
EURUSD,10,2026-01-29,PA,110,6,2.07011488581065,1.7272046328457396,2.736044951821369,1.5741064906966153
EURUSD,10,2026-01-29,VAR1,110,6,6.0254602713794485,4.6431310582852445,8.242140346394782,4.634747706919965
EURUSD,10,2026-01-29,ARHinc,110,6,2.08963256580391,1.7354941574801241,2.766481758155181,1.5830291499579008
EURUSD,10,2026-01-29,KernelARH,110,6,2.052754940225331,1.7217172471897706,2.704188061020738,1.5731664046854228
EURUSD,1,2026-01-19,PM,110,8,0.26187407058766593,0.21707692307692306,0.3662669642929807,0.1719428508962312
EURUSD,1,2026-01-19,PA,110,8,0.47649403467010587,0.3917551611454639,0.46543062863736734,0.48275239071660014
EURUSD,1,2026-01-19,VAR1,110,8,14.435597854314809,9.235637327112787,21.868558635370643,7.95520041403255
EURUSD,1,2026-01-19,ARHinc,110,8,0.46550249976409586,0.37820675135170667,0.4423233393120769,0.4793378603590796
EURUSD,1,2026-01-19,KernelARH,110,8,0.5045502841973903,0.41765351214311996,0.5122276794439761,0.4951801420717048
EURUSD,5,2026-01-23,PM,110,8,1.4902110879128707,1.1419615384615383,2.250717251538757,0.9437742336958131
EURUSD,5,2026-01-23,PA,110,8,1.546331562952559,1.1963780503582606,2.232574952759525,1.0693335786477511
EURUSD,5,2026-01-23,VAR1,110,8,14.960884491509997,10.006076674541887,22.110515366050485,8.676394156382251
EURUSD,5,2026-01-23,ARHinc,110,8,1.5262469506216156,1.1764772057756587,2.1959997244426885,1.06329636353838
EURUSD,5,2026-01-23,KernelARH,110,8,1.5470045142013562,1.1963244527186667,2.227189261538015,1.0755544247323123
EURUSD,10,2026-01-30,PM,110,6,1.9884084643638604,1.6724999999999999,2.7935738827732077,1.4111502304725552
EURUSD,10,2026-01-30,PA,110,6,2.0368796221847587,1.6723533132680626,2.776112837293399,1.5067259467865397
EURUSD,10,2026-01-30,VAR1,110,6,3.1714976753326005,2.604578985123476,4.624119026471603,2.0752441852330343
EURUSD,10,2026-01-30,ARHinc,110,6,2.02538879324647,1.6567439177338283,2.7554746623030297,1.5023008203608823
EURUSD,10,2026-01-30,KernelARH,110,6,2.020651592273906,1.6631789449296046,2.7561251075920654,1.499092547260412
EURUSD,1,2026-01-20,PM,110,8,0.5776275250473334,0.4826153846153846,0.7536747773271337,0.44763445710058347
EURUSD,1,2026-01-20,PA,110,8,0.7230333969534208,0.6086042850803077,0.8100516481414833,0.6621460542905897
EURUSD,1,2026-01-20,VAR1,110,8,15.459313657588137,9.950292834591574,23.45914066247113,8.559010140973964
EURUSD,1,2026-01-20,ARHinc,110,8,0.7354938556227805,0.616993926078268,0.8415871044228402,0.6621868903103738
EURUSD,1,2026-01-20,KernelARH,110,8,0.8090988157811725,0.688987773204977,0.9506088541767549,0.7114107507271713
EURUSD,5,2026-01-26,PM,110,8,1.1625999956992945,0.8573076923076922,1.7006999858457665,0.7727864895344696
EURUSD,5,2026-01-26,PA,110,8,1.244325945459992,0.9406641439836186,1.7048372313520082,0.9282874609425775
EURUSD,5,2026-01-26,VAR1,110,8,16.685892922175974,11.076868107807778,24.705397413755023,9.598840662893178
EURUSD,5,2026-01-26,ARHinc,110,8,1.262110085597625,0.9527931957133003,1.7408318123172444,0.9307818323727639
EURUSD,5,2026-01-26,KernelARH,110,8,1.374991124865753,1.0410089772134445,1.9045198320713352,0.9982212208668468
EURUSD,10,2026-02-02,PM,110,6,0.8933034252791068,0.7486923076923078,1.04889885395972,0.7574965143141598
EURUSD,10,2026-02-02,PA,110,6,1.000887965218535,0.7995414704972728,1.079121377883089,0.9132381044408566
EURUSD,10,2026-02-02,VAR1,110,6,1.645150612847797,1.4065944013345777,2.0893618341757003,1.393442841940795
EURUSD,10,2026-02-02,ARHinc,110,6,1.0142123095843039,0.812328787925515,1.1144512352237135,0.9126715040450788
EURUSD,10,2026-02-02,KernelARH,110,6,1.1394423045144992,0.9283183445373215,1.3104418017310584,0.9887067984138401
EURUSD,1,2026-01-21,PM,110,8,0.5596722942250019,0.4651923076923079,0.8099807303375579,0.3468763656062033
EURUSD,1,2026-01-21,PA,110,8,0.7086690017016715,0.5896076987635944,0.9218070890981962,0.5855371294630826
EURUSD,1,2026-01-21,VAR1,110,8,32.35044490900823,21.382490955107333,49.03218907054296,18.17192610898134
EURUSD,1,2026-01-21,ARHinc,110,8,0.6988469095080506,0.5764466621484609,0.8969408277944139,0.5919046516535091
EURUSD,1,2026-01-21,KernelARH,110,8,0.5203899017064122,0.4283568480176973,0.5537796440644216,0.5174554344605702
EURUSD,5,2026-01-27,PM,110,8,2.7686118605928467,2.2497692307692305,4.148991331293249,1.7627587988291022
EURUSD,5,2026-01-27,PA,110,8,2.7991966493644584,2.2417844258201023,4.115571986209111,1.8494977419469423
EURUSD,5,2026-01-27,VAR1,110,8,46.80164707370757,32.77541707808295,69.3050041300685,26.89376952617638
EURUSD,5,2026-01-27,ARHinc,110,8,2.832146815147912,2.301808525701222,4.161570956196222,1.8609348427313548
EURUSD,5,2026-01-27,KernelARH,110,8,2.7243655734109864,2.169768541937648,4.052287341780181,1.79765750857958
EURUSD,10,2026-02-03,PM,110,6,0.32640450953709854,0.27096153846153853,0.2983956785227783,0.3300978731347775
EURUSD,10,2026-02-03,PA,110,6,0.5812277658484811,0.4475674016265946,0.5169086350328269,0.6108600181937653
EURUSD,10,2026-02-03,VAR1,110,6,4.7330685019982,3.954324151887813,4.3470391852582635,5.195446615455975
EURUSD,10,2026-02-03,ARHinc,110,6,0.6974176752536475,0.5881783833848948,0.7973533770918041,0.6210436134178516
EURUSD,10,2026-02-03,KernelARH,110,6,0.5370697892472589,0.45080716677072996,0.505482281073145,0.5596764668819401
EURUSD,1,2026-01-22,PM,110,8,0.2840416579685777,0.19907692307692323,0.46748518892460467,0.16157267188135924
EURUSD,1,2026-01-22,PA,110,8,0.4873289719526119,0.3997175754760297,0.5065010227237597,0.49818361517121185
EURUSD,1,2026-01-22,VAR1,110,8,2.1375587316364144,1.375583410238146,3.216444345976346,1.2451119011672798
EURUSD,1,2026-01-22,ARHinc,110,8,0.5136328945850186,0.4320307370183926,0.5410727383353794,0.518725545683605
EURUSD,1,2026-01-22,KernelARH,110,8,0.58421974417714,0.49270836135688256,0.6920608991548869,0.5354805381109807
EURUSD,5,2026-01-28,PM,110,8,1.68692277877159,1.3950384615384617,2.3763064587614413,1.1564075051235236
EURUSD,5,2026-01-28,PA,110,8,1.7501363428350338,1.4284720944084555,2.367134234539943,1.279656265092678
EURUSD,5,2026-01-28,VAR1,110,8,4.850422110825813,3.1679387339513534,7.211312595953345,2.886427639273936
EURUSD,5,2026-01-28,ARHinc,110,8,1.7336855465908987,1.418529705860397,2.323392850953139,1.288835144446917
EURUSD,5,2026-01-28,KernelARH,110,8,1.958144591364769,1.5972399000277901,2.575558924557737,1.4835371140247895
EURUSD,10,2026-02-04,PM,110,6,0.8181942182918148,0.6681538461538463,1.107588851092292,0.586555035217267
EURUSD,10,2026-02-04,PA,110,6,0.962229403333223,0.7905730571175267,1.1880390597680919,0.7884287821544473
EURUSD,10,2026-02-04,VAR1,110,6,1.3047387591079096,1.11641764559492,1.4297252130794167,1.0521251872463957
EURUSD,10,2026-02-04,ARHinc,110,6,0.9495578870949678,0.7803540641523433,1.1465663782362552,0.7979227607574305
EURUSD,10,2026-02-04,KernelARH,110,6,0.7078638835090193,0.5368348548077642,0.6669165003632936,0.7391008512057405
EURUSD,1,2026-01-23,PM,110,8,0.9679815686818072,0.7096153846153845,1.5179522994056036,0.5292123384981701
EURUSD,1,2026-01-23,PA,110,8,1.0667104362789082,0.8401689574879722,1.5699223086674303,0.7272253807260938
EURUSD,1,2026-01-23,VAR1,110,8,73.71948893700106,50.33134168885508,110.60914989225367,42.82591297980872
EURUSD,1,2026-01-23,ARHinc,110,8,1.154019186267176,0.9113422406337478,1.7082778791946205,0.7675799997046464
EURUSD,1,2026-01-23,KernelARH,110,8,1.2856008586210146,1.028394862695718,1.8960732239983442,0.8235906626890755
EURUSD,5,2026-01-29,PM,110,8,1.5043033622807704,1.3082307692307693,2.028200783064042,1.0694616581904637
EURUSD,5,2026-01-29,PA,110,8,1.573881329217157,1.339976277543262,2.0661440237542057,1.1925297391309924
EURUSD,5,2026-01-29,VAR1,110,8,96.22158644232586,69.93101928252072,141.11101871512102,58.243209489705265
EURUSD,5,2026-01-29,ARHinc,110,8,1.6598873705512345,1.4127771061633188,2.1932671205785965,1.2421050877036428
EURUSD,5,2026-01-29,KernelARH,110,8,1.8243410571599887,1.563299783995972,2.40627556494438,1.3371935355788886
EURUSD,10,2026-02-05,PM,110,6,0.5868691375557114,0.4903461538461536,0.693921457944771,0.45860703919244933
EURUSD,10,2026-02-05,PA,110,6,0.7647852728702017,0.6277620682928552,0.8357319104774262,0.692373875699303
EURUSD,10,2026-02-05,VAR1,110,6,13.06631241728282,10.86135863056835,14.51088457375839,12.531018124289648
EURUSD,10,2026-02-05,ARHinc,110,6,0.8348282738039347,0.695939130675937,0.9608727230451982,0.7211951120871861
EURUSD,10,2026-02-05,KernelARH,110,6,0.8472499799871029,0.7038355157668625,0.964126090385934,0.7369121026973179
EURUSD,1,2026-01-26,PM,110,8,0.22701829814424143,0.15680769230769231,0.3568605409738335,0.14057069930662372
EURUSD,1,2026-01-26,PA,110,8,0.528695825017701,0.4429401590304799,0.517003116976153,0.5426040784404753
EURUSD,1,2026-01-26,VAR1,110,8,201.37339821403143,145.31175060401227,294.97162585718587,128.767681676498
EURUSD,1,2026-01-26,ARHinc,110,8,0.5285303818473681,0.44579696055569856,0.5249577009227435,0.537074868989891
EURUSD,1,2026-01-26,KernelARH,110,8,0.5435452916136309,0.44205649201677566,0.516992781740847,0.5638692697772132
EURUSD,5,2026-01-30,PM,110,8,0.5813355809618981,0.5305384615384613,0.6571228676806359,0.5009292678403977
EURUSD,5,2026-01-30,PA,110,8,0.7529924461049184,0.6409792272226693,0.8080817007266982,0.7263541772556695
EURUSD,5,2026-01-30,VAR1,110,8,253.38166259878247,213.0311723695705,322.702874698545,208.37182121703097
EURUSD,5,2026-01-30,ARHinc,110,8,0.7655565045170962,0.6572323514426693,0.760536519254155,0.7605952599668375
EURUSD,5,2026-01-30,KernelARH,110,8,1.5004158691966407,1.2963338706653897,1.999471733054589,1.2011425194138181
EURUSD,10,2026-02-06,PM,110,6,0.5766632299438127,0.33999999999999997,0.9852420912879113,0.2751866698086715
EURUSD,10,2026-02-06,PA,110,6,0.686913976798612,0.560518224091447,0.8957519708159024,0.5805253669954148
EURUSD,10,2026-02-06,VAR1,110,6,133.6422784201663,121.5107067745889,111.3379564154806,143.9867861618101
EURUSD,10,2026-02-06,ARHinc,110,6,0.6033438889114969,0.5004953815631501,0.727504814006376,0.5534614183164804
EURUSD,10,2026-02-06,KernelARH,110,6,0.5733638458635396,0.46526116360140723,0.49004603983368983,0.6279399389955733
EURUSD,1,2026-01-27,PM,110,8,2.220347534301088,1.9080000000000001,3.236201925590706,1.492411218240671
EURUSD,1,2026-01-27,PA,110,8,2.274576778022839,1.8948575445955176,3.284428146039088,1.592704800917392
EURUSD,1,2026-01-27,VAR1,110,8,130.89552243320236,96.7809671901463,190.41100346130935,85.04503706270158
EURUSD,1,2026-01-27,ARHinc,110,8,2.2157691784933844,1.8563445752802006,3.1948074536102653,1.5635220565044035
EURUSD,1,2026-01-27,KernelARH,110,8,2.0936800941820564,1.7352975713224577,3.0443307794624137,1.4568673429518322
EURUSD,5,2026-02-02,PM,110,8,0.44623817588299713,0.23349999999999982,0.7721265182021325,0.20318908778774578
EURUSD,5,2026-02-02,PA,110,8,0.634498657748218,0.5051633951649361,0.8148225189581925,0.5548004650100313
EURUSD,5,2026-02-02,VAR1,110,8,165.76679550795672,136.67742968444867,219.32102267893066,130.57415409684114
EURUSD,5,2026-02-02,ARHinc,110,8,0.6795625262156617,0.5387735583093483,0.8968493369244688,0.5708091759098288
EURUSD,5,2026-02-02,KernelARH,110,8,0.7049772658639186,0.5552179276131114,0.9458625627225282,0.5759677106390072
EURUSD,10,2026-02-09,PM,110,6,0.32771499108923197,0.28776923076923083,0.3261058147908557,0.3148852237685397
EURUSD,10,2026-02-09,PA,110,6,0.5699541877474351,0.46592975422153676,0.4662523229394229,0.6169517099964403
EURUSD,10,2026-02-09,VAR1,110,6,55.17467145921774,47.15039981584839,40.843974338768156,62.93485752396851
EURUSD,10,2026-02-09,ARHinc,110,6,0.5734776508512425,0.48284547628692726,0.4823538678611955,0.6214175072663239
EURUSD,10,2026-02-09,KernelARH,110,6,0.7709402142469136,0.6088428085913922,0.7807113040240667,0.7702084109094551
EURUSD,1,2026-01-28,PM,110,8,1.663936221734475,1.3199230769230768,2.5976761507578527,0.977969279831052
EURUSD,1,2026-01-28,PA,110,8,1.7211991346296145,1.3396287775324205,2.472499703131571,1.145024314756411
EURUSD,1,2026-01-28,VAR1,110,8,469.1723845131538,360.7730587072867,677.9046626743408,320.65967096260795
EURUSD,1,2026-01-28,ARHinc,110,8,0.9888766517948745,0.7854248967960336,1.3615874165207387,0.7365206051130402
EURUSD,1,2026-01-28,KernelARH,110,8,4.068406804934998,3.4279470914109895,5.710413435701682,2.8596500100493674
EURUSD,5,2026-02-03,PM,110,8,2.5958622215127143,2.1305,3.9413604471136905,1.623550355240258
EURUSD,5,2026-02-03,PA,110,8,2.6175724282575916,2.1385880805228608,3.798012335559625,1.7256661450645665
EURUSD,5,2026-02-03,VAR1,110,8,1034.1491577324466,835.5328205594288,1331.3020587415783,822.0522975931879
EURUSD,5,2026-02-03,ARHinc,110,8,2.036464919631572,1.6112799508350866,2.9809028973508065,1.3369981491754925
EURUSD,5,2026-02-03,KernelARH,110,8,6.223805105985363,5.3433455747602485,8.550155275899494,4.6331396512834635
EURUSD,10,2026-02-10,PM,110,6,2.2118252447834883,1.696269230769231,3.500740855127373,1.2503911497609823
EURUSD,10,2026-02-10,PA,110,6,2.223876429754511,1.7015001618967267,3.3288211669025505,1.3787669276719652
EURUSD,10,2026-02-10,VAR1,110,6,1193.4700397159113,1039.2882081421283,1102.1507011251456,1192.4184913803854
EURUSD,10,2026-02-10,ARHinc,110,6,1.3272552282977221,1.005734523718856,1.9627395837313515,0.8855789488541571
EURUSD,10,2026-02-10,KernelARH,110,6,10.684860980756046,9.206623936381945,14.797798448121966,7.7595209015563205
EURUSD,1,2026-01-29,PM,110,8,0.165241955465777,0.13815384615384602,0.2162174213174183,0.13218594869530936
EURUSD,1,2026-01-29,PA,110,8,0.5093477490871132,0.4097142886284913,0.4658486039786186,0.5439874926925976
EURUSD,1,2026-01-29,VAR1,110,8,163.88219702590615,121.16806128608621,239.42898155980637,101.54311941531996
EURUSD,1,2026-01-29,ARHinc,110,8,0.6361132891839202,0.5178476459027126,0.7604085572181872,0.570506644079459
EURUSD,1,2026-01-29,KernelARH,110,8,1.1753398431352033,1.0254960715999213,1.4775651982833178,0.9941819597983111
EURUSD,5,2026-02-04,PM,110,8,0.9026109829480592,0.7787307692307692,1.287352705938356,0.624644165197817
EURUSD,5,2026-02-04,PA,110,8,1.0224867091058516,0.8320791715279955,1.3410139661325742,0.8170930469677127
EURUSD,5,2026-02-04,VAR1,110,8,161.36590126653104,109.58507907264048,236.78987851715047,96.67792879302394
EURUSD,5,2026-02-04,ARHinc,110,8,1.516101293581716,1.2031037415390426,2.1558435353825702,1.0453141838082125
EURUSD,5,2026-02-04,KernelARH,110,8,0.6036495524618775,0.5130871085487302,0.6127377209140128,0.596725894255601
EURUSD,10,2026-02-11,PM,110,6,0.7000359194080962,0.49426923076923085,1.1221952104728157,0.37786504948865757
EURUSD,10,2026-02-11,PA,110,6,0.8249044612514096,0.6701634193590144,1.135896891313877,0.645615276459629
EURUSD,10,2026-02-11,VAR1,110,6,89.25934040068374,63.31273025528398,136.74591167995757,47.3791429962056
EURUSD,10,2026-02-11,ARHinc,110,6,1.192085486167112,0.917784256537085,1.7580055449828276,0.7988882155855549
EURUSD,10,2026-02-11,KernelARH,110,6,0.6908384114962783,0.5432900582587991,0.5914896138189784,0.7498459635566956
EURUSD,1,2026-01-30,PM,110,8,0.1567141567411092,0.12515384615384625,0.22614064577338533,0.115902208802535
EURUSD,1,2026-01-30,PA,110,8,0.5113014672226678,0.4190632477875832,0.48648197396441545,0.5415043405324091
EURUSD,1,2026-01-30,VAR1,110,8,150.88698352561102,111.40602538820559,220.5214782430657,92.68503368959784
EURUSD,1,2026-01-30,ARHinc,110,8,0.6224562041454395,0.5032390123459034,0.7967985546281401,0.5600575110778964
EURUSD,1,2026-01-30,KernelARH,110,8,0.54244208085368,0.4446720981098567,0.5675461483899249,0.5668542069126791
EURUSD,5,2026-02-05,PM,110,8,0.9755408016937226,0.8686153846153847,1.3766126025928311,0.6861672615104403
EURUSD,5,2026-02-05,PA,110,8,1.0844560467519238,0.8902271162705835,1.4152023282322126,0.8656791384176253
EURUSD,5,2026-02-05,VAR1,110,8,151.25914554687733,96.93386729266328,223.99367836032866,87.93798412932912
EURUSD,5,2026-02-05,ARHinc,110,8,0.8549332657888329,0.702899890969259,1.0588854298309651,0.7340796349299099
EURUSD,5,2026-02-05,KernelARH,110,8,0.5496779237061978,0.44820434767242695,0.5746252038030841,0.5527470821392557
EURUSD,10,2026-02-12,PM,110,6,0.8817523799885002,0.6497307692307691,1.4012497094409226,0.4723901996134531
EURUSD,10,2026-02-12,PA,110,6,0.9557794893815825,0.7720025944433375,1.352693400844183,0.7011379294039939
EURUSD,10,2026-02-12,VAR1,110,6,87.88982931730722,62.19028076050644,134.40118374301278,46.66127307816112
EURUSD,10,2026-02-12,ARHinc,110,6,0.7777962421455218,0.6417868616190998,1.066571678181697,0.6112256317871372
EURUSD,10,2026-02-12,KernelARH,110,6,0.8661001282827405,0.6509843821567306,0.7309158567479784,0.9380772658312909
EURUSD,1,2026-02-02,PM,110,8,0.9251444533776251,0.7387692307692305,1.4558209675589835,0.5556076091754514
EURUSD,1,2026-02-02,PA,110,8,1.0218227535895312,0.8110244498956348,1.424999734329733,0.7654384980288602
EURUSD,1,2026-02-02,VAR1,110,8,206.9196957506814,155.1838480538626,301.1540063595033,129.87133620885245
EURUSD,1,2026-02-02,ARHinc,110,8,1.0424262877879726,0.8261094615248156,1.4724460702147772,0.7601209030875101
EURUSD,1,2026-02-02,KernelARH,110,8,0.9274121801546313,0.7505220275313595,1.2943781342889729,0.6922605766348814
EURUSD,5,2026-02-06,PM,110,8,0.9574264884414002,0.7736923076923077,1.4874119636280456,0.5763787702130542
EURUSD,5,2026-02-06,PA,110,8,1.0527994210287888,0.8418815237579136,1.4591343176587357,0.7812861142210406
EURUSD,5,2026-02-06,VAR1,110,8,200.29922058260755,130.62811936587713,293.98694145101666,120.25877119387938
EURUSD,5,2026-02-06,ARHinc,110,8,1.1779291294922323,0.9305241175967084,1.6682800261439947,0.8311829247759748
EURUSD,5,2026-02-06,KernelARH,110,8,0.5962070918244896,0.5042508316918766,0.5823451950102663,0.6087540569970256
EURUSD,10,2026-02-13,PM,110,6,1.1600529870192602,0.7606538461538459,1.9348909954073135,0.5526221579281339
EURUSD,10,2026-02-13,PA,110,6,1.216665086508677,0.9224790512842275,1.860221299309894,0.7599520917492577
EURUSD,10,2026-02-13,VAR1,110,6,145.4751362990071,106.6864071100634,219.22582515782233,80.43527242219841
EURUSD,10,2026-02-13,ARHinc,110,6,1.3111662251121585,0.9848388674855163,2.012791911171187,0.8008763141667314
EURUSD,10,2026-02-13,KernelARH,110,6,1.1812424180277405,0.8964030459551555,1.8074910782760796,0.740036929535407
EURUSD,1,2026-02-03,PM,110,8,0.13863396048587806,0.1260769230769231,0.14689790346143475,0.13058388984795283
EURUSD,1,2026-02-03,PA,110,8,0.47616800464118875,0.38949559605185385,0.3928076305894046,0.5302001786339204
EURUSD,1,2026-02-03,VAR1,110,8,23.41602369936258,17.199089469307,34.24943778396726,14.295966283016911
EURUSD,1,2026-02-03,ARHinc,110,8,0.9664259987038556,0.7839249037988453,1.2511225831371109,0.7889296204450561
EURUSD,1,2026-02-03,KernelARH,110,8,0.5590314379585292,0.4692268248757837,0.5825398637656273,0.5570370996561449
EURUSD,5,2026-02-09,PM,110,8,0.4387407132481991,0.33784615384615385,0.6413470185540527,0.2897788841600322
EURUSD,5,2026-02-09,PA,110,8,0.6259045172606631,0.5074625579425314,0.6880702067504103,0.5971477080844247
EURUSD,5,2026-02-09,VAR1,110,8,26.799318126794663,16.24632112845833,40.38760137747135,14.775902013149917
EURUSD,5,2026-02-09,ARHinc,110,8,0.5029064949502131,0.41143989788831226,0.4454035345795099,0.5417133884649028
EURUSD,5,2026-02-09,KernelARH,110,8,0.8015504357571235,0.6184687429280413,0.858158098443718,0.7780268175515439
EURUSD,10,2026-02-16,PM,110,6,0.49479327462626715,0.31615384615384623,0.8067516620255436,0.2398806703084377
EURUSD,10,2026-02-16,PA,110,6,0.6717013217291025,0.5427601017285828,0.9061240416937891,0.5623486492883762
EURUSD,10,2026-02-16,VAR1,110,6,27.12795726011361,18.722414410356574,41.962708281708245,14.01176437723348
EURUSD,10,2026-02-16,ARHinc,110,6,1.045495626462151,0.8233160288175673,1.537854680576488,0.7136959118431885
EURUSD,10,2026-02-16,KernelARH,110,6,0.6988270348090114,0.5862859771429392,0.8040354534627041,0.6905415895581357
EURUSD,1,2026-02-04,PM,110,8,0.05947567376020859,0.04173076923076928,0.09106263001804157,0.044292014927640684
EURUSD,1,2026-02-04,PA,110,8,0.4581755959168747,0.36491042126195633,0.36945291222666954,0.5151664478593273
EURUSD,1,2026-02-04,VAR1,110,8,11.106859580518845,8.024907207756629,16.233536999665535,6.8056727830078865
EURUSD,1,2026-02-04,ARHinc,110,8,0.502640125213549,0.4186510013898044,0.4758352207351012,0.5306144679618906
EURUSD,1,2026-02-04,KernelARH,110,8,0.4646112705594542,0.36224989500348237,0.3726979981480614,0.5228621036249747
EURUSD,5,2026-02-10,PM,110,8,0.4654016565538598,0.43423076923076914,0.5099230916762991,0.41963725418605335
EURUSD,5,2026-02-10,PA,110,8,0.6492658185012586,0.5530194307539421,0.5996838333252322,0.6679833009346107
EURUSD,5,2026-02-10,VAR1,110,8,17.357678564986752,10.427827869415117,26.40123742582498,9.358036522239345
EURUSD,5,2026-02-10,ARHinc,110,8,0.5478765354971553,0.4628774494936435,0.44500940304620945,0.5992151860596224
EURUSD,5,2026-02-10,KernelARH,110,8,0.7582042237935936,0.6079175053417976,0.6756104730975835,0.8010774886693451
EURUSD,10,2026-02-17,PM,110,6,0.4762344283745462,0.33807692307692316,0.7481742711343279,0.25820916986613823
EURUSD,10,2026-02-17,PA,110,6,0.6652524796881761,0.5412292750741047,0.8656739766184735,0.5686136190429244
EURUSD,10,2026-02-17,VAR1,110,6,22.932202600436003,15.65230836084888,35.52084000714974,11.758292275058444
EURUSD,10,2026-02-17,ARHinc,110,6,0.8026079809333883,0.6458871584615812,1.0894165642227844,0.6321096065411222
EURUSD,10,2026-02-17,KernelARH,110,6,0.7040248099348368,0.5752687200038951,0.530688106403068,0.7965785677137244
EURUSD,1,2026-02-05,PM,110,8,0.03880672027447736,0.03353846153846147,0.03243480757928895,0.04468211310186068
EURUSD,1,2026-02-05,PA,110,8,0.4595628281896786,0.36503331463340355,0.37370304655450814,0.5142859814116663
EURUSD,1,2026-02-05,VAR1,110,8,17.006929961747733,11.860311142593902,25.079387831548882,10.127848531825055
EURUSD,1,2026-02-05,ARHinc,110,8,0.48218758742113876,0.38529380441040506,0.41472110561717435,0.5274931814109205
EURUSD,1,2026-02-05,KernelARH,110,8,0.46830395498064337,0.37630939824499743,0.3976866661124599,0.5178968049486677
EURUSD,5,2026-02-11,PM,110,8,0.3103585860308634,0.29130769230769216,0.2786719293446855,0.3152358082511855
EURUSD,5,2026-02-11,PA,110,8,0.5542161411528242,0.4665923557538647,0.44789979043902806,0.6088359572351824
EURUSD,5,2026-02-11,VAR1,110,8,20.462694357493113,14.143480869906634,31.541580413219535,10.571998797807122
EURUSD,5,2026-02-11,ARHinc,110,8,0.6093513384952325,0.5238993966111695,0.5272916072704904,0.6471542607505705
EURUSD,5,2026-02-11,KernelARH,110,8,0.5543203515114299,0.4574961963904855,0.4537301599717842,0.6159511849424847
EURUSD,10,2026-02-18,PM,110,6,0.38225432029555323,0.29630769230769227,0.5424430000993613,0.2527713669403399
EURUSD,10,2026-02-18,PA,110,6,0.5874881394629412,0.48449418194930965,0.662611548266103,0.5582471002149116
EURUSD,10,2026-02-18,VAR1,110,6,10.36449305185234,8.010323958345179,15.542024613399555,6.394350501237866
EURUSD,10,2026-02-18,ARHinc,110,6,0.5217840569323335,0.42784331254684516,0.5332209986766121,0.5335100551961856
EURUSD,10,2026-02-18,KernelARH,110,6,0.5493720680046967,0.4616698194412999,0.5516444206232702,0.5598859490229214
EURUSD,1,2026-02-06,PM,110,8,0.05610129917596175,0.04811538461538462,0.06464983215214425,0.05418571633594446
EURUSD,1,2026-02-06,PA,110,8,0.4571381556561621,0.3600453829342564,0.3704675282730275,0.512804391551592
EURUSD,1,2026-02-06,VAR1,110,8,16.075952582078084,11.465513188547545,23.462523441448102,9.82967369754062
EURUSD,1,2026-02-06,ARHinc,110,8,0.45899018515101137,0.3587393108024017,0.3693572639521998,0.5144364058808362
EURUSD,1,2026-02-06,KernelARH,110,8,0.5587233375421438,0.4728706546220912,0.5397286241543092,0.5755796610505668
EURUSD,5,2026-02-12,PM,110,8,0.2740901030963809,0.2597307692307693,0.22752965400697658,0.30133738608960275
EURUSD,5,2026-02-12,PA,110,8,0.5322727885229194,0.4486222268712094,0.4236735291671906,0.5988755085739922
EURUSD,5,2026-02-12,VAR1,110,8,19.991265393721818,12.909064293828676,30.922879953671416,10.07310912481557
EURUSD,5,2026-02-12,ARHinc,110,8,0.5510793123621373,0.4683692488407955,0.4331100369607333,0.6138756811952865
EURUSD,5,2026-02-12,KernelARH,110,8,0.6813653713713662,0.5456900219861586,0.5404292379923005,0.760542431432017
EURUSD,10,2026-02-19,PM,110,6,0.40245078533329337,0.30753846153846137,0.5590465562504562,0.2942116599582833
EURUSD,10,2026-02-19,PA,110,6,0.6141275123626967,0.5109859498764029,0.6847002457626138,0.5976492060510082
EURUSD,10,2026-02-19,VAR1,110,6,9.273244261608358,6.875615699025036,13.764906313512318,5.317582019055954
EURUSD,10,2026-02-19,ARHinc,110,6,0.585787686495566,0.48821351373514704,0.629544153548209,0.586356575343307
EURUSD,10,2026-02-19,KernelARH,110,6,0.5416628928444881,0.4528901862334798,0.4808640283509918,0.6058700111581283
EURUSD,1,2026-02-09,PM,110,8,0.4397428225679188,0.3727692307692307,0.6324456371428891,0.28933490610649276
EURUSD,1,2026-02-09,PA,110,8,0.6355422724529165,0.5383617568769903,0.7082514900050777,0.6001381965260489
EURUSD,1,2026-02-09,VAR1,110,8,14.013234619785003,9.997008652474658,20.430873100306687,8.508683087112262
EURUSD,1,2026-02-09,ARHinc,110,8,0.6572296463227922,0.557599476356673,0.7512414399409181,0.6068291338146754
EURUSD,1,2026-02-09,KernelARH,110,8,0.7478209501468628,0.6432221877309359,0.9165679399709457,0.6437934506008105
EURUSD,5,2026-02-13,PM,110,8,0.3252412566080755,0.2511923076923077,0.5007570748374286,0.24266197062048475
EURUSD,5,2026-02-13,PA,110,8,0.5695410709878469,0.4651101680996771,0.6494122837272852,0.5708232741087971
EURUSD,5,2026-02-13,VAR1,110,8,20.00987497694574,13.024251291255743,30.931802100925907,10.099225470246678
EURUSD,5,2026-02-13,ARHinc,110,8,0.5470319283252968,0.4526977859899357,0.5739819080647072,0.5726662493653802
EURUSD,5,2026-02-13,KernelARH,110,8,0.5749723196166276,0.4865301234790189,0.5983825559154046,0.6058635194676351
EURUSD,10,2026-02-20,PM,110,6,0.4028226728589526,0.3123076923076922,0.5421874108897173,0.2889145282957015
EURUSD,10,2026-02-20,PA,110,6,0.6111971901593536,0.5063897418560488,0.666535608838541,0.595890321224239
EURUSD,10,2026-02-20,VAR1,110,6,16.48541120681461,11.381230380596387,25.23419015894959,8.624998183856233
EURUSD,10,2026-02-20,ARHinc,110,6,0.5810980225399326,0.4838309069465885,0.6121804860774455,0.5818735744291038
EURUSD,10,2026-02-20,KernelARH,110,6,0.5406306724995923,0.4437548392329479,0.4589940654978606,0.6112435483689991
EURUSD,1,2026-02-10,PM,110,8,0.15205942031880937,0.10611538461538468,0.2528190768667996,0.08618196014142164
EURUSD,1,2026-02-10,PA,110,8,0.49353843516209267,0.3888019191351477,0.4490750740346459,0.5332849995079058
EURUSD,1,2026-02-10,VAR1,110,8,51.57731138776221,36.947115350653696,74.84212764066166,31.85315997567453
EURUSD,1,2026-02-10,ARHinc,110,8,0.48392556422230154,0.3791414468672702,0.3872839489814492,0.5396896878143032
EURUSD,1,2026-02-10,KernelARH,110,8,0.5404448485833139,0.46035956394931876,0.4841916165706821,0.5735242218097807
EURUSD,5,2026-02-16,PM,110,8,0.8803150932828191,0.615846153846154,1.4072612821066617,0.4574517534884645
EURUSD,5,2026-02-16,PA,110,8,0.9947493964673993,0.7751061930310358,1.4541110414474807,0.6904844107718794
EURUSD,5,2026-02-16,VAR1,110,8,70.92864724897404,44.78536101481591,109.45555261667363,36.02862115787528
EURUSD,5,2026-02-16,ARHinc,110,8,0.8505461562929716,0.6705442608947882,1.2084444731357251,0.6368515292531447
EURUSD,5,2026-02-16,KernelARH,110,8,0.727141394348283,0.5761794148140439,1.0124965584424936,0.5821057922935367
EURUSD,10,2026-02-23,PM,110,6,0.7185377111242612,0.5356923076923076,1.0215807675852857,0.46992892690059324
EURUSD,10,2026-02-23,PA,110,6,0.8481435693206817,0.6873802343813408,1.0825056877423753,0.6993959782257994
EURUSD,10,2026-02-23,VAR1,110,6,57.40173484762667,39.66183425353801,87.97219753231381,30.043555844409866
EURUSD,10,2026-02-23,ARHinc,110,6,0.7214920163693942,0.5925921408995267,0.8594221687899404,0.6438210518845612
EURUSD,10,2026-02-23,KernelARH,110,6,0.5325189897792216,0.43531721391700784,0.46262522052666816,0.5938839077056903
EURUSD,1,2026-02-11,PM,110,8,0.15861979821136887,0.11984615384615381,0.22859737770755548,0.10421603630345828
EURUSD,1,2026-02-11,PA,110,8,0.4957000154237009,0.40582802713953914,0.44854526553413093,0.5363428920816304
EURUSD,1,2026-02-11,VAR1,110,8,12.079411049132789,8.676541920939458,17.45017438799459,7.514402131229052
EURUSD,1,2026-02-11,ARHinc,110,8,0.47395821404631733,0.3764494500776864,0.3837335089374481,0.5304337378995045
EURUSD,1,2026-02-11,KernelARH,110,8,0.518866213425179,0.4115116050170029,0.43124258149904077,0.5715939101301244
EURUSD,5,2026-02-17,PM,110,8,0.8707146434881036,0.7298846153846154,1.2134930338193757,0.592705623953114
EURUSD,5,2026-02-17,PA,110,8,0.9839966157845493,0.8150645470659237,1.2850404783174334,0.7809051163270447
EURUSD,5,2026-02-17,VAR1,110,8,16.971735628347517,9.986506671262699,25.792345118039346,8.926818398276012
EURUSD,5,2026-02-17,ARHinc,110,8,0.8306509572244187,0.6842049130270204,1.024051854395983,0.7102348493351786
EURUSD,5,2026-02-17,KernelARH,110,8,1.0181369443380763,0.8589798204151388,1.3042689367704272,0.8281957935546226
EURUSD,10,2026-02-24,PM,110,6,0.7256657752076312,0.5673076923076923,0.9509093020177548,0.5239119730174278
EURUSD,10,2026-02-24,PA,110,6,0.8557665483154839,0.7039982516949737,1.0362813448163755,0.7359545979053428
EURUSD,10,2026-02-24,VAR1,110,6,8.396369569336517,5.6274824868156985,12.910835410142079,4.41315662959097
EURUSD,10,2026-02-24,ARHinc,110,6,0.7363553579700246,0.6061280942559184,0.8339053084035778,0.6757160731654328
EURUSD,10,2026-02-24,KernelARH,110,6,0.5342630017943348,0.43712968889733983,0.530554315760687,0.5626011635729287
EURUSD,1,2026-02-12,PM,110,8,0.1349684792261341,0.09592307692307704,0.20663593243397654,0.07761328265096487
EURUSD,1,2026-02-12,PA,110,8,0.4824390499001016,0.38210952899651285,0.43953925568774904,0.5260835172208708
EURUSD,1,2026-02-12,VAR1,110,8,5.168863209773748,3.5916912567961403,7.522910906750187,3.1624461587487116
EURUSD,1,2026-02-12,ARHinc,110,8,0.4708910546627298,0.3626253002465029,0.3791580253785144,0.5311973010404987
EURUSD,1,2026-02-12,KernelARH,110,8,0.4675193098868603,0.36000119607864633,0.37931191044878987,0.5263876318387196
EURUSD,5,2026-02-18,PM,110,8,0.6235781904584096,0.5471923076923074,0.757095591056819,0.4898831566575904
EURUSD,5,2026-02-18,PA,110,8,0.763163232832685,0.6271468414830901,0.8535696143377778,0.6984802525864062
EURUSD,5,2026-02-18,VAR1,110,8,9.770397206377949,5.677359731155022,14.883337963490447,5.083728141147383
EURUSD,5,2026-02-18,ARHinc,110,8,0.7049799938134871,0.5755051596139232,0.7722738500314555,0.6581140392411562
EURUSD,5,2026-02-18,KernelARH,110,8,0.6841273352762205,0.5608579491322608,0.7611419714455809,0.6326706786201254
EURUSD,10,2026-02-25,PM,110,6,0.6112591433955123,0.47480769230769226,0.8038062315779411,0.43260661064416867
EURUSD,10,2026-02-25,PA,110,6,0.7639375559064506,0.625891323722396,0.9143608051847446,0.6729631621631594
EURUSD,10,2026-02-25,VAR1,110,6,7.297207189435772,4.877129637186928,11.270496514311922,3.81924029061996
EURUSD,10,2026-02-25,ARHinc,110,6,0.7045471788966238,0.5812293245395425,0.8320081143319826,0.6325002898295001
EURUSD,10,2026-02-25,KernelARH,110,6,0.5936144343963403,0.47460596756378887,0.4769049334351214,0.6871674772295099
EURUSD,1,2026-02-13,PM,110,8,0.2769683056013672,0.18338461538461553,0.4511185907487828,0.13865084314673715
EURUSD,1,2026-02-13,PA,110,8,0.535530658941319,0.4336771016235648,0.5976176873530881,0.5343627525692858
EURUSD,1,2026-02-13,VAR1,110,8,27.88386808488947,19.628516969822975,40.32394468292176,17.405970712530063
EURUSD,1,2026-02-13,ARHinc,110,8,0.4788974172006629,0.3792909046071241,0.44554619894699593,0.5212195100515385
EURUSD,1,2026-02-13,KernelARH,110,8,0.4865505556152565,0.39144507479554796,0.4626675866549668,0.5245530933639514
EURUSD,5,2026-02-19,PM,110,8,0.5058118949539672,0.4108846153846154,0.5992386917510042,0.4198991187227133
EURUSD,5,2026-02-19,PA,110,8,0.6885514392620578,0.5844138656239668,0.7209294988790301,0.6716535493297394
EURUSD,5,2026-02-19,VAR1,110,8,43.48515050557837,25.270006767488795,66.35007414384687,22.63664733155456
EURUSD,5,2026-02-19,ARHinc,110,8,0.6089875684619585,0.5039904892029513,0.6087517982488614,0.6174665773738133
EURUSD,5,2026-02-19,KernelARH,110,8,0.6607789972705095,0.5567974227871637,0.6977496525625302,0.6439878529178131
EURUSD,10,2026-02-26,PM,110,6,0.5645907724933302,0.4812307692307693,0.6709572471146907,0.4480699869119461
EURUSD,10,2026-02-26,PA,110,6,0.7219717164468726,0.5947269288163102,0.7711681128158479,0.686771209875122
EURUSD,10,2026-02-26,VAR1,110,6,27.86820041119376,19.092935279882745,42.774336118394544,14.593246686605932
EURUSD,10,2026-02-26,ARHinc,110,6,0.6247872256017342,0.513556514808895,0.6150872817047045,0.6282792694637497
EURUSD,10,2026-02-26,KernelARH,110,6,0.581803841042467,0.4686203316009597,0.47064798018726267,0.6684685764764173
EURUSD,1,2026-02-16,PM,110,8,0.2676908018304241,0.25134615384615383,0.3400231354008578,0.2116653595419201
EURUSD,1,2026-02-16,PA,110,8,0.5339378424519593,0.4316626000149927,0.5379635276715609,0.5576269029450268
EURUSD,1,2026-02-16,VAR1,110,8,64.92115722637924,45.73712925669646,93.64778649199474,40.69201724225422
EURUSD,1,2026-02-16,ARHinc,110,8,0.4757524819269839,0.3824833184438109,0.40463983183407964,0.5281778115024153
EURUSD,1,2026-02-16,KernelARH,110,8,0.5270691529193292,0.4212328401550418,0.5041982225487217,0.5642128759383693
EURUSD,5,2026-02-20,PM,110,8,0.4179527715313887,0.33946153846153837,0.5028372007757401,0.35288634693823295
EURUSD,5,2026-02-20,PA,110,8,0.6199116621445444,0.49452848491146645,0.6043596451345977,0.633709073680073
EURUSD,5,2026-02-20,VAR1,110,8,99.57028330676513,58.411538626318915,151.06920181249453,52.642106554542096
EURUSD,5,2026-02-20,ARHinc,110,8,0.5961507838418537,0.47555536877103394,0.6332255879825138,0.589442528108356
EURUSD,5,2026-02-20,KernelARH,110,8,0.594393417402671,0.47938376066311417,0.5792854957750059,0.6090496973196123
EURUSD,10,2026-02-27,PM,110,6,0.4938032833956328,0.3654999999999998,0.7328758532514782,0.3208822023144499
EURUSD,10,2026-02-27,PA,110,6,0.6360572590541769,0.5039034494150897,0.7118561538925844,0.6085384687680072
EURUSD,10,2026-02-27,VAR1,110,6,71.77616512030332,48.83940333746224,110.53672486727122,37.31190215805468
EURUSD,10,2026-02-27,ARHinc,110,6,0.6330114290944168,0.5095012238290855,0.7836518636735303,0.5742652486235562
EURUSD,10,2026-02-27,KernelARH,110,6,0.5812212259844599,0.4690373389352192,0.6237796792367529,0.5664319930999075
EURUSD,1,2026-02-17,PM,110,8,0.17787136125258085,0.16230769230769224,0.15520181706034747,0.18273624868369762
EURUSD,1,2026-02-17,PA,110,8,0.48065042743724656,0.37750596423552996,0.3779265249559221,0.5414916897374079
EURUSD,1,2026-02-17,VAR1,110,8,64.46900816593208,42.3465025525032,94.12753217616937,39.55696679414178
EURUSD,1,2026-02-17,ARHinc,110,8,0.5387879206236377,0.43202975037050545,0.5109508586742145,0.5712269272678164
EURUSD,1,2026-02-17,KernelARH,110,8,0.4798577212030461,0.38198912442940497,0.4030824073854361,0.5351312330247936
EURUSD,5,2026-02-23,PM,110,8,0.354333678570399,0.23557692307692293,0.5692984897904295,0.1899920183106888
EURUSD,5,2026-02-23,PA,110,8,0.5695490633750837,0.461187291022481,0.6218309766233703,0.5539547721425859
EURUSD,5,2026-02-23,VAR1,110,8,126.8592207322988,73.68920595401126,193.50069787938025,65.95362291008355
EURUSD,5,2026-02-23,ARHinc,110,8,0.5450211311088488,0.4380834954015127,0.5235265873626967,0.5676398587313043
EURUSD,5,2026-02-23,KernelARH,110,8,0.5221703102768438,0.4189813219282022,0.500836795091781,0.5453715184368526
EURUSD,10,2026-03-02,PM,110,6,0.9468708587114312,0.5724999999999999,1.5668963109201335,0.46746358369071284
EURUSD,10,2026-03-02,PA,110,6,1.018961025695676,0.732166910233684,1.5070329167122118,0.706373811731385
EURUSD,10,2026-03-02,VAR1,110,6,112.2356375419674,75.4052678460879,173.2499988951145,58.07727840845149
EURUSD,10,2026-03-02,ARHinc,110,6,0.9559458740269621,0.6860840353349504,1.386644549323485,0.6914199239820654
EURUSD,10,2026-03-02,KernelARH,110,6,0.8857856766933372,0.63357652039466,1.245769490842461,0.6762990552327277
EURUSD,1,2026-02-18,PM,110,8,0.18995077803716162,0.10607692307692294,0.3289043625385982,0.08546080210843769
EURUSD,1,2026-02-18,PA,110,8,0.4714410350369824,0.388214174662712,0.433958856616227,0.5085748782120922
EURUSD,1,2026-02-18,VAR1,110,8,36.801870848327056,23.87868928760609,54.074621013542504,22.120762369105847
EURUSD,1,2026-02-18,ARHinc,110,8,0.47033080831371704,0.3801863049041518,0.4031530935218576,0.5179811950808498
EURUSD,1,2026-02-18,KernelARH,110,8,0.5143223342288148,0.41896165348254777,0.5389484936668749,0.5275645244285012
EURUSD,5,2026-02-24,PM,110,8,0.27325917536850775,0.17430769230769222,0.4329150604270217,0.1426815382324549
EURUSD,5,2026-02-24,PA,110,8,0.5307952377559797,0.42368520430161405,0.5421691071734996,0.537772029410998
EURUSD,5,2026-02-24,VAR1,110,8,71.23055409563922,43.869047817074645,109.38540229117434,36.48545221077834
EURUSD,5,2026-02-24,ARHinc,110,8,0.5158196341357598,0.42474020603331014,0.5072232847820342,0.5381829831277366
EURUSD,5,2026-02-24,KernelARH,110,8,0.5714090008883352,0.459571368687866,0.4512355133977249,0.6664403337955681
EURUSD,10,2026-03-03,PM,110,6,1.4259397542295773,0.9040000000000001,2.304179261220911,0.7369343475679054
EURUSD,10,2026-03-03,PA,110,6,1.5069917619812208,1.0519330390781716,2.31149223840561,0.9233627413125217
EURUSD,10,2026-03-03,VAR1,110,6,55.738140734644695,37.846714976996815,85.80355666763376,28.951976489308695
EURUSD,10,2026-03-03,ARHinc,110,6,1.2657339548077389,0.8584429437310765,1.8856883298427194,0.8487650441212831
EURUSD,10,2026-03-03,KernelARH,110,6,1.438477778366053,1.1315660489739934,2.0937489866329257,1.0254352305611771
EURUSD,1,2026-02-19,PM,110,8,0.24880077757731556,0.18023076923076906,0.3376285868530035,0.18803183111686858
EURUSD,1,2026-02-19,PA,110,8,0.5323317549117461,0.42529630080597197,0.5279487698880254,0.5538531585721037
EURUSD,1,2026-02-19,VAR1,110,8,12.177293781517964,7.9282598291895114,17.81455965576674,7.357944943464409
EURUSD,1,2026-02-19,ARHinc,110,8,0.5335854101949121,0.4294080307738832,0.5283086963517293,0.5570151325421008
EURUSD,1,2026-02-19,KernelARH,110,8,0.5330696633936751,0.4306414000092165,0.518952640116834,0.5603741466784528
EURUSD,5,2026-02-25,PM,110,8,0.15861782807936617,0.13111538461538452,0.2100083372153618,0.12769301852091752
EURUSD,5,2026-02-25,PA,110,8,0.4893470138323681,0.38807152534688905,0.4411794027381358,0.531892939689354
EURUSD,5,2026-02-25,VAR1,110,8,23.79001715059454,14.986451142093525,36.38993181222226,12.268147162796229
EURUSD,5,2026-02-25,ARHinc,110,8,0.5000922270853729,0.39901605283205877,0.48995405654307866,0.5311378107360554
EURUSD,5,2026-02-25,KernelARH,110,8,0.5667334368267853,0.46858744734577146,0.4643713748507078,0.6490098431981698
EURUSD,10,2026-03-04,PM,110,6,0.9243407213959411,0.5905384615384613,1.4740711738641326,0.49498578358056294
EURUSD,10,2026-03-04,PA,110,6,1.066665326780935,0.7562743910622428,1.5704768113113439,0.7364529135236174
EURUSD,10,2026-03-04,VAR1,110,6,22.433199819822363,15.16718945923475,34.71239092831409,11.43903254170205
EURUSD,10,2026-03-04,ARHinc,110,6,1.0160601611556708,0.7126820714326335,1.4727714597193642,0.7250587743183986
EURUSD,10,2026-03-04,KernelARH,110,6,1.1770279010778133,0.9457388413684367,1.6562069643150046,0.9052379820628886
EURUSD,1,2026-02-20,PM,110,8,0.05980497149388681,0.0463461538461538,0.07877395527164961,0.04154716487558588
EURUSD,1,2026-02-20,PA,110,8,0.4700880651204673,0.3800699446151266,0.38873664336472086,0.5242116823053918
EURUSD,1,2026-02-20,VAR1,110,8,18.363820024651876,11.828478776106552,26.919521136083965,11.028454720606508
EURUSD,1,2026-02-20,ARHinc,110,8,0.7147749859664508,0.597278304270233,0.8690086567897937,0.6273887535697025
EURUSD,1,2026-02-20,KernelARH,110,8,0.6776974384171663,0.5638942232369218,0.8100740971036581,0.6068398554922438
EURUSD,5,2026-02-26,PM,110,8,0.18091049104247864,0.14276923076923073,0.24708115505827227,0.12755211954782353
EURUSD,5,2026-02-26,PA,110,8,0.490965036093392,0.3954447354778356,0.43296022742743506,0.5344383292696839
EURUSD,5,2026-02-26,VAR1,110,8,30.81467804158741,19.96264915715241,47.16286886268735,15.894600647546696
EURUSD,5,2026-02-26,ARHinc,110,8,0.5506967365205168,0.4485984222427487,0.5177989081812077,0.5780757521874335
EURUSD,5,2026-02-26,KernelARH,110,8,0.9541778325701188,0.7733204606927943,1.0055062441698759,0.912204535137971
EURUSD,10,2026-03-05,PM,110,6,1.3242549429192831,0.8412692307692307,2.1431165510697556,0.6726721376785654
EURUSD,10,2026-03-05,PA,110,6,1.4390615128595616,1.0064522599652788,2.2259536906263593,0.8743069844361088
EURUSD,10,2026-03-05,VAR1,110,6,24.242562812907863,16.483710999888153,37.40389823609975,12.463361584556527
EURUSD,10,2026-03-05,ARHinc,110,6,1.6810652002563578,1.2240790560993775,2.6218875532188095,0.9783635727359908
EURUSD,10,2026-03-05,KernelARH,110,6,1.9529243824596285,1.5133990957279932,2.9472381139705544,1.216128635104499
EURUSD,1,2026-02-23,PM,110,8,0.089321426923736,0.07011538461538463,0.12216962588635975,0.06695136114549033
EURUSD,1,2026-02-23,PA,110,8,0.4643130687486046,0.3674699403380959,0.37814587583919657,0.5207568217201941
EURUSD,1,2026-02-23,VAR1,110,8,27.42447933391519,18.324378390111086,39.76328295521618,17.164541543111934
EURUSD,1,2026-02-23,ARHinc,110,8,0.47636644547446627,0.37884215513436575,0.3994559645591482,0.5252899052644093
EURUSD,1,2026-02-23,KernelARH,110,8,0.5926228256661813,0.4941066758386269,0.6346740435530166,0.568958645781242
EURUSD,5,2026-02-27,PM,110,8,0.18217661021023618,0.11361538461538465,0.3090715106622009,0.10687250435457923
EURUSD,5,2026-02-27,PA,110,8,0.5023222333757283,0.40155738051372214,0.4933774642423871,0.5318786333921584
EURUSD,5,2026-02-27,VAR1,110,8,52.12765382302475,34.152052979610644,79.85070850506511,26.958037763018734
EURUSD,5,2026-02-27,ARHinc,110,8,0.5197929288230934,0.4193320968943274,0.5400916278229628,0.5377497722256797
EURUSD,5,2026-02-27,KernelARH,110,8,0.5799069525945822,0.47286257142569654,0.6544681038570189,0.5726933527221404
EURUSD,10,2026-03-06,PM,110,6,1.7490697115235947,1.1885000000000001,2.7189560201694367,0.9727746851127766
EURUSD,10,2026-03-06,PA,110,6,1.8490198970541982,1.2956648982759083,2.7883372771012387,1.134724563485012
EURUSD,10,2026-03-06,VAR1,110,6,42.75283289902475,29.10222059036558,65.89479923530213,22.013739090541293
EURUSD,10,2026-03-06,ARHinc,110,6,1.8709405998645179,1.3116445962958698,2.821857726145483,1.1468622391335825
EURUSD,10,2026-03-06,KernelARH,110,6,1.9511242800690698,1.4051945208185679,2.9329397116193303,1.1980233830554206
EURUSD,1,2026-02-24,PM,110,8,0.06822544641452742,0.056153846153846304,0.09925837259666014,0.043565979467566525
EURUSD,1,2026-02-24,PA,110,8,0.46601845956660576,0.3786661137058915,0.39476054640522373,0.5190631304594668
EURUSD,1,2026-02-24,VAR1,110,8,12.269525288334243,8.24169681164277,17.726576534964387,7.766339271409231
EURUSD,1,2026-02-24,ARHinc,110,8,0.5538021098111716,0.45289126909889593,0.58781330496539,0.556110486406211
EURUSD,1,2026-02-24,KernelARH,110,8,0.4875449128230113,0.39734578256094294,0.45251040082724714,0.525912065953137
EURUSD,5,2026-03-02,PM,110,8,0.6131219369875657,0.36765384615384605,1.0089531803025893,0.31954119893556565
EURUSD,5,2026-03-02,PA,110,8,0.7957839158233683,0.5922652703514313,1.1025541142800677,0.6294807679399957
EURUSD,5,2026-03-02,VAR1,110,8,24.923608136704107,16.33718883389697,38.10203049891555,13.006217741626578
EURUSD,5,2026-03-02,ARHinc,110,8,0.7456962325610077,0.5479263626170006,0.9984629177691879,0.6195429128103543
EURUSD,5,2026-03-02,KernelARH,110,8,0.7638793718999969,0.5792436088835311,1.0178443289934327,0.6624249730747588
EURUSD,10,2026-03-09,PM,110,6,1.2885544225992163,0.9009999999999997,1.9343940684701972,0.759481813844568
EURUSD,10,2026-03-09,PA,110,6,1.4110785105662105,1.0158286544150834,2.0107326860509773,0.9525022814298312
EURUSD,10,2026-03-09,VAR1,110,6,24.851846435458555,16.929561407049718,38.27327535037613,12.7818466998151
EURUSD,10,2026-03-09,ARHinc,110,6,1.3042744064915712,0.9160282965178382,1.8119370494317388,0.9260059778746752
EURUSD,10,2026-03-09,KernelARH,110,6,1.3976529662901058,1.0393096490542895,1.98242718542133,0.984211813343666
EURUSD,1,2026-02-25,PM,110,8,0.06922823179110588,0.044076923076923076,0.10740579294596252,0.039595655343976834
EURUSD,1,2026-02-25,PA,110,8,0.47342865677132717,0.38233460247473056,0.4172968832518464,0.5200458548004622
EURUSD,1,2026-02-25,VAR1,110,8,5.414680512499417,3.696456045474684,7.680943217586711,3.620819540688381
EURUSD,1,2026-02-25,ARHinc,110,8,0.4775679970509466,0.38043757863641886,0.4096510869324194,0.5243442258683557
EURUSD,1,2026-02-25,KernelARH,110,8,0.4834179615463153,0.3874391483369961,0.423374175265967,0.5241400920490926
EURUSD,5,2026-03-03,PM,110,8,1.1630607621867661,0.752769230769231,1.8807982156805765,0.6085967505845656
EURUSD,5,2026-03-03,PA,110,8,1.2726241030367276,0.9134438154914921,1.9221272004530525,0.8231274893757494
EURUSD,5,2026-03-03,VAR1,110,8,11.950069214439813,8.167455658788345,18.301720418788896,6.255959077079329
EURUSD,5,2026-03-03,ARHinc,110,8,1.3190527545485033,0.9514992790652171,2.000651731046505,0.8406216662143138
EURUSD,5,2026-03-03,KernelARH,110,8,1.258580267635169,0.9036328498649813,1.8991221232777025,0.8179166269621597
EURUSD,10,2026-03-10,PM,110,6,1.1424278507769186,0.7860384615384615,1.7365579207066508,0.6563124987131689
EURUSD,10,2026-03-10,PA,110,6,1.2694090640197384,0.8976799313829367,1.8165993752001282,0.8525219332795327
EURUSD,10,2026-03-10,VAR1,110,6,12.844126469482266,8.832566200154796,19.697906595154997,6.662514118245308
EURUSD,10,2026-03-10,ARHinc,110,6,1.3068627693451738,0.9299364039456921,1.8806657635586055,0.8668738374040755
EURUSD,10,2026-03-10,KernelARH,110,6,1.3547829132237008,1.0382171887430895,1.912615781204469,0.9578643446321988
EURUSD,1,2026-02-26,PM,110,8,0.07336847205924149,0.056461538461538466,0.09994541211340606,0.04941900029624817
EURUSD,1,2026-02-26,PA,110,8,0.47247640397044544,0.38506524992076263,0.4041244100399828,0.5226603934135625
EURUSD,1,2026-02-26,VAR1,110,8,11.986579067441287,7.9946881481465,17.28769640130942,7.644189118327439
EURUSD,1,2026-02-26,ARHinc,110,8,0.47061191310965106,0.3835251658493268,0.4019115551760094,0.5218275680977829
EURUSD,1,2026-02-26,KernelARH,110,8,0.4916700242212408,0.404033716664877,0.4595586304076728,0.5284208181128957
EURUSD,5,2026-03-04,PM,110,8,0.8742977401672374,0.5499615384615385,1.4403312110602882,0.44737835638297047
EURUSD,5,2026-03-04,PA,110,8,0.9999867346223399,0.7226173645396121,1.470169292070034,0.702435379589396
EURUSD,5,2026-03-04,VAR1,110,8,22.673950495035786,15.385011224338385,34.410772611108975,12.182702441453198
EURUSD,5,2026-03-04,ARHinc,110,8,1.0083426788280705,0.7311172467272161,1.4828300588583154,0.7039952234301344
EURUSD,5,2026-03-04,KernelARH,110,8,0.9535464397680959,0.6944912801356754,1.4007589070620676,0.6831813404670692
EURUSD,10,2026-03-11,PM,110,6,1.556711369670543,1.0678846153846153,2.3606152302034795,0.8878245045131802
EURUSD,10,2026-03-11,PA,110,6,1.6665084504664565,1.1787922497391736,2.4304448034697193,1.0525096543788561
EURUSD,10,2026-03-11,VAR1,110,6,17.59209480445815,12.36264686083264,26.733862555147063,9.362604543908986
EURUSD,10,2026-03-11,ARHinc,110,6,1.7064429518447368,1.216666384883971,2.4932385233787673,1.0699799988324747
EURUSD,10,2026-03-11,KernelARH,110,6,1.630280428420565,1.1598675886403749,2.362908178531613,1.0593598531219843
EURUSD,1,2026-02-27,PM,110,8,0.27840704152235585,0.17130769230769233,0.48666529233928774,0.1416759297513561
EURUSD,1,2026-02-27,PA,110,8,0.5430116844286863,0.4283732022943662,0.6063204915007,0.5394799491775581
EURUSD,1,2026-02-27,VAR1,110,8,32.16674645669156,21.33409919212609,46.63903301292787,20.267305232226512
EURUSD,1,2026-02-27,ARHinc,110,8,0.6250041319579508,0.5133463465900412,0.776474306147676,0.5690779039669015
EURUSD,1,2026-02-27,KernelARH,110,8,0.5670107447967502,0.4529546370368867,0.6691434057456545,0.5413465016976626
EURUSD,5,2026-03-05,PM,110,8,1.4673608078399174,0.9746538461538464,2.3460875137183903,0.7770055927823134
EURUSD,5,2026-03-05,PA,110,8,1.5627696820200452,1.1045017016835812,2.3935518949020698,0.954264625502042
EURUSD,5,2026-03-05,VAR1,110,8,55.43466069534587,38.65234700884941,83.93872464931388,29.854975504537034
EURUSD,5,2026-03-05,ARHinc,110,8,1.6252831463100954,1.1508666703300636,2.4938561641995345,0.9817896184070167
EURUSD,5,2026-03-05,KernelARH,110,8,1.5245518279295862,1.0645299653894102,2.3380336467989054,0.9361291280768212
EURUSD,10,2026-03-12,PM,110,6,2.022795583135836,1.4167307692307693,3.1317562607284364,1.14348196246534
EURUSD,10,2026-03-12,PA,110,6,2.1052058433085437,1.5047513167520208,3.1816908782548414,1.277576673811822
EURUSD,10,2026-03-12,VAR1,110,6,36.59229698064766,26.981208771569094,54.61174235439902,20.62594896515232
EURUSD,10,2026-03-12,ARHinc,110,6,2.1892111809399086,1.585904521229617,3.3111694342486415,1.3238404478143952
EURUSD,10,2026-03-12,KernelARH,110,6,2.080008959642314,1.4763384735991818,3.153526582930379,1.2679942282928882
EURUSD,1,2026-03-02,PM,110,8,0.4568114301244088,0.30946153846153857,0.6830230686686237,0.26688025937696785
EURUSD,1,2026-03-02,PA,110,8,0.6915400505430082,0.5382585595534538,0.8746188392948684,0.6027453248128424
EURUSD,1,2026-03-02,VAR1,110,8,108.956919073505,72.08390225047583,159.05964254037957,67.65659234954869
EURUSD,1,2026-03-02,ARHinc,110,8,0.9007903359980042,0.7282156644339647,1.2473197482085132,0.6833382574121876
EURUSD,1,2026-03-02,KernelARH,110,8,0.756544784741208,0.6001137045203174,1.0010381311746543,0.6207564046717907
EURUSD,5,2026-03-06,PM,110,8,1.6443684197891903,1.157,2.4774699649593352,0.9510288920328767
EURUSD,5,2026-03-06,PA,110,8,1.759773799012423,1.2613235705122325,2.6062957213998867,1.1147903565597947
EURUSD,5,2026-03-06,VAR1,110,8,194.2901172411644,134.5180924942349,293.2549589741461,105.88224931463567
EURUSD,5,2026-03-06,ARHinc,110,8,1.901642558432263,1.3902802968282655,2.8347892195276234,1.180987520150133
EURUSD,5,2026-03-06,KernelARH,110,8,1.8782397670852007,1.3365090076065995,2.8178717556617507,1.1603704080889568
EURUSD,10,2026-03-13,PM,110,6,2.289437420398967,1.6606153846153844,3.455348458339367,1.314348945625215
EURUSD,10,2026-03-13,PA,110,6,2.3901407413860123,1.7409629728602225,3.5894080305061244,1.437506718189521
EURUSD,10,2026-03-13,VAR1,110,6,144.06361343418777,104.28013203727821,216.72863567901612,79.62750223448585
EURUSD,10,2026-03-13,ARHinc,110,6,2.518276502103451,1.8690849202832056,3.782663765537377,1.5093028556317911
EURUSD,10,2026-03-13,KernelARH,110,6,2.5548327986254735,1.8620227811007302,3.8707277294945244,1.5234004813083737
EURUSD,1,2026-03-03,PM,110,8,0.5152080423703388,0.36249999999999993,0.8084312992369714,0.27934543687235325
EURUSD,1,2026-03-03,PA,110,8,0.7574175994256439,0.6007916764524788,1.0249381339340584,0.623942943415463
EURUSD,1,2026-03-03,VAR1,110,8,129.2286207990437,84.81017884963073,187.88919231880587,79.82703994366736
EURUSD,1,2026-03-03,ARHinc,110,8,0.8278784017804155,0.6553740542560623,1.1677143321437515,0.6399557505788629
EURUSD,1,2026-03-03,KernelARH,110,8,0.8223261506173145,0.6551472618602882,1.1528710475461983,0.6375759402811414
EURUSD,5,2026-03-09,PM,110,8,0.7272038453503307,0.5515000000000001,0.9879158825583767,0.4708946849053244
EURUSD,5,2026-03-09,PA,110,8,0.9179356188377281,0.7202208069028755,1.1665749050176761,0.7386910613974491
EURUSD,5,2026-03-09,VAR1,110,8,225.39068843657927,158.44675065258272,338.26237029943724,124.67341787909149
EURUSD,5,2026-03-09,ARHinc,110,8,0.8078444259366045,0.6491928942145325,1.0181086513071143,0.6744863846695566
EURUSD,5,2026-03-09,KernelARH,110,8,1.38188781085132,1.1250299052076138,1.954644138663387,0.980619440445688
EURUSD,10,2026-03-16,PM,110,6,1.023856303769836,0.7548076923076924,1.4587521501334426,0.6165490647375356
EURUSD,10,2026-03-16,PA,110,6,1.2060757169965906,0.9216523777968391,1.6791530474994854,0.8407844739446008
EURUSD,10,2026-03-16,VAR1,110,6,140.04654318708342,102.64176532572166,209.32593386352127,78.8928994607272
EURUSD,10,2026-03-16,ARHinc,110,6,1.0318530626627245,0.765355024776849,1.3987994810089428,0.7604105314074872
EURUSD,10,2026-03-16,KernelARH,110,6,1.8840549008151442,1.5013138379315336,2.681868956776044,1.3074122303145048
EURUSD,1,2026-03-04,PM,110,8,0.3649724699839069,0.28765384615384587,0.5448262419874196,0.22029672316281543
EURUSD,1,2026-03-04,PA,110,8,0.626605465031564,0.5090415066327234,0.6601843636776664,0.5959372626192264
EURUSD,1,2026-03-04,VAR1,110,8,195.79307397470762,139.66171543342725,274.08186033704845,130.92578967466386
EURUSD,1,2026-03-04,ARHinc,110,8,0.973720453478056,0.8002763926033073,1.2620477210788212,0.7358797573472516
EURUSD,1,2026-03-04,KernelARH,110,8,0.921090630936664,0.7310453914171123,1.1556668607054057,0.7308545448265289
EURUSD,5,2026-03-10,PM,110,8,0.19275083557635916,0.1313846153846155,0.29525017907053674,0.11816677029933989
EURUSD,5,2026-03-10,PA,110,8,0.5265065886950023,0.4256787199018107,0.47743887176804095,0.5505700775265362
EURUSD,5,2026-03-10,VAR1,110,8,336.08638137490505,224.34780594610623,485.1916031095667,206.051799509252
EURUSD,5,2026-03-10,ARHinc,110,8,0.9976980674729835,0.7979781486400171,1.3594746797089758,0.7250063126318042
EURUSD,5,2026-03-10,KernelARH,110,8,0.5487671347873337,0.4433869785920562,0.4862979281828999,0.5860949568559052
EURUSD,10,2026-03-17,PM,110,6,0.451377592232081,0.3656153846153845,0.5442573891064405,0.3197389245295041
EURUSD,10,2026-03-17,PA,110,6,0.710539183450797,0.5739744582278137,0.8160458618325913,0.6402969951470232
EURUSD,10,2026-03-17,VAR1,110,6,247.28678991597616,179.22661654262012,372.2578287141073,136.35433310890318
EURUSD,10,2026-03-17,ARHinc,110,6,0.7554462625502855,0.6134912323361886,0.9219406296358358,0.6298287775445252
EURUSD,10,2026-03-17,KernelARH,110,6,0.6897100654207687,0.5757209572849578,0.7743003946502205,0.6430767086138433
EURUSD,1,2026-03-05,PM,110,8,0.6235069859580257,0.44976923076923087,0.9644070436115619,0.35144459530646344
EURUSD,1,2026-03-05,PA,110,8,0.8294198591053517,0.6526125626196531,1.1500546041696236,0.6566815054712507
EURUSD,1,2026-03-05,VAR1,110,8,166.404091758401,119.01714300843703,233.1150236856139,111.19201590072566
EURUSD,1,2026-03-05,ARHinc,110,8,0.7678769357593223,0.6029379162545041,1.033494470924657,0.6351146962393627
EURUSD,1,2026-03-05,KernelARH,110,8,0.7219395958085122,0.5621049336342726,0.934858516804652,0.6231496287637323
EURUSD,5,2026-03-11,PM,110,8,0.7639008569381036,0.6066923076923076,1.0108640130218798,0.5147188309896764
EURUSD,5,2026-03-11,PA,110,8,0.9179965598683465,0.7355892144392872,1.145506895036147,0.7485507541740388
EURUSD,5,2026-03-11,VAR1,110,8,287.42786391424363,203.46032453206544,402.1535032415648,189.5374775513627
EURUSD,5,2026-03-11,ARHinc,110,8,0.8852228848574174,0.7073561946451228,1.084136465046613,0.7359384828945
EURUSD,5,2026-03-11,KernelARH,110,8,0.7970331929172637,0.625101168927505,0.9443682448773042,0.6877174782133473
EURUSD,10,2026-03-18,PM,110,6,1.0586512418748097,0.8762692307692306,1.4364193712688185,0.6964034074922943
EURUSD,10,2026-03-18,PA,110,6,1.2124755295303125,0.9840968385985314,1.6229312856241358,0.8959225035154461
EURUSD,10,2026-03-18,VAR1,110,6,202.58107272464161,150.58731679482162,301.36039633821764,115.68476150053353
EURUSD,10,2026-03-18,ARHinc,110,6,1.189466232024012,0.9489530197643946,1.5892832134166945,0.8771615847826474
EURUSD,10,2026-03-18,KernelARH,110,6,1.1202840982681515,0.910371113326665,1.478340192499247,0.8478486865247458
EURUSD,1,2026-03-06,PM,110,8,0.45161148423430025,0.369076923076923,0.6067857652643871,0.3178620313813022
EURUSD,1,2026-03-06,PA,110,8,0.7593416409678423,0.6100157440669497,0.9288558942684358,0.6749856017418027
EURUSD,1,2026-03-06,VAR1,110,8,280.4711946730623,203.81560767487966,394.42252119643075,185.7611749590757
EURUSD,1,2026-03-06,ARHinc,110,8,0.8289593739610618,0.6886381471527961,1.0469699665195413,0.7201075028966774
EURUSD,1,2026-03-06,KernelARH,110,8,0.8343883501172378,0.6824397625965238,1.0722324358538493,0.7075286581748017
EURUSD,5,2026-03-12,PM,110,8,0.5985756330335694,0.52,0.8098048418045773,0.4271561891761656
EURUSD,5,2026-03-12,PA,110,8,0.8500353077946432,0.69002471531634,1.1024595251391547,0.7192635821555668
EURUSD,5,2026-03-12,VAR1,110,8,526.6880470396434,387.57953656359075,735.9440072600119,350.0351300709455
EURUSD,5,2026-03-12,ARHinc,110,8,0.8301763111951427,0.6894380360006725,1.0494030579973987,0.7309661332107215
EURUSD,5,2026-03-12,KernelARH,110,8,0.9655390246819848,0.7743537120273244,1.3266440866699134,0.7610205463539745
EURUSD,10,2026-03-19,PM,110,6,0.4790332311421217,0.4257692307692306,0.5565586037886469,0.3668182161909074
EURUSD,10,2026-03-19,PA,110,6,0.7015624770777646,0.5969663824981363,0.7538196164805733,0.662956812111522
EURUSD,10,2026-03-19,VAR1,110,6,296.3387285620411,226.78219090157867,434.763744564958,175.36766449634933
EURUSD,10,2026-03-19,ARHinc,110,6,0.6676791172083408,0.5665150375458741,0.67421403528144,0.6552847917260506
EURUSD,10,2026-03-19,KernelARH,110,6,0.9162817928731233,0.7712536028782487,1.1418266949633695,0.7568027117970374
EURUSD,1,2026-03-09,PM,110,8,0.5313432723550032,0.350576923076923,0.877274937187668,0.2768423686919104
EURUSD,1,2026-03-09,PA,110,8,0.7532110103244476,0.6110233479378231,0.9084059622914318,0.6514612760841928
EURUSD,1,2026-03-09,VAR1,110,8,334.0786026987006,244.5518750901161,468.0412140362157,223.98284331337993
EURUSD,1,2026-03-09,ARHinc,110,8,0.6822808233108058,0.5696235985217141,0.7749143369806135,0.6250722671078869
EURUSD,1,2026-03-09,KernelARH,110,8,0.6892580850578413,0.5768546925528503,0.7808775121539114,0.631527050035608
EURUSD,5,2026-03-13,PM,110,8,0.6932963693610624,0.5642307692307692,1.0291946032951214,0.4179356202398361
EURUSD,5,2026-03-13,PA,110,8,0.9195760988304904,0.7461182374486904,1.2727849693040183,0.7179811331505027
EURUSD,5,2026-03-13,VAR1,110,8,703.5461115446507,525.0924764080172,981.7926779273625,472.3225709070416
EURUSD,5,2026-03-13,ARHinc,110,8,1.017506602739344,0.8240930535964468,1.440055768123314,0.7668903565921312
EURUSD,5,2026-03-13,KernelARH,110,8,1.1816563385931644,0.9469897397399751,1.7230782514314305,0.8348811661483274
EURUSD,10,2026-03-20,PM,110,6,0.32013706499656575,0.2768846153846154,0.4052580572545712,0.2367305444033528
EURUSD,10,2026-03-20,PA,110,6,0.6093544283739003,0.5080628427134714,0.5919848584738467,0.6137535750297268
EURUSD,10,2026-03-20,VAR1,110,6,275.4122720636579,228.40946285261938,382.5035179421072,186.11812979988795
EURUSD,10,2026-03-20,ARHinc,110,6,0.6635612623232438,0.547478426329141,0.6828284915727468,0.6503903543672803
EURUSD,10,2026-03-20,KernelARH,110,6,0.7598412325043892,0.6479602342076729,0.8634904001826225,0.6890457931133205
EURUSD,1,2026-03-10,PM,110,8,0.2329434356893733,0.18773076923076928,0.31821719119559194,0.16236630622214307
EURUSD,1,2026-03-10,PA,110,8,0.5584928539954747,0.4514533419391806,0.5401275140098548,0.5622935342223985
EURUSD,1,2026-03-10,VAR1,110,8,159.43172968450116,111.19332477849112,228.5853373444029,100.52042589817034
EURUSD,1,2026-03-10,ARHinc,110,8,1.2109196293519822,0.9884038318182852,1.575290897323799,0.9265590444824955
EURUSD,1,2026-03-10,KernelARH,110,8,0.7745521137384167,0.5819364294955538,1.0454692964159704,0.6224089730343364
EURUSD,5,2026-03-16,PM,110,8,0.32733165079989535,0.2524615384615384,0.49339373640500217,0.19386598382624498
EURUSD,5,2026-03-16,PA,110,8,0.624887550045247,0.5107682591393053,0.7296330835432641,0.5886092056258424
EURUSD,5,2026-03-16,VAR1,110,8,281.0014961795491,199.5132364382463,400.7028320010807,177.85991608340206
EURUSD,5,2026-03-16,ARHinc,110,8,0.6158160463893234,0.5061026163254264,0.6128100183841108,0.6160508570065201
EURUSD,5,2026-03-16,KernelARH,110,8,1.4416298650371715,1.0286817456362387,2.161595823910827,0.9320021375623735
EURUSD,10,2026-03-23,PM,110,6,0.45475902325382095,0.33034615384615373,0.6995069186292999,0.24757537261511992
EURUSD,10,2026-03-23,PA,110,6,0.6956422872665631,0.5461094434993057,0.8714900291019622,0.6058962947142792
EURUSD,10,2026-03-23,VAR1,110,6,152.1121210593347,114.56153302011974,224.723487064219,88.24928980165726
EURUSD,10,2026-03-23,ARHinc,110,6,0.6543127988937915,0.5445784723181362,0.6750057022516913,0.6326097290020013
EURUSD,10,2026-03-23,KernelARH,110,6,2.0432144438461832,1.6191356067692915,2.938328457096739,1.3629653914355662
EURUSD,1,2026-03-11,PM,110,8,0.4025314130121255,0.32823076923076916,0.5671353029752089,0.2654655595910433
EURUSD,1,2026-03-11,PA,110,8,0.6721097493845956,0.543886218920618,0.7910188899858177,0.6120177002914123
EURUSD,1,2026-03-11,VAR1,110,8,163.16739529338096,112.65533118327966,236.43324601195548,100.54822657360533
EURUSD,1,2026-03-11,ARHinc,110,8,0.6257810592189536,0.5139766403927696,0.6792462912923786,0.6013817263686188
EURUSD,1,2026-03-11,KernelARH,110,8,0.8662911207250942,0.6863171313495993,1.117846358061826,0.7037976645937666
EURUSD,5,2026-03-17,PM,110,8,0.4536678512202173,0.37396153846153857,0.661874753021393,0.28787123364744893
EURUSD,5,2026-03-17,PA,110,8,0.6852343208072453,0.5762555599694786,0.8281740360681453,0.6167784534062063
EURUSD,5,2026-03-17,VAR1,110,8,306.4068985575935,218.57659929567754,440.9478573050579,190.91198559948683
EURUSD,5,2026-03-17,ARHinc,110,8,0.6374093428556378,0.5405227375756787,0.709046055572428,0.6077479092133218
EURUSD,5,2026-03-17,KernelARH,110,8,0.7971364302583935,0.6482577016787876,0.9684413495997053,0.6836264187242815
EURUSD,10,2026-03-24,PM,110,6,0.5978943018241988,0.46699999999999997,0.8953180775691364,0.350736205947719
EURUSD,10,2026-03-24,PA,110,6,0.7771471705396423,0.6248634884053718,0.9953322037687115,0.645198782509009
EURUSD,10,2026-03-24,VAR1,110,6,126.16435328034346,107.03418326331793,169.88442705619337,88.06862518105008
EURUSD,10,2026-03-24,ARHinc,110,6,0.7744139022891906,0.6302790273043815,0.9854361129272365,0.6476266142662053
EURUSD,10,2026-03-24,KernelARH,110,6,0.7618626815564153,0.6182345517966775,0.9653348703707176,0.643106551640689
EURUSD,1,2026-03-12,PM,110,8,0.5113963726895215,0.3610000000000001,0.8623168105180514,0.27507137290642986
EURUSD,1,2026-03-12,PA,110,8,0.7675347989229299,0.6071420651377124,1.0593580721342,0.6352047563576311
EURUSD,1,2026-03-12,VAR1,110,8,179.4183072511708,124.07278825835147,259.4215729086863,110.96727920356652
EURUSD,1,2026-03-12,ARHinc,110,8,0.9571136921972201,0.7696007681016149,1.3977207267741856,0.7215784449946839
EURUSD,1,2026-03-12,KernelARH,110,8,0.8048586768469999,0.637779743543795,1.1151979865696582,0.6599194495133802
EURUSD,5,2026-03-18,PM,110,8,0.34320372678180977,0.26957692307692316,0.5169575590239708,0.2037890461618946
EURUSD,5,2026-03-18,PA,110,8,0.6315998868303924,0.5289881429671189,0.7277128603383679,0.5951796724944914
EURUSD,5,2026-03-18,VAR1,110,8,322.80461889326017,230.80217594042892,463.50311823123906,201.78447932869818
EURUSD,5,2026-03-18,ARHinc,110,8,0.7591583733316697,0.6348847941485893,0.9803987428249484,0.647602863722475
EURUSD,5,2026-03-18,KernelARH,110,8,1.0103781414675457,0.8290881011793512,1.3407464412742158,0.785986920074599
EURUSD,10,2026-03-25,PM,110,6,0.2163226311998602,0.12299999999999996,0.3736831703829462,0.11298785439967121
EURUSD,10,2026-03-25,PA,110,6,0.5385555669507792,0.4380431167262117,0.551065511633707,0.5511623656892315
EURUSD,10,2026-03-25,VAR1,110,6,139.3473440388739,120.25631185938599,182.2002757546397,101.40830735262723
EURUSD,10,2026-03-25,ARHinc,110,6,0.5678748789080449,0.45737327871882816,0.6497794206455505,0.5535131276117279
EURUSD,10,2026-03-25,KernelARH,110,6,0.5641665453994544,0.45734118284616765,0.5920722766963771,0.5619874577823565
EURUSD,1,2026-03-13,PM,110,8,0.5335999834217503,0.41330769230769243,0.801790924795689,0.30215852227260304
EURUSD,1,2026-03-13,PA,110,8,0.8271666516771353,0.6607405124409272,1.1417803146025944,0.6629394210450644
EURUSD,1,2026-03-13,VAR1,110,8,353.1384101223532,245.85428953598617,510.4483014657933,217.89108239851316
EURUSD,1,2026-03-13,ARHinc,110,8,0.925385445011231,0.7508320939679707,1.3041200527769043,0.7130133810551144
EURUSD,1,2026-03-13,KernelARH,110,8,0.68518147614722,0.5541140274775349,0.7199918261359909,0.6523163678889811
EURUSD,5,2026-03-19,PM,110,8,0.3235876857740656,0.15834615384615391,0.566027624548851,0.15010256096206637
EURUSD,5,2026-03-19,PA,110,8,0.5984704587099439,0.49192131141006534,0.6331372276531008,0.579123677485912
EURUSD,5,2026-03-19,VAR1,110,8,730.8084204873583,521.0440513058628,1057.3134507710495,451.1867964395877
EURUSD,5,2026-03-19,ARHinc,110,8,0.6180784551517833,0.5113759493483194,0.6692050728888103,0.5906320209623382
EURUSD,5,2026-03-19,KernelARH,110,8,0.7508865078436843,0.6035006795044554,0.8886231957537404,0.6553442085221227
EURUSD,10,2026-03-26,PM,110,6,0.25424388276431914,0.13869230769230775,0.4383093623171287,0.12449162782828414
EURUSD,10,2026-03-26,PA,110,6,0.578067596302215,0.45955602998965506,0.569728280777497,0.5738722999930592
EURUSD,10,2026-03-26,VAR1,110,6,259.7919143369127,227.55383237945304,266.9512836812126,245.30612811225515
EURUSD,10,2026-03-26,ARHinc,110,6,0.5566837935993891,0.4416332023333342,0.5449318077422843,0.5660740465883458
EURUSD,10,2026-03-26,KernelARH,110,6,0.5545262702669681,0.4468681499711179,0.5455066842009609,0.5672801563257583
